# Blender 4.3.2
# www.blender.org
mtllib battery.mtl
o Battery_retention_strap.001
v -0.053000 0.232000 -0.069000
v -0.053000 0.234000 -0.067000
v -0.055000 0.234000 -0.069000
v -0.053000 0.232267 -0.068001
v -0.053999 0.232267 -0.069000
v -0.053956 0.232527 -0.068044
v -0.053999 0.234000 -0.067267
v -0.053000 0.233001 -0.067267
v -0.053956 0.233044 -0.067527
v -0.054733 0.233001 -0.069000
v -0.054733 0.234000 -0.068001
v -0.054473 0.233044 -0.068044
v -0.053000 0.288000 -0.067000
v -0.053000 0.290000 -0.069000
v -0.055000 0.288000 -0.069000
v -0.053000 0.288999 -0.067267
v -0.053999 0.288000 -0.067267
v -0.053956 0.288956 -0.067527
v -0.053999 0.289733 -0.069000
v -0.053000 0.289733 -0.068001
v -0.053956 0.289473 -0.068044
v -0.054733 0.288000 -0.068001
v -0.054733 0.288999 -0.069000
v -0.054473 0.288956 -0.068044
v -0.053000 0.232000 -0.081000
v -0.055000 0.234000 -0.081000
v -0.053000 0.234000 -0.083000
v -0.053999 0.232267 -0.081000
v -0.053000 0.232267 -0.081999
v -0.053956 0.232527 -0.081956
v -0.054733 0.234000 -0.081999
v -0.054733 0.233001 -0.081000
v -0.054473 0.233044 -0.081956
v -0.053000 0.233001 -0.082733
v -0.053999 0.234000 -0.082733
v -0.053956 0.233044 -0.082473
v -0.053000 0.290000 -0.081000
v -0.053000 0.288000 -0.083000
v -0.055000 0.288000 -0.081000
v -0.053000 0.289733 -0.081999
v -0.053999 0.289733 -0.081000
v -0.053956 0.289473 -0.081956
v -0.053999 0.288000 -0.082733
v -0.053000 0.288999 -0.082733
v -0.053956 0.288956 -0.082473
v -0.054733 0.288999 -0.081000
v -0.054733 0.288000 -0.081999
v -0.054473 0.288956 -0.081956
v 0.053000 0.232000 -0.069000
v 0.055000 0.234000 -0.069000
v 0.053000 0.234000 -0.067000
v 0.053999 0.232267 -0.069000
v 0.053000 0.232267 -0.068001
v 0.053956 0.232527 -0.068044
v 0.054733 0.234000 -0.068001
v 0.054733 0.233001 -0.069000
v 0.054473 0.233044 -0.068044
v 0.053000 0.233001 -0.067267
v 0.053999 0.234000 -0.067267
v 0.053956 0.233044 -0.067527
v 0.053000 0.290000 -0.069000
v 0.053000 0.288000 -0.067000
v 0.055000 0.288000 -0.069000
v 0.053000 0.289733 -0.068001
v 0.053999 0.289733 -0.069000
v 0.053956 0.289473 -0.068044
v 0.053999 0.288000 -0.067267
v 0.053000 0.288999 -0.067267
v 0.053956 0.288956 -0.067527
v 0.054733 0.288999 -0.069000
v 0.054733 0.288000 -0.068001
v 0.054473 0.288956 -0.068044
v 0.053000 0.232000 -0.081000
v 0.053000 0.234000 -0.083000
v 0.055000 0.234000 -0.081000
v 0.053000 0.232267 -0.081999
v 0.053999 0.232267 -0.081000
v 0.053956 0.232527 -0.081956
v 0.053999 0.234000 -0.082733
v 0.053000 0.233001 -0.082733
v 0.053956 0.233044 -0.082473
v 0.054733 0.233001 -0.081000
v 0.054733 0.234000 -0.081999
v 0.054473 0.233044 -0.081956
v 0.053000 0.290000 -0.081000
v 0.055000 0.288000 -0.081000
v 0.053000 0.288000 -0.083000
v 0.053999 0.289733 -0.081000
v 0.053000 0.289733 -0.081999
v 0.053956 0.289473 -0.081956
v 0.054733 0.288000 -0.081999
v 0.054733 0.288999 -0.081000
v 0.054473 0.288956 -0.081956
v 0.053000 0.288999 -0.082733
v 0.053999 0.288000 -0.082733
v 0.053956 0.288956 -0.082473
vn 0.0025 -0.0049 1.0000
vn 0.0025 0.0049 1.0000
vn -0.0025 0.0049 1.0000
vn -0.0025 -0.0049 1.0000
vn 0.9998 -0.0048 -0.0205
vn 0.9998 0.0048 -0.0205
vn 0.9998 0.0048 0.0205
vn 0.9998 -0.0048 0.0205
vn 0.0025 0.9998 -0.0206
vn -0.0025 0.9998 -0.0206
vn -0.0025 0.9998 0.0206
vn 0.0025 0.9998 0.0206
vn -0.9998 -0.0048 0.0205
vn -0.9998 0.0048 0.0205
vn -0.9998 0.0048 -0.0205
vn -0.9998 -0.0048 -0.0205
vn -0.0025 -0.0049 -1.0000
vn -0.0025 0.0049 -1.0000
vn 0.0025 0.0049 -1.0000
vn 0.0025 -0.0049 -1.0000
vn -0.0025 -0.9998 0.0206
vn -0.0021 -0.8659 0.5002
vn -0.4178 -0.8067 0.4178
vn -0.4992 -0.8663 0.0175
vn -0.0022 -0.5002 0.8659
vn -0.4178 -0.4179 0.8067
vn -0.4178 -0.8067 0.4179
vn -0.5001 -0.0041 0.8660
vn -0.4178 -0.4178 0.8067
vn -0.0021 -0.5002 0.8659
vn -0.8660 -0.0041 0.5001
vn -0.8067 -0.4178 0.4179
vn -0.4179 -0.4178 0.8067
vn -0.9998 -0.0049 0.0205
vn -0.8663 -0.4992 0.0176
vn -0.8068 -0.4178 0.4178
vn -0.8660 -0.0041 0.5000
vn -0.8663 -0.4992 0.0175
vn -0.4992 -0.8663 0.0176
vn -0.4179 -0.8067 0.4178
vn -0.8067 -0.4179 0.4178
vn -0.0021 0.5002 0.8659
vn -0.4178 0.4178 0.8067
vn -0.5000 0.0041 0.8660
vn -0.0021 0.8659 0.5002
vn -0.4178 0.8067 0.4179
vn -0.4178 0.4179 0.8067
vn -0.4992 0.8663 0.0176
vn -0.4178 0.8067 0.4178
vn -0.4992 0.8663 0.0175
vn -0.8663 0.4992 0.0176
vn -0.8067 0.4179 0.4178
vn -0.4179 0.8067 0.4178
vn -0.9998 0.0049 0.0206
vn -0.8660 0.0041 0.5001
vn -0.8068 0.4178 0.4178
vn -0.8663 0.4992 0.0175
vn -0.5001 0.0041 0.8660
vn -0.4179 0.4178 0.8067
vn -0.8067 0.4178 0.4179
vn -0.0025 -0.9998 -0.0206
vn -0.4992 -0.8663 -0.0176
vn -0.4178 -0.8067 -0.4178
vn -0.0021 -0.8659 -0.5002
vn -0.4992 -0.8663 -0.0175
vn -0.8663 -0.4992 -0.0176
vn -0.8067 -0.4179 -0.4178
vn -0.4179 -0.8067 -0.4178
vn -0.9998 -0.0049 -0.0206
vn -0.8660 -0.0041 -0.5001
vn -0.8068 -0.4178 -0.4178
vn -0.8663 -0.4992 -0.0175
vn -0.5001 -0.0041 -0.8660
vn -0.4179 -0.4178 -0.8067
vn -0.8067 -0.4178 -0.4179
vn -0.0021 -0.5002 -0.8659
vn -0.4178 -0.4178 -0.8067
vn -0.5000 -0.0041 -0.8660
vn -0.4178 -0.8067 -0.4179
vn -0.4178 -0.4179 -0.8067
vn -0.0021 0.8659 -0.5002
vn -0.4178 0.8067 -0.4178
vn -0.4992 0.8663 -0.0175
vn -0.0022 0.5002 -0.8659
vn -0.4178 0.4179 -0.8067
vn -0.4178 0.8067 -0.4179
vn -0.5001 0.0041 -0.8660
vn -0.4178 0.4178 -0.8067
vn -0.0021 0.5002 -0.8659
vn -0.8660 0.0041 -0.5001
vn -0.8067 0.4178 -0.4179
vn -0.4179 0.4178 -0.8067
vn -0.9998 0.0049 -0.0205
vn -0.8663 0.4992 -0.0176
vn -0.8068 0.4178 -0.4178
vn -0.8660 0.0041 -0.5000
vn -0.8663 0.4992 -0.0175
vn -0.4992 0.8663 -0.0176
vn -0.4179 0.8067 -0.4178
vn -0.8067 0.4179 -0.4178
vn 0.0025 -0.9998 0.0206
vn 0.4992 -0.8663 0.0176
vn 0.4178 -0.8067 0.4178
vn 0.0021 -0.8659 0.5002
vn 0.4992 -0.8663 0.0175
vn 0.8663 -0.4992 0.0176
vn 0.8067 -0.4179 0.4178
vn 0.4179 -0.8067 0.4178
vn 0.9998 -0.0049 0.0206
vn 0.8660 -0.0041 0.5001
vn 0.8068 -0.4178 0.4178
vn 0.8663 -0.4992 0.0175
vn 0.5001 -0.0041 0.8660
vn 0.4179 -0.4178 0.8067
vn 0.8067 -0.4178 0.4179
vn 0.0021 -0.5002 0.8659
vn 0.4178 -0.4178 0.8067
vn 0.5000 -0.0041 0.8660
vn 0.4178 -0.8067 0.4179
vn 0.4178 -0.4179 0.8067
vn 0.0021 0.8659 0.5002
vn 0.4178 0.8067 0.4178
vn 0.4992 0.8663 0.0175
vn 0.0022 0.5002 0.8659
vn 0.4178 0.4179 0.8067
vn 0.4178 0.8067 0.4179
vn 0.5001 0.0041 0.8660
vn 0.4178 0.4178 0.8067
vn 0.0021 0.5002 0.8659
vn 0.8660 0.0041 0.5001
vn 0.8067 0.4178 0.4179
vn 0.4179 0.4178 0.8067
vn 0.9998 0.0049 0.0205
vn 0.8663 0.4992 0.0176
vn 0.8068 0.4178 0.4178
vn 0.8660 0.0041 0.5000
vn 0.8663 0.4992 0.0175
vn 0.4992 0.8663 0.0176
vn 0.4179 0.8067 0.4178
vn 0.8067 0.4179 0.4178
vn 0.0025 -0.9998 -0.0206
vn 0.0021 -0.8659 -0.5002
vn 0.4178 -0.8067 -0.4178
vn 0.4992 -0.8663 -0.0175
vn 0.0022 -0.5002 -0.8659
vn 0.4178 -0.4179 -0.8067
vn 0.4178 -0.8067 -0.4179
vn 0.5001 -0.0041 -0.8660
vn 0.4178 -0.4178 -0.8067
vn 0.0021 -0.5002 -0.8659
vn 0.8660 -0.0041 -0.5001
vn 0.8067 -0.4178 -0.4179
vn 0.4179 -0.4178 -0.8067
vn 0.9998 -0.0049 -0.0205
vn 0.8663 -0.4992 -0.0176
vn 0.8068 -0.4178 -0.4178
vn 0.8660 -0.0041 -0.5000
vn 0.8663 -0.4992 -0.0175
vn 0.4992 -0.8663 -0.0176
vn 0.4179 -0.8067 -0.4178
vn 0.8067 -0.4179 -0.4178
vn 0.4992 0.8663 -0.0176
vn 0.4178 0.8067 -0.4178
vn 0.0021 0.8659 -0.5002
vn 0.4992 0.8663 -0.0175
vn 0.8663 0.4992 -0.0176
vn 0.8067 0.4179 -0.4178
vn 0.4179 0.8067 -0.4178
vn 0.9998 0.0049 -0.0206
vn 0.8660 0.0041 -0.5001
vn 0.8068 0.4178 -0.4178
vn 0.8663 0.4992 -0.0175
vn 0.5001 0.0041 -0.8660
vn 0.4179 0.4178 -0.8067
vn 0.8067 0.4178 -0.4179
vn 0.0021 0.5002 -0.8659
vn 0.4178 0.4178 -0.8067
vn 0.5000 0.0041 -0.8660
vn 0.4178 0.8067 -0.4179
vn 0.4178 0.4179 -0.8067
vn -0.0025 -0.9998 -0.0205
vn -0.0025 -0.9998 0.0205
vn -0.4991 -0.8663 0.0175
vn -0.4991 -0.8663 -0.0175
vn -0.8663 -0.4991 -0.0175
vn -0.8663 -0.4991 0.0175
vn -0.9998 -0.0049 -0.0205
vn -0.0026 -0.0048 1.0000
vn -0.0026 0.0048 1.0000
vn -0.5000 -0.0041 0.8660
vn -0.8659 0.0041 0.5001
vn -0.8659 -0.0041 0.5001
vn -0.8660 0.0041 0.5000
vn -0.9998 -0.0049 0.0206
vn -0.0025 0.9998 0.0205
vn -0.0025 0.9998 -0.0205
vn -0.4991 0.8663 -0.0175
vn -0.4991 0.8663 0.0175
vn -0.8663 0.4991 0.0175
vn -0.8663 0.4991 -0.0175
vn -0.9998 0.0049 0.0205
vn -0.0026 0.0048 -1.0000
vn -0.0026 -0.0048 -1.0000
vn -0.5000 0.0041 -0.8660
vn -0.8659 -0.0041 -0.5001
vn -0.8659 0.0041 -0.5001
vn -0.8660 -0.0041 -0.5000
vn -0.9998 0.0049 -0.0206
vn 0.9998 -0.0049 -0.0206
vn 0.8660 0.0041 -0.5000
vn 0.8659 0.0041 -0.5001
vn 0.8659 -0.0041 -0.5001
vn 0.5000 -0.0041 -0.8660
vn 0.0026 -0.0048 -1.0000
vn 0.0026 0.0048 -1.0000
vn 0.0025 -0.9998 0.0205
vn 0.0025 -0.9998 -0.0205
vn 0.4991 -0.8663 -0.0175
vn 0.4991 -0.8663 0.0175
vn 0.8663 -0.4991 0.0175
vn 0.8663 -0.4991 -0.0175
vn 0.9998 -0.0049 0.0205
vn 0.0025 0.9998 -0.0205
vn 0.0025 0.9998 0.0205
vn 0.4991 0.8663 0.0175
vn 0.4991 0.8663 -0.0175
vn 0.8663 0.4991 -0.0175
vn 0.8663 0.4991 0.0175
vn 0.9998 0.0049 -0.0205
vn 0.0026 0.0048 1.0000
vn 0.0026 -0.0048 1.0000
vn 0.5000 0.0041 0.8660
vn 0.8659 -0.0041 0.5001
vn 0.8659 0.0041 0.5001
vn 0.8660 -0.0041 0.5000
vn 0.9998 0.0049 0.0206
vt 0.383621 0.754546
vt 0.616379 0.754545
vt 0.616379 0.995454
vt 0.383621 0.995455
vt 0.383621 0.531250
vt 0.616379 0.531250
vt 0.616379 0.718750
vt 0.383621 0.718750
vt 0.629545 0.531250
vt 0.870455 0.531250
vt 0.870455 0.718750
vt 0.629545 0.718750
vt 0.383621 0.031250
vt 0.616379 0.031250
vt 0.616379 0.218750
vt 0.383621 0.218750
vt 0.383621 0.254545
vt 0.616379 0.254545
vt 0.616379 0.495455
vt 0.383621 0.495455
vt 0.129545 0.718750
vt 0.129545 0.734355
vt 0.127372 0.733694
vt 0.127276 0.718750
vt 0.129545 0.750000
vt 0.127372 0.750000
vt 0.383621 1.000000
vt 0.375000 0.997628
vt 0.375000 0.995455
vt 0.383621 0.000000
vt 0.383621 0.015646
vt 0.375000 0.016306
vt 0.375000 0.000000
vt 0.375000 0.031250
vt 0.125000 0.718750
vt 0.125000 0.733694
vt 0.620684 0.995455
vt 0.620502 0.997628
vt 0.616379 1.000000
vt 0.625000 0.995455
vt 0.625000 0.997628
vt 0.875000 0.718750
vt 0.872628 0.750000
vt 0.870455 0.750000
vt 0.625000 0.031250
vt 0.620684 0.031250
vt 0.620502 0.016306
vt 0.625000 0.000000
vt 0.616379 0.015646
vt 0.616379 0.000000
vt 0.620502 0.008230
vt 0.620502 0.998803
vt 0.129545 0.531250
vt 0.127276 0.531250
vt 0.127372 0.516306
vt 0.129545 0.515646
vt 0.125000 0.531250
vt 0.125000 0.516306
vt 0.383621 0.234354
vt 0.375000 0.233694
vt 0.375000 0.218750
vt 0.383621 0.252276
vt 0.375000 0.252372
vt 0.375000 0.254545
vt 0.129545 0.500000
vt 0.127372 0.500000
vt 0.870455 0.500000
vt 0.872628 0.500000
vt 0.875000 0.531250
vt 0.625000 0.254545
vt 0.620684 0.254545
vt 0.620502 0.252372
vt 0.625000 0.252372
vt 0.616379 0.252276
vt 0.616379 0.234354
vt 0.620502 0.233694
vt 0.620684 0.218750
vt 0.625000 0.218750
vt 0.625000 0.250000
vt 0.620502 0.251197
vt 0.370455 0.718750
vt 0.372724 0.718750
vt 0.372628 0.733694
vt 0.370455 0.734355
vt 0.379316 0.718750
vt 0.379498 0.733694
vt 0.383621 0.734354
vt 0.383621 0.752276
vt 0.375000 0.752372
vt 0.375000 0.754545
vt 0.370455 0.750000
vt 0.372628 0.750000
vt 0.373803 0.733694
vt 0.629545 0.750000
vt 0.627372 0.750000
vt 0.627276 0.718750
vt 0.625000 0.754545
vt 0.620684 0.754545
vt 0.620502 0.752372
vt 0.625000 0.752372
vt 0.616379 0.752276
vt 0.616379 0.734354
vt 0.620502 0.733694
vt 0.620684 0.718750
vt 0.620502 0.751197
vt 0.370455 0.531250
vt 0.370455 0.515646
vt 0.372628 0.516306
vt 0.372724 0.531250
vt 0.370455 0.500000
vt 0.372628 0.500000
vt 0.383621 0.497724
vt 0.375000 0.497628
vt 0.375000 0.495455
vt 0.383621 0.515646
vt 0.379498 0.516306
vt 0.379316 0.531250
vt 0.373803 0.516306
vt 0.627276 0.531250
vt 0.627372 0.516306
vt 0.629545 0.500000
vt 0.620684 0.531250
vt 0.620502 0.516306
vt 0.616379 0.515645
vt 0.616379 0.497724
vt 0.620502 0.497628
vt 0.620684 0.495455
vt 0.625000 0.495455
vt 0.622730 0.497628
vt 0.622730 0.516306
vt 0.620502 0.508230
s 0
usemtl Elastomer
f 51/1/1 62/2/2 13/3/3 2/4/4
f 75/5/5 86/6/6 63/7/7 50/8/8
f 85/9/9 37/10/10 14/11/11 61/12/12
f 3/13/13 15/14/14 39/15/15 26/16/16
f 27/17/17 38/18/18 87/19/19 74/20/20
f 1/21/21 4/22/22 6/23/23 5/24/24
f 4/22/22 8/25/25 9/26/26 6/23/27
f 2/4/4 7/27/28 9/28/29 8/29/30
f 7/30/28 11/31/31 12/32/32 9/33/33
f 3/13/34 10/34/35 12/32/36 11/31/37
f 10/35/38 5/24/39 6/23/40 12/36/41
f 6/23/27 9/26/33 12/36/41
f 13/3/3 16/37/42 18/38/43 17/39/44
f 16/37/42 20/40/45 21/41/46 18/38/47
f 14/11/11 19/42/48 21/43/49 20/44/45
f 19/45/50 23/46/51 24/47/52 21/48/53
f 15/14/54 22/49/55 24/47/56 23/46/57
f 22/49/55 17/50/58 18/51/59 24/47/60
f 18/38/59 21/41/53 24/52/60
f 25/53/61 28/54/62 30/55/63 29/56/64
f 28/54/65 32/57/66 33/58/67 30/55/68
f 26/16/69 31/59/70 33/60/71 32/61/72
f 31/59/70 35/62/73 36/63/74 33/60/75
f 27/17/17 34/64/76 36/63/77 35/62/78
f 34/65/76 29/56/64 30/55/79 36/66/80
f 30/55/68 33/58/75 36/66/74
f 37/10/10 40/67/81 42/68/82 41/69/83
f 40/70/81 44/71/84 45/72/85 42/73/86
f 38/18/18 43/74/87 45/72/88 44/71/89
f 43/74/87 47/75/90 48/76/91 45/72/92
f 39/15/93 46/77/94 48/76/95 47/75/96
f 46/77/97 41/78/98 42/79/99 48/76/100
f 42/73/86 45/72/92 48/80/100
f 49/81/101 52/82/102 54/83/103 53/84/104
f 52/82/105 56/85/106 57/86/107 54/83/108
f 50/8/109 55/87/110 57/86/111 56/85/112
f 55/87/110 59/88/113 60/89/114 57/86/115
f 51/1/1 58/90/116 60/89/117 59/88/118
f 58/91/116 53/84/104 54/83/119 60/92/120
f 54/83/108 57/93/115 60/92/114
f 61/12/12 64/94/121 66/95/122 65/96/123
f 64/97/121 68/98/124 69/99/125 66/100/126
f 62/2/2 67/101/127 69/99/128 68/98/129
f 67/101/127 71/102/130 72/103/131 69/99/132
f 63/7/133 70/104/134 72/103/135 71/102/136
f 70/104/137 65/96/138 66/95/139 72/103/140
f 66/100/126 69/99/132 72/105/140
f 73/106/141 76/107/142 78/108/143 77/109/144
f 76/107/142 80/110/145 81/111/146 78/108/147
f 74/20/20 79/112/148 81/113/149 80/114/150
f 79/112/148 83/115/151 84/116/152 81/113/153
f 75/5/154 82/117/155 84/116/156 83/115/157
f 82/117/158 77/109/159 78/108/160 84/116/161
f 78/108/147 81/111/153 84/118/161
f 85/9/9 88/119/162 90/120/163 89/121/164
f 88/119/165 92/122/166 93/123/167 90/120/168
f 86/6/169 91/124/170 93/123/171 92/122/172
f 91/124/170 95/125/173 96/126/174 93/123/175
f 87/19/19 94/127/176 96/126/177 95/125/178
f 94/127/176 89/128/164 90/129/179 96/126/180
f 90/130/168 93/123/175 96/131/174
f 25/53/181 1/21/182 5/24/183 28/54/184
f 28/54/65 5/24/24 10/35/38 32/57/72
f 32/61/185 10/34/186 3/13/34 26/16/187
f 2/4/188 13/3/189 17/39/44 7/27/190
f 7/30/28 17/50/58 22/49/191 11/31/192
f 11/31/37 22/49/193 15/14/54 3/13/194
f 14/11/195 37/10/196 41/69/197 19/42/198
f 19/45/50 41/78/83 46/77/97 23/46/57
f 23/46/199 46/77/200 39/15/93 15/14/201
f 38/18/202 27/17/203 35/62/78 43/74/204
f 43/74/87 35/62/73 31/59/205 47/75/206
f 47/75/96 31/59/207 26/16/69 39/15/208
f 73/106/141 25/53/61 29/56/64 76/107/142
f 76/107/142 29/56/64 34/65/76 80/110/150
f 80/114/150 34/64/76 27/17/17 74/20/20
f 37/10/10 85/9/9 89/121/164 40/67/81
f 40/70/81 89/128/164 94/127/176 44/71/89
f 44/71/89 94/127/176 87/19/19 38/18/18
f 86/6/169 75/5/209 83/115/157 91/124/210
f 91/124/211 83/115/212 79/112/148 95/125/173
f 95/125/178 79/112/213 74/20/214 87/19/215
f 49/81/216 73/106/217 77/109/218 52/82/219
f 52/82/105 77/109/144 82/117/158 56/85/112
f 56/85/220 82/117/221 75/5/154 50/8/222
f 85/9/223 61/12/224 65/96/225 88/119/226
f 88/119/165 65/96/123 70/104/137 92/122/172
f 92/122/227 70/104/228 63/7/133 86/6/229
f 62/2/230 51/1/231 59/88/118 67/101/232
f 67/101/127 59/88/113 55/87/233 71/102/234
f 71/102/136 55/87/235 50/8/109 63/7/236
f 1/21/21 49/81/101 53/84/104 4/22/22
f 4/22/22 53/84/104 58/91/116 8/25/30
f 8/29/30 58/90/116 51/1/1 2/4/4
f 61/12/12 14/11/11 20/44/45 64/94/121
f 64/97/121 20/40/45 16/37/42 68/98/129
f 68/98/129 16/37/42 13/3/3 62/2/2
f 25/53/61 73/106/141 49/81/101 1/21/21
o Battery_retention_strap
v -0.053000 0.232000 0.031000
v -0.053000 0.234000 0.033000
v -0.055000 0.234000 0.031000
v -0.053000 0.232267 0.031999
v -0.053999 0.232267 0.031000
v -0.053956 0.232527 0.031956
v -0.053999 0.234000 0.032733
v -0.053000 0.233001 0.032733
v -0.053956 0.233044 0.032473
v -0.054733 0.233001 0.031000
v -0.054733 0.234000 0.031999
v -0.054473 0.233044 0.031956
v -0.053000 0.288000 0.033000
v -0.053000 0.290000 0.031000
v -0.055000 0.288000 0.031000
v -0.053000 0.288999 0.032733
v -0.053999 0.288000 0.032733
v -0.053956 0.288956 0.032473
v -0.053999 0.289733 0.031000
v -0.053000 0.289733 0.031999
v -0.053956 0.289473 0.031956
v -0.054733 0.288000 0.031999
v -0.054733 0.288999 0.031000
v -0.054473 0.288956 0.031956
v -0.053000 0.232000 0.019000
v -0.055000 0.234000 0.019000
v -0.053000 0.234000 0.017000
v -0.053999 0.232267 0.019000
v -0.053000 0.232267 0.018001
v -0.053956 0.232527 0.018044
v -0.054733 0.234000 0.018001
v -0.054733 0.233001 0.019000
v -0.054473 0.233044 0.018044
v -0.053000 0.233001 0.017267
v -0.053999 0.234000 0.017267
v -0.053956 0.233044 0.017527
v -0.053000 0.290000 0.019000
v -0.053000 0.288000 0.017000
v -0.055000 0.288000 0.019000
v -0.053000 0.289733 0.018001
v -0.053999 0.289733 0.019000
v -0.053956 0.289473 0.018044
v -0.053999 0.288000 0.017267
v -0.053000 0.288999 0.017267
v -0.053956 0.288956 0.017527
v -0.054733 0.288999 0.019000
v -0.054733 0.288000 0.018001
v -0.054473 0.288956 0.018044
v 0.053000 0.232000 0.031000
v 0.055000 0.234000 0.031000
v 0.053000 0.234000 0.033000
v 0.053999 0.232267 0.031000
v 0.053000 0.232267 0.031999
v 0.053956 0.232527 0.031956
v 0.054733 0.234000 0.031999
v 0.054733 0.233001 0.031000
v 0.054473 0.233044 0.031956
v 0.053000 0.233001 0.032733
v 0.053999 0.234000 0.032733
v 0.053956 0.233044 0.032473
v 0.053000 0.290000 0.031000
v 0.053000 0.288000 0.033000
v 0.055000 0.288000 0.031000
v 0.053000 0.289733 0.031999
v 0.053999 0.289733 0.031000
v 0.053956 0.289473 0.031956
v 0.053999 0.288000 0.032733
v 0.053000 0.288999 0.032733
v 0.053956 0.288956 0.032473
v 0.054733 0.288999 0.031000
v 0.054733 0.288000 0.031999
v 0.054473 0.288956 0.031956
v 0.053000 0.232000 0.019000
v 0.053000 0.234000 0.017000
v 0.055000 0.234000 0.019000
v 0.053000 0.232267 0.018001
v 0.053999 0.232267 0.019000
v 0.053956 0.232527 0.018044
v 0.053999 0.234000 0.017267
v 0.053000 0.233001 0.017267
v 0.053956 0.233044 0.017527
v 0.054733 0.233001 0.019000
v 0.054733 0.234000 0.018001
v 0.054473 0.233044 0.018044
v 0.053000 0.290000 0.019000
v 0.055000 0.288000 0.019000
v 0.053000 0.288000 0.017000
v 0.053999 0.289733 0.019000
v 0.053000 0.289733 0.018001
v 0.053956 0.289473 0.018044
v 0.054733 0.288000 0.018001
v 0.054733 0.288999 0.019000
v 0.054473 0.288956 0.018044
v 0.053000 0.288999 0.017267
v 0.053999 0.288000 0.017267
v 0.053956 0.288956 0.017527
vn 0.0025 -0.0049 1.0000
vn 0.0025 0.0049 1.0000
vn -0.0025 0.0049 1.0000
vn -0.0025 -0.0049 1.0000
vn 0.9998 -0.0048 -0.0205
vn 0.9998 0.0048 -0.0205
vn 0.9998 0.0048 0.0205
vn 0.9998 -0.0048 0.0205
vn 0.0025 0.9998 -0.0206
vn -0.0025 0.9998 -0.0206
vn -0.0025 0.9998 0.0206
vn 0.0025 0.9998 0.0206
vn -0.9998 -0.0048 0.0205
vn -0.9998 0.0048 0.0205
vn -0.9998 0.0048 -0.0205
vn -0.9998 -0.0048 -0.0205
vn -0.0025 -0.0049 -1.0000
vn -0.0025 0.0049 -1.0000
vn 0.0025 0.0049 -1.0000
vn 0.0025 -0.0049 -1.0000
vn -0.0025 -0.9998 0.0206
vn -0.0021 -0.8659 0.5002
vn -0.4178 -0.8067 0.4178
vn -0.4992 -0.8663 0.0175
vn -0.0022 -0.5002 0.8659
vn -0.4178 -0.4179 0.8067
vn -0.4178 -0.8067 0.4179
vn -0.5001 -0.0041 0.8660
vn -0.4178 -0.4178 0.8067
vn -0.0021 -0.5002 0.8659
vn -0.8660 -0.0041 0.5001
vn -0.8067 -0.4178 0.4179
vn -0.4179 -0.4178 0.8067
vn -0.9998 -0.0049 0.0205
vn -0.8663 -0.4992 0.0176
vn -0.8068 -0.4178 0.4178
vn -0.8660 -0.0041 0.5000
vn -0.8663 -0.4992 0.0175
vn -0.4992 -0.8663 0.0176
vn -0.4179 -0.8067 0.4178
vn -0.8067 -0.4179 0.4178
vn -0.0021 0.5002 0.8659
vn -0.4178 0.4178 0.8067
vn -0.5000 0.0041 0.8660
vn -0.0021 0.8659 0.5002
vn -0.4178 0.8067 0.4179
vn -0.4178 0.4179 0.8067
vn -0.4992 0.8663 0.0176
vn -0.4178 0.8067 0.4178
vn -0.4992 0.8663 0.0175
vn -0.8663 0.4992 0.0176
vn -0.8067 0.4179 0.4178
vn -0.4179 0.8067 0.4178
vn -0.9998 0.0049 0.0206
vn -0.8660 0.0041 0.5001
vn -0.8068 0.4178 0.4178
vn -0.8663 0.4992 0.0175
vn -0.5001 0.0041 0.8660
vn -0.4179 0.4178 0.8067
vn -0.8067 0.4178 0.4179
vn -0.0025 -0.9998 -0.0206
vn -0.4992 -0.8663 -0.0176
vn -0.4178 -0.8067 -0.4178
vn -0.0021 -0.8659 -0.5002
vn -0.4992 -0.8663 -0.0175
vn -0.8663 -0.4992 -0.0176
vn -0.8067 -0.4179 -0.4178
vn -0.4179 -0.8067 -0.4178
vn -0.9998 -0.0049 -0.0206
vn -0.8660 -0.0041 -0.5001
vn -0.8068 -0.4178 -0.4178
vn -0.8663 -0.4992 -0.0175
vn -0.5001 -0.0041 -0.8660
vn -0.4179 -0.4178 -0.8067
vn -0.8067 -0.4178 -0.4179
vn -0.0021 -0.5002 -0.8659
vn -0.4178 -0.4178 -0.8067
vn -0.5000 -0.0041 -0.8660
vn -0.4178 -0.8067 -0.4179
vn -0.4178 -0.4179 -0.8067
vn -0.0021 0.8659 -0.5002
vn -0.4178 0.8067 -0.4178
vn -0.4992 0.8663 -0.0175
vn -0.0022 0.5002 -0.8659
vn -0.4178 0.4179 -0.8067
vn -0.4178 0.8067 -0.4179
vn -0.5001 0.0041 -0.8660
vn -0.4178 0.4178 -0.8067
vn -0.0021 0.5002 -0.8659
vn -0.8660 0.0041 -0.5001
vn -0.8067 0.4178 -0.4179
vn -0.4179 0.4178 -0.8067
vn -0.9998 0.0049 -0.0205
vn -0.8663 0.4992 -0.0176
vn -0.8068 0.4178 -0.4178
vn -0.8660 0.0041 -0.5000
vn -0.8663 0.4992 -0.0175
vn -0.4992 0.8663 -0.0176
vn -0.4179 0.8067 -0.4178
vn -0.8067 0.4179 -0.4178
vn 0.0025 -0.9998 0.0206
vn 0.4992 -0.8663 0.0176
vn 0.4178 -0.8067 0.4178
vn 0.0021 -0.8659 0.5002
vn 0.4992 -0.8663 0.0175
vn 0.8663 -0.4992 0.0176
vn 0.8067 -0.4179 0.4178
vn 0.4179 -0.8067 0.4178
vn 0.9998 -0.0049 0.0206
vn 0.8660 -0.0041 0.5001
vn 0.8068 -0.4178 0.4178
vn 0.8663 -0.4992 0.0175
vn 0.5001 -0.0041 0.8660
vn 0.4179 -0.4178 0.8067
vn 0.8067 -0.4178 0.4179
vn 0.0021 -0.5002 0.8659
vn 0.4178 -0.4178 0.8067
vn 0.5000 -0.0041 0.8660
vn 0.4178 -0.8067 0.4179
vn 0.4178 -0.4179 0.8067
vn 0.0021 0.8659 0.5002
vn 0.4178 0.8067 0.4178
vn 0.4992 0.8663 0.0175
vn 0.0022 0.5002 0.8659
vn 0.4178 0.4179 0.8067
vn 0.4178 0.8067 0.4179
vn 0.5001 0.0041 0.8660
vn 0.4178 0.4178 0.8067
vn 0.0021 0.5002 0.8659
vn 0.8660 0.0041 0.5001
vn 0.8067 0.4178 0.4179
vn 0.4179 0.4178 0.8067
vn 0.9998 0.0049 0.0205
vn 0.8663 0.4992 0.0176
vn 0.8068 0.4178 0.4178
vn 0.8660 0.0041 0.5000
vn 0.8663 0.4992 0.0175
vn 0.4992 0.8663 0.0176
vn 0.4179 0.8067 0.4178
vn 0.8067 0.4179 0.4178
vn 0.0025 -0.9998 -0.0206
vn 0.0021 -0.8659 -0.5002
vn 0.4178 -0.8067 -0.4178
vn 0.4992 -0.8663 -0.0175
vn 0.0022 -0.5002 -0.8659
vn 0.4178 -0.4179 -0.8067
vn 0.4178 -0.8067 -0.4179
vn 0.5001 -0.0041 -0.8660
vn 0.4178 -0.4178 -0.8067
vn 0.0021 -0.5002 -0.8659
vn 0.8660 -0.0041 -0.5001
vn 0.8067 -0.4178 -0.4179
vn 0.4179 -0.4178 -0.8067
vn 0.9998 -0.0049 -0.0205
vn 0.8663 -0.4992 -0.0176
vn 0.8068 -0.4178 -0.4178
vn 0.8660 -0.0041 -0.5000
vn 0.8663 -0.4992 -0.0175
vn 0.4992 -0.8663 -0.0176
vn 0.4179 -0.8067 -0.4178
vn 0.8067 -0.4179 -0.4178
vn 0.4992 0.8663 -0.0176
vn 0.4178 0.8067 -0.4178
vn 0.0021 0.8659 -0.5002
vn 0.4992 0.8663 -0.0175
vn 0.8663 0.4992 -0.0176
vn 0.8067 0.4179 -0.4178
vn 0.4179 0.8067 -0.4178
vn 0.9998 0.0049 -0.0206
vn 0.8660 0.0041 -0.5001
vn 0.8068 0.4178 -0.4178
vn 0.8663 0.4992 -0.0175
vn 0.5001 0.0041 -0.8660
vn 0.4179 0.4178 -0.8067
vn 0.8067 0.4178 -0.4179
vn 0.0021 0.5002 -0.8659
vn 0.4178 0.4178 -0.8067
vn 0.5000 0.0041 -0.8660
vn 0.4178 0.8067 -0.4179
vn 0.4178 0.4179 -0.8067
vn -0.0025 -0.9998 -0.0205
vn -0.0025 -0.9998 0.0205
vn -0.4991 -0.8663 0.0175
vn -0.4991 -0.8663 -0.0175
vn -0.8663 -0.4991 -0.0175
vn -0.8663 -0.4991 0.0175
vn -0.9998 -0.0049 -0.0205
vn -0.0026 -0.0048 1.0000
vn -0.0026 0.0048 1.0000
vn -0.5000 -0.0041 0.8660
vn -0.8659 0.0041 0.5001
vn -0.8659 -0.0041 0.5001
vn -0.8660 0.0041 0.5000
vn -0.9998 -0.0049 0.0206
vn -0.0025 0.9998 0.0205
vn -0.0025 0.9998 -0.0205
vn -0.4991 0.8663 -0.0175
vn -0.4991 0.8663 0.0175
vn -0.8663 0.4991 0.0175
vn -0.8663 0.4991 -0.0175
vn -0.9998 0.0049 0.0205
vn -0.0026 0.0048 -1.0000
vn -0.0026 -0.0048 -1.0000
vn -0.5000 0.0041 -0.8660
vn -0.8659 -0.0041 -0.5001
vn -0.8659 0.0041 -0.5001
vn -0.8660 -0.0041 -0.5000
vn -0.9998 0.0049 -0.0206
vn 0.9998 -0.0049 -0.0206
vn 0.8660 0.0041 -0.5000
vn 0.8659 0.0041 -0.5001
vn 0.8659 -0.0041 -0.5001
vn 0.5000 -0.0041 -0.8660
vn 0.0026 -0.0048 -1.0000
vn 0.0026 0.0048 -1.0000
vn 0.0025 -0.9998 0.0205
vn 0.0025 -0.9998 -0.0205
vn 0.4991 -0.8663 -0.0175
vn 0.4991 -0.8663 0.0175
vn 0.8663 -0.4991 0.0175
vn 0.8663 -0.4991 -0.0175
vn 0.9998 -0.0049 0.0205
vn 0.0025 0.9998 -0.0205
vn 0.0025 0.9998 0.0205
vn 0.4991 0.8663 0.0175
vn 0.4991 0.8663 -0.0175
vn 0.8663 0.4991 -0.0175
vn 0.8663 0.4991 0.0175
vn 0.9998 0.0049 -0.0205
vn 0.0026 0.0048 1.0000
vn 0.0026 -0.0048 1.0000
vn 0.5000 0.0041 0.8660
vn 0.8659 -0.0041 0.5001
vn 0.8659 0.0041 0.5001
vn 0.8660 -0.0041 0.5000
vn 0.9998 0.0049 0.0206
vt 0.383621 0.754546
vt 0.616379 0.754545
vt 0.616379 0.995454
vt 0.383621 0.995455
vt 0.383621 0.531250
vt 0.616379 0.531250
vt 0.616379 0.718750
vt 0.383621 0.718750
vt 0.629545 0.531250
vt 0.870455 0.531250
vt 0.870455 0.718750
vt 0.629545 0.718750
vt 0.383621 0.031250
vt 0.616379 0.031250
vt 0.616379 0.218750
vt 0.383621 0.218750
vt 0.383621 0.254545
vt 0.616379 0.254545
vt 0.616379 0.495455
vt 0.383621 0.495455
vt 0.129545 0.718750
vt 0.129545 0.734355
vt 0.127372 0.733694
vt 0.127276 0.718750
vt 0.129545 0.750000
vt 0.127372 0.750000
vt 0.383621 1.000000
vt 0.375000 0.997628
vt 0.375000 0.995455
vt 0.383621 0.000000
vt 0.383621 0.015646
vt 0.375000 0.016306
vt 0.375000 0.000000
vt 0.375000 0.031250
vt 0.125000 0.718750
vt 0.125000 0.733694
vt 0.620684 0.995455
vt 0.620502 0.997628
vt 0.616379 1.000000
vt 0.625000 0.995455
vt 0.625000 0.997628
vt 0.875000 0.718750
vt 0.872628 0.750000
vt 0.870455 0.750000
vt 0.625000 0.031250
vt 0.620684 0.031250
vt 0.620502 0.016306
vt 0.625000 0.000000
vt 0.616379 0.015646
vt 0.616379 0.000000
vt 0.620502 0.008230
vt 0.620502 0.998803
vt 0.129545 0.531250
vt 0.127276 0.531250
vt 0.127372 0.516306
vt 0.129545 0.515646
vt 0.125000 0.531250
vt 0.125000 0.516306
vt 0.383621 0.234354
vt 0.375000 0.233694
vt 0.375000 0.218750
vt 0.383621 0.252276
vt 0.375000 0.252372
vt 0.375000 0.254545
vt 0.129545 0.500000
vt 0.127372 0.500000
vt 0.870455 0.500000
vt 0.872628 0.500000
vt 0.875000 0.531250
vt 0.625000 0.254545
vt 0.620684 0.254545
vt 0.620502 0.252372
vt 0.625000 0.252372
vt 0.616379 0.252276
vt 0.616379 0.234354
vt 0.620502 0.233694
vt 0.620684 0.218750
vt 0.625000 0.218750
vt 0.625000 0.250000
vt 0.620502 0.251197
vt 0.370455 0.718750
vt 0.372724 0.718750
vt 0.372628 0.733694
vt 0.370455 0.734355
vt 0.379316 0.718750
vt 0.379498 0.733694
vt 0.383621 0.734354
vt 0.383621 0.752276
vt 0.375000 0.752372
vt 0.375000 0.754545
vt 0.370455 0.750000
vt 0.372628 0.750000
vt 0.373803 0.733694
vt 0.629545 0.750000
vt 0.627372 0.750000
vt 0.627276 0.718750
vt 0.625000 0.754545
vt 0.620684 0.754545
vt 0.620502 0.752372
vt 0.625000 0.752372
vt 0.616379 0.752276
vt 0.616379 0.734354
vt 0.620502 0.733694
vt 0.620684 0.718750
vt 0.620502 0.751197
vt 0.370455 0.531250
vt 0.370455 0.515646
vt 0.372628 0.516306
vt 0.372724 0.531250
vt 0.370455 0.500000
vt 0.372628 0.500000
vt 0.383621 0.497724
vt 0.375000 0.497628
vt 0.375000 0.495455
vt 0.383621 0.515646
vt 0.379498 0.516306
vt 0.379316 0.531250
vt 0.373803 0.516306
vt 0.627276 0.531250
vt 0.627372 0.516306
vt 0.629545 0.500000
vt 0.620684 0.531250
vt 0.620502 0.516306
vt 0.616379 0.515645
vt 0.616379 0.497724
vt 0.620502 0.497628
vt 0.620684 0.495455
vt 0.625000 0.495455
vt 0.622730 0.497628
vt 0.622730 0.516306
vt 0.620502 0.508230
s 0
usemtl Elastomer
f 147/132/237 158/133/238 109/134/239 98/135/240
f 171/136/241 182/137/242 159/138/243 146/139/244
f 181/140/245 133/141/246 110/142/247 157/143/248
f 99/144/249 111/145/250 135/146/251 122/147/252
f 123/148/253 134/149/254 183/150/255 170/151/256
f 97/152/257 100/153/258 102/154/259 101/155/260
f 100/153/258 104/156/261 105/157/262 102/154/263
f 98/135/240 103/158/264 105/159/265 104/160/266
f 103/161/264 107/162/267 108/163/268 105/164/269
f 99/144/270 106/165/271 108/163/272 107/162/273
f 106/166/274 101/155/275 102/154/276 108/167/277
f 102/154/263 105/157/269 108/167/277
f 109/134/239 112/168/278 114/169/279 113/170/280
f 112/168/278 116/171/281 117/172/282 114/169/283
f 110/142/247 115/173/284 117/174/285 116/175/281
f 115/176/286 119/177/287 120/178/288 117/179/289
f 111/145/290 118/180/291 120/178/292 119/177/293
f 118/180/291 113/181/294 114/182/295 120/178/296
f 114/169/295 117/172/289 120/183/296
f 121/184/297 124/185/298 126/186/299 125/187/300
f 124/185/301 128/188/302 129/189/303 126/186/304
f 122/147/305 127/190/306 129/191/307 128/192/308
f 127/190/306 131/193/309 132/194/310 129/191/311
f 123/148/253 130/195/312 132/194/313 131/193/314
f 130/196/312 125/187/300 126/186/315 132/197/316
f 126/186/304 129/189/311 132/197/310
f 133/141/246 136/198/317 138/199/318 137/200/319
f 136/201/317 140/202/320 141/203/321 138/204/322
f 134/149/254 139/205/323 141/203/324 140/202/325
f 139/205/323 143/206/326 144/207/327 141/203/328
f 135/146/329 142/208/330 144/207/331 143/206/332
f 142/208/333 137/209/334 138/210/335 144/207/336
f 138/204/322 141/203/328 144/211/336
f 145/212/337 148/213/338 150/214/339 149/215/340
f 148/213/341 152/216/342 153/217/343 150/214/344
f 146/139/345 151/218/346 153/217/347 152/216/348
f 151/218/346 155/219/349 156/220/350 153/217/351
f 147/132/237 154/221/352 156/220/353 155/219/354
f 154/222/352 149/215/340 150/214/355 156/223/356
f 150/214/344 153/224/351 156/223/350
f 157/143/248 160/225/357 162/226/358 161/227/359
f 160/228/357 164/229/360 165/230/361 162/231/362
f 158/133/238 163/232/363 165/230/364 164/229/365
f 163/232/363 167/233/366 168/234/367 165/230/368
f 159/138/369 166/235/370 168/234/371 167/233/372
f 166/235/373 161/227/374 162/226/375 168/234/376
f 162/231/362 165/230/368 168/236/376
f 169/237/377 172/238/378 174/239/379 173/240/380
f 172/238/378 176/241/381 177/242/382 174/239/383
f 170/151/256 175/243/384 177/244/385 176/245/386
f 175/243/384 179/246/387 180/247/388 177/244/389
f 171/136/390 178/248/391 180/247/392 179/246/393
f 178/248/394 173/240/395 174/239/396 180/247/397
f 174/239/383 177/242/389 180/249/397
f 181/140/245 184/250/398 186/251/399 185/252/400
f 184/250/401 188/253/402 189/254/403 186/251/404
f 182/137/405 187/255/406 189/254/407 188/253/408
f 187/255/406 191/256/409 192/257/410 189/254/411
f 183/150/255 190/258/412 192/257/413 191/256/414
f 190/258/412 185/259/400 186/260/415 192/257/416
f 186/261/404 189/254/411 192/262/410
f 121/184/417 97/152/418 101/155/419 124/185/420
f 124/185/301 101/155/260 106/166/274 128/188/308
f 128/192/421 106/165/422 99/144/270 122/147/423
f 98/135/424 109/134/425 113/170/280 103/158/426
f 103/161/264 113/181/294 118/180/427 107/162/428
f 107/162/273 118/180/429 111/145/290 99/144/430
f 110/142/431 133/141/432 137/200/433 115/173/434
f 115/176/286 137/209/319 142/208/333 119/177/293
f 119/177/435 142/208/436 135/146/329 111/145/437
f 134/149/438 123/148/439 131/193/314 139/205/440
f 139/205/323 131/193/309 127/190/441 143/206/442
f 143/206/332 127/190/443 122/147/305 135/146/444
f 169/237/377 121/184/297 125/187/300 172/238/378
f 172/238/378 125/187/300 130/196/312 176/241/386
f 176/245/386 130/195/312 123/148/253 170/151/256
f 133/141/246 181/140/245 185/252/400 136/198/317
f 136/201/317 185/259/400 190/258/412 140/202/325
f 140/202/325 190/258/412 183/150/255 134/149/254
f 182/137/405 171/136/445 179/246/393 187/255/446
f 187/255/447 179/246/448 175/243/384 191/256/409
f 191/256/414 175/243/449 170/151/450 183/150/451
f 145/212/452 169/237/453 173/240/454 148/213/455
f 148/213/341 173/240/380 178/248/394 152/216/348
f 152/216/456 178/248/457 171/136/390 146/139/458
f 181/140/459 157/143/460 161/227/461 184/250/462
f 184/250/401 161/227/359 166/235/373 188/253/408
f 188/253/463 166/235/464 159/138/369 182/137/465
f 158/133/466 147/132/467 155/219/354 163/232/468
f 163/232/363 155/219/349 151/218/469 167/233/470
f 167/233/372 151/218/471 146/139/345 159/138/472
f 97/152/257 145/212/337 149/215/340 100/153/258
f 100/153/258 149/215/340 154/222/352 104/156/266
f 104/160/266 154/221/352 147/132/237 98/135/240
f 157/143/248 110/142/247 116/175/281 160/225/357
f 160/228/357 116/171/281 112/168/278 164/229/365
f 164/229/365 112/168/278 109/134/239 158/133/238
f 121/184/297 169/237/377 145/212/337 97/152/257
o Battery_label
v 0.015948 0.290080 0.014490
v 0.016027 0.290080 0.014397
v 0.016112 0.290080 0.014310
v 0.016202 0.290080 0.014231
v 0.016297 0.290080 0.014159
v 0.016395 0.290080 0.014095
v 0.016497 0.290080 0.014039
v 0.016602 0.290080 0.013991
v 0.016709 0.290080 0.013951
v 0.016819 0.290080 0.013919
v 0.016930 0.290080 0.013896
v 0.017042 0.290080 0.013883
v 0.017154 0.290080 0.013878
v 0.017347 0.290080 0.013889
v 0.017531 0.290080 0.013923
v 0.017703 0.290080 0.013980
v 0.017863 0.290080 0.014059
v 0.018009 0.290080 0.014161
v 0.018140 0.290080 0.014286
v 0.018254 0.290080 0.014435
v 0.018350 0.290080 0.014606
v 0.018427 0.290080 0.014801
v 0.018484 0.290080 0.015019
v 0.018519 0.290080 0.015260
v 0.018531 0.290080 0.015525
v 0.018531 0.290080 0.018000
v 0.017730 0.290080 0.018000
v 0.017730 0.290080 0.015498
v 0.017724 0.290080 0.015354
v 0.017705 0.290080 0.015219
v 0.017675 0.290080 0.015094
v 0.017633 0.290080 0.014980
v 0.017580 0.290080 0.014876
v 0.017516 0.290080 0.014785
v 0.017443 0.290080 0.014706
v 0.017359 0.290080 0.014639
v 0.017267 0.290080 0.014587
v 0.017165 0.290080 0.014548
v 0.017056 0.290080 0.014525
v 0.016938 0.290080 0.014517
v 0.016852 0.290080 0.014520
v 0.016768 0.290080 0.014531
v 0.016686 0.290080 0.014549
v 0.016605 0.290080 0.014575
v 0.016524 0.290080 0.014609
v 0.016444 0.290080 0.014651
v 0.016363 0.290080 0.014702
v 0.016281 0.290080 0.014762
v 0.016198 0.290080 0.014832
v 0.016112 0.290080 0.014912
v 0.016023 0.290080 0.015002
v 0.015930 0.290080 0.015102
v 0.015930 0.290080 0.018000
v 0.015129 0.290080 0.018000
v 0.015129 0.290080 0.011862
v 0.015930 0.290080 0.011862
v 0.015930 0.290080 0.014490
v 0.013680 0.290080 0.018000
v 0.012861 0.290080 0.016191
v 0.010251 0.290080 0.016191
v 0.009477 0.290080 0.018000
v 0.008577 0.290080 0.018000
v 0.011214 0.290080 0.011826
v 0.011835 0.290080 0.011826
v 0.014580 0.290080 0.018000
v 0.012501 0.290080 0.015399
v 0.011511 0.290080 0.013176
v 0.010593 0.290080 0.015399
v 0.003536 0.290080 0.018055
v 0.003266 0.290080 0.017979
v 0.003014 0.290080 0.017855
v 0.002784 0.290080 0.017684
v 0.002575 0.290080 0.017470
v 0.002389 0.290080 0.017215
v 0.002229 0.290080 0.016920
v 0.002094 0.290080 0.016588
v 0.001987 0.290080 0.016221
v 0.001909 0.290080 0.015821
v 0.001861 0.290080 0.015390
v 0.001845 0.290080 0.014931
v 0.001861 0.290080 0.014472
v 0.001909 0.290080 0.014041
v 0.001987 0.290080 0.013641
v 0.002094 0.290080 0.013274
v 0.002229 0.290080 0.012942
v 0.002389 0.290080 0.012647
v 0.002575 0.290080 0.012392
v 0.002784 0.290080 0.012178
v 0.003014 0.290080 0.012007
v 0.003266 0.290080 0.011883
v 0.003536 0.290080 0.011807
v 0.003825 0.290080 0.011781
v 0.004114 0.290080 0.011807
v 0.004384 0.290080 0.011883
v 0.004636 0.290080 0.012007
v 0.004866 0.290080 0.012178
v 0.005075 0.290080 0.012392
v 0.005260 0.290080 0.012647
v 0.005421 0.290080 0.012942
v 0.005556 0.290080 0.013274
v 0.005663 0.290080 0.013641
v 0.005741 0.290080 0.014041
v 0.005789 0.290080 0.014472
v 0.005805 0.290080 0.014931
v 0.005789 0.290080 0.015390
v 0.005741 0.290080 0.015821
v 0.005663 0.290080 0.016221
v 0.005556 0.290080 0.016588
v 0.005421 0.290080 0.016920
v 0.005261 0.290080 0.017215
v 0.005075 0.290080 0.017470
v 0.004866 0.290080 0.017684
v 0.004636 0.290080 0.017855
v 0.004384 0.290080 0.017979
v 0.004114 0.290080 0.018055
v 0.003825 0.290080 0.018081
v 0.003660 0.290080 0.012636
v 0.003506 0.290080 0.012689
v 0.003365 0.290080 0.012777
v 0.003236 0.290080 0.012898
v 0.003121 0.290080 0.013051
v 0.003019 0.290080 0.013234
v 0.002932 0.290080 0.013448
v 0.002860 0.290080 0.013691
v 0.002802 0.290080 0.013962
v 0.002761 0.290080 0.014260
v 0.002736 0.290080 0.014583
v 0.002727 0.290080 0.014931
v 0.002736 0.290080 0.015279
v 0.002761 0.290080 0.015602
v 0.002802 0.290080 0.015900
v 0.002860 0.290080 0.016171
v 0.002932 0.290080 0.016414
v 0.003019 0.290080 0.016627
v 0.003121 0.290080 0.016811
v 0.003236 0.290080 0.016964
v 0.003365 0.290080 0.017085
v 0.003506 0.290080 0.017173
v 0.003660 0.290080 0.017226
v 0.003825 0.290080 0.017244
v 0.003990 0.290080 0.017226
v 0.004144 0.290080 0.017173
v 0.004285 0.290080 0.017085
v 0.004414 0.290080 0.016964
v 0.004529 0.290080 0.016811
v 0.004630 0.290080 0.016627
v 0.004718 0.290080 0.016414
v 0.004790 0.290080 0.016171
v 0.004848 0.290080 0.015900
v 0.004889 0.290080 0.015602
v 0.004914 0.290080 0.015279
v 0.004923 0.290080 0.014931
v 0.004914 0.290080 0.014583
v 0.004889 0.290080 0.014260
v 0.004848 0.290080 0.013962
v 0.004790 0.290080 0.013691
v 0.004718 0.290080 0.013448
v 0.004630 0.290080 0.013234
v 0.004529 0.290080 0.013051
v 0.004414 0.290080 0.012898
v 0.004285 0.290080 0.012777
v 0.004144 0.290080 0.012689
v 0.003990 0.290080 0.012636
v 0.003825 0.290080 0.012618
v -0.001107 0.290080 0.018000
v -0.001107 0.290080 0.011862
v -0.000225 0.290080 0.011862
v -0.000225 0.290080 0.018000
v -0.005490 0.290080 0.011781
v -0.007254 0.290080 0.018081
v -0.007884 0.290080 0.018081
v -0.006120 0.290080 0.011781
v -0.011119 0.290080 0.013095
v -0.011248 0.290080 0.012993
v -0.011376 0.290080 0.012903
v -0.011502 0.290080 0.012826
v -0.011627 0.290080 0.012761
v -0.011749 0.290080 0.012707
v -0.011870 0.290080 0.012663
v -0.011988 0.290080 0.012629
v -0.012103 0.290080 0.012603
v -0.012215 0.290080 0.012586
v -0.012324 0.290080 0.012576
v -0.012429 0.290080 0.012573
v -0.012567 0.290080 0.012579
v -0.012698 0.290080 0.012597
v -0.012820 0.290080 0.012626
v -0.012933 0.290080 0.012666
v -0.013036 0.290080 0.012716
v -0.013128 0.290080 0.012775
v -0.013208 0.290080 0.012844
v -0.013275 0.290080 0.012921
v -0.013329 0.290080 0.013006
v -0.013368 0.290080 0.013098
v -0.013393 0.290080 0.013197
v -0.013401 0.290080 0.013302
v -0.013349 0.290080 0.013574
v -0.013204 0.290080 0.013806
v -0.012986 0.290080 0.014011
v -0.012713 0.290080 0.014199
v -0.012402 0.290080 0.014381
v -0.012074 0.290080 0.014569
v -0.011745 0.290080 0.014772
v -0.011434 0.290080 0.015003
v -0.011161 0.290080 0.015271
v -0.010943 0.290080 0.015589
v -0.010798 0.290080 0.015967
v -0.010746 0.290080 0.016416
v -0.010761 0.290080 0.016651
v -0.010805 0.290080 0.016874
v -0.010875 0.290080 0.017082
v -0.010972 0.290080 0.017276
v -0.011092 0.290080 0.017452
v -0.011234 0.290080 0.017610
v -0.011397 0.290080 0.017747
v -0.011579 0.290080 0.017863
v -0.011779 0.290080 0.017956
v -0.011994 0.290080 0.018025
v -0.012223 0.290080 0.018067
v -0.012465 0.290080 0.018081
v -0.012629 0.290080 0.018077
v -0.012788 0.290080 0.018066
v -0.012942 0.290080 0.018047
v -0.013093 0.290080 0.018020
v -0.013239 0.290080 0.017985
v -0.013382 0.290080 0.017943
v -0.013522 0.290080 0.017892
v -0.013658 0.290080 0.017833
v -0.013793 0.290080 0.017766
v -0.013925 0.290080 0.017690
v -0.014055 0.290080 0.017606
v -0.014184 0.290080 0.017514
v -0.014184 0.290080 0.016398
v -0.014069 0.290080 0.016537
v -0.013950 0.290080 0.016664
v -0.013826 0.290080 0.016780
v -0.013698 0.290080 0.016885
v -0.013566 0.290080 0.016978
v -0.013431 0.290080 0.017059
v -0.013293 0.290080 0.017129
v -0.013152 0.290080 0.017186
v -0.013008 0.290080 0.017231
v -0.012862 0.290080 0.017263
v -0.012714 0.290080 0.017282
v -0.012564 0.290080 0.017289
v -0.012401 0.290080 0.017280
v -0.012253 0.290080 0.017255
v -0.012119 0.290080 0.017216
v -0.012001 0.290080 0.017164
v -0.011897 0.290080 0.017102
v -0.011808 0.290080 0.017030
v -0.011733 0.290080 0.016952
v -0.011672 0.290080 0.016868
v -0.011625 0.290080 0.016780
v -0.011591 0.290080 0.016691
v -0.011572 0.290080 0.016602
v -0.011565 0.290080 0.016515
v -0.011617 0.290080 0.016220
v -0.011762 0.290080 0.015962
v -0.011980 0.290080 0.015733
v -0.012253 0.290080 0.015522
v -0.012564 0.290080 0.015322
v -0.012893 0.290080 0.015122
v -0.013221 0.290080 0.014914
v -0.013532 0.290080 0.014688
v -0.013805 0.290080 0.014434
v -0.014023 0.290080 0.014145
v -0.014168 0.290080 0.013809
v -0.014220 0.290080 0.013419
v -0.014205 0.290080 0.013177
v -0.014160 0.290080 0.012951
v -0.014087 0.290080 0.012742
v -0.013987 0.290080 0.012550
v -0.013861 0.290080 0.012378
v -0.013710 0.290080 0.012225
v -0.013536 0.290080 0.012094
v -0.013340 0.290080 0.011984
v -0.013123 0.290080 0.011896
v -0.012886 0.290080 0.011833
v -0.012630 0.290080 0.011794
v -0.012357 0.290080 0.011781
v -0.012240 0.290080 0.011784
v -0.012123 0.290080 0.011793
v -0.012007 0.290080 0.011808
v -0.011890 0.290080 0.011829
v -0.011775 0.290080 0.011856
v -0.011660 0.290080 0.011889
v -0.011545 0.290080 0.011928
v -0.011432 0.290080 0.011973
v -0.011319 0.290080 0.012024
v -0.011208 0.290080 0.012081
v -0.011098 0.290080 0.012144
v -0.010989 0.290080 0.012213
v -0.010989 0.290080 0.013212
v -0.015910 0.290080 0.012590
v -0.016118 0.290080 0.012738
v -0.016319 0.290080 0.012900
v -0.016512 0.290080 0.013073
v -0.016694 0.290080 0.013257
v -0.016866 0.290080 0.013449
v -0.017025 0.290080 0.013649
v -0.017169 0.290080 0.013855
v -0.017298 0.290080 0.014065
v -0.017410 0.290080 0.014277
v -0.017504 0.290080 0.014492
v -0.017577 0.290080 0.014706
v -0.017515 0.290080 0.014675
v -0.017449 0.290080 0.014644
v -0.017381 0.290080 0.014613
v -0.017309 0.290080 0.014585
v -0.017234 0.290080 0.014558
v -0.017156 0.290080 0.014533
v -0.017075 0.290080 0.014511
v -0.016990 0.290080 0.014491
v -0.016901 0.290080 0.014476
v -0.016809 0.290080 0.014464
v -0.016713 0.290080 0.014457
v -0.016614 0.290080 0.014454
v -0.016374 0.290080 0.014470
v -0.016146 0.290080 0.014516
v -0.015932 0.290080 0.014591
v -0.015732 0.290080 0.014692
v -0.015550 0.290080 0.014819
v -0.015387 0.290080 0.014968
v -0.015244 0.290080 0.015139
v -0.015123 0.290080 0.015329
v -0.015026 0.290080 0.015536
v -0.014954 0.290080 0.015759
v -0.014910 0.290080 0.015996
v -0.014895 0.290080 0.016245
v -0.014912 0.290080 0.016491
v -0.014961 0.290080 0.016728
v -0.015040 0.290080 0.016953
v -0.015146 0.290080 0.017165
v -0.015277 0.290080 0.017361
v -0.015432 0.290080 0.017538
v -0.015606 0.290080 0.017694
v -0.015799 0.290080 0.017827
v -0.016007 0.290080 0.017935
v -0.016229 0.290080 0.018014
v -0.016462 0.290080 0.018064
v -0.016704 0.290080 0.018081
v -0.016991 0.290080 0.018063
v -0.017260 0.290080 0.018010
v -0.017511 0.290080 0.017923
v -0.017741 0.290080 0.017804
v -0.017950 0.290080 0.017655
v -0.018136 0.290080 0.017478
v -0.018297 0.290080 0.017274
v -0.018433 0.290080 0.017044
v -0.018540 0.290080 0.016790
v -0.018619 0.290080 0.016514
v -0.018668 0.290080 0.016218
v -0.018684 0.290080 0.015903
v -0.018666 0.290080 0.015519
v -0.018613 0.290080 0.015137
v -0.018524 0.290080 0.014759
v -0.018401 0.290080 0.014386
v -0.018244 0.290080 0.014021
v -0.018053 0.290080 0.013663
v -0.017829 0.290080 0.013316
v -0.017572 0.290080 0.012980
v -0.017283 0.290080 0.012657
v -0.016962 0.290080 0.012348
v -0.016610 0.290080 0.012056
v -0.016227 0.290080 0.011781
v -0.015696 0.290080 0.012456
v -0.016616 0.290080 0.017236
v -0.016482 0.290080 0.017211
v -0.016358 0.290080 0.017171
v -0.016244 0.290080 0.017117
v -0.016140 0.290080 0.017048
v -0.016048 0.290080 0.016966
v -0.015968 0.290080 0.016872
v -0.015901 0.290080 0.016765
v -0.015848 0.290080 0.016648
v -0.015809 0.290080 0.016520
v -0.015785 0.290080 0.016383
v -0.015777 0.290080 0.016236
v -0.015786 0.290080 0.016104
v -0.015812 0.290080 0.015979
v -0.015854 0.290080 0.015861
v -0.015911 0.290080 0.015751
v -0.015982 0.290080 0.015651
v -0.016066 0.290080 0.015561
v -0.016163 0.290080 0.015482
v -0.016270 0.290080 0.015416
v -0.016388 0.290080 0.015363
v -0.016516 0.290080 0.015323
v -0.016651 0.290080 0.015299
v -0.016794 0.290080 0.015291
v -0.016885 0.290080 0.015293
v -0.016970 0.290080 0.015297
v -0.017051 0.290080 0.015306
v -0.017128 0.290080 0.015319
v -0.017203 0.290080 0.015336
v -0.017277 0.290080 0.015358
v -0.017351 0.290080 0.015386
v -0.017426 0.290080 0.015419
v -0.017504 0.290080 0.015458
v -0.017586 0.290080 0.015503
v -0.017673 0.290080 0.015556
v -0.017766 0.290080 0.015615
v -0.017808 0.290080 0.015859
v -0.017817 0.290080 0.016086
v -0.017797 0.290080 0.016295
v -0.017751 0.290080 0.016485
v -0.017681 0.290080 0.016657
v -0.017589 0.290080 0.016807
v -0.017480 0.290080 0.016937
v -0.017355 0.290080 0.017046
v -0.017218 0.290080 0.017131
v -0.017071 0.290080 0.017193
v -0.016917 0.290080 0.017231
v -0.016758 0.290080 0.017244
v 0.015948 0.289920 0.014490
v 0.016027 0.289920 0.014397
v 0.016112 0.289920 0.014310
v 0.016202 0.289920 0.014231
v 0.016297 0.289920 0.014159
v 0.016395 0.289920 0.014095
v 0.016497 0.289920 0.014039
v 0.016602 0.289920 0.013991
v 0.016709 0.289920 0.013951
v 0.016819 0.289920 0.013919
v 0.016930 0.289920 0.013896
v 0.017042 0.289920 0.013883
v 0.017154 0.289920 0.013878
v 0.017347 0.289920 0.013889
v 0.017531 0.289920 0.013923
v 0.017703 0.289920 0.013980
v 0.017863 0.289920 0.014059
v 0.018009 0.289920 0.014161
v 0.018140 0.289920 0.014286
v 0.018254 0.289920 0.014435
v 0.018350 0.289920 0.014606
v 0.018427 0.289920 0.014801
v 0.018484 0.289920 0.015019
v 0.018519 0.289920 0.015260
v 0.018531 0.289920 0.015525
v 0.018531 0.289920 0.018000
v 0.017730 0.289920 0.018000
v 0.017730 0.289920 0.015498
v 0.017724 0.289920 0.015354
v 0.017705 0.289920 0.015219
v 0.017675 0.289920 0.015094
v 0.017633 0.289920 0.014980
v 0.017580 0.289920 0.014876
v 0.017516 0.289920 0.014785
v 0.017443 0.289920 0.014706
v 0.017359 0.289920 0.014639
v 0.017267 0.289920 0.014587
v 0.017165 0.289920 0.014548
v 0.017056 0.289920 0.014525
v 0.016938 0.289920 0.014517
v 0.016852 0.289920 0.014520
v 0.016768 0.289920 0.014531
v 0.016686 0.289920 0.014549
v 0.016605 0.289920 0.014575
v 0.016524 0.289920 0.014609
v 0.016444 0.289920 0.014651
v 0.016363 0.289920 0.014702
v 0.016281 0.289920 0.014762
v 0.016198 0.289920 0.014832
v 0.016112 0.289920 0.014912
v 0.016023 0.289920 0.015002
v 0.015930 0.289920 0.015102
v 0.015930 0.289920 0.018000
v 0.015129 0.289920 0.018000
v 0.015129 0.289920 0.011862
v 0.015930 0.289920 0.011862
v 0.015930 0.289920 0.014490
v 0.013680 0.289920 0.018000
v 0.012861 0.289920 0.016191
v 0.010251 0.289920 0.016191
v 0.009477 0.289920 0.018000
v 0.008577 0.289920 0.018000
v 0.011214 0.289920 0.011826
v 0.011835 0.289920 0.011826
v 0.014580 0.289920 0.018000
v 0.012501 0.289920 0.015399
v 0.011511 0.289920 0.013176
v 0.010593 0.289920 0.015399
v 0.003536 0.289920 0.018055
v 0.003266 0.289920 0.017979
v 0.003014 0.289920 0.017855
v 0.002784 0.289920 0.017684
v 0.002575 0.289920 0.017470
v 0.002389 0.289920 0.017215
v 0.002229 0.289920 0.016920
v 0.002094 0.289920 0.016588
v 0.001987 0.289920 0.016221
v 0.001909 0.289920 0.015821
v 0.001861 0.289920 0.015390
v 0.001845 0.289920 0.014931
v 0.001861 0.289920 0.014472
v 0.001909 0.289920 0.014041
v 0.001987 0.289920 0.013641
v 0.002094 0.289920 0.013274
v 0.002229 0.289920 0.012942
v 0.002389 0.289920 0.012647
v 0.002575 0.289920 0.012392
v 0.002784 0.289920 0.012178
v 0.003014 0.289920 0.012007
v 0.003266 0.289920 0.011883
v 0.003536 0.289920 0.011807
v 0.003825 0.289920 0.011781
v 0.004114 0.289920 0.011807
v 0.004384 0.289920 0.011883
v 0.004636 0.289920 0.012007
v 0.004866 0.289920 0.012178
v 0.005075 0.289920 0.012392
v 0.005260 0.289920 0.012647
v 0.005421 0.289920 0.012942
v 0.005556 0.289920 0.013274
v 0.005663 0.289920 0.013641
v 0.005741 0.289920 0.014041
v 0.005789 0.289920 0.014472
v 0.005805 0.289920 0.014931
v 0.005789 0.289920 0.015390
v 0.005741 0.289920 0.015821
v 0.005663 0.289920 0.016221
v 0.005556 0.289920 0.016588
v 0.005421 0.289920 0.016920
v 0.005261 0.289920 0.017215
v 0.005075 0.289920 0.017470
v 0.004866 0.289920 0.017684
v 0.004636 0.289920 0.017855
v 0.004384 0.289920 0.017979
v 0.004114 0.289920 0.018055
v 0.003825 0.289920 0.018081
v 0.003660 0.289920 0.012636
v 0.003506 0.289920 0.012689
v 0.003365 0.289920 0.012777
v 0.003236 0.289920 0.012898
v 0.003121 0.289920 0.013051
v 0.003019 0.289920 0.013234
v 0.002932 0.289920 0.013448
v 0.002860 0.289920 0.013691
v 0.002802 0.289920 0.013962
v 0.002761 0.289920 0.014260
v 0.002736 0.289920 0.014583
v 0.002727 0.289920 0.014931
v 0.002736 0.289920 0.015279
v 0.002761 0.289920 0.015602
v 0.002802 0.289920 0.015900
v 0.002860 0.289920 0.016171
v 0.002932 0.289920 0.016414
v 0.003019 0.289920 0.016627
v 0.003121 0.289920 0.016811
v 0.003236 0.289920 0.016964
v 0.003365 0.289920 0.017085
v 0.003506 0.289920 0.017173
v 0.003660 0.289920 0.017226
v 0.003825 0.289920 0.017244
v 0.003990 0.289920 0.017226
v 0.004144 0.289920 0.017173
v 0.004285 0.289920 0.017085
v 0.004414 0.289920 0.016964
v 0.004529 0.289920 0.016811
v 0.004630 0.289920 0.016627
v 0.004718 0.289920 0.016414
v 0.004790 0.289920 0.016171
v 0.004848 0.289920 0.015900
v 0.004889 0.289920 0.015602
v 0.004914 0.289920 0.015279
v 0.004923 0.289920 0.014931
v 0.004914 0.289920 0.014583
v 0.004889 0.289920 0.014260
v 0.004848 0.289920 0.013962
v 0.004790 0.289920 0.013691
v 0.004718 0.289920 0.013448
v 0.004630 0.289920 0.013234
v 0.004529 0.289920 0.013051
v 0.004414 0.289920 0.012898
v 0.004285 0.289920 0.012777
v 0.004144 0.289920 0.012689
v 0.003990 0.289920 0.012636
v 0.003825 0.289920 0.012618
v -0.001107 0.289920 0.018000
v -0.001107 0.289920 0.011862
v -0.000225 0.289920 0.011862
v -0.000225 0.289920 0.018000
v -0.005490 0.289920 0.011781
v -0.007254 0.289920 0.018081
v -0.007884 0.289920 0.018081
v -0.006120 0.289920 0.011781
v -0.011119 0.289920 0.013095
v -0.011248 0.289920 0.012993
v -0.011376 0.289920 0.012903
v -0.011502 0.289920 0.012826
v -0.011627 0.289920 0.012761
v -0.011749 0.289920 0.012707
v -0.011870 0.289920 0.012663
v -0.011988 0.289920 0.012629
v -0.012103 0.289920 0.012603
v -0.012215 0.289920 0.012586
v -0.012324 0.289920 0.012576
v -0.012429 0.289920 0.012573
v -0.012567 0.289920 0.012579
v -0.012698 0.289920 0.012597
v -0.012820 0.289920 0.012626
v -0.012933 0.289920 0.012666
v -0.013036 0.289920 0.012716
v -0.013128 0.289920 0.012775
v -0.013208 0.289920 0.012844
v -0.013275 0.289920 0.012921
v -0.013329 0.289920 0.013006
v -0.013368 0.289920 0.013098
v -0.013393 0.289920 0.013197
v -0.013401 0.289920 0.013302
v -0.013349 0.289920 0.013574
v -0.013204 0.289920 0.013806
v -0.012986 0.289920 0.014011
v -0.012713 0.289920 0.014199
v -0.012402 0.289920 0.014381
v -0.012074 0.289920 0.014569
v -0.011745 0.289920 0.014772
v -0.011434 0.289920 0.015003
v -0.011161 0.289920 0.015271
v -0.010943 0.289920 0.015589
v -0.010798 0.289920 0.015967
v -0.010746 0.289920 0.016416
v -0.010761 0.289920 0.016651
v -0.010805 0.289920 0.016874
v -0.010875 0.289920 0.017082
v -0.010972 0.289920 0.017276
v -0.011092 0.289920 0.017452
v -0.011234 0.289920 0.017610
v -0.011397 0.289920 0.017747
v -0.011579 0.289920 0.017863
v -0.011779 0.289920 0.017956
v -0.011994 0.289920 0.018025
v -0.012223 0.289920 0.018067
v -0.012465 0.289920 0.018081
v -0.012629 0.289920 0.018077
v -0.012788 0.289920 0.018066
v -0.012942 0.289920 0.018047
v -0.013093 0.289920 0.018020
v -0.013239 0.289920 0.017985
v -0.013382 0.289920 0.017943
v -0.013522 0.289920 0.017892
v -0.013658 0.289920 0.017833
v -0.013793 0.289920 0.017766
v -0.013925 0.289920 0.017690
v -0.014055 0.289920 0.017606
v -0.014184 0.289920 0.017514
v -0.014184 0.289920 0.016398
v -0.014069 0.289920 0.016537
v -0.013950 0.289920 0.016664
v -0.013826 0.289920 0.016780
v -0.013698 0.289920 0.016885
v -0.013566 0.289920 0.016978
v -0.013431 0.289920 0.017059
v -0.013293 0.289920 0.017129
v -0.013152 0.289920 0.017186
v -0.013008 0.289920 0.017231
v -0.012862 0.289920 0.017263
v -0.012714 0.289920 0.017282
v -0.012564 0.289920 0.017289
v -0.012401 0.289920 0.017280
v -0.012253 0.289920 0.017255
v -0.012119 0.289920 0.017216
v -0.012001 0.289920 0.017164
v -0.011897 0.289920 0.017102
v -0.011808 0.289920 0.017030
v -0.011733 0.289920 0.016952
v -0.011672 0.289920 0.016868
v -0.011625 0.289920 0.016780
v -0.011591 0.289920 0.016691
v -0.011572 0.289920 0.016602
v -0.011565 0.289920 0.016515
v -0.011617 0.289920 0.016220
v -0.011762 0.289920 0.015962
v -0.011980 0.289920 0.015733
v -0.012253 0.289920 0.015522
v -0.012564 0.289920 0.015322
v -0.012893 0.289920 0.015122
v -0.013221 0.289920 0.014914
v -0.013532 0.289920 0.014688
v -0.013805 0.289920 0.014434
v -0.014023 0.289920 0.014145
v -0.014168 0.289920 0.013809
v -0.014220 0.289920 0.013419
v -0.014205 0.289920 0.013177
v -0.014160 0.289920 0.012951
v -0.014087 0.289920 0.012742
v -0.013987 0.289920 0.012550
v -0.013861 0.289920 0.012378
v -0.013710 0.289920 0.012225
v -0.013536 0.289920 0.012094
v -0.013340 0.289920 0.011984
v -0.013123 0.289920 0.011896
v -0.012886 0.289920 0.011833
v -0.012630 0.289920 0.011794
v -0.012357 0.289920 0.011781
v -0.012240 0.289920 0.011784
v -0.012123 0.289920 0.011793
v -0.012007 0.289920 0.011808
v -0.011890 0.289920 0.011829
v -0.011775 0.289920 0.011856
v -0.011660 0.289920 0.011889
v -0.011545 0.289920 0.011928
v -0.011432 0.289920 0.011973
v -0.011319 0.289920 0.012024
v -0.011208 0.289920 0.012081
v -0.011098 0.289920 0.012144
v -0.010989 0.289920 0.012213
v -0.010989 0.289920 0.013212
v -0.015910 0.289920 0.012590
v -0.016118 0.289920 0.012738
v -0.016319 0.289920 0.012900
v -0.016512 0.289920 0.013073
v -0.016694 0.289920 0.013257
v -0.016866 0.289920 0.013449
v -0.017025 0.289920 0.013649
v -0.017169 0.289920 0.013855
v -0.017298 0.289920 0.014065
v -0.017410 0.289920 0.014277
v -0.017504 0.289920 0.014492
v -0.017577 0.289920 0.014706
v -0.017515 0.289920 0.014675
v -0.017449 0.289920 0.014644
v -0.017381 0.289920 0.014613
v -0.017309 0.289920 0.014585
v -0.017234 0.289920 0.014558
v -0.017156 0.289920 0.014533
v -0.017075 0.289920 0.014511
v -0.016990 0.289920 0.014491
v -0.016901 0.289920 0.014476
v -0.016809 0.289920 0.014464
v -0.016713 0.289920 0.014457
v -0.016614 0.289920 0.014454
v -0.016374 0.289920 0.014470
v -0.016146 0.289920 0.014516
v -0.015932 0.289920 0.014591
v -0.015732 0.289920 0.014692
v -0.015550 0.289920 0.014819
v -0.015387 0.289920 0.014968
v -0.015244 0.289920 0.015139
v -0.015123 0.289920 0.015329
v -0.015026 0.289920 0.015536
v -0.014954 0.289920 0.015759
v -0.014910 0.289920 0.015996
v -0.014895 0.289920 0.016245
v -0.014912 0.289920 0.016491
v -0.014961 0.289920 0.016728
v -0.015040 0.289920 0.016953
v -0.015146 0.289920 0.017165
v -0.015277 0.289920 0.017361
v -0.015432 0.289920 0.017538
v -0.015606 0.289920 0.017694
v -0.015799 0.289920 0.017827
v -0.016007 0.289920 0.017935
v -0.016229 0.289920 0.018014
v -0.016462 0.289920 0.018064
v -0.016704 0.289920 0.018081
v -0.016991 0.289920 0.018063
v -0.017260 0.289920 0.018010
v -0.017511 0.289920 0.017923
v -0.017741 0.289920 0.017804
v -0.017950 0.289920 0.017655
v -0.018136 0.289920 0.017478
v -0.018297 0.289920 0.017274
v -0.018433 0.289920 0.017044
v -0.018540 0.289920 0.016790
v -0.018619 0.289920 0.016514
v -0.018668 0.289920 0.016218
v -0.018684 0.289920 0.015903
v -0.018666 0.289920 0.015519
v -0.018613 0.289920 0.015137
v -0.018524 0.289920 0.014759
v -0.018401 0.289920 0.014386
v -0.018244 0.289920 0.014021
v -0.018053 0.289920 0.013663
v -0.017829 0.289920 0.013316
v -0.017572 0.289920 0.012980
v -0.017283 0.289920 0.012657
v -0.016962 0.289920 0.012348
v -0.016610 0.289920 0.012056
v -0.016227 0.289920 0.011781
v -0.015696 0.289920 0.012456
v -0.016616 0.289920 0.017236
v -0.016482 0.289920 0.017211
v -0.016358 0.289920 0.017171
v -0.016244 0.289920 0.017117
v -0.016140 0.289920 0.017048
v -0.016048 0.289920 0.016966
v -0.015968 0.289920 0.016872
v -0.015901 0.289920 0.016765
v -0.015848 0.289920 0.016648
v -0.015809 0.289920 0.016520
v -0.015785 0.289920 0.016383
v -0.015777 0.289920 0.016236
v -0.015786 0.289920 0.016104
v -0.015812 0.289920 0.015979
v -0.015854 0.289920 0.015861
v -0.015911 0.289920 0.015751
v -0.015982 0.289920 0.015651
v -0.016066 0.289920 0.015561
v -0.016163 0.289920 0.015482
v -0.016270 0.289920 0.015416
v -0.016388 0.289920 0.015363
v -0.016516 0.289920 0.015323
v -0.016651 0.289920 0.015299
v -0.016794 0.289920 0.015291
v -0.016885 0.289920 0.015293
v -0.016970 0.289920 0.015297
v -0.017051 0.289920 0.015306
v -0.017128 0.289920 0.015319
v -0.017203 0.289920 0.015336
v -0.017277 0.289920 0.015358
v -0.017351 0.289920 0.015386
v -0.017426 0.289920 0.015419
v -0.017504 0.289920 0.015458
v -0.017586 0.289920 0.015503
v -0.017673 0.289920 0.015556
v -0.017766 0.289920 0.015615
v -0.017808 0.289920 0.015859
v -0.017817 0.289920 0.016086
v -0.017797 0.289920 0.016295
v -0.017751 0.289920 0.016485
v -0.017681 0.289920 0.016657
v -0.017589 0.289920 0.016807
v -0.017480 0.289920 0.016937
v -0.017355 0.289920 0.017046
v -0.017218 0.289920 0.017131
v -0.017071 0.289920 0.017193
v -0.016917 0.289920 0.017231
v -0.016758 0.289920 0.017244
v -0.015910 0.289920 0.012590
v -0.015910 0.290080 0.012590
v -0.016118 0.289920 0.012738
v -0.016118 0.290080 0.012738
v -0.016319 0.289920 0.012900
v -0.016319 0.290080 0.012900
v -0.016512 0.289920 0.013073
v -0.016512 0.290080 0.013073
v -0.016694 0.289920 0.013257
v -0.016694 0.290080 0.013257
v -0.016866 0.289920 0.013449
v -0.016866 0.290080 0.013449
v -0.017025 0.289920 0.013649
v -0.017025 0.290080 0.013649
v -0.017169 0.289920 0.013855
v -0.017169 0.290080 0.013855
v -0.017298 0.289920 0.014065
v -0.017298 0.290080 0.014065
v -0.017410 0.289920 0.014277
v -0.017410 0.290080 0.014277
v -0.017504 0.289920 0.014492
v -0.017504 0.290080 0.014492
v -0.017577 0.289920 0.014706
v -0.017577 0.290080 0.014706
v -0.017515 0.289920 0.014675
v -0.017515 0.290080 0.014675
v -0.017449 0.289920 0.014644
v -0.017449 0.290080 0.014644
v -0.017381 0.289920 0.014613
v -0.017381 0.290080 0.014613
v -0.017309 0.289920 0.014585
v -0.017309 0.290080 0.014585
v -0.017234 0.289920 0.014558
v -0.017234 0.290080 0.014558
v -0.017156 0.289920 0.014533
v -0.017156 0.290080 0.014533
v -0.017075 0.289920 0.014511
v -0.017075 0.290080 0.014511
v -0.016990 0.289920 0.014491
v -0.016990 0.290080 0.014491
v -0.016901 0.289920 0.014476
v -0.016901 0.290080 0.014476
v -0.016809 0.289920 0.014464
v -0.016809 0.290080 0.014464
v -0.016713 0.289920 0.014457
v -0.016713 0.290080 0.014457
v -0.016614 0.289920 0.014454
v -0.016614 0.290080 0.014454
v -0.016374 0.289920 0.014470
v -0.016374 0.290080 0.014470
v -0.016146 0.289920 0.014516
v -0.016146 0.290080 0.014516
v -0.015932 0.289920 0.014591
v -0.015932 0.290080 0.014591
v -0.015732 0.289920 0.014692
v -0.015732 0.290080 0.014692
v -0.015550 0.289920 0.014819
v -0.015550 0.290080 0.014819
v -0.015387 0.289920 0.014968
v -0.015387 0.290080 0.014968
v -0.015244 0.289920 0.015139
v -0.015244 0.290080 0.015139
v -0.015123 0.289920 0.015329
v -0.015123 0.290080 0.015329
v -0.015026 0.289920 0.015536
v -0.015026 0.290080 0.015536
v -0.014954 0.289920 0.015759
v -0.014954 0.290080 0.015759
v -0.014910 0.289920 0.015996
v -0.014910 0.290080 0.015996
v -0.014895 0.289920 0.016245
v -0.014895 0.290080 0.016245
v -0.014912 0.289920 0.016491
v -0.014912 0.290080 0.016491
v -0.014961 0.289920 0.016728
v -0.014961 0.290080 0.016728
v -0.015040 0.289920 0.016953
v -0.015040 0.290080 0.016953
v -0.015146 0.289920 0.017165
v -0.015146 0.290080 0.017165
v -0.015277 0.289920 0.017361
v -0.015277 0.290080 0.017361
v -0.015432 0.289920 0.017538
v -0.015432 0.290080 0.017538
v -0.015606 0.289920 0.017694
v -0.015606 0.290080 0.017694
v -0.015799 0.289920 0.017827
v -0.015799 0.290080 0.017827
v -0.016007 0.289920 0.017935
v -0.016007 0.290080 0.017935
v -0.016229 0.289920 0.018014
v -0.016229 0.290080 0.018014
v -0.016462 0.289920 0.018064
v -0.016462 0.290080 0.018064
v -0.016704 0.289920 0.018081
v -0.016704 0.290080 0.018081
v -0.016991 0.289920 0.018063
v -0.016991 0.290080 0.018063
v -0.017260 0.289920 0.018010
v -0.017260 0.290080 0.018010
v -0.017511 0.289920 0.017923
v -0.017511 0.290080 0.017923
v -0.017741 0.289920 0.017804
v -0.017741 0.290080 0.017804
v -0.017950 0.289920 0.017655
v -0.017950 0.290080 0.017655
v -0.018136 0.289920 0.017478
v -0.018136 0.290080 0.017478
v -0.018297 0.289920 0.017274
v -0.018297 0.290080 0.017274
v -0.018433 0.289920 0.017044
v -0.018433 0.290080 0.017044
v -0.018540 0.289920 0.016790
v -0.018540 0.290080 0.016790
v -0.018619 0.289920 0.016514
v -0.018619 0.290080 0.016514
v -0.018668 0.289920 0.016218
v -0.018668 0.290080 0.016218
v -0.018684 0.289920 0.015903
v -0.018684 0.290080 0.015903
v -0.018666 0.289920 0.015519
v -0.018666 0.290080 0.015519
v -0.018613 0.289920 0.015137
v -0.018613 0.290080 0.015137
v -0.018524 0.289920 0.014759
v -0.018524 0.290080 0.014759
v -0.018401 0.289920 0.014386
v -0.018401 0.290080 0.014386
v -0.018244 0.289920 0.014021
v -0.018244 0.290080 0.014021
v -0.018053 0.289920 0.013663
v -0.018053 0.290080 0.013663
v -0.017829 0.289920 0.013316
v -0.017829 0.290080 0.013316
v -0.017572 0.289920 0.012980
v -0.017572 0.290080 0.012980
v -0.017283 0.289920 0.012657
v -0.017283 0.290080 0.012657
v -0.016962 0.289920 0.012348
v -0.016962 0.290080 0.012348
v -0.016610 0.289920 0.012056
v -0.016610 0.290080 0.012056
v -0.016227 0.289920 0.011781
v -0.016227 0.290080 0.011781
v -0.015696 0.289920 0.012456
v -0.015696 0.290080 0.012456
v -0.016616 0.289920 0.017236
v -0.016616 0.290080 0.017236
v -0.016482 0.289920 0.017211
v -0.016482 0.290080 0.017211
v -0.016358 0.289920 0.017171
v -0.016358 0.290080 0.017171
v -0.016244 0.289920 0.017117
v -0.016244 0.290080 0.017117
v -0.016140 0.289920 0.017048
v -0.016140 0.290080 0.017048
v -0.016048 0.289920 0.016966
v -0.016048 0.290080 0.016966
v -0.015968 0.289920 0.016872
v -0.015968 0.290080 0.016872
v -0.015901 0.289920 0.016765
v -0.015901 0.290080 0.016765
v -0.015848 0.289920 0.016648
v -0.015848 0.290080 0.016648
v -0.015809 0.289920 0.016520
v -0.015809 0.290080 0.016520
v -0.015785 0.289920 0.016383
v -0.015785 0.290080 0.016383
v -0.015777 0.289920 0.016236
v -0.015777 0.290080 0.016236
v -0.015786 0.289920 0.016104
v -0.015786 0.290080 0.016104
v -0.015812 0.289920 0.015979
v -0.015812 0.290080 0.015979
v -0.015854 0.289920 0.015861
v -0.015854 0.290080 0.015861
v -0.015911 0.289920 0.015751
v -0.015911 0.290080 0.015751
v -0.015982 0.289920 0.015651
v -0.015982 0.290080 0.015651
v -0.016066 0.289920 0.015561
v -0.016066 0.290080 0.015561
v -0.016163 0.289920 0.015482
v -0.016163 0.290080 0.015482
v -0.016270 0.289920 0.015416
v -0.016270 0.290080 0.015416
v -0.016388 0.289920 0.015363
v -0.016388 0.290080 0.015363
v -0.016516 0.289920 0.015323
v -0.016516 0.290080 0.015323
v -0.016651 0.289920 0.015299
v -0.016651 0.290080 0.015299
v -0.016794 0.289920 0.015291
v -0.016794 0.290080 0.015291
v -0.016885 0.289920 0.015293
v -0.016885 0.290080 0.015293
v -0.016970 0.289920 0.015297
v -0.016970 0.290080 0.015297
v -0.017051 0.289920 0.015306
v -0.017051 0.290080 0.015306
v -0.017128 0.289920 0.015319
v -0.017128 0.290080 0.015319
v -0.017203 0.289920 0.015336
v -0.017203 0.290080 0.015336
v -0.017277 0.289920 0.015358
v -0.017277 0.290080 0.015358
v -0.017351 0.289920 0.015386
v -0.017351 0.290080 0.015386
v -0.017426 0.289920 0.015419
v -0.017426 0.290080 0.015419
v -0.017504 0.289920 0.015458
v -0.017504 0.290080 0.015458
v -0.017586 0.289920 0.015503
v -0.017586 0.290080 0.015503
v -0.017673 0.289920 0.015556
v -0.017673 0.290080 0.015556
v -0.017766 0.289920 0.015615
v -0.017766 0.290080 0.015615
v -0.017808 0.289920 0.015859
v -0.017808 0.290080 0.015859
v -0.017817 0.289920 0.016086
v -0.017817 0.290080 0.016086
v -0.017797 0.289920 0.016295
v -0.017797 0.290080 0.016295
v -0.017751 0.289920 0.016485
v -0.017751 0.290080 0.016485
v -0.017681 0.289920 0.016657
v -0.017681 0.290080 0.016657
v -0.017589 0.289920 0.016807
v -0.017589 0.290080 0.016807
v -0.017480 0.289920 0.016937
v -0.017480 0.290080 0.016937
v -0.017355 0.289920 0.017046
v -0.017355 0.290080 0.017046
v -0.017218 0.289920 0.017131
v -0.017218 0.290080 0.017131
v -0.017071 0.289920 0.017193
v -0.017071 0.290080 0.017193
v -0.016917 0.289920 0.017231
v -0.016917 0.290080 0.017231
v -0.016758 0.289920 0.017244
v -0.016758 0.290080 0.017244
v -0.011119 0.289920 0.013095
v -0.011119 0.290080 0.013095
v -0.011248 0.289920 0.012993
v -0.011248 0.290080 0.012993
v -0.011376 0.289920 0.012903
v -0.011376 0.290080 0.012903
v -0.011502 0.289920 0.012826
v -0.011502 0.290080 0.012826
v -0.011627 0.289920 0.012761
v -0.011627 0.290080 0.012761
v -0.011749 0.289920 0.012707
v -0.011749 0.290080 0.012707
v -0.011870 0.289920 0.012663
v -0.011870 0.290080 0.012663
v -0.011988 0.289920 0.012629
v -0.011988 0.290080 0.012629
v -0.012103 0.289920 0.012603
v -0.012103 0.290080 0.012603
v -0.012215 0.289920 0.012586
v -0.012215 0.290080 0.012586
v -0.012324 0.289920 0.012576
v -0.012324 0.290080 0.012576
v -0.012429 0.289920 0.012573
v -0.012429 0.290080 0.012573
v -0.012567 0.289920 0.012579
v -0.012567 0.290080 0.012579
v -0.012698 0.289920 0.012597
v -0.012698 0.290080 0.012597
v -0.012820 0.289920 0.012626
v -0.012820 0.290080 0.012626
v -0.012933 0.289920 0.012666
v -0.012933 0.290080 0.012666
v -0.013036 0.289920 0.012716
v -0.013036 0.290080 0.012716
v -0.013128 0.289920 0.012775
v -0.013128 0.290080 0.012775
v -0.013208 0.289920 0.012844
v -0.013208 0.290080 0.012844
v -0.013275 0.289920 0.012921
v -0.013275 0.290080 0.012921
v -0.013329 0.289920 0.013006
v -0.013329 0.290080 0.013006
v -0.013368 0.289920 0.013098
v -0.013368 0.290080 0.013098
v -0.013393 0.289920 0.013197
v -0.013393 0.290080 0.013197
v -0.013401 0.289920 0.013302
v -0.013401 0.290080 0.013302
v -0.013349 0.289920 0.013574
v -0.013349 0.290080 0.013574
v -0.013204 0.289920 0.013806
v -0.013204 0.290080 0.013806
v -0.012986 0.289920 0.014011
v -0.012986 0.290080 0.014011
v -0.012713 0.289920 0.014199
v -0.012713 0.290080 0.014199
v -0.012402 0.289920 0.014381
v -0.012402 0.290080 0.014381
v -0.012074 0.289920 0.014569
v -0.012074 0.290080 0.014569
v -0.011745 0.289920 0.014772
v -0.011745 0.290080 0.014772
v -0.011434 0.289920 0.015003
v -0.011434 0.290080 0.015003
v -0.011161 0.289920 0.015271
v -0.011161 0.290080 0.015271
v -0.010943 0.289920 0.015589
v -0.010943 0.290080 0.015589
v -0.010798 0.289920 0.015967
v -0.010798 0.290080 0.015967
v -0.010746 0.289920 0.016416
v -0.010746 0.290080 0.016416
v -0.010761 0.289920 0.016651
v -0.010761 0.290080 0.016651
v -0.010805 0.289920 0.016874
v -0.010805 0.290080 0.016874
v -0.010875 0.289920 0.017082
v -0.010875 0.290080 0.017082
v -0.010972 0.289920 0.017276
v -0.010972 0.290080 0.017276
v -0.011092 0.289920 0.017452
v -0.011092 0.290080 0.017452
v -0.011234 0.289920 0.017610
v -0.011234 0.290080 0.017610
v -0.011397 0.289920 0.017747
v -0.011397 0.290080 0.017747
v -0.011579 0.289920 0.017863
v -0.011579 0.290080 0.017863
v -0.011779 0.289920 0.017956
v -0.011779 0.290080 0.017956
v -0.011994 0.289920 0.018025
v -0.011994 0.290080 0.018025
v -0.012223 0.289920 0.018067
v -0.012223 0.290080 0.018067
v -0.012465 0.289920 0.018081
v -0.012465 0.290080 0.018081
v -0.012629 0.289920 0.018077
v -0.012629 0.290080 0.018077
v -0.012788 0.289920 0.018066
v -0.012788 0.290080 0.018066
v -0.012942 0.289920 0.018047
v -0.012942 0.290080 0.018047
v -0.013093 0.289920 0.018020
v -0.013093 0.290080 0.018020
v -0.013239 0.289920 0.017985
v -0.013239 0.290080 0.017985
v -0.013382 0.289920 0.017943
v -0.013382 0.290080 0.017943
v -0.013522 0.289920 0.017892
v -0.013522 0.290080 0.017892
v -0.013658 0.289920 0.017833
v -0.013658 0.290080 0.017833
v -0.013793 0.289920 0.017766
v -0.013793 0.290080 0.017766
v -0.013925 0.289920 0.017690
v -0.013925 0.290080 0.017690
v -0.014055 0.289920 0.017606
v -0.014055 0.290080 0.017606
v -0.014184 0.289920 0.017514
v -0.014184 0.290080 0.017514
v -0.014184 0.289920 0.016398
v -0.014184 0.290080 0.016398
v -0.014069 0.289920 0.016537
v -0.014069 0.290080 0.016537
v -0.013950 0.289920 0.016664
v -0.013950 0.290080 0.016664
v -0.013826 0.289920 0.016780
v -0.013826 0.290080 0.016780
v -0.013698 0.289920 0.016885
v -0.013698 0.290080 0.016885
v -0.013566 0.289920 0.016978
v -0.013566 0.290080 0.016978
v -0.013431 0.289920 0.017059
v -0.013431 0.290080 0.017059
v -0.013293 0.289920 0.017129
v -0.013293 0.290080 0.017129
v -0.013152 0.289920 0.017186
v -0.013152 0.290080 0.017186
v -0.013008 0.289920 0.017231
v -0.013008 0.290080 0.017231
v -0.012862 0.289920 0.017263
v -0.012862 0.290080 0.017263
v -0.012714 0.289920 0.017282
v -0.012714 0.290080 0.017282
v -0.012564 0.289920 0.017289
v -0.012564 0.290080 0.017289
v -0.012401 0.289920 0.017280
v -0.012401 0.290080 0.017280
v -0.012253 0.289920 0.017255
v -0.012253 0.290080 0.017255
v -0.012119 0.289920 0.017216
v -0.012119 0.290080 0.017216
v -0.012001 0.289920 0.017164
v -0.012001 0.290080 0.017164
v -0.011897 0.289920 0.017102
v -0.011897 0.290080 0.017102
v -0.011808 0.289920 0.017030
v -0.011808 0.290080 0.017030
v -0.011733 0.289920 0.016952
v -0.011733 0.290080 0.016952
v -0.011672 0.289920 0.016868
v -0.011672 0.290080 0.016868
v -0.011625 0.289920 0.016780
v -0.011625 0.290080 0.016780
v -0.011591 0.289920 0.016691
v -0.011591 0.290080 0.016691
v -0.011572 0.289920 0.016602
v -0.011572 0.290080 0.016602
v -0.011565 0.289920 0.016515
v -0.011565 0.290080 0.016515
v -0.011617 0.289920 0.016220
v -0.011617 0.290080 0.016220
v -0.011762 0.289920 0.015962
v -0.011762 0.290080 0.015962
v -0.011980 0.289920 0.015733
v -0.011980 0.290080 0.015733
v -0.012253 0.289920 0.015522
v -0.012253 0.290080 0.015522
v -0.012564 0.289920 0.015322
v -0.012564 0.290080 0.015322
v -0.012893 0.289920 0.015122
v -0.012893 0.290080 0.015122
v -0.013221 0.289920 0.014914
v -0.013221 0.290080 0.014914
v -0.013532 0.289920 0.014688
v -0.013532 0.290080 0.014688
v -0.013805 0.289920 0.014434
v -0.013805 0.290080 0.014434
v -0.014023 0.289920 0.014145
v -0.014023 0.290080 0.014145
v -0.014168 0.289920 0.013809
v -0.014168 0.290080 0.013809
v -0.014220 0.289920 0.013419
v -0.014220 0.290080 0.013419
v -0.014205 0.289920 0.013177
v -0.014205 0.290080 0.013177
v -0.014160 0.289920 0.012951
v -0.014160 0.290080 0.012951
v -0.014087 0.289920 0.012742
v -0.014087 0.290080 0.012742
v -0.013987 0.289920 0.012550
v -0.013987 0.290080 0.012550
v -0.013861 0.289920 0.012378
v -0.013861 0.290080 0.012378
v -0.013710 0.289920 0.012225
v -0.013710 0.290080 0.012225
v -0.013536 0.289920 0.012094
v -0.013536 0.290080 0.012094
v -0.013340 0.289920 0.011984
v -0.013340 0.290080 0.011984
v -0.013123 0.289920 0.011896
v -0.013123 0.290080 0.011896
v -0.012886 0.289920 0.011833
v -0.012886 0.290080 0.011833
v -0.012630 0.289920 0.011794
v -0.012630 0.290080 0.011794
v -0.012357 0.289920 0.011781
v -0.012357 0.290080 0.011781
v -0.012240 0.289920 0.011784
v -0.012240 0.290080 0.011784
v -0.012123 0.289920 0.011793
v -0.012123 0.290080 0.011793
v -0.012007 0.289920 0.011808
v -0.012007 0.290080 0.011808
v -0.011890 0.289920 0.011829
v -0.011890 0.290080 0.011829
v -0.011775 0.289920 0.011856
v -0.011775 0.290080 0.011856
v -0.011660 0.289920 0.011889
v -0.011660 0.290080 0.011889
v -0.011545 0.289920 0.011928
v -0.011545 0.290080 0.011928
v -0.011432 0.289920 0.011973
v -0.011432 0.290080 0.011973
v -0.011319 0.289920 0.012024
v -0.011319 0.290080 0.012024
v -0.011208 0.289920 0.012081
v -0.011208 0.290080 0.012081
v -0.011098 0.289920 0.012144
v -0.011098 0.290080 0.012144
v -0.010989 0.289920 0.012213
v -0.010989 0.290080 0.012213
v -0.010989 0.289920 0.013212
v -0.010989 0.290080 0.013212
v -0.005490 0.289920 0.011781
v -0.005490 0.290080 0.011781
v -0.007254 0.289920 0.018081
v -0.007254 0.290080 0.018081
v -0.007884 0.289920 0.018081
v -0.007884 0.290080 0.018081
v -0.006120 0.289920 0.011781
v -0.006120 0.290080 0.011781
v -0.001107 0.289920 0.018000
v -0.001107 0.290080 0.018000
v -0.001107 0.289920 0.011862
v -0.001107 0.290080 0.011862
v -0.000225 0.289920 0.011862
v -0.000225 0.290080 0.011862
v -0.000225 0.289920 0.018000
v -0.000225 0.290080 0.018000
v 0.003536 0.289920 0.018055
v 0.003536 0.290080 0.018055
v 0.003266 0.289920 0.017979
v 0.003266 0.290080 0.017979
v 0.003014 0.289920 0.017855
v 0.003014 0.290080 0.017855
v 0.002784 0.289920 0.017684
v 0.002784 0.290080 0.017684
v 0.002575 0.289920 0.017470
v 0.002575 0.290080 0.017470
v 0.002389 0.289920 0.017215
v 0.002389 0.290080 0.017215
v 0.002229 0.289920 0.016920
v 0.002229 0.290080 0.016920
v 0.002094 0.289920 0.016588
v 0.002094 0.290080 0.016588
v 0.001987 0.289920 0.016221
v 0.001987 0.290080 0.016221
v 0.001909 0.289920 0.015821
v 0.001909 0.290080 0.015821
v 0.001861 0.289920 0.015390
v 0.001861 0.290080 0.015390
v 0.001845 0.289920 0.014931
v 0.001845 0.290080 0.014931
v 0.001861 0.289920 0.014472
v 0.001861 0.290080 0.014472
v 0.001909 0.289920 0.014041
v 0.001909 0.290080 0.014041
v 0.001987 0.289920 0.013641
v 0.001987 0.290080 0.013641
v 0.002094 0.289920 0.013274
v 0.002094 0.290080 0.013274
v 0.002229 0.289920 0.012942
v 0.002229 0.290080 0.012942
v 0.002389 0.289920 0.012647
v 0.002389 0.290080 0.012647
v 0.002575 0.289920 0.012392
v 0.002575 0.290080 0.012392
v 0.002784 0.289920 0.012178
v 0.002784 0.290080 0.012178
v 0.003014 0.289920 0.012007
v 0.003014 0.290080 0.012007
v 0.003266 0.289920 0.011883
v 0.003266 0.290080 0.011883
v 0.003536 0.289920 0.011807
v 0.003536 0.290080 0.011807
v 0.003825 0.289920 0.011781
v 0.003825 0.290080 0.011781
v 0.004114 0.289920 0.011807
v 0.004114 0.290080 0.011807
v 0.004384 0.289920 0.011883
v 0.004384 0.290080 0.011883
v 0.004636 0.289920 0.012007
v 0.004636 0.290080 0.012007
v 0.004866 0.289920 0.012178
v 0.004866 0.290080 0.012178
v 0.005075 0.289920 0.012392
v 0.005075 0.290080 0.012392
v 0.005260 0.289920 0.012647
v 0.005260 0.290080 0.012647
v 0.005421 0.289920 0.012942
v 0.005421 0.290080 0.012942
v 0.005556 0.289920 0.013274
v 0.005556 0.290080 0.013274
v 0.005663 0.289920 0.013641
v 0.005663 0.290080 0.013641
v 0.005741 0.289920 0.014041
v 0.005741 0.290080 0.014041
v 0.005789 0.289920 0.014472
v 0.005789 0.290080 0.014472
v 0.005805 0.289920 0.014931
v 0.005805 0.290080 0.014931
v 0.005789 0.289920 0.015390
v 0.005789 0.290080 0.015390
v 0.005741 0.289920 0.015821
v 0.005741 0.290080 0.015821
v 0.005663 0.289920 0.016221
v 0.005663 0.290080 0.016221
v 0.005556 0.289920 0.016588
v 0.005556 0.290080 0.016588
v 0.005421 0.289920 0.016920
v 0.005421 0.290080 0.016920
v 0.005261 0.289920 0.017215
v 0.005261 0.290080 0.017215
v 0.005075 0.289920 0.017470
v 0.005075 0.290080 0.017470
v 0.004866 0.289920 0.017684
v 0.004866 0.290080 0.017684
v 0.004636 0.289920 0.017855
v 0.004636 0.290080 0.017855
v 0.004384 0.289920 0.017979
v 0.004384 0.290080 0.017979
v 0.004114 0.289920 0.018055
v 0.004114 0.290080 0.018055
v 0.003825 0.289920 0.018081
v 0.003825 0.290080 0.018081
v 0.003660 0.289920 0.012636
v 0.003660 0.290080 0.012636
v 0.003506 0.289920 0.012689
v 0.003506 0.290080 0.012689
v 0.003365 0.289920 0.012777
v 0.003365 0.290080 0.012777
v 0.003236 0.289920 0.012898
v 0.003236 0.290080 0.012898
v 0.003121 0.289920 0.013051
v 0.003121 0.290080 0.013051
v 0.003019 0.289920 0.013234
v 0.003019 0.290080 0.013234
v 0.002932 0.289920 0.013448
v 0.002932 0.290080 0.013448
v 0.002860 0.289920 0.013691
v 0.002860 0.290080 0.013691
v 0.002802 0.289920 0.013962
v 0.002802 0.290080 0.013962
v 0.002761 0.289920 0.014260
v 0.002761 0.290080 0.014260
v 0.002736 0.289920 0.014583
v 0.002736 0.290080 0.014583
v 0.002727 0.289920 0.014931
v 0.002727 0.290080 0.014931
v 0.002736 0.289920 0.015279
v 0.002736 0.290080 0.015279
v 0.002761 0.289920 0.015602
v 0.002761 0.290080 0.015602
v 0.002802 0.289920 0.015900
v 0.002802 0.290080 0.015900
v 0.002860 0.289920 0.016171
v 0.002860 0.290080 0.016171
v 0.002932 0.289920 0.016414
v 0.002932 0.290080 0.016414
v 0.003019 0.289920 0.016627
v 0.003019 0.290080 0.016627
v 0.003121 0.289920 0.016811
v 0.003121 0.290080 0.016811
v 0.003236 0.289920 0.016964
v 0.003236 0.290080 0.016964
v 0.003365 0.289920 0.017085
v 0.003365 0.290080 0.017085
v 0.003506 0.289920 0.017173
v 0.003506 0.290080 0.017173
v 0.003660 0.289920 0.017226
v 0.003660 0.290080 0.017226
v 0.003825 0.289920 0.017244
v 0.003825 0.290080 0.017244
v 0.003990 0.289920 0.017226
v 0.003990 0.290080 0.017226
v 0.004144 0.289920 0.017173
v 0.004144 0.290080 0.017173
v 0.004285 0.289920 0.017085
v 0.004285 0.290080 0.017085
v 0.004414 0.289920 0.016964
v 0.004414 0.290080 0.016964
v 0.004529 0.289920 0.016811
v 0.004529 0.290080 0.016811
v 0.004630 0.289920 0.016627
v 0.004630 0.290080 0.016627
v 0.004718 0.289920 0.016414
v 0.004718 0.290080 0.016414
v 0.004790 0.289920 0.016171
v 0.004790 0.290080 0.016171
v 0.004848 0.289920 0.015900
v 0.004848 0.290080 0.015900
v 0.004889 0.289920 0.015602
v 0.004889 0.290080 0.015602
v 0.004914 0.289920 0.015279
v 0.004914 0.290080 0.015279
v 0.004923 0.289920 0.014931
v 0.004923 0.290080 0.014931
v 0.004914 0.289920 0.014583
v 0.004914 0.290080 0.014583
v 0.004889 0.289920 0.014260
v 0.004889 0.290080 0.014260
v 0.004848 0.289920 0.013962
v 0.004848 0.290080 0.013962
v 0.004790 0.289920 0.013691
v 0.004790 0.290080 0.013691
v 0.004718 0.289920 0.013448
v 0.004718 0.290080 0.013448
v 0.004630 0.289920 0.013234
v 0.004630 0.290080 0.013234
v 0.004529 0.289920 0.013051
v 0.004529 0.290080 0.013051
v 0.004414 0.289920 0.012898
v 0.004414 0.290080 0.012898
v 0.004285 0.289920 0.012777
v 0.004285 0.290080 0.012777
v 0.004144 0.289920 0.012689
v 0.004144 0.290080 0.012689
v 0.003990 0.289920 0.012636
v 0.003990 0.290080 0.012636
v 0.003825 0.289920 0.012618
v 0.003825 0.290080 0.012618
v 0.013680 0.289920 0.018000
v 0.013680 0.290080 0.018000
v 0.012861 0.289920 0.016191
v 0.012861 0.290080 0.016191
v 0.010251 0.289920 0.016191
v 0.010251 0.290080 0.016191
v 0.009477 0.289920 0.018000
v 0.009477 0.290080 0.018000
v 0.008577 0.289920 0.018000
v 0.008577 0.290080 0.018000
v 0.011214 0.289920 0.011826
v 0.011214 0.290080 0.011826
v 0.011835 0.289920 0.011826
v 0.011835 0.290080 0.011826
v 0.014580 0.289920 0.018000
v 0.014580 0.290080 0.018000
v 0.012501 0.289920 0.015399
v 0.012501 0.290080 0.015399
v 0.011511 0.289920 0.013176
v 0.011511 0.290080 0.013176
v 0.010593 0.289920 0.015399
v 0.010593 0.290080 0.015399
v 0.015948 0.289920 0.014490
v 0.015948 0.290080 0.014490
v 0.016027 0.289920 0.014397
v 0.016027 0.290080 0.014397
v 0.016112 0.289920 0.014310
v 0.016112 0.290080 0.014310
v 0.016202 0.289920 0.014231
v 0.016202 0.290080 0.014231
v 0.016297 0.289920 0.014159
v 0.016297 0.290080 0.014159
v 0.016395 0.289920 0.014095
v 0.016395 0.290080 0.014095
v 0.016497 0.289920 0.014039
v 0.016497 0.290080 0.014039
v 0.016602 0.289920 0.013991
v 0.016602 0.290080 0.013991
v 0.016709 0.289920 0.013951
v 0.016709 0.290080 0.013951
v 0.016819 0.289920 0.013919
v 0.016819 0.290080 0.013919
v 0.016930 0.289920 0.013896
v 0.016930 0.290080 0.013896
v 0.017042 0.289920 0.013883
v 0.017042 0.290080 0.013883
v 0.017154 0.289920 0.013878
v 0.017154 0.290080 0.013878
v 0.017347 0.289920 0.013889
v 0.017347 0.290080 0.013889
v 0.017531 0.289920 0.013923
v 0.017531 0.290080 0.013923
v 0.017703 0.289920 0.013980
v 0.017703 0.290080 0.013980
v 0.017863 0.289920 0.014059
v 0.017863 0.290080 0.014059
v 0.018009 0.289920 0.014161
v 0.018009 0.290080 0.014161
v 0.018140 0.289920 0.014286
v 0.018140 0.290080 0.014286
v 0.018254 0.289920 0.014435
v 0.018254 0.290080 0.014435
v 0.018350 0.289920 0.014606
v 0.018350 0.290080 0.014606
v 0.018427 0.289920 0.014801
v 0.018427 0.290080 0.014801
v 0.018484 0.289920 0.015019
v 0.018484 0.290080 0.015019
v 0.018519 0.289920 0.015260
v 0.018519 0.290080 0.015260
v 0.018531 0.289920 0.015525
v 0.018531 0.290080 0.015525
v 0.018531 0.289920 0.018000
v 0.018531 0.290080 0.018000
v 0.017730 0.289920 0.018000
v 0.017730 0.290080 0.018000
v 0.017730 0.289920 0.015498
v 0.017730 0.290080 0.015498
v 0.017724 0.289920 0.015354
v 0.017724 0.290080 0.015354
v 0.017705 0.289920 0.015219
v 0.017705 0.290080 0.015219
v 0.017675 0.289920 0.015094
v 0.017675 0.290080 0.015094
v 0.017633 0.289920 0.014980
v 0.017633 0.290080 0.014980
v 0.017580 0.289920 0.014876
v 0.017580 0.290080 0.014876
v 0.017516 0.289920 0.014785
v 0.017516 0.290080 0.014785
v 0.017443 0.289920 0.014706
v 0.017443 0.290080 0.014706
v 0.017359 0.289920 0.014639
v 0.017359 0.290080 0.014639
v 0.017267 0.289920 0.014587
v 0.017267 0.290080 0.014587
v 0.017165 0.289920 0.014548
v 0.017165 0.290080 0.014548
v 0.017056 0.289920 0.014525
v 0.017056 0.290080 0.014525
v 0.016938 0.289920 0.014517
v 0.016938 0.290080 0.014517
v 0.016852 0.289920 0.014520
v 0.016852 0.290080 0.014520
v 0.016768 0.289920 0.014531
v 0.016768 0.290080 0.014531
v 0.016686 0.289920 0.014549
v 0.016686 0.290080 0.014549
v 0.016605 0.289920 0.014575
v 0.016605 0.290080 0.014575
v 0.016524 0.289920 0.014609
v 0.016524 0.290080 0.014609
v 0.016444 0.289920 0.014651
v 0.016444 0.290080 0.014651
v 0.016363 0.289920 0.014702
v 0.016363 0.290080 0.014702
v 0.016281 0.289920 0.014762
v 0.016281 0.290080 0.014762
v 0.016198 0.289920 0.014832
v 0.016198 0.290080 0.014832
v 0.016112 0.289920 0.014912
v 0.016112 0.290080 0.014912
v 0.016023 0.289920 0.015002
v 0.016023 0.290080 0.015002
v 0.015930 0.289920 0.015102
v 0.015930 0.290080 0.015102
v 0.015930 0.289920 0.018000
v 0.015930 0.290080 0.018000
v 0.015129 0.289920 0.018000
v 0.015129 0.290080 0.018000
v 0.015129 0.289920 0.011862
v 0.015129 0.290080 0.011862
v 0.015930 0.289920 0.011862
v 0.015930 0.290080 0.011862
v 0.015930 0.289920 0.014490
v 0.015930 0.290080 0.014490
vn -0.0000 1.0000 -0.0000
vn -0.0000 -1.0000 -0.0000
vn 0.5560 -0.0000 0.8312
vn 0.6039 -0.0000 0.7971
vn 0.6479 -0.0000 0.7617
vn 0.6890 -0.0000 0.7247
vn 0.7279 -0.0000 0.6857
vn 0.7650 -0.0000 0.6441
vn 0.8007 -0.0000 0.5990
vn 0.8354 -0.0000 0.5496
vn 0.8691 -0.0000 0.4946
vn 0.9015 -0.0000 0.4327
vn 0.9321 -0.0000 0.3622
vn 0.6570 -0.0000 -0.7539
vn -0.4397 -0.0000 -0.8982
vn -0.4157 -0.0000 -0.9095
vn -0.3879 -0.0000 -0.9217
vn -0.3565 -0.0000 -0.9343
vn -0.3214 -0.0000 -0.9469
vn -0.2831 -0.0000 -0.9591
vn -0.2416 -0.0000 -0.9704
vn -0.1973 -0.0000 -0.9803
vn -0.1505 -0.0000 -0.9886
vn -0.1016 -0.0000 -0.9948
vn -0.0512 -0.0000 -0.9987
vn 0.0201 -0.0000 -0.9998
vn 0.1325 -0.0000 -0.9912
vn 0.2645 -0.0000 -0.9644
vn 0.3925 -0.0000 -0.9197
vn 0.5131 -0.0000 -0.8583
vn 0.6237 -0.0000 -0.7817
vn 0.7220 -0.0000 -0.6919
vn 0.8067 -0.0000 -0.5910
vn 0.8765 -0.0000 -0.4813
vn 0.9310 -0.0000 -0.3650
vn 0.9697 -0.0000 -0.2445
vn 0.9925 -0.0000 -0.1220
vn 1.0000 -0.0000 0.0039
vn 0.9907 -0.0000 0.1358
vn 0.9637 -0.0000 0.2669
vn 0.9207 -0.0000 0.3902
vn 0.8635 -0.0000 0.5043
vn 0.7936 -0.0000 0.6084
vn 0.7119 -0.0000 0.7023
vn 0.6188 -0.0000 0.7856
vn 0.5145 -0.0000 0.8575
vn 0.3993 -0.0000 0.9168
vn 0.2739 -0.0000 0.9618
vn 0.1396 -0.0000 0.9902
vn 0.0037 -0.0000 1.0000
vn -0.1287 -0.0000 0.9917
vn -0.2610 -0.0000 0.9653
vn -0.3932 -0.0000 0.9195
vn -0.5202 -0.0000 0.8541
vn -0.6371 -0.0000 0.7708
vn -0.7397 -0.0000 0.6729
vn -0.8254 -0.0000 0.5645
vn -0.8930 -0.0000 0.4501
vn -0.9427 -0.0000 0.3335
vn -0.9759 -0.0000 0.2183
vn -0.9943 -0.0000 0.1068
vn -1.0000 -0.0000 0.0028
vn -0.9957 -0.0000 -0.0927
vn -0.9830 -0.0000 -0.1835
vn -0.9626 -0.0000 -0.2711
vn -0.9350 -0.0000 -0.3546
vn -0.9012 -0.0000 -0.4334
vn -0.8620 -0.0000 -0.5070
vn -0.8181 -0.0000 -0.5751
vn -0.7704 -0.0000 -0.6375
vn -0.7196 -0.0000 -0.6944
vn -0.6664 -0.0000 -0.7456
vn -0.6113 -0.0000 -0.7914
vn 0.1405 -0.0000 -0.9901
vn 0.9852 -0.0000 0.1715
vn -0.1195 -0.0000 -0.9928
vn -0.2435 -0.0000 -0.9699
vn -0.3694 -0.0000 -0.9293
vn -0.4932 -0.0000 -0.8699
vn -0.6103 -0.0000 -0.7922
vn -0.7161 -0.0000 -0.6980
vn -0.8070 -0.0000 -0.5906
vn -0.8804 -0.0000 -0.4742
vn -0.9355 -0.0000 -0.3532
vn -0.9727 -0.0000 -0.2319
vn -0.9935 -0.0000 -0.1135
vn -1.0000 -0.0000 0.0057
vn -0.9909 -0.0000 0.1347
vn -0.9631 -0.0000 0.2691
vn -0.9168 -0.0000 0.3993
vn -0.8531 -0.0000 0.5217
vn -0.7740 -0.0000 0.6332
vn -0.6819 -0.0000 0.7315
vn -0.5794 -0.0000 0.8150
vn -0.4692 -0.0000 0.8831
vn -0.3538 -0.0000 0.9353
vn -0.2356 -0.0000 0.9718
vn -0.1171 -0.0000 0.9931
vn -0.0204 -0.0000 0.9998
vn 0.0375 -0.0000 0.9993
vn 0.0826 -0.0000 0.9966
vn 0.1357 -0.0000 0.9908
vn 0.1948 -0.0000 0.9808
vn 0.2568 -0.0000 0.9665
vn 0.3180 -0.0000 0.9481
vn 0.3748 -0.0000 0.9271
vn 0.4248 -0.0000 0.9053
vn 0.4666 -0.0000 0.8845
vn 0.5001 -0.0000 0.8660
vn 0.5259 -0.0000 0.8506
vn 0.8329 -0.0000 0.5533
vn 0.9945 -0.0000 0.1049
vn 0.9996 -0.0000 -0.0266
vn 0.9861 -0.0000 -0.1661
vn 0.9511 -0.0000 -0.3088
vn 0.8934 -0.0000 -0.4493
vn 0.8132 -0.0000 -0.5820
vn 0.7125 -0.0000 -0.7017
vn 0.5938 -0.0000 -0.8046
vn 0.4602 -0.0000 -0.8878
vn 0.3146 -0.0000 -0.9492
vn 0.1600 -0.0000 -0.9871
vn 0.0111 -0.0000 -0.9999
vn -0.6451 -0.0000 0.7641
vn -0.5982 -0.0000 0.8014
vn -0.5472 -0.0000 0.8370
vn -0.4924 -0.0000 0.8703
vn -0.4344 -0.0000 0.9007
vn -0.3738 -0.0000 0.9275
vn -0.3113 -0.0000 0.9503
vn -0.2478 -0.0000 0.9688
vn -0.1842 -0.0000 0.9829
vn -0.1212 -0.0000 0.9926
vn -0.0598 -0.0000 0.9982
vn 0.0072 -0.0000 1.0000
vn 0.0900 -0.0000 0.9959
vn 0.1842 -0.0000 0.9829
vn 0.2828 -0.0000 0.9592
vn 0.3856 -0.0000 0.9227
vn 0.4915 -0.0000 0.8709
vn 0.5986 -0.0000 0.8011
vn 0.7033 -0.0000 0.7109
vn 0.8845 -0.0000 0.4665
vn 0.9482 -0.0000 0.3175
vn 0.9872 -0.0000 0.1593
vn 0.9985 -0.0000 -0.0556
vn 0.9314 -0.0000 -0.3641
vn 0.7737 -0.0000 -0.6335
vn 0.6274 -0.0000 -0.7787
vn 0.5367 -0.0000 -0.8438
vn 0.5005 -0.0000 -0.8657
vn 0.5106 -0.0000 -0.8598
vn 0.5617 -0.0000 -0.8274
vn 0.6501 -0.0000 -0.7599
vn 0.7661 -0.0000 -0.6427
vn 0.8854 -0.0000 -0.4648
vn 0.9712 -0.0000 -0.2381
vn 0.9997 -0.0000 -0.0262
vn 0.9918 -0.0000 0.1282
vn 0.9663 -0.0000 0.2574
vn 0.9231 -0.0000 0.3845
vn 0.8626 -0.0000 0.5058
vn 0.7860 -0.0000 0.6182
vn 0.6952 -0.0000 0.7188
vn 0.5927 -0.0000 0.8055
vn 0.4810 -0.0000 0.8767
vn 0.3632 -0.0000 0.9317
vn 0.2420 -0.0000 0.9703
vn 0.1202 -0.0000 0.9928
vn 0.0182 -0.0000 0.9998
vn -0.0471 -0.0000 0.9989
vn -0.0968 -0.0000 0.9953
vn -0.1491 -0.0000 0.9888
vn -0.2033 -0.0000 0.9791
vn -0.2586 -0.0000 0.9660
vn -0.3140 -0.0000 0.9494
vn -0.3686 -0.0000 0.9296
vn -0.4214 -0.0000 0.9069
vn -0.4717 -0.0000 0.8817
vn -0.5189 -0.0000 0.8549
vn -0.5623 -0.0000 0.8269
vn -0.8896 -0.0000 0.4567
vn -0.3393 -0.0000 -0.9407
vn 0.7500 -0.0000 -0.6614
vn 0.7074 -0.0000 -0.7068
vn 0.6596 -0.0000 -0.7516
vn 0.6063 -0.0000 -0.7953
vn 0.5473 -0.0000 -0.8370
vn 0.4825 -0.0000 -0.8759
vn 0.4122 -0.0000 -0.9111
vn 0.3367 -0.0000 -0.9416
vn 0.2566 -0.0000 -0.9665
vn 0.1730 -0.0000 -0.9849
vn 0.0870 -0.0000 -0.9962
vn -0.0048 -0.0000 -1.0000
vn -0.1096 -0.0000 -0.9940
vn -0.2246 -0.0000 -0.9744
vn -0.3426 -0.0000 -0.9395
vn -0.4598 -0.0000 -0.8880
vn -0.5721 -0.0000 -0.8202
vn -0.6758 -0.0000 -0.7371
vn -0.7680 -0.0000 -0.6404
vn -0.8467 -0.0000 -0.5321
vn -0.9105 -0.0000 -0.4135
vn -0.9584 -0.0000 -0.2853
vn -0.9891 -0.0000 -0.1473
vn -0.9988 -0.0000 0.0497
vn -0.9418 -0.0000 0.3362
vn -0.8047 -0.0000 0.5937
vn -0.6690 -0.0000 0.7433
vn -0.5764 -0.0000 0.8172
vn -0.5308 -0.0000 0.8475
vn -0.5272 -0.0000 0.8497
vn -0.5624 -0.0000 0.8268
vn -0.6354 -0.0000 0.7722
vn -0.7422 -0.0000 0.6702
vn -0.8648 -0.0000 0.5021
vn -0.9638 -0.0000 0.2666
vn -0.9994 -0.0000 0.0352
vn -0.9917 -0.0000 -0.1285
vn -0.9650 -0.0000 -0.2624
vn -0.9175 -0.0000 -0.3977
vn -0.8490 -0.0000 -0.5283
vn -0.7616 -0.0000 -0.6481
vn -0.6592 -0.0000 -0.7519
vn -0.5474 -0.0000 -0.8369
vn -0.4315 -0.0000 -0.9021
vn -0.3162 -0.0000 -0.9487
vn -0.2047 -0.0000 -0.9788
vn -0.0992 -0.0000 -0.9951
vn -0.0112 -0.0000 -0.9999
vn 0.0512 -0.0000 -0.9987
vn 0.1022 -0.0000 -0.9948
vn 0.1527 -0.0000 -0.9883
vn 0.2026 -0.0000 -0.9793
vn 0.2515 -0.0000 -0.9679
vn 0.2993 -0.0000 -0.9542
vn 0.3458 -0.0000 -0.9383
vn 0.3909 -0.0000 -0.9204
vn 0.4344 -0.0000 -0.9007
vn 0.4763 -0.0000 -0.8793
vn 0.5164 -0.0000 -0.8564
vn 0.8763 -0.0000 -0.4818
vn 0.4078 -0.0000 0.9131
vn 0.7968 -0.0000 -0.6043
vn 0.6043 -0.0000 0.7968
vn -0.7968 -0.0000 0.6043
vn -0.6043 -0.0000 -0.7968
vn -0.7071 -0.0000 0.7071
vn -0.7071 -0.0000 -0.7071
vn 0.7071 -0.0000 -0.7071
vn 0.7071 -0.0000 0.7071
vn -0.1810 -0.0000 0.9835
vn -0.3587 -0.0000 0.9335
vn -0.5205 -0.0000 0.8539
vn -0.6569 -0.0000 0.7540
vn -0.7647 -0.0000 0.6444
vn -0.8456 -0.0000 0.5339
vn -0.9040 -0.0000 0.4275
vn -0.9447 -0.0000 0.3280
vn -0.9717 -0.0000 0.2361
vn -0.9885 -0.0000 0.1513
vn -0.9973 -0.0000 0.0730
vn -1.0000 -0.0000 -0.0000
vn -0.9973 -0.0000 -0.0730
vn -0.9885 -0.0000 -0.1513
vn -0.9717 -0.0000 -0.2361
vn -0.9447 -0.0000 -0.3280
vn -0.9040 -0.0000 -0.4275
vn -0.8456 -0.0000 -0.5339
vn -0.7647 -0.0000 -0.6444
vn -0.6569 -0.0000 -0.7540
vn -0.5205 -0.0000 -0.8539
vn -0.3587 -0.0000 -0.9335
vn -0.1810 -0.0000 -0.9835
vn -0.0000 -0.0000 -1.0000
vn 0.1810 -0.0000 -0.9835
vn 0.3587 -0.0000 -0.9335
vn 0.5205 -0.0000 -0.8539
vn 0.6569 -0.0000 -0.7540
vn 0.7647 -0.0000 -0.6444
vn 0.8456 -0.0000 -0.5339
vn 0.9040 -0.0000 -0.4275
vn 0.9447 -0.0000 -0.3280
vn 0.9717 -0.0000 -0.2361
vn 0.9885 -0.0000 -0.1513
vn 0.9973 -0.0000 -0.0730
vn 1.0000 -0.0000 -0.0000
vn 0.9973 -0.0000 0.0730
vn 0.9885 -0.0000 0.1513
vn 0.9717 -0.0000 0.2361
vn 0.9447 -0.0000 0.3280
vn 0.9040 -0.0000 0.4275
vn 0.8456 -0.0000 0.5339
vn 0.7647 -0.0000 0.6444
vn 0.6569 -0.0000 0.7540
vn 0.5205 -0.0000 0.8539
vn 0.3587 -0.0000 0.9335
vn 0.1810 -0.0000 0.9835
vn -0.0000 -0.0000 1.0000
vn 0.2196 -0.0000 0.9756
vn 0.4301 -0.0000 0.9028
vn 0.6088 -0.0000 0.7933
vn 0.7443 -0.0000 0.6679
vn 0.8391 -0.0000 0.5440
vn 0.9022 -0.0000 0.4313
vn 0.9432 -0.0000 0.3324
vn 0.9691 -0.0000 0.2468
vn 0.9850 -0.0000 0.1727
vn 0.9941 -0.0000 0.1082
vn 0.9987 -0.0000 0.0513
vn 0.9987 -0.0000 -0.0513
vn 0.9941 -0.0000 -0.1082
vn 0.9850 -0.0000 -0.1727
vn 0.9691 -0.0000 -0.2468
vn 0.9432 -0.0000 -0.3324
vn 0.9022 -0.0000 -0.4313
vn 0.8391 -0.0000 -0.5440
vn 0.7443 -0.0000 -0.6679
vn 0.6088 -0.0000 -0.7933
vn 0.4301 -0.0000 -0.9028
vn 0.2196 -0.0000 -0.9756
vn -0.2196 -0.0000 -0.9756
vn -0.4301 -0.0000 -0.9028
vn -0.6088 -0.0000 -0.7933
vn -0.7443 -0.0000 -0.6679
vn -0.8391 -0.0000 -0.5440
vn -0.9022 -0.0000 -0.4313
vn -0.9432 -0.0000 -0.3324
vn -0.9691 -0.0000 -0.2468
vn -0.9850 -0.0000 -0.1727
vn -0.9941 -0.0000 -0.1082
vn -0.9987 -0.0000 -0.0513
vn -0.9987 -0.0000 0.0513
vn -0.9941 -0.0000 0.1082
vn -0.9850 -0.0000 0.1727
vn -0.9691 -0.0000 0.2468
vn -0.9432 -0.0000 0.3324
vn -0.9022 -0.0000 0.4313
vn -0.8391 -0.0000 0.5440
vn -0.7443 -0.0000 0.6679
vn -0.6088 -0.0000 0.7933
vn -0.4301 -0.0000 0.9028
vn -0.2196 -0.0000 0.9756
vn -0.5420 -0.0000 0.8404
vn 0.5507 -0.0000 0.8347
vn -0.8345 -0.0000 0.5510
vn -0.5510 -0.0000 -0.8345
vn 0.5449 -0.0000 -0.8385
vn 0.8385 -0.0000 0.5449
vn -0.8387 -0.0000 -0.5446
vn 0.0137 -0.0000 0.9999
vn 0.8312 -0.0000 -0.5560
vn -0.4195 -0.0000 -0.9077
vn -0.7378 -0.0000 -0.6750
vn -0.6874 -0.0000 -0.7263
vn -0.6334 -0.0000 -0.7738
vn -0.5760 -0.0000 -0.8174
vn -0.5152 -0.0000 -0.8571
vn -0.4510 -0.0000 -0.8925
vn -0.3835 -0.0000 -0.9235
vn -0.3128 -0.0000 -0.9498
vn -0.2388 -0.0000 -0.9711
vn -0.1618 -0.0000 -0.9868
vn -0.0820 -0.0000 -0.9966
vn 0.0084 -0.0000 -1.0000
vn 0.1200 -0.0000 -0.9928
vn 0.2472 -0.0000 -0.9690
vn 0.3793 -0.0000 -0.9253
vn 0.5108 -0.0000 -0.8597
vn 0.6347 -0.0000 -0.7728
vn 0.7441 -0.0000 -0.6680
vn 0.8342 -0.0000 -0.5515
vn 0.9027 -0.0000 -0.4304
vn 0.9504 -0.0000 -0.3110
vn 0.9802 -0.0000 -0.1981
vn 0.9955 -0.0000 -0.0945
vn 0.9997 -0.0000 -0.0226
vn -0.9998 -0.0000 0.0219
vn -0.9959 -0.0000 0.0903
vn -0.9823 -0.0000 0.1872
vn -0.9567 -0.0000 0.2910
vn -0.9162 -0.0000 0.4007
vn -0.8578 -0.0000 0.5139
vn -0.7791 -0.0000 0.6268
vn -0.6793 -0.0000 0.7339
vn -0.5598 -0.0000 0.8286
vn -0.4251 -0.0000 0.9051
vn -0.2822 -0.0000 0.9594
vn -0.1386 -0.0000 0.9903
vn -0.0139 -0.0000 0.9999
vn 0.0821 -0.0000 0.9966
vn 0.1692 -0.0000 0.9856
vn 0.2587 -0.0000 0.9660
vn 0.3463 -0.0000 0.9381
vn 0.4280 -0.0000 0.9038
vn 0.5011 -0.0000 0.8654
vn 0.5640 -0.0000 0.8257
vn 0.6168 -0.0000 0.7871
vn 0.6600 -0.0000 0.7512
vn 0.6950 -0.0000 0.7190
vn 0.7229 -0.0000 0.6909
vn 0.9315 -0.0000 0.3639
vt 0.946429 0.000000
vt 0.982143 0.000000
vt 0.964286 0.000000
vt 1.000000 0.000000
vt 0.196429 0.000000
vt 0.232143 0.000000
vt 0.214286 0.000000
vt 0.178571 0.000000
vt 0.250000 0.000000
vt 0.160714 0.000000
vt 0.142857 0.000000
vt 0.267857 0.000000
vt 0.125000 0.000000
vt 0.285714 0.000000
vt 0.107143 0.000000
vt 0.089286 0.000000
vt 0.303571 0.000000
vt 0.071429 0.000000
vt 0.053571 0.000000
vt 0.321429 0.000000
vt 0.035714 0.000000
vt 0.339286 0.000000
vt 0.017857 0.000000
vt 0.000000 0.000000
vt 0.696429 0.000000
vt 0.357143 0.000000
vt 0.910714 0.000000
vt 0.892857 0.000000
vt 0.875000 0.000000
vt 0.857143 0.000000
vt 0.839286 0.000000
vt 0.821429 0.000000
vt 0.803571 0.000000
vt 0.785714 0.000000
vt 0.767857 0.000000
vt 0.750000 0.000000
vt 0.732143 0.000000
vt 0.714286 0.000000
vt 0.678571 0.000000
vt 0.660714 0.000000
vt 0.642857 0.000000
vt 0.625000 0.000000
vt 0.375000 0.000000
vt 0.607143 0.000000
vt 0.589286 0.000000
vt 0.571429 0.000000
vt 0.392857 0.000000
vt 0.553571 0.000000
vt 0.535714 0.000000
vt 0.410714 0.000000
vt 0.517857 0.000000
vt 0.928571 0.000000
vt 0.500000 0.000000
vt 0.428571 0.000000
vt 0.482143 0.000000
vt 0.464286 0.000000
vt 0.446429 0.000000
vt 0.400000 0.000000
vt 0.600000 0.000000
vt 0.900000 0.000000
vt 0.700000 0.000000
vt 0.800000 0.000000
vt 0.200000 0.000000
vt 0.100000 0.000000
vt 0.300000 0.000000
vt 0.231579 0.000000
vt 0.252632 0.000000
vt 0.242105 0.000000
vt 0.263158 0.000000
vt 0.221053 0.000000
vt 0.273684 0.000000
vt 0.210526 0.000000
vt 0.284211 0.000000
vt 0.189474 0.000000
vt 0.294737 0.000000
vt 0.178947 0.000000
vt 0.305263 0.000000
vt 0.505263 0.000000
vt 0.989474 0.000000
vt 0.515789 0.000000
vt 0.978947 0.000000
vt 0.168421 0.000000
vt 0.315789 0.000000
vt 0.526316 0.000000
vt 0.968421 0.000000
vt 0.536842 0.000000
vt 0.957895 0.000000
vt 0.547368 0.000000
vt 0.947368 0.000000
vt 0.157895 0.000000
vt 0.326316 0.000000
vt 0.557895 0.000000
vt 0.936842 0.000000
vt 0.568421 0.000000
vt 0.926316 0.000000
vt 0.147368 0.000000
vt 0.336842 0.000000
vt 0.578947 0.000000
vt 0.915789 0.000000
vt 0.136842 0.000000
vt 0.347368 0.000000
vt 0.589474 0.000000
vt 0.905263 0.000000
vt 0.894737 0.000000
vt 0.126316 0.000000
vt 0.357895 0.000000
vt 0.610526 0.000000
vt 0.884211 0.000000
vt 0.115789 0.000000
vt 0.368421 0.000000
vt 0.873684 0.000000
vt 0.621053 0.000000
vt 0.105263 0.000000
vt 0.631579 0.000000
vt 0.863158 0.000000
vt 0.378947 0.000000
vt 0.852632 0.000000
vt 0.642105 0.000000
vt 0.094737 0.000000
vt 0.389474 0.000000
vt 0.652632 0.000000
vt 0.842105 0.000000
vt 0.084211 0.000000
vt 0.663158 0.000000
vt 0.831579 0.000000
vt 0.673684 0.000000
vt 0.821053 0.000000
vt 0.073684 0.000000
vt 0.410526 0.000000
vt 0.684211 0.000000
vt 0.810526 0.000000
vt 0.063158 0.000000
vt 0.421053 0.000000
vt 0.694737 0.000000
vt 0.705263 0.000000
vt 0.789474 0.000000
vt 0.052632 0.000000
vt 0.431579 0.000000
vt 0.715789 0.000000
vt 0.778947 0.000000
vt 0.726316 0.000000
vt 0.768421 0.000000
vt 0.736842 0.000000
vt 0.757895 0.000000
vt 0.042105 0.000000
vt 0.442105 0.000000
vt 0.747368 0.000000
vt 0.031579 0.000000
vt 0.452632 0.000000
vt 0.021053 0.000000
vt 0.463158 0.000000
vt 0.010526 0.000000
vt 0.473684 0.000000
vt 0.484211 0.000000
vt 0.494737 0.000000
vt 0.666667 0.000000
vt 0.333333 0.000000
vt 0.884298 0.000000
vt 0.900826 0.000000
vt 0.892562 0.000000
vt 0.909091 0.000000
vt 0.917355 0.000000
vt 0.876033 0.000000
vt 0.925620 0.000000
vt 0.933884 0.000000
vt 0.867769 0.000000
vt 0.942149 0.000000
vt 0.950413 0.000000
vt 0.859504 0.000000
vt 0.958678 0.000000
vt 0.966942 0.000000
vt 0.851240 0.000000
vt 0.975207 0.000000
vt 0.983471 0.000000
vt 0.842975 0.000000
vt 0.991736 0.000000
vt 0.057851 0.000000
vt 0.049587 0.000000
vt 0.041322 0.000000
vt 0.033058 0.000000
vt 0.024793 0.000000
vt 0.016529 0.000000
vt 0.008264 0.000000
vt 0.834711 0.000000
vt 0.074380 0.000000
vt 0.066116 0.000000
vt 0.826446 0.000000
vt 0.090909 0.000000
vt 0.082645 0.000000
vt 0.818182 0.000000
vt 0.099174 0.000000
vt 0.107438 0.000000
vt 0.115702 0.000000
vt 0.123967 0.000000
vt 0.132231 0.000000
vt 0.140496 0.000000
vt 0.809917 0.000000
vt 0.148760 0.000000
vt 0.157025 0.000000
vt 0.165289 0.000000
vt 0.801653 0.000000
vt 0.173554 0.000000
vt 0.181818 0.000000
vt 0.793388 0.000000
vt 0.190083 0.000000
vt 0.198347 0.000000
vt 0.785124 0.000000
vt 0.206612 0.000000
vt 0.214876 0.000000
vt 0.776860 0.000000
vt 0.223140 0.000000
vt 0.768595 0.000000
vt 0.231405 0.000000
vt 0.239669 0.000000
vt 0.760331 0.000000
vt 0.247934 0.000000
vt 0.752066 0.000000
vt 0.256198 0.000000
vt 0.743802 0.000000
vt 0.264463 0.000000
vt 0.735537 0.000000
vt 0.272727 0.000000
vt 0.727273 0.000000
vt 0.719008 0.000000
vt 0.280992 0.000000
vt 0.710744 0.000000
vt 0.702479 0.000000
vt 0.289256 0.000000
vt 0.694215 0.000000
vt 0.487603 0.000000
vt 0.504132 0.000000
vt 0.495868 0.000000
vt 0.297521 0.000000
vt 0.685950 0.000000
vt 0.512397 0.000000
vt 0.677686 0.000000
vt 0.305785 0.000000
vt 0.520661 0.000000
vt 0.669421 0.000000
vt 0.528926 0.000000
vt 0.661157 0.000000
vt 0.652893 0.000000
vt 0.314050 0.000000
vt 0.537190 0.000000
vt 0.644628 0.000000
vt 0.545455 0.000000
vt 0.636364 0.000000
vt 0.553719 0.000000
vt 0.322314 0.000000
vt 0.628099 0.000000
vt 0.561983 0.000000
vt 0.619835 0.000000
vt 0.570248 0.000000
vt 0.611570 0.000000
vt 0.578512 0.000000
vt 0.603306 0.000000
vt 0.586777 0.000000
vt 0.330579 0.000000
vt 0.595041 0.000000
vt 0.338843 0.000000
vt 0.479339 0.000000
vt 0.471074 0.000000
vt 0.347107 0.000000
vt 0.462810 0.000000
vt 0.355372 0.000000
vt 0.454545 0.000000
vt 0.446281 0.000000
vt 0.363636 0.000000
vt 0.438017 0.000000
vt 0.429752 0.000000
vt 0.371901 0.000000
vt 0.421488 0.000000
vt 0.413223 0.000000
vt 0.380165 0.000000
vt 0.404959 0.000000
vt 0.396694 0.000000
vt 0.388430 0.000000
vt 0.583333 0.000000
vt 0.591667 0.000000
vt 0.575000 0.000000
vt 0.566667 0.000000
vt 0.008333 0.000000
vt 0.558333 0.000000
vt 0.016667 0.000000
vt 0.025000 0.000000
vt 0.550000 0.000000
vt 0.033333 0.000000
vt 0.041667 0.000000
vt 0.541667 0.000000
vt 0.050000 0.000000
vt 0.058333 0.000000
vt 0.533333 0.000000
vt 0.066667 0.000000
vt 0.525000 0.000000
vt 0.075000 0.000000
vt 0.083333 0.000000
vt 0.516667 0.000000
vt 0.183333 0.000000
vt 0.191667 0.000000
vt 0.175000 0.000000
vt 0.166667 0.000000
vt 0.208333 0.000000
vt 0.158333 0.000000
vt 0.150000 0.000000
vt 0.091667 0.000000
vt 0.141667 0.000000
vt 0.216667 0.000000
vt 0.133333 0.000000
vt 0.116667 0.000000
vt 0.225000 0.000000
vt 0.108333 0.000000
vt 0.233333 0.000000
vt 0.508333 0.000000
vt 0.241667 0.000000
vt 0.825000 0.000000
vt 0.816667 0.000000
vt 0.808333 0.000000
vt 0.258333 0.000000
vt 0.791667 0.000000
vt 0.783333 0.000000
vt 0.833333 0.000000
vt 0.841667 0.000000
vt 0.775000 0.000000
vt 0.266667 0.000000
vt 0.850000 0.000000
vt 0.858333 0.000000
vt 0.766667 0.000000
vt 0.866667 0.000000
vt 0.758333 0.000000
vt 0.883333 0.000000
vt 0.891667 0.000000
vt 0.491667 0.000000
vt 0.275000 0.000000
vt 0.741667 0.000000
vt 0.908333 0.000000
vt 0.733333 0.000000
vt 0.725000 0.000000
vt 0.283333 0.000000
vt 0.916667 0.000000
vt 0.716667 0.000000
vt 0.483333 0.000000
vt 0.708333 0.000000
vt 0.291667 0.000000
vt 0.925000 0.000000
vt 0.475000 0.000000
vt 0.691667 0.000000
vt 0.933333 0.000000
vt 0.683333 0.000000
vt 0.941667 0.000000
vt 0.308333 0.000000
vt 0.466667 0.000000
vt 0.675000 0.000000
vt 0.950000 0.000000
vt 0.316667 0.000000
vt 0.658333 0.000000
vt 0.458333 0.000000
vt 0.958333 0.000000
vt 0.650000 0.000000
vt 0.966667 0.000000
vt 0.325000 0.000000
vt 0.641667 0.000000
vt 0.450000 0.000000
vt 0.975000 0.000000
vt 0.633333 0.000000
vt 0.983333 0.000000
vt 0.616667 0.000000
vt 0.991667 0.000000
vt 0.608333 0.000000
vt 0.441667 0.000000
vt 0.341667 0.000000
vt 0.433333 0.000000
vt 0.350000 0.000000
vt 0.425000 0.000000
vt 0.358333 0.000000
vt 0.416667 0.000000
vt 0.366667 0.000000
vt 0.408333 0.000000
vt 0.383333 0.000000
vt 0.391667 0.000000
vt 0.000000 1.000000
vt 0.013699 1.000000
vt 0.013699 0.000000
vt 0.027397 1.000000
vt 0.027397 0.000000
vt 0.041096 1.000000
vt 0.041096 0.000000
vt 0.054795 1.000000
vt 0.054795 0.000000
vt 0.068493 1.000000
vt 0.068493 0.000000
vt 0.082192 1.000000
vt 0.082192 0.000000
vt 0.095890 1.000000
vt 0.095890 0.000000
vt 0.109589 1.000000
vt 0.109589 0.000000
vt 0.123288 1.000000
vt 0.123288 0.000000
vt 0.136986 1.000000
vt 0.136986 0.000000
vt 0.150685 1.000000
vt 0.150685 0.000000
vt 0.164384 1.000000
vt 0.164384 0.000000
vt 0.178082 1.000000
vt 0.178082 0.000000
vt 0.191781 1.000000
vt 0.191781 0.000000
vt 0.205479 1.000000
vt 0.205479 0.000000
vt 0.219178 1.000000
vt 0.219178 0.000000
vt 0.232877 1.000000
vt 0.232877 0.000000
vt 0.246575 1.000000
vt 0.246575 0.000000
vt 0.260274 1.000000
vt 0.260274 0.000000
vt 0.273973 1.000000
vt 0.273973 0.000000
vt 0.287671 1.000000
vt 0.287671 0.000000
vt 0.301370 1.000000
vt 0.301370 0.000000
vt 0.315068 1.000000
vt 0.315068 0.000000
vt 0.328767 1.000000
vt 0.328767 0.000000
vt 0.342466 1.000000
vt 0.342466 0.000000
vt 0.356164 1.000000
vt 0.356164 0.000000
vt 0.369863 1.000000
vt 0.369863 0.000000
vt 0.383562 1.000000
vt 0.383562 0.000000
vt 0.397260 1.000000
vt 0.397260 0.000000
vt 0.410959 1.000000
vt 0.410959 0.000000
vt 0.424658 1.000000
vt 0.424658 0.000000
vt 0.438356 1.000000
vt 0.438356 0.000000
vt 0.452055 1.000000
vt 0.452055 0.000000
vt 0.465753 1.000000
vt 0.465753 0.000000
vt 0.479452 1.000000
vt 0.479452 0.000000
vt 0.493151 1.000000
vt 0.493151 0.000000
vt 0.506849 1.000000
vt 0.506849 0.000000
vt 0.520548 1.000000
vt 0.520548 0.000000
vt 0.534247 1.000000
vt 0.534247 0.000000
vt 0.547945 1.000000
vt 0.547945 0.000000
vt 0.561644 1.000000
vt 0.561644 0.000000
vt 0.575342 1.000000
vt 0.575342 0.000000
vt 0.589041 1.000000
vt 0.589041 0.000000
vt 0.602740 1.000000
vt 0.602740 0.000000
vt 0.616438 1.000000
vt 0.616438 0.000000
vt 0.630137 1.000000
vt 0.630137 0.000000
vt 0.643836 1.000000
vt 0.643836 0.000000
vt 0.657534 1.000000
vt 0.657534 0.000000
vt 0.671233 1.000000
vt 0.671233 0.000000
vt 0.684932 1.000000
vt 0.684932 0.000000
vt 0.698630 1.000000
vt 0.698630 0.000000
vt 0.712329 1.000000
vt 0.712329 0.000000
vt 0.726027 1.000000
vt 0.726027 0.000000
vt 0.739726 1.000000
vt 0.739726 0.000000
vt 0.753425 1.000000
vt 0.753425 0.000000
vt 0.767123 1.000000
vt 0.767123 0.000000
vt 0.780822 1.000000
vt 0.780822 0.000000
vt 0.794521 1.000000
vt 0.794521 0.000000
vt 0.808219 1.000000
vt 0.808219 0.000000
vt 0.821918 1.000000
vt 0.821918 0.000000
vt 0.835616 1.000000
vt 0.835616 0.000000
vt 0.849315 1.000000
vt 0.849315 0.000000
vt 0.863014 1.000000
vt 0.863014 0.000000
vt 0.876712 1.000000
vt 0.876712 0.000000
vt 0.890411 1.000000
vt 0.890411 0.000000
vt 0.904110 1.000000
vt 0.904110 0.000000
vt 0.917808 1.000000
vt 0.917808 0.000000
vt 0.931507 1.000000
vt 0.931507 0.000000
vt 0.945205 1.000000
vt 0.945205 0.000000
vt 0.958904 1.000000
vt 0.958904 0.000000
vt 0.972603 1.000000
vt 0.972603 0.000000
vt 0.986301 1.000000
vt 0.986301 0.000000
vt 1.000000 1.000000
vt 0.020833 1.000000
vt 0.020833 0.000000
vt 0.041667 1.000000
vt 0.062500 1.000000
vt 0.062500 0.000000
vt 0.083333 1.000000
vt 0.104167 1.000000
vt 0.104167 0.000000
vt 0.125000 1.000000
vt 0.145833 1.000000
vt 0.145833 0.000000
vt 0.166667 1.000000
vt 0.187500 1.000000
vt 0.187500 0.000000
vt 0.208333 1.000000
vt 0.229167 1.000000
vt 0.229167 0.000000
vt 0.250000 1.000000
vt 0.270833 1.000000
vt 0.270833 0.000000
vt 0.291667 1.000000
vt 0.312500 1.000000
vt 0.312500 0.000000
vt 0.333333 1.000000
vt 0.354167 1.000000
vt 0.354167 0.000000
vt 0.375000 1.000000
vt 0.395833 1.000000
vt 0.395833 0.000000
vt 0.416667 1.000000
vt 0.437500 1.000000
vt 0.437500 0.000000
vt 0.458333 1.000000
vt 0.479167 1.000000
vt 0.479167 0.000000
vt 0.500000 1.000000
vt 0.520833 1.000000
vt 0.520833 0.000000
vt 0.541667 1.000000
vt 0.562500 1.000000
vt 0.562500 0.000000
vt 0.583333 1.000000
vt 0.604167 1.000000
vt 0.604167 0.000000
vt 0.625000 1.000000
vt 0.645833 1.000000
vt 0.645833 0.000000
vt 0.666667 1.000000
vt 0.687500 1.000000
vt 0.687500 0.000000
vt 0.708333 1.000000
vt 0.729167 1.000000
vt 0.729167 0.000000
vt 0.750000 1.000000
vt 0.770833 1.000000
vt 0.770833 0.000000
vt 0.791667 1.000000
vt 0.812500 1.000000
vt 0.812500 0.000000
vt 0.833333 1.000000
vt 0.854167 1.000000
vt 0.854167 0.000000
vt 0.875000 1.000000
vt 0.895833 1.000000
vt 0.895833 0.000000
vt 0.916667 1.000000
vt 0.937500 1.000000
vt 0.937500 0.000000
vt 0.958333 1.000000
vt 0.979167 1.000000
vt 0.979167 0.000000
vt 0.008197 1.000000
vt 0.008197 0.000000
vt 0.016393 1.000000
vt 0.016393 0.000000
vt 0.024590 1.000000
vt 0.024590 0.000000
vt 0.032787 1.000000
vt 0.032787 0.000000
vt 0.040984 1.000000
vt 0.040984 0.000000
vt 0.049180 1.000000
vt 0.049180 0.000000
vt 0.057377 1.000000
vt 0.057377 0.000000
vt 0.065574 1.000000
vt 0.065574 0.000000
vt 0.073770 1.000000
vt 0.073770 0.000000
vt 0.081967 1.000000
vt 0.081967 0.000000
vt 0.090164 1.000000
vt 0.090164 0.000000
vt 0.098361 1.000000
vt 0.098361 0.000000
vt 0.106557 1.000000
vt 0.106557 0.000000
vt 0.114754 1.000000
vt 0.114754 0.000000
vt 0.122951 1.000000
vt 0.122951 0.000000
vt 0.131148 1.000000
vt 0.131148 0.000000
vt 0.139344 1.000000
vt 0.139344 0.000000
vt 0.147541 1.000000
vt 0.147541 0.000000
vt 0.155738 1.000000
vt 0.155738 0.000000
vt 0.163934 1.000000
vt 0.163934 0.000000
vt 0.172131 1.000000
vt 0.172131 0.000000
vt 0.180328 1.000000
vt 0.180328 0.000000
vt 0.188525 1.000000
vt 0.188525 0.000000
vt 0.196721 1.000000
vt 0.196721 0.000000
vt 0.204918 1.000000
vt 0.204918 0.000000
vt 0.213115 1.000000
vt 0.213115 0.000000
vt 0.221311 1.000000
vt 0.221311 0.000000
vt 0.229508 1.000000
vt 0.229508 0.000000
vt 0.237705 1.000000
vt 0.237705 0.000000
vt 0.245902 1.000000
vt 0.245902 0.000000
vt 0.254098 1.000000
vt 0.254098 0.000000
vt 0.262295 1.000000
vt 0.262295 0.000000
vt 0.270492 1.000000
vt 0.270492 0.000000
vt 0.278689 1.000000
vt 0.278689 0.000000
vt 0.286885 1.000000
vt 0.286885 0.000000
vt 0.295082 1.000000
vt 0.295082 0.000000
vt 0.303279 1.000000
vt 0.303279 0.000000
vt 0.311475 1.000000
vt 0.311475 0.000000
vt 0.319672 1.000000
vt 0.319672 0.000000
vt 0.327869 1.000000
vt 0.327869 0.000000
vt 0.336066 1.000000
vt 0.336066 0.000000
vt 0.344262 1.000000
vt 0.344262 0.000000
vt 0.352459 1.000000
vt 0.352459 0.000000
vt 0.360656 1.000000
vt 0.360656 0.000000
vt 0.368852 1.000000
vt 0.368852 0.000000
vt 0.377049 1.000000
vt 0.377049 0.000000
vt 0.385246 1.000000
vt 0.385246 0.000000
vt 0.393443 1.000000
vt 0.393443 0.000000
vt 0.401639 1.000000
vt 0.401639 0.000000
vt 0.409836 1.000000
vt 0.409836 0.000000
vt 0.418033 1.000000
vt 0.418033 0.000000
vt 0.426230 1.000000
vt 0.426230 0.000000
vt 0.434426 1.000000
vt 0.434426 0.000000
vt 0.442623 1.000000
vt 0.442623 0.000000
vt 0.450820 1.000000
vt 0.450820 0.000000
vt 0.459016 1.000000
vt 0.459016 0.000000
vt 0.467213 1.000000
vt 0.467213 0.000000
vt 0.475410 1.000000
vt 0.475410 0.000000
vt 0.483607 1.000000
vt 0.483607 0.000000
vt 0.491803 1.000000
vt 0.491803 0.000000
vt 0.508197 1.000000
vt 0.508197 0.000000
vt 0.516393 1.000000
vt 0.516393 0.000000
vt 0.524590 1.000000
vt 0.524590 0.000000
vt 0.532787 1.000000
vt 0.532787 0.000000
vt 0.540984 1.000000
vt 0.540984 0.000000
vt 0.549180 1.000000
vt 0.549180 0.000000
vt 0.557377 1.000000
vt 0.557377 0.000000
vt 0.565574 1.000000
vt 0.565574 0.000000
vt 0.573770 1.000000
vt 0.573770 0.000000
vt 0.581967 1.000000
vt 0.581967 0.000000
vt 0.590164 1.000000
vt 0.590164 0.000000
vt 0.598361 1.000000
vt 0.598361 0.000000
vt 0.606557 1.000000
vt 0.606557 0.000000
vt 0.614754 1.000000
vt 0.614754 0.000000
vt 0.622951 1.000000
vt 0.622951 0.000000
vt 0.631148 1.000000
vt 0.631148 0.000000
vt 0.639344 1.000000
vt 0.639344 0.000000
vt 0.647541 1.000000
vt 0.647541 0.000000
vt 0.655738 1.000000
vt 0.655738 0.000000
vt 0.663934 1.000000
vt 0.663934 0.000000
vt 0.672131 1.000000
vt 0.672131 0.000000
vt 0.680328 1.000000
vt 0.680328 0.000000
vt 0.688525 1.000000
vt 0.688525 0.000000
vt 0.696721 1.000000
vt 0.696721 0.000000
vt 0.704918 1.000000
vt 0.704918 0.000000
vt 0.713115 1.000000
vt 0.713115 0.000000
vt 0.721311 1.000000
vt 0.721311 0.000000
vt 0.729508 1.000000
vt 0.729508 0.000000
vt 0.737705 1.000000
vt 0.737705 0.000000
vt 0.745902 1.000000
vt 0.745902 0.000000
vt 0.754098 1.000000
vt 0.754098 0.000000
vt 0.762295 1.000000
vt 0.762295 0.000000
vt 0.770492 1.000000
vt 0.770492 0.000000
vt 0.778689 1.000000
vt 0.778689 0.000000
vt 0.786885 1.000000
vt 0.786885 0.000000
vt 0.795082 1.000000
vt 0.795082 0.000000
vt 0.803279 1.000000
vt 0.803279 0.000000
vt 0.811475 1.000000
vt 0.811475 0.000000
vt 0.819672 1.000000
vt 0.819672 0.000000
vt 0.827869 1.000000
vt 0.827869 0.000000
vt 0.836066 1.000000
vt 0.836066 0.000000
vt 0.844262 1.000000
vt 0.844262 0.000000
vt 0.852459 1.000000
vt 0.852459 0.000000
vt 0.860656 1.000000
vt 0.860656 0.000000
vt 0.868852 1.000000
vt 0.868852 0.000000
vt 0.877049 1.000000
vt 0.877049 0.000000
vt 0.885246 1.000000
vt 0.885246 0.000000
vt 0.893443 1.000000
vt 0.893443 0.000000
vt 0.901639 1.000000
vt 0.901639 0.000000
vt 0.909836 1.000000
vt 0.909836 0.000000
vt 0.918033 1.000000
vt 0.918033 0.000000
vt 0.926230 1.000000
vt 0.926230 0.000000
vt 0.934426 1.000000
vt 0.934426 0.000000
vt 0.942623 1.000000
vt 0.942623 0.000000
vt 0.950820 1.000000
vt 0.950820 0.000000
vt 0.959016 1.000000
vt 0.959016 0.000000
vt 0.967213 1.000000
vt 0.967213 0.000000
vt 0.975410 1.000000
vt 0.975410 0.000000
vt 0.983607 1.000000
vt 0.983607 0.000000
vt 0.991803 1.000000
vt 0.991803 0.000000
vt 0.017544 1.000000
vt 0.017544 0.000000
vt 0.035088 1.000000
vt 0.035088 0.000000
vt 0.052632 1.000000
vt 0.070175 1.000000
vt 0.070175 0.000000
vt 0.087719 1.000000
vt 0.087719 0.000000
vt 0.105263 1.000000
vt 0.122807 1.000000
vt 0.122807 0.000000
vt 0.140351 1.000000
vt 0.140351 0.000000
vt 0.157895 1.000000
vt 0.175439 1.000000
vt 0.175439 0.000000
vt 0.192982 1.000000
vt 0.192982 0.000000
vt 0.210526 1.000000
vt 0.228070 1.000000
vt 0.228070 0.000000
vt 0.245614 1.000000
vt 0.245614 0.000000
vt 0.263158 1.000000
vt 0.280702 1.000000
vt 0.280702 0.000000
vt 0.298246 1.000000
vt 0.298246 0.000000
vt 0.315789 1.000000
vt 0.350877 1.000000
vt 0.350877 0.000000
vt 0.368421 1.000000
vt 0.385965 1.000000
vt 0.385965 0.000000
vt 0.403509 1.000000
vt 0.403509 0.000000
vt 0.421053 1.000000
vt 0.438596 1.000000
vt 0.438596 0.000000
vt 0.456140 1.000000
vt 0.456140 0.000000
vt 0.473684 1.000000
vt 0.491228 1.000000
vt 0.491228 0.000000
vt 0.508772 1.000000
vt 0.508772 0.000000
vt 0.526316 1.000000
vt 0.543860 1.000000
vt 0.543860 0.000000
vt 0.561404 1.000000
vt 0.561404 0.000000
vt 0.578947 1.000000
vt 0.596491 1.000000
vt 0.596491 0.000000
vt 0.614035 1.000000
vt 0.614035 0.000000
vt 0.631579 1.000000
vt 0.649123 1.000000
vt 0.649123 0.000000
vt 0.684211 1.000000
vt 0.701754 1.000000
vt 0.701754 0.000000
vt 0.719298 1.000000
vt 0.719298 0.000000
vt 0.736842 1.000000
vt 0.754386 1.000000
vt 0.754386 0.000000
vt 0.771930 1.000000
vt 0.771930 0.000000
vt 0.789474 1.000000
vt 0.807018 1.000000
vt 0.807018 0.000000
vt 0.824561 1.000000
vt 0.824561 0.000000
vt 0.842105 1.000000
vt 0.859649 1.000000
vt 0.859649 0.000000
vt 0.877193 1.000000
vt 0.877193 0.000000
vt 0.894737 1.000000
vt 0.912281 1.000000
vt 0.912281 0.000000
vt 0.929825 1.000000
vt 0.929825 0.000000
vt 0.947368 1.000000
vt 0.964912 1.000000
vt 0.964912 0.000000
vt 0.982456 1.000000
vt 0.982456 0.000000
s 0
usemtl Warm_white_markings
f 246/263/473 248/264/473 247/265/473
f 246/263/473 249/266/473 248/264/473
f 204/267/473 206/268/473 205/269/473
f 203/270/473 206/268/473 204/267/473
f 203/270/473 207/271/473 206/268/473
f 202/272/473 207/271/473 203/270/473
f 201/273/473 207/271/473 202/272/473
f 201/273/473 208/274/473 207/271/473
f 200/275/473 208/274/473 201/273/473
f 200/275/473 209/276/473 208/274/473
f 199/277/473 209/276/473 200/275/473
f 198/278/473 209/276/473 199/277/473
f 198/278/473 210/279/473 209/276/473
f 197/280/473 210/279/473 198/278/473
f 196/281/473 210/279/473 197/280/473
f 196/281/473 211/282/473 210/279/473
f 195/283/473 211/282/473 196/281/473
f 195/283/473 212/284/473 211/282/473
f 194/285/473 212/284/473 195/283/473
f 193/286/473 212/284/473 194/285/473
f 193/286/473 232/287/473 212/284/473
f 232/287/473 213/288/473 212/284/473
f 246/263/473 193/286/473 249/266/473
f 246/263/473 244/289/473 193/286/473
f 244/289/473 243/290/473 193/286/473
f 243/290/473 242/291/473 193/286/473
f 242/291/473 241/292/473 193/286/473
f 241/292/473 240/293/473 193/286/473
f 240/293/473 239/294/473 193/286/473
f 239/294/473 238/295/473 193/286/473
f 238/295/473 237/296/473 193/286/473
f 237/296/473 236/297/473 193/286/473
f 236/297/473 235/298/473 193/286/473
f 235/298/473 234/299/473 193/286/473
f 234/299/473 233/300/473 193/286/473
f 233/300/473 232/287/473 193/286/473
f 231/301/473 213/288/473 232/287/473
f 230/302/473 213/288/473 231/301/473
f 229/303/473 213/288/473 230/302/473
f 228/304/473 213/288/473 229/303/473
f 228/304/473 214/305/473 213/288/473
f 227/306/473 214/305/473 228/304/473
f 226/307/473 214/305/473 227/306/473
f 225/308/473 214/305/473 226/307/473
f 225/308/473 215/309/473 214/305/473
f 224/310/473 215/309/473 225/308/473
f 223/311/473 215/309/473 224/310/473
f 223/311/473 216/312/473 215/309/473
f 222/313/473 216/312/473 223/311/473
f 246/263/473 245/314/473 244/289/473
f 221/315/473 216/312/473 222/313/473
f 221/315/473 217/316/473 216/312/473
f 220/317/473 217/316/473 221/315/473
f 219/318/473 217/316/473 220/317/473
f 219/318/473 218/319/473 217/316/473
f 254/320/473 256/321/473 255/315/473
f 254/320/473 259/322/473 256/321/473
f 259/322/473 257/323/473 256/321/473
f 254/320/473 260/266/473 259/322/473
f 258/324/473 257/323/473 259/322/473
f 254/320/473 252/325/473 260/266/473
f 252/325/473 258/324/473 260/266/473
f 252/325/473 251/326/473 258/324/473
f 251/326/473 257/323/473 258/324/473
f 254/320/473 253/327/473 252/325/473
f 250/286/473 257/323/473 251/326/473
f 283/328/473 285/329/473 284/330/473
f 283/328/473 286/331/473 285/329/473
f 282/332/473 286/331/473 283/328/473
f 282/332/473 287/333/473 286/331/473
f 281/334/473 287/333/473 282/332/473
f 281/334/473 288/335/473 287/333/473
f 280/325/473 288/335/473 281/334/473
f 279/336/473 288/335/473 280/325/473
f 279/336/473 289/337/473 288/335/473
f 278/338/473 289/337/473 279/336/473
f 278/338/473 356/266/473 289/337/473
f 356/266/473 290/339/473 289/337/473
f 278/338/473 309/340/473 356/266/473
f 355/341/473 290/339/473 356/266/473
f 278/338/473 310/342/473 309/340/473
f 354/343/473 290/339/473 355/341/473
f 277/344/473 310/342/473 278/338/473
f 354/343/473 291/345/473 290/339/473
f 277/344/473 311/346/473 310/342/473
f 353/347/473 291/345/473 354/343/473
f 277/344/473 312/348/473 311/346/473
f 352/349/473 291/345/473 353/347/473
f 277/344/473 313/350/473 312/348/473
f 351/351/473 291/345/473 352/349/473
f 276/352/473 313/350/473 277/344/473
f 351/351/473 292/353/473 291/345/473
f 276/352/473 314/354/473 313/350/473
f 350/355/473 292/353/473 351/351/473
f 276/352/473 315/356/473 314/354/473
f 349/357/473 292/353/473 350/355/473
f 275/358/473 315/356/473 276/352/473
f 349/357/473 293/359/473 292/353/473
f 275/358/473 316/360/473 315/356/473
f 348/361/473 293/359/473 349/357/473
f 274/362/473 316/360/473 275/358/473
f 348/361/473 294/363/473 293/359/473
f 274/362/473 317/364/473 316/360/473
f 347/365/473 294/363/473 348/361/473
f 274/362/473 318/321/473 317/364/473
f 346/366/473 294/363/473 347/365/473
f 273/367/473 318/321/473 274/362/473
f 346/366/473 295/368/473 294/363/473
f 273/367/473 319/369/473 318/321/473
f 345/370/473 295/368/473 346/366/473
f 272/371/473 319/369/473 273/367/473
f 345/370/473 296/372/473 295/368/473
f 344/373/473 296/372/473 345/370/473
f 272/371/473 320/374/473 319/369/473
f 271/375/473 320/374/473 272/371/473
f 271/375/473 321/376/473 320/374/473
f 343/377/473 296/372/473 344/373/473
f 343/377/473 297/378/473 296/372/473
f 342/379/473 297/378/473 343/377/473
f 271/375/473 322/380/473 321/376/473
f 270/381/473 322/380/473 271/375/473
f 342/379/473 298/382/473 297/378/473
f 270/381/473 323/383/473 322/380/473
f 341/384/473 298/382/473 342/379/473
f 269/385/473 323/383/473 270/381/473
f 341/384/473 299/320/473 298/382/473
f 269/385/473 324/386/473 323/383/473
f 340/387/473 299/320/473 341/384/473
f 269/385/473 325/388/473 324/386/473
f 339/389/473 299/320/473 340/387/473
f 268/390/473 325/388/473 269/385/473
f 339/389/473 300/391/473 299/320/473
f 268/390/473 326/392/473 325/388/473
f 338/393/473 300/391/473 339/389/473
f 267/394/473 326/392/473 268/390/473
f 338/393/473 301/395/473 300/391/473
f 267/394/473 327/396/473 326/392/473
f 337/324/473 301/395/473 338/393/473
f 267/394/473 328/397/473 327/396/473
f 336/398/473 301/395/473 337/324/473
f 266/399/473 328/397/473 267/394/473
f 336/398/473 302/400/473 301/395/473
f 266/399/473 329/401/473 328/397/473
f 335/402/473 302/400/473 336/398/473
f 266/399/473 330/403/473 329/401/473
f 334/404/473 302/400/473 335/402/473
f 266/399/473 331/405/473 330/403/473
f 333/406/473 302/400/473 334/404/473
f 265/407/473 331/405/473 266/399/473
f 333/406/473 303/408/473 302/400/473
f 265/407/473 332/409/473 331/405/473
f 332/409/473 303/408/473 333/406/473
f 265/407/473 303/408/473 332/409/473
f 264/410/473 303/408/473 265/407/473
f 264/410/473 304/411/473 303/408/473
f 263/412/473 304/411/473 264/410/473
f 263/412/473 305/413/473 304/411/473
f 262/414/473 305/413/473 263/412/473
f 262/414/473 306/415/473 305/413/473
f 261/286/473 306/415/473 262/414/473
f 261/286/473 307/416/473 306/415/473
f 308/417/473 307/416/473 261/286/473
f 357/286/473 359/418/473 358/419/473
f 357/286/473 360/266/473 359/418/473
f 363/418/473 361/286/473 364/266/473
f 363/418/473 362/419/473 361/286/473
f 472/420/473 474/421/473 473/422/473
f 472/420/473 475/423/473 474/421/473
f 472/420/473 476/424/473 475/423/473
f 471/425/473 476/424/473 472/420/473
f 471/425/473 477/426/473 476/424/473
f 471/425/473 478/427/473 477/426/473
f 470/428/473 478/427/473 471/425/473
f 470/428/473 479/429/473 478/427/473
f 470/428/473 480/430/473 479/429/473
f 469/431/473 480/430/473 470/428/473
f 469/431/473 481/432/473 480/430/473
f 469/431/473 482/433/473 481/432/473
f 468/434/473 482/433/473 469/431/473
f 468/434/473 483/435/473 482/433/473
f 468/434/473 484/436/473 483/435/473
f 467/437/473 484/436/473 468/434/473
f 467/437/473 485/438/473 484/436/473
f 467/437/473 372/439/473 485/438/473
f 372/439/473 371/440/473 485/438/473
f 371/440/473 370/441/473 485/438/473
f 370/441/473 369/442/473 485/438/473
f 369/442/473 368/443/473 485/438/473
f 368/443/473 367/444/473 485/438/473
f 367/444/473 366/445/473 485/438/473
f 366/445/473 365/286/473 485/438/473
f 365/286/473 486/266/473 485/438/473
f 466/446/473 374/447/473 467/437/473
f 374/447/473 373/448/473 467/437/473
f 373/448/473 372/439/473 467/437/473
f 465/449/473 376/450/473 466/446/473
f 376/450/473 375/451/473 466/446/473
f 375/451/473 374/447/473 466/446/473
f 464/452/473 377/453/473 465/449/473
f 377/453/473 376/450/473 465/449/473
f 464/452/473 378/454/473 377/453/473
f 464/452/473 379/455/473 378/454/473
f 464/452/473 380/456/473 379/455/473
f 464/452/473 381/457/473 380/456/473
f 464/452/473 382/458/473 381/457/473
f 463/459/473 382/458/473 464/452/473
f 463/459/473 383/460/473 382/458/473
f 463/459/473 384/461/473 383/460/473
f 463/459/473 385/462/473 384/461/473
f 462/463/473 385/462/473 463/459/473
f 462/463/473 386/464/473 385/462/473
f 462/463/473 387/465/473 386/464/473
f 461/466/473 387/465/473 462/463/473
f 461/466/473 388/467/473 387/465/473
f 461/466/473 389/468/473 388/467/473
f 460/469/473 389/468/473 461/466/473
f 460/469/473 390/470/473 389/468/473
f 460/469/473 391/471/473 390/470/473
f 459/472/473 391/471/473 460/469/473
f 459/472/473 392/473/473 391/471/473
f 458/474/473 392/473/473 459/472/473
f 458/474/473 393/475/473 392/473/473
f 458/474/473 394/476/473 393/475/473
f 457/477/473 394/476/473 458/474/473
f 457/477/473 395/478/473 394/476/473
f 456/479/473 395/478/473 457/477/473
f 456/479/473 396/480/473 395/478/473
f 455/481/473 396/480/473 456/479/473
f 455/481/473 397/482/473 396/480/473
f 454/483/473 397/482/473 455/481/473
f 454/483/473 398/484/473 397/482/473
f 453/485/473 398/484/473 454/483/473
f 452/486/473 398/484/473 453/485/473
f 452/486/473 399/487/473 398/484/473
f 451/488/473 399/487/473 452/486/473
f 450/489/473 399/487/473 451/488/473
f 450/489/473 400/490/473 399/487/473
f 449/491/473 400/490/473 450/489/473
f 424/492/473 426/493/473 425/494/473
f 449/491/473 401/495/473 400/490/473
f 448/496/473 401/495/473 449/491/473
f 424/492/473 427/497/473 426/493/473
f 447/498/473 401/495/473 448/496/473
f 447/498/473 402/499/473 401/495/473
f 424/492/473 428/500/473 427/497/473
f 446/501/473 402/499/473 447/498/473
f 424/492/473 429/502/473 428/500/473
f 445/503/473 402/499/473 446/501/473
f 444/504/473 402/499/473 445/503/473
f 444/504/473 403/505/473 402/499/473
f 424/492/473 430/506/473 429/502/473
f 443/507/473 403/505/473 444/504/473
f 424/492/473 431/508/473 430/506/473
f 442/509/473 403/505/473 443/507/473
f 424/492/473 432/510/473 431/508/473
f 442/509/473 404/511/473 403/505/473
f 441/512/473 404/511/473 442/509/473
f 424/492/473 433/513/473 432/510/473
f 440/514/473 404/511/473 441/512/473
f 424/492/473 434/515/473 433/513/473
f 439/516/473 404/511/473 440/514/473
f 424/492/473 435/517/473 434/515/473
f 438/518/473 404/511/473 439/516/473
f 424/492/473 436/519/473 435/517/473
f 438/518/473 405/520/473 404/511/473
f 437/521/473 405/520/473 438/518/473
f 424/492/473 437/521/473 436/519/473
f 424/492/473 405/520/473 437/521/473
f 424/492/473 406/522/473 405/520/473
f 423/523/473 406/522/473 424/492/473
f 422/524/473 406/522/473 423/523/473
f 422/524/473 407/525/473 406/522/473
f 421/526/473 407/525/473 422/524/473
f 421/526/473 408/527/473 407/525/473
f 420/528/473 408/527/473 421/526/473
f 419/529/473 408/527/473 420/528/473
f 419/529/473 409/530/473 408/527/473
f 418/531/473 409/530/473 419/529/473
f 417/532/473 409/530/473 418/531/473
f 417/532/473 410/533/473 409/530/473
f 416/534/473 410/533/473 417/532/473
f 415/535/473 410/533/473 416/534/473
f 415/535/473 411/536/473 410/533/473
f 414/537/473 411/536/473 415/535/473
f 413/538/473 411/536/473 414/537/473
f 413/538/473 412/539/473 411/536/473
f 557/540/473 559/321/473 558/541/473
f 556/542/473 559/321/473 557/540/473
f 555/543/473 559/321/473 556/542/473
f 555/543/473 487/286/473 559/321/473
f 555/543/473 488/544/473 487/286/473
f 554/545/473 488/544/473 555/543/473
f 554/545/473 489/546/473 488/544/473
f 554/545/473 490/547/473 489/546/473
f 553/548/473 490/547/473 554/545/473
f 553/548/473 491/549/473 490/547/473
f 553/548/473 492/550/473 491/549/473
f 552/551/473 492/550/473 553/548/473
f 552/551/473 493/552/473 492/550/473
f 552/551/473 494/553/473 493/552/473
f 551/554/473 494/553/473 552/551/473
f 551/554/473 495/555/473 494/553/473
f 550/556/473 495/555/473 551/554/473
f 550/556/473 496/557/473 495/555/473
f 550/556/473 497/558/473 496/557/473
f 549/559/473 497/558/473 550/556/473
f 509/560/473 511/325/473 510/561/473
f 508/562/473 511/325/473 509/560/473
f 507/563/473 511/325/473 508/562/473
f 507/563/473 512/564/473 511/325/473
f 506/565/473 512/564/473 507/563/473
f 505/566/473 512/564/473 506/565/473
f 549/559/473 498/567/473 497/558/473
f 504/568/473 512/564/473 505/566/473
f 504/568/473 513/569/473 512/564/473
f 503/570/473 513/569/473 504/568/473
f 502/275/473 513/569/473 503/570/473
f 501/571/473 513/569/473 502/275/473
f 501/571/473 514/572/473 513/569/473
f 500/573/473 514/572/473 501/571/473
f 499/326/473 514/572/473 500/573/473
f 498/567/473 514/572/473 499/326/473
f 498/567/473 515/574/473 514/572/473
f 549/559/473 515/574/473 498/567/473
f 548/575/473 515/574/473 549/559/473
f 548/575/473 516/576/473 515/574/473
f 548/575/473 517/271/473 516/576/473
f 547/315/473 586/577/473 548/575/473
f 586/577/473 585/578/473 548/575/473
f 585/578/473 517/271/473 548/575/473
f 585/578/473 584/579/473 517/271/473
f 584/579/473 583/324/473 517/271/473
f 583/324/473 518/580/473 517/271/473
f 582/581/473 518/580/473 583/324/473
f 581/582/473 518/580/473 582/581/473
f 547/315/473 587/583/473 586/577/473
f 547/315/473 588/584/473 587/583/473
f 580/585/473 518/580/473 581/582/473
f 580/585/473 519/586/473 518/580/473
f 547/315/473 589/587/473 588/584/473
f 547/315/473 590/588/473 589/587/473
f 579/589/473 519/586/473 580/585/473
f 547/315/473 591/590/473 590/588/473
f 578/591/473 519/586/473 579/589/473
f 547/315/473 592/291/473 591/590/473
f 547/315/473 593/592/473 592/291/473
f 577/298/473 519/586/473 578/591/473
f 547/315/473 594/593/473 593/592/473
f 546/594/473 594/593/473 547/315/473
f 577/298/473 520/595/473 519/586/473
f 546/594/473 595/322/473 594/593/473
f 576/596/473 520/595/473 577/298/473
f 546/594/473 596/597/473 595/322/473
f 575/598/473 520/595/473 576/596/473
f 574/599/473 520/595/473 575/598/473
f 574/599/473 521/600/473 520/595/473
f 546/594/473 597/601/473 596/597/473
f 573/602/473 521/600/473 574/599/473
f 545/603/473 597/601/473 546/594/473
f 572/604/473 521/600/473 573/602/473
f 572/604/473 522/605/473 521/600/473
f 545/603/473 598/606/473 597/601/473
f 571/323/473 522/605/473 572/604/473
f 544/607/473 598/606/473 545/603/473
f 570/608/473 522/605/473 571/323/473
f 570/608/473 523/327/473 522/605/473
f 544/607/473 599/609/473 598/606/473
f 569/610/473 523/327/473 570/608/473
f 544/607/473 600/611/473 599/609/473
f 569/610/473 524/612/473 523/327/473
f 543/613/473 600/611/473 544/607/473
f 568/614/473 524/612/473 569/610/473
f 567/418/473 524/612/473 568/614/473
f 543/613/473 601/615/473 600/611/473
f 567/418/473 525/616/473 524/612/473
f 566/617/473 525/616/473 567/418/473
f 542/618/473 601/615/473 543/613/473
f 542/618/473 602/619/473 601/615/473
f 565/620/473 525/616/473 566/617/473
f 542/618/473 603/621/473 602/619/473
f 565/620/473 526/622/473 525/616/473
f 564/623/473 526/622/473 565/620/473
f 541/624/473 603/621/473 542/618/473
f 541/624/473 604/625/473 603/621/473
f 563/626/473 526/622/473 564/623/473
f 562/304/473 526/622/473 563/626/473
f 541/624/473 605/627/473 604/625/473
f 562/304/473 527/419/473 526/622/473
f 561/628/473 527/419/473 562/304/473
f 541/624/473 606/629/473 605/627/473
f 560/630/473 527/419/473 561/628/473
f 541/624/473 607/266/473 606/629/473
f 607/266/473 527/419/473 560/630/473
f 541/624/473 527/419/473 607/266/473
f 540/631/473 527/419/473 541/624/473
f 540/631/473 528/632/473 527/419/473
f 539/633/473 528/632/473 540/631/473
f 539/633/473 529/634/473 528/632/473
f 538/635/473 529/634/473 539/633/473
f 538/635/473 530/636/473 529/634/473
f 537/637/473 530/636/473 538/635/473
f 537/637/473 531/638/473 530/636/473
f 536/639/473 531/638/473 537/637/473
f 536/639/473 532/305/473 531/638/473
f 535/320/473 532/305/473 536/639/473
f 535/320/473 533/640/473 532/305/473
f 534/641/473 533/640/473 535/320/473
f 661/263/474 662/265/474 663/264/474
f 661/263/474 663/264/474 664/266/474
f 619/267/474 620/269/474 621/268/474
f 618/270/474 619/267/474 621/268/474
f 618/270/474 621/268/474 622/271/474
f 617/272/474 618/270/474 622/271/474
f 616/273/474 617/272/474 622/271/474
f 616/273/474 622/271/474 623/274/474
f 615/275/474 616/273/474 623/274/474
f 615/275/474 623/274/474 624/276/474
f 614/277/474 615/275/474 624/276/474
f 613/278/474 614/277/474 624/276/474
f 613/278/474 624/276/474 625/279/474
f 612/280/474 613/278/474 625/279/474
f 611/281/474 612/280/474 625/279/474
f 611/281/474 625/279/474 626/282/474
f 610/283/474 611/281/474 626/282/474
f 610/283/474 626/282/474 627/284/474
f 609/285/474 610/283/474 627/284/474
f 608/286/474 609/285/474 627/284/474
f 608/286/474 627/284/474 647/287/474
f 647/287/474 627/284/474 628/288/474
f 661/263/474 664/266/474 608/286/474
f 661/263/474 608/286/474 659/289/474
f 659/289/474 608/286/474 658/290/474
f 658/290/474 608/286/474 657/291/474
f 657/291/474 608/286/474 656/292/474
f 656/292/474 608/286/474 655/293/474
f 655/293/474 608/286/474 654/294/474
f 654/294/474 608/286/474 653/295/474
f 653/295/474 608/286/474 652/296/474
f 652/296/474 608/286/474 651/297/474
f 651/297/474 608/286/474 650/298/474
f 650/298/474 608/286/474 649/299/474
f 649/299/474 608/286/474 648/300/474
f 648/300/474 608/286/474 647/287/474
f 646/301/474 647/287/474 628/288/474
f 645/302/474 646/301/474 628/288/474
f 644/303/474 645/302/474 628/288/474
f 643/304/474 644/303/474 628/288/474
f 643/304/474 628/288/474 629/305/474
f 642/306/474 643/304/474 629/305/474
f 641/307/474 642/306/474 629/305/474
f 640/308/474 641/307/474 629/305/474
f 640/308/474 629/305/474 630/309/474
f 639/310/474 640/308/474 630/309/474
f 638/311/474 639/310/474 630/309/474
f 638/311/474 630/309/474 631/312/474
f 637/313/474 638/311/474 631/312/474
f 661/263/474 659/289/474 660/314/474
f 636/315/474 637/313/474 631/312/474
f 636/315/474 631/312/474 632/316/474
f 635/317/474 636/315/474 632/316/474
f 634/318/474 635/317/474 632/316/474
f 634/318/474 632/316/474 633/319/474
f 669/320/474 670/315/474 671/321/474
f 669/320/474 671/321/474 674/322/474
f 674/322/474 671/321/474 672/323/474
f 669/320/474 674/322/474 675/266/474
f 673/324/474 674/322/474 672/323/474
f 669/320/474 675/266/474 667/325/474
f 667/325/474 675/266/474 673/324/474
f 667/325/474 673/324/474 666/326/474
f 666/326/474 673/324/474 672/323/474
f 669/320/474 667/325/474 668/327/474
f 665/286/474 666/326/474 672/323/474
f 698/328/474 699/330/474 700/329/474
f 698/328/474 700/329/474 701/331/474
f 697/332/474 698/328/474 701/331/474
f 697/332/474 701/331/474 702/333/474
f 696/334/474 697/332/474 702/333/474
f 696/334/474 702/333/474 703/335/474
f 695/325/474 696/334/474 703/335/474
f 694/336/474 695/325/474 703/335/474
f 694/336/474 703/335/474 704/337/474
f 693/338/474 694/336/474 704/337/474
f 693/338/474 704/337/474 771/266/474
f 771/266/474 704/337/474 705/339/474
f 693/338/474 771/266/474 724/340/474
f 770/341/474 771/266/474 705/339/474
f 693/338/474 724/340/474 725/342/474
f 769/343/474 770/341/474 705/339/474
f 692/344/474 693/338/474 725/342/474
f 769/343/474 705/339/474 706/345/474
f 692/344/474 725/342/474 726/346/474
f 768/347/474 769/343/474 706/345/474
f 692/344/474 726/346/474 727/348/474
f 767/349/474 768/347/474 706/345/474
f 692/344/474 727/348/474 728/350/474
f 766/351/474 767/349/474 706/345/474
f 691/352/474 692/344/474 728/350/474
f 766/351/474 706/345/474 707/353/474
f 691/352/474 728/350/474 729/354/474
f 765/355/474 766/351/474 707/353/474
f 691/352/474 729/354/474 730/356/474
f 764/357/474 765/355/474 707/353/474
f 690/358/474 691/352/474 730/356/474
f 764/357/474 707/353/474 708/359/474
f 690/358/474 730/356/474 731/360/474
f 763/361/474 764/357/474 708/359/474
f 689/362/474 690/358/474 731/360/474
f 763/361/474 708/359/474 709/363/474
f 689/362/474 731/360/474 732/364/474
f 762/365/474 763/361/474 709/363/474
f 689/362/474 732/364/474 733/321/474
f 761/366/474 762/365/474 709/363/474
f 688/367/474 689/362/474 733/321/474
f 761/366/474 709/363/474 710/368/474
f 688/367/474 733/321/474 734/369/474
f 760/370/474 761/366/474 710/368/474
f 687/371/474 688/367/474 734/369/474
f 760/370/474 710/368/474 711/372/474
f 759/373/474 760/370/474 711/372/474
f 687/371/474 734/369/474 735/374/474
f 686/375/474 687/371/474 735/374/474
f 686/375/474 735/374/474 736/376/474
f 758/377/474 759/373/474 711/372/474
f 758/377/474 711/372/474 712/378/474
f 757/379/474 758/377/474 712/378/474
f 686/375/474 736/376/474 737/380/474
f 685/381/474 686/375/474 737/380/474
f 757/379/474 712/378/474 713/382/474
f 685/381/474 737/380/474 738/383/474
f 756/384/474 757/379/474 713/382/474
f 684/385/474 685/381/474 738/383/474
f 756/384/474 713/382/474 714/320/474
f 684/385/474 738/383/474 739/386/474
f 755/387/474 756/384/474 714/320/474
f 684/385/474 739/386/474 740/388/474
f 754/389/474 755/387/474 714/320/474
f 683/390/474 684/385/474 740/388/474
f 754/389/474 714/320/474 715/391/474
f 683/390/474 740/388/474 741/392/474
f 753/393/474 754/389/474 715/391/474
f 682/394/474 683/390/474 741/392/474
f 753/393/474 715/391/474 716/395/474
f 682/394/474 741/392/474 742/396/474
f 752/324/474 753/393/474 716/395/474
f 682/394/474 742/396/474 743/397/474
f 751/398/474 752/324/474 716/395/474
f 681/399/474 682/394/474 743/397/474
f 751/398/474 716/395/474 717/400/474
f 681/399/474 743/397/474 744/401/474
f 750/402/474 751/398/474 717/400/474
f 681/399/474 744/401/474 745/403/474
f 749/404/474 750/402/474 717/400/474
f 681/399/474 745/403/474 746/405/474
f 748/406/474 749/404/474 717/400/474
f 680/407/474 681/399/474 746/405/474
f 748/406/474 717/400/474 718/408/474
f 680/407/474 746/405/474 747/409/474
f 747/409/474 748/406/474 718/408/474
f 680/407/474 747/409/474 718/408/474
f 679/410/474 680/407/474 718/408/474
f 679/410/474 718/408/474 719/411/474
f 678/412/474 679/410/474 719/411/474
f 678/412/474 719/411/474 720/413/474
f 677/414/474 678/412/474 720/413/474
f 677/414/474 720/413/474 721/415/474
f 676/286/474 677/414/474 721/415/474
f 676/286/474 721/415/474 722/416/474
f 723/417/474 676/286/474 722/416/474
f 772/286/474 773/419/474 774/418/474
f 772/286/474 774/418/474 775/266/474
f 778/418/474 779/266/474 776/286/474
f 778/418/474 776/286/474 777/419/474
f 887/420/474 888/422/474 889/421/474
f 887/420/474 889/421/474 890/423/474
f 887/420/474 890/423/474 891/424/474
f 886/425/474 887/420/474 891/424/474
f 886/425/474 891/424/474 892/426/474
f 886/425/474 892/426/474 893/427/474
f 885/428/474 886/425/474 893/427/474
f 885/428/474 893/427/474 894/429/474
f 885/428/474 894/429/474 895/430/474
f 884/431/474 885/428/474 895/430/474
f 884/431/474 895/430/474 896/432/474
f 884/431/474 896/432/474 897/433/474
f 883/434/474 884/431/474 897/433/474
f 883/434/474 897/433/474 898/435/474
f 883/434/474 898/435/474 899/436/474
f 882/437/474 883/434/474 899/436/474
f 882/437/474 899/436/474 900/438/474
f 882/437/474 900/438/474 787/439/474
f 787/439/474 900/438/474 786/440/474
f 786/440/474 900/438/474 785/441/474
f 785/441/474 900/438/474 784/442/474
f 784/442/474 900/438/474 783/443/474
f 783/443/474 900/438/474 782/444/474
f 782/444/474 900/438/474 781/445/474
f 781/445/474 900/438/474 780/286/474
f 780/286/474 900/438/474 901/266/474
f 881/446/474 882/437/474 789/447/474
f 789/447/474 882/437/474 788/448/474
f 788/448/474 882/437/474 787/439/474
f 880/449/474 881/446/474 791/450/474
f 791/450/474 881/446/474 790/451/474
f 790/451/474 881/446/474 789/447/474
f 879/452/474 880/449/474 792/453/474
f 792/453/474 880/449/474 791/450/474
f 879/452/474 792/453/474 793/454/474
f 879/452/474 793/454/474 794/455/474
f 879/452/474 794/455/474 795/456/474
f 879/452/474 795/456/474 796/457/474
f 879/452/474 796/457/474 797/458/474
f 878/459/474 879/452/474 797/458/474
f 878/459/474 797/458/474 798/460/474
f 878/459/474 798/460/474 799/461/474
f 878/459/474 799/461/474 800/462/474
f 877/463/474 878/459/474 800/462/474
f 877/463/474 800/462/474 801/464/474
f 877/463/474 801/464/474 802/465/474
f 876/466/474 877/463/474 802/465/474
f 876/466/474 802/465/474 803/467/474
f 876/466/474 803/467/474 804/468/474
f 875/469/474 876/466/474 804/468/474
f 875/469/474 804/468/474 805/470/474
f 875/469/474 805/470/474 806/471/474
f 874/472/474 875/469/474 806/471/474
f 874/472/474 806/471/474 807/473/474
f 873/474/474 874/472/474 807/473/474
f 873/474/474 807/473/474 808/475/474
f 873/474/474 808/475/474 809/476/474
f 872/477/474 873/474/474 809/476/474
f 872/477/474 809/476/474 810/478/474
f 871/479/474 872/477/474 810/478/474
f 871/479/474 810/478/474 811/480/474
f 870/481/474 871/479/474 811/480/474
f 870/481/474 811/480/474 812/482/474
f 869/483/474 870/481/474 812/482/474
f 869/483/474 812/482/474 813/484/474
f 868/485/474 869/483/474 813/484/474
f 867/486/474 868/485/474 813/484/474
f 867/486/474 813/484/474 814/487/474
f 866/488/474 867/486/474 814/487/474
f 865/489/474 866/488/474 814/487/474
f 865/489/474 814/487/474 815/490/474
f 864/491/474 865/489/474 815/490/474
f 839/492/474 840/494/474 841/493/474
f 864/491/474 815/490/474 816/495/474
f 863/496/474 864/491/474 816/495/474
f 839/492/474 841/493/474 842/497/474
f 862/498/474 863/496/474 816/495/474
f 862/498/474 816/495/474 817/499/474
f 839/492/474 842/497/474 843/500/474
f 861/501/474 862/498/474 817/499/474
f 839/492/474 843/500/474 844/502/474
f 860/503/474 861/501/474 817/499/474
f 859/504/474 860/503/474 817/499/474
f 859/504/474 817/499/474 818/505/474
f 839/492/474 844/502/474 845/506/474
f 858/507/474 859/504/474 818/505/474
f 839/492/474 845/506/474 846/508/474
f 857/509/474 858/507/474 818/505/474
f 839/492/474 846/508/474 847/510/474
f 857/509/474 818/505/474 819/511/474
f 856/512/474 857/509/474 819/511/474
f 839/492/474 847/510/474 848/513/474
f 855/514/474 856/512/474 819/511/474
f 839/492/474 848/513/474 849/515/474
f 854/516/474 855/514/474 819/511/474
f 839/492/474 849/515/474 850/517/474
f 853/518/474 854/516/474 819/511/474
f 839/492/474 850/517/474 851/519/474
f 853/518/474 819/511/474 820/520/474
f 852/521/474 853/518/474 820/520/474
f 839/492/474 851/519/474 852/521/474
f 839/492/474 852/521/474 820/520/474
f 839/492/474 820/520/474 821/522/474
f 838/523/474 839/492/474 821/522/474
f 837/524/474 838/523/474 821/522/474
f 837/524/474 821/522/474 822/525/474
f 836/526/474 837/524/474 822/525/474
f 836/526/474 822/525/474 823/527/474
f 835/528/474 836/526/474 823/527/474
f 834/529/474 835/528/474 823/527/474
f 834/529/474 823/527/474 824/530/474
f 833/531/474 834/529/474 824/530/474
f 832/532/474 833/531/474 824/530/474
f 832/532/474 824/530/474 825/533/474
f 831/534/474 832/532/474 825/533/474
f 830/535/474 831/534/474 825/533/474
f 830/535/474 825/533/474 826/536/474
f 829/537/474 830/535/474 826/536/474
f 828/538/474 829/537/474 826/536/474
f 828/538/474 826/536/474 827/539/474
f 972/540/474 973/541/474 974/321/474
f 971/542/474 972/540/474 974/321/474
f 970/543/474 971/542/474 974/321/474
f 970/543/474 974/321/474 902/286/474
f 970/543/474 902/286/474 903/544/474
f 969/545/474 970/543/474 903/544/474
f 969/545/474 903/544/474 904/546/474
f 969/545/474 904/546/474 905/547/474
f 968/548/474 969/545/474 905/547/474
f 968/548/474 905/547/474 906/549/474
f 968/548/474 906/549/474 907/550/474
f 967/551/474 968/548/474 907/550/474
f 967/551/474 907/550/474 908/552/474
f 967/551/474 908/552/474 909/553/474
f 966/554/474 967/551/474 909/553/474
f 966/554/474 909/553/474 910/555/474
f 965/556/474 966/554/474 910/555/474
f 965/556/474 910/555/474 911/557/474
f 965/556/474 911/557/474 912/558/474
f 964/559/474 965/556/474 912/558/474
f 924/560/474 925/561/474 926/325/474
f 923/562/474 924/560/474 926/325/474
f 922/563/474 923/562/474 926/325/474
f 922/563/474 926/325/474 927/564/474
f 921/565/474 922/563/474 927/564/474
f 920/566/474 921/565/474 927/564/474
f 964/559/474 912/558/474 913/567/474
f 919/568/474 920/566/474 927/564/474
f 919/568/474 927/564/474 928/569/474
f 918/570/474 919/568/474 928/569/474
f 917/275/474 918/570/474 928/569/474
f 916/571/474 917/275/474 928/569/474
f 916/571/474 928/569/474 929/572/474
f 915/573/474 916/571/474 929/572/474
f 914/326/474 915/573/474 929/572/474
f 913/567/474 914/326/474 929/572/474
f 913/567/474 929/572/474 930/574/474
f 964/559/474 913/567/474 930/574/474
f 963/575/474 964/559/474 930/574/474
f 963/575/474 930/574/474 931/576/474
f 963/575/474 931/576/474 932/271/474
f 962/315/474 963/575/474 1001/577/474
f 1001/577/474 963/575/474 1000/578/474
f 1000/578/474 963/575/474 932/271/474
f 1000/578/474 932/271/474 999/579/474
f 999/579/474 932/271/474 998/324/474
f 998/324/474 932/271/474 933/580/474
f 997/581/474 998/324/474 933/580/474
f 996/582/474 997/581/474 933/580/474
f 962/315/474 1001/577/474 1002/583/474
f 962/315/474 1002/583/474 1003/584/474
f 995/585/474 996/582/474 933/580/474
f 995/585/474 933/580/474 934/586/474
f 962/315/474 1003/584/474 1004/587/474
f 962/315/474 1004/587/474 1005/588/474
f 994/589/474 995/585/474 934/586/474
f 962/315/474 1005/588/474 1006/590/474
f 993/591/474 994/589/474 934/586/474
f 962/315/474 1006/590/474 1007/291/474
f 962/315/474 1007/291/474 1008/592/474
f 992/298/474 993/591/474 934/586/474
f 962/315/474 1008/592/474 1009/593/474
f 961/594/474 962/315/474 1009/593/474
f 992/298/474 934/586/474 935/595/474
f 961/594/474 1009/593/474 1010/322/474
f 991/596/474 992/298/474 935/595/474
f 961/594/474 1010/322/474 1011/597/474
f 990/598/474 991/596/474 935/595/474
f 989/599/474 990/598/474 935/595/474
f 989/599/474 935/595/474 936/600/474
f 961/594/474 1011/597/474 1012/601/474
f 988/602/474 989/599/474 936/600/474
f 960/603/474 961/594/474 1012/601/474
f 987/604/474 988/602/474 936/600/474
f 987/604/474 936/600/474 937/605/474
f 960/603/474 1012/601/474 1013/606/474
f 986/323/474 987/604/474 937/605/474
f 959/607/474 960/603/474 1013/606/474
f 985/608/474 986/323/474 937/605/474
f 985/608/474 937/605/474 938/327/474
f 959/607/474 1013/606/474 1014/609/474
f 984/610/474 985/608/474 938/327/474
f 959/607/474 1014/609/474 1015/611/474
f 984/610/474 938/327/474 939/612/474
f 958/613/474 959/607/474 1015/611/474
f 983/614/474 984/610/474 939/612/474
f 982/418/474 983/614/474 939/612/474
f 958/613/474 1015/611/474 1016/615/474
f 982/418/474 939/612/474 940/616/474
f 981/617/474 982/418/474 940/616/474
f 957/618/474 958/613/474 1016/615/474
f 957/618/474 1016/615/474 1017/619/474
f 980/620/474 981/617/474 940/616/474
f 957/618/474 1017/619/474 1018/621/474
f 980/620/474 940/616/474 941/622/474
f 979/623/474 980/620/474 941/622/474
f 956/624/474 957/618/474 1018/621/474
f 956/624/474 1018/621/474 1019/625/474
f 978/626/474 979/623/474 941/622/474
f 977/304/474 978/626/474 941/622/474
f 956/624/474 1019/625/474 1020/627/474
f 977/304/474 941/622/474 942/419/474
f 976/628/474 977/304/474 942/419/474
f 956/624/474 1020/627/474 1021/629/474
f 975/630/474 976/628/474 942/419/474
f 956/624/474 1021/629/474 1022/266/474
f 1022/266/474 975/630/474 942/419/474
f 956/624/474 1022/266/474 942/419/474
f 955/631/474 956/624/474 942/419/474
f 955/631/474 942/419/474 943/632/474
f 954/633/474 955/631/474 943/632/474
f 954/633/474 943/632/474 944/634/474
f 953/635/474 954/633/474 944/634/474
f 953/635/474 944/634/474 945/636/474
f 952/637/474 953/635/474 945/636/474
f 952/637/474 945/636/474 946/638/474
f 951/639/474 952/637/474 946/638/474
f 951/639/474 946/638/474 947/305/474
f 950/320/474 951/639/474 947/305/474
f 950/320/474 947/305/474 948/640/474
f 949/641/474 950/320/474 948/640/474
s 1
f 1024/642/475 1026/643/476 1025/644/476 1023/286/475
f 1026/643/476 1028/645/477 1027/646/477 1025/644/476
f 1028/645/477 1030/647/478 1029/648/478 1027/646/477
f 1030/647/478 1032/649/479 1031/650/479 1029/648/478
f 1032/649/479 1034/651/480 1033/652/480 1031/650/479
f 1034/651/480 1036/653/481 1035/654/481 1033/652/480
f 1036/653/481 1038/655/482 1037/656/482 1035/654/481
f 1038/655/482 1040/657/483 1039/658/483 1037/656/482
f 1040/657/483 1042/659/484 1041/660/484 1039/658/483
f 1042/659/484 1044/661/485 1043/662/485 1041/660/484
f 1044/661/485 1046/663/486 1045/664/486 1043/662/485
f 1046/663/486 1048/665/487 1047/666/487 1045/664/486
f 1048/665/487 1050/667/488 1049/668/488 1047/666/487
f 1050/667/488 1052/669/489 1051/670/489 1049/668/488
f 1052/669/489 1054/671/490 1053/672/490 1051/670/489
f 1054/671/490 1056/673/491 1055/674/491 1053/672/490
f 1056/673/491 1058/675/492 1057/676/492 1055/674/491
f 1058/675/492 1060/677/493 1059/678/493 1057/676/492
f 1060/677/493 1062/679/494 1061/680/494 1059/678/493
f 1062/679/494 1064/681/495 1063/682/495 1061/680/494
f 1064/681/495 1066/683/496 1065/684/496 1063/682/495
f 1066/683/496 1068/685/497 1067/686/497 1065/684/496
f 1068/685/497 1070/687/498 1069/688/498 1067/686/497
f 1070/687/498 1072/689/499 1071/690/499 1069/688/498
f 1072/689/499 1074/691/500 1073/692/500 1071/690/499
f 1074/691/500 1076/693/501 1075/694/501 1073/692/500
f 1076/693/501 1078/695/502 1077/696/502 1075/694/501
f 1078/695/502 1080/697/503 1079/698/503 1077/696/502
f 1080/697/503 1082/699/504 1081/700/504 1079/698/503
f 1082/699/504 1084/701/505 1083/702/505 1081/700/504
f 1084/701/505 1086/703/506 1085/704/506 1083/702/505
f 1086/703/506 1088/705/507 1087/706/507 1085/704/506
f 1088/705/507 1090/707/508 1089/708/508 1087/706/507
f 1090/707/508 1092/709/509 1091/710/509 1089/708/508
f 1092/709/509 1094/711/510 1093/712/510 1091/710/509
f 1094/711/510 1096/713/511 1095/714/511 1093/712/510
f 1096/713/511 1098/715/512 1097/716/512 1095/714/511
f 1098/715/512 1100/717/513 1099/718/513 1097/716/512
f 1100/717/513 1102/719/514 1101/720/514 1099/718/513
f 1102/719/514 1104/721/515 1103/722/515 1101/720/514
f 1104/721/515 1106/723/516 1105/724/516 1103/722/515
f 1106/723/516 1108/725/517 1107/726/517 1105/724/516
f 1108/725/517 1110/727/518 1109/728/518 1107/726/517
f 1110/727/518 1112/729/519 1111/730/519 1109/728/518
f 1112/729/519 1114/731/520 1113/732/520 1111/730/519
f 1114/731/520 1116/733/521 1115/734/521 1113/732/520
f 1116/733/521 1118/735/522 1117/736/522 1115/734/521
f 1118/735/522 1120/737/523 1119/738/523 1117/736/522
f 1120/737/523 1122/739/524 1121/740/524 1119/738/523
f 1122/739/524 1124/741/525 1123/742/525 1121/740/524
f 1124/741/525 1126/743/526 1125/744/526 1123/742/525
f 1126/743/526 1128/745/527 1127/746/527 1125/744/526
f 1128/745/527 1130/747/528 1129/748/528 1127/746/527
f 1130/747/528 1132/749/529 1131/750/529 1129/748/528
f 1132/749/529 1134/751/530 1133/752/530 1131/750/529
f 1134/751/530 1136/753/531 1135/754/531 1133/752/530
f 1136/753/531 1138/755/532 1137/756/532 1135/754/531
f 1138/755/532 1140/757/533 1139/758/533 1137/756/532
f 1140/757/533 1142/759/534 1141/760/534 1139/758/533
f 1142/759/534 1144/761/535 1143/762/535 1141/760/534
f 1144/761/535 1146/763/536 1145/764/536 1143/762/535
f 1146/763/536 1148/765/537 1147/766/537 1145/764/536
f 1148/765/537 1150/767/538 1149/768/538 1147/766/537
f 1150/767/538 1152/769/539 1151/770/539 1149/768/538
f 1152/769/539 1154/771/540 1153/772/540 1151/770/539
f 1154/771/540 1156/773/541 1155/774/541 1153/772/540
f 1156/773/541 1158/775/542 1157/776/542 1155/774/541
f 1158/775/542 1160/777/543 1159/778/543 1157/776/542
f 1160/777/543 1162/779/544 1161/780/544 1159/778/543
f 1162/779/544 1164/781/545 1163/782/545 1161/780/544
f 1164/781/545 1166/783/546 1165/784/546 1163/782/545
f 1166/783/546 1168/785/547 1167/786/547 1165/784/546
f 1168/785/547 1024/787/475 1023/266/475 1167/786/547
f 1170/642/548 1172/788/549 1171/789/549 1169/286/548
f 1172/788/549 1174/790/550 1173/550/550 1171/789/549
f 1174/790/550 1176/791/551 1175/792/551 1173/550/550
f 1176/791/551 1178/793/552 1177/558/552 1175/792/551
f 1178/793/552 1180/794/553 1179/795/553 1177/558/552
f 1180/794/553 1182/796/554 1181/275/554 1179/795/553
f 1182/796/554 1184/797/555 1183/798/555 1181/275/554
f 1184/797/555 1186/799/556 1185/563/556 1183/798/555
f 1186/799/556 1188/800/557 1187/801/557 1185/563/556
f 1188/800/557 1190/802/558 1189/564/558 1187/801/557
f 1190/802/558 1192/803/559 1191/804/559 1189/564/558
f 1192/803/559 1194/805/560 1193/271/560 1191/804/559
f 1194/805/560 1196/806/561 1195/807/561 1193/271/560
f 1196/806/561 1198/808/562 1197/605/562 1195/807/561
f 1198/808/562 1200/809/563 1199/810/563 1197/605/562
f 1200/809/563 1202/811/564 1201/419/564 1199/810/563
f 1202/811/564 1204/812/565 1203/813/565 1201/419/564
f 1204/812/565 1206/814/566 1205/305/566 1203/813/565
f 1206/814/566 1208/815/567 1207/816/567 1205/305/566
f 1208/815/567 1210/817/568 1209/637/568 1207/816/567
f 1210/817/568 1212/818/569 1211/819/569 1209/637/568
f 1212/818/569 1214/820/570 1213/618/570 1211/819/569
f 1214/820/570 1216/821/571 1215/822/571 1213/618/570
f 1216/821/571 1218/823/572 1217/315/572 1215/822/571
f 1218/823/572 1220/824/573 1219/825/573 1217/315/572
f 1220/824/573 1222/826/574 1221/551/574 1219/825/573
f 1222/826/574 1224/827/575 1223/828/575 1221/551/574
f 1224/827/575 1226/829/576 1225/540/576 1223/828/575
f 1226/829/576 1228/830/577 1227/831/577 1225/540/576
f 1228/830/577 1230/832/578 1229/304/578 1227/831/577
f 1230/832/578 1232/833/579 1231/834/579 1229/304/578
f 1232/833/579 1234/835/580 1233/418/580 1231/834/579
f 1234/835/580 1236/836/581 1235/837/581 1233/418/580
f 1236/836/581 1238/838/582 1237/604/582 1235/837/581
f 1238/838/582 1240/839/583 1239/840/583 1237/604/582
f 1240/839/583 1242/841/584 1241/298/584 1239/840/583
f 1242/841/584 1244/842/585 1243/843/585 1241/298/584
f 1244/842/585 1246/844/586 1245/581/586 1243/843/585
f 1246/844/586 1248/845/587 1247/846/587 1245/581/586
f 1248/845/587 1250/847/588 1249/583/588 1247/846/587
f 1250/847/588 1252/848/589 1251/849/589 1249/583/588
f 1252/848/589 1254/850/590 1253/291/590 1251/849/589
f 1254/850/590 1256/851/591 1255/852/591 1253/291/590
f 1256/851/591 1258/853/592 1257/601/592 1255/852/591
f 1258/853/592 1260/854/593 1259/855/593 1257/601/592
f 1260/854/593 1262/856/594 1261/619/594 1259/855/593
f 1262/856/594 1264/857/595 1263/858/595 1261/619/594
f 1264/857/595 1170/787/548 1169/266/548 1263/858/595
f 1266/642/596 1268/859/597 1267/860/597 1265/286/596
f 1268/859/597 1270/861/598 1269/862/598 1267/860/597
f 1270/861/598 1272/863/599 1271/864/599 1269/862/598
f 1272/863/599 1274/865/600 1273/866/600 1271/864/599
f 1274/865/600 1276/867/601 1275/868/601 1273/866/600
f 1276/867/601 1278/869/602 1277/870/602 1275/868/601
f 1278/869/602 1280/871/603 1279/872/603 1277/870/602
f 1280/871/603 1282/873/604 1281/874/604 1279/872/603
f 1282/873/604 1284/875/605 1283/876/605 1281/874/604
f 1284/875/605 1286/877/606 1285/878/606 1283/876/605
f 1286/877/606 1288/879/607 1287/880/607 1285/878/606
f 1288/879/607 1290/881/608 1289/882/608 1287/880/607
f 1290/881/608 1292/883/609 1291/884/609 1289/882/608
f 1292/883/609 1294/885/610 1293/886/610 1291/884/609
f 1294/885/610 1296/887/611 1295/888/611 1293/886/610
f 1296/887/611 1298/889/612 1297/890/612 1295/888/611
f 1298/889/612 1300/891/613 1299/892/613 1297/890/612
f 1300/891/613 1302/893/614 1301/894/614 1299/892/613
f 1302/893/614 1304/895/481 1303/896/481 1301/894/614
f 1304/895/481 1306/897/615 1305/898/615 1303/896/481
f 1306/897/615 1308/899/616 1307/900/616 1305/898/615
f 1308/899/616 1310/901/617 1309/902/617 1307/900/616
f 1310/901/617 1312/903/618 1311/904/618 1309/902/617
f 1312/903/618 1314/905/619 1313/906/619 1311/904/618
f 1314/905/619 1316/907/620 1315/908/620 1313/906/619
f 1316/907/620 1318/909/621 1317/910/621 1315/908/620
f 1318/909/621 1320/911/622 1319/912/622 1317/910/621
f 1320/911/622 1322/913/623 1321/914/623 1319/912/622
f 1322/913/623 1324/915/624 1323/916/624 1321/914/623
f 1324/915/624 1326/917/625 1325/918/625 1323/916/624
f 1326/917/625 1328/919/626 1327/920/626 1325/918/625
f 1328/919/626 1330/921/627 1329/922/627 1327/920/626
f 1330/921/627 1332/923/628 1331/924/628 1329/922/627
f 1332/923/628 1334/925/629 1333/926/629 1331/924/628
f 1334/925/629 1336/927/630 1335/928/630 1333/926/629
f 1336/927/630 1338/929/631 1337/930/631 1335/928/630
f 1338/929/631 1340/931/632 1339/932/632 1337/930/631
f 1340/931/632 1342/933/633 1341/934/633 1339/932/632
f 1342/933/633 1344/935/634 1343/936/634 1341/934/633
f 1344/935/634 1346/937/635 1345/938/635 1343/936/634
f 1346/937/635 1348/939/636 1347/940/636 1345/938/635
f 1348/939/636 1350/941/637 1349/942/637 1347/940/636
f 1350/941/637 1352/943/638 1351/944/638 1349/942/637
f 1352/943/638 1354/945/639 1353/946/639 1351/944/638
f 1354/945/639 1356/947/640 1355/948/640 1353/946/639
f 1356/947/640 1358/949/641 1357/950/641 1355/948/640
f 1358/949/641 1360/951/642 1359/952/642 1357/950/641
f 1360/951/642 1362/953/643 1361/954/643 1359/952/642
f 1362/953/643 1364/955/644 1363/956/644 1361/954/643
f 1364/955/644 1366/957/645 1365/958/645 1363/956/644
f 1366/957/645 1368/959/646 1367/960/646 1365/958/645
f 1368/959/646 1370/961/647 1369/962/647 1367/960/646
f 1370/961/647 1372/963/648 1371/964/648 1369/962/647
f 1372/963/648 1374/965/649 1373/966/649 1371/964/648
f 1374/965/649 1376/967/650 1375/968/650 1373/966/649
f 1376/967/650 1378/969/651 1377/970/651 1375/968/650
f 1378/969/651 1380/971/652 1379/972/652 1377/970/651
f 1380/971/652 1382/973/653 1381/974/653 1379/972/652
f 1382/973/653 1384/975/654 1383/976/654 1381/974/653
f 1384/975/654 1386/977/655 1385/978/655 1383/976/654
f 1386/977/655 1388/823/656 1387/315/656 1385/978/655
f 1388/823/656 1390/979/657 1389/980/657 1387/315/656
f 1390/979/657 1392/981/658 1391/982/658 1389/980/657
f 1392/981/658 1394/983/659 1393/984/659 1391/982/658
f 1394/983/659 1396/985/660 1395/986/660 1393/984/659
f 1396/985/660 1398/987/661 1397/988/661 1395/986/660
f 1398/987/661 1400/989/662 1399/990/662 1397/988/661
f 1400/989/662 1402/991/663 1401/992/663 1399/990/662
f 1402/991/663 1404/993/664 1403/994/664 1401/992/663
f 1404/993/664 1406/995/665 1405/996/665 1403/994/664
f 1406/995/665 1408/997/666 1407/998/666 1405/996/665
f 1408/997/666 1410/999/667 1409/1000/667 1407/998/666
f 1410/999/667 1412/1001/668 1411/1002/668 1409/1000/667
f 1412/1001/668 1414/1003/669 1413/1004/669 1411/1002/668
f 1414/1003/669 1416/1005/670 1415/1006/670 1413/1004/669
f 1416/1005/670 1418/1007/671 1417/1008/671 1415/1006/670
f 1418/1007/671 1420/1009/672 1419/1010/672 1417/1008/671
f 1420/1009/672 1422/1011/673 1421/1012/673 1419/1010/672
f 1422/1011/673 1424/1013/674 1423/1014/674 1421/1012/673
f 1424/1013/674 1426/1015/675 1425/1016/675 1423/1014/674
f 1426/1015/675 1428/1017/676 1427/1018/676 1425/1016/675
f 1428/1017/676 1430/1019/677 1429/1020/677 1427/1018/676
f 1430/1019/677 1432/1021/678 1431/1022/678 1429/1020/677
f 1432/1021/678 1434/1023/679 1433/1024/679 1431/1022/678
f 1434/1023/679 1436/1025/680 1435/1026/680 1433/1024/679
f 1436/1025/680 1438/1027/681 1437/1028/681 1435/1026/680
f 1438/1027/681 1440/1029/682 1439/1030/682 1437/1028/681
f 1440/1029/682 1442/1031/683 1441/1032/683 1439/1030/682
f 1442/1031/683 1444/1033/684 1443/1034/684 1441/1032/683
f 1444/1033/684 1446/1035/685 1445/1036/685 1443/1034/684
f 1446/1035/685 1448/1037/686 1447/1038/686 1445/1036/685
f 1448/1037/686 1450/1039/687 1449/1040/687 1447/1038/686
f 1450/1039/687 1452/1041/688 1451/1042/688 1449/1040/687
f 1452/1041/688 1454/1043/689 1453/1044/689 1451/1042/688
f 1454/1043/689 1456/1045/690 1455/1046/690 1453/1044/689
f 1456/1045/690 1458/1047/691 1457/1048/691 1455/1046/690
f 1458/1047/691 1460/1049/692 1459/1050/692 1457/1048/691
f 1460/1049/692 1462/1051/693 1461/1052/693 1459/1050/692
f 1462/1051/693 1464/1053/694 1463/1054/694 1461/1052/693
f 1464/1053/694 1466/1055/695 1465/1056/695 1463/1054/694
f 1466/1055/695 1468/1057/696 1467/1058/696 1465/1056/695
f 1468/1057/696 1470/1059/697 1469/1060/697 1467/1058/696
f 1470/1059/697 1472/1061/698 1471/1062/698 1469/1060/697
f 1472/1061/698 1474/1063/699 1473/1064/699 1471/1062/698
f 1474/1063/699 1476/1065/700 1475/1066/700 1473/1064/699
f 1476/1065/700 1478/1067/701 1477/1068/701 1475/1066/700
f 1478/1067/701 1480/1069/702 1479/1070/702 1477/1068/701
f 1480/1069/702 1482/1071/703 1481/1072/703 1479/1070/702
f 1482/1071/703 1484/1073/704 1483/1074/704 1481/1072/703
f 1484/1073/704 1486/1075/705 1485/1076/705 1483/1074/704
f 1486/1075/705 1488/1077/706 1487/1078/706 1485/1076/705
f 1488/1077/706 1490/1079/707 1489/1080/707 1487/1078/706
f 1490/1079/707 1492/1081/708 1491/1082/708 1489/1080/707
f 1492/1081/708 1494/1083/709 1493/1084/709 1491/1082/708
f 1494/1083/709 1496/1085/710 1495/1086/710 1493/1084/709
f 1496/1085/710 1498/1087/711 1497/1088/711 1495/1086/710
f 1498/1087/711 1500/1089/712 1499/1090/712 1497/1088/711
f 1500/1089/712 1502/1091/713 1501/1092/713 1499/1090/712
f 1502/1091/713 1504/1093/714 1503/1094/714 1501/1092/713
f 1504/1093/714 1506/1095/715 1505/1096/715 1503/1094/714
f 1506/1095/715 1508/1097/716 1507/1098/716 1505/1096/715
f 1508/1097/716 1266/787/596 1265/266/596 1507/1098/716
f 1510/642/717 1512/805/718 1511/271/718 1509/286/717
f 1512/805/718 1514/823/719 1513/315/719 1511/271/718
f 1514/823/719 1516/841/720 1515/298/720 1513/315/719
f 1516/841/720 1510/787/717 1509/266/717 1515/298/720
f 1518/642/721 1520/805/722 1519/271/722 1517/286/721
f 1520/805/722 1522/823/723 1521/315/723 1519/271/722
f 1522/823/723 1524/841/724 1523/298/724 1521/315/723
f 1524/841/724 1518/787/721 1517/266/721 1523/298/724
f 1526/642/725 1528/788/726 1527/789/726 1525/286/725
f 1528/788/726 1530/790/727 1529/550/727 1527/789/726
f 1530/790/727 1532/791/728 1531/792/728 1529/550/727
f 1532/791/728 1534/793/729 1533/558/729 1531/792/728
f 1534/793/729 1536/794/730 1535/795/730 1533/558/729
f 1536/794/730 1538/796/731 1537/275/731 1535/795/730
f 1538/796/731 1540/797/732 1539/798/732 1537/275/731
f 1540/797/732 1542/799/733 1541/563/733 1539/798/732
f 1542/799/733 1544/800/734 1543/801/734 1541/563/733
f 1544/800/734 1546/802/735 1545/564/735 1543/801/734
f 1546/802/735 1548/803/736 1547/804/736 1545/564/735
f 1548/803/736 1550/805/737 1549/271/737 1547/804/736
f 1550/805/737 1552/806/738 1551/807/738 1549/271/737
f 1552/806/738 1554/808/739 1553/605/739 1551/807/738
f 1554/808/739 1556/809/740 1555/810/740 1553/605/739
f 1556/809/740 1558/811/741 1557/419/741 1555/810/740
f 1558/811/741 1560/812/742 1559/813/742 1557/419/741
f 1560/812/742 1562/814/743 1561/305/743 1559/813/742
f 1562/814/743 1564/815/744 1563/816/744 1561/305/743
f 1564/815/744 1566/817/745 1565/637/745 1563/816/744
f 1566/817/745 1568/818/746 1567/819/746 1565/637/745
f 1568/818/746 1570/820/747 1569/618/747 1567/819/746
f 1570/820/747 1572/821/748 1571/822/748 1569/618/747
f 1572/821/748 1574/823/749 1573/315/749 1571/822/748
f 1574/823/749 1576/824/750 1575/825/750 1573/315/749
f 1576/824/750 1578/826/751 1577/551/751 1575/825/750
f 1578/826/751 1580/827/752 1579/828/752 1577/551/751
f 1580/827/752 1582/829/753 1581/540/753 1579/828/752
f 1582/829/753 1584/830/754 1583/831/754 1581/540/753
f 1584/830/754 1586/832/755 1585/304/755 1583/831/754
f 1586/832/755 1588/833/756 1587/834/756 1585/304/755
f 1588/833/756 1590/835/757 1589/418/757 1587/834/756
f 1590/835/757 1592/836/758 1591/837/758 1589/418/757
f 1592/836/758 1594/838/759 1593/604/759 1591/837/758
f 1594/838/759 1596/839/760 1595/840/760 1593/604/759
f 1596/839/760 1598/841/761 1597/298/761 1595/840/760
f 1598/841/761 1600/842/762 1599/843/762 1597/298/761
f 1600/842/762 1602/844/763 1601/581/763 1599/843/762
f 1602/844/763 1604/845/764 1603/846/764 1601/581/763
f 1604/845/764 1606/847/765 1605/583/765 1603/846/764
f 1606/847/765 1608/848/766 1607/849/766 1605/583/765
f 1608/848/766 1610/850/767 1609/291/767 1607/849/766
f 1610/850/767 1612/851/768 1611/852/768 1609/291/767
f 1612/851/768 1614/853/769 1613/601/769 1611/852/768
f 1614/853/769 1616/854/770 1615/855/770 1613/601/769
f 1616/854/770 1618/856/771 1617/619/771 1615/855/770
f 1618/856/771 1620/857/772 1619/858/772 1617/619/771
f 1620/857/772 1526/787/725 1525/266/725 1619/858/772
f 1622/642/773 1624/788/774 1623/789/774 1621/286/773
f 1624/788/774 1626/790/775 1625/550/775 1623/789/774
f 1626/790/775 1628/791/776 1627/792/776 1625/550/775
f 1628/791/776 1630/793/777 1629/558/777 1627/792/776
f 1630/793/777 1632/794/778 1631/795/778 1629/558/777
f 1632/794/778 1634/796/779 1633/275/779 1631/795/778
f 1634/796/779 1636/797/780 1635/798/780 1633/275/779
f 1636/797/780 1638/799/781 1637/563/781 1635/798/780
f 1638/799/781 1640/800/782 1639/801/782 1637/563/781
f 1640/800/782 1642/802/783 1641/564/783 1639/801/782
f 1642/802/783 1644/803/760 1643/804/760 1641/564/783
f 1644/803/760 1646/805/784 1645/271/784 1643/804/760
f 1646/805/784 1648/806/785 1647/807/785 1645/271/784
f 1648/806/785 1650/808/786 1649/605/786 1647/807/785
f 1650/808/786 1652/809/787 1651/810/787 1649/605/786
f 1652/809/787 1654/811/788 1653/419/788 1651/810/787
f 1654/811/788 1656/812/789 1655/813/789 1653/419/788
f 1656/812/789 1658/814/790 1657/305/790 1655/813/789
f 1658/814/790 1660/815/791 1659/816/791 1657/305/790
f 1660/815/791 1662/817/792 1661/637/792 1659/816/791
f 1662/817/792 1664/818/793 1663/819/793 1661/637/792
f 1664/818/793 1666/820/794 1665/618/794 1663/819/793
f 1666/820/794 1668/821/748 1667/822/748 1665/618/794
f 1668/821/748 1670/823/795 1669/315/795 1667/822/748
f 1670/823/795 1672/824/796 1671/825/796 1669/315/795
f 1672/824/796 1674/826/797 1673/551/797 1671/825/796
f 1674/826/797 1676/827/798 1675/828/798 1673/551/797
f 1676/827/798 1678/829/799 1677/540/799 1675/828/798
f 1678/829/799 1680/830/800 1679/831/800 1677/540/799
f 1680/830/800 1682/832/801 1681/304/801 1679/831/800
f 1682/832/801 1684/833/802 1683/834/802 1681/304/801
f 1684/833/802 1686/835/803 1685/418/803 1683/834/802
f 1686/835/803 1688/836/804 1687/837/804 1685/418/803
f 1688/836/804 1690/838/805 1689/604/805 1687/837/804
f 1690/838/805 1692/839/736 1691/840/736 1689/604/805
f 1692/839/736 1694/841/806 1693/298/806 1691/840/736
f 1694/841/806 1696/842/807 1695/843/807 1693/298/806
f 1696/842/807 1698/844/808 1697/581/808 1695/843/807
f 1698/844/808 1700/845/809 1699/846/809 1697/581/808
f 1700/845/809 1702/847/810 1701/583/810 1699/846/809
f 1702/847/810 1704/848/811 1703/849/811 1701/583/810
f 1704/848/811 1706/850/812 1705/291/812 1703/849/811
f 1706/850/812 1708/851/813 1707/852/813 1705/291/812
f 1708/851/813 1710/853/814 1709/601/814 1707/852/813
f 1710/853/814 1712/854/815 1711/855/815 1709/601/814
f 1712/854/815 1714/856/816 1713/619/816 1711/855/815
f 1714/856/816 1716/857/772 1715/858/772 1713/619/816
f 1716/857/772 1622/787/773 1621/266/773 1715/858/772
f 1718/642/817 1720/796/817 1719/275/817 1717/286/817
f 1720/796/817 1722/805/818 1721/271/818 1719/275/817
f 1722/805/818 1724/814/818 1723/305/818 1721/271/818
f 1724/814/818 1726/823/819 1725/315/819 1723/305/818
f 1726/823/819 1728/832/820 1727/304/820 1725/315/819
f 1728/832/820 1730/841/821 1729/298/821 1727/304/820
f 1730/841/821 1732/850/822 1731/291/822 1729/298/821
f 1732/850/822 1718/787/817 1717/266/817 1731/291/822
f 1734/642/823 1736/811/824 1735/419/824 1733/286/823
f 1736/811/824 1738/835/825 1737/418/825 1735/419/824
f 1738/835/825 1734/787/823 1733/266/823 1737/418/825
f 1740/642/826 1742/1099/827 1741/1100/827 1739/286/826
f 1742/1099/827 1744/1101/828 1743/1102/828 1741/1100/827
f 1744/1101/828 1746/1103/829 1745/399/829 1743/1102/828
f 1746/1103/829 1748/1104/830 1747/1105/830 1745/399/829
f 1748/1104/830 1750/1106/831 1749/1107/831 1747/1105/830
f 1750/1106/831 1752/1108/832 1751/375/832 1749/1107/831
f 1752/1108/832 1754/1109/833 1753/1110/833 1751/375/832
f 1754/1109/833 1756/1111/834 1755/1112/834 1753/1110/833
f 1756/1111/834 1758/1113/835 1757/352/835 1755/1112/834
f 1758/1113/835 1760/1114/836 1759/1115/836 1757/352/835
f 1760/1114/836 1762/1116/837 1761/1117/837 1759/1115/836
f 1762/1116/837 1764/1118/838 1763/334/838 1761/1117/837
f 1764/1118/838 1766/1119/839 1765/1120/839 1763/334/838
f 1766/1119/839 1768/1121/840 1767/1122/840 1765/1120/839
f 1768/1121/840 1770/1123/841 1769/331/841 1767/1122/840
f 1770/1123/841 1772/1124/842 1771/1125/842 1769/331/841
f 1772/1124/842 1774/1126/843 1773/1127/843 1771/1125/842
f 1774/1126/843 1776/1128/844 1775/345/844 1773/1127/843
f 1776/1128/844 1778/811/845 1777/419/845 1775/345/844
f 1778/811/845 1780/1129/846 1779/1130/846 1777/419/845
f 1780/1129/846 1782/1131/847 1781/372/847 1779/1130/846
f 1782/1131/847 1784/1132/848 1783/1133/848 1781/372/847
f 1784/1132/848 1786/1134/849 1785/1135/849 1783/1133/848
f 1786/1134/849 1788/1136/850 1787/395/850 1785/1135/849
f 1788/1136/850 1790/1137/724 1789/1138/724 1787/395/850
f 1790/1137/724 1792/1139/721 1791/1140/721 1789/1138/724
f 1792/1139/721 1794/1141/851 1793/415/851 1791/1140/721
f 1794/1141/851 1796/1142/852 1795/1143/852 1793/415/851
f 1796/1142/852 1798/1144/853 1797/1145/853 1795/1143/852
f 1798/1144/853 1800/1146/854 1799/346/854 1797/1145/853
f 1800/1146/854 1802/1147/855 1801/1148/855 1799/346/854
f 1802/1147/855 1804/1149/856 1803/1150/856 1801/1148/855
f 1804/1149/856 1806/1151/857 1805/360/857 1803/1150/856
f 1806/1151/857 1808/1152/858 1807/1153/858 1805/360/857
f 1808/1152/858 1810/1154/859 1809/1155/859 1807/1153/858
f 1810/1154/859 1812/1156/860 1811/376/860 1809/1155/859
f 1812/1156/860 1814/1157/861 1813/1158/861 1811/376/860
f 1814/1157/861 1816/835/862 1815/418/862 1813/1158/861
f 1816/835/862 1818/1159/863 1817/392/863 1815/418/862
f 1818/1159/863 1820/1160/864 1819/1161/864 1817/392/863
f 1820/1160/864 1822/1162/865 1821/1163/865 1819/1161/864
f 1822/1162/865 1824/1164/866 1823/405/866 1821/1163/865
f 1824/1164/866 1826/1165/867 1825/1166/867 1823/405/866
f 1826/1165/867 1828/1167/868 1827/1168/868 1825/1166/867
f 1828/1167/868 1830/1169/869 1829/398/869 1827/1168/868
f 1830/1169/869 1832/1170/870 1831/1171/870 1829/398/869
f 1832/1170/870 1834/1172/871 1833/1173/871 1831/1171/870
f 1834/1172/871 1836/1174/872 1835/384/872 1833/1173/871
f 1836/1174/872 1838/1175/873 1837/1176/873 1835/384/872
f 1838/1175/873 1840/1177/874 1839/1178/874 1837/1176/873
f 1840/1177/874 1842/1179/875 1841/366/875 1839/1178/874
f 1842/1179/875 1844/1180/724 1843/1181/724 1841/366/875
f 1844/1180/724 1846/1182/721 1845/1183/721 1843/1181/724
f 1846/1182/721 1848/1184/722 1847/351/722 1845/1183/721
f 1848/1184/722 1850/1185/723 1849/1186/723 1847/351/722
f 1850/1185/723 1852/1187/723 1851/1188/723 1849/1186/723
f 1852/1187/723 1740/787/826 1739/266/826 1851/1188/723
o 6S_10_Ah_battery
v -0.045500 0.237500 0.055500
v -0.045500 0.244500 0.062500
v -0.052500 0.244500 0.055500
v -0.045500 0.238435 0.058995
v -0.048995 0.238435 0.055500
v -0.048847 0.239344 0.058847
v -0.048995 0.244500 0.061565
v -0.045500 0.241005 0.061565
v -0.048847 0.241153 0.060656
v -0.051565 0.241005 0.055500
v -0.051565 0.244500 0.058995
v -0.050656 0.241153 0.058847
v -0.045500 0.281500 0.062500
v -0.045500 0.288500 0.055500
v -0.052500 0.281500 0.055500
v -0.045500 0.284995 0.061565
v -0.048995 0.281500 0.061565
v -0.048847 0.284847 0.060656
v -0.048995 0.287565 0.055500
v -0.045500 0.287565 0.058995
v -0.048847 0.286656 0.058847
v -0.051565 0.281500 0.058995
v -0.051565 0.284995 0.055500
v -0.050656 0.284847 0.058847
v -0.045500 0.237500 -0.105500
v -0.052500 0.244500 -0.105500
v -0.045500 0.244500 -0.112500
v -0.048995 0.238435 -0.105500
v -0.045500 0.238435 -0.108995
v -0.048847 0.239344 -0.108847
v -0.051565 0.244500 -0.108995
v -0.051565 0.241005 -0.105500
v -0.050656 0.241153 -0.108847
v -0.045500 0.241005 -0.111565
v -0.048995 0.244500 -0.111565
v -0.048847 0.241153 -0.110656
v -0.045500 0.288500 -0.105500
v -0.045500 0.281500 -0.112500
v -0.052500 0.281500 -0.105500
v -0.045500 0.287565 -0.108995
v -0.048995 0.287565 -0.105500
v -0.048847 0.286656 -0.108847
v -0.048995 0.281500 -0.111565
v -0.045500 0.284995 -0.111565
v -0.048847 0.284847 -0.110656
v -0.051565 0.284995 -0.105500
v -0.051565 0.281500 -0.108995
v -0.050656 0.284847 -0.108847
v 0.045500 0.237500 0.055500
v 0.052500 0.244500 0.055500
v 0.045500 0.244500 0.062500
v 0.048995 0.238435 0.055500
v 0.045500 0.238435 0.058995
v 0.048847 0.239344 0.058847
v 0.051565 0.244500 0.058995
v 0.051565 0.241005 0.055500
v 0.050656 0.241153 0.058847
v 0.045500 0.241005 0.061565
v 0.048995 0.244500 0.061565
v 0.048847 0.241153 0.060656
v 0.045500 0.288500 0.055500
v 0.045500 0.281500 0.062500
v 0.052500 0.281500 0.055500
v 0.045500 0.287565 0.058995
v 0.048995 0.287565 0.055500
v 0.048847 0.286656 0.058847
v 0.048995 0.281500 0.061565
v 0.045500 0.284995 0.061565
v 0.048847 0.284847 0.060656
v 0.051565 0.284995 0.055500
v 0.051565 0.281500 0.058995
v 0.050656 0.284847 0.058847
v 0.045500 0.237500 -0.105500
v 0.045500 0.244500 -0.112500
v 0.052500 0.244500 -0.105500
v 0.045500 0.238435 -0.108995
v 0.048995 0.238435 -0.105500
v 0.048847 0.239344 -0.108847
v 0.048995 0.244500 -0.111565
v 0.045500 0.241005 -0.111565
v 0.048847 0.241153 -0.110656
v 0.051565 0.241005 -0.105500
v 0.051565 0.244500 -0.108995
v 0.050656 0.241153 -0.108847
v 0.045500 0.288500 -0.105500
v 0.052500 0.281500 -0.105500
v 0.045500 0.281500 -0.112500
v 0.048995 0.287565 -0.105500
v 0.045500 0.287565 -0.108995
v 0.048847 0.286656 -0.108847
v 0.051565 0.281500 -0.108995
v 0.051565 0.284995 -0.105500
v 0.050656 0.284847 -0.108847
v 0.045500 0.284995 -0.111565
v 0.048995 0.281500 -0.111565
v 0.048847 0.284847 -0.110656
vn 0.0099 -0.0231 0.9997
vn 0.0099 0.0231 0.9997
vn -0.0099 0.0231 0.9997
vn -0.0099 -0.0231 0.9997
vn 0.9997 -0.0231 -0.0057
vn 0.9997 0.0231 -0.0057
vn 0.9997 0.0231 0.0057
vn 0.9997 -0.0231 0.0057
vn 0.0099 0.9999 -0.0057
vn -0.0099 0.9999 -0.0057
vn -0.0099 0.9999 0.0057
vn 0.0099 0.9999 0.0057
vn -0.9997 -0.0231 0.0057
vn -0.9997 0.0231 0.0057
vn -0.9997 0.0231 -0.0057
vn -0.9997 -0.0231 -0.0057
vn -0.0099 -0.0231 -0.9997
vn -0.0099 0.0231 -0.9997
vn 0.0099 0.0231 -0.9997
vn 0.0099 -0.0231 -0.9997
vn -0.0099 -0.9999 0.0057
vn -0.0084 -0.8661 0.4998
vn -0.4178 -0.8067 0.4178
vn -0.5000 -0.8660 0.0048
vn -0.0084 -0.4998 0.8661
vn -0.4178 -0.4179 0.8067
vn -0.4178 -0.8067 0.4179
vn -0.4990 -0.0197 0.8664
vn -0.4178 -0.4178 0.8067
vn -0.4991 -0.0197 0.8663
vn -0.8663 -0.0197 0.4991
vn -0.8067 -0.4178 0.4179
vn -0.4179 -0.4178 0.8067
vn -0.8660 -0.5000 0.0048
vn -0.8067 -0.4178 0.4178
vn -0.8664 -0.0197 0.4990
vn -0.8660 -0.5001 0.0048
vn -0.5001 -0.8660 0.0049
vn -0.4179 -0.8067 0.4178
vn -0.8067 -0.4179 0.4178
vn -0.4179 -0.8067 0.4179
vn -0.0084 0.4998 0.8661
vn -0.4178 0.4178 0.8067
vn -0.4990 0.0197 0.8664
vn -0.0084 0.8661 0.4998
vn -0.4178 0.8067 0.4179
vn -0.4178 0.4179 0.8067
vn -0.0100 0.9999 0.0057
vn -0.5000 0.8660 0.0048
vn -0.4178 0.8067 0.4178
vn -0.5001 0.8660 0.0048
vn -0.8660 0.5000 0.0048
vn -0.8067 0.4179 0.4178
vn -0.4179 0.8067 0.4178
vn -0.8664 0.0197 0.4990
vn -0.8067 0.4178 0.4178
vn -0.8663 0.0197 0.4991
vn -0.4991 0.0197 0.8663
vn -0.4179 0.4178 0.8067
vn -0.8067 0.4178 0.4179
vn -0.4179 0.8067 0.4179
vn -0.0100 -0.9999 -0.0057
vn -0.5000 -0.8660 -0.0048
vn -0.4178 -0.8067 -0.4178
vn -0.0084 -0.8661 -0.4998
vn -0.5001 -0.8660 -0.0048
vn -0.8660 -0.5000 -0.0048
vn -0.8067 -0.4179 -0.4178
vn -0.4179 -0.8067 -0.4178
vn -0.8664 -0.0197 -0.4990
vn -0.8067 -0.4178 -0.4178
vn -0.8663 -0.0197 -0.4991
vn -0.4991 -0.0197 -0.8663
vn -0.4179 -0.4178 -0.8067
vn -0.8067 -0.4178 -0.4179
vn -0.0084 -0.4998 -0.8661
vn -0.4178 -0.4178 -0.8067
vn -0.4990 -0.0197 -0.8664
vn -0.4178 -0.8067 -0.4179
vn -0.4178 -0.4179 -0.8067
vn -0.4179 -0.8067 -0.4179
vn -0.0084 0.8661 -0.4998
vn -0.4178 0.8067 -0.4178
vn -0.5000 0.8660 -0.0048
vn -0.0084 0.4998 -0.8661
vn -0.4178 0.4179 -0.8067
vn -0.4178 0.8067 -0.4179
vn -0.4990 0.0197 -0.8664
vn -0.4178 0.4178 -0.8067
vn -0.4991 0.0197 -0.8663
vn -0.8663 0.0197 -0.4991
vn -0.8067 0.4178 -0.4179
vn -0.4179 0.4178 -0.8067
vn -0.8660 0.5000 -0.0048
vn -0.8067 0.4178 -0.4178
vn -0.8664 0.0197 -0.4990
vn -0.8660 0.5001 -0.0048
vn -0.5001 0.8660 -0.0049
vn -0.4179 0.8067 -0.4178
vn -0.8067 0.4179 -0.4178
vn -0.4179 0.8067 -0.4179
vn 0.0100 -0.9999 0.0057
vn 0.5000 -0.8660 0.0048
vn 0.4178 -0.8067 0.4178
vn 0.0084 -0.8661 0.4998
vn 0.5001 -0.8660 0.0048
vn 0.8660 -0.5000 0.0048
vn 0.8067 -0.4179 0.4178
vn 0.4179 -0.8067 0.4178
vn 0.8664 -0.0197 0.4990
vn 0.8067 -0.4178 0.4178
vn 0.8663 -0.0197 0.4991
vn 0.4991 -0.0197 0.8663
vn 0.4179 -0.4178 0.8067
vn 0.8067 -0.4178 0.4179
vn 0.0084 -0.4998 0.8661
vn 0.4178 -0.4178 0.8067
vn 0.4990 -0.0197 0.8664
vn 0.4178 -0.8067 0.4179
vn 0.4178 -0.4179 0.8067
vn 0.4179 -0.8067 0.4179
vn 0.0084 0.8661 0.4998
vn 0.4178 0.8067 0.4178
vn 0.5000 0.8660 0.0048
vn 0.0084 0.4998 0.8661
vn 0.4178 0.4179 0.8067
vn 0.4178 0.8067 0.4179
vn 0.4990 0.0197 0.8664
vn 0.4178 0.4178 0.8067
vn 0.4991 0.0197 0.8663
vn 0.8663 0.0197 0.4991
vn 0.8067 0.4178 0.4179
vn 0.4179 0.4178 0.8067
vn 0.8660 0.5000 0.0048
vn 0.8067 0.4178 0.4178
vn 0.8664 0.0197 0.4990
vn 0.8660 0.5001 0.0048
vn 0.5001 0.8660 0.0049
vn 0.4179 0.8067 0.4178
vn 0.8067 0.4179 0.4178
vn 0.4179 0.8067 0.4179
vn 0.0099 -0.9999 -0.0057
vn 0.0084 -0.8661 -0.4998
vn 0.4178 -0.8067 -0.4178
vn 0.5000 -0.8660 -0.0048
vn 0.0084 -0.4998 -0.8661
vn 0.4178 -0.4179 -0.8067
vn 0.4178 -0.8067 -0.4179
vn 0.4990 -0.0197 -0.8664
vn 0.4178 -0.4178 -0.8067
vn 0.4991 -0.0197 -0.8663
vn 0.8663 -0.0197 -0.4991
vn 0.8067 -0.4178 -0.4179
vn 0.4179 -0.4178 -0.8067
vn 0.8660 -0.5000 -0.0048
vn 0.8067 -0.4178 -0.4178
vn 0.8664 -0.0197 -0.4990
vn 0.8660 -0.5001 -0.0048
vn 0.5001 -0.8660 -0.0049
vn 0.4179 -0.8067 -0.4178
vn 0.8067 -0.4179 -0.4178
vn 0.4179 -0.8067 -0.4179
vn 0.0100 0.9999 -0.0057
vn 0.5000 0.8660 -0.0048
vn 0.4178 0.8067 -0.4178
vn 0.0084 0.8661 -0.4998
vn 0.5001 0.8660 -0.0048
vn 0.8660 0.5000 -0.0048
vn 0.8067 0.4179 -0.4178
vn 0.4179 0.8067 -0.4178
vn 0.8664 0.0197 -0.4990
vn 0.8067 0.4178 -0.4178
vn 0.8663 0.0197 -0.4991
vn 0.4991 0.0197 -0.8663
vn 0.4179 0.4178 -0.8067
vn 0.8067 0.4178 -0.4179
vn 0.0084 0.4998 -0.8661
vn 0.4178 0.4178 -0.8067
vn 0.4990 0.0197 -0.8664
vn 0.4178 0.8067 -0.4179
vn 0.4178 0.4179 -0.8067
vn 0.4179 0.8067 -0.4179
vn -0.0100 -0.9999 0.0057
vn -0.5001 -0.8660 0.0048
vn -0.8660 -0.5001 -0.0048
vn -0.0100 0.9999 -0.0057
vn -0.5001 0.8660 -0.0048
vn -0.8660 0.5001 0.0048
vn -0.0099 -0.9999 -0.0057
vn 0.0084 -0.8661 -0.4999
vn -0.0084 -0.8661 -0.4999
vn -0.0084 -0.4999 -0.8661
vn 0.0084 -0.4999 -0.8661
vn -0.0084 0.8661 -0.4999
vn 0.0084 0.8661 -0.4999
vn 0.0084 0.4999 -0.8661
vn -0.0084 0.4999 -0.8661
vn 0.0100 -0.9999 -0.0057
vn 0.5001 -0.8660 -0.0048
vn 0.8660 -0.5001 0.0048
vn 0.0100 0.9999 0.0057
vn 0.5001 0.8660 0.0048
vn 0.8660 0.5001 -0.0048
vn 0.0099 -0.9999 0.0057
vn -0.0084 -0.8661 0.4999
vn 0.0084 -0.8661 0.4999
vn 0.0084 -0.4999 0.8661
vn -0.0084 -0.4999 0.8661
vn 0.0084 0.8661 0.4999
vn -0.0084 0.8661 0.4999
vn -0.0084 0.4999 0.8661
vn 0.0084 0.4999 0.8661
vt 0.409314 0.766667
vt 0.590686 0.766667
vt 0.590686 0.983333
vt 0.409314 0.983333
vt 0.409314 0.510000
vt 0.590686 0.510000
vt 0.590686 0.740000
vt 0.409314 0.740000
vt 0.641667 0.510000
vt 0.858333 0.510000
vt 0.858333 0.740000
vt 0.641667 0.740000
vt 0.409314 0.010000
vt 0.590686 0.010000
vt 0.590686 0.240000
vt 0.409314 0.240000
vt 0.409314 0.266667
vt 0.590686 0.266667
vt 0.590686 0.483333
vt 0.409314 0.483333
vt 0.141667 0.740000
vt 0.141667 0.744993
vt 0.133696 0.744782
vt 0.133344 0.740000
vt 0.141667 0.750000
vt 0.133696 0.750000
vt 0.409314 1.000000
vt 0.375000 0.991304
vt 0.375000 0.983333
vt 0.409314 0.000000
vt 0.409314 0.005007
vt 0.375000 0.005218
vt 0.375000 0.000000
vt 0.375000 0.010000
vt 0.125000 0.740000
vt 0.125000 0.744782
vt 0.607821 0.983333
vt 0.607095 0.991304
vt 0.590686 1.000000
vt 0.625000 0.983333
vt 0.625000 0.991304
vt 0.875000 0.740000
vt 0.866304 0.750000
vt 0.858333 0.750000
vt 0.625000 0.010000
vt 0.607821 0.010000
vt 0.607096 0.005218
vt 0.625000 0.000000
vt 0.590686 0.005007
vt 0.590686 0.000000
vt 0.607095 0.002634
vt 0.607095 0.995610
vt 0.141667 0.510000
vt 0.133344 0.510000
vt 0.133696 0.505218
vt 0.141667 0.505007
vt 0.125000 0.510000
vt 0.125000 0.505218
vt 0.409314 0.244993
vt 0.375000 0.244782
vt 0.375000 0.240000
vt 0.409314 0.258344
vt 0.375000 0.258696
vt 0.375000 0.266667
vt 0.141667 0.500000
vt 0.133696 0.500000
vt 0.858333 0.500000
vt 0.866304 0.500000
vt 0.875000 0.510000
vt 0.625000 0.266667
vt 0.607821 0.266667
vt 0.607095 0.258696
vt 0.625000 0.258696
vt 0.590686 0.258344
vt 0.590686 0.244993
vt 0.607096 0.244782
vt 0.607821 0.240000
vt 0.625000 0.240000
vt 0.625000 0.250000
vt 0.607095 0.254389
vt 0.358333 0.740000
vt 0.366656 0.740000
vt 0.366304 0.744782
vt 0.358333 0.744993
vt 0.392179 0.740000
vt 0.392905 0.744782
vt 0.409314 0.744993
vt 0.409314 0.758344
vt 0.375000 0.758696
vt 0.375000 0.766667
vt 0.358333 0.750000
vt 0.366304 0.750000
vt 0.370611 0.744782
vt 0.641667 0.750000
vt 0.633696 0.750000
vt 0.633344 0.740000
vt 0.625000 0.766667
vt 0.607821 0.766667
vt 0.607095 0.758696
vt 0.625000 0.758696
vt 0.590686 0.758344
vt 0.590686 0.744994
vt 0.607096 0.744782
vt 0.607821 0.740000
vt 0.607095 0.754389
vt 0.358333 0.510000
vt 0.358333 0.505007
vt 0.366304 0.505218
vt 0.366656 0.510000
vt 0.358333 0.500000
vt 0.366304 0.500000
vt 0.409314 0.491656
vt 0.375000 0.491304
vt 0.375000 0.483333
vt 0.409314 0.505007
vt 0.392905 0.505218
vt 0.392179 0.510000
vt 0.370611 0.505218
vt 0.633344 0.510000
vt 0.633696 0.505218
vt 0.641667 0.500000
vt 0.607821 0.510000
vt 0.607096 0.505218
vt 0.590686 0.505007
vt 0.590686 0.491656
vt 0.607095 0.491304
vt 0.607821 0.483333
vt 0.625000 0.483333
vt 0.615963 0.491304
vt 0.615963 0.505218
vt 0.607095 0.502634
s 0
usemtl Anodized_graphite
f 1903/1189/876 1914/1190/877 1865/1191/878 1854/1192/879
f 1927/1193/880 1938/1194/881 1915/1195/882 1902/1196/883
f 1937/1197/884 1889/1198/885 1866/1199/886 1913/1200/887
f 1855/1201/888 1867/1202/889 1891/1203/890 1878/1204/891
f 1879/1205/892 1890/1206/893 1939/1207/894 1926/1208/895
f 1853/1209/896 1856/1210/897 1858/1211/898 1857/1212/899
f 1856/1210/897 1860/1213/900 1861/1214/901 1858/1211/902
f 1854/1192/879 1859/1215/903 1861/1216/904 1860/1217/900
f 1859/1218/905 1863/1219/906 1864/1220/907 1861/1221/908
f 1855/1201/888 1862/1222/909 1864/1220/910 1863/1219/911
f 1862/1223/912 1857/1212/913 1858/1211/914 1864/1224/915
f 1858/1211/916 1861/1214/908 1864/1224/907
f 1865/1191/878 1868/1225/917 1870/1226/918 1869/1227/919
f 1868/1225/917 1872/1228/920 1873/1229/921 1870/1226/922
f 1866/1199/923 1871/1230/924 1873/1231/925 1872/1232/920
f 1871/1233/926 1875/1234/927 1876/1235/928 1873/1236/929
f 1867/1202/889 1874/1237/930 1876/1235/931 1875/1234/927
f 1874/1237/932 1869/1238/933 1870/1239/934 1876/1235/935
f 1870/1226/934 1873/1229/936 1876/1240/935
f 1877/1241/937 1880/1242/938 1882/1243/939 1881/1244/940
f 1880/1242/941 1884/1245/942 1885/1246/943 1882/1243/944
f 1878/1204/891 1883/1247/945 1885/1248/946 1884/1249/942
f 1883/1247/947 1887/1250/948 1888/1251/949 1885/1248/950
f 1879/1205/892 1886/1252/951 1888/1251/952 1887/1250/953
f 1886/1253/951 1881/1244/940 1882/1243/954 1888/1254/955
f 1882/1243/956 1885/1246/950 1888/1254/949
f 1889/1198/885 1892/1255/957 1894/1256/958 1893/1257/959
f 1892/1258/957 1896/1259/960 1897/1260/961 1894/1261/962
f 1890/1206/893 1895/1262/963 1897/1260/964 1896/1259/960
f 1895/1262/965 1899/1263/966 1900/1264/967 1897/1260/968
f 1891/1203/890 1898/1265/969 1900/1264/970 1899/1263/971
f 1898/1265/972 1893/1266/973 1894/1267/974 1900/1264/975
f 1894/1261/976 1897/1260/968 1900/1268/967
f 1901/1269/977 1904/1270/978 1906/1271/979 1905/1272/980
f 1904/1270/981 1908/1273/982 1909/1274/983 1906/1271/984
f 1902/1196/883 1907/1275/985 1909/1274/986 1908/1273/982
f 1907/1275/987 1911/1276/988 1912/1277/989 1909/1274/990
f 1903/1189/876 1910/1278/991 1912/1277/992 1911/1276/993
f 1910/1279/991 1905/1272/980 1906/1271/994 1912/1280/995
f 1906/1271/996 1909/1281/990 1912/1280/989
f 1913/1200/887 1916/1282/997 1918/1283/998 1917/1284/999
f 1916/1285/997 1920/1286/1000 1921/1287/1001 1918/1288/1002
f 1914/1190/877 1919/1289/1003 1921/1287/1004 1920/1286/1000
f 1919/1289/1005 1923/1290/1006 1924/1291/1007 1921/1287/1008
f 1915/1195/882 1922/1292/1009 1924/1291/1010 1923/1290/1011
f 1922/1292/1012 1917/1284/1013 1918/1283/1014 1924/1291/1015
f 1918/1288/1016 1921/1287/1008 1924/1293/1007
f 1925/1294/1017 1928/1295/1018 1930/1296/1019 1929/1297/1020
f 1928/1295/1018 1932/1298/1021 1933/1299/1022 1930/1296/1023
f 1926/1208/895 1931/1300/1024 1933/1301/1025 1932/1302/1021
f 1931/1300/1026 1935/1303/1027 1936/1304/1028 1933/1301/1029
f 1927/1193/880 1934/1305/1030 1936/1304/1031 1935/1303/1032
f 1934/1305/1033 1929/1297/1034 1930/1296/1035 1936/1304/1036
f 1930/1296/1037 1933/1299/1029 1936/1306/1028
f 1937/1197/1038 1940/1307/1039 1942/1308/1040 1941/1309/1041
f 1940/1307/1042 1944/1310/1043 1945/1311/1044 1942/1308/1045
f 1938/1194/881 1943/1312/1046 1945/1311/1047 1944/1310/1043
f 1943/1312/1048 1947/1313/1049 1948/1314/1050 1945/1311/1051
f 1939/1207/894 1946/1315/1052 1948/1314/1053 1947/1313/1054
f 1946/1315/1052 1941/1316/1041 1942/1317/1055 1948/1314/1056
f 1942/1318/1057 1945/1311/1051 1948/1319/1050
f 1877/1241/937 1853/1209/1058 1857/1212/899 1880/1242/938
f 1880/1242/941 1857/1212/1059 1862/1223/912 1884/1245/1060
f 1884/1249/942 1862/1222/909 1855/1201/888 1878/1204/891
f 1854/1192/879 1865/1191/878 1869/1227/919 1859/1215/903
f 1859/1218/905 1869/1238/933 1874/1237/932 1863/1219/906
f 1863/1219/911 1874/1237/930 1867/1202/889 1855/1201/888
f 1866/1199/923 1889/1198/1061 1893/1257/959 1871/1230/924
f 1871/1233/926 1893/1266/1062 1898/1265/972 1875/1234/1063
f 1875/1234/927 1898/1265/969 1891/1203/890 1867/1202/889
f 1890/1206/893 1879/1205/892 1887/1250/953 1895/1262/963
f 1895/1262/965 1887/1250/948 1883/1247/947 1899/1263/966
f 1899/1263/971 1883/1247/945 1878/1204/891 1891/1203/890
f 1925/1294/1017 1877/1241/1064 1881/1244/940 1928/1295/1018
f 1928/1295/1065 1881/1244/1066 1886/1253/1067 1932/1298/1068
f 1932/1302/1021 1886/1252/951 1879/1205/892 1926/1208/895
f 1889/1198/885 1937/1197/884 1941/1309/1041 1892/1255/957
f 1892/1258/1069 1941/1316/1070 1946/1315/1071 1896/1259/1072
f 1896/1259/960 1946/1315/1052 1939/1207/894 1890/1206/893
f 1938/1194/881 1927/1193/880 1935/1303/1032 1943/1312/1046
f 1943/1312/1048 1935/1303/1027 1931/1300/1026 1947/1313/1049
f 1947/1313/1054 1931/1300/1024 1926/1208/895 1939/1207/894
f 1901/1269/977 1925/1294/1073 1929/1297/1020 1904/1270/978
f 1904/1270/981 1929/1297/1074 1934/1305/1033 1908/1273/1075
f 1908/1273/982 1934/1305/1030 1927/1193/880 1902/1196/883
f 1937/1197/1038 1913/1200/1076 1917/1284/999 1940/1307/1039
f 1940/1307/1042 1917/1284/1077 1922/1292/1012 1944/1310/1078
f 1944/1310/1043 1922/1292/1009 1915/1195/882 1938/1194/881
f 1914/1190/877 1903/1189/876 1911/1276/993 1919/1289/1003
f 1919/1289/1005 1911/1276/988 1907/1275/987 1923/1290/1006
f 1923/1290/1011 1907/1275/985 1902/1196/883 1915/1195/882
f 1853/1209/896 1901/1269/1079 1905/1272/980 1856/1210/897
f 1856/1210/1080 1905/1272/1081 1910/1279/1082 1860/1213/1083
f 1860/1217/900 1910/1278/991 1903/1189/876 1854/1192/879
f 1913/1200/887 1866/1199/886 1872/1232/920 1916/1282/997
f 1916/1285/1084 1872/1228/1085 1868/1225/1086 1920/1286/1087
f 1920/1286/1000 1868/1225/917 1865/1191/878 1914/1190/877
f 1877/1241/1064 1925/1294/1017 1901/1269/1079 1853/1209/896
