# Blender 4.3.2
# www.blender.org
mtllib jetson.mtl
o USB_port_tongue.003
v -0.027291 0.319462 0.068413
v -0.027291 0.319680 0.068664
v -0.027551 0.319680 0.068413
v -0.027291 0.319491 0.068539
v -0.027421 0.319491 0.068413
v -0.027415 0.319519 0.068533
v -0.027421 0.319680 0.068631
v -0.027291 0.319571 0.068631
v -0.027415 0.319576 0.068598
v -0.027516 0.319571 0.068413
v -0.027516 0.319680 0.068539
v -0.027482 0.319576 0.068533
v -0.027291 0.322875 0.068664
v -0.027291 0.323093 0.068413
v -0.027551 0.322875 0.068413
v -0.027291 0.322984 0.068631
v -0.027421 0.322875 0.068631
v -0.027415 0.322979 0.068598
v -0.027421 0.323064 0.068413
v -0.027291 0.323064 0.068539
v -0.027415 0.323036 0.068533
v -0.027516 0.322875 0.068539
v -0.027516 0.322984 0.068413
v -0.027482 0.322979 0.068533
v -0.027291 0.319462 0.068078
v -0.027551 0.319680 0.068078
v -0.027291 0.319680 0.067827
v -0.027421 0.319491 0.068078
v -0.027291 0.319491 0.067953
v -0.027415 0.319519 0.067958
v -0.027516 0.319680 0.067953
v -0.027516 0.319571 0.068078
v -0.027482 0.319576 0.067958
v -0.027291 0.319571 0.067861
v -0.027421 0.319680 0.067861
v -0.027415 0.319576 0.067893
v -0.027291 0.323093 0.068078
v -0.027291 0.322875 0.067827
v -0.027551 0.322875 0.068078
v -0.027291 0.323064 0.067953
v -0.027421 0.323064 0.068078
v -0.027415 0.323036 0.067958
v -0.027421 0.322875 0.067861
v -0.027291 0.322984 0.067861
v -0.027415 0.322979 0.067893
v -0.027516 0.322984 0.068078
v -0.027516 0.322875 0.067953
v -0.027482 0.322979 0.067958
v -0.017400 0.319462 0.068413
v -0.017140 0.319680 0.068413
v -0.017400 0.319680 0.068664
v -0.017270 0.319491 0.068413
v -0.017400 0.319491 0.068539
v -0.017275 0.319519 0.068533
v -0.017174 0.319680 0.068539
v -0.017174 0.319571 0.068413
v -0.017208 0.319576 0.068533
v -0.017400 0.319571 0.068631
v -0.017270 0.319680 0.068631
v -0.017275 0.319576 0.068598
v -0.017400 0.323093 0.068413
v -0.017400 0.322875 0.068664
v -0.017140 0.322875 0.068413
v -0.017400 0.323064 0.068539
v -0.017270 0.323064 0.068413
v -0.017275 0.323036 0.068533
v -0.017270 0.322875 0.068631
v -0.017400 0.322984 0.068631
v -0.017275 0.322979 0.068598
v -0.017174 0.322984 0.068413
v -0.017174 0.322875 0.068539
v -0.017208 0.322979 0.068533
v -0.017400 0.319462 0.068078
v -0.017400 0.319680 0.067827
v -0.017140 0.319680 0.068078
v -0.017400 0.319491 0.067953
v -0.017270 0.319491 0.068078
v -0.017275 0.319519 0.067958
v -0.017270 0.319680 0.067861
v -0.017400 0.319571 0.067861
v -0.017275 0.319576 0.067893
v -0.017174 0.319571 0.068078
v -0.017174 0.319680 0.067953
v -0.017208 0.319576 0.067958
v -0.017400 0.323093 0.068078
v -0.017140 0.322875 0.068078
v -0.017400 0.322875 0.067827
v -0.017270 0.323064 0.068078
v -0.017400 0.323064 0.067953
v -0.017275 0.323036 0.067958
v -0.017174 0.322875 0.067953
v -0.017174 0.322984 0.068078
v -0.017208 0.322979 0.067958
v -0.017400 0.322984 0.067861
v -0.017270 0.322875 0.067861
v -0.017275 0.322979 0.067893
v -0.107979 0.295133 0.063140
v -0.107979 0.295351 0.063391
v -0.108239 0.295351 0.063140
v -0.107979 0.295162 0.063265
v -0.108109 0.295162 0.063140
v -0.108103 0.295191 0.063260
v -0.108109 0.295351 0.063357
v -0.107979 0.295242 0.063357
v -0.108103 0.295247 0.063325
v -0.108204 0.295242 0.063140
v -0.108204 0.295351 0.063265
v -0.108170 0.295247 0.063260
v -0.107979 0.344299 0.063391
v -0.107979 0.344516 0.063140
v -0.108239 0.344299 0.063140
v -0.107979 0.344407 0.063357
v -0.108109 0.344299 0.063357
v -0.108103 0.344403 0.063325
v -0.108109 0.344487 0.063140
v -0.107979 0.344487 0.063265
v -0.108103 0.344459 0.063260
v -0.108204 0.344299 0.063265
v -0.108204 0.344407 0.063140
v -0.108170 0.344403 0.063260
v -0.107979 0.295133 -0.051031
v -0.108239 0.295351 -0.051031
v -0.107979 0.295351 -0.051283
v -0.108109 0.295162 -0.051031
v -0.107979 0.295162 -0.051157
v -0.108103 0.295191 -0.051152
v -0.108204 0.295351 -0.051157
v -0.108204 0.295242 -0.051031
v -0.108170 0.295247 -0.051152
v -0.107979 0.295242 -0.051249
v -0.108109 0.295351 -0.051249
v -0.108103 0.295247 -0.051216
v -0.107979 0.344516 -0.051031
v -0.107979 0.344299 -0.051283
v -0.108239 0.344299 -0.051031
v -0.107979 0.344487 -0.051157
v -0.108109 0.344487 -0.051031
v -0.108103 0.344459 -0.051152
v -0.108109 0.344299 -0.051249
v -0.107979 0.344407 -0.051249
v -0.108103 0.344403 -0.051216
v -0.108204 0.344407 -0.051031
v -0.108204 0.344299 -0.051157
v -0.108170 0.344403 -0.051152
v 0.038995 0.295133 0.063140
v 0.039255 0.295351 0.063140
v 0.038995 0.295351 0.063391
v 0.039125 0.295162 0.063140
v 0.038995 0.295162 0.063265
v 0.039120 0.295191 0.063260
v 0.039221 0.295351 0.063265
v 0.039221 0.295242 0.063140
v 0.039187 0.295247 0.063260
v 0.038995 0.295242 0.063357
v 0.039125 0.295351 0.063357
v 0.039120 0.295247 0.063325
v 0.038995 0.344516 0.063140
v 0.038995 0.344299 0.063391
v 0.039255 0.344299 0.063140
v 0.038995 0.344487 0.063265
v 0.039125 0.344487 0.063140
v 0.039120 0.344459 0.063260
v 0.039125 0.344299 0.063357
v 0.038995 0.344407 0.063357
v 0.039120 0.344403 0.063325
v 0.039221 0.344407 0.063140
v 0.039221 0.344299 0.063265
v 0.039187 0.344403 0.063260
v 0.038995 0.295133 -0.051031
v 0.038995 0.295351 -0.051283
v 0.039255 0.295351 -0.051031
v 0.038995 0.295162 -0.051157
v 0.039125 0.295162 -0.051031
v 0.039120 0.295191 -0.051152
v 0.039125 0.295351 -0.051249
v 0.038995 0.295242 -0.051249
v 0.039120 0.295247 -0.051216
v 0.039221 0.295242 -0.051031
v 0.039221 0.295351 -0.051157
v 0.039187 0.295247 -0.051152
v 0.038995 0.344516 -0.051031
v 0.039255 0.344299 -0.051031
v 0.038995 0.344299 -0.051283
v 0.039125 0.344487 -0.051031
v 0.038995 0.344487 -0.051157
v 0.039120 0.344459 -0.051152
v 0.039221 0.344299 -0.051157
v 0.039221 0.344407 -0.051031
v 0.039187 0.344403 -0.051152
v 0.038995 0.344407 -0.051249
v 0.039125 0.344299 -0.051249
v 0.039120 0.344403 -0.051216
v -0.104942 0.300217 0.066070
v -0.104942 0.300435 0.066321
v -0.105202 0.300435 0.066070
v -0.104942 0.300246 0.066195
v -0.105072 0.300246 0.066070
v -0.105067 0.300274 0.066190
v -0.105072 0.300435 0.066287
v -0.104942 0.300326 0.066287
v -0.105067 0.300331 0.066254
v -0.105168 0.300326 0.066070
v -0.105168 0.300435 0.066195
v -0.105134 0.300331 0.066190
v -0.104942 0.337763 0.066321
v -0.104942 0.337980 0.066070
v -0.105202 0.337763 0.066070
v -0.104942 0.337871 0.066287
v -0.105072 0.337763 0.066287
v -0.105067 0.337867 0.066254
v -0.105072 0.337951 0.066070
v -0.104942 0.337951 0.066195
v -0.105067 0.337923 0.066190
v -0.105168 0.337763 0.066195
v -0.105168 0.337871 0.066070
v -0.105134 0.337867 0.066190
v -0.104942 0.300217 0.063224
v -0.105202 0.300435 0.063224
v -0.104942 0.300435 0.062972
v -0.105072 0.300246 0.063224
v -0.104942 0.300246 0.063098
v -0.105067 0.300274 0.063104
v -0.105168 0.300435 0.063098
v -0.105168 0.300326 0.063224
v -0.105134 0.300331 0.063104
v -0.104942 0.300326 0.063006
v -0.105072 0.300435 0.063006
v -0.105067 0.300331 0.063039
v -0.104942 0.337980 0.063224
v -0.104942 0.337763 0.062972
v -0.105202 0.337763 0.063224
v -0.104942 0.337951 0.063098
v -0.105072 0.337951 0.063224
v -0.105067 0.337923 0.063104
v -0.105072 0.337763 0.063006
v -0.104942 0.337871 0.063006
v -0.105067 0.337867 0.063039
v -0.105168 0.337871 0.063224
v -0.105168 0.337763 0.063098
v -0.105134 0.337867 0.063104
v 0.035958 0.300217 0.066070
v 0.036219 0.300435 0.066070
v 0.035958 0.300435 0.066321
v 0.036088 0.300246 0.066070
v 0.035958 0.300246 0.066195
v 0.036083 0.300274 0.066190
v 0.036184 0.300435 0.066195
v 0.036184 0.300326 0.066070
v 0.036150 0.300331 0.066190
v 0.035958 0.300326 0.066287
v 0.036088 0.300435 0.066287
v 0.036083 0.300331 0.066254
v 0.035958 0.337980 0.066070
v 0.035958 0.337763 0.066321
v 0.036219 0.337763 0.066070
v 0.035958 0.337951 0.066195
v 0.036088 0.337951 0.066070
v 0.036083 0.337923 0.066190
v 0.036088 0.337763 0.066287
v 0.035958 0.337871 0.066287
v 0.036083 0.337867 0.066254
v 0.036184 0.337871 0.066070
v 0.036184 0.337763 0.066195
v 0.036150 0.337867 0.066190
v 0.035958 0.300217 0.063224
v 0.035958 0.300435 0.062972
v 0.036219 0.300435 0.063224
v 0.035958 0.300246 0.063098
v 0.036088 0.300246 0.063224
v 0.036083 0.300274 0.063104
v 0.036088 0.300435 0.063006
v 0.035958 0.300326 0.063006
v 0.036083 0.300331 0.063039
v 0.036184 0.300326 0.063224
v 0.036184 0.300435 0.063098
v 0.036150 0.300331 0.063104
v 0.035958 0.337980 0.063224
v 0.036219 0.337763 0.063224
v 0.035958 0.337763 0.062972
v 0.036088 0.337951 0.063224
v 0.035958 0.337951 0.063098
v 0.036083 0.337923 0.063104
v 0.036184 0.337763 0.063098
v 0.036184 0.337871 0.063224
v 0.036150 0.337867 0.063104
v 0.035958 0.337871 0.063006
v 0.036088 0.337763 0.063006
v 0.036083 0.337867 0.063039
v -0.089325 0.317646 0.067744
v -0.089325 0.317864 0.067995
v -0.089585 0.317864 0.067744
v -0.089325 0.317675 0.067869
v -0.089455 0.317675 0.067744
v -0.089450 0.317704 0.067864
v -0.089455 0.317864 0.067961
v -0.089325 0.317755 0.067961
v -0.089450 0.317760 0.067929
v -0.089551 0.317755 0.067744
v -0.089551 0.317864 0.067869
v -0.089517 0.317760 0.067864
v -0.089325 0.326143 0.067995
v -0.089325 0.326361 0.067744
v -0.089585 0.326143 0.067744
v -0.089325 0.326252 0.067961
v -0.089455 0.326143 0.067961
v -0.089450 0.326247 0.067929
v -0.089455 0.326332 0.067744
v -0.089325 0.326332 0.067869
v -0.089450 0.326304 0.067864
v -0.089551 0.326143 0.067869
v -0.089551 0.326252 0.067744
v -0.089517 0.326247 0.067864
v -0.089325 0.317646 0.066572
v -0.089585 0.317864 0.066572
v -0.089325 0.317864 0.066321
v -0.089455 0.317675 0.066572
v -0.089325 0.317675 0.066446
v -0.089450 0.317704 0.066452
v -0.089551 0.317864 0.066446
v -0.089551 0.317755 0.066572
v -0.089517 0.317760 0.066452
v -0.089325 0.317755 0.066354
v -0.089455 0.317864 0.066354
v -0.089450 0.317760 0.066387
v -0.089325 0.326361 0.066572
v -0.089325 0.326143 0.066321
v -0.089585 0.326143 0.066572
v -0.089325 0.326332 0.066446
v -0.089455 0.326332 0.066572
v -0.089450 0.326304 0.066452
v -0.089455 0.326143 0.066354
v -0.089325 0.326252 0.066354
v -0.089450 0.326247 0.066387
v -0.089551 0.326252 0.066572
v -0.089551 0.326143 0.066446
v -0.089517 0.326247 0.066452
v -0.075096 0.317646 0.067744
v -0.074836 0.317864 0.067744
v -0.075096 0.317864 0.067995
v -0.074966 0.317675 0.067744
v -0.075096 0.317675 0.067869
v -0.074972 0.317704 0.067864
v -0.074871 0.317864 0.067869
v -0.074871 0.317755 0.067744
v -0.074904 0.317760 0.067864
v -0.075096 0.317755 0.067961
v -0.074966 0.317864 0.067961
v -0.074972 0.317760 0.067929
v -0.075096 0.326361 0.067744
v -0.075096 0.326143 0.067995
v -0.074836 0.326143 0.067744
v -0.075096 0.326332 0.067869
v -0.074966 0.326332 0.067744
v -0.074972 0.326304 0.067864
v -0.074966 0.326143 0.067961
v -0.075096 0.326252 0.067961
v -0.074972 0.326247 0.067929
v -0.074871 0.326252 0.067744
v -0.074871 0.326143 0.067869
v -0.074904 0.326247 0.067864
v -0.075096 0.317646 0.066572
v -0.075096 0.317864 0.066321
v -0.074836 0.317864 0.066572
v -0.075096 0.317675 0.066446
v -0.074966 0.317675 0.066572
v -0.074972 0.317704 0.066452
v -0.074966 0.317864 0.066354
v -0.075096 0.317755 0.066354
v -0.074972 0.317760 0.066387
v -0.074871 0.317755 0.066572
v -0.074871 0.317864 0.066446
v -0.074904 0.317760 0.066452
v -0.075096 0.326361 0.066572
v -0.074836 0.326143 0.066572
v -0.075096 0.326143 0.066321
v -0.074966 0.326332 0.066572
v -0.075096 0.326332 0.066446
v -0.074972 0.326304 0.066452
v -0.074871 0.326143 0.066446
v -0.074871 0.326252 0.066572
v -0.074904 0.326247 0.066452
v -0.075096 0.326252 0.066354
v -0.074966 0.326143 0.066354
v -0.074972 0.326247 0.066387
v -0.087156 0.319462 0.068413
v -0.087156 0.319680 0.068664
v -0.087416 0.319680 0.068413
v -0.087156 0.319491 0.068539
v -0.087286 0.319491 0.068413
v -0.087280 0.319519 0.068533
v -0.087286 0.319680 0.068631
v -0.087156 0.319571 0.068631
v -0.087280 0.319576 0.068598
v -0.087382 0.319571 0.068413
v -0.087382 0.319680 0.068539
v -0.087348 0.319576 0.068533
v -0.087156 0.322875 0.068664
v -0.087156 0.323093 0.068413
v -0.087416 0.322875 0.068413
v -0.087156 0.322984 0.068631
v -0.087286 0.322875 0.068631
v -0.087280 0.322979 0.068598
v -0.087286 0.323064 0.068413
v -0.087156 0.323064 0.068539
v -0.087280 0.323036 0.068533
v -0.087382 0.322875 0.068539
v -0.087382 0.322984 0.068413
v -0.087348 0.322979 0.068533
v -0.087156 0.319462 0.068078
v -0.087416 0.319680 0.068078
v -0.087156 0.319680 0.067827
v -0.087286 0.319491 0.068078
v -0.087156 0.319491 0.067953
v -0.087280 0.319519 0.067958
v -0.087382 0.319680 0.067953
v -0.087382 0.319571 0.068078
v -0.087348 0.319576 0.067958
v -0.087156 0.319571 0.067861
v -0.087286 0.319680 0.067861
v -0.087280 0.319576 0.067893
v -0.087156 0.323093 0.068078
v -0.087156 0.322875 0.067827
v -0.087416 0.322875 0.068078
v -0.087156 0.323064 0.067953
v -0.087286 0.323064 0.068078
v -0.087280 0.323036 0.067958
v -0.087286 0.322875 0.067861
v -0.087156 0.322984 0.067861
v -0.087280 0.322979 0.067893
v -0.087382 0.322984 0.068078
v -0.087382 0.322875 0.067953
v -0.087348 0.322979 0.067958
v -0.077265 0.319462 0.068413
v -0.077005 0.319680 0.068413
v -0.077265 0.319680 0.068664
v -0.077135 0.319491 0.068413
v -0.077265 0.319491 0.068539
v -0.077141 0.319519 0.068533
v -0.077040 0.319680 0.068539
v -0.077040 0.319571 0.068413
v -0.077073 0.319576 0.068533
v -0.077265 0.319571 0.068631
v -0.077135 0.319680 0.068631
v -0.077141 0.319576 0.068598
v -0.077265 0.323093 0.068413
v -0.077265 0.322875 0.068664
v -0.077005 0.322875 0.068413
v -0.077265 0.323064 0.068539
v -0.077135 0.323064 0.068413
v -0.077141 0.323036 0.068533
v -0.077135 0.322875 0.068631
v -0.077265 0.322984 0.068631
v -0.077141 0.322979 0.068598
v -0.077040 0.322984 0.068413
v -0.077040 0.322875 0.068539
v -0.077073 0.322979 0.068533
v -0.077265 0.319462 0.068078
v -0.077265 0.319680 0.067827
v -0.077005 0.319680 0.068078
v -0.077265 0.319491 0.067953
v -0.077135 0.319491 0.068078
v -0.077141 0.319519 0.067958
v -0.077135 0.319680 0.067861
v -0.077265 0.319571 0.067861
v -0.077141 0.319576 0.067893
v -0.077040 0.319571 0.068078
v -0.077040 0.319680 0.067953
v -0.077073 0.319576 0.067958
v -0.077265 0.323093 0.068078
v -0.077005 0.322875 0.068078
v -0.077265 0.322875 0.067827
v -0.077135 0.323064 0.068078
v -0.077265 0.323064 0.067953
v -0.077141 0.323036 0.067958
v -0.077040 0.322875 0.067953
v -0.077040 0.322984 0.068078
v -0.077073 0.322979 0.067958
v -0.077265 0.322984 0.067861
v -0.077135 0.322875 0.067861
v -0.077141 0.322979 0.067893
v -0.069370 0.317646 0.067744
v -0.069370 0.317864 0.067995
v -0.069630 0.317864 0.067744
v -0.069370 0.317675 0.067869
v -0.069500 0.317675 0.067744
v -0.069494 0.317704 0.067864
v -0.069500 0.317864 0.067961
v -0.069370 0.317755 0.067961
v -0.069494 0.317760 0.067929
v -0.069595 0.317755 0.067744
v -0.069595 0.317864 0.067869
v -0.069562 0.317760 0.067864
v -0.069370 0.326143 0.067995
v -0.069370 0.326361 0.067744
v -0.069630 0.326143 0.067744
v -0.069370 0.326252 0.067961
v -0.069500 0.326143 0.067961
v -0.069494 0.326247 0.067929
v -0.069500 0.326332 0.067744
v -0.069370 0.326332 0.067869
v -0.069494 0.326304 0.067864
v -0.069595 0.326143 0.067869
v -0.069595 0.326252 0.067744
v -0.069562 0.326247 0.067864
v -0.069370 0.317646 0.066572
v -0.069630 0.317864 0.066572
v -0.069370 0.317864 0.066321
v -0.069500 0.317675 0.066572
v -0.069370 0.317675 0.066446
v -0.069494 0.317704 0.066452
v -0.069595 0.317864 0.066446
v -0.069595 0.317755 0.066572
v -0.069562 0.317760 0.066452
v -0.069370 0.317755 0.066354
v -0.069500 0.317864 0.066354
v -0.069494 0.317760 0.066387
v -0.069370 0.326361 0.066572
v -0.069370 0.326143 0.066321
v -0.069630 0.326143 0.066572
v -0.069370 0.326332 0.066446
v -0.069500 0.326332 0.066572
v -0.069494 0.326304 0.066452
v -0.069500 0.326143 0.066354
v -0.069370 0.326252 0.066354
v -0.069494 0.326247 0.066387
v -0.069595 0.326252 0.066572
v -0.069595 0.326143 0.066446
v -0.069562 0.326247 0.066452
v -0.055141 0.317646 0.067744
v -0.054881 0.317864 0.067744
v -0.055141 0.317864 0.067995
v -0.055011 0.317675 0.067744
v -0.055141 0.317675 0.067869
v -0.055017 0.317704 0.067864
v -0.054916 0.317864 0.067869
v -0.054916 0.317755 0.067744
v -0.054949 0.317760 0.067864
v -0.055141 0.317755 0.067961
v -0.055011 0.317864 0.067961
v -0.055017 0.317760 0.067929
v -0.055141 0.326361 0.067744
v -0.055141 0.326143 0.067995
v -0.054881 0.326143 0.067744
v -0.055141 0.326332 0.067869
v -0.055011 0.326332 0.067744
v -0.055017 0.326304 0.067864
v -0.055011 0.326143 0.067961
v -0.055141 0.326252 0.067961
v -0.055017 0.326247 0.067929
v -0.054916 0.326252 0.067744
v -0.054916 0.326143 0.067869
v -0.054949 0.326247 0.067864
v -0.055141 0.317646 0.066572
v -0.055141 0.317864 0.066321
v -0.054881 0.317864 0.066572
v -0.055141 0.317675 0.066446
v -0.055011 0.317675 0.066572
v -0.055017 0.317704 0.066452
v -0.055011 0.317864 0.066354
v -0.055141 0.317755 0.066354
v -0.055017 0.317760 0.066387
v -0.054916 0.317755 0.066572
v -0.054916 0.317864 0.066446
v -0.054949 0.317760 0.066452
v -0.055141 0.326361 0.066572
v -0.054881 0.326143 0.066572
v -0.055141 0.326143 0.066321
v -0.055011 0.326332 0.066572
v -0.055141 0.326332 0.066446
v -0.055017 0.326304 0.066452
v -0.054916 0.326143 0.066446
v -0.054916 0.326252 0.066572
v -0.054949 0.326247 0.066452
v -0.055141 0.326252 0.066354
v -0.055011 0.326143 0.066354
v -0.055017 0.326247 0.066387
v -0.067201 0.319462 0.068413
v -0.067201 0.319680 0.068664
v -0.067461 0.319680 0.068413
v -0.067201 0.319491 0.068539
v -0.067331 0.319491 0.068413
v -0.067325 0.319519 0.068533
v -0.067331 0.319680 0.068631
v -0.067201 0.319571 0.068631
v -0.067325 0.319576 0.068598
v -0.067426 0.319571 0.068413
v -0.067426 0.319680 0.068539
v -0.067393 0.319576 0.068533
v -0.067201 0.322875 0.068664
v -0.067201 0.323093 0.068413
v -0.067461 0.322875 0.068413
v -0.067201 0.322984 0.068631
v -0.067331 0.322875 0.068631
v -0.067325 0.322979 0.068598
v -0.067331 0.323064 0.068413
v -0.067201 0.323064 0.068539
v -0.067325 0.323036 0.068533
v -0.067426 0.322875 0.068539
v -0.067426 0.322984 0.068413
v -0.067393 0.322979 0.068533
v -0.067201 0.319462 0.068078
v -0.067461 0.319680 0.068078
v -0.067201 0.319680 0.067827
v -0.067331 0.319491 0.068078
v -0.067201 0.319491 0.067953
v -0.067325 0.319519 0.067958
v -0.067426 0.319680 0.067953
v -0.067426 0.319571 0.068078
v -0.067393 0.319576 0.067958
v -0.067201 0.319571 0.067861
v -0.067331 0.319680 0.067861
v -0.067325 0.319576 0.067893
v -0.067201 0.323093 0.068078
v -0.067201 0.322875 0.067827
v -0.067461 0.322875 0.068078
v -0.067201 0.323064 0.067953
v -0.067331 0.323064 0.068078
v -0.067325 0.323036 0.067958
v -0.067331 0.322875 0.067861
v -0.067201 0.322984 0.067861
v -0.067325 0.322979 0.067893
v -0.067426 0.322984 0.068078
v -0.067426 0.322875 0.067953
v -0.067393 0.322979 0.067958
v -0.057310 0.319462 0.068413
v -0.057050 0.319680 0.068413
v -0.057310 0.319680 0.068664
v -0.057180 0.319491 0.068413
v -0.057310 0.319491 0.068539
v -0.057186 0.319519 0.068533
v -0.057085 0.319680 0.068539
v -0.057085 0.319571 0.068413
v -0.057118 0.319576 0.068533
v -0.057310 0.319571 0.068631
v -0.057180 0.319680 0.068631
v -0.057186 0.319576 0.068598
v -0.057310 0.323093 0.068413
v -0.057310 0.322875 0.068664
v -0.057050 0.322875 0.068413
v -0.057310 0.323064 0.068539
v -0.057180 0.323064 0.068413
v -0.057186 0.323036 0.068533
v -0.057180 0.322875 0.068631
v -0.057310 0.322984 0.068631
v -0.057186 0.322979 0.068598
v -0.057085 0.322984 0.068413
v -0.057085 0.322875 0.068539
v -0.057118 0.322979 0.068533
v -0.057310 0.319462 0.068078
v -0.057310 0.319680 0.067827
v -0.057050 0.319680 0.068078
v -0.057310 0.319491 0.067953
v -0.057180 0.319491 0.068078
v -0.057186 0.319519 0.067958
v -0.057180 0.319680 0.067861
v -0.057310 0.319571 0.067861
v -0.057186 0.319576 0.067893
v -0.057085 0.319571 0.068078
v -0.057085 0.319680 0.067953
v -0.057118 0.319576 0.067958
v -0.057310 0.323093 0.068078
v -0.057050 0.322875 0.068078
v -0.057310 0.322875 0.067827
v -0.057180 0.323064 0.068078
v -0.057310 0.323064 0.067953
v -0.057186 0.323036 0.067958
v -0.057085 0.322875 0.067953
v -0.057085 0.322984 0.068078
v -0.057118 0.322979 0.067958
v -0.057310 0.322984 0.067861
v -0.057180 0.322875 0.067861
v -0.057186 0.322979 0.067893
v -0.049415 0.317646 0.067744
v -0.049415 0.317864 0.067995
v -0.049675 0.317864 0.067744
v -0.049415 0.317675 0.067869
v -0.049545 0.317675 0.067744
v -0.049539 0.317704 0.067864
v -0.049545 0.317864 0.067961
v -0.049415 0.317755 0.067961
v -0.049539 0.317760 0.067929
v -0.049640 0.317755 0.067744
v -0.049640 0.317864 0.067869
v -0.049606 0.317760 0.067864
v -0.049415 0.326143 0.067995
v -0.049415 0.326361 0.067744
v -0.049675 0.326143 0.067744
v -0.049415 0.326252 0.067961
v -0.049545 0.326143 0.067961
v -0.049539 0.326247 0.067929
v -0.049545 0.326332 0.067744
v -0.049415 0.326332 0.067869
v -0.049539 0.326304 0.067864
v -0.049640 0.326143 0.067869
v -0.049640 0.326252 0.067744
v -0.049606 0.326247 0.067864
v -0.049415 0.317646 0.066572
v -0.049675 0.317864 0.066572
v -0.049415 0.317864 0.066321
v -0.049545 0.317675 0.066572
v -0.049415 0.317675 0.066446
v -0.049539 0.317704 0.066452
v -0.049640 0.317864 0.066446
v -0.049640 0.317755 0.066572
v -0.049606 0.317760 0.066452
v -0.049415 0.317755 0.066354
v -0.049545 0.317864 0.066354
v -0.049539 0.317760 0.066387
v -0.049415 0.326361 0.066572
v -0.049415 0.326143 0.066321
v -0.049675 0.326143 0.066572
v -0.049415 0.326332 0.066446
v -0.049545 0.326332 0.066572
v -0.049539 0.326304 0.066452
v -0.049545 0.326143 0.066354
v -0.049415 0.326252 0.066354
v -0.049539 0.326247 0.066387
v -0.049640 0.326252 0.066572
v -0.049640 0.326143 0.066446
v -0.049606 0.326247 0.066452
v -0.035186 0.317646 0.067744
v -0.034926 0.317864 0.067744
v -0.035186 0.317864 0.067995
v -0.035056 0.317675 0.067744
v -0.035186 0.317675 0.067869
v -0.035061 0.317704 0.067864
v -0.034960 0.317864 0.067869
v -0.034960 0.317755 0.067744
v -0.034994 0.317760 0.067864
v -0.035186 0.317755 0.067961
v -0.035056 0.317864 0.067961
v -0.035061 0.317760 0.067929
v -0.035186 0.326361 0.067744
v -0.035186 0.326143 0.067995
v -0.034926 0.326143 0.067744
v -0.035186 0.326332 0.067869
v -0.035056 0.326332 0.067744
v -0.035061 0.326304 0.067864
v -0.035056 0.326143 0.067961
v -0.035186 0.326252 0.067961
v -0.035061 0.326247 0.067929
v -0.034960 0.326252 0.067744
v -0.034960 0.326143 0.067869
v -0.034994 0.326247 0.067864
v -0.035186 0.317646 0.066572
v -0.035186 0.317864 0.066321
v -0.034926 0.317864 0.066572
v -0.035186 0.317675 0.066446
v -0.035056 0.317675 0.066572
v -0.035061 0.317704 0.066452
v -0.035056 0.317864 0.066354
v -0.035186 0.317755 0.066354
v -0.035061 0.317760 0.066387
v -0.034960 0.317755 0.066572
v -0.034960 0.317864 0.066446
v -0.034994 0.317760 0.066452
v -0.035186 0.326361 0.066572
v -0.034926 0.326143 0.066572
v -0.035186 0.326143 0.066321
v -0.035056 0.326332 0.066572
v -0.035186 0.326332 0.066446
v -0.035061 0.326304 0.066452
v -0.034960 0.326143 0.066446
v -0.034960 0.326252 0.066572
v -0.034994 0.326247 0.066452
v -0.035186 0.326252 0.066354
v -0.035056 0.326143 0.066354
v -0.035061 0.326247 0.066387
v -0.047246 0.319462 0.068413
v -0.047246 0.319680 0.068664
v -0.047506 0.319680 0.068413
v -0.047246 0.319491 0.068539
v -0.047376 0.319491 0.068413
v -0.047370 0.319519 0.068533
v -0.047376 0.319680 0.068631
v -0.047246 0.319571 0.068631
v -0.047370 0.319576 0.068598
v -0.047471 0.319571 0.068413
v -0.047471 0.319680 0.068539
v -0.047437 0.319576 0.068533
v -0.047246 0.322875 0.068664
v -0.047246 0.323093 0.068413
v -0.047506 0.322875 0.068413
v -0.047246 0.322984 0.068631
v -0.047376 0.322875 0.068631
v -0.047370 0.322979 0.068598
v -0.047376 0.323064 0.068413
v -0.047246 0.323064 0.068539
v -0.047370 0.323036 0.068533
v -0.047471 0.322875 0.068539
v -0.047471 0.322984 0.068413
v -0.047437 0.322979 0.068533
v -0.047246 0.319462 0.068078
v -0.047506 0.319680 0.068078
v -0.047246 0.319680 0.067827
v -0.047376 0.319491 0.068078
v -0.047246 0.319491 0.067953
v -0.047370 0.319519 0.067958
v -0.047471 0.319680 0.067953
v -0.047471 0.319571 0.068078
v -0.047437 0.319576 0.067958
v -0.047246 0.319571 0.067861
v -0.047376 0.319680 0.067861
v -0.047370 0.319576 0.067893
v -0.047246 0.323093 0.068078
v -0.047246 0.322875 0.067827
v -0.047506 0.322875 0.068078
v -0.047246 0.323064 0.067953
v -0.047376 0.323064 0.068078
v -0.047370 0.323036 0.067958
v -0.047376 0.322875 0.067861
v -0.047246 0.322984 0.067861
v -0.047370 0.322979 0.067893
v -0.047471 0.322984 0.068078
v -0.047471 0.322875 0.067953
v -0.047437 0.322979 0.067958
v -0.037355 0.319462 0.068413
v -0.037095 0.319680 0.068413
v -0.037355 0.319680 0.068664
v -0.037225 0.319491 0.068413
v -0.037355 0.319491 0.068539
v -0.037230 0.319519 0.068533
v -0.037129 0.319680 0.068539
v -0.037129 0.319571 0.068413
v -0.037163 0.319576 0.068533
v -0.037355 0.319571 0.068631
v -0.037225 0.319680 0.068631
v -0.037230 0.319576 0.068598
v -0.037355 0.323093 0.068413
v -0.037355 0.322875 0.068664
v -0.037095 0.322875 0.068413
v -0.037355 0.323064 0.068539
v -0.037225 0.323064 0.068413
v -0.037230 0.323036 0.068533
v -0.037225 0.322875 0.068631
v -0.037355 0.322984 0.068631
v -0.037230 0.322979 0.068598
v -0.037129 0.322984 0.068413
v -0.037129 0.322875 0.068539
v -0.037163 0.322979 0.068533
v -0.037355 0.319462 0.068078
v -0.037355 0.319680 0.067827
v -0.037095 0.319680 0.068078
v -0.037355 0.319491 0.067953
v -0.037225 0.319491 0.068078
v -0.037230 0.319519 0.067958
v -0.037225 0.319680 0.067861
v -0.037355 0.319571 0.067861
v -0.037230 0.319576 0.067893
v -0.037129 0.319571 0.068078
v -0.037129 0.319680 0.067953
v -0.037163 0.319576 0.067958
v -0.037355 0.323093 0.068078
v -0.037095 0.322875 0.068078
v -0.037355 0.322875 0.067827
v -0.037225 0.323064 0.068078
v -0.037355 0.323064 0.067953
v -0.037230 0.323036 0.067958
v -0.037129 0.322875 0.067953
v -0.037129 0.322984 0.068078
v -0.037163 0.322979 0.067958
v -0.037355 0.322984 0.067861
v -0.037225 0.322875 0.067861
v -0.037230 0.322979 0.067893
v -0.029460 0.317646 0.067744
v -0.029460 0.317864 0.067995
v -0.029720 0.317864 0.067744
v -0.029460 0.317675 0.067869
v -0.029590 0.317675 0.067744
v -0.029584 0.317704 0.067864
v -0.029590 0.317864 0.067961
v -0.029460 0.317755 0.067961
v -0.029584 0.317760 0.067929
v -0.029685 0.317755 0.067744
v -0.029685 0.317864 0.067869
v -0.029651 0.317760 0.067864
v -0.029460 0.326143 0.067995
v -0.029460 0.326361 0.067744
v -0.029720 0.326143 0.067744
v -0.029460 0.326252 0.067961
v -0.029590 0.326143 0.067961
v -0.029584 0.326247 0.067929
v -0.029590 0.326332 0.067744
v -0.029460 0.326332 0.067869
v -0.029584 0.326304 0.067864
v -0.029685 0.326143 0.067869
v -0.029685 0.326252 0.067744
v -0.029651 0.326247 0.067864
v -0.029460 0.317646 0.066572
v -0.029720 0.317864 0.066572
v -0.029460 0.317864 0.066321
v -0.029590 0.317675 0.066572
v -0.029460 0.317675 0.066446
v -0.029584 0.317704 0.066452
v -0.029685 0.317864 0.066446
v -0.029685 0.317755 0.066572
v -0.029651 0.317760 0.066452
v -0.029460 0.317755 0.066354
v -0.029590 0.317864 0.066354
v -0.029584 0.317760 0.066387
v -0.029460 0.326361 0.066572
v -0.029460 0.326143 0.066321
v -0.029720 0.326143 0.066572
v -0.029460 0.326332 0.066446
v -0.029590 0.326332 0.066572
v -0.029584 0.326304 0.066452
v -0.029590 0.326143 0.066354
v -0.029460 0.326252 0.066354
v -0.029584 0.326247 0.066387
v -0.029685 0.326252 0.066572
v -0.029685 0.326143 0.066446
v -0.029651 0.326247 0.066452
v -0.015231 0.317646 0.067744
v -0.014971 0.317864 0.067744
v -0.015231 0.317864 0.067995
v -0.015101 0.317675 0.067744
v -0.015231 0.317675 0.067869
v -0.015106 0.317704 0.067864
v -0.015005 0.317864 0.067869
v -0.015005 0.317755 0.067744
v -0.015039 0.317760 0.067864
v -0.015231 0.317755 0.067961
v -0.015101 0.317864 0.067961
v -0.015106 0.317760 0.067929
v -0.015231 0.326361 0.067744
v -0.015231 0.326143 0.067995
v -0.014971 0.326143 0.067744
v -0.015231 0.326332 0.067869
v -0.015101 0.326332 0.067744
v -0.015106 0.326304 0.067864
v -0.015101 0.326143 0.067961
v -0.015231 0.326252 0.067961
v -0.015106 0.326247 0.067929
v -0.015005 0.326252 0.067744
v -0.015005 0.326143 0.067869
v -0.015039 0.326247 0.067864
v -0.015231 0.317646 0.066572
v -0.015231 0.317864 0.066321
v -0.014971 0.317864 0.066572
v -0.015231 0.317675 0.066446
v -0.015101 0.317675 0.066572
v -0.015106 0.317704 0.066452
v -0.015101 0.317864 0.066354
v -0.015231 0.317755 0.066354
v -0.015106 0.317760 0.066387
v -0.015005 0.317755 0.066572
v -0.015005 0.317864 0.066446
v -0.015039 0.317760 0.066452
v -0.015231 0.326361 0.066572
v -0.014971 0.326143 0.066572
v -0.015231 0.326143 0.066321
v -0.015101 0.326332 0.066572
v -0.015231 0.326332 0.066446
v -0.015106 0.326304 0.066452
v -0.015005 0.326143 0.066446
v -0.015005 0.326252 0.066572
v -0.015039 0.326247 0.066452
v -0.015231 0.326252 0.066354
v -0.015101 0.326143 0.066354
v -0.015106 0.326247 0.066387
v -0.001262 0.315831 0.068162
v -0.001262 0.316049 0.068413
v -0.001522 0.316049 0.068162
v -0.001262 0.315860 0.068287
v -0.001392 0.315860 0.068162
v -0.001387 0.315888 0.068282
v -0.001392 0.316049 0.068380
v -0.001262 0.315940 0.068380
v -0.001387 0.315944 0.068347
v -0.001488 0.315940 0.068162
v -0.001488 0.316049 0.068287
v -0.001454 0.315944 0.068282
v -0.001262 0.327959 0.068413
v -0.001262 0.328176 0.068162
v -0.001522 0.327959 0.068162
v -0.001262 0.328067 0.068380
v -0.001392 0.327959 0.068380
v -0.001387 0.328063 0.068347
v -0.001392 0.328147 0.068162
v -0.001262 0.328147 0.068287
v -0.001387 0.328119 0.068282
v -0.001488 0.327959 0.068287
v -0.001488 0.328067 0.068162
v -0.001454 0.328063 0.068282
v -0.001262 0.315831 0.066153
v -0.001522 0.316049 0.066153
v -0.001262 0.316049 0.065902
v -0.001392 0.315860 0.066153
v -0.001262 0.315860 0.066028
v -0.001387 0.315888 0.066033
v -0.001488 0.316049 0.066028
v -0.001488 0.315940 0.066153
v -0.001454 0.315944 0.066033
v -0.001262 0.315940 0.065936
v -0.001392 0.316049 0.065936
v -0.001387 0.315944 0.065968
v -0.001262 0.328176 0.066153
v -0.001262 0.327959 0.065902
v -0.001522 0.327959 0.066153
v -0.001262 0.328147 0.066028
v -0.001392 0.328147 0.066153
v -0.001387 0.328119 0.066033
v -0.001392 0.327959 0.065936
v -0.001262 0.328067 0.065936
v -0.001387 0.328063 0.065968
v -0.001488 0.328067 0.066153
v -0.001488 0.327959 0.066028
v -0.001454 0.328063 0.066033
v 0.015570 0.315831 0.068162
v 0.015830 0.316049 0.068162
v 0.015570 0.316049 0.068413
v 0.015699 0.315860 0.068162
v 0.015570 0.315860 0.068287
v 0.015694 0.315888 0.068282
v 0.015795 0.316049 0.068287
v 0.015795 0.315940 0.068162
v 0.015761 0.315944 0.068282
v 0.015570 0.315940 0.068380
v 0.015699 0.316049 0.068380
v 0.015694 0.315944 0.068347
v 0.015570 0.328176 0.068162
v 0.015570 0.327959 0.068413
v 0.015830 0.327959 0.068162
v 0.015570 0.328147 0.068287
v 0.015699 0.328147 0.068162
v 0.015694 0.328119 0.068282
v 0.015699 0.327959 0.068380
v 0.015570 0.328067 0.068380
v 0.015694 0.328063 0.068347
v 0.015795 0.328067 0.068162
v 0.015795 0.327959 0.068287
v 0.015761 0.328063 0.068282
v 0.015570 0.315831 0.066153
v 0.015570 0.316049 0.065902
v 0.015830 0.316049 0.066153
v 0.015570 0.315860 0.066028
v 0.015699 0.315860 0.066153
v 0.015694 0.315888 0.066033
v 0.015699 0.316049 0.065936
v 0.015570 0.315940 0.065936
v 0.015694 0.315944 0.065968
v 0.015795 0.315940 0.066153
v 0.015795 0.316049 0.066028
v 0.015761 0.315944 0.066033
v 0.015570 0.328176 0.066153
v 0.015830 0.327959 0.066153
v 0.015570 0.327959 0.065902
v 0.015699 0.328147 0.066153
v 0.015570 0.328147 0.066028
v 0.015694 0.328119 0.066033
v 0.015795 0.327959 0.066028
v 0.015795 0.328067 0.066153
v 0.015761 0.328063 0.066033
v 0.015570 0.328067 0.065936
v 0.015699 0.327959 0.065936
v 0.015694 0.328063 0.065968
v -0.098869 0.342338 0.050218
v -0.098869 0.342556 0.050469
v -0.099129 0.342556 0.050218
v -0.098869 0.342367 0.050343
v -0.098999 0.342367 0.050218
v -0.098993 0.342395 0.050338
v -0.098999 0.342556 0.050436
v -0.098869 0.342447 0.050436
v -0.098993 0.342451 0.050403
v -0.099094 0.342447 0.050218
v -0.099094 0.342556 0.050343
v -0.099060 0.342451 0.050338
v -0.098869 0.353740 0.050469
v -0.098869 0.353957 0.050218
v -0.099129 0.353740 0.050218
v -0.098869 0.353848 0.050436
v -0.098999 0.353740 0.050436
v -0.098993 0.353844 0.050403
v -0.098999 0.353928 0.050218
v -0.098869 0.353928 0.050343
v -0.098993 0.353900 0.050338
v -0.099094 0.353740 0.050343
v -0.099094 0.353848 0.050218
v -0.099060 0.353844 0.050338
v -0.098869 0.342338 -0.040246
v -0.099129 0.342556 -0.040246
v -0.098869 0.342556 -0.040497
v -0.098999 0.342367 -0.040246
v -0.098869 0.342367 -0.040372
v -0.098993 0.342395 -0.040366
v -0.099094 0.342556 -0.040372
v -0.099094 0.342447 -0.040246
v -0.099060 0.342451 -0.040366
v -0.098869 0.342447 -0.040464
v -0.098999 0.342556 -0.040464
v -0.098993 0.342451 -0.040431
v -0.098869 0.353957 -0.040246
v -0.098869 0.353740 -0.040497
v -0.099129 0.353740 -0.040246
v -0.098869 0.353928 -0.040372
v -0.098999 0.353928 -0.040246
v -0.098993 0.353900 -0.040366
v -0.098999 0.353740 -0.040464
v -0.098869 0.353848 -0.040464
v -0.098993 0.353844 -0.040431
v -0.099094 0.353848 -0.040246
v -0.099094 0.353740 -0.040372
v -0.099060 0.353844 -0.040366
v -0.096786 0.342338 0.050218
v -0.096526 0.342556 0.050218
v -0.096786 0.342556 0.050469
v -0.096656 0.342367 0.050218
v -0.096786 0.342367 0.050343
v -0.096662 0.342395 0.050338
v -0.096561 0.342556 0.050343
v -0.096561 0.342447 0.050218
v -0.096595 0.342451 0.050338
v -0.096786 0.342447 0.050436
v -0.096656 0.342556 0.050436
v -0.096662 0.342451 0.050403
v -0.096786 0.353957 0.050218
v -0.096786 0.353740 0.050469
v -0.096526 0.353740 0.050218
v -0.096786 0.353928 0.050343
v -0.096656 0.353928 0.050218
v -0.096662 0.353900 0.050338
v -0.096656 0.353740 0.050436
v -0.096786 0.353848 0.050436
v -0.096662 0.353844 0.050403
v -0.096561 0.353848 0.050218
v -0.096561 0.353740 0.050343
v -0.096595 0.353844 0.050338
v -0.096786 0.342338 -0.040246
v -0.096786 0.342556 -0.040497
v -0.096526 0.342556 -0.040246
v -0.096786 0.342367 -0.040372
v -0.096656 0.342367 -0.040246
v -0.096662 0.342395 -0.040366
v -0.096656 0.342556 -0.040464
v -0.096786 0.342447 -0.040464
v -0.096662 0.342451 -0.040431
v -0.096561 0.342447 -0.040246
v -0.096561 0.342556 -0.040372
v -0.096595 0.342451 -0.040366
v -0.096786 0.353957 -0.040246
v -0.096526 0.353740 -0.040246
v -0.096786 0.353740 -0.040497
v -0.096656 0.353928 -0.040246
v -0.096786 0.353928 -0.040372
v -0.096662 0.353900 -0.040366
v -0.096561 0.353740 -0.040372
v -0.096561 0.353848 -0.040246
v -0.096595 0.353844 -0.040366
v -0.096786 0.353848 -0.040464
v -0.096656 0.353740 -0.040464
v -0.096662 0.353844 -0.040431
v -0.091060 0.342338 0.050218
v -0.091060 0.342556 0.050469
v -0.091321 0.342556 0.050218
v -0.091060 0.342367 0.050343
v -0.091190 0.342367 0.050218
v -0.091185 0.342395 0.050338
v -0.091190 0.342556 0.050436
v -0.091060 0.342447 0.050436
v -0.091185 0.342451 0.050403
v -0.091286 0.342447 0.050218
v -0.091286 0.342556 0.050343
v -0.091252 0.342451 0.050338
v -0.091060 0.353740 0.050469
v -0.091060 0.353957 0.050218
v -0.091321 0.353740 0.050218
v -0.091060 0.353848 0.050436
v -0.091190 0.353740 0.050436
v -0.091185 0.353844 0.050403
v -0.091190 0.353928 0.050218
v -0.091060 0.353928 0.050343
v -0.091185 0.353900 0.050338
v -0.091286 0.353740 0.050343
v -0.091286 0.353848 0.050218
v -0.091252 0.353844 0.050338
v -0.091060 0.342338 -0.040246
v -0.091321 0.342556 -0.040246
v -0.091060 0.342556 -0.040497
v -0.091190 0.342367 -0.040246
v -0.091060 0.342367 -0.040372
v -0.091185 0.342395 -0.040366
v -0.091286 0.342556 -0.040372
v -0.091286 0.342447 -0.040246
v -0.091252 0.342451 -0.040366
v -0.091060 0.342447 -0.040464
v -0.091190 0.342556 -0.040464
v -0.091185 0.342451 -0.040431
v -0.091060 0.353957 -0.040246
v -0.091060 0.353740 -0.040497
v -0.091321 0.353740 -0.040246
v -0.091060 0.353928 -0.040372
v -0.091190 0.353928 -0.040246
v -0.091185 0.353900 -0.040366
v -0.091190 0.353740 -0.040464
v -0.091060 0.353848 -0.040464
v -0.091185 0.353844 -0.040431
v -0.091286 0.353848 -0.040246
v -0.091286 0.353740 -0.040372
v -0.091252 0.353844 -0.040366
v -0.088978 0.342338 0.050218
v -0.088718 0.342556 0.050218
v -0.088978 0.342556 0.050469
v -0.088848 0.342367 0.050218
v -0.088978 0.342367 0.050343
v -0.088853 0.342395 0.050338
v -0.088752 0.342556 0.050343
v -0.088752 0.342447 0.050218
v -0.088786 0.342451 0.050338
v -0.088978 0.342447 0.050436
v -0.088848 0.342556 0.050436
v -0.088853 0.342451 0.050403
v -0.088978 0.353957 0.050218
v -0.088978 0.353740 0.050469
v -0.088718 0.353740 0.050218
v -0.088978 0.353928 0.050343
v -0.088848 0.353928 0.050218
v -0.088853 0.353900 0.050338
v -0.088848 0.353740 0.050436
v -0.088978 0.353848 0.050436
v -0.088853 0.353844 0.050403
v -0.088752 0.353848 0.050218
v -0.088752 0.353740 0.050343
v -0.088786 0.353844 0.050338
v -0.088978 0.342338 -0.040246
v -0.088978 0.342556 -0.040497
v -0.088718 0.342556 -0.040246
v -0.088978 0.342367 -0.040372
v -0.088848 0.342367 -0.040246
v -0.088853 0.342395 -0.040366
v -0.088848 0.342556 -0.040464
v -0.088978 0.342447 -0.040464
v -0.088853 0.342451 -0.040431
v -0.088752 0.342447 -0.040246
v -0.088752 0.342556 -0.040372
v -0.088786 0.342451 -0.040366
v -0.088978 0.353957 -0.040246
v -0.088718 0.353740 -0.040246
v -0.088978 0.353740 -0.040497
v -0.088848 0.353928 -0.040246
v -0.088978 0.353928 -0.040372
v -0.088853 0.353900 -0.040366
v -0.088752 0.353740 -0.040372
v -0.088752 0.353848 -0.040246
v -0.088786 0.353844 -0.040366
v -0.088978 0.353848 -0.040464
v -0.088848 0.353740 -0.040464
v -0.088853 0.353844 -0.040431
v -0.083252 0.342338 0.050218
v -0.083252 0.342556 0.050469
v -0.083512 0.342556 0.050218
v -0.083252 0.342367 0.050343
v -0.083382 0.342367 0.050218
v -0.083376 0.342395 0.050338
v -0.083382 0.342556 0.050436
v -0.083252 0.342447 0.050436
v -0.083376 0.342451 0.050403
v -0.083477 0.342447 0.050218
v -0.083477 0.342556 0.050343
v -0.083443 0.342451 0.050338
v -0.083252 0.353740 0.050469
v -0.083252 0.353957 0.050218
v -0.083512 0.353740 0.050218
v -0.083252 0.353848 0.050436
v -0.083382 0.353740 0.050436
v -0.083376 0.353844 0.050403
v -0.083382 0.353928 0.050218
v -0.083252 0.353928 0.050343
v -0.083376 0.353900 0.050338
v -0.083477 0.353740 0.050343
v -0.083477 0.353848 0.050218
v -0.083443 0.353844 0.050338
v -0.083252 0.342338 -0.040246
v -0.083512 0.342556 -0.040246
v -0.083252 0.342556 -0.040497
v -0.083382 0.342367 -0.040246
v -0.083252 0.342367 -0.040372
v -0.083376 0.342395 -0.040366
v -0.083477 0.342556 -0.040372
v -0.083477 0.342447 -0.040246
v -0.083443 0.342451 -0.040366
v -0.083252 0.342447 -0.040464
v -0.083382 0.342556 -0.040464
v -0.083376 0.342451 -0.040431
v -0.083252 0.353957 -0.040246
v -0.083252 0.353740 -0.040497
v -0.083512 0.353740 -0.040246
v -0.083252 0.353928 -0.040372
v -0.083382 0.353928 -0.040246
v -0.083376 0.353900 -0.040366
v -0.083382 0.353740 -0.040464
v -0.083252 0.353848 -0.040464
v -0.083376 0.353844 -0.040431
v -0.083477 0.353848 -0.040246
v -0.083477 0.353740 -0.040372
v -0.083443 0.353844 -0.040366
v -0.081169 0.342338 0.050218
v -0.080909 0.342556 0.050218
v -0.081169 0.342556 0.050469
v -0.081039 0.342367 0.050218
v -0.081169 0.342367 0.050343
v -0.081045 0.342395 0.050338
v -0.080944 0.342556 0.050343
v -0.080944 0.342447 0.050218
v -0.080978 0.342451 0.050338
v -0.081169 0.342447 0.050436
v -0.081039 0.342556 0.050436
v -0.081045 0.342451 0.050403
v -0.081169 0.353957 0.050218
v -0.081169 0.353740 0.050469
v -0.080909 0.353740 0.050218
v -0.081169 0.353928 0.050343
v -0.081039 0.353928 0.050218
v -0.081045 0.353900 0.050338
v -0.081039 0.353740 0.050436
v -0.081169 0.353848 0.050436
v -0.081045 0.353844 0.050403
v -0.080944 0.353848 0.050218
v -0.080944 0.353740 0.050343
v -0.080978 0.353844 0.050338
v -0.081169 0.342338 -0.040246
v -0.081169 0.342556 -0.040497
v -0.080909 0.342556 -0.040246
v -0.081169 0.342367 -0.040372
v -0.081039 0.342367 -0.040246
v -0.081045 0.342395 -0.040366
v -0.081039 0.342556 -0.040464
v -0.081169 0.342447 -0.040464
v -0.081045 0.342451 -0.040431
v -0.080944 0.342447 -0.040246
v -0.080944 0.342556 -0.040372
v -0.080978 0.342451 -0.040366
v -0.081169 0.353957 -0.040246
v -0.080909 0.353740 -0.040246
v -0.081169 0.353740 -0.040497
v -0.081039 0.353928 -0.040246
v -0.081169 0.353928 -0.040372
v -0.081045 0.353900 -0.040366
v -0.080944 0.353740 -0.040372
v -0.080944 0.353848 -0.040246
v -0.080978 0.353844 -0.040366
v -0.081169 0.353848 -0.040464
v -0.081039 0.353740 -0.040464
v -0.081045 0.353844 -0.040431
v -0.075443 0.342338 0.050218
v -0.075443 0.342556 0.050469
v -0.075703 0.342556 0.050218
v -0.075443 0.342367 0.050343
v -0.075573 0.342367 0.050218
v -0.075568 0.342395 0.050338
v -0.075573 0.342556 0.050436
v -0.075443 0.342447 0.050436
v -0.075568 0.342451 0.050403
v -0.075669 0.342447 0.050218
v -0.075669 0.342556 0.050343
v -0.075635 0.342451 0.050338
v -0.075443 0.353740 0.050469
v -0.075443 0.353957 0.050218
v -0.075703 0.353740 0.050218
v -0.075443 0.353848 0.050436
v -0.075573 0.353740 0.050436
v -0.075568 0.353844 0.050403
v -0.075573 0.353928 0.050218
v -0.075443 0.353928 0.050343
v -0.075568 0.353900 0.050338
v -0.075669 0.353740 0.050343
v -0.075669 0.353848 0.050218
v -0.075635 0.353844 0.050338
v -0.075443 0.342338 -0.040246
v -0.075703 0.342556 -0.040246
v -0.075443 0.342556 -0.040497
v -0.075573 0.342367 -0.040246
v -0.075443 0.342367 -0.040372
v -0.075568 0.342395 -0.040366
v -0.075669 0.342556 -0.040372
v -0.075669 0.342447 -0.040246
v -0.075635 0.342451 -0.040366
v -0.075443 0.342447 -0.040464
v -0.075573 0.342556 -0.040464
v -0.075568 0.342451 -0.040431
v -0.075443 0.353957 -0.040246
v -0.075443 0.353740 -0.040497
v -0.075703 0.353740 -0.040246
v -0.075443 0.353928 -0.040372
v -0.075573 0.353928 -0.040246
v -0.075568 0.353900 -0.040366
v -0.075573 0.353740 -0.040464
v -0.075443 0.353848 -0.040464
v -0.075568 0.353844 -0.040431
v -0.075669 0.353848 -0.040246
v -0.075669 0.353740 -0.040372
v -0.075635 0.353844 -0.040366
v -0.073361 0.342338 0.050218
v -0.073101 0.342556 0.050218
v -0.073361 0.342556 0.050469
v -0.073231 0.342367 0.050218
v -0.073361 0.342367 0.050343
v -0.073236 0.342395 0.050338
v -0.073135 0.342556 0.050343
v -0.073135 0.342447 0.050218
v -0.073169 0.342451 0.050338
v -0.073361 0.342447 0.050436
v -0.073231 0.342556 0.050436
v -0.073236 0.342451 0.050403
v -0.073361 0.353957 0.050218
v -0.073361 0.353740 0.050469
v -0.073101 0.353740 0.050218
v -0.073361 0.353928 0.050343
v -0.073231 0.353928 0.050218
v -0.073236 0.353900 0.050338
v -0.073231 0.353740 0.050436
v -0.073361 0.353848 0.050436
v -0.073236 0.353844 0.050403
v -0.073135 0.353848 0.050218
v -0.073135 0.353740 0.050343
v -0.073169 0.353844 0.050338
v -0.073361 0.342338 -0.040246
v -0.073361 0.342556 -0.040497
v -0.073101 0.342556 -0.040246
v -0.073361 0.342367 -0.040372
v -0.073231 0.342367 -0.040246
v -0.073236 0.342395 -0.040366
v -0.073231 0.342556 -0.040464
v -0.073361 0.342447 -0.040464
v -0.073236 0.342451 -0.040431
v -0.073135 0.342447 -0.040246
v -0.073135 0.342556 -0.040372
v -0.073169 0.342451 -0.040366
v -0.073361 0.353957 -0.040246
v -0.073101 0.353740 -0.040246
v -0.073361 0.353740 -0.040497
v -0.073231 0.353928 -0.040246
v -0.073361 0.353928 -0.040372
v -0.073236 0.353900 -0.040366
v -0.073135 0.353740 -0.040372
v -0.073135 0.353848 -0.040246
v -0.073169 0.353844 -0.040366
v -0.073361 0.353848 -0.040464
v -0.073231 0.353740 -0.040464
v -0.073236 0.353844 -0.040431
v -0.067635 0.342338 0.050218
v -0.067635 0.342556 0.050469
v -0.067895 0.342556 0.050218
v -0.067635 0.342367 0.050343
v -0.067765 0.342367 0.050218
v -0.067759 0.342395 0.050338
v -0.067765 0.342556 0.050436
v -0.067635 0.342447 0.050436
v -0.067759 0.342451 0.050403
v -0.067860 0.342447 0.050218
v -0.067860 0.342556 0.050343
v -0.067826 0.342451 0.050338
v -0.067635 0.353740 0.050469
v -0.067635 0.353957 0.050218
v -0.067895 0.353740 0.050218
v -0.067635 0.353848 0.050436
v -0.067765 0.353740 0.050436
v -0.067759 0.353844 0.050403
v -0.067765 0.353928 0.050218
v -0.067635 0.353928 0.050343
v -0.067759 0.353900 0.050338
v -0.067860 0.353740 0.050343
v -0.067860 0.353848 0.050218
v -0.067826 0.353844 0.050338
v -0.067635 0.342338 -0.040246
v -0.067895 0.342556 -0.040246
v -0.067635 0.342556 -0.040497
v -0.067765 0.342367 -0.040246
v -0.067635 0.342367 -0.040372
v -0.067759 0.342395 -0.040366
v -0.067860 0.342556 -0.040372
v -0.067860 0.342447 -0.040246
v -0.067826 0.342451 -0.040366
v -0.067635 0.342447 -0.040464
v -0.067765 0.342556 -0.040464
v -0.067759 0.342451 -0.040431
v -0.067635 0.353957 -0.040246
v -0.067635 0.353740 -0.040497
v -0.067895 0.353740 -0.040246
v -0.067635 0.353928 -0.040372
v -0.067765 0.353928 -0.040246
v -0.067759 0.353900 -0.040366
v -0.067765 0.353740 -0.040464
v -0.067635 0.353848 -0.040464
v -0.067759 0.353844 -0.040431
v -0.067860 0.353848 -0.040246
v -0.067860 0.353740 -0.040372
v -0.067826 0.353844 -0.040366
v -0.065552 0.342338 0.050218
v -0.065292 0.342556 0.050218
v -0.065552 0.342556 0.050469
v -0.065422 0.342367 0.050218
v -0.065552 0.342367 0.050343
v -0.065428 0.342395 0.050338
v -0.065327 0.342556 0.050343
v -0.065327 0.342447 0.050218
v -0.065361 0.342451 0.050338
v -0.065552 0.342447 0.050436
v -0.065422 0.342556 0.050436
v -0.065428 0.342451 0.050403
v -0.065552 0.353957 0.050218
v -0.065552 0.353740 0.050469
v -0.065292 0.353740 0.050218
v -0.065552 0.353928 0.050343
v -0.065422 0.353928 0.050218
v -0.065428 0.353900 0.050338
v -0.065422 0.353740 0.050436
v -0.065552 0.353848 0.050436
v -0.065428 0.353844 0.050403
v -0.065327 0.353848 0.050218
v -0.065327 0.353740 0.050343
v -0.065361 0.353844 0.050338
v -0.065552 0.342338 -0.040246
v -0.065552 0.342556 -0.040497
v -0.065292 0.342556 -0.040246
v -0.065552 0.342367 -0.040372
v -0.065422 0.342367 -0.040246
v -0.065428 0.342395 -0.040366
v -0.065422 0.342556 -0.040464
v -0.065552 0.342447 -0.040464
v -0.065428 0.342451 -0.040431
v -0.065327 0.342447 -0.040246
v -0.065327 0.342556 -0.040372
v -0.065361 0.342451 -0.040366
v -0.065552 0.353957 -0.040246
v -0.065292 0.353740 -0.040246
v -0.065552 0.353740 -0.040497
v -0.065422 0.353928 -0.040246
v -0.065552 0.353928 -0.040372
v -0.065428 0.353900 -0.040366
v -0.065327 0.353740 -0.040372
v -0.065327 0.353848 -0.040246
v -0.065361 0.353844 -0.040366
v -0.065552 0.353848 -0.040464
v -0.065422 0.353740 -0.040464
v -0.065428 0.353844 -0.040431
v -0.059826 0.342338 0.050218
v -0.059826 0.342556 0.050469
v -0.060086 0.342556 0.050218
v -0.059826 0.342367 0.050343
v -0.059956 0.342367 0.050218
v -0.059951 0.342395 0.050338
v -0.059956 0.342556 0.050436
v -0.059826 0.342447 0.050436
v -0.059951 0.342451 0.050403
v -0.060052 0.342447 0.050218
v -0.060052 0.342556 0.050343
v -0.060018 0.342451 0.050338
v -0.059826 0.353740 0.050469
v -0.059826 0.353957 0.050218
v -0.060086 0.353740 0.050218
v -0.059826 0.353848 0.050436
v -0.059956 0.353740 0.050436
v -0.059951 0.353844 0.050403
v -0.059956 0.353928 0.050218
v -0.059826 0.353928 0.050343
v -0.059951 0.353900 0.050338
v -0.060052 0.353740 0.050343
v -0.060052 0.353848 0.050218
v -0.060018 0.353844 0.050338
v -0.059826 0.342338 -0.040246
v -0.060086 0.342556 -0.040246
v -0.059826 0.342556 -0.040497
v -0.059956 0.342367 -0.040246
v -0.059826 0.342367 -0.040372
v -0.059951 0.342395 -0.040366
v -0.060052 0.342556 -0.040372
v -0.060052 0.342447 -0.040246
v -0.060018 0.342451 -0.040366
v -0.059826 0.342447 -0.040464
v -0.059956 0.342556 -0.040464
v -0.059951 0.342451 -0.040431
v -0.059826 0.353957 -0.040246
v -0.059826 0.353740 -0.040497
v -0.060086 0.353740 -0.040246
v -0.059826 0.353928 -0.040372
v -0.059956 0.353928 -0.040246
v -0.059951 0.353900 -0.040366
v -0.059956 0.353740 -0.040464
v -0.059826 0.353848 -0.040464
v -0.059951 0.353844 -0.040431
v -0.060052 0.353848 -0.040246
v -0.060052 0.353740 -0.040372
v -0.060018 0.353844 -0.040366
v -0.057744 0.342338 0.050218
v -0.057484 0.342556 0.050218
v -0.057744 0.342556 0.050469
v -0.057614 0.342367 0.050218
v -0.057744 0.342367 0.050343
v -0.057619 0.342395 0.050338
v -0.057518 0.342556 0.050343
v -0.057518 0.342447 0.050218
v -0.057552 0.342451 0.050338
v -0.057744 0.342447 0.050436
v -0.057614 0.342556 0.050436
v -0.057619 0.342451 0.050403
v -0.057744 0.353957 0.050218
v -0.057744 0.353740 0.050469
v -0.057484 0.353740 0.050218
v -0.057744 0.353928 0.050343
v -0.057614 0.353928 0.050218
v -0.057619 0.353900 0.050338
v -0.057614 0.353740 0.050436
v -0.057744 0.353848 0.050436
v -0.057619 0.353844 0.050403
v -0.057518 0.353848 0.050218
v -0.057518 0.353740 0.050343
v -0.057552 0.353844 0.050338
v -0.057744 0.342338 -0.040246
v -0.057744 0.342556 -0.040497
v -0.057484 0.342556 -0.040246
v -0.057744 0.342367 -0.040372
v -0.057614 0.342367 -0.040246
v -0.057619 0.342395 -0.040366
v -0.057614 0.342556 -0.040464
v -0.057744 0.342447 -0.040464
v -0.057619 0.342451 -0.040431
v -0.057518 0.342447 -0.040246
v -0.057518 0.342556 -0.040372
v -0.057552 0.342451 -0.040366
v -0.057744 0.353957 -0.040246
v -0.057484 0.353740 -0.040246
v -0.057744 0.353740 -0.040497
v -0.057614 0.353928 -0.040246
v -0.057744 0.353928 -0.040372
v -0.057619 0.353900 -0.040366
v -0.057518 0.353740 -0.040372
v -0.057518 0.353848 -0.040246
v -0.057552 0.353844 -0.040366
v -0.057744 0.353848 -0.040464
v -0.057614 0.353740 -0.040464
v -0.057619 0.353844 -0.040431
v -0.052018 0.342338 0.050218
v -0.052018 0.342556 0.050469
v -0.052278 0.342556 0.050218
v -0.052018 0.342367 0.050343
v -0.052148 0.342367 0.050218
v -0.052142 0.342395 0.050338
v -0.052148 0.342556 0.050436
v -0.052018 0.342447 0.050436
v -0.052142 0.342451 0.050403
v -0.052243 0.342447 0.050218
v -0.052243 0.342556 0.050343
v -0.052209 0.342451 0.050338
v -0.052018 0.353740 0.050469
v -0.052018 0.353957 0.050218
v -0.052278 0.353740 0.050218
v -0.052018 0.353848 0.050436
v -0.052148 0.353740 0.050436
v -0.052142 0.353844 0.050403
v -0.052148 0.353928 0.050218
v -0.052018 0.353928 0.050343
v -0.052142 0.353900 0.050338
v -0.052243 0.353740 0.050343
v -0.052243 0.353848 0.050218
v -0.052209 0.353844 0.050338
v -0.052018 0.342338 -0.040246
v -0.052278 0.342556 -0.040246
v -0.052018 0.342556 -0.040497
v -0.052148 0.342367 -0.040246
v -0.052018 0.342367 -0.040372
v -0.052142 0.342395 -0.040366
v -0.052243 0.342556 -0.040372
v -0.052243 0.342447 -0.040246
v -0.052209 0.342451 -0.040366
v -0.052018 0.342447 -0.040464
v -0.052148 0.342556 -0.040464
v -0.052142 0.342451 -0.040431
v -0.052018 0.353957 -0.040246
v -0.052018 0.353740 -0.040497
v -0.052278 0.353740 -0.040246
v -0.052018 0.353928 -0.040372
v -0.052148 0.353928 -0.040246
v -0.052142 0.353900 -0.040366
v -0.052148 0.353740 -0.040464
v -0.052018 0.353848 -0.040464
v -0.052142 0.353844 -0.040431
v -0.052243 0.353848 -0.040246
v -0.052243 0.353740 -0.040372
v -0.052209 0.353844 -0.040366
v -0.049935 0.342338 0.050218
v -0.049675 0.342556 0.050218
v -0.049935 0.342556 0.050469
v -0.049805 0.342367 0.050218
v -0.049935 0.342367 0.050343
v -0.049811 0.342395 0.050338
v -0.049710 0.342556 0.050343
v -0.049710 0.342447 0.050218
v -0.049744 0.342451 0.050338
v -0.049935 0.342447 0.050436
v -0.049805 0.342556 0.050436
v -0.049811 0.342451 0.050403
v -0.049935 0.353957 0.050218
v -0.049935 0.353740 0.050469
v -0.049675 0.353740 0.050218
v -0.049935 0.353928 0.050343
v -0.049805 0.353928 0.050218
v -0.049811 0.353900 0.050338
v -0.049805 0.353740 0.050436
v -0.049935 0.353848 0.050436
v -0.049811 0.353844 0.050403
v -0.049710 0.353848 0.050218
v -0.049710 0.353740 0.050343
v -0.049744 0.353844 0.050338
v -0.049935 0.342338 -0.040246
v -0.049935 0.342556 -0.040497
v -0.049675 0.342556 -0.040246
v -0.049935 0.342367 -0.040372
v -0.049805 0.342367 -0.040246
v -0.049811 0.342395 -0.040366
v -0.049805 0.342556 -0.040464
v -0.049935 0.342447 -0.040464
v -0.049811 0.342451 -0.040431
v -0.049710 0.342447 -0.040246
v -0.049710 0.342556 -0.040372
v -0.049744 0.342451 -0.040366
v -0.049935 0.353957 -0.040246
v -0.049675 0.353740 -0.040246
v -0.049935 0.353740 -0.040497
v -0.049805 0.353928 -0.040246
v -0.049935 0.353928 -0.040372
v -0.049811 0.353900 -0.040366
v -0.049710 0.353740 -0.040372
v -0.049710 0.353848 -0.040246
v -0.049744 0.353844 -0.040366
v -0.049935 0.353848 -0.040464
v -0.049805 0.353740 -0.040464
v -0.049811 0.353844 -0.040431
v -0.044209 0.342338 0.050218
v -0.044209 0.342556 0.050469
v -0.044469 0.342556 0.050218
v -0.044209 0.342367 0.050343
v -0.044339 0.342367 0.050218
v -0.044334 0.342395 0.050338
v -0.044339 0.342556 0.050436
v -0.044209 0.342447 0.050436
v -0.044334 0.342451 0.050403
v -0.044435 0.342447 0.050218
v -0.044435 0.342556 0.050343
v -0.044401 0.342451 0.050338
v -0.044209 0.353740 0.050469
v -0.044209 0.353957 0.050218
v -0.044469 0.353740 0.050218
v -0.044209 0.353848 0.050436
v -0.044339 0.353740 0.050436
v -0.044334 0.353844 0.050403
v -0.044339 0.353928 0.050218
v -0.044209 0.353928 0.050343
v -0.044334 0.353900 0.050338
v -0.044435 0.353740 0.050343
v -0.044435 0.353848 0.050218
v -0.044401 0.353844 0.050338
v -0.044209 0.342338 -0.040246
v -0.044469 0.342556 -0.040246
v -0.044209 0.342556 -0.040497
v -0.044339 0.342367 -0.040246
v -0.044209 0.342367 -0.040372
v -0.044334 0.342395 -0.040366
v -0.044435 0.342556 -0.040372
v -0.044435 0.342447 -0.040246
v -0.044401 0.342451 -0.040366
v -0.044209 0.342447 -0.040464
v -0.044339 0.342556 -0.040464
v -0.044334 0.342451 -0.040431
v -0.044209 0.353957 -0.040246
v -0.044209 0.353740 -0.040497
v -0.044469 0.353740 -0.040246
v -0.044209 0.353928 -0.040372
v -0.044339 0.353928 -0.040246
v -0.044334 0.353900 -0.040366
v -0.044339 0.353740 -0.040464
v -0.044209 0.353848 -0.040464
v -0.044334 0.353844 -0.040431
v -0.044435 0.353848 -0.040246
v -0.044435 0.353740 -0.040372
v -0.044401 0.353844 -0.040366
v -0.042127 0.342338 0.050218
v -0.041867 0.342556 0.050218
v -0.042127 0.342556 0.050469
v -0.041997 0.342367 0.050218
v -0.042127 0.342367 0.050343
v -0.042002 0.342395 0.050338
v -0.041901 0.342556 0.050343
v -0.041901 0.342447 0.050218
v -0.041935 0.342451 0.050338
v -0.042127 0.342447 0.050436
v -0.041997 0.342556 0.050436
v -0.042002 0.342451 0.050403
v -0.042127 0.353957 0.050218
v -0.042127 0.353740 0.050469
v -0.041867 0.353740 0.050218
v -0.042127 0.353928 0.050343
v -0.041997 0.353928 0.050218
v -0.042002 0.353900 0.050338
v -0.041997 0.353740 0.050436
v -0.042127 0.353848 0.050436
v -0.042002 0.353844 0.050403
v -0.041901 0.353848 0.050218
v -0.041901 0.353740 0.050343
v -0.041935 0.353844 0.050338
v -0.042127 0.342338 -0.040246
v -0.042127 0.342556 -0.040497
v -0.041867 0.342556 -0.040246
v -0.042127 0.342367 -0.040372
v -0.041997 0.342367 -0.040246
v -0.042002 0.342395 -0.040366
v -0.041997 0.342556 -0.040464
v -0.042127 0.342447 -0.040464
v -0.042002 0.342451 -0.040431
v -0.041901 0.342447 -0.040246
v -0.041901 0.342556 -0.040372
v -0.041935 0.342451 -0.040366
v -0.042127 0.353957 -0.040246
v -0.041867 0.353740 -0.040246
v -0.042127 0.353740 -0.040497
v -0.041997 0.353928 -0.040246
v -0.042127 0.353928 -0.040372
v -0.042002 0.353900 -0.040366
v -0.041901 0.353740 -0.040372
v -0.041901 0.353848 -0.040246
v -0.041935 0.353844 -0.040366
v -0.042127 0.353848 -0.040464
v -0.041997 0.353740 -0.040464
v -0.042002 0.353844 -0.040431
v -0.036401 0.342338 0.050218
v -0.036401 0.342556 0.050469
v -0.036661 0.342556 0.050218
v -0.036401 0.342367 0.050343
v -0.036531 0.342367 0.050218
v -0.036525 0.342395 0.050338
v -0.036531 0.342556 0.050436
v -0.036401 0.342447 0.050436
v -0.036525 0.342451 0.050403
v -0.036626 0.342447 0.050218
v -0.036626 0.342556 0.050343
v -0.036592 0.342451 0.050338
v -0.036401 0.353740 0.050469
v -0.036401 0.353957 0.050218
v -0.036661 0.353740 0.050218
v -0.036401 0.353848 0.050436
v -0.036531 0.353740 0.050436
v -0.036525 0.353844 0.050403
v -0.036531 0.353928 0.050218
v -0.036401 0.353928 0.050343
v -0.036525 0.353900 0.050338
v -0.036626 0.353740 0.050343
v -0.036626 0.353848 0.050218
v -0.036592 0.353844 0.050338
v -0.036401 0.342338 -0.040246
v -0.036661 0.342556 -0.040246
v -0.036401 0.342556 -0.040497
v -0.036531 0.342367 -0.040246
v -0.036401 0.342367 -0.040372
v -0.036525 0.342395 -0.040366
v -0.036626 0.342556 -0.040372
v -0.036626 0.342447 -0.040246
v -0.036592 0.342451 -0.040366
v -0.036401 0.342447 -0.040464
v -0.036531 0.342556 -0.040464
v -0.036525 0.342451 -0.040431
v -0.036401 0.353957 -0.040246
v -0.036401 0.353740 -0.040497
v -0.036661 0.353740 -0.040246
v -0.036401 0.353928 -0.040372
v -0.036531 0.353928 -0.040246
v -0.036525 0.353900 -0.040366
v -0.036531 0.353740 -0.040464
v -0.036401 0.353848 -0.040464
v -0.036525 0.353844 -0.040431
v -0.036626 0.353848 -0.040246
v -0.036626 0.353740 -0.040372
v -0.036592 0.353844 -0.040366
v -0.034318 0.342338 0.050218
v -0.034058 0.342556 0.050218
v -0.034318 0.342556 0.050469
v -0.034188 0.342367 0.050218
v -0.034318 0.342367 0.050343
v -0.034194 0.342395 0.050338
v -0.034093 0.342556 0.050343
v -0.034093 0.342447 0.050218
v -0.034127 0.342451 0.050338
v -0.034318 0.342447 0.050436
v -0.034188 0.342556 0.050436
v -0.034194 0.342451 0.050403
v -0.034318 0.353957 0.050218
v -0.034318 0.353740 0.050469
v -0.034058 0.353740 0.050218
v -0.034318 0.353928 0.050343
v -0.034188 0.353928 0.050218
v -0.034194 0.353900 0.050338
v -0.034188 0.353740 0.050436
v -0.034318 0.353848 0.050436
v -0.034194 0.353844 0.050403
v -0.034093 0.353848 0.050218
v -0.034093 0.353740 0.050343
v -0.034127 0.353844 0.050338
v -0.034318 0.342338 -0.040246
v -0.034318 0.342556 -0.040497
v -0.034058 0.342556 -0.040246
v -0.034318 0.342367 -0.040372
v -0.034188 0.342367 -0.040246
v -0.034194 0.342395 -0.040366
v -0.034188 0.342556 -0.040464
v -0.034318 0.342447 -0.040464
v -0.034194 0.342451 -0.040431
v -0.034093 0.342447 -0.040246
v -0.034093 0.342556 -0.040372
v -0.034127 0.342451 -0.040366
v -0.034318 0.353957 -0.040246
v -0.034058 0.353740 -0.040246
v -0.034318 0.353740 -0.040497
v -0.034188 0.353928 -0.040246
v -0.034318 0.353928 -0.040372
v -0.034194 0.353900 -0.040366
v -0.034093 0.353740 -0.040372
v -0.034093 0.353848 -0.040246
v -0.034127 0.353844 -0.040366
v -0.034318 0.353848 -0.040464
v -0.034188 0.353740 -0.040464
v -0.034194 0.353844 -0.040431
v -0.028592 0.342338 0.050218
v -0.028592 0.342556 0.050469
v -0.028852 0.342556 0.050218
v -0.028592 0.342367 0.050343
v -0.028722 0.342367 0.050218
v -0.028717 0.342395 0.050338
v -0.028722 0.342556 0.050436
v -0.028592 0.342447 0.050436
v -0.028717 0.342451 0.050403
v -0.028818 0.342447 0.050218
v -0.028818 0.342556 0.050343
v -0.028784 0.342451 0.050338
v -0.028592 0.353740 0.050469
v -0.028592 0.353957 0.050218
v -0.028852 0.353740 0.050218
v -0.028592 0.353848 0.050436
v -0.028722 0.353740 0.050436
v -0.028717 0.353844 0.050403
v -0.028722 0.353928 0.050218
v -0.028592 0.353928 0.050343
v -0.028717 0.353900 0.050338
v -0.028818 0.353740 0.050343
v -0.028818 0.353848 0.050218
v -0.028784 0.353844 0.050338
v -0.028592 0.342338 -0.040246
v -0.028852 0.342556 -0.040246
v -0.028592 0.342556 -0.040497
v -0.028722 0.342367 -0.040246
v -0.028592 0.342367 -0.040372
v -0.028717 0.342395 -0.040366
v -0.028818 0.342556 -0.040372
v -0.028818 0.342447 -0.040246
v -0.028784 0.342451 -0.040366
v -0.028592 0.342447 -0.040464
v -0.028722 0.342556 -0.040464
v -0.028717 0.342451 -0.040431
v -0.028592 0.353957 -0.040246
v -0.028592 0.353740 -0.040497
v -0.028852 0.353740 -0.040246
v -0.028592 0.353928 -0.040372
v -0.028722 0.353928 -0.040246
v -0.028717 0.353900 -0.040366
v -0.028722 0.353740 -0.040464
v -0.028592 0.353848 -0.040464
v -0.028717 0.353844 -0.040431
v -0.028818 0.353848 -0.040246
v -0.028818 0.353740 -0.040372
v -0.028784 0.353844 -0.040366
v -0.026510 0.342338 0.050218
v -0.026249 0.342556 0.050218
v -0.026510 0.342556 0.050469
v -0.026380 0.342367 0.050218
v -0.026510 0.342367 0.050343
v -0.026385 0.342395 0.050338
v -0.026284 0.342556 0.050343
v -0.026284 0.342447 0.050218
v -0.026318 0.342451 0.050338
v -0.026510 0.342447 0.050436
v -0.026380 0.342556 0.050436
v -0.026385 0.342451 0.050403
v -0.026510 0.353957 0.050218
v -0.026510 0.353740 0.050469
v -0.026249 0.353740 0.050218
v -0.026510 0.353928 0.050343
v -0.026380 0.353928 0.050218
v -0.026385 0.353900 0.050338
v -0.026380 0.353740 0.050436
v -0.026510 0.353848 0.050436
v -0.026385 0.353844 0.050403
v -0.026284 0.353848 0.050218
v -0.026284 0.353740 0.050343
v -0.026318 0.353844 0.050338
v -0.026510 0.342338 -0.040246
v -0.026510 0.342556 -0.040497
v -0.026249 0.342556 -0.040246
v -0.026510 0.342367 -0.040372
v -0.026380 0.342367 -0.040246
v -0.026385 0.342395 -0.040366
v -0.026380 0.342556 -0.040464
v -0.026510 0.342447 -0.040464
v -0.026385 0.342451 -0.040431
v -0.026284 0.342447 -0.040246
v -0.026284 0.342556 -0.040372
v -0.026318 0.342451 -0.040366
v -0.026510 0.353957 -0.040246
v -0.026249 0.353740 -0.040246
v -0.026510 0.353740 -0.040497
v -0.026380 0.353928 -0.040246
v -0.026510 0.353928 -0.040372
v -0.026385 0.353900 -0.040366
v -0.026284 0.353740 -0.040372
v -0.026284 0.353848 -0.040246
v -0.026318 0.353844 -0.040366
v -0.026510 0.353848 -0.040464
v -0.026380 0.353740 -0.040464
v -0.026385 0.353844 -0.040431
v -0.020784 0.342338 0.050218
v -0.020784 0.342556 0.050469
v -0.021044 0.342556 0.050218
v -0.020784 0.342367 0.050343
v -0.020913 0.342367 0.050218
v -0.020908 0.342395 0.050338
v -0.020913 0.342556 0.050436
v -0.020784 0.342447 0.050436
v -0.020908 0.342451 0.050403
v -0.021009 0.342447 0.050218
v -0.021009 0.342556 0.050343
v -0.020975 0.342451 0.050338
v -0.020784 0.353740 0.050469
v -0.020784 0.353957 0.050218
v -0.021044 0.353740 0.050218
v -0.020784 0.353848 0.050436
v -0.020913 0.353740 0.050436
v -0.020908 0.353844 0.050403
v -0.020913 0.353928 0.050218
v -0.020784 0.353928 0.050343
v -0.020908 0.353900 0.050338
v -0.021009 0.353740 0.050343
v -0.021009 0.353848 0.050218
v -0.020975 0.353844 0.050338
v -0.020784 0.342338 -0.040246
v -0.021044 0.342556 -0.040246
v -0.020784 0.342556 -0.040497
v -0.020913 0.342367 -0.040246
v -0.020784 0.342367 -0.040372
v -0.020908 0.342395 -0.040366
v -0.021009 0.342556 -0.040372
v -0.021009 0.342447 -0.040246
v -0.020975 0.342451 -0.040366
v -0.020784 0.342447 -0.040464
v -0.020913 0.342556 -0.040464
v -0.020908 0.342451 -0.040431
v -0.020784 0.353957 -0.040246
v -0.020784 0.353740 -0.040497
v -0.021044 0.353740 -0.040246
v -0.020784 0.353928 -0.040372
v -0.020913 0.353928 -0.040246
v -0.020908 0.353900 -0.040366
v -0.020913 0.353740 -0.040464
v -0.020784 0.353848 -0.040464
v -0.020908 0.353844 -0.040431
v -0.021009 0.353848 -0.040246
v -0.021009 0.353740 -0.040372
v -0.020975 0.353844 -0.040366
v -0.018701 0.342338 0.050218
v -0.018441 0.342556 0.050218
v -0.018701 0.342556 0.050469
v -0.018571 0.342367 0.050218
v -0.018701 0.342367 0.050343
v -0.018577 0.342395 0.050338
v -0.018476 0.342556 0.050343
v -0.018476 0.342447 0.050218
v -0.018510 0.342451 0.050338
v -0.018701 0.342447 0.050436
v -0.018571 0.342556 0.050436
v -0.018577 0.342451 0.050403
v -0.018701 0.353957 0.050218
v -0.018701 0.353740 0.050469
v -0.018441 0.353740 0.050218
v -0.018701 0.353928 0.050343
v -0.018571 0.353928 0.050218
v -0.018577 0.353900 0.050338
v -0.018571 0.353740 0.050436
v -0.018701 0.353848 0.050436
v -0.018577 0.353844 0.050403
v -0.018476 0.353848 0.050218
v -0.018476 0.353740 0.050343
v -0.018510 0.353844 0.050338
v -0.018701 0.342338 -0.040246
v -0.018701 0.342556 -0.040497
v -0.018441 0.342556 -0.040246
v -0.018701 0.342367 -0.040372
v -0.018571 0.342367 -0.040246
v -0.018577 0.342395 -0.040366
v -0.018571 0.342556 -0.040464
v -0.018701 0.342447 -0.040464
v -0.018577 0.342451 -0.040431
v -0.018476 0.342447 -0.040246
v -0.018476 0.342556 -0.040372
v -0.018510 0.342451 -0.040366
v -0.018701 0.353957 -0.040246
v -0.018441 0.353740 -0.040246
v -0.018701 0.353740 -0.040497
v -0.018571 0.353928 -0.040246
v -0.018701 0.353928 -0.040372
v -0.018577 0.353900 -0.040366
v -0.018476 0.353740 -0.040372
v -0.018476 0.353848 -0.040246
v -0.018510 0.353844 -0.040366
v -0.018701 0.353848 -0.040464
v -0.018571 0.353740 -0.040464
v -0.018577 0.353844 -0.040431
v -0.012975 0.342338 0.050218
v -0.012975 0.342556 0.050469
v -0.013235 0.342556 0.050218
v -0.012975 0.342367 0.050343
v -0.013105 0.342367 0.050218
v -0.013099 0.342395 0.050338
v -0.013105 0.342556 0.050436
v -0.012975 0.342447 0.050436
v -0.013099 0.342451 0.050403
v -0.013201 0.342447 0.050218
v -0.013201 0.342556 0.050343
v -0.013167 0.342451 0.050338
v -0.012975 0.353740 0.050469
v -0.012975 0.353957 0.050218
v -0.013235 0.353740 0.050218
v -0.012975 0.353848 0.050436
v -0.013105 0.353740 0.050436
v -0.013099 0.353844 0.050403
v -0.013105 0.353928 0.050218
v -0.012975 0.353928 0.050343
v -0.013099 0.353900 0.050338
v -0.013201 0.353740 0.050343
v -0.013201 0.353848 0.050218
v -0.013167 0.353844 0.050338
v -0.012975 0.342338 -0.040246
v -0.013235 0.342556 -0.040246
v -0.012975 0.342556 -0.040497
v -0.013105 0.342367 -0.040246
v -0.012975 0.342367 -0.040372
v -0.013099 0.342395 -0.040366
v -0.013201 0.342556 -0.040372
v -0.013201 0.342447 -0.040246
v -0.013167 0.342451 -0.040366
v -0.012975 0.342447 -0.040464
v -0.013105 0.342556 -0.040464
v -0.013099 0.342451 -0.040431
v -0.012975 0.353957 -0.040246
v -0.012975 0.353740 -0.040497
v -0.013235 0.353740 -0.040246
v -0.012975 0.353928 -0.040372
v -0.013105 0.353928 -0.040246
v -0.013099 0.353900 -0.040366
v -0.013105 0.353740 -0.040464
v -0.012975 0.353848 -0.040464
v -0.013099 0.353844 -0.040431
v -0.013201 0.353848 -0.040246
v -0.013201 0.353740 -0.040372
v -0.013167 0.353844 -0.040366
v -0.010893 0.342338 0.050218
v -0.010632 0.342556 0.050218
v -0.010893 0.342556 0.050469
v -0.010763 0.342367 0.050218
v -0.010893 0.342367 0.050343
v -0.010768 0.342395 0.050338
v -0.010667 0.342556 0.050343
v -0.010667 0.342447 0.050218
v -0.010701 0.342451 0.050338
v -0.010893 0.342447 0.050436
v -0.010763 0.342556 0.050436
v -0.010768 0.342451 0.050403
v -0.010893 0.353957 0.050218
v -0.010893 0.353740 0.050469
v -0.010632 0.353740 0.050218
v -0.010893 0.353928 0.050343
v -0.010763 0.353928 0.050218
v -0.010768 0.353900 0.050338
v -0.010763 0.353740 0.050436
v -0.010893 0.353848 0.050436
v -0.010768 0.353844 0.050403
v -0.010667 0.353848 0.050218
v -0.010667 0.353740 0.050343
v -0.010701 0.353844 0.050338
v -0.010893 0.342338 -0.040246
v -0.010893 0.342556 -0.040497
v -0.010632 0.342556 -0.040246
v -0.010893 0.342367 -0.040372
v -0.010763 0.342367 -0.040246
v -0.010768 0.342395 -0.040366
v -0.010763 0.342556 -0.040464
v -0.010893 0.342447 -0.040464
v -0.010768 0.342451 -0.040431
v -0.010667 0.342447 -0.040246
v -0.010667 0.342556 -0.040372
v -0.010701 0.342451 -0.040366
v -0.010893 0.353957 -0.040246
v -0.010632 0.353740 -0.040246
v -0.010893 0.353740 -0.040497
v -0.010763 0.353928 -0.040246
v -0.010893 0.353928 -0.040372
v -0.010768 0.353900 -0.040366
v -0.010667 0.353740 -0.040372
v -0.010667 0.353848 -0.040246
v -0.010701 0.353844 -0.040366
v -0.010893 0.353848 -0.040464
v -0.010763 0.353740 -0.040464
v -0.010768 0.353844 -0.040431
v -0.005166 0.342338 0.050218
v -0.005166 0.342556 0.050469
v -0.005427 0.342556 0.050218
v -0.005166 0.342367 0.050343
v -0.005296 0.342367 0.050218
v -0.005291 0.342395 0.050338
v -0.005296 0.342556 0.050436
v -0.005166 0.342447 0.050436
v -0.005291 0.342451 0.050403
v -0.005392 0.342447 0.050218
v -0.005392 0.342556 0.050343
v -0.005358 0.342451 0.050338
v -0.005166 0.353740 0.050469
v -0.005166 0.353957 0.050218
v -0.005427 0.353740 0.050218
v -0.005166 0.353848 0.050436
v -0.005296 0.353740 0.050436
v -0.005291 0.353844 0.050403
v -0.005296 0.353928 0.050218
v -0.005166 0.353928 0.050343
v -0.005291 0.353900 0.050338
v -0.005392 0.353740 0.050343
v -0.005392 0.353848 0.050218
v -0.005358 0.353844 0.050338
v -0.005166 0.342338 -0.040246
v -0.005427 0.342556 -0.040246
v -0.005166 0.342556 -0.040497
v -0.005296 0.342367 -0.040246
v -0.005166 0.342367 -0.040372
v -0.005291 0.342395 -0.040366
v -0.005392 0.342556 -0.040372
v -0.005392 0.342447 -0.040246
v -0.005358 0.342451 -0.040366
v -0.005166 0.342447 -0.040464
v -0.005296 0.342556 -0.040464
v -0.005291 0.342451 -0.040431
v -0.005166 0.353957 -0.040246
v -0.005166 0.353740 -0.040497
v -0.005427 0.353740 -0.040246
v -0.005166 0.353928 -0.040372
v -0.005296 0.353928 -0.040246
v -0.005291 0.353900 -0.040366
v -0.005296 0.353740 -0.040464
v -0.005166 0.353848 -0.040464
v -0.005291 0.353844 -0.040431
v -0.005392 0.353848 -0.040246
v -0.005392 0.353740 -0.040372
v -0.005358 0.353844 -0.040366
v -0.003084 0.342338 0.050218
v -0.002824 0.342556 0.050218
v -0.003084 0.342556 0.050469
v -0.002954 0.342367 0.050218
v -0.003084 0.342367 0.050343
v -0.002960 0.342395 0.050338
v -0.002859 0.342556 0.050343
v -0.002859 0.342447 0.050218
v -0.002892 0.342451 0.050338
v -0.003084 0.342447 0.050436
v -0.002954 0.342556 0.050436
v -0.002960 0.342451 0.050403
v -0.003084 0.353957 0.050218
v -0.003084 0.353740 0.050469
v -0.002824 0.353740 0.050218
v -0.003084 0.353928 0.050343
v -0.002954 0.353928 0.050218
v -0.002960 0.353900 0.050338
v -0.002954 0.353740 0.050436
v -0.003084 0.353848 0.050436
v -0.002960 0.353844 0.050403
v -0.002859 0.353848 0.050218
v -0.002859 0.353740 0.050343
v -0.002892 0.353844 0.050338
v -0.003084 0.342338 -0.040246
v -0.003084 0.342556 -0.040497
v -0.002824 0.342556 -0.040246
v -0.003084 0.342367 -0.040372
v -0.002954 0.342367 -0.040246
v -0.002960 0.342395 -0.040366
v -0.002954 0.342556 -0.040464
v -0.003084 0.342447 -0.040464
v -0.002960 0.342451 -0.040431
v -0.002859 0.342447 -0.040246
v -0.002859 0.342556 -0.040372
v -0.002892 0.342451 -0.040366
v -0.003084 0.353957 -0.040246
v -0.002824 0.353740 -0.040246
v -0.003084 0.353740 -0.040497
v -0.002954 0.353928 -0.040246
v -0.003084 0.353928 -0.040372
v -0.002960 0.353900 -0.040366
v -0.002859 0.353740 -0.040372
v -0.002859 0.353848 -0.040246
v -0.002892 0.353844 -0.040366
v -0.003084 0.353848 -0.040464
v -0.002954 0.353740 -0.040464
v -0.002960 0.353844 -0.040431
v 0.002642 0.342338 0.050218
v 0.002642 0.342556 0.050469
v 0.002382 0.342556 0.050218
v 0.002642 0.342367 0.050343
v 0.002512 0.342367 0.050218
v 0.002518 0.342395 0.050338
v 0.002512 0.342556 0.050436
v 0.002642 0.342447 0.050436
v 0.002518 0.342451 0.050403
v 0.002417 0.342447 0.050218
v 0.002417 0.342556 0.050343
v 0.002450 0.342451 0.050338
v 0.002642 0.353740 0.050469
v 0.002642 0.353957 0.050218
v 0.002382 0.353740 0.050218
v 0.002642 0.353848 0.050436
v 0.002512 0.353740 0.050436
v 0.002518 0.353844 0.050403
v 0.002512 0.353928 0.050218
v 0.002642 0.353928 0.050343
v 0.002518 0.353900 0.050338
v 0.002417 0.353740 0.050343
v 0.002417 0.353848 0.050218
v 0.002450 0.353844 0.050338
v 0.002642 0.342338 -0.040246
v 0.002382 0.342556 -0.040246
v 0.002642 0.342556 -0.040497
v 0.002512 0.342367 -0.040246
v 0.002642 0.342367 -0.040372
v 0.002518 0.342395 -0.040366
v 0.002417 0.342556 -0.040372
v 0.002417 0.342447 -0.040246
v 0.002450 0.342451 -0.040366
v 0.002642 0.342447 -0.040464
v 0.002512 0.342556 -0.040464
v 0.002518 0.342451 -0.040431
v 0.002642 0.353957 -0.040246
v 0.002642 0.353740 -0.040497
v 0.002382 0.353740 -0.040246
v 0.002642 0.353928 -0.040372
v 0.002512 0.353928 -0.040246
v 0.002518 0.353900 -0.040366
v 0.002512 0.353740 -0.040464
v 0.002642 0.353848 -0.040464
v 0.002518 0.353844 -0.040431
v 0.002417 0.353848 -0.040246
v 0.002417 0.353740 -0.040372
v 0.002450 0.353844 -0.040366
v 0.004724 0.342338 0.050218
v 0.004985 0.342556 0.050218
v 0.004724 0.342556 0.050469
v 0.004854 0.342367 0.050218
v 0.004724 0.342367 0.050343
v 0.004849 0.342395 0.050338
v 0.004950 0.342556 0.050343
v 0.004950 0.342447 0.050218
v 0.004916 0.342451 0.050338
v 0.004724 0.342447 0.050436
v 0.004854 0.342556 0.050436
v 0.004849 0.342451 0.050403
v 0.004724 0.353957 0.050218
v 0.004724 0.353740 0.050469
v 0.004985 0.353740 0.050218
v 0.004724 0.353928 0.050343
v 0.004854 0.353928 0.050218
v 0.004849 0.353900 0.050338
v 0.004854 0.353740 0.050436
v 0.004724 0.353848 0.050436
v 0.004849 0.353844 0.050403
v 0.004950 0.353848 0.050218
v 0.004950 0.353740 0.050343
v 0.004916 0.353844 0.050338
v 0.004724 0.342338 -0.040246
v 0.004724 0.342556 -0.040497
v 0.004985 0.342556 -0.040246
v 0.004724 0.342367 -0.040372
v 0.004854 0.342367 -0.040246
v 0.004849 0.342395 -0.040366
v 0.004854 0.342556 -0.040464
v 0.004724 0.342447 -0.040464
v 0.004849 0.342451 -0.040431
v 0.004950 0.342447 -0.040246
v 0.004950 0.342556 -0.040372
v 0.004916 0.342451 -0.040366
v 0.004724 0.353957 -0.040246
v 0.004985 0.353740 -0.040246
v 0.004724 0.353740 -0.040497
v 0.004854 0.353928 -0.040246
v 0.004724 0.353928 -0.040372
v 0.004849 0.353900 -0.040366
v 0.004950 0.353740 -0.040372
v 0.004950 0.353848 -0.040246
v 0.004916 0.353844 -0.040366
v 0.004724 0.353848 -0.040464
v 0.004854 0.353740 -0.040464
v 0.004849 0.353844 -0.040431
v 0.010451 0.342338 0.050218
v 0.010451 0.342556 0.050469
v 0.010190 0.342556 0.050218
v 0.010451 0.342367 0.050343
v 0.010321 0.342367 0.050218
v 0.010326 0.342395 0.050338
v 0.010321 0.342556 0.050436
v 0.010451 0.342447 0.050436
v 0.010326 0.342451 0.050403
v 0.010225 0.342447 0.050218
v 0.010225 0.342556 0.050343
v 0.010259 0.342451 0.050338
v 0.010451 0.353740 0.050469
v 0.010451 0.353957 0.050218
v 0.010190 0.353740 0.050218
v 0.010451 0.353848 0.050436
v 0.010321 0.353740 0.050436
v 0.010326 0.353844 0.050403
v 0.010321 0.353928 0.050218
v 0.010451 0.353928 0.050343
v 0.010326 0.353900 0.050338
v 0.010225 0.353740 0.050343
v 0.010225 0.353848 0.050218
v 0.010259 0.353844 0.050338
v 0.010451 0.342338 -0.040246
v 0.010190 0.342556 -0.040246
v 0.010451 0.342556 -0.040497
v 0.010321 0.342367 -0.040246
v 0.010451 0.342367 -0.040372
v 0.010326 0.342395 -0.040366
v 0.010225 0.342556 -0.040372
v 0.010225 0.342447 -0.040246
v 0.010259 0.342451 -0.040366
v 0.010451 0.342447 -0.040464
v 0.010321 0.342556 -0.040464
v 0.010326 0.342451 -0.040431
v 0.010451 0.353957 -0.040246
v 0.010451 0.353740 -0.040497
v 0.010190 0.353740 -0.040246
v 0.010451 0.353928 -0.040372
v 0.010321 0.353928 -0.040246
v 0.010326 0.353900 -0.040366
v 0.010321 0.353740 -0.040464
v 0.010451 0.353848 -0.040464
v 0.010326 0.353844 -0.040431
v 0.010225 0.353848 -0.040246
v 0.010225 0.353740 -0.040372
v 0.010259 0.353844 -0.040366
v 0.012533 0.342338 0.050218
v 0.012793 0.342556 0.050218
v 0.012533 0.342556 0.050469
v 0.012663 0.342367 0.050218
v 0.012533 0.342367 0.050343
v 0.012657 0.342395 0.050338
v 0.012758 0.342556 0.050343
v 0.012758 0.342447 0.050218
v 0.012725 0.342451 0.050338
v 0.012533 0.342447 0.050436
v 0.012663 0.342556 0.050436
v 0.012657 0.342451 0.050403
v 0.012533 0.353957 0.050218
v 0.012533 0.353740 0.050469
v 0.012793 0.353740 0.050218
v 0.012533 0.353928 0.050343
v 0.012663 0.353928 0.050218
v 0.012657 0.353900 0.050338
v 0.012663 0.353740 0.050436
v 0.012533 0.353848 0.050436
v 0.012657 0.353844 0.050403
v 0.012758 0.353848 0.050218
v 0.012758 0.353740 0.050343
v 0.012725 0.353844 0.050338
v 0.012533 0.342338 -0.040246
v 0.012533 0.342556 -0.040497
v 0.012793 0.342556 -0.040246
v 0.012533 0.342367 -0.040372
v 0.012663 0.342367 -0.040246
v 0.012657 0.342395 -0.040366
v 0.012663 0.342556 -0.040464
v 0.012533 0.342447 -0.040464
v 0.012657 0.342451 -0.040431
v 0.012758 0.342447 -0.040246
v 0.012758 0.342556 -0.040372
v 0.012725 0.342451 -0.040366
v 0.012533 0.353957 -0.040246
v 0.012793 0.353740 -0.040246
v 0.012533 0.353740 -0.040497
v 0.012663 0.353928 -0.040246
v 0.012533 0.353928 -0.040372
v 0.012657 0.353900 -0.040366
v 0.012758 0.353740 -0.040372
v 0.012758 0.353848 -0.040246
v 0.012725 0.353844 -0.040366
v 0.012533 0.353848 -0.040464
v 0.012663 0.353740 -0.040464
v 0.012657 0.353844 -0.040431
v 0.018259 0.342338 0.050218
v 0.018259 0.342556 0.050469
v 0.017999 0.342556 0.050218
v 0.018259 0.342367 0.050343
v 0.018129 0.342367 0.050218
v 0.018135 0.342395 0.050338
v 0.018129 0.342556 0.050436
v 0.018259 0.342447 0.050436
v 0.018135 0.342451 0.050403
v 0.018034 0.342447 0.050218
v 0.018034 0.342556 0.050343
v 0.018067 0.342451 0.050338
v 0.018259 0.353740 0.050469
v 0.018259 0.353957 0.050218
v 0.017999 0.353740 0.050218
v 0.018259 0.353848 0.050436
v 0.018129 0.353740 0.050436
v 0.018135 0.353844 0.050403
v 0.018129 0.353928 0.050218
v 0.018259 0.353928 0.050343
v 0.018135 0.353900 0.050338
v 0.018034 0.353740 0.050343
v 0.018034 0.353848 0.050218
v 0.018067 0.353844 0.050338
v 0.018259 0.342338 -0.040246
v 0.017999 0.342556 -0.040246
v 0.018259 0.342556 -0.040497
v 0.018129 0.342367 -0.040246
v 0.018259 0.342367 -0.040372
v 0.018135 0.342395 -0.040366
v 0.018034 0.342556 -0.040372
v 0.018034 0.342447 -0.040246
v 0.018067 0.342451 -0.040366
v 0.018259 0.342447 -0.040464
v 0.018129 0.342556 -0.040464
v 0.018135 0.342451 -0.040431
v 0.018259 0.353957 -0.040246
v 0.018259 0.353740 -0.040497
v 0.017999 0.353740 -0.040246
v 0.018259 0.353928 -0.040372
v 0.018129 0.353928 -0.040246
v 0.018135 0.353900 -0.040366
v 0.018129 0.353740 -0.040464
v 0.018259 0.353848 -0.040464
v 0.018135 0.353844 -0.040431
v 0.018034 0.353848 -0.040246
v 0.018034 0.353740 -0.040372
v 0.018067 0.353844 -0.040366
v 0.020341 0.342338 0.050218
v 0.020602 0.342556 0.050218
v 0.020341 0.342556 0.050469
v 0.020471 0.342367 0.050218
v 0.020341 0.342367 0.050343
v 0.020466 0.342395 0.050338
v 0.020567 0.342556 0.050343
v 0.020567 0.342447 0.050218
v 0.020533 0.342451 0.050338
v 0.020341 0.342447 0.050436
v 0.020471 0.342556 0.050436
v 0.020466 0.342451 0.050403
v 0.020341 0.353957 0.050218
v 0.020341 0.353740 0.050469
v 0.020602 0.353740 0.050218
v 0.020341 0.353928 0.050343
v 0.020471 0.353928 0.050218
v 0.020466 0.353900 0.050338
v 0.020471 0.353740 0.050436
v 0.020341 0.353848 0.050436
v 0.020466 0.353844 0.050403
v 0.020567 0.353848 0.050218
v 0.020567 0.353740 0.050343
v 0.020533 0.353844 0.050338
v 0.020341 0.342338 -0.040246
v 0.020341 0.342556 -0.040497
v 0.020602 0.342556 -0.040246
v 0.020341 0.342367 -0.040372
v 0.020471 0.342367 -0.040246
v 0.020466 0.342395 -0.040366
v 0.020471 0.342556 -0.040464
v 0.020341 0.342447 -0.040464
v 0.020466 0.342451 -0.040431
v 0.020567 0.342447 -0.040246
v 0.020567 0.342556 -0.040372
v 0.020533 0.342451 -0.040366
v 0.020341 0.353957 -0.040246
v 0.020602 0.353740 -0.040246
v 0.020341 0.353740 -0.040497
v 0.020471 0.353928 -0.040246
v 0.020341 0.353928 -0.040372
v 0.020466 0.353900 -0.040366
v 0.020567 0.353740 -0.040372
v 0.020567 0.353848 -0.040246
v 0.020533 0.353844 -0.040366
v 0.020341 0.353848 -0.040464
v 0.020471 0.353740 -0.040464
v 0.020466 0.353844 -0.040431
v 0.026068 0.342338 0.050218
v 0.026068 0.342556 0.050469
v 0.025807 0.342556 0.050218
v 0.026068 0.342367 0.050343
v 0.025938 0.342367 0.050218
v 0.025943 0.342395 0.050338
v 0.025938 0.342556 0.050436
v 0.026068 0.342447 0.050436
v 0.025943 0.342451 0.050403
v 0.025842 0.342447 0.050218
v 0.025842 0.342556 0.050343
v 0.025876 0.342451 0.050338
v 0.026068 0.353740 0.050469
v 0.026068 0.353957 0.050218
v 0.025807 0.353740 0.050218
v 0.026068 0.353848 0.050436
v 0.025938 0.353740 0.050436
v 0.025943 0.353844 0.050403
v 0.025938 0.353928 0.050218
v 0.026068 0.353928 0.050343
v 0.025943 0.353900 0.050338
v 0.025842 0.353740 0.050343
v 0.025842 0.353848 0.050218
v 0.025876 0.353844 0.050338
v 0.026068 0.342338 -0.040246
v 0.025807 0.342556 -0.040246
v 0.026068 0.342556 -0.040497
v 0.025938 0.342367 -0.040246
v 0.026068 0.342367 -0.040372
v 0.025943 0.342395 -0.040366
v 0.025842 0.342556 -0.040372
v 0.025842 0.342447 -0.040246
v 0.025876 0.342451 -0.040366
v 0.026068 0.342447 -0.040464
v 0.025938 0.342556 -0.040464
v 0.025943 0.342451 -0.040431
v 0.026068 0.353957 -0.040246
v 0.026068 0.353740 -0.040497
v 0.025807 0.353740 -0.040246
v 0.026068 0.353928 -0.040372
v 0.025938 0.353928 -0.040246
v 0.025943 0.353900 -0.040366
v 0.025938 0.353740 -0.040464
v 0.026068 0.353848 -0.040464
v 0.025943 0.353844 -0.040431
v 0.025842 0.353848 -0.040246
v 0.025842 0.353740 -0.040372
v 0.025876 0.353844 -0.040366
v 0.028150 0.342338 0.050218
v 0.028410 0.342556 0.050218
v 0.028150 0.342556 0.050469
v 0.028280 0.342367 0.050218
v 0.028150 0.342367 0.050343
v 0.028274 0.342395 0.050338
v 0.028375 0.342556 0.050343
v 0.028375 0.342447 0.050218
v 0.028342 0.342451 0.050338
v 0.028150 0.342447 0.050436
v 0.028280 0.342556 0.050436
v 0.028274 0.342451 0.050403
v 0.028150 0.353957 0.050218
v 0.028150 0.353740 0.050469
v 0.028410 0.353740 0.050218
v 0.028150 0.353928 0.050343
v 0.028280 0.353928 0.050218
v 0.028274 0.353900 0.050338
v 0.028280 0.353740 0.050436
v 0.028150 0.353848 0.050436
v 0.028274 0.353844 0.050403
v 0.028375 0.353848 0.050218
v 0.028375 0.353740 0.050343
v 0.028342 0.353844 0.050338
v 0.028150 0.342338 -0.040246
v 0.028150 0.342556 -0.040497
v 0.028410 0.342556 -0.040246
v 0.028150 0.342367 -0.040372
v 0.028280 0.342367 -0.040246
v 0.028274 0.342395 -0.040366
v 0.028280 0.342556 -0.040464
v 0.028150 0.342447 -0.040464
v 0.028274 0.342451 -0.040431
v 0.028375 0.342447 -0.040246
v 0.028375 0.342556 -0.040372
v 0.028342 0.342451 -0.040366
v 0.028150 0.353957 -0.040246
v 0.028410 0.353740 -0.040246
v 0.028150 0.353740 -0.040497
v 0.028280 0.353928 -0.040246
v 0.028150 0.353928 -0.040372
v 0.028274 0.353900 -0.040366
v 0.028375 0.353740 -0.040372
v 0.028375 0.353848 -0.040246
v 0.028342 0.353844 -0.040366
v 0.028150 0.353848 -0.040464
v 0.028280 0.353740 -0.040464
v 0.028274 0.353844 -0.040431
vn 0.0033 -0.0101 0.9999
vn 0.0033 0.0101 0.9999
vn -0.0033 0.0101 0.9999
vn -0.0033 -0.0101 0.9999
vn 0.9971 -0.0104 -0.0753
vn 0.9971 0.0104 -0.0753
vn 0.9971 0.0104 0.0753
vn 0.9971 -0.0104 0.0753
vn -0.0002 -1.0000 -0.0002
vn 0.0002 -1.0000 -0.0002
vn 0.0002 -1.0000 0.0002
vn -0.0002 -1.0000 0.0002
vn 0.0029 0.9980 -0.0631
vn -0.0029 0.9980 -0.0631
vn -0.0029 0.9980 0.0631
vn 0.0029 0.9980 0.0631
vn -0.9971 -0.0104 0.0753
vn -0.9971 0.0104 0.0753
vn -0.9971 0.0104 -0.0753
vn -0.9971 -0.0104 -0.0753
vn -0.0033 -0.0101 -0.9999
vn -0.0033 0.0101 -0.9999
vn 0.0033 0.0101 -0.9999
vn 0.0033 -0.0101 -0.9999
vn 0.0002 -0.0007 1.0000
vn 0.0002 0.0007 1.0000
vn -0.0002 0.0007 1.0000
vn -0.0002 -0.0007 1.0000
vn 1.0000 -0.0006 -0.0003
vn 1.0000 0.0006 -0.0003
vn 1.0000 0.0006 0.0003
vn 1.0000 -0.0006 0.0003
vn -0.0002 -1.0000 -0.0098
vn 0.0002 -1.0000 -0.0098
vn 0.0002 -1.0000 0.0098
vn -0.0002 -1.0000 0.0098
vn 0.0002 1.0000 -0.0002
vn -0.0002 1.0000 -0.0002
vn -0.0002 1.0000 0.0002
vn 0.0002 1.0000 0.0002
vn -1.0000 -0.0006 0.0003
vn -1.0000 0.0006 0.0003
vn -1.0000 0.0006 -0.0003
vn -1.0000 -0.0006 -0.0003
vn -0.0002 -0.0007 -1.0000
vn -0.0002 0.0007 -1.0000
vn 0.0002 0.0007 -1.0000
vn 0.0002 -0.0007 -1.0000
vn 0.0003 -0.0009 1.0000
vn 0.0003 0.0009 1.0000
vn -0.0003 0.0009 1.0000
vn -0.0003 -0.0009 1.0000
vn 0.9999 -0.0009 -0.0117
vn 0.9999 0.0009 -0.0117
vn 0.9999 0.0009 0.0117
vn 0.9999 -0.0009 0.0117
vn -0.0020 -0.9997 -0.0224
vn 0.0020 -0.9997 -0.0224
vn 0.0020 -0.9997 0.0224
vn -0.0020 -0.9997 0.0224
vn 0.0002 1.0000 -0.0098
vn -0.0002 1.0000 -0.0098
vn -0.0002 1.0000 0.0098
vn 0.0002 1.0000 0.0098
vn -0.9999 -0.0009 0.0117
vn -0.9999 0.0009 0.0117
vn -0.9999 0.0009 -0.0117
vn -0.9999 -0.0009 -0.0117
vn -0.0003 -0.0009 -1.0000
vn -0.0003 0.0009 -1.0000
vn 0.0003 0.0009 -1.0000
vn 0.0003 -0.0009 -1.0000
vn 0.0023 -0.0040 1.0000
vn 0.0023 0.0040 1.0000
vn -0.0023 0.0040 1.0000
vn -0.0023 -0.0040 1.0000
vn 0.9996 -0.0041 -0.0268
vn 0.9996 0.0041 -0.0268
vn 0.9996 0.0041 0.0268
vn 0.9996 -0.0041 0.0268
vn -0.0029 -0.9980 -0.0631
vn 0.0029 -0.9980 -0.0631
vn 0.0029 -0.9980 0.0631
vn -0.0029 -0.9980 0.0631
vn 0.0020 0.9997 -0.0224
vn -0.0020 0.9997 -0.0224
vn -0.0020 0.9997 0.0224
vn 0.0020 0.9997 0.0224
vn -0.9996 -0.0041 0.0268
vn -0.9996 0.0041 0.0268
vn -0.9996 0.0041 -0.0268
vn -0.9996 -0.0041 -0.0268
vn -0.0023 -0.0040 -1.0000
vn -0.0023 0.0040 -1.0000
vn 0.0023 0.0040 -1.0000
vn 0.0023 -0.0040 -1.0000
vn 0.0034 -0.0102 0.9999
vn 0.0034 0.0102 0.9999
vn -0.0034 0.0102 0.9999
vn -0.0034 -0.0102 0.9999
vn -0.0034 -0.0102 -0.9999
vn -0.0034 0.0102 -0.9999
vn 0.0034 0.0102 -0.9999
vn 0.0034 -0.0102 -0.9999
vn -0.9971 0.0105 0.0753
vn -0.9971 -0.0105 -0.0753
vn -0.0017 -0.9999 -0.0136
vn 0.0017 -0.9999 -0.0137
vn 0.0017 -0.9999 0.0137
vn -0.0017 -0.9999 0.0137
vn 0.0020 -0.0028 1.0000
vn 0.0020 0.0028 1.0000
vn -0.0020 0.0028 1.0000
vn -0.0020 -0.0028 1.0000
vn 0.9999 -0.0029 -0.0163
vn 0.9999 0.0029 -0.0163
vn 0.9999 0.0029 0.0163
vn 0.9999 -0.0029 0.0163
vn -0.0132 -0.9999 -0.0003
vn 0.0132 -0.9999 -0.0003
vn 0.0132 -0.9999 0.0003
vn -0.0132 -0.9999 0.0003
vn 0.0017 0.9999 -0.0137
vn -0.0017 0.9999 -0.0136
vn -0.0017 0.9999 0.0137
vn 0.0017 0.9999 0.0137
vn -0.9999 -0.0029 0.0163
vn -0.9999 0.0029 0.0163
vn -0.9999 0.0029 -0.0163
vn -0.9999 -0.0029 -0.0163
vn -0.0020 -0.0028 -1.0000
vn -0.0020 0.0028 -1.0000
vn 0.0020 0.0028 -1.0000
vn 0.0020 -0.0028 -1.0000
vn 0.0152 -0.0030 0.9999
vn 0.0152 0.0030 0.9999
vn -0.0152 0.0030 0.9999
vn -0.0152 -0.0030 0.9999
vn 1.0000 -0.0031 -0.0004
vn 1.0000 0.0031 -0.0004
vn 1.0000 0.0031 0.0004
vn 1.0000 -0.0031 0.0004
vn 0.0132 0.9999 -0.0003
vn -0.0132 0.9999 -0.0003
vn -0.0132 0.9999 0.0003
vn 0.0132 0.9999 0.0003
vn -1.0000 -0.0031 0.0004
vn -1.0000 0.0031 0.0004
vn -1.0000 0.0031 -0.0004
vn -1.0000 -0.0031 -0.0004
vn -0.0152 -0.0030 -0.9999
vn -0.0152 0.0030 -0.9999
vn 0.0152 0.0030 -0.9999
vn 0.0152 -0.0030 -0.9999
vn -0.0026 -0.8940 0.4480
vn -0.3968 -0.8206 0.4112
vn -0.4280 -0.8971 0.1098
vn -0.0028 -0.5542 0.8324
vn -0.4208 -0.5028 0.7551
vn -0.3967 -0.8206 0.4113
vn -0.4865 -0.0087 0.8737
vn -0.4208 -0.5027 0.7551
vn -0.0027 -0.5541 0.8324
vn -0.4865 -0.0087 0.8736
vn -0.8581 -0.0089 0.5134
vn -0.7383 -0.5095 0.4421
vn -0.9971 -0.0105 0.0753
vn -0.8206 -0.5588 0.1199
vn -0.7383 -0.5095 0.4420
vn -0.8581 -0.0089 0.5133
vn -0.8205 -0.5589 0.1199
vn -0.4281 -0.8971 0.1098
vn -0.3968 -0.8206 0.4113
vn -0.7382 -0.5095 0.4420
vn -0.0028 0.5541 0.8324
vn -0.4208 0.5027 0.7551
vn -0.4864 0.0087 0.8737
vn -0.0027 0.5542 0.8324
vn -0.0026 0.8940 0.4480
vn -0.3968 0.8206 0.4113
vn -0.4280 0.8971 0.1098
vn -0.0025 0.8940 0.4480
vn -0.4281 0.8971 0.1097
vn -0.8206 0.5588 0.1199
vn -0.7383 0.5095 0.4420
vn -0.3968 0.8206 0.4112
vn -0.9971 0.0105 0.0754
vn -0.8581 0.0089 0.5133
vn -0.8581 0.0088 0.5134
vn -0.4865 0.0087 0.8736
vn -0.7383 0.5094 0.4420
vn -0.4208 0.5028 0.7551
vn -0.7382 0.5095 0.4421
vn -0.4280 -0.8971 -0.1098
vn -0.3968 -0.8206 -0.4113
vn -0.0025 -0.8940 -0.4480
vn -0.4281 -0.8971 -0.1097
vn -0.8205 -0.5589 -0.1199
vn -0.7383 -0.5095 -0.4420
vn -0.3968 -0.8206 -0.4112
vn -0.9971 -0.0105 -0.0754
vn -0.8581 -0.0089 -0.5133
vn -0.8206 -0.5588 -0.1199
vn -0.8581 -0.0088 -0.5134
vn -0.4865 -0.0087 -0.8736
vn -0.4208 -0.5027 -0.7551
vn -0.7383 -0.5094 -0.4420
vn -0.0028 -0.5541 -0.8324
vn -0.4864 -0.0087 -0.8737
vn -0.0027 -0.5542 -0.8324
vn -0.0026 -0.8940 -0.4480
vn -0.7383 -0.5095 -0.4421
vn -0.4208 -0.5028 -0.7551
vn -0.0026 0.8940 -0.4480
vn -0.3968 0.8206 -0.4112
vn -0.4280 0.8971 -0.1098
vn -0.0028 0.5542 -0.8324
vn -0.4208 0.5028 -0.7551
vn -0.3967 0.8206 -0.4113
vn -0.4865 0.0087 -0.8737
vn -0.4208 0.5027 -0.7551
vn -0.0027 0.5541 -0.8324
vn -0.4865 0.0087 -0.8736
vn -0.8581 0.0089 -0.5134
vn -0.7383 0.5095 -0.4421
vn -0.9971 0.0105 -0.0753
vn -0.8206 0.5588 -0.1199
vn -0.7383 0.5095 -0.4420
vn -0.8581 0.0089 -0.5133
vn -0.8205 0.5589 -0.1199
vn -0.4281 0.8971 -0.1098
vn -0.3968 0.8206 -0.4113
vn -0.7382 0.5095 -0.4420
vn 0.4280 -0.8971 0.1098
vn 0.3968 -0.8206 0.4113
vn 0.0025 -0.8940 0.4480
vn 0.4281 -0.8971 0.1097
vn 0.8205 -0.5589 0.1199
vn 0.7383 -0.5095 0.4420
vn 0.3968 -0.8206 0.4112
vn 0.9971 -0.0105 0.0754
vn 0.8581 -0.0089 0.5133
vn 0.8206 -0.5588 0.1199
vn 0.8581 -0.0088 0.5134
vn 0.4865 -0.0087 0.8736
vn 0.4208 -0.5027 0.7551
vn 0.7383 -0.5094 0.4420
vn 0.0028 -0.5541 0.8324
vn 0.4864 -0.0087 0.8737
vn 0.0027 -0.5542 0.8324
vn 0.0026 -0.8940 0.4480
vn 0.7383 -0.5095 0.4421
vn 0.4208 -0.5028 0.7551
vn 0.0026 0.8940 0.4480
vn 0.3968 0.8206 0.4112
vn 0.4280 0.8971 0.1098
vn 0.0028 0.5542 0.8324
vn 0.4208 0.5028 0.7551
vn 0.3967 0.8206 0.4113
vn 0.4865 0.0087 0.8737
vn 0.4208 0.5027 0.7551
vn 0.0027 0.5541 0.8324
vn 0.4865 0.0087 0.8736
vn 0.8581 0.0089 0.5134
vn 0.7383 0.5095 0.4421
vn 0.9971 0.0105 0.0753
vn 0.8206 0.5588 0.1199
vn 0.7383 0.5095 0.4420
vn 0.8581 0.0089 0.5133
vn 0.8205 0.5589 0.1199
vn 0.4281 0.8971 0.1098
vn 0.3968 0.8206 0.4113
vn 0.7382 0.5095 0.4420
vn 0.0026 -0.8940 -0.4480
vn 0.3968 -0.8206 -0.4112
vn 0.4280 -0.8971 -0.1098
vn 0.0028 -0.5542 -0.8324
vn 0.4208 -0.5028 -0.7551
vn 0.3967 -0.8206 -0.4113
vn 0.4865 -0.0087 -0.8737
vn 0.4208 -0.5027 -0.7551
vn 0.0027 -0.5541 -0.8324
vn 0.4865 -0.0087 -0.8736
vn 0.8581 -0.0089 -0.5134
vn 0.7383 -0.5095 -0.4421
vn 0.9971 -0.0105 -0.0753
vn 0.8206 -0.5588 -0.1199
vn 0.7383 -0.5095 -0.4420
vn 0.8581 -0.0089 -0.5133
vn 0.8205 -0.5589 -0.1199
vn 0.4281 -0.8971 -0.1098
vn 0.3968 -0.8206 -0.4113
vn 0.7382 -0.5095 -0.4420
vn 0.4280 0.8971 -0.1098
vn 0.3968 0.8206 -0.4113
vn 0.0025 0.8940 -0.4480
vn 0.4281 0.8971 -0.1097
vn 0.8205 0.5589 -0.1199
vn 0.7383 0.5095 -0.4420
vn 0.3968 0.8206 -0.4112
vn 0.9971 0.0105 -0.0754
vn 0.8581 0.0089 -0.5133
vn 0.8206 0.5588 -0.1199
vn 0.8581 0.0088 -0.5134
vn 0.4865 0.0087 -0.8736
vn 0.4208 0.5027 -0.7551
vn 0.7383 0.5094 -0.4420
vn 0.0028 0.5541 -0.8324
vn 0.4864 0.0087 -0.8737
vn 0.0027 0.5542 -0.8324
vn 0.0026 0.8940 -0.4480
vn 0.7383 0.5095 -0.4421
vn 0.4208 0.5028 -0.7551
vn -0.0002 -1.0000 0.0003
vn -0.0002 -0.8939 0.4482
vn -0.3967 -0.8207 0.4112
vn -0.4354 -0.9003 0.0002
vn -0.0002 -0.5543 0.8323
vn -0.0003 -0.0007 1.0000
vn -0.4869 -0.0007 0.8735
vn -0.4869 -0.0006 0.8734
vn -0.8579 -0.0006 0.5138
vn -0.7382 -0.5095 0.4421
vn -1.0000 -0.0007 0.0003
vn -0.8230 -0.5681 0.0003
vn -0.8229 -0.5681 0.0002
vn -0.4354 -0.9002 0.0003
vn -0.0002 0.0008 1.0000
vn -0.0002 0.5543 0.8323
vn -0.4208 0.5027 0.7552
vn -0.4869 0.0006 0.8735
vn -0.0002 0.5544 0.8323
vn -0.0002 0.8939 0.4482
vn -0.3967 0.8206 0.4113
vn -0.4207 0.5028 0.7551
vn -0.0002 1.0000 0.0003
vn -0.4354 0.9002 0.0003
vn -0.3967 0.8207 0.4112
vn -0.0002 0.8940 0.4481
vn -0.4354 0.9002 0.0002
vn -0.8229 0.5682 0.0003
vn -0.7382 0.5095 0.4420
vn -1.0000 0.0007 0.0003
vn -0.8579 0.0007 0.5138
vn -0.8230 0.5681 0.0003
vn -0.8579 0.0006 0.5138
vn -0.4869 0.0006 0.8734
vn -0.7383 0.5094 0.4421
vn -0.0003 -1.0000 -0.0003
vn -0.4354 -0.9002 -0.0003
vn -0.3967 -0.8206 -0.4113
vn -0.0002 -0.8940 -0.4481
vn -0.4354 -0.9002 -0.0002
vn -0.8229 -0.5681 -0.0003
vn -1.0000 -0.0007 -0.0003
vn -0.8579 -0.0006 -0.5138
vn -0.8230 -0.5681 -0.0003
vn -0.8579 -0.0006 -0.5139
vn -0.4869 -0.0006 -0.8734
vn -0.7383 -0.5094 -0.4421
vn -0.0002 -0.5543 -0.8323
vn -0.4208 -0.5027 -0.7552
vn -0.4869 -0.0006 -0.8735
vn -0.0002 -0.5544 -0.8323
vn -0.0002 -0.8939 -0.4482
vn -0.7382 -0.5095 -0.4421
vn -0.0002 1.0000 -0.0003
vn -0.0002 0.8939 -0.4482
vn -0.4354 0.9002 -0.0002
vn -0.0002 0.5544 -0.8323
vn -0.4869 0.0006 -0.8734
vn -0.4208 0.5027 -0.7552
vn -0.0002 0.5543 -0.8323
vn -0.8579 0.0006 -0.5138
vn -0.7382 0.5095 -0.4421
vn -0.4208 0.5026 -0.7552
vn -1.0000 0.0007 -0.0003
vn -0.8230 0.5681 -0.0003
vn -0.7383 0.5094 -0.4420
vn -0.8229 0.5681 -0.0003
vn -0.4354 0.9002 -0.0003
vn 0.0002 -1.0000 0.0003
vn 0.4354 -0.9002 0.0002
vn 0.3967 -0.8206 0.4113
vn 0.0002 -0.8940 0.4482
vn 0.8229 -0.5681 0.0003
vn 0.7382 -0.5095 0.4420
vn 1.0000 -0.0007 0.0003
vn 0.8579 -0.0006 0.5138
vn 0.8230 -0.5681 0.0003
vn 0.8579 -0.0006 0.5139
vn 0.4869 -0.0006 0.8734
vn 0.7383 -0.5094 0.4421
vn 0.0002 -0.0008 1.0000
vn 0.0002 -0.5543 0.8323
vn 0.4208 -0.5027 0.7552
vn 0.4869 -0.0006 0.8735
vn 0.0002 -0.5544 0.8323
vn 0.0002 -0.8939 0.4482
vn 0.7382 -0.5095 0.4421
vn 0.0002 1.0000 0.0003
vn 0.0002 0.8939 0.4482
vn 0.3968 0.8207 0.4112
vn 0.4354 0.9002 0.0002
vn 0.0002 0.5544 0.8323
vn 0.0003 0.0007 1.0000
vn 0.4869 0.0006 0.8735
vn 0.0002 0.5543 0.8323
vn 0.4869 0.0006 0.8734
vn 0.8579 0.0006 0.5138
vn 0.7382 0.5095 0.4421
vn 1.0000 0.0007 0.0003
vn 0.8230 0.5681 0.0003
vn 0.8229 0.5681 0.0003
vn 0.4354 0.9002 0.0003
vn 0.0002 -1.0000 -0.0003
vn 0.0002 -0.8940 -0.4482
vn 0.4354 -0.9002 -0.0002
vn 0.0002 -0.8939 -0.4482
vn 0.0002 -0.5544 -0.8323
vn 0.4869 -0.0006 -0.8734
vn 0.4208 -0.5027 -0.7552
vn 0.0002 -0.5543 -0.8323
vn 0.4870 -0.0006 -0.8734
vn 0.8579 -0.0007 -0.5138
vn 0.4208 -0.5026 -0.7551
vn 1.0000 -0.0007 -0.0003
vn 0.8230 -0.5681 -0.0003
vn 0.8579 -0.0006 -0.5138
vn 0.8229 -0.5682 -0.0003
vn 0.4354 -0.9002 -0.0003
vn 0.0002 1.0000 -0.0003
vn 0.4354 0.9002 -0.0003
vn 0.3967 0.8206 -0.4113
vn 0.0002 0.8940 -0.4482
vn 0.4354 0.9002 -0.0002
vn 0.8229 0.5681 -0.0003
vn 1.0000 0.0007 -0.0003
vn 0.8579 0.0006 -0.5138
vn 0.8230 0.5681 -0.0003
vn 0.8579 0.0006 -0.5139
vn 0.4869 0.0006 -0.8734
vn 0.7383 0.5094 -0.4421
vn 0.0002 0.5543 -0.8323
vn 0.4208 0.5027 -0.7552
vn 0.4869 0.0006 -0.8735
vn 0.0002 0.5544 -0.8323
vn 0.0002 0.8939 -0.4482
vn 0.7382 0.5095 -0.4421
vn -0.0002 -0.8940 0.4482
vn -0.4348 -0.9005 0.0086
vn -0.4869 -0.0008 0.8735
vn -0.4869 -0.0008 0.8734
vn -0.8579 -0.0008 0.5138
vn -0.9999 -0.0010 0.0117
vn -0.8233 -0.5675 0.0095
vn -0.7383 -0.5094 0.4420
vn -0.8579 -0.0008 0.5137
vn -0.8233 -0.5675 0.0094
vn -0.4349 -0.9005 0.0087
vn -0.0003 0.0010 1.0000
vn -0.4869 0.0008 0.8735
vn -0.0002 0.8940 0.4482
vn -0.0003 1.0000 0.0098
vn -0.4349 0.9005 0.0087
vn -0.4349 0.9004 0.0086
vn -0.8233 0.5675 0.0095
vn -0.9999 0.0010 0.0117
vn -0.8579 0.0008 0.5138
vn -0.7383 0.5095 0.4421
vn -0.4348 -0.9005 -0.0087
vn -0.4349 -0.9004 -0.0087
vn -0.8233 -0.5675 -0.0095
vn -0.7382 -0.5095 -0.4420
vn -0.9999 -0.0010 -0.0117
vn -0.8579 -0.0008 -0.5138
vn -0.4869 -0.0008 -0.8734
vn -0.4209 -0.5027 -0.7551
vn -0.0003 -0.0010 -1.0000
vn -0.4868 -0.0008 -0.8735
vn -0.0002 0.8940 -0.4481
vn -0.4348 0.9005 -0.0086
vn -0.4869 0.0008 -0.8735
vn -0.4869 0.0008 -0.8734
vn -0.8579 0.0008 -0.5138
vn -0.9999 0.0010 -0.0117
vn -0.8233 0.5675 -0.0094
vn -0.8580 0.0008 -0.5137
vn -0.4349 0.9005 -0.0087
vn 0.4349 -0.9005 0.0087
vn 0.3967 -0.8207 0.4112
vn 0.0002 -0.8940 0.4481
vn 0.4349 -0.9004 0.0087
vn 0.8233 -0.5675 0.0095
vn 0.8579 -0.0008 0.5138
vn 0.4869 -0.0008 0.8734
vn 0.4209 -0.5027 0.7551
vn 0.0003 -0.0010 1.0000
vn 0.4868 -0.0008 0.8735
vn 0.4207 -0.5028 0.7551
vn 0.3967 0.8207 0.4112
vn 0.4348 0.9005 0.0087
vn 0.0002 0.0009 1.0000
vn 0.4869 0.0008 0.8735
vn 0.4869 0.0008 0.8734
vn 0.8579 0.0008 0.5138
vn 0.9999 0.0010 0.0117
vn 0.8233 0.5675 0.0095
vn 0.7383 0.5094 0.4420
vn 0.4349 0.9004 0.0087
vn 0.3967 -0.8207 -0.4112
vn 0.4349 -0.9005 -0.0087
vn 0.4869 -0.0008 -0.8735
vn 0.4869 -0.0008 -0.8734
vn 0.8579 -0.0008 -0.5138
vn 0.7382 -0.5095 -0.4421
vn 0.9999 -0.0010 -0.0117
vn 0.8233 -0.5675 -0.0095
vn 0.7383 -0.5094 -0.4420
vn 0.4349 -0.9004 -0.0087
vn 0.4348 0.9005 -0.0087
vn 0.3967 0.8207 -0.4112
vn 0.0002 0.8940 -0.4481
vn 0.4349 0.9004 -0.0087
vn 0.8233 0.5675 -0.0095
vn 0.7382 0.5095 -0.4420
vn 0.9999 0.0010 -0.0118
vn 0.8579 0.0008 -0.5138
vn 0.8579 0.0008 -0.5139
vn 0.4869 0.0008 -0.8735
vn 0.0003 0.0010 -1.0000
vn 0.4868 0.0008 -0.8735
vn -0.0020 -0.9997 0.0225
vn -0.0018 -0.8940 0.4481
vn -0.4280 -0.8971 0.1097
vn -0.0019 -0.5542 0.8324
vn -0.0024 -0.0040 1.0000
vn -0.4867 -0.0034 0.8735
vn -0.4868 -0.0034 0.8735
vn -0.8580 -0.0035 0.5137
vn -0.9996 -0.0042 0.0268
vn -0.8580 -0.0035 0.5136
vn -0.4281 -0.8971 0.1097
vn -0.0019 0.5542 0.8324
vn -0.4867 0.0034 0.8735
vn -0.0018 0.8940 0.4481
vn -0.0021 0.9997 0.0224
vn -0.4280 0.8971 0.1097
vn -0.0018 0.8940 0.4480
vn -0.9996 0.0042 0.0268
vn -0.8580 0.0035 0.5136
vn -0.8206 0.5588 0.1200
vn -0.8580 0.0035 0.5137
vn -0.4867 0.0035 0.8735
vn -0.0021 -0.9997 -0.0224
vn -0.4280 -0.8971 -0.1097
vn -0.0018 -0.8940 -0.4480
vn -0.9996 -0.0042 -0.0268
vn -0.8580 -0.0035 -0.5136
vn -0.8206 -0.5588 -0.1200
vn -0.8580 -0.0035 -0.5137
vn -0.4868 -0.0035 -0.8735
vn -0.0023 -0.0041 -1.0000
vn -0.0019 -0.5542 -0.8324
vn -0.4867 -0.0034 -0.8735
vn -0.0018 -0.8940 -0.4481
vn -0.0020 0.9997 -0.0225
vn -0.0018 0.8940 -0.4481
vn -0.4280 0.8971 -0.1097
vn -0.0019 0.5542 -0.8324
vn -0.0024 0.0040 -1.0000
vn -0.4867 0.0034 -0.8735
vn -0.4868 0.0034 -0.8735
vn -0.8580 0.0035 -0.5137
vn -0.9996 0.0042 -0.0268
vn -0.8580 0.0035 -0.5136
vn -0.4281 0.8971 -0.1097
vn 0.4280 -0.8971 0.1097
vn 0.0018 -0.8940 0.4480
vn 0.9996 -0.0041 0.0269
vn 0.8580 -0.0035 0.5136
vn 0.8580 -0.0035 0.5137
vn 0.4868 -0.0035 0.8735
vn 0.0024 -0.0041 1.0000
vn 0.0019 -0.5542 0.8324
vn 0.4867 -0.0034 0.8735
vn 0.0018 -0.8940 0.4481
vn 0.0018 0.8940 0.4481
vn 0.4280 0.8971 0.1097
vn 0.0019 0.5542 0.8324
vn 0.0024 0.0040 1.0000
vn 0.4867 0.0034 0.8735
vn 0.4868 0.0034 0.8735
vn 0.8580 0.0035 0.5137
vn 0.7383 0.5094 0.4421
vn 0.9996 0.0042 0.0268
vn 0.8580 0.0035 0.5136
vn 0.4281 0.8971 0.1097
vn 0.0018 -0.8940 -0.4481
vn 0.4280 -0.8971 -0.1097
vn 0.0019 -0.5542 -0.8324
vn 0.0024 -0.0040 -1.0000
vn 0.4867 -0.0035 -0.8735
vn 0.4868 -0.0034 -0.8735
vn 0.8580 -0.0035 -0.5137
vn 0.7383 -0.5094 -0.4421
vn 0.9996 -0.0042 -0.0268
vn 0.8580 -0.0035 -0.5136
vn 0.8206 -0.5589 -0.1199
vn 0.4281 -0.8971 -0.1097
vn 0.0021 0.9997 -0.0225
vn 0.4280 0.8971 -0.1097
vn 0.0018 0.8940 -0.4480
vn 0.9996 0.0041 -0.0269
vn 0.8580 0.0035 -0.5136
vn 0.8580 0.0035 -0.5137
vn 0.4868 0.0034 -0.8735
vn 0.0024 0.0041 -1.0000
vn 0.0019 0.5542 -0.8324
vn 0.4867 0.0034 -0.8735
vn 0.0018 0.8940 -0.4481
vn -0.0029 -0.9980 0.0632
vn -0.3968 -0.8207 0.4112
vn -0.0025 -0.8940 0.4480
vn -0.4864 -0.0087 0.8737
vn -0.0028 0.5542 0.8324
vn -0.3967 0.8207 0.4113
vn -0.8205 0.5589 0.1199
vn -0.8581 0.0089 0.5134
vn -0.3967 -0.8207 -0.4113
vn -0.8581 -0.0089 -0.5134
vn -0.0028 -0.5542 -0.8324
vn -0.0029 0.9980 -0.0632
vn -0.3968 0.8207 -0.4112
vn -0.0025 0.8940 -0.4480
vn -0.4864 0.0087 -0.8737
vn 0.3967 -0.8207 0.4113
vn 0.8581 -0.0089 0.5134
vn 0.0028 -0.5542 0.8324
vn 0.0029 0.9980 0.0632
vn 0.0025 0.8940 0.4480
vn 0.4864 0.0087 0.8737
vn 0.4209 0.5027 0.7551
vn 0.9971 0.0105 0.0754
vn 0.8205 0.5589 0.1200
vn 0.0029 -0.9980 -0.0632
vn 0.3968 -0.8207 -0.4112
vn 0.0025 -0.8940 -0.4480
vn 0.4864 -0.0087 -0.8737
vn 0.4209 -0.5027 -0.7551
vn 0.9971 -0.0105 -0.0754
vn 0.8205 -0.5589 -0.1200
vn 0.3967 0.8207 -0.4113
vn 0.8581 0.0089 -0.5134
vn 0.4209 0.5027 -0.7551
vn 0.0028 0.5542 -0.8324
vn -0.0018 -0.8940 0.4480
vn -0.0020 -0.5542 0.8324
vn -0.0023 0.0041 1.0000
vn -0.4867 0.0034 0.8736
vn -0.0019 0.5543 0.8323
vn -0.4868 0.0035 0.8735
vn -0.8579 -0.0035 -0.5137
vn -0.4868 -0.0034 -0.8735
vn -0.4867 -0.0034 -0.8736
vn -0.0019 -0.5543 -0.8323
vn -0.3967 0.8207 -0.4112
vn -0.0020 0.5542 -0.8324
vn 0.4281 -0.8971 0.1098
vn 0.4868 -0.0034 0.8735
vn 0.4867 0.0035 0.8735
vn 0.4281 0.8971 -0.1098
vn -0.7383 -0.5094 0.4421
vn -0.9971 -0.0105 0.0754
vn -0.0033 0.0102 0.9999
vn -0.0027 0.5541 0.8324
vn -0.4865 0.0087 0.8737
vn -0.0029 0.9980 0.0632
vn -0.0029 -0.9980 -0.0632
vn -0.0033 -0.0102 -0.9999
vn -0.0027 -0.5541 -0.8324
vn -0.4865 -0.0087 -0.8737
vn -0.7383 0.5094 -0.4421
vn -0.9971 0.0105 -0.0754
vn 0.0027 -0.5541 0.8324
vn 0.4865 -0.0087 0.8737
vn 0.8582 0.0089 0.5133
vn 0.8206 0.5589 0.1199
vn 0.4209 0.5028 0.7551
vn 0.8582 -0.0089 -0.5133
vn 0.4209 -0.5028 -0.7551
vn 0.0027 0.5541 -0.8324
vn 0.4865 0.0087 -0.8737
vn -0.0024 0.0041 1.0000
vn -0.4281 0.8971 0.1098
vn 0.8206 -0.5589 0.1199
vn 0.9996 -0.0042 0.0268
vn 0.4867 -0.0034 -0.8735
vn 0.9996 0.0042 -0.0268
vn 0.8206 0.5588 -0.1200
vn 0.4868 0.0035 -0.8735
vn -0.8582 -0.0089 0.5133
vn -0.8582 0.0089 -0.5133
vn -0.0024 -0.0041 1.0000
vn -0.4209 -0.5028 0.7551
vn -0.8206 -0.5589 -0.1199
vn -0.0024 -0.0041 -1.0000
vn -0.8206 0.5589 -0.1199
vn -0.0015 -0.8940 0.4481
vn -0.0016 -0.5542 0.8324
vn -0.4868 -0.0024 0.8735
vn -0.8579 -0.0024 0.5138
vn -0.9999 -0.0030 0.0163
vn -0.8580 -0.0024 0.5137
vn -0.8206 -0.5589 0.1199
vn -0.0020 0.0029 1.0000
vn -0.0017 0.5542 0.8324
vn -0.4868 0.0024 0.8735
vn -0.0016 0.5542 0.8323
vn -0.0015 0.8940 0.4481
vn -0.8580 0.0025 0.5137
vn -0.8579 0.0024 0.5138
vn -0.0015 -0.8940 -0.4481
vn -0.9999 -0.0029 -0.0164
vn -0.8580 -0.0025 -0.5137
vn -0.8579 -0.0024 -0.5138
vn -0.4868 -0.0024 -0.8735
vn -0.0017 -0.5542 -0.8324
vn -0.0016 -0.5542 -0.8324
vn -0.0017 0.9999 -0.0137
vn -0.0015 0.8940 -0.4481
vn -0.0016 0.5542 -0.8324
vn -0.4868 0.0024 -0.8735
vn -0.8579 0.0024 -0.5138
vn -0.8580 0.0024 -0.5137
vn 0.0015 -0.8940 0.4481
vn 0.8580 -0.0025 0.5137
vn 0.8579 -0.0024 0.5138
vn 0.4868 -0.0024 0.8735
vn 0.0020 -0.0029 1.0000
vn 0.0017 -0.5542 0.8324
vn 0.0016 -0.5543 0.8323
vn 0.0015 0.8940 0.4481
vn 0.0016 0.5543 0.8323
vn 0.4868 0.0024 0.8735
vn 0.0016 0.5542 0.8324
vn 0.8580 0.0025 0.5137
vn 0.0015 -0.8940 -0.4481
vn 0.0016 -0.5543 -0.8323
vn 0.4868 -0.0024 -0.8735
vn 0.0016 -0.5542 -0.8324
vn 0.8580 -0.0025 -0.5137
vn 0.0015 0.8940 -0.4481
vn 0.8580 0.0025 -0.5137
vn 0.8579 0.0024 -0.5138
vn 0.4868 0.0024 -0.8735
vn 0.0017 0.5542 -0.8324
vn 0.0016 0.5543 -0.8323
vn -0.0132 -0.9999 0.0004
vn -0.1052 -0.8914 0.4408
vn -0.4354 -0.9003 0.0003
vn -0.1052 -0.8914 0.4409
vn -0.1130 -0.5456 0.8304
vn -0.4868 -0.0026 0.8735
vn -0.4208 -0.5027 0.7552
vn -0.1130 -0.5455 0.8304
vn -0.8580 -0.0026 0.5137
vn -0.8230 -0.5681 0.0004
vn -0.8229 -0.5681 0.0003
vn -0.1130 0.5456 0.8304
vn -0.4867 0.0026 0.8735
vn -0.1052 0.8914 0.4409
vn -0.1052 0.8914 0.4408
vn -0.8580 0.0026 0.5137
vn -0.8230 0.5681 0.0004
vn -0.4868 0.0026 0.8735
vn -0.1052 -0.8914 -0.4408
vn -0.8580 -0.0026 -0.5137
vn -0.8579 -0.0026 -0.5137
vn -0.4868 -0.0026 -0.8735
vn -0.1130 -0.5456 -0.8304
vn -0.1052 -0.8914 -0.4409
vn -0.0132 0.9999 -0.0004
vn -0.1052 0.8914 -0.4408
vn -0.1052 0.8914 -0.4409
vn -0.1130 0.5456 -0.8304
vn -0.4868 0.0026 -0.8735
vn -0.4869 0.0026 -0.8735
vn -0.8580 0.0026 -0.5137
vn -0.8229 0.5682 -0.0003
vn 0.4354 -0.9002 0.0003
vn 0.1052 -0.8914 0.4408
vn 0.8230 -0.5681 0.0004
vn 0.8580 -0.0026 0.5137
vn 0.8230 -0.5680 0.0003
vn 0.8579 -0.0026 0.5138
vn 0.4868 -0.0026 0.8735
vn 0.1130 -0.5456 0.8304
vn 0.4868 -0.0025 0.8735
vn 0.1052 -0.8914 0.4409
vn 0.0132 0.9999 0.0004
vn 0.1052 0.8914 0.4408
vn 0.1052 0.8914 0.4409
vn 0.1130 0.5456 0.8304
vn 0.4868 0.0025 0.8735
vn 0.4208 0.5027 0.7552
vn 0.4868 0.0026 0.8735
vn 0.8579 0.0026 0.5138
vn 0.8230 0.5681 0.0004
vn 0.8580 0.0026 0.5137
vn 0.0131 -0.9999 -0.0004
vn 0.1052 -0.8914 -0.4408
vn 0.4353 -0.9003 -0.0003
vn 0.1052 -0.8914 -0.4409
vn 0.1129 -0.5456 -0.8304
vn 0.4868 -0.0026 -0.8735
vn 0.1130 -0.5455 -0.8304
vn 0.8579 -0.0026 -0.5138
vn 0.8580 -0.0026 -0.5137
vn 0.8229 -0.5681 -0.0003
vn 0.1052 0.8914 -0.4408
vn 0.4355 0.9002 -0.0003
vn 0.8229 0.5681 -0.0004
vn 0.8580 0.0026 -0.5137
vn 0.8579 0.0026 -0.5138
vn 0.4868 0.0026 -0.8735
vn 0.1130 0.5456 -0.8304
vn 0.4868 0.0025 -0.8735
vn 0.1130 0.5457 -0.8304
vn 0.1052 0.8914 -0.4409
vn -0.4868 -0.0025 0.8735
vn -0.8580 -0.0026 0.5136
vn -0.8229 -0.5682 0.0003
vn -0.1130 0.5455 0.8304
vn -0.4355 0.9002 0.0003
vn -0.8229 0.5681 0.0003
vn -0.4207 0.5027 -0.7552
vn -0.1130 0.5455 -0.8304
vn 0.8579 -0.0026 0.5137
vn 0.1130 -0.5455 0.8305
vn 0.8580 0.0026 0.5136
vn 0.1130 -0.5456 -0.8304
vn 0.8579 -0.0026 -0.5137
vn 0.4208 -0.5026 -0.7552
vn -0.3967 -0.8207 0.4113
vn -0.8579 -0.0026 0.5137
vn -0.8579 0.0026 0.5137
vn -0.1129 0.5456 -0.8304
vn -0.8229 0.5681 -0.0004
vn 0.8229 -0.5681 0.0004
vn 0.1130 -0.5455 0.8304
vn 0.8579 0.0026 0.5137
vn 0.8229 0.5682 0.0003
vn -0.1129 0.5456 0.8304
vn -0.4868 0.0025 0.8735
vn -0.1129 -0.5456 -0.8304
vn -0.4868 -0.0025 -0.8735
vn 0.4355 -0.9002 0.0003
vn 0.4354 -0.9003 -0.0003
vn 0.4869 -0.0025 -0.8735
vn 0.1129 0.5456 -0.8304
vn -0.1129 -0.5456 0.8304
vn -0.1129 0.5455 0.8304
vn -0.8579 0.0026 0.5138
vn -0.4208 -0.5026 -0.7552
vn -0.4869 0.0025 -0.8735
vn -0.8579 0.0026 -0.5137
vn 0.4869 0.0025 0.8735
vn 0.4355 0.9002 0.0003
vn 0.8579 0.0026 -0.5137
vn -1.0000 -0.0032 0.0004
vn 0.1129 0.5456 0.8304
vn 0.8229 0.5681 0.0004
vn 0.8229 -0.5681 -0.0004
vn -0.8230 -0.5681 -0.0004
vn 0.1130 0.5455 0.8304
vn 0.4869 0.0026 0.8735
vn 0.8230 -0.5681 -0.0004
vn 0.8580 0.0027 -0.5137
vn -0.8229 0.5681 0.0004
vn -0.8229 -0.5681 -0.0004
vn -0.7382 0.5094 -0.4421
vn -0.8230 0.5681 -0.0004
vn 0.4869 -0.0026 -0.8735
vn 0.4869 0.0026 -0.8735
vn -0.1130 -0.5455 -0.8304
vn -0.4354 0.9003 -0.0003
vn 0.4867 -0.0026 0.8735
vn 0.0132 -0.9999 -0.0004
vn 0.1130 0.5455 -0.8304
vn -0.1129 -0.5455 -0.8304
vn -0.4869 -0.0026 -0.8735
vn -0.8580 -0.0027 0.5137
vn 0.8580 0.0027 0.5137
vn 0.3968 0.8206 -0.4114
vn -0.8580 -0.0027 -0.5137
vn -0.3968 -0.8207 -0.4112
vn -0.4209 0.5027 -0.7551
vn -0.0034 -0.0101 0.9999
vn -0.0034 0.0101 0.9999
vn -0.8581 -0.0088 0.5134
vn -0.8582 -0.0088 0.5133
vn -0.8582 0.0088 0.5133
vn -0.9971 0.0104 0.0754
vn -0.0034 0.0101 -0.9999
vn -0.0034 -0.0101 -0.9999
vn -0.8581 0.0088 -0.5134
vn -0.8582 0.0088 -0.5133
vn -0.8582 -0.0088 -0.5133
vn -0.9971 -0.0104 -0.0754
vn 0.0027 -0.5542 -0.8324
vn 0.0029 0.9980 -0.0632
vn -0.0027 0.5542 -0.8324
vn 0.9971 0.0104 -0.0754
vn 0.8582 -0.0088 -0.5133
vn 0.8582 0.0088 -0.5133
vn 0.8581 -0.0088 -0.5134
vn 0.0034 -0.0101 -0.9999
vn 0.0034 0.0101 -0.9999
vn 0.9971 -0.0105 0.0753
vn 0.9971 0.0105 -0.0753
vn 0.0034 0.0101 0.9999
vn 0.0034 -0.0101 0.9999
vn 0.8581 0.0088 0.5134
vn 0.8582 0.0088 0.5133
vn 0.8582 -0.0088 0.5133
vn 0.9971 -0.0104 0.0754
vn 0.0029 -0.9980 0.0632
vn -0.0027 -0.5542 0.8324
vn 0.0027 0.5542 0.8324
vn -0.4354 -0.9003 -0.0002
vn -0.4355 -0.9002 -0.0002
vn -0.4355 -0.9002 0.0002
vn -0.8229 -0.5681 -0.0002
vn -0.8230 -0.5681 -0.0002
vn -0.4869 -0.0006 0.8735
vn -0.8579 0.0006 0.5139
vn -0.8579 -0.0006 0.5139
vn -1.0000 0.0007 0.0004
vn -1.0000 -0.0007 0.0004
vn -0.4354 0.9003 -0.0002
vn -0.4354 0.9003 0.0002
vn -0.4355 0.9002 0.0002
vn -0.4355 0.9002 -0.0002
vn -0.8229 0.5681 -0.0002
vn -0.8229 0.5681 0.0002
vn -0.8230 0.5681 0.0002
vn -0.8230 0.5681 -0.0002
vn -0.0003 0.0007 -1.0000
vn -0.0003 -0.0007 -1.0000
vn -0.4869 0.0006 -0.8735
vn -0.4870 0.0006 -0.8734
vn -0.4870 -0.0006 -0.8734
vn -0.8579 0.0006 -0.5139
vn -1.0000 -0.0007 -0.0004
vn -1.0000 0.0007 -0.0004
vn -0.0002 -1.0000 -0.0003
vn -0.0002 -0.8940 -0.4482
vn -0.0002 -0.0008 -1.0000
vn 0.0002 -0.0008 -1.0000
vn -0.0002 0.8940 -0.4482
vn 0.0002 0.0008 -1.0000
vn -0.0002 0.0008 -1.0000
vn 1.0000 0.0007 -0.0004
vn 1.0000 -0.0007 -0.0004
vn 0.8579 -0.0006 -0.5139
vn 0.4870 0.0006 -0.8734
vn 0.4869 -0.0006 -0.8735
vn 0.0003 -0.0007 -1.0000
vn 0.0003 0.0007 -1.0000
vn 0.4354 -0.9003 -0.0002
vn 0.4354 -0.9003 0.0002
vn 0.4355 -0.9002 0.0002
vn 0.4355 -0.9002 -0.0002
vn 0.8229 -0.5681 -0.0002
vn 0.8229 -0.5681 0.0002
vn 0.8230 -0.5681 0.0002
vn 0.4354 0.9003 0.0002
vn 0.4354 0.9003 -0.0002
vn 0.4355 0.9002 -0.0002
vn 0.4355 0.9002 0.0002
vn 0.8229 0.5681 0.0002
vn 0.8229 0.5681 -0.0002
vn 0.8230 0.5681 -0.0002
vn 0.8579 0.0006 0.5139
vn 1.0000 -0.0007 0.0004
vn 1.0000 0.0007 0.0004
vn 0.0001 -0.8939 0.4482
vn -0.0002 -0.5544 0.8323
vn 0.0002 0.8940 0.4482
vn -0.0001 0.8939 0.4482
vn -0.4349 -0.9004 -0.0086
vn -0.4349 -0.9004 0.0086
vn -0.8233 -0.5675 -0.0094
vn -0.4868 0.0008 0.8735
vn -0.4868 -0.0007 0.8735
vn -0.4869 0.0008 0.8734
vn -0.4348 0.9005 0.0087
vn -0.4349 0.9004 -0.0086
vn -0.8233 0.5675 0.0094
vn -0.8233 0.5675 -0.0095
vn -0.4868 0.0008 -0.8735
vn 0.0002 -0.8940 -0.4481
vn -0.0002 -0.0009 -1.0000
vn 0.0002 -0.0009 -1.0000
vn 0.0002 0.0009 -1.0000
vn -0.0002 0.0009 -1.0000
vn 0.8579 -0.0008 -0.5139
vn 0.4869 0.0008 -0.8734
vn 0.4348 -0.9005 -0.0086
vn 0.4348 -0.9005 0.0087
vn 0.4349 -0.9004 0.0086
vn 0.4349 -0.9004 -0.0086
vn 0.8233 -0.5675 -0.0094
vn 0.8233 -0.5675 0.0094
vn 0.9999 -0.0010 0.0117
vn 0.4348 0.9005 0.0086
vn 0.4349 0.9004 -0.0086
vn 0.4349 0.9004 0.0086
vn 0.8233 0.5675 0.0094
vn 0.8233 0.5675 -0.0094
vn 0.9999 0.0010 -0.0117
vn 0.4869 -0.0008 0.8735
vn 0.8579 -0.0008 0.5139
vn 0.8579 0.0008 0.5139
vn -0.0002 -0.8940 0.4481
vn 0.0002 -0.0010 1.0000
vn -0.0002 -0.0010 1.0000
vn 0.0002 0.8940 0.4481
vn -0.0002 0.0010 1.0000
vn 0.0002 0.0010 1.0000
vn -0.0021 -0.9997 0.0224
vn -0.0024 0.0040 1.0000
vn -0.4867 -0.0034 0.8736
vn -0.4868 0.0034 0.8735
vn -0.9996 0.0041 0.0269
vn -0.9996 -0.0041 0.0269
vn -0.0021 0.9997 -0.0224
vn -0.0024 -0.0040 -1.0000
vn -0.4867 0.0034 -0.8736
vn -0.9996 -0.0041 -0.0269
vn -0.9996 0.0041 -0.0269
vn 0.0020 -0.9997 -0.0225
vn -0.0020 -0.9997 -0.0225
vn 0.0018 -0.8940 -0.4480
vn 0.0023 -0.0041 -1.0000
vn 0.0020 0.9997 -0.0225
vn -0.0018 0.8940 -0.4480
vn -0.0019 0.5543 -0.8323
vn 0.0023 0.0041 -1.0000
vn -0.0023 0.0041 -1.0000
vn 0.4867 0.0034 -0.8736
vn 0.4867 -0.0034 -0.8736
vn 0.0024 0.0040 -1.0000
vn 0.0021 -0.9997 0.0224
vn 0.0021 -0.9997 -0.0224
vn 0.0021 0.9997 -0.0224
vn 0.0021 0.9997 0.0224
vn 0.0024 -0.0040 1.0000
vn 0.4867 -0.0034 0.8736
vn 0.4867 0.0034 0.8736
vn 0.0020 -0.9997 0.0225
vn 0.0019 -0.5543 0.8323
vn -0.0019 -0.5543 0.8323
vn 0.0023 -0.0041 1.0000
vn -0.0023 -0.0041 1.0000
vn 0.0020 0.9997 0.0225
vn -0.0020 0.9997 0.0225
vn 0.0018 0.8940 0.4480
vn 0.0019 0.5543 0.8323
vn 0.0023 0.0041 1.0000
vn -0.8581 -0.0088 0.5133
vn -0.8581 0.0088 0.5133
vn -0.8581 0.0088 -0.5133
vn -0.8581 -0.0088 -0.5133
vn 0.8581 -0.0088 -0.5133
vn 0.8581 0.0088 -0.5133
vn 0.8581 0.0088 0.5133
vn 0.8581 -0.0088 0.5133
vn -0.9996 0.0042 -0.0269
vn 0.0019 -0.5543 -0.8323
vn 0.0019 0.5543 -0.8323
vn -0.0018 -0.9999 -0.0136
vn -0.0018 -0.9999 0.0136
vn -0.4869 -0.0024 0.8735
vn -0.4869 0.0024 0.8735
vn -0.8580 0.0024 0.5137
vn -0.0018 0.9999 0.0136
vn -0.0018 0.9999 -0.0136
vn -0.4869 0.0024 -0.8735
vn -0.4869 -0.0024 -0.8735
vn -0.8580 -0.0024 -0.5137
vn -0.0017 -0.9999 -0.0137
vn -0.0016 -0.5543 -0.8323
vn -0.0016 0.5543 -0.8323
vn 0.0016 0.5542 -0.8324
vn 0.8580 -0.0024 -0.5137
vn 0.8580 0.0024 -0.5137
vn 0.8579 -0.0024 -0.5138
vn 0.0018 -0.9999 0.0136
vn 0.0018 -0.9999 -0.0136
vn 0.0018 0.9999 -0.0136
vn 0.0018 0.9999 0.0136
vn 0.8579 0.0024 0.5138
vn 0.8580 0.0024 0.5137
vn 0.8580 -0.0024 0.5137
vn -0.0016 -0.5543 0.8323
vn 0.0016 -0.5542 0.8324
vn -0.0016 0.5543 0.8323
vn -0.0016 0.5542 0.8324
vn -0.4867 0.0025 0.8735
vn -0.4867 -0.0025 0.8735
vn -0.4355 0.9002 -0.0003
vn -1.0000 0.0032 -0.0004
vn -1.0000 0.0032 0.0004
vn -0.4868 0.0025 -0.8735
vn -0.4869 -0.0025 -0.8735
vn -0.8580 0.0026 -0.5136
vn -0.8580 -0.0026 -0.5136
vn -0.0131 -0.9999 -0.0004
vn -0.0151 -0.0030 -0.9999
vn -0.0131 0.9999 -0.0004
vn 0.0131 0.9999 -0.0004
vn 0.0151 0.0030 -0.9999
vn 0.4869 0.0025 -0.8735
vn 0.4868 -0.0025 -0.8735
vn 0.8229 0.5682 -0.0003
vn 1.0000 0.0032 0.0004
vn 1.0000 0.0032 -0.0004
vn -0.0131 -0.9999 0.0004
vn 0.0131 -0.9999 0.0004
vn -0.1129 -0.5455 0.8304
vn 0.1129 -0.5455 0.8304
vn 0.0151 -0.0030 0.9999
vn 0.0131 0.9999 0.0004
vn -0.0131 0.9999 0.0004
vn 0.1129 0.5455 0.8304
vn -0.0151 0.0030 0.9999
vn 0.8580 -0.0026 -0.5136
vn 0.8580 0.0026 -0.5136
vn -0.8579 -0.0026 -0.5138
vn -0.8579 0.0026 -0.5138
vn 0.1051 0.8914 -0.4409
vn -0.4354 -0.9003 -0.0003
vn -0.8230 -0.5680 -0.0003
vn -0.8230 -0.5680 0.0003
vn 0.1129 -0.5455 -0.8304
vn -0.1129 0.5455 -0.8304
vn 0.1129 0.5455 -0.8304
vn 0.4354 -0.9003 0.0003
vn 0.8230 -0.5680 -0.0003
vn 0.4867 -0.0025 0.8735
vn 1.0000 -0.0031 0.0005
vn 1.0000 0.0031 0.0005
vn -1.0000 0.0031 0.0005
vn -1.0000 -0.0031 0.0005
vn -1.0000 -0.0032 -0.0004
vn 0.0131 -0.9999 -0.0003
vn -0.0131 -0.9999 -0.0003
vn 0.1051 -0.8914 -0.4408
vn 0.1129 -0.5455 -0.8305
vn -0.0131 0.9999 -0.0003
vn 0.0131 0.9999 -0.0003
vn -0.1129 0.5455 -0.8305
vn 1.0000 -0.0032 -0.0004
vn 1.0000 -0.0032 0.0004
vn -0.8579 -0.0026 0.5138
vt 0.390000 0.756250
vt 0.610000 0.756250
vt 0.610000 0.993750
vt 0.390000 0.993750
vt 0.390000 0.575000
vt 0.610000 0.575000
vt 0.610000 0.675000
vt 0.390000 0.675000
vt 0.125441 0.500547
vt 0.374559 0.500547
vt 0.374559 0.749453
vt 0.125441 0.749453
vt 0.631250 0.575000
vt 0.868750 0.575000
vt 0.868750 0.675000
vt 0.631250 0.675000
vt 0.390000 0.075000
vt 0.610000 0.075000
vt 0.610000 0.175000
vt 0.390000 0.175000
vt 0.390000 0.256250
vt 0.610000 0.256250
vt 0.610000 0.493750
vt 0.390000 0.493750
vt 0.376103 0.750441
vt 0.623897 0.750441
vt 0.623897 0.999559
vt 0.376103 0.999559
vt 0.376103 0.500547
vt 0.623897 0.500547
vt 0.623897 0.749453
vt 0.376103 0.749453
vt 0.125460 0.518750
vt 0.374540 0.518750
vt 0.374540 0.731250
vt 0.125460 0.731250
vt 0.625441 0.500547
vt 0.874559 0.500547
vt 0.874559 0.749453
vt 0.625441 0.749453
vt 0.376103 0.000547
vt 0.623897 0.000547
vt 0.623897 0.249453
vt 0.376103 0.249453
vt 0.376103 0.250441
vt 0.623897 0.250441
vt 0.623897 0.499559
vt 0.376103 0.499559
vt 0.376442 0.750460
vt 0.623558 0.750460
vt 0.623558 0.999540
vt 0.376442 0.999540
vt 0.376442 0.518750
vt 0.623558 0.518750
vt 0.623558 0.731250
vt 0.376442 0.731250
vt 0.129412 0.537500
vt 0.370588 0.537500
vt 0.370588 0.712500
vt 0.129412 0.712500
vt 0.625460 0.518750
vt 0.874540 0.518750
vt 0.874540 0.731250
vt 0.625460 0.731250
vt 0.376442 0.018750
vt 0.623558 0.018750
vt 0.623558 0.231250
vt 0.376442 0.231250
vt 0.376442 0.250460
vt 0.623558 0.250460
vt 0.623558 0.499540
vt 0.376442 0.499540
vt 0.381250 0.754412
vt 0.618750 0.754412
vt 0.618750 0.995588
vt 0.381250 0.995588
vt 0.381250 0.537500
vt 0.618750 0.537500
vt 0.618750 0.712500
vt 0.381250 0.712500
vt 0.131250 0.575000
vt 0.368750 0.575000
vt 0.368750 0.675000
vt 0.131250 0.675000
vt 0.629412 0.537500
vt 0.870588 0.537500
vt 0.870588 0.712500
vt 0.629412 0.712500
vt 0.381250 0.037500
vt 0.618750 0.037500
vt 0.618750 0.212500
vt 0.381250 0.212500
vt 0.381250 0.254412
vt 0.618750 0.254412
vt 0.618750 0.495588
vt 0.381250 0.495588
vt 0.610000 0.756250
vt 0.610000 0.993750
vt 0.390000 0.993750
vt 0.129412 0.537500
vt 0.129412 0.712500
vt 0.868750 0.575000
vt 0.868750 0.675000
vt 0.390000 0.256250
vt 0.610000 0.256250
vt 0.610000 0.493750
vt 0.390000 0.493750
vt 0.618750 0.995588
vt 0.381250 0.995588
vt 0.131250 0.575000
vt 0.368750 0.575000
vt 0.368750 0.675000
vt 0.131250 0.675000
vt 0.870588 0.537500
vt 0.870588 0.712500
vt 0.381250 0.254412
vt 0.618750 0.254412
vt 0.390000 0.756250
vt 0.610000 0.756250
vt 0.129412 0.537500
vt 0.370588 0.712500
vt 0.129412 0.712500
vt 0.868750 0.575000
vt 0.868750 0.675000
vt 0.390000 0.256250
vt 0.610000 0.256250
vt 0.610000 0.493750
vt 0.390000 0.493750
vt 0.381250 0.754412
vt 0.618750 0.754412
vt 0.618750 0.995588
vt 0.381250 0.995588
vt 0.131250 0.575000
vt 0.368750 0.575000
vt 0.368750 0.675000
vt 0.131250 0.675000
vt 0.870588 0.537500
vt 0.870588 0.712500
vt 0.629412 0.712500
vt 0.381250 0.254412
vt 0.618750 0.254412
vt 0.381250 0.495588
vt 0.390000 0.756250
vt 0.610000 0.993750
vt 0.390000 0.993750
vt 0.129412 0.537500
vt 0.129412 0.712500
vt 0.868750 0.575000
vt 0.868750 0.675000
vt 0.631250 0.675000
vt 0.390000 0.256250
vt 0.610000 0.256250
vt 0.390000 0.493750
vt 0.618750 0.995588
vt 0.128750 0.525000
vt 0.371250 0.525000
vt 0.371250 0.725000
vt 0.128750 0.725000
vt 0.870588 0.537500
vt 0.870588 0.712500
vt 0.381250 0.254412
vt 0.379412 0.753750
vt 0.620588 0.753750
vt 0.620588 0.996250
vt 0.379412 0.996250
vt 0.379412 0.525000
vt 0.620588 0.525000
vt 0.620588 0.725000
vt 0.379412 0.725000
vt 0.150000 0.500690
vt 0.350000 0.500690
vt 0.350000 0.749310
vt 0.150000 0.749310
vt 0.628750 0.525000
vt 0.871250 0.525000
vt 0.871250 0.725000
vt 0.628750 0.725000
vt 0.379412 0.025000
vt 0.620588 0.025000
vt 0.620588 0.225000
vt 0.379412 0.225000
vt 0.379412 0.253750
vt 0.620588 0.253750
vt 0.620588 0.496250
vt 0.379412 0.496250
vt 0.379687 0.775000
vt 0.620313 0.775000
vt 0.620313 0.975000
vt 0.379687 0.975000
vt 0.379687 0.500690
vt 0.620312 0.500690
vt 0.620312 0.749310
vt 0.379687 0.749310
vt 0.650000 0.500690
vt 0.850000 0.500690
vt 0.850000 0.749310
vt 0.650000 0.749310
vt 0.379687 0.000690
vt 0.620312 0.000690
vt 0.620312 0.249310
vt 0.379687 0.249310
vt 0.379687 0.275000
vt 0.620313 0.275000
vt 0.620313 0.475000
vt 0.379687 0.475000
vt 0.150000 0.500690
vt 0.350000 0.500690
vt 0.350000 0.749310
vt 0.150000 0.749310
vt 0.379687 0.775000
vt 0.620312 0.775000
vt 0.620312 0.975000
vt 0.379687 0.975000
vt 0.650000 0.500690
vt 0.850000 0.500690
vt 0.850000 0.749310
vt 0.650000 0.749310
vt 0.379687 0.275000
vt 0.620312 0.275000
vt 0.620312 0.475000
vt 0.379687 0.475000
vt 0.150000 0.500690
vt 0.350000 0.500690
vt 0.350000 0.749310
vt 0.150000 0.749310
vt 0.379687 0.775000
vt 0.620313 0.775000
vt 0.620312 0.975000
vt 0.379687 0.975000
vt 0.150000 0.500690
vt 0.350000 0.500690
vt 0.350000 0.749310
vt 0.150000 0.749310
vt 0.650000 0.500690
vt 0.850000 0.500690
vt 0.850000 0.749310
vt 0.650000 0.749310
vt 0.379687 0.275000
vt 0.620313 0.275000
vt 0.620312 0.475000
vt 0.379687 0.475000
vt 0.379687 0.775000
vt 0.620312 0.775000
vt 0.620312 0.975000
vt 0.379687 0.975000
vt 0.150000 0.500690
vt 0.150000 0.749310
vt 0.850000 0.749310
vt 0.650000 0.749310
vt 0.379687 0.275000
vt 0.620312 0.275000
vt 0.620312 0.475000
vt 0.379687 0.475000
vt 0.379687 0.775000
vt 0.620312 0.975000
vt 0.379687 0.975000
vt 0.150000 0.500690
vt 0.650000 0.500690
vt 0.850000 0.749310
vt 0.650000 0.749310
vt 0.379687 0.275000
vt 0.620313 0.275000
vt 0.620312 0.475000
vt 0.379687 0.475000
vt 0.620312 0.775000
vt 0.620312 0.975000
vt 0.150000 0.500690
vt 0.350000 0.500690
vt 0.350000 0.749310
vt 0.150000 0.749310
vt 0.650000 0.500690
vt 0.620312 0.475000
vt 0.850000 0.500690
vt 0.379687 0.275000
vt 0.620312 0.275000
vt 0.131250 0.675000
vt 0.131250 0.712451
vt 0.128261 0.710866
vt 0.128129 0.675000
vt 0.131250 0.750000
vt 0.128261 0.750000
vt 0.390000 1.000000
vt 0.375000 0.996739
vt 0.375000 0.993750
vt 0.390000 0.000000
vt 0.390000 0.037549
vt 0.375000 0.039134
vt 0.375000 0.000000
vt 0.375000 0.075000
vt 0.125000 0.675000
vt 0.125000 0.710866
vt 0.617490 0.993750
vt 0.617173 0.996739
vt 0.610000 1.000000
vt 0.625000 0.993750
vt 0.625000 0.996739
vt 0.875000 0.675000
vt 0.871739 0.750000
vt 0.868750 0.750000
vt 0.625000 0.075000
vt 0.617490 0.075000
vt 0.617173 0.039134
vt 0.625000 0.000000
vt 0.610000 0.037549
vt 0.610000 0.000000
vt 0.617173 0.019753
vt 0.617173 0.998354
vt 0.131250 0.575000
vt 0.128129 0.575000
vt 0.128261 0.539134
vt 0.131250 0.537549
vt 0.125000 0.575000
vt 0.125000 0.539134
vt 0.390000 0.212451
vt 0.375000 0.210866
vt 0.375000 0.175000
vt 0.390000 0.253129
vt 0.375000 0.253261
vt 0.375000 0.256250
vt 0.131250 0.500000
vt 0.128261 0.500000
vt 0.868750 0.500000
vt 0.871739 0.500000
vt 0.875000 0.575000
vt 0.625000 0.256250
vt 0.617490 0.256250
vt 0.617173 0.253261
vt 0.625000 0.253261
vt 0.610000 0.253129
vt 0.610000 0.212451
vt 0.617173 0.210866
vt 0.617490 0.175000
vt 0.625000 0.175000
vt 0.625000 0.250000
vt 0.617173 0.251646
vt 0.368750 0.675000
vt 0.371871 0.675000
vt 0.371739 0.710866
vt 0.368750 0.712451
vt 0.382510 0.675000
vt 0.382827 0.710866
vt 0.390000 0.712451
vt 0.390000 0.753129
vt 0.375000 0.753261
vt 0.375000 0.756250
vt 0.368750 0.750000
vt 0.371739 0.750000
vt 0.373354 0.710866
vt 0.631250 0.750000
vt 0.628261 0.750000
vt 0.628129 0.675000
vt 0.625000 0.756250
vt 0.617490 0.756250
vt 0.617173 0.753261
vt 0.625000 0.753261
vt 0.610000 0.753129
vt 0.610000 0.712451
vt 0.617173 0.710866
vt 0.617490 0.675000
vt 0.617173 0.751646
vt 0.368750 0.575000
vt 0.368750 0.537549
vt 0.371739 0.539134
vt 0.371871 0.575000
vt 0.368750 0.500000
vt 0.371739 0.500000
vt 0.390000 0.496871
vt 0.375000 0.496739
vt 0.375000 0.493750
vt 0.390000 0.537549
vt 0.382827 0.539134
vt 0.382510 0.575000
vt 0.373354 0.539134
vt 0.628129 0.575000
vt 0.628261 0.539134
vt 0.631250 0.500000
vt 0.617490 0.575000
vt 0.617173 0.539134
vt 0.610000 0.537549
vt 0.610000 0.496871
vt 0.617173 0.496739
vt 0.617490 0.493750
vt 0.625000 0.493750
vt 0.621050 0.496739
vt 0.621050 0.539134
vt 0.617173 0.519753
vt 0.125441 0.749726
vt 0.125230 0.749714
vt 0.125221 0.749453
vt 0.125441 0.750000
vt 0.125230 0.750000
vt 0.376103 1.000000
vt 0.375000 0.999770
vt 0.375000 0.999559
vt 0.376103 0.000000
vt 0.376103 0.000274
vt 0.375000 0.000286
vt 0.375000 0.000547
vt 0.125000 0.749453
vt 0.125000 0.749714
vt 0.624448 0.999559
vt 0.624425 0.999770
vt 0.623897 1.000000
vt 0.625000 0.999559
vt 0.625000 0.999770
vt 0.875000 0.749453
vt 0.874770 0.750000
vt 0.874559 0.750000
vt 0.625000 0.000547
vt 0.624448 0.000547
vt 0.624425 0.000286
vt 0.623897 0.000274
vt 0.623897 0.000000
vt 0.624425 0.000144
vt 0.624425 0.999884
vt 0.125221 0.500547
vt 0.125230 0.500286
vt 0.125441 0.500274
vt 0.125000 0.500547
vt 0.125000 0.500286
vt 0.376103 0.249726
vt 0.375000 0.249714
vt 0.375000 0.249453
vt 0.376103 0.250221
vt 0.375000 0.250230
vt 0.375000 0.250441
vt 0.125441 0.500000
vt 0.125230 0.500000
vt 0.874559 0.500000
vt 0.874770 0.500000
vt 0.875000 0.500547
vt 0.625000 0.250441
vt 0.624448 0.250441
vt 0.624424 0.250230
vt 0.625000 0.250230
vt 0.623897 0.250221
vt 0.623897 0.249726
vt 0.624425 0.249714
vt 0.624448 0.249453
vt 0.625000 0.249453
vt 0.624424 0.250116
vt 0.374779 0.749453
vt 0.374770 0.749714
vt 0.374559 0.749726
vt 0.375552 0.749453
vt 0.375576 0.749714
vt 0.376103 0.749726
vt 0.376103 0.750221
vt 0.375000 0.750230
vt 0.375000 0.750441
vt 0.374559 0.750000
vt 0.374770 0.750000
vt 0.374884 0.749714
vt 0.625441 0.750000
vt 0.625230 0.750000
vt 0.625221 0.749453
vt 0.625000 0.750441
vt 0.624448 0.750441
vt 0.624424 0.750230
vt 0.625000 0.750230
vt 0.623897 0.750221
vt 0.623897 0.749726
vt 0.624425 0.749714
vt 0.624448 0.749453
vt 0.624424 0.750116
vt 0.374559 0.500274
vt 0.374770 0.500286
vt 0.374779 0.500547
vt 0.374559 0.500000
vt 0.374770 0.500000
vt 0.376103 0.499779
vt 0.375000 0.499770
vt 0.375000 0.499559
vt 0.376103 0.500274
vt 0.375576 0.500286
vt 0.375552 0.500547
vt 0.374884 0.500286
vt 0.625221 0.500547
vt 0.625230 0.500286
vt 0.625441 0.500000
vt 0.624448 0.500547
vt 0.624425 0.500286
vt 0.623897 0.500274
vt 0.623897 0.499779
vt 0.624425 0.499770
vt 0.624448 0.499559
vt 0.625000 0.499559
vt 0.624709 0.499770
vt 0.624709 0.500286
vt 0.624425 0.500144
vt 0.125460 0.740613
vt 0.125240 0.740216
vt 0.125230 0.731250
vt 0.125460 0.750000
vt 0.125240 0.750000
vt 0.376442 1.000000
vt 0.375000 0.999760
vt 0.375000 0.999540
vt 0.376442 0.000000
vt 0.376442 0.009387
vt 0.375000 0.009784
vt 0.375000 0.018750
vt 0.125000 0.731250
vt 0.125000 0.740216
vt 0.624278 0.999540
vt 0.624247 0.999760
vt 0.623558 1.000000
vt 0.625000 0.999540
vt 0.625000 0.999760
vt 0.875000 0.731250
vt 0.874760 0.750000
vt 0.874540 0.750000
vt 0.625000 0.018750
vt 0.624278 0.018750
vt 0.624247 0.009784
vt 0.623558 0.009387
vt 0.623558 0.000000
vt 0.624247 0.004938
vt 0.624247 0.999879
vt 0.125230 0.518750
vt 0.125240 0.509784
vt 0.125460 0.509387
vt 0.125000 0.518750
vt 0.125000 0.509784
vt 0.376442 0.240613
vt 0.375000 0.240216
vt 0.375000 0.231250
vt 0.376442 0.250230
vt 0.375000 0.250240
vt 0.375000 0.250460
vt 0.125460 0.500000
vt 0.125240 0.500000
vt 0.874540 0.500000
vt 0.874760 0.500000
vt 0.875000 0.518750
vt 0.625000 0.250460
vt 0.624278 0.250460
vt 0.624247 0.250240
vt 0.625000 0.250240
vt 0.623558 0.250230
vt 0.623558 0.240613
vt 0.624247 0.240216
vt 0.624278 0.231250
vt 0.625000 0.231250
vt 0.624247 0.250121
vt 0.374770 0.731250
vt 0.374760 0.740216
vt 0.374540 0.740613
vt 0.375722 0.731250
vt 0.375753 0.740216
vt 0.376442 0.740613
vt 0.376442 0.750230
vt 0.375000 0.750240
vt 0.375000 0.750460
vt 0.374540 0.750000
vt 0.374760 0.750000
vt 0.374879 0.740216
vt 0.625460 0.750000
vt 0.625240 0.750000
vt 0.625230 0.731250
vt 0.625000 0.750460
vt 0.624278 0.750460
vt 0.624247 0.750240
vt 0.625000 0.750240
vt 0.623558 0.750230
vt 0.623558 0.740613
vt 0.624247 0.740216
vt 0.624278 0.731250
vt 0.624247 0.750121
vt 0.374540 0.509387
vt 0.374760 0.509784
vt 0.374770 0.518750
vt 0.374540 0.500000
vt 0.374760 0.500000
vt 0.376442 0.499770
vt 0.375000 0.499760
vt 0.375000 0.499540
vt 0.376442 0.509387
vt 0.375753 0.509784
vt 0.375722 0.518750
vt 0.374879 0.509784
vt 0.625230 0.518750
vt 0.625240 0.509784
vt 0.625460 0.500000
vt 0.624278 0.518750
vt 0.624247 0.509784
vt 0.623558 0.509387
vt 0.623558 0.499770
vt 0.624247 0.499760
vt 0.624278 0.499540
vt 0.625000 0.499540
vt 0.624620 0.499760
vt 0.624620 0.509784
vt 0.624247 0.504938
vt 0.129412 0.731225
vt 0.127302 0.730433
vt 0.127209 0.712500
vt 0.129412 0.750000
vt 0.127302 0.750000
vt 0.381250 1.000000
vt 0.375000 0.997698
vt 0.375000 0.995588
vt 0.381250 0.000000
vt 0.381250 0.018775
vt 0.375000 0.019567
vt 0.375000 0.037500
vt 0.125000 0.712500
vt 0.125000 0.730433
vt 0.621871 0.995588
vt 0.621739 0.997698
vt 0.618750 1.000000
vt 0.625000 0.995588
vt 0.625000 0.997698
vt 0.875000 0.712500
vt 0.872698 0.750000
vt 0.870588 0.750000
vt 0.625000 0.037500
vt 0.621871 0.037500
vt 0.621739 0.019567
vt 0.618750 0.018775
vt 0.618750 0.000000
vt 0.621739 0.009876
vt 0.621739 0.998838
vt 0.127209 0.537500
vt 0.127302 0.519567
vt 0.129412 0.518775
vt 0.125000 0.537500
vt 0.125000 0.519567
vt 0.381250 0.231225
vt 0.375000 0.230433
vt 0.375000 0.212500
vt 0.381250 0.252209
vt 0.375000 0.252302
vt 0.375000 0.254412
vt 0.129412 0.500000
vt 0.127302 0.500000
vt 0.870588 0.500000
vt 0.872698 0.500000
vt 0.875000 0.537500
vt 0.625000 0.254412
vt 0.621871 0.254412
vt 0.621739 0.252302
vt 0.625000 0.252302
vt 0.618750 0.252209
vt 0.618750 0.231225
vt 0.621739 0.230433
vt 0.621871 0.212500
vt 0.625000 0.212500
vt 0.621739 0.251162
vt 0.372791 0.712500
vt 0.372698 0.730433
vt 0.370588 0.731225
vt 0.378129 0.712500
vt 0.378261 0.730433
vt 0.381250 0.731225
vt 0.381250 0.752209
vt 0.375000 0.752302
vt 0.375000 0.754412
vt 0.370588 0.750000
vt 0.372698 0.750000
vt 0.373838 0.730433
vt 0.629412 0.750000
vt 0.627302 0.750000
vt 0.627209 0.712500
vt 0.625000 0.754412
vt 0.621871 0.754412
vt 0.621739 0.752302
vt 0.625000 0.752302
vt 0.618750 0.752209
vt 0.618750 0.731225
vt 0.621739 0.730433
vt 0.621871 0.712500
vt 0.621739 0.751162
vt 0.370588 0.518775
vt 0.372698 0.519567
vt 0.372791 0.537500
vt 0.370588 0.500000
vt 0.372698 0.500000
vt 0.381250 0.497791
vt 0.375000 0.497698
vt 0.375000 0.495588
vt 0.381250 0.518775
vt 0.378261 0.519567
vt 0.378129 0.537500
vt 0.373838 0.519567
vt 0.627209 0.537500
vt 0.627302 0.519567
vt 0.629412 0.500000
vt 0.621871 0.537500
vt 0.621739 0.519567
vt 0.618750 0.518775
vt 0.618750 0.497791
vt 0.621739 0.497698
vt 0.621871 0.495588
vt 0.625000 0.495588
vt 0.623354 0.497698
vt 0.623354 0.519567
vt 0.621739 0.509876
vt 0.131250 0.712451
vt 0.128129 0.675000
vt 0.131250 0.750000
vt 0.375000 0.993750
vt 0.617490 0.993750
vt 0.625000 0.993750
vt 0.617173 0.998354
vt 0.128129 0.575000
vt 0.131250 0.537549
vt 0.390000 0.253129
vt 0.375000 0.256250
vt 0.131250 0.500000
vt 0.128261 0.500000
vt 0.625000 0.256250
vt 0.617490 0.256250
vt 0.610000 0.253129
vt 0.625000 0.175000
vt 0.617173 0.251646
vt 0.371871 0.675000
vt 0.368750 0.712451
vt 0.390000 0.753129
vt 0.375000 0.756250
vt 0.368750 0.750000
vt 0.371739 0.750000
vt 0.373354 0.710866
vt 0.628129 0.675000
vt 0.625000 0.756250
vt 0.617490 0.756250
vt 0.610000 0.753129
vt 0.617173 0.751646
vt 0.368750 0.537549
vt 0.371739 0.539134
vt 0.371871 0.575000
vt 0.368750 0.500000
vt 0.390000 0.496871
vt 0.375000 0.493750
vt 0.382510 0.575000
vt 0.373354 0.539134
vt 0.628129 0.575000
vt 0.610000 0.496871
vt 0.617490 0.493750
vt 0.625000 0.493750
vt 0.129412 0.731225
vt 0.129412 0.750000
vt 0.375000 0.995588
vt 0.621871 0.995588
vt 0.625000 0.995588
vt 0.870588 0.750000
vt 0.621739 0.998838
vt 0.129412 0.518775
vt 0.375000 0.254412
vt 0.129412 0.500000
vt 0.870588 0.500000
vt 0.625000 0.254412
vt 0.621871 0.254412
vt 0.621739 0.251162
vt 0.131250 0.712451
vt 0.128129 0.675000
vt 0.131250 0.750000
vt 0.375000 0.993750
vt 0.617490 0.993750
vt 0.868750 0.750000
vt 0.617173 0.998354
vt 0.131250 0.537549
vt 0.390000 0.253129
vt 0.375000 0.256250
vt 0.131250 0.500000
vt 0.868750 0.500000
vt 0.625000 0.256250
vt 0.617490 0.256250
vt 0.617173 0.251646
vt 0.368750 0.712451
vt 0.368750 0.750000
vt 0.631250 0.750000
vt 0.628129 0.675000
vt 0.617490 0.756250
vt 0.617173 0.751646
vt 0.368750 0.537549
vt 0.371871 0.575000
vt 0.368750 0.500000
vt 0.375000 0.493750
vt 0.373354 0.539134
vt 0.631250 0.500000
vt 0.617490 0.493750
vt 0.625000 0.493750
vt 0.127209 0.712500
vt 0.381250 0.018775
vt 0.621739 0.998838
vt 0.127302 0.519567
vt 0.618750 0.252209
vt 0.621739 0.251162
vt 0.372791 0.712500
vt 0.370588 0.731225
vt 0.381250 0.752209
vt 0.370588 0.750000
vt 0.373838 0.730433
vt 0.629412 0.750000
vt 0.625000 0.754412
vt 0.621871 0.754412
vt 0.370588 0.518775
vt 0.381250 0.497791
vt 0.373838 0.519567
vt 0.627209 0.537500
vt 0.629412 0.500000
vt 0.618750 0.497791
vt 0.621871 0.495588
vt 0.625000 0.495588
vt 0.617490 0.993750
vt 0.131250 0.537549
vt 0.131250 0.500000
vt 0.617490 0.256250
vt 0.368750 0.537549
vt 0.375000 0.493750
vt 0.129412 0.731225
vt 0.129412 0.750000
vt 0.127302 0.750000
vt 0.375000 0.995588
vt 0.625000 0.997698
vt 0.872698 0.750000
vt 0.621739 0.998838
vt 0.127209 0.537500
vt 0.129412 0.518775
vt 0.381250 0.252209
vt 0.375000 0.252302
vt 0.129412 0.500000
vt 0.127302 0.500000
vt 0.872698 0.500000
vt 0.625000 0.254412
vt 0.621871 0.254412
vt 0.618750 0.252209
vt 0.375000 0.752302
vt 0.375000 0.754412
vt 0.372698 0.750000
vt 0.627302 0.750000
vt 0.621871 0.754412
vt 0.625000 0.495588
vt 0.128750 0.737484
vt 0.126957 0.736955
vt 0.126877 0.725000
vt 0.128750 0.750000
vt 0.126957 0.750000
vt 0.379412 1.000000
vt 0.375000 0.998043
vt 0.375000 0.996250
vt 0.379412 0.000000
vt 0.379412 0.012516
vt 0.375000 0.013045
vt 0.375000 0.025000
vt 0.125000 0.725000
vt 0.125000 0.736955
vt 0.622791 0.996250
vt 0.622698 0.998043
vt 0.620588 1.000000
vt 0.625000 0.996250
vt 0.625000 0.998043
vt 0.875000 0.725000
vt 0.873043 0.750000
vt 0.871250 0.750000
vt 0.625000 0.025000
vt 0.622791 0.025000
vt 0.622698 0.013045
vt 0.620588 0.012516
vt 0.620588 0.000000
vt 0.622698 0.006584
vt 0.622698 0.999012
vt 0.126877 0.525000
vt 0.126957 0.513045
vt 0.128750 0.512516
vt 0.125000 0.525000
vt 0.125000 0.513045
vt 0.379412 0.237484
vt 0.375000 0.236955
vt 0.375000 0.225000
vt 0.379412 0.251877
vt 0.375000 0.251957
vt 0.375000 0.253750
vt 0.128750 0.500000
vt 0.126957 0.500000
vt 0.871250 0.500000
vt 0.873043 0.500000
vt 0.875000 0.525000
vt 0.625000 0.253750
vt 0.622791 0.253750
vt 0.622698 0.251957
vt 0.625000 0.251957
vt 0.620588 0.251877
vt 0.620588 0.237484
vt 0.622698 0.236955
vt 0.622791 0.225000
vt 0.625000 0.225000
vt 0.622698 0.250988
vt 0.373123 0.725000
vt 0.373043 0.736955
vt 0.371250 0.737484
vt 0.377209 0.725000
vt 0.377302 0.736955
vt 0.379412 0.737484
vt 0.379412 0.751878
vt 0.375000 0.751957
vt 0.375000 0.753750
vt 0.371250 0.750000
vt 0.373043 0.750000
vt 0.374012 0.736955
vt 0.628750 0.750000
vt 0.626957 0.750000
vt 0.626877 0.725000
vt 0.625000 0.753750
vt 0.622791 0.753750
vt 0.622698 0.751957
vt 0.625000 0.751957
vt 0.620588 0.751877
vt 0.620588 0.737484
vt 0.622698 0.736955
vt 0.622791 0.725000
vt 0.622698 0.750988
vt 0.371250 0.512516
vt 0.373043 0.513045
vt 0.373123 0.525000
vt 0.371250 0.500000
vt 0.373043 0.500000
vt 0.379412 0.498123
vt 0.375000 0.498043
vt 0.375000 0.496250
vt 0.379412 0.512516
vt 0.377302 0.513045
vt 0.377209 0.525000
vt 0.374012 0.513045
vt 0.626877 0.525000
vt 0.626957 0.513045
vt 0.628750 0.500000
vt 0.622791 0.525000
vt 0.622698 0.513045
vt 0.620588 0.512516
vt 0.620588 0.498123
vt 0.622698 0.498043
vt 0.622791 0.496250
vt 0.625000 0.496250
vt 0.623838 0.498043
vt 0.623838 0.513045
vt 0.622698 0.506584
vt 0.150000 0.749655
vt 0.138045 0.749640
vt 0.137516 0.749310
vt 0.150000 0.750000
vt 0.138045 0.750000
vt 0.379687 1.000000
vt 0.375000 0.986955
vt 0.375000 0.975000
vt 0.379687 0.000000
vt 0.379687 0.000346
vt 0.375000 0.000360
vt 0.375000 0.000690
vt 0.125000 0.749310
vt 0.125000 0.749640
vt 0.622653 0.975000
vt 0.622554 0.986955
vt 0.620312 1.000000
vt 0.625000 0.975000
vt 0.625000 0.986955
vt 0.875000 0.749310
vt 0.861955 0.750000
vt 0.850000 0.750000
vt 0.625000 0.000690
vt 0.622653 0.000690
vt 0.622554 0.000360
vt 0.620312 0.000346
vt 0.620312 0.000000
vt 0.622554 0.000182
vt 0.622554 0.993416
vt 0.137516 0.500690
vt 0.138045 0.500360
vt 0.150000 0.500346
vt 0.125000 0.500690
vt 0.125000 0.500360
vt 0.379687 0.249654
vt 0.375000 0.249640
vt 0.375000 0.249310
vt 0.379687 0.262516
vt 0.375000 0.263045
vt 0.375000 0.275000
vt 0.150000 0.500000
vt 0.138045 0.500000
vt 0.850000 0.500000
vt 0.861955 0.500000
vt 0.875000 0.500690
vt 0.625000 0.275000
vt 0.622653 0.275000
vt 0.622554 0.263045
vt 0.625000 0.263045
vt 0.620312 0.262516
vt 0.620312 0.249654
vt 0.622554 0.249640
vt 0.622653 0.249310
vt 0.625000 0.249310
vt 0.622554 0.256584
vt 0.362484 0.749310
vt 0.361955 0.749640
vt 0.350000 0.749654
vt 0.377347 0.749310
vt 0.377446 0.749640
vt 0.379687 0.749655
vt 0.379687 0.762516
vt 0.375000 0.763045
vt 0.375000 0.775000
vt 0.350000 0.750000
vt 0.361955 0.750000
vt 0.368416 0.749640
vt 0.650000 0.750000
vt 0.638045 0.750000
vt 0.637516 0.749310
vt 0.625000 0.775000
vt 0.622653 0.775000
vt 0.622554 0.763045
vt 0.625000 0.763045
vt 0.620312 0.762516
vt 0.620312 0.749654
vt 0.622554 0.749640
vt 0.622653 0.749310
vt 0.622554 0.756584
vt 0.350000 0.500346
vt 0.361955 0.500360
vt 0.362484 0.500690
vt 0.350000 0.500000
vt 0.361955 0.500000
vt 0.379687 0.487484
vt 0.375000 0.486955
vt 0.375000 0.475000
vt 0.379687 0.500345
vt 0.377446 0.500360
vt 0.377347 0.500690
vt 0.368416 0.500360
vt 0.637516 0.500690
vt 0.638045 0.500360
vt 0.650000 0.500000
vt 0.622653 0.500690
vt 0.622554 0.500360
vt 0.620312 0.500346
vt 0.620312 0.487484
vt 0.622554 0.486955
vt 0.622653 0.475000
vt 0.625000 0.475000
vt 0.623765 0.486955
vt 0.623765 0.500360
vt 0.622554 0.500182
vt 0.150000 0.749655
vt 0.138045 0.749640
vt 0.137516 0.749310
vt 0.150000 0.750000
vt 0.138045 0.750000
vt 0.375000 0.975000
vt 0.622653 0.975000
vt 0.622554 0.986955
vt 0.625000 0.975000
vt 0.850000 0.750000
vt 0.622554 0.993416
vt 0.137516 0.500690
vt 0.138045 0.500360
vt 0.150000 0.500346
vt 0.379687 0.262516
vt 0.375000 0.263045
vt 0.375000 0.275000
vt 0.150000 0.500000
vt 0.138045 0.500000
vt 0.850000 0.500000
vt 0.861955 0.500000
vt 0.625000 0.275000
vt 0.622653 0.275000
vt 0.622554 0.263045
vt 0.625000 0.263045
vt 0.620312 0.262516
vt 0.622554 0.256584
vt 0.362484 0.749310
vt 0.361955 0.749640
vt 0.350000 0.749655
vt 0.379687 0.762516
vt 0.375000 0.775000
vt 0.350000 0.750000
vt 0.361955 0.750000
vt 0.368416 0.749640
vt 0.650000 0.750000
vt 0.638045 0.750000
vt 0.637516 0.749310
vt 0.625000 0.775000
vt 0.622653 0.775000
vt 0.622554 0.763045
vt 0.620312 0.762516
vt 0.622554 0.756584
vt 0.350000 0.500346
vt 0.362484 0.500690
vt 0.350000 0.500000
vt 0.361955 0.500000
vt 0.379687 0.487484
vt 0.375000 0.475000
vt 0.368416 0.500360
vt 0.637516 0.500690
vt 0.650000 0.500000
vt 0.620312 0.487484
vt 0.622554 0.486955
vt 0.622653 0.475000
vt 0.625000 0.475000
vt 0.150000 0.749654
vt 0.150000 0.750000
vt 0.375000 0.975000
vt 0.622653 0.975000
vt 0.625000 0.975000
vt 0.850000 0.750000
vt 0.150000 0.500346
vt 0.375000 0.275000
vt 0.150000 0.500000
vt 0.850000 0.500000
vt 0.625000 0.275000
vt 0.622653 0.275000
vt 0.350000 0.749655
vt 0.375000 0.775000
vt 0.350000 0.750000
vt 0.650000 0.750000
vt 0.625000 0.775000
vt 0.622653 0.775000
vt 0.350000 0.500346
vt 0.350000 0.500000
vt 0.375000 0.475000
vt 0.650000 0.500000
vt 0.622653 0.475000
vt 0.625000 0.475000
vt 0.150000 0.749655
vt 0.138045 0.749640
vt 0.137516 0.749310
vt 0.150000 0.750000
vt 0.138045 0.750000
vt 0.622653 0.975000
vt 0.850000 0.750000
vt 0.137516 0.500690
vt 0.150000 0.500346
vt 0.379687 0.262516
vt 0.150000 0.500000
vt 0.625000 0.275000
vt 0.625000 0.263045
vt 0.620312 0.262516
vt 0.362484 0.749310
vt 0.350000 0.749654
vt 0.379687 0.762516
vt 0.375000 0.775000
vt 0.350000 0.750000
vt 0.368416 0.749640
vt 0.650000 0.750000
vt 0.637516 0.749310
vt 0.625000 0.775000
vt 0.622653 0.775000
vt 0.622554 0.763045
vt 0.620312 0.762516
vt 0.622554 0.756584
vt 0.350000 0.500346
vt 0.362484 0.500690
vt 0.350000 0.500000
vt 0.361955 0.500000
vt 0.379687 0.487484
vt 0.375000 0.486955
vt 0.375000 0.475000
vt 0.368416 0.500360
vt 0.637516 0.500690
vt 0.650000 0.500000
vt 0.620312 0.487484
vt 0.622554 0.486955
vt 0.622653 0.475000
vt 0.625000 0.475000
vt 0.623765 0.486955
vt 0.150000 0.749654
vt 0.138045 0.749640
vt 0.137516 0.749310
vt 0.150000 0.750000
vt 0.622554 0.986955
vt 0.625000 0.975000
vt 0.850000 0.750000
vt 0.622554 0.993416
vt 0.137516 0.500690
vt 0.150000 0.500346
vt 0.379687 0.262516
vt 0.375000 0.275000
vt 0.150000 0.500000
vt 0.850000 0.500000
vt 0.625000 0.275000
vt 0.620312 0.262516
vt 0.622554 0.256584
vt 0.362484 0.749310
vt 0.350000 0.749655
vt 0.379687 0.762516
vt 0.361955 0.750000
vt 0.368416 0.749640
vt 0.637516 0.749310
vt 0.625000 0.775000
vt 0.620312 0.762516
vt 0.622554 0.756584
vt 0.350000 0.500346
vt 0.362484 0.500690
vt 0.350000 0.500000
vt 0.379687 0.487484
vt 0.375000 0.475000
vt 0.368416 0.500360
vt 0.622554 0.486955
vt 0.622653 0.475000
vt 0.150000 0.749655
vt 0.138045 0.749640
vt 0.137516 0.749310
vt 0.622653 0.975000
vt 0.861955 0.750000
vt 0.622554 0.993416
vt 0.137516 0.500690
vt 0.379687 0.262516
vt 0.375000 0.275000
vt 0.150000 0.500000
vt 0.138045 0.500000
vt 0.622653 0.275000
vt 0.622554 0.263045
vt 0.620312 0.262516
vt 0.622554 0.256584
vt 0.350000 0.750000
vt 0.625000 0.763045
vt 0.637516 0.500690
vt 0.150000 0.749654
vt 0.137516 0.749310
vt 0.150000 0.750000
vt 0.375000 0.975000
vt 0.622653 0.975000
vt 0.622554 0.993416
vt 0.137516 0.500690
vt 0.150000 0.500346
vt 0.379687 0.262516
vt 0.625000 0.275000
vt 0.622653 0.275000
vt 0.620312 0.262516
vt 0.622554 0.256584
vt 0.350000 0.749655
vt 0.625000 0.775000
vt 0.350000 0.500346
vt 0.379687 0.487484
s 0
usemtl USB_blue
f 51/1/1 62/2/2 13/3/3 2/4/4
f 75/5/5 86/6/6 63/7/7 50/8/8
f 85/13/13 37/14/14 14/15/15 61/16/16
f 3/17/17 15/18/18 39/19/19 26/20/20
f 27/21/21 38/22/22 87/23/23 74/24/24
f 409/81/81 457/82/82 433/83/83 385/84/84
f 435/1/97 446/97/98 397/98/99 386/99/100
f 459/5/5 470/6/6 447/7/7 434/8/8
f 469/13/13 421/102/14 398/103/15 445/16/16
f 387/17/17 399/18/18 423/19/19 410/20/20
f 411/104/101 422/105/102 471/106/103 458/107/104
f 601/110/81 649/111/82 625/112/83 577/113/84
f 627/118/97 638/119/98 589/98/99 578/4/100
f 651/5/5 662/6/6 639/7/7 626/8/8
f 661/13/13 613/123/14 590/124/15 637/16/16
f 579/17/17 591/18/18 615/19/19 602/20/20
f 603/125/101 614/126/102 663/127/103 650/128/104
f 793/133/81 841/134/82 817/135/83 769/136/84
f 819/143/1 830/97/2 781/144/3 770/145/4
f 843/5/5 854/6/6 831/7/7 818/8/8
f 853/13/13 805/148/14 782/149/15 829/150/16
f 771/17/17 783/18/105 807/19/19 794/20/106
f 795/151/21 806/152/22 855/106/23 842/153/24
f 1/276/84 4/277/155 6/278/156 5/279/157
f 4/277/155 8/280/158 9/281/159 6/278/160
f 2/4/100 7/282/161 9/283/162 8/284/163
f 7/285/164 11/286/165 12/287/166 9/288/162
f 3/17/167 10/289/168 12/287/169 11/286/170
f 10/290/171 5/279/172 6/278/173 12/291/169
f 6/278/173 9/281/162 12/291/174
f 13/3/99 16/292/175 18/293/176 17/294/177
f 16/292/178 20/295/179 21/296/180 18/293/176
f 14/15/15 19/297/181 21/298/180 20/299/182
f 19/300/183 23/301/184 24/302/185 21/303/186
f 15/18/187 22/304/188 24/302/185 23/301/184
f 22/304/189 17/305/190 18/306/176 24/302/191
f 18/293/192 21/296/180 24/307/193
f 25/308/81 28/309/194 30/310/195 29/311/196
f 28/309/197 32/312/198 33/313/199 30/310/200
f 26/20/201 31/314/202 33/315/199 32/316/203
f 31/314/204 35/317/205 36/318/206 33/315/207
f 27/21/101 34/319/208 36/318/206 35/317/209
f 34/320/210 29/311/211 30/310/195 36/321/206
f 30/310/195 33/313/212 36/321/213
f 37/14/14 40/322/214 42/323/215 41/324/216
f 40/325/214 44/326/217 45/327/218 42/328/219
f 38/22/102 43/329/220 45/327/221 44/326/222
f 43/329/223 47/330/224 48/331/225 45/327/221
f 39/19/226 46/332/227 48/331/228 47/330/229
f 46/332/230 41/333/231 42/334/232 48/331/228
f 42/328/232 45/327/221 48/335/233
f 49/336/83 52/337/234 54/338/235 53/339/236
f 52/337/237 56/340/238 57/341/239 54/338/240
f 50/8/241 55/342/242 57/341/239 56/340/243
f 55/342/244 59/343/245 60/344/246 57/341/247
f 51/1/97 58/345/248 60/344/246 59/343/249
f 58/346/250 53/339/251 54/338/235 60/347/246
f 54/338/235 57/348/252 60/347/253
f 61/16/16 64/349/254 66/350/255 65/351/256
f 64/352/254 68/353/257 69/354/258 66/355/259
f 62/2/98 67/356/260 69/354/261 68/353/262
f 67/356/263 71/357/264 72/358/265 69/354/261
f 63/7/266 70/359/267 72/358/268 71/357/269
f 70/359/270 65/351/271 66/350/272 72/358/268
f 66/355/272 69/354/261 72/360/273
f 73/361/82 76/362/274 78/363/275 77/364/276
f 76/362/274 80/365/277 81/366/278 78/363/279
f 74/24/104 79/367/280 81/368/281 80/369/282
f 79/367/283 83/370/284 84/371/285 81/368/281
f 75/5/286 82/372/287 84/371/288 83/370/289
f 82/372/290 77/364/291 78/363/292 84/371/288
f 78/363/292 81/366/281 84/373/293
f 85/13/13 88/374/294 90/375/295 89/376/296
f 88/374/297 92/377/298 93/378/299 90/375/300
f 86/6/301 91/379/302 93/378/299 92/377/303
f 91/379/304 95/380/305 96/381/306 93/378/307
f 87/23/103 94/382/308 96/381/306 95/380/309
f 94/382/310 89/383/311 90/384/295 96/381/306
f 90/385/295 93/378/312 96/386/313
f 385/84/622 388/699/155 390/278/623 389/700/157
f 388/699/624 392/701/158 393/281/159 390/278/160
f 386/99/100 391/282/625 393/283/162 392/702/163
f 391/285/164 395/286/165 396/287/169 393/288/162
f 387/17/167 394/289/168 396/287/457 395/286/170
f 394/290/171 389/700/535 390/278/173 396/291/169
f 390/278/173 393/281/159 396/291/323
f 397/98/99 400/703/175 402/293/176 401/294/177
f 400/703/626 404/704/179 405/296/334 402/293/192
f 398/103/15 403/297/181 405/298/627 404/299/179
f 403/300/548 407/301/628 408/302/342 405/303/180
f 399/18/105 406/304/629 408/302/185 407/301/184
f 406/304/629 401/305/190 402/306/176 408/302/185
f 402/293/192 405/296/180 408/705/193
f 409/81/81 412/706/194 414/310/630 413/707/211
f 412/706/556 416/312/198 417/313/474 414/310/195
f 410/20/106 415/314/631 417/315/199 416/316/203
f 415/314/631 419/708/205 420/318/206 417/315/199
f 411/104/101 418/709/208 420/318/206 419/708/209
f 418/710/632 413/707/211 414/310/351 420/711/213
f 414/310/195 417/313/366 420/711/213
f 421/102/633 424/322/214 426/323/634 425/324/216
f 424/712/635 428/713/217 429/327/218 426/328/219
f 422/105/102 427/714/636 429/327/221 428/713/222
f 427/714/223 431/330/224 432/331/228 429/327/221
f 423/19/226 430/332/227 432/331/379 431/330/229
f 430/332/230 425/715/569 426/334/232 432/331/228
f 426/328/232 429/327/218 432/716/375
f 433/83/83 436/717/234 438/338/637 437/718/251
f 436/717/234 440/340/238 441/341/239 438/338/240
f 434/8/241 439/342/638 441/341/239 440/340/243
f 439/342/638 443/719/245 444/344/497 441/341/252
f 435/1/97 442/720/248 444/344/246 443/719/249
f 442/721/639 437/718/251 438/338/235 444/722/253
f 438/338/235 441/723/239 444/722/253
f 445/16/640 448/349/254 450/350/403 449/724/256
f 448/725/641 452/726/257 453/354/258 450/355/259
f 446/97/98 451/727/642 453/354/261 452/726/262
f 451/727/263 455/357/264 456/358/411 453/354/643
f 447/7/644 454/359/267 456/358/268 455/357/269
f 454/359/645 449/724/589 450/350/272 456/358/268
f 450/355/272 453/354/258 456/728/268
f 457/82/646 460/729/274 462/730/647 461/731/276
f 460/729/648 464/732/277 465/366/278 462/730/279
f 458/107/104 463/733/649 465/368/281 464/734/282
f 463/733/283 467/370/284 468/371/516 465/368/650
f 459/5/651 466/735/287 468/371/288 467/370/289
f 466/735/652 461/731/600 462/730/292 468/371/288
f 462/730/292 465/366/278 468/736/288
f 469/13/13 472/737/294 474/375/653 473/376/311
f 472/737/294 476/377/298 477/378/299 474/375/300
f 470/6/301 475/379/654 477/378/299 476/377/303
f 475/379/654 479/738/305 480/381/655 477/378/312
f 471/106/103 478/739/308 480/381/306 479/738/309
f 478/739/656 473/740/311 474/384/295 480/381/313
f 474/385/295 477/378/299 480/386/313
f 577/113/622 580/755/155 582/278/156 581/756/535
f 580/755/155 584/757/158 585/281/159 582/278/160
f 578/4/100 583/282/161 585/283/162 584/758/163
f 583/285/164 587/286/165 588/287/673 585/288/162
f 579/17/674 586/289/168 588/287/457 587/286/170
f 586/290/168 581/756/543 582/278/156 588/291/169
f 582/278/173 585/281/162 588/291/323
f 589/98/675 592/759/676 594/293/176 593/294/677
f 592/759/178 596/295/179 597/296/180 594/293/192
f 590/124/678 595/297/548 597/298/334 596/760/182
f 595/300/183 599/301/184 600/302/185 597/303/180
f 591/18/187 598/304/188 600/302/185 599/301/184
f 598/304/189 593/305/190 594/306/176 600/302/348
f 594/293/176 597/296/180 600/761/193
f 601/110/679 604/706/194 606/310/351 605/762/196
f 604/706/197 608/312/203 609/313/199 606/310/195
f 602/20/201 607/314/202 609/315/199 608/316/203
f 607/314/204 611/763/205 612/318/206 609/315/360
f 603/125/680 610/764/681 612/318/206 611/763/682
f 610/765/210 605/762/211 606/310/195 612/711/213
f 606/310/195 609/313/366 612/711/213
f 613/123/633 616/766/214 618/323/215 617/324/569
f 616/767/214 620/768/217 621/327/218 618/328/219
f 614/126/102 619/714/220 621/327/221 620/768/222
f 619/714/223 623/330/224 624/331/683 621/327/221
f 615/19/684 622/332/227 624/331/379 623/330/229
f 622/332/227 617/333/577 618/334/215 624/331/228
f 618/328/232 621/327/221 624/769/375
f 625/112/83 628/717/578 630/338/384 629/770/236
f 628/717/237 632/340/243 633/341/239 630/338/235
f 626/8/241 631/342/242 633/341/239 632/340/243
f 631/342/244 635/719/245 636/344/246 633/341/239
f 627/118/97 634/345/685 636/344/246 635/719/686
f 634/771/250 629/770/251 630/338/235 636/722/253
f 630/338/235 633/348/387 636/722/246
f 637/16/640 640/772/254 642/350/255 641/773/256
f 640/352/254 644/774/257 645/354/258 642/355/259
f 638/119/98 643/727/260 645/354/261 644/774/262
f 643/727/263 647/357/264 648/358/268 645/354/261
f 639/7/266 646/359/267 648/358/509 647/357/687
f 646/359/688 641/773/598 642/350/272 648/358/268
f 642/355/272 645/354/689 648/775/273
f 649/111/646 652/776/274 654/363/275 653/777/276
f 652/776/274 656/778/277 657/366/278 654/363/279
f 650/128/104 655/733/280 657/368/281 656/779/282
f 655/733/283 659/370/284 660/371/288 657/368/281
f 651/5/286 658/372/287 660/371/519 659/370/690
f 658/372/609 653/777/610 654/363/292 660/371/288
f 654/363/292 657/366/691 660/780/293
f 661/13/13 664/737/612 666/375/434 665/781/296
f 664/737/297 668/377/303 669/378/299 666/375/295
f 662/6/301 667/379/302 669/378/299 668/377/303
f 667/379/304 671/738/305 672/381/306 669/378/299
f 663/127/103 670/782/692 672/381/306 671/738/693
f 670/782/310 665/783/311 666/384/295 672/381/313
f 666/385/295 669/378/526 672/386/306
f 769/136/84 772/277/155 774/278/156 773/756/157
f 772/277/155 776/280/163 777/281/159 774/278/160
f 770/145/100 775/282/625 777/283/162 776/758/163
f 775/285/164 779/286/165 780/287/169 777/288/162
f 771/17/167 778/289/168 780/287/457 779/286/702
f 778/290/171 773/756/543 774/278/173 780/291/169
f 774/278/173 777/281/162 780/291/174
f 781/144/675 784/806/676 786/293/176 785/294/177
f 784/806/178 788/295/179 789/296/180 786/293/192
f 782/149/15 787/297/181 789/298/180 788/299/182
f 787/300/183 791/301/628 792/302/185 789/303/180
f 783/18/187 790/304/188 792/302/185 791/301/184
f 790/304/189 785/305/190 786/306/176 792/302/185
f 786/293/176 789/296/180 792/761/342
f 793/133/81 796/706/194 798/310/195 797/807/196
f 796/706/197 800/312/198 801/313/199 798/310/195
f 794/20/201 799/314/202 801/315/199 800/316/203
f 799/314/204 803/763/205 804/318/206 801/315/199
f 795/151/680 802/319/681 804/318/206 803/763/209
f 802/808/210 797/807/211 798/310/195 804/711/213
f 798/310/195 801/313/474 804/711/213
f 805/148/14 808/322/214 810/323/215 809/324/216
f 808/325/214 812/809/222 813/327/218 810/328/219
f 806/152/102 811/714/636 813/327/221 812/809/222
f 811/714/223 815/330/224 816/331/228 813/327/221
f 807/19/226 814/332/227 816/331/379 815/330/703
f 814/332/230 809/333/577 810/334/232 816/331/228
f 810/328/232 813/327/221 816/769/233
f 817/135/83 820/717/234 822/338/235 821/339/236
f 820/717/237 824/340/238 825/341/239 822/338/240
f 818/8/241 823/342/242 825/341/239 824/340/243
f 823/342/244 827/719/686 828/344/246 825/341/247
f 819/143/97 826/345/248 828/344/246 827/719/249
f 826/346/250 821/339/251 822/338/235 828/722/246
f 822/338/235 825/348/400 828/722/253
f 829/150/16 832/349/254 834/350/255 833/773/256
f 832/352/254 836/726/257 837/354/258 834/355/259
f 830/97/98 835/727/260 837/354/261 836/726/262
f 835/727/263 839/357/264 840/358/265 837/354/261
f 831/7/644 838/359/267 840/358/509 839/357/687
f 838/359/270 833/773/271 834/350/272 840/358/268
f 834/355/272 837/354/261 840/775/273
f 841/134/82 844/810/274 846/363/275 845/777/276
f 844/810/274 848/365/277 849/366/278 846/363/279
f 842/153/104 847/733/280 849/368/281 848/811/282
f 847/733/283 851/370/284 852/371/285 849/368/281
f 843/5/651 850/372/287 852/371/519 851/370/690
f 850/372/290 845/777/291 846/363/292 852/371/288
f 846/363/292 849/366/281 852/780/293
f 853/13/13 856/737/294 858/375/295 857/376/296
f 856/737/297 860/377/298 861/378/299 858/375/300
f 854/6/301 859/379/302 861/378/299 860/377/303
f 859/379/304 863/738/693 864/381/306 861/378/307
f 855/106/103 862/382/308 864/381/306 863/738/309
f 862/382/310 857/383/311 858/384/295 864/381/306
f 858/385/295 861/378/449 864/386/313
f 25/308/81 1/276/84 5/279/535 28/309/556
f 28/309/197 5/279/535 10/290/171 32/312/203
f 32/316/203 10/289/168 3/17/167 26/20/106
f 2/4/899 13/3/900 17/294/177 7/282/625
f 7/285/164 17/305/190 22/304/189 11/286/901
f 11/286/902 22/304/903 15/18/904 3/17/674
f 14/15/15 37/14/14 41/324/569 19/297/548
f 19/300/183 41/333/569 46/332/230 23/301/184
f 23/301/184 46/332/227 39/19/226 15/18/105
f 38/22/905 27/21/906 35/317/209 43/329/636
f 43/329/223 35/317/205 31/314/204 47/330/907
f 47/330/908 31/314/909 26/20/910 39/19/684
f 73/361/646 25/308/679 29/311/196 76/362/648
f 76/362/648 29/311/196 34/320/210 80/365/911
f 80/369/282 34/319/681 27/21/101 74/24/104
f 37/14/633 85/13/912 89/376/296 40/322/635
f 40/325/635 89/383/296 94/382/310 44/326/913
f 44/326/222 94/382/692 87/23/103 38/22/102
f 86/6/914 75/5/651 83/370/915 91/379/916
f 91/379/304 83/370/917 79/367/283 95/380/305
f 95/380/309 79/367/649 74/24/918 87/23/919
f 49/336/83 73/361/82 77/364/600 52/337/578
f 52/337/237 77/364/600 82/372/290 56/340/243
f 56/340/243 82/372/287 75/5/286 50/8/920
f 85/13/13 61/16/16 65/351/589 88/374/612
f 88/374/297 65/351/589 70/359/270 92/377/303
f 92/377/303 70/359/267 63/7/266 86/6/921
f 62/2/922 51/1/923 59/343/249 67/356/642
f 67/356/263 59/343/245 55/342/244 71/357/924
f 71/357/925 55/342/926 50/8/927 63/7/644
f 1/276/622 49/336/928 53/339/236 4/277/624
f 4/277/624 53/339/236 58/346/250 8/280/929
f 8/284/163 58/345/685 51/1/97 2/4/100
f 61/16/640 14/15/678 20/299/182 64/349/641
f 64/352/641 20/295/182 16/292/178 68/353/930
f 68/353/262 16/292/676 13/3/99 62/2/98
f 409/81/81 385/84/84 389/700/535 412/706/556
f 412/706/197 389/700/535 394/290/168 416/312/203
f 416/316/203 394/289/168 387/17/167 410/20/106
f 386/99/899 397/98/900 401/294/177 391/282/625
f 391/285/164 401/305/190 406/304/189 395/286/901
f 395/286/170 406/304/188 399/18/904 387/17/674
f 398/103/15 421/102/14 425/324/569 403/297/548
f 403/300/183 425/715/569 430/332/227 407/301/184
f 407/301/184 430/332/227 423/19/226 399/18/105
f 422/105/905 411/104/906 419/708/209 427/714/636
f 427/714/223 419/708/205 415/314/204 431/330/907
f 431/330/229 415/314/202 410/20/910 423/19/684
f 457/82/646 409/81/679 413/707/196 460/729/648
f 460/729/648 413/707/196 418/710/210 464/732/911
f 464/734/282 418/709/681 411/104/101 458/107/104
f 421/102/633 469/13/912 473/376/296 424/322/635
f 424/712/635 473/740/296 478/739/310 428/713/913
f 428/713/222 478/739/692 471/106/103 422/105/102
f 470/6/914 459/5/651 467/370/915 475/379/916
f 475/379/304 467/370/917 463/733/283 479/738/305
f 479/738/309 463/733/649 458/107/918 471/106/919
f 433/83/83 457/82/82 461/731/600 436/717/578
f 436/717/237 461/731/600 466/735/290 440/340/243
f 440/340/243 466/735/287 459/5/286 434/8/920
f 469/13/13 445/16/16 449/724/589 472/737/612
f 472/737/297 449/724/589 454/359/270 476/377/303
f 476/377/303 454/359/267 447/7/266 470/6/921
f 446/97/922 435/1/923 443/719/249 451/727/642
f 451/727/263 443/719/245 439/342/244 455/357/924
f 455/357/925 439/342/926 434/8/927 447/7/644
f 385/84/622 433/83/928 437/718/236 388/699/624
f 388/699/624 437/718/236 442/721/250 392/701/929
f 392/702/163 442/720/685 435/1/97 386/99/100
f 445/16/640 398/103/678 404/299/182 448/349/641
f 448/725/641 404/704/182 400/703/178 452/726/930
f 452/726/262 400/703/676 397/98/99 446/97/98
f 601/110/81 577/113/84 581/756/535 604/706/556
f 604/706/197 581/756/543 586/290/168 608/312/203
f 608/316/203 586/289/168 579/17/167 602/20/106
f 578/4/899 589/98/900 593/294/177 583/282/625
f 583/285/164 593/305/190 598/304/189 587/286/901
f 587/286/1072 598/304/1073 591/18/904 579/17/674
f 590/124/15 613/123/14 617/324/569 595/297/548
f 595/300/183 617/333/577 622/332/227 599/301/184
f 599/301/184 622/332/227 615/19/226 591/18/105
f 614/126/905 603/125/906 611/763/209 619/714/636
f 619/714/223 611/763/205 607/314/204 623/330/907
f 623/330/1074 607/314/1075 602/20/910 615/19/684
f 649/111/646 601/110/679 605/762/196 652/776/648
f 652/776/648 605/762/196 610/765/210 656/778/911
f 656/779/282 610/764/681 603/125/101 650/128/104
f 613/123/633 661/13/912 665/781/296 616/766/635
f 616/767/635 665/783/296 670/782/310 620/768/913
f 620/768/222 670/782/692 663/127/103 614/126/102
f 662/6/914 651/5/651 659/370/1076 667/379/1077
f 667/379/304 659/370/917 655/733/283 671/738/305
f 671/738/309 655/733/649 650/128/918 663/127/919
f 625/112/83 649/111/82 653/777/600 628/717/578
f 628/717/237 653/777/610 658/372/287 632/340/243
f 632/340/243 658/372/287 651/5/286 626/8/920
f 661/13/13 637/16/16 641/773/589 664/737/612
f 664/737/297 641/773/598 646/359/267 668/377/303
f 668/377/303 646/359/267 639/7/266 662/6/921
f 638/119/922 627/118/923 635/719/249 643/727/642
f 643/727/263 635/719/245 631/342/244 647/357/924
f 647/357/1078 631/342/1079 626/8/927 639/7/644
f 577/113/622 625/112/928 629/770/236 580/755/624
f 580/755/624 629/770/236 634/771/250 584/757/929
f 584/758/163 634/345/685 627/118/97 578/4/100
f 637/16/640 590/124/678 596/760/182 640/772/641
f 640/352/641 596/295/182 592/759/178 644/774/930
f 644/774/262 592/759/676 589/98/99 638/119/98
f 793/133/81 769/136/84 773/756/535 796/706/556
f 796/706/197 773/756/535 778/290/171 800/312/203
f 800/316/203 778/289/168 771/17/167 794/20/106
f 770/145/899 781/144/900 785/294/177 775/282/625
f 775/285/164 785/305/190 790/304/189 779/286/901
f 779/286/902 790/304/903 783/18/904 771/17/674
f 782/149/15 805/148/14 809/324/569 787/297/548
f 787/300/183 809/333/569 814/332/230 791/301/184
f 791/301/184 814/332/227 807/19/226 783/18/105
f 806/152/905 795/151/906 803/763/209 811/714/636
f 811/714/223 803/763/205 799/314/204 815/330/907
f 815/330/908 799/314/909 794/20/910 807/19/684
f 841/134/646 793/133/679 797/807/196 844/810/648
f 844/810/648 797/807/196 802/808/210 848/365/911
f 848/811/282 802/319/681 795/151/101 842/153/104
f 805/148/633 853/13/912 857/376/296 808/322/635
f 808/325/635 857/383/296 862/382/310 812/809/913
f 812/809/222 862/382/692 855/106/103 806/152/102
f 854/6/914 843/5/651 851/370/915 859/379/916
f 859/379/304 851/370/917 847/733/283 863/738/305
f 863/738/309 847/733/649 842/153/918 855/106/919
f 817/135/83 841/134/82 845/777/600 820/717/578
f 820/717/237 845/777/600 850/372/290 824/340/243
f 824/340/243 850/372/287 843/5/286 818/8/920
f 853/13/13 829/150/16 833/773/589 856/737/612
f 856/737/297 833/773/589 838/359/270 860/377/303
f 860/377/303 838/359/267 831/7/266 854/6/921
f 830/97/922 819/143/923 827/719/249 835/727/642
f 835/727/263 827/719/245 823/342/244 839/357/924
f 839/357/925 823/342/926 818/8/927 831/7/644
f 769/136/622 817/135/928 821/339/236 772/277/624
f 772/277/624 821/339/236 826/346/250 776/280/929
f 776/758/163 826/345/685 819/143/97 770/145/100
f 829/150/640 782/149/678 788/299/182 832/349/641
f 832/352/641 788/295/182 784/806/178 836/726/930
f 836/726/262 784/806/676 781/144/99 830/97/98
f 25/308/81 73/361/82 49/336/83 1/276/84
usemtl Anodized_graphite
f 121/9/9 169/10/10 145/11/11 97/12/12
f 147/25/25 158/26/26 109/27/27 98/28/28
f 171/29/29 182/30/30 159/31/31 146/32/32
f 181/37/37 133/38/38 110/39/39 157/40/40
f 99/41/41 111/42/42 135/43/43 122/44/44
f 123/45/45 134/46/46 183/47/47 170/48/48
f 313/57/57 361/58/58 337/59/59 289/60/60
f 339/73/73 350/74/74 301/75/75 290/76/76
f 363/77/77 374/78/78 351/79/79 338/80/80
f 373/85/85 325/86/86 302/87/87 349/88/88
f 291/89/89 303/90/90 327/91/91 314/92/92
f 315/93/93 326/94/94 375/95/95 362/96/96
f 505/100/57 553/58/58 529/59/59 481/101/60
f 531/73/73 542/74/74 493/108/75 482/109/76
f 555/77/77 566/78/78 543/79/79 530/80/80
f 565/85/85 517/114/86 494/115/87 541/88/88
f 483/89/89 495/90/90 519/91/91 506/92/92
f 507/116/93 518/117/94 567/95/95 554/96/96
f 697/120/57 745/58/58 721/121/59 673/122/60
f 723/129/73 734/130/74 685/131/75 674/132/76
f 747/77/77 758/78/78 735/79/79 722/80/80
f 757/85/85 709/137/86 686/138/87 733/139/88
f 675/89/89 687/90/90 711/91/91 698/92/92
f 699/140/93 710/141/94 759/95/95 746/142/96
f 889/146/57 937/58/58 913/121/59 865/147/60
f 915/129/73 926/130/74 877/154/75 866/76/76
f 939/77/77 950/78/78 927/79/79 914/80/80
f 985/155/107 1033/156/108 1009/157/109 961/158/110
f 949/85/85 901/159/86 878/160/87 925/88/88
f 867/89/89 879/90/90 903/91/91 890/92/92
f 891/161/93 902/117/94 951/95/95 938/142/96
f 1011/162/111 1022/163/112 973/164/113 962/165/114
f 1035/166/115 1046/167/116 1023/168/117 1010/169/118
f 1081/170/119 1129/171/120 1105/172/121 1057/173/122
f 1045/174/123 997/175/124 974/176/125 1021/177/126
f 963/178/127 975/179/128 999/180/129 986/181/130
f 987/182/131 998/183/132 1047/184/133 1034/185/134
f 1107/186/135 1118/187/136 1069/188/137 1058/189/138
f 1131/190/139 1142/191/140 1119/192/141 1106/193/142
f 1177/170/119 1225/171/120 1201/172/121 1153/173/122
f 1141/194/143 1093/195/144 1070/196/145 1117/197/146
f 1059/198/147 1071/199/148 1095/200/149 1082/201/150
f 1083/202/151 1094/203/152 1143/204/153 1130/205/154
f 1203/186/135 1214/187/136 1165/188/137 1154/189/138
f 1227/190/139 1238/191/140 1215/192/141 1202/193/142
f 1273/170/119 1321/171/120 1297/172/121 1249/173/122
f 1237/194/143 1189/195/144 1166/196/145 1213/197/146
f 1155/198/147 1167/199/148 1191/200/149 1178/201/150
f 1179/202/151 1190/203/152 1239/204/153 1226/205/154
f 1299/186/135 1310/187/136 1261/188/137 1250/189/138
f 1323/190/139 1334/191/140 1311/192/141 1298/193/142
f 1369/206/119 1417/207/120 1393/208/121 1345/209/122
f 1333/194/143 1285/195/144 1262/196/145 1309/197/146
f 1251/198/147 1263/199/148 1287/200/149 1274/201/150
f 1275/202/151 1286/203/152 1335/204/153 1322/205/154
f 1395/210/135 1406/211/136 1357/212/137 1346/213/138
f 1419/190/139 1430/191/140 1407/192/141 1394/193/142
f 1465/206/119 1513/207/120 1489/208/121 1441/209/122
f 1429/214/143 1381/215/144 1358/216/145 1405/217/146
f 1347/198/147 1359/199/148 1383/200/149 1370/201/150
f 1371/218/151 1382/219/152 1431/220/153 1418/221/154
f 1491/210/135 1502/211/136 1453/212/137 1442/213/138
f 1515/190/139 1526/191/140 1503/192/141 1490/193/142
f 1561/206/119 1609/207/120 1585/208/121 1537/209/122
f 1525/214/143 1477/215/144 1454/216/145 1501/217/146
f 1443/198/147 1455/199/148 1479/200/149 1466/201/150
f 1467/218/151 1478/219/152 1527/220/153 1514/221/154
f 1587/210/135 1598/211/136 1549/212/137 1538/213/138
f 1611/190/139 1622/191/140 1599/192/141 1586/193/142
f 1657/206/119 1705/207/120 1681/208/121 1633/209/122
f 1621/214/143 1573/215/144 1550/216/145 1597/217/146
f 1539/198/147 1551/199/148 1575/200/149 1562/201/150
f 1563/218/151 1574/219/152 1623/220/153 1610/221/154
f 1683/210/135 1694/211/136 1645/212/137 1634/213/138
f 1707/190/139 1718/191/140 1695/192/141 1682/193/142
f 1753/222/119 1801/223/120 1777/224/121 1729/225/122
f 1717/214/143 1669/215/144 1646/216/145 1693/217/146
f 1635/198/147 1647/199/148 1671/200/149 1658/201/150
f 1659/218/151 1670/219/152 1719/220/153 1706/221/154
f 1779/226/135 1790/227/136 1741/228/137 1730/229/138
f 1803/190/139 1814/191/140 1791/192/141 1778/193/142
f 1849/230/119 1897/231/120 1873/232/121 1825/233/122
f 1813/234/143 1765/235/144 1742/236/145 1789/237/146
f 1731/198/147 1743/199/148 1767/200/149 1754/201/150
f 1755/238/151 1766/239/152 1815/240/153 1802/241/154
f 1875/242/135 1886/243/136 1837/244/137 1826/245/138
f 1899/190/139 1910/191/140 1887/192/141 1874/193/142
f 1945/246/119 1993/223/120 1969/224/121 1921/247/122
f 1909/234/143 1861/235/144 1838/248/145 1885/249/146
f 1827/198/147 1839/199/148 1863/200/149 1850/201/150
f 1851/250/151 1862/251/152 1911/252/153 1898/253/154
f 1971/254/135 1982/227/136 1933/255/137 1922/256/138
f 1995/190/139 2006/191/140 1983/192/141 1970/193/142
f 2041/257/119 2089/223/120 2065/224/121 2017/247/122
f 2005/258/143 1957/235/144 1934/259/145 1981/260/146
f 1923/198/147 1935/199/148 1959/200/149 1946/201/150
f 1947/261/151 1958/262/152 2007/263/153 1994/264/154
f 2067/254/135 2078/265/136 2029/266/137 2018/256/138
f 2091/190/139 2102/191/140 2079/192/141 2066/193/142
f 2137/267/119 2185/268/120 2161/269/121 2113/270/122
f 2101/271/143 2053/235/144 2030/259/145 2077/260/146
f 2019/198/147 2031/199/148 2055/200/149 2042/201/150
f 2043/261/151 2054/251/152 2103/272/153 2090/264/154
f 2163/242/135 2174/243/136 2125/266/137 2114/229/138
f 2187/190/139 2198/191/140 2175/192/141 2162/193/142
f 2233/222/119 2281/223/120 2257/224/121 2209/225/122
f 2197/271/143 2149/273/144 2126/259/145 2173/260/146
f 2115/198/147 2127/199/148 2151/200/149 2138/201/150
f 2139/274/151 2150/275/152 2199/252/153 2186/253/154
f 2259/226/135 2270/227/136 2221/228/137 2210/229/138
f 2283/190/139 2294/191/140 2271/192/141 2258/193/142
f 2329/222/119 2377/223/120 2353/224/121 2305/225/122
f 2293/234/143 2245/235/144 2222/236/145 2269/237/146
f 2211/198/147 2223/199/148 2247/200/149 2234/201/150
f 2235/238/151 2246/239/152 2295/240/153 2282/241/154
f 2355/226/135 2366/227/136 2317/228/137 2306/229/138
f 2379/190/139 2390/191/140 2367/192/141 2354/193/142
f 2425/206/119 2473/207/120 2449/208/121 2401/209/122
f 2389/234/143 2341/235/144 2318/236/145 2365/237/146
f 2307/198/147 2319/199/148 2343/200/149 2330/201/150
f 2331/238/151 2342/239/152 2391/240/153 2378/241/154
f 2451/210/135 2462/211/136 2413/212/137 2402/213/138
f 2475/190/139 2486/191/140 2463/192/141 2450/193/142
f 2521/206/119 2569/207/120 2545/208/121 2497/209/122
f 2485/214/143 2437/215/144 2414/216/145 2461/217/146
f 2403/198/147 2415/199/148 2439/200/149 2426/201/150
f 2427/218/151 2438/219/152 2487/220/153 2474/221/154
f 2547/210/135 2558/211/136 2509/212/137 2498/213/138
f 2571/190/139 2582/191/140 2559/192/141 2546/193/142
f 2617/206/119 2665/207/120 2641/208/121 2593/209/122
f 2581/214/143 2533/215/144 2510/216/145 2557/217/146
f 2499/198/147 2511/199/148 2535/200/149 2522/201/150
f 2523/218/151 2534/219/152 2583/220/153 2570/221/154
f 2643/210/135 2654/211/136 2605/212/137 2594/213/138
f 2667/190/139 2678/191/140 2655/192/141 2642/193/142
f 2677/214/143 2629/215/144 2606/216/145 2653/217/146
f 2595/198/147 2607/199/148 2631/200/149 2618/201/150
f 2619/218/151 2630/219/152 2679/220/153 2666/221/154
f 97/12/314 100/387/315 102/388/316 101/389/317
f 100/387/315 104/390/318 105/391/159 102/388/160
f 98/28/319 103/392/320 105/393/162 104/394/318
f 103/395/321 107/396/322 108/397/323 105/288/162
f 99/41/324 106/398/325 108/397/169 107/396/322
f 106/399/326 101/389/327 102/388/173 108/400/169
f 102/388/173 105/391/159 108/400/323
f 109/27/328 112/401/329 114/402/330 113/403/331
f 112/401/332 116/404/333 117/405/334 114/402/335
f 110/39/336 115/406/337 117/407/338 116/408/339
f 115/409/340 119/410/341 120/411/342 117/303/186
f 111/42/343 118/412/344 120/411/185 119/410/345
f 118/412/346 113/413/347 114/414/176 120/411/348
f 114/402/176 117/405/180 120/415/193
f 121/9/349 124/416/350 126/417/351 125/418/352
f 124/416/353 128/419/354 129/420/199 126/417/195
f 122/44/355 127/421/356 129/422/207 128/423/357
f 127/421/358 131/424/359 132/425/206 129/422/360
f 123/45/45 130/426/361 132/425/362 131/424/363
f 130/427/364 125/418/365 126/417/195 132/428/206
f 126/417/195 129/420/366 132/428/206
f 133/38/367 136/429/368 138/430/219 137/431/369
f 136/432/368 140/433/370 141/434/221 138/435/219
f 134/46/46 139/436/371 141/434/372 140/433/373
f 139/436/371 143/437/374 144/438/375 141/434/376
f 135/43/377 142/439/378 144/438/379 143/437/374
f 142/439/380 137/440/381 138/334/232 144/438/228
f 138/435/232 141/434/221 144/441/375
f 145/11/382 148/442/383 150/443/384 149/444/385
f 148/442/383 152/445/386 153/446/387 150/443/240
f 146/32/388 151/447/389 153/446/239 152/445/390
f 151/447/391 155/448/392 156/449/246 153/446/393
f 147/25/394 154/450/395 156/449/396 155/448/397
f 154/451/398 149/444/399 150/443/384 156/452/253
f 150/443/235 153/453/400 156/452/246
f 157/40/401 160/454/402 162/455/403 161/456/404
f 160/457/402 164/458/405 165/459/258 162/460/259
f 158/26/406 163/461/407 165/459/261 164/458/408
f 163/461/409 167/462/410 168/463/411 165/459/261
f 159/31/412 166/464/413 168/463/268 167/462/410
f 166/464/414 161/456/415 162/455/272 168/463/268
f 162/460/272 165/459/258 168/465/411
f 169/10/416 172/466/417 174/467/275 173/468/418
f 172/466/419 176/469/420 177/470/281 174/467/279
f 170/48/48 175/471/421 177/472/422 176/473/423
f 175/471/424 179/474/425 180/475/285 177/472/426
f 171/29/427 178/476/428 180/475/288 179/474/429
f 178/476/430 173/468/431 174/467/292 180/475/288
f 174/467/292 177/470/281 180/477/293
f 181/37/432 184/478/433 186/479/434 185/480/435
f 184/478/436 188/481/437 189/482/299 186/479/300
f 182/30/438 187/483/439 189/482/307 188/481/440
f 187/483/441 191/484/442 192/485/306 189/482/443
f 183/47/47 190/486/444 192/485/445 191/484/446
f 190/486/447 185/487/448 186/488/295 192/485/313
f 186/489/295 189/482/449 192/490/306
f 289/60/533 292/595/534 294/596/173 293/597/535
f 292/595/534 296/598/536 297/599/159 294/596/160
f 290/76/537 295/600/538 297/601/162 296/602/536
f 295/603/539 299/604/540 300/605/323 297/288/162
f 291/89/541 298/606/168 300/605/457 299/604/542
f 298/607/171 293/597/543 294/596/173 300/608/174
f 294/596/173 297/599/159 300/608/323
f 301/75/75 304/609/544 306/610/176 305/611/545
f 304/609/544 308/612/546 309/613/180 306/610/176
f 302/87/547 307/614/548 309/615/180 308/616/549
f 307/617/183 311/618/184 312/619/193 309/303/186
f 303/90/550 310/620/551 312/619/191 311/618/552
f 310/620/553 305/621/554 306/622/176 312/619/348
f 306/610/192 309/613/180 312/623/193
f 313/57/555 316/624/556 318/625/195 317/626/557
f 316/624/197 320/627/203 321/628/366 318/625/200
f 314/92/558 319/629/559 321/630/207 320/631/560
f 319/629/561 323/632/562 324/633/206 321/630/360
f 315/93/563 322/634/564 324/633/206 323/632/565
f 322/635/564 317/626/566 318/625/195 324/636/206
f 318/625/195 321/628/366 324/636/213
f 325/86/567 328/637/568 330/638/215 329/639/569
f 328/640/568 332/641/570 333/642/218 330/643/219
f 326/94/571 331/644/572 333/642/221 332/641/570
f 331/644/573 335/645/574 336/646/375 333/642/221
f 327/91/575 334/647/227 336/646/379 335/645/576
f 334/647/230 329/648/577 330/334/232 336/646/233
f 330/643/232 333/642/218 336/649/375
f 337/59/59 340/650/578 342/651/384 341/652/579
f 340/650/234 344/653/243 345/654/239 342/651/240
f 338/80/580 343/655/581 345/654/239 344/653/243
f 343/655/582 347/656/583 348/657/246 345/654/239
f 339/73/584 346/658/585 348/657/246 347/656/586
f 346/659/585 341/652/587 342/651/235 348/660/246
f 342/651/235 345/661/400 348/660/246
f 349/88/88 352/662/588 354/663/255 353/664/589
f 352/665/588 356/666/590 357/667/258 354/668/272
f 350/74/591 355/669/592 357/667/261 356/666/590
f 355/669/593 359/670/594 360/671/595 357/667/261
f 351/79/596 358/672/267 360/671/268 359/670/597
f 358/672/267 353/664/598 354/663/272 360/671/268
f 354/668/272 357/667/261 360/673/411
f 361/58/58 364/674/599 366/675/275 365/676/600
f 364/674/599 368/677/601 369/678/278 366/675/292
f 362/96/602 367/679/603 369/680/281 368/681/601
f 367/679/604 371/682/605 372/683/606 369/680/281
f 363/77/607 370/684/287 372/683/288 371/682/608
f 370/684/609 365/676/610 366/675/292 372/683/288
f 366/675/292 369/678/281 372/685/516
f 373/85/611 376/686/612 378/687/434 377/688/613
f 376/686/294 380/689/303 381/690/299 378/687/300
f 374/78/614 379/691/615 381/690/299 380/689/303
f 379/691/616 383/692/617 384/693/306 381/690/312
f 375/95/618 382/694/619 384/693/306 383/692/620
f 382/694/619 377/695/621 378/696/295 384/693/306
f 378/697/295 381/690/449 384/698/306
f 481/101/60 484/741/657 486/596/316 485/597/535
f 484/741/534 488/742/658 489/599/159 486/596/173
f 482/109/537 487/600/538 489/601/162 488/743/536
f 487/603/539 491/604/540 492/605/169 489/288/162
f 483/89/541 490/606/168 492/605/457 491/604/542
f 490/607/168 485/597/543 486/596/156 492/608/169
f 486/596/173 489/599/162 492/608/323
f 493/108/659 496/744/544 498/610/176 497/611/660
f 496/744/661 500/745/546 501/613/180 498/610/192
f 494/115/87 499/614/548 501/615/627 500/746/549
f 499/617/181 503/618/184 504/619/185 501/303/186
f 495/90/550 502/620/553 504/619/185 503/618/184
f 502/620/553 497/621/662 498/622/176 504/619/470
f 498/610/192 501/613/180 504/747/193
f 505/100/57 508/624/556 510/625/630 509/748/557
f 508/624/194 512/627/203 513/628/199 510/625/200
f 506/92/558 511/629/561 513/630/199 512/631/203
f 511/629/663 515/632/664 516/633/206 513/630/199
f 507/116/563 514/749/564 516/633/206 515/632/665
f 514/750/666 509/748/566 510/625/195 516/636/213
f 510/625/195 513/628/366 516/636/206
f 517/114/86 520/751/568 522/638/667 521/639/569
f 520/752/568 524/753/668 525/642/218 522/643/219
f 518/117/571 523/644/572 525/642/221 524/753/570
f 523/644/573 527/645/574 528/646/228 525/642/221
f 519/91/575 526/647/227 528/646/379 527/645/576
f 526/647/227 521/648/577 522/334/215 528/646/228
f 522/643/232 525/642/221 528/754/375
f 529/59/59 532/650/578 534/651/384 533/652/579
f 532/650/669 536/653/238 537/654/239 534/651/240
f 530/80/80 535/655/581 537/654/247 536/653/243
f 535/655/582 539/656/670 540/657/246 537/654/247
f 531/73/584 538/658/585 540/657/396 539/656/586
f 538/659/585 533/652/587 534/651/235 540/660/246
f 534/651/235 537/661/400 540/660/253
f 541/88/88 544/662/588 546/663/272 545/664/589
f 544/665/588 548/666/590 549/667/258 546/668/272
f 542/74/591 547/669/671 549/667/261 548/666/590
f 547/669/593 551/670/594 552/671/265 549/667/261
f 543/79/596 550/672/267 552/671/268 551/670/597
f 550/672/267 545/664/598 546/663/272 552/671/268
f 546/668/272 549/667/261 552/673/411
f 553/58/58 556/674/599 558/675/292 557/676/600
f 556/674/599 560/677/601 561/678/278 558/675/292
f 554/96/602 559/679/603 561/680/281 560/681/601
f 559/679/604 563/682/605 564/683/285 561/680/281
f 555/77/607 562/684/287 564/683/288 563/682/608
f 562/684/609 557/676/610 558/675/292 564/683/288
f 558/675/292 561/678/281 564/685/516
f 565/85/85 568/686/612 570/687/434 569/688/613
f 568/686/672 572/689/298 573/690/299 570/687/300
f 566/78/78 571/691/615 573/690/307 572/689/303
f 571/691/616 575/692/617 576/693/306 573/690/307
f 567/95/618 574/694/619 576/693/445 575/692/620
f 574/694/619 569/695/621 570/696/295 576/693/306
f 570/697/295 573/690/449 576/698/313
f 673/122/533 676/741/534 678/596/156 677/784/157
f 676/741/534 680/742/536 681/599/159 678/596/173
f 674/132/537 679/600/538 681/601/162 680/743/536
f 679/603/539 683/785/540 684/605/166 681/288/162
f 675/89/541 682/606/168 684/605/457 683/785/542
f 682/607/168 677/784/543 678/596/173 684/608/169
f 678/596/173 681/599/159 684/608/323
f 685/131/694 688/744/544 690/610/176 689/611/660
f 688/744/544 692/745/546 693/613/180 690/610/192
f 686/138/547 691/614/548 693/615/180 692/746/549
f 691/617/695 695/618/628 696/619/185 693/303/186
f 687/90/550 694/620/553 696/619/185 695/618/552
f 694/620/553 689/621/662 690/622/176 696/619/348
f 690/610/192 693/613/180 696/786/193
f 697/120/555 700/624/556 702/787/195 701/626/557
f 700/624/197 704/627/203 705/628/199 702/787/195
f 698/92/558 703/629/561 705/630/207 704/631/203
f 703/629/561 707/632/664 708/633/478 705/630/360
f 699/140/563 706/634/564 708/633/206 707/632/665
f 706/635/564 701/626/566 702/787/195 708/636/213
f 702/787/195 705/628/199 708/636/213
f 709/137/567 712/751/568 714/638/215 713/639/216
f 712/752/568 716/753/570 717/642/218 714/643/232
f 710/141/571 715/788/572 717/642/221 716/753/570
f 715/788/573 719/645/574 720/646/225 717/642/221
f 711/91/575 718/647/227 720/646/379 719/645/576
f 718/647/227 713/648/577 714/334/232 720/646/228
f 714/643/232 717/642/218 720/789/375
f 721/121/59 724/790/234 726/651/384 725/791/579
f 724/790/237 728/653/696 729/654/239 726/651/235
f 722/80/697 727/655/582 729/654/239 728/653/243
f 727/655/582 731/792/583 732/657/246 729/654/247
f 723/129/584 730/658/585 732/657/246 731/792/586
f 730/793/585 725/791/587 726/651/235 732/660/253
f 726/651/235 729/794/387 732/660/253
f 733/139/88 736/795/588 738/663/255 737/664/589
f 736/796/588 740/797/590 741/667/258 738/668/259
f 734/130/591 739/669/592 741/667/261 740/797/590
f 739/669/593 743/670/594 744/671/265 741/667/261
f 735/79/596 742/672/267 744/671/509 743/670/597
f 742/672/688 737/664/598 738/663/272 744/671/268
f 738/668/272 741/667/258 744/673/273
f 745/58/58 748/798/599 750/675/275 749/676/276
f 748/798/599 752/677/601 753/678/278 750/675/279
f 746/142/602 751/799/698 753/680/281 752/681/601
f 751/799/604 755/682/605 756/683/285 753/680/281
f 747/77/607 754/684/287 756/683/519 755/682/608
f 754/684/290 749/676/610 750/675/292 756/683/288
f 750/675/292 753/678/691 756/800/293
f 757/85/85 760/801/612 762/687/434 761/802/613
f 760/801/297 764/689/303 765/690/299 762/687/300
f 758/78/699 763/691/616 765/690/299 764/689/700
f 763/691/616 767/803/701 768/693/306 765/690/307
f 759/95/618 766/804/619 768/693/306 767/803/620
f 766/804/619 761/805/621 762/696/295 768/693/306
f 762/697/295 765/690/526 768/698/313
f 865/147/60 868/812/534 870/596/156 869/597/157
f 868/812/534 872/813/536 873/814/159 870/596/160
f 866/76/704 871/600/539 873/601/162 872/815/536
f 871/603/539 875/604/540 876/605/166 873/288/162
f 867/89/541 874/606/168 876/605/169 875/604/542
f 874/607/171 869/597/172 870/596/173 876/608/169
f 870/596/173 873/814/705 876/608/174
f 877/154/694 880/744/544 882/610/176 881/611/545
f 880/744/544 884/612/546 885/816/180 882/610/176
f 878/160/87 883/614/181 885/817/334 884/616/549
f 883/617/183 887/618/184 888/619/185 885/303/180
f 879/90/550 886/620/553 888/619/185 887/618/184
f 886/620/553 881/621/662 882/622/176 888/619/191
f 882/610/192 885/816/180 888/818/342
f 889/146/57 892/819/194 894/625/195 893/820/557
f 892/819/197 896/627/706 897/628/199 894/625/195
f 890/92/558 895/629/561 897/630/199 896/631/203
f 895/629/561 899/821/562 900/822/206 897/630/207
f 891/161/707 898/634/564 900/822/206 899/821/565
f 898/823/564 893/820/566 894/625/195 900/824/206
f 894/625/195 897/628/474 900/824/213
f 901/159/86 904/637/568 906/825/215 905/639/216
f 904/826/568 908/827/570 909/642/218 906/643/219
f 902/117/571 907/828/572 909/642/221 908/827/570
f 907/828/573 911/645/574 912/646/225 909/642/221
f 903/91/575 910/647/227 912/646/228 911/645/576
f 910/647/708 905/648/231 906/334/232 912/646/228
f 906/643/232 909/642/218 912/754/233
f 913/121/59 916/790/234 918/651/384 917/791/579
f 916/790/237 920/653/696 921/654/239 918/651/235
f 914/80/697 919/655/582 921/654/239 920/653/243
f 919/655/582 923/792/583 924/829/246 921/654/247
f 915/129/584 922/830/585 924/829/246 923/792/586
f 922/793/585 917/791/587 918/651/235 924/831/246
f 918/651/235 921/794/387 924/831/253
f 925/88/88 928/795/588 930/832/255 929/664/256
f 928/796/588 932/833/590 933/667/258 930/668/259
f 926/130/591 931/669/592 933/667/261 932/833/590
f 931/669/593 935/670/594 936/671/265 933/667/261
f 927/79/596 934/672/267 936/671/268 935/670/597
f 934/672/688 929/664/271 930/832/272 936/671/268
f 930/668/272 933/667/258 936/673/273
f 937/58/58 940/798/599 942/675/275 941/676/276
f 940/798/599 944/677/601 945/678/278 942/675/279
f 938/142/602 943/799/698 945/680/281 944/681/601
f 943/799/604 947/682/605 948/683/285 945/680/281
f 939/77/607 946/684/287 948/683/288 947/682/608
f 946/684/290 941/676/291 942/675/292 948/683/288
f 942/675/292 945/678/281 948/800/293
f 949/85/85 952/801/294 954/687/434 953/802/613
f 952/801/297 956/689/303 957/690/299 954/687/295
f 950/78/699 955/691/616 957/690/299 956/689/303
f 955/691/616 959/803/701 960/693/306 957/690/307
f 951/95/618 958/804/619 960/693/306 959/803/620
f 958/804/619 953/834/621 954/696/295 960/693/306
f 954/697/295 957/690/526 960/698/313
f 961/158/110 964/835/709 966/836/156 965/837/157
f 964/835/709 968/838/710 969/839/159 966/836/160
f 962/165/114 967/840/711 969/841/162 968/842/710
f 967/843/711 971/844/712 972/845/166 969/288/162
f 963/178/713 970/846/168 972/845/169 971/844/714
f 970/847/715 965/837/543 966/836/173 972/848/169
f 966/836/173 969/839/162 972/848/174
f 973/164/716 976/849/717 978/850/176 977/851/718
f 976/849/719 980/852/720 981/853/180 978/850/192
f 974/176/125 979/854/181 981/855/334 980/856/720
f 979/857/183 983/858/628 984/859/185 981/303/186
f 975/179/128 982/860/721 984/859/185 983/858/184
f 982/860/722 977/861/718 978/862/176 984/859/348
f 978/850/192 981/853/180 984/863/193
f 985/155/107 988/864/194 990/865/351 989/866/723
f 988/864/197 992/867/203 993/868/199 990/865/195
f 986/181/724 991/869/725 993/870/199 992/871/203
f 991/869/726 995/872/727 996/873/206 993/870/360
f 987/182/131 994/874/728 996/873/362 995/872/727
f 994/875/729 989/866/723 990/865/195 996/876/206
f 990/865/195 993/868/366 996/876/206
f 997/175/730 1000/877/731 1002/878/215 1001/879/216
f 1000/880/731 1004/881/732 1005/882/218 1002/883/219
f 998/183/132 1003/884/733 1005/882/221 1004/881/732
f 1003/884/733 1007/885/734 1008/886/225 1005/882/221
f 999/180/129 1006/887/227 1008/886/228 1007/885/735
f 1006/887/230 1001/888/216 1002/334/232 1008/886/228
f 1002/883/232 1005/882/221 1008/889/233
f 1009/157/109 1012/890/578 1014/891/384 1013/892/736
f 1012/890/237 1016/893/696 1017/894/239 1014/891/235
f 1010/169/118 1015/895/737 1017/894/247 1016/893/243
f 1015/895/738 1019/896/739 1020/897/246 1017/894/247
f 1011/162/740 1018/898/741 1020/897/246 1019/896/739
f 1018/899/742 1013/892/736 1014/891/384 1020/900/253
f 1014/891/235 1017/901/400 1020/900/246
f 1021/177/126 1024/902/743 1026/903/255 1025/904/589
f 1024/905/743 1028/906/744 1029/907/258 1026/908/259
f 1022/163/112 1027/909/745 1029/907/261 1028/906/746
f 1027/909/745 1031/910/747 1032/911/265 1029/907/261
f 1023/168/117 1030/912/267 1032/911/268 1031/910/747
f 1030/912/270 1025/904/598 1026/903/272 1032/911/268
f 1026/908/272 1029/907/261 1032/913/273
f 1033/156/108 1036/914/748 1038/915/292 1037/916/600
f 1036/914/748 1040/917/749 1041/918/278 1038/915/292
f 1034/185/134 1039/919/750 1041/920/281 1040/921/751
f 1039/919/750 1043/922/752 1044/923/285 1041/920/281
f 1035/166/115 1042/924/287 1044/923/288 1043/922/752
f 1042/924/287 1037/916/610 1038/915/275 1044/923/288
f 1038/915/292 1041/918/281 1044/925/516
f 1045/174/123 1048/926/612 1050/927/434 1049/928/753
f 1048/926/672 1052/929/298 1053/930/299 1050/927/300
f 1046/167/116 1051/931/754 1053/930/299 1052/929/303
f 1051/931/755 1055/932/756 1056/933/306 1053/930/307
f 1047/184/133 1054/934/757 1056/933/445 1055/932/756
f 1054/934/758 1049/935/753 1050/936/295 1056/933/313
f 1050/937/295 1053/930/449 1056/938/313
f 1057/173/759 1060/939/760 1062/940/623 1061/941/761
f 1060/939/762 1064/942/763 1065/943/159 1062/940/160
f 1058/189/138 1063/944/764 1065/945/765 1064/946/766
f 1063/947/764 1067/948/767 1068/949/673 1065/288/162
f 1059/198/147 1066/950/768 1068/949/169 1067/948/767
f 1066/951/769 1061/941/327 1062/940/173 1068/952/174
f 1062/940/173 1065/943/162 1068/952/323
f 1069/188/137 1072/953/770 1074/954/176 1073/955/771
f 1072/953/770 1076/956/772 1077/957/334 1074/954/335
f 1070/196/145 1075/958/337 1077/959/338 1076/960/773
f 1075/961/337 1079/962/341 1080/963/342 1077/303/186
f 1071/199/148 1078/964/774 1080/963/185 1079/962/775
f 1078/964/774 1073/965/776 1074/966/176 1080/963/348
f 1074/954/192 1077/957/180 1080/967/193
f 1081/170/119 1084/968/350 1086/969/195 1085/970/777
f 1084/968/350 1088/971/357 1089/972/199 1086/969/195
f 1082/201/150 1087/973/778 1089/974/199 1088/975/357
f 1087/973/779 1091/976/780 1092/977/206 1089/974/360
f 1083/202/151 1090/978/781 1092/977/362 1091/976/780
f 1090/979/781 1085/970/782 1086/969/195 1092/980/206
f 1086/969/195 1089/972/366 1092/980/206
f 1093/195/783 1096/981/784 1098/982/215 1097/983/381
f 1096/984/785 1100/985/786 1101/986/221 1098/987/219
f 1094/203/152 1099/988/787 1101/986/221 1100/985/786
f 1099/988/788 1103/989/789 1104/990/683 1101/986/221
f 1095/200/149 1102/991/378 1104/990/379 1103/989/789
f 1102/991/790 1097/992/381 1098/334/232 1104/990/228
f 1098/987/232 1101/986/221 1104/993/375
f 1105/172/121 1108/994/791 1110/995/637 1109/996/792
f 1108/994/791 1112/997/793 1113/998/239 1110/995/240
f 1106/193/142 1111/999/794 1113/998/239 1112/997/795
f 1111/999/796 1115/1000/797 1116/1001/246 1113/998/252
f 1107/186/135 1114/1002/798 1116/1001/246 1115/1000/799
f 1114/1003/798 1109/996/800 1110/995/384 1116/1004/253
f 1110/995/235 1113/1005/400 1116/1004/253
f 1117/197/801 1120/1006/802 1122/1007/259 1121/1008/415
f 1120/1009/803 1124/1010/804 1125/1011/258 1122/1012/259
f 1118/187/136 1123/1013/805 1125/1011/806 1124/1010/804
f 1123/1013/807 1127/1014/808 1128/1015/411 1125/1011/261
f 1119/192/141 1126/1016/809 1128/1015/509 1127/1014/810
f 1126/1016/414 1121/1008/415 1122/1007/272 1128/1015/273
f 1122/1012/272 1125/1011/258 1128/1017/411
f 1129/171/811 1132/1018/812 1134/1019/275 1133/1020/813
f 1132/1018/814 1136/1021/815 1137/1022/278 1134/1019/292
f 1130/205/154 1135/1023/816 1137/1024/422 1136/1025/817
f 1135/1023/816 1139/1026/818 1140/1027/606 1137/1024/281
f 1131/190/139 1138/1028/428 1140/1027/519 1139/1026/819
f 1138/1028/820 1133/1020/431 1134/1019/275 1140/1027/288
f 1134/1019/292 1137/1022/278 1140/1029/293
f 1141/194/143 1144/1030/433 1146/1031/295 1145/1032/821
f 1144/1030/822 1148/1033/823 1149/1034/449 1146/1031/295
f 1142/191/140 1147/1035/824 1149/1034/307 1148/1033/440
f 1147/1035/825 1151/1036/826 1152/1037/306 1149/1034/443
f 1143/204/153 1150/1038/827 1152/1037/445 1151/1036/828
f 1150/1038/829 1145/1039/830 1146/1040/295 1152/1037/306
f 1146/1041/295 1149/1034/312 1152/1042/306
f 1153/173/759 1156/939/760 1158/940/156 1157/941/327
f 1156/939/762 1160/942/763 1161/943/159 1158/940/160
f 1154/189/138 1159/944/831 1161/945/162 1160/946/763
f 1159/947/764 1163/948/767 1164/949/323 1161/288/162
f 1155/198/147 1162/950/768 1164/949/457 1163/948/832
f 1162/951/833 1157/941/327 1158/940/156 1164/952/169
f 1158/940/173 1161/943/159 1164/952/323
f 1165/188/137 1168/953/834 1170/954/176 1169/955/771
f 1168/953/770 1172/956/772 1173/957/180 1170/954/176
f 1166/196/145 1171/958/337 1173/959/627 1172/960/773
f 1171/961/835 1175/962/836 1176/963/342 1173/303/186
f 1167/199/148 1174/964/774 1176/963/470 1175/962/345
f 1174/964/774 1169/965/776 1170/966/176 1176/963/348
f 1170/954/192 1173/957/180 1176/967/193
f 1177/170/119 1180/968/350 1182/969/195 1181/970/777
f 1180/968/350 1184/971/357 1185/972/199 1182/969/195
f 1178/201/150 1183/973/778 1185/974/207 1184/975/357
f 1183/973/778 1187/976/780 1188/977/206 1185/974/360
f 1179/202/151 1186/978/781 1188/977/206 1187/976/780
f 1186/979/781 1181/970/782 1182/969/195 1188/980/206
f 1182/969/195 1185/972/366 1188/980/213
f 1189/195/783 1192/981/784 1194/982/219 1193/983/381
f 1192/984/785 1196/985/786 1197/986/221 1194/987/219
f 1190/203/152 1195/988/787 1197/986/837 1196/985/838
f 1195/988/788 1199/989/789 1200/990/683 1197/986/221
f 1191/200/149 1198/991/378 1200/990/379 1199/989/789
f 1198/991/790 1193/992/381 1194/334/232 1200/990/228
f 1194/987/232 1197/986/221 1200/993/375
f 1201/172/121 1204/994/791 1206/995/637 1205/996/792
f 1204/994/791 1208/997/793 1209/998/239 1206/995/235
f 1202/193/142 1207/999/794 1209/998/239 1208/997/390
f 1207/999/839 1211/1000/797 1212/1001/246 1209/998/393
f 1203/186/135 1210/1002/840 1212/1001/246 1211/1000/799
f 1210/1003/798 1205/996/800 1206/995/235 1212/1004/246
f 1206/995/235 1209/1005/400 1212/1004/246
f 1213/197/801 1216/1006/802 1218/1007/259 1217/1008/415
f 1216/1009/803 1220/1010/804 1221/1011/258 1218/1012/259
f 1214/187/136 1219/1013/807 1221/1011/261 1220/1010/804
f 1219/1013/807 1223/1014/810 1224/1015/411 1221/1011/261
f 1215/192/141 1222/1016/809 1224/1015/509 1223/1014/841
f 1222/1016/414 1217/1008/415 1218/1007/272 1224/1015/273
f 1218/1012/272 1221/1011/258 1224/1017/411
f 1225/171/811 1228/1018/812 1230/1019/279 1229/1020/813
f 1228/1018/814 1232/1021/842 1233/1022/281 1230/1019/279
f 1226/205/154 1231/1023/816 1233/1024/422 1232/1025/817
f 1231/1023/816 1235/1026/843 1236/1027/516 1233/1024/844
f 1227/190/139 1234/1028/428 1236/1027/519 1235/1026/819
f 1234/1028/820 1229/1020/431 1230/1019/292 1236/1027/288
f 1230/1019/292 1233/1022/281 1236/1029/516
f 1237/194/143 1240/1030/433 1242/1031/295 1241/1032/821
f 1240/1030/822 1244/1033/437 1245/1034/526 1242/1031/295
f 1238/191/140 1243/1035/824 1245/1034/299 1244/1033/440
f 1243/1035/824 1247/1036/826 1248/1037/306 1245/1034/443
f 1239/204/153 1246/1038/827 1248/1037/445 1247/1036/826
f 1246/1038/829 1241/1039/830 1242/1040/295 1248/1037/306
f 1242/1041/295 1245/1034/312 1248/1042/306
f 1249/173/759 1252/939/760 1254/940/845 1253/941/761
f 1252/939/762 1256/942/763 1257/943/159 1254/940/160
f 1250/189/138 1255/944/764 1257/945/765 1256/946/766
f 1255/947/764 1259/948/846 1260/949/323 1257/288/162
f 1251/198/147 1258/950/768 1260/949/457 1259/948/767
f 1258/951/769 1253/941/327 1254/940/173 1260/952/174
f 1254/940/173 1257/943/162 1260/952/323
f 1261/188/137 1264/953/770 1266/954/330 1265/955/776
f 1264/953/770 1268/956/772 1269/957/180 1266/954/176
f 1262/196/145 1267/958/337 1269/959/334 1268/960/773
f 1267/961/337 1271/962/341 1272/963/342 1269/303/180
f 1263/199/148 1270/964/774 1272/963/185 1271/962/345
f 1270/964/847 1265/965/776 1266/966/176 1272/963/470
f 1266/954/192 1269/957/180 1272/967/193
f 1273/170/119 1276/968/350 1278/969/195 1277/970/777
f 1276/968/350 1280/971/354 1281/972/199 1278/969/195
f 1274/201/150 1279/973/778 1281/974/207 1280/975/357
f 1279/973/778 1283/976/780 1284/977/206 1281/974/360
f 1275/202/151 1282/978/781 1284/977/362 1283/976/780
f 1282/979/781 1277/970/782 1278/969/195 1284/980/206
f 1278/969/195 1281/972/366 1284/980/206
f 1285/195/144 1288/981/784 1290/982/215 1289/983/381
f 1288/984/785 1292/985/848 1293/986/221 1290/987/219
f 1286/203/152 1291/988/787 1293/986/372 1292/985/838
f 1291/988/788 1295/989/789 1296/990/375 1293/986/376
f 1287/200/149 1294/991/849 1296/990/228 1295/989/789
f 1294/991/790 1289/992/381 1290/334/232 1296/990/228
f 1290/987/232 1293/986/221 1296/993/233
f 1297/172/121 1300/994/791 1302/995/637 1301/996/792
f 1300/994/791 1304/997/850 1305/998/400 1302/995/240
f 1298/193/142 1303/999/794 1305/998/239 1304/997/795
f 1303/999/839 1307/1000/797 1308/1001/246 1305/998/393
f 1299/186/135 1306/1002/851 1308/1001/246 1307/1000/799
f 1306/1003/798 1301/996/800 1302/995/235 1308/1004/246
f 1302/995/235 1305/1005/400 1308/1004/253
f 1309/197/146 1312/1006/802 1314/1007/501 1313/1008/415
f 1312/1009/803 1316/1010/804 1317/1011/258 1314/1012/272
f 1310/187/136 1315/1013/807 1317/1011/261 1316/1010/804
f 1315/1013/807 1319/1014/852 1320/1015/411 1317/1011/261
f 1311/192/141 1318/1016/413 1320/1015/268 1319/1014/810
f 1318/1016/853 1313/1008/415 1314/1007/272 1320/1015/273
f 1314/1012/272 1317/1011/258 1320/1017/411
f 1321/171/811 1324/1018/812 1326/1019/279 1325/1020/813
f 1324/1018/814 1328/1021/842 1329/1022/281 1326/1019/279
f 1322/205/154 1327/1023/816 1329/1024/422 1328/1025/817
f 1327/1023/816 1331/1026/843 1332/1027/516 1329/1024/844
f 1323/190/139 1330/1028/428 1332/1027/519 1331/1026/819
f 1330/1028/820 1325/1020/431 1326/1019/292 1332/1027/288
f 1326/1019/292 1329/1022/281 1332/1029/516
f 1333/194/143 1336/1030/433 1338/1031/295 1337/1032/821
f 1336/1030/822 1340/1033/437 1341/1034/526 1338/1031/300
f 1334/191/140 1339/1035/824 1341/1034/307 1340/1033/440
f 1339/1035/824 1343/1036/826 1344/1037/306 1341/1034/443
f 1335/204/153 1342/1038/827 1344/1037/306 1343/1036/826
f 1342/1038/827 1337/1039/830 1338/1040/295 1344/1037/313
f 1338/1041/295 1341/1034/312 1344/1042/306
f 1345/209/759 1348/1043/760 1350/1044/623 1349/1045/327
f 1348/1043/762 1352/1046/763 1353/1047/159 1350/1044/160
f 1346/213/138 1351/944/831 1353/945/162 1352/1048/766
f 1351/947/831 1355/948/846 1356/949/169 1353/288/162
f 1347/198/147 1354/950/325 1356/949/169 1355/948/767
f 1354/951/769 1349/1045/327 1350/1044/156 1356/952/169
f 1350/1044/173 1353/1047/705 1356/952/323
f 1357/212/137 1360/1049/854 1362/1050/176 1361/955/855
f 1360/1049/770 1364/1051/772 1365/957/180 1362/1050/192
f 1358/216/145 1363/958/337 1365/959/338 1364/1052/773
f 1363/961/835 1367/962/836 1368/963/185 1365/303/186
f 1359/199/148 1366/964/774 1368/963/185 1367/962/345
f 1366/964/847 1361/965/776 1362/966/176 1368/963/185
f 1362/1050/192 1365/957/180 1368/1053/342
f 1369/206/119 1372/1054/350 1374/1055/195 1373/1056/777
f 1372/1054/350 1376/971/354 1377/972/199 1374/1055/195
f 1370/201/150 1375/973/778 1377/974/207 1376/975/357
f 1375/973/778 1379/1057/780 1380/1058/206 1377/974/360
f 1371/218/151 1378/1059/856 1380/1058/362 1379/1057/857
f 1378/1060/781 1373/1056/782 1374/1055/195 1380/1061/206
f 1374/1055/195 1377/972/199 1380/1061/206
f 1381/215/144 1384/1062/784 1386/1063/215 1385/983/381
f 1384/1064/785 1388/1065/786 1389/1066/221 1386/1067/232
f 1382/219/152 1387/1068/787 1389/1066/221 1388/1065/838
f 1387/1068/788 1391/989/789 1392/990/683 1389/1066/221
f 1383/200/149 1390/991/378 1392/990/379 1391/989/789
f 1390/991/790 1385/992/381 1386/334/232 1392/990/228
f 1386/1067/232 1389/1066/221 1392/1069/228
f 1393/208/121 1396/1070/791 1398/1071/637 1397/1072/792
f 1396/1070/858 1400/997/793 1401/998/387 1398/1071/240
f 1394/193/142 1399/999/794 1401/998/239 1400/997/390
f 1399/999/839 1403/1073/797 1404/1001/246 1401/998/393
f 1395/210/135 1402/1074/798 1404/1001/246 1403/1073/797
f 1402/1075/798 1397/1072/800 1398/1071/235 1404/1076/253
f 1398/1071/235 1401/1077/400 1404/1076/253
f 1405/217/801 1408/1078/802 1410/1079/403 1409/1080/415
f 1408/1081/803 1412/1082/804 1413/1083/258 1410/1012/272
f 1406/211/136 1411/1084/807 1413/1083/261 1412/1082/804
f 1411/1084/805 1415/1014/852 1416/1015/411 1413/1083/261
f 1407/192/141 1414/1016/413 1416/1015/268 1415/1014/810
f 1414/1016/414 1409/1080/415 1410/1079/255 1416/1015/268
f 1410/1012/272 1413/1083/258 1416/1085/411
f 1417/207/120 1420/1086/812 1422/1019/292 1421/1087/859
f 1420/1086/814 1424/1088/842 1425/1089/281 1422/1019/292
f 1418/221/154 1423/1090/816 1425/1024/281 1424/1091/817
f 1423/1090/860 1427/1026/843 1428/1027/606 1425/1024/281
f 1419/190/139 1426/1028/428 1428/1027/519 1427/1026/819
f 1426/1028/820 1421/1087/431 1422/1019/292 1428/1027/288
f 1422/1019/292 1425/1089/281 1428/1092/285
f 1429/214/143 1432/1093/433 1434/1031/295 1433/1094/821
f 1432/1093/433 1436/1033/823 1437/1034/299 1434/1031/300
f 1430/191/140 1435/1035/824 1437/1034/307 1436/1033/440
f 1435/1035/824 1439/1095/826 1440/1096/306 1437/1034/443
f 1431/220/153 1438/1097/861 1440/1096/445 1439/1095/828
f 1438/1097/827 1433/1098/830 1434/1040/295 1440/1096/306
f 1434/1041/295 1437/1034/449 1440/1042/306
f 1441/209/759 1444/1043/760 1446/1044/623 1445/1045/327
f 1444/1043/762 1448/1046/763 1449/1047/159 1446/1044/160
f 1442/213/138 1447/944/764 1449/945/162 1448/1048/862
f 1447/947/764 1451/948/767 1452/949/166 1449/288/162
f 1443/198/147 1450/950/768 1452/949/169 1451/948/767
f 1450/951/769 1445/1045/327 1446/1044/156 1452/952/169
f 1446/1044/173 1449/1047/162 1452/952/323
f 1453/212/137 1456/1049/863 1458/1050/176 1457/955/855
f 1456/1049/770 1460/1051/772 1461/957/180 1458/1050/192
f 1454/216/145 1459/958/337 1461/959/338 1460/1052/773
f 1459/961/835 1463/962/836 1464/963/185 1461/303/186
f 1455/199/148 1462/964/774 1464/963/185 1463/962/345
f 1462/964/864 1457/965/776 1458/966/176 1464/963/470
f 1458/1050/192 1461/957/180 1464/1053/342
f 1465/206/119 1468/1054/350 1470/1055/195 1469/1056/777
f 1468/1054/350 1472/971/354 1473/972/199 1470/1055/195
f 1466/201/150 1471/973/778 1473/974/207 1472/975/357
f 1471/973/779 1475/1057/780 1476/1058/206 1473/974/360
f 1467/218/151 1474/1059/856 1476/1058/865 1475/1057/857
f 1474/1060/856 1469/1056/782 1470/1055/195 1476/1061/213
f 1470/1055/195 1473/972/199 1476/1061/206
f 1477/215/144 1480/1062/784 1482/1063/215 1481/983/381
f 1480/1064/785 1484/1065/786 1485/1066/221 1482/1067/232
f 1478/219/152 1483/1068/787 1485/1066/221 1484/1065/838
f 1483/1068/866 1487/989/867 1488/990/683 1485/1066/221
f 1479/200/149 1486/991/849 1488/990/379 1487/989/789
f 1486/991/790 1481/992/381 1482/334/232 1488/990/228
f 1482/1067/232 1485/1066/221 1488/1069/375
f 1489/208/121 1492/1070/791 1494/1071/637 1493/1072/792
f 1492/1070/791 1496/997/390 1497/998/387 1494/1071/235
f 1490/193/142 1495/999/794 1497/998/239 1496/997/390
f 1495/999/839 1499/1073/797 1500/1001/246 1497/998/247
f 1491/210/135 1498/1074/798 1500/1001/246 1499/1073/799
f 1498/1075/798 1493/1072/800 1494/1071/235 1500/1076/253
f 1494/1071/235 1497/1077/400 1500/1076/253
f 1501/217/801 1504/1078/802 1506/1079/403 1505/1080/415
f 1504/1081/803 1508/1082/804 1509/1083/258 1506/1012/272
f 1502/211/136 1507/1084/807 1509/1083/261 1508/1082/804
f 1507/1084/868 1511/1014/810 1512/1015/265 1509/1083/261
f 1503/192/141 1510/1016/414 1512/1015/268 1511/1014/810
f 1510/1016/414 1505/1080/869 1506/1079/272 1512/1015/268
f 1506/1012/272 1509/1083/258 1512/1085/411
f 1513/207/120 1516/1086/812 1518/1019/292 1517/1087/859
f 1516/1086/814 1520/1088/842 1521/1089/278 1518/1019/292
f 1514/221/154 1519/1090/816 1521/1024/281 1520/1091/817
f 1519/1090/860 1523/1026/819 1524/1027/606 1521/1024/650
f 1515/190/139 1522/1028/428 1524/1027/519 1523/1026/819
f 1522/1028/820 1517/1087/431 1518/1019/292 1524/1027/288
f 1518/1019/292 1521/1089/281 1524/1092/288
f 1525/214/143 1528/1093/433 1530/1031/295 1529/1094/821
f 1528/1093/433 1532/1033/437 1533/1034/299 1530/1031/295
f 1526/191/140 1531/1035/824 1533/1034/299 1532/1033/440
f 1531/1035/870 1535/1095/826 1536/1096/306 1533/1034/443
f 1527/220/153 1534/1097/861 1536/1096/445 1535/1095/826
f 1534/1097/827 1529/1098/830 1530/1040/295 1536/1096/306
f 1530/1041/295 1533/1034/449 1536/1042/313
f 1537/209/122 1540/1043/760 1542/1044/623 1541/1045/327
f 1540/1043/762 1544/1046/763 1545/1047/159 1542/1044/160
f 1538/213/138 1543/944/764 1545/945/162 1544/1048/862
f 1543/947/764 1547/948/846 1548/949/673 1545/288/162
f 1539/198/871 1546/950/325 1548/949/457 1547/948/767
f 1546/951/769 1541/1045/327 1542/1044/173 1548/952/169
f 1542/1044/173 1545/1047/162 1548/952/174
f 1549/212/137 1552/1049/854 1554/1050/176 1553/955/776
f 1552/1049/770 1556/1051/772 1557/957/180 1554/1050/192
f 1550/216/145 1555/958/337 1557/959/338 1556/1052/773
f 1555/961/835 1559/962/836 1560/963/185 1557/303/186
f 1551/199/148 1558/964/774 1560/963/185 1559/962/345
f 1558/964/864 1553/965/776 1554/966/176 1560/963/470
f 1554/1050/192 1557/957/180 1560/1053/193
f 1561/206/119 1564/1054/350 1566/1055/195 1565/1056/777
f 1564/1054/350 1568/971/354 1569/972/199 1566/1055/195
f 1562/201/150 1567/973/778 1569/974/207 1568/975/357
f 1567/973/778 1571/1057/780 1572/1058/206 1569/974/360
f 1563/218/151 1570/1059/856 1572/1058/865 1571/1057/780
f 1570/1060/856 1565/1056/782 1566/1055/195 1572/1061/206
f 1566/1055/195 1569/972/366 1572/1061/206
f 1573/215/144 1576/1062/784 1578/1063/215 1577/983/381
f 1576/1064/785 1580/1065/786 1581/1066/221 1578/1067/232
f 1574/219/152 1579/1068/787 1581/1066/372 1580/1065/838
f 1579/1068/787 1583/989/789 1584/990/683 1581/1066/221
f 1575/200/149 1582/991/380 1584/990/379 1583/989/789
f 1582/991/790 1577/992/381 1578/334/232 1584/990/228
f 1578/1067/232 1581/1066/221 1584/1069/225
f 1585/208/121 1588/1070/791 1590/1071/637 1589/1072/792
f 1588/1070/791 1592/997/386 1593/998/239 1590/1071/240
f 1586/193/142 1591/999/794 1593/998/239 1592/997/390
f 1591/999/796 1595/1073/797 1596/1001/246 1593/998/247
f 1587/210/135 1594/1074/798 1596/1001/246 1595/1073/799
f 1594/1075/798 1589/1072/800 1590/1071/235 1596/1076/253
f 1590/1071/235 1593/1077/400 1596/1076/253
f 1597/217/801 1600/1078/802 1602/1079/403 1601/1080/415
f 1600/1081/803 1604/1082/804 1605/1083/258 1602/1012/272
f 1598/211/136 1603/1084/807 1605/1083/261 1604/1082/872
f 1603/1084/868 1607/1014/852 1608/1015/265 1605/1083/261
f 1599/192/141 1606/1016/873 1608/1015/268 1607/1014/810
f 1606/1016/414 1601/1080/869 1602/1079/272 1608/1015/268
f 1602/1012/272 1605/1083/258 1608/1085/411
f 1609/207/120 1612/1086/812 1614/1019/292 1613/1087/859
f 1612/1086/814 1616/1088/815 1617/1089/281 1614/1019/292
f 1610/221/154 1615/1090/816 1617/1024/281 1616/1091/817
f 1615/1090/860 1619/1026/843 1620/1027/606 1617/1024/650
f 1611/190/139 1618/1028/428 1620/1027/519 1619/1026/819
f 1618/1028/820 1613/1087/431 1614/1019/292 1620/1027/288
f 1614/1019/292 1617/1089/281 1620/1092/516
f 1621/214/143 1624/1093/433 1626/1031/295 1625/1094/821
f 1624/1093/433 1628/1033/823 1629/1034/299 1626/1031/300
f 1622/191/140 1627/1035/824 1629/1034/307 1628/1033/440
f 1627/1035/870 1631/1095/826 1632/1096/306 1629/1034/443
f 1623/220/153 1630/1097/861 1632/1096/445 1631/1095/828
f 1630/1097/827 1625/1098/830 1626/1040/295 1632/1096/306
f 1626/1041/295 1629/1034/312 1632/1042/306
f 1633/209/759 1636/1043/760 1638/1044/623 1637/1045/327
f 1636/1043/762 1640/1046/763 1641/1047/159 1638/1044/160
f 1634/213/138 1639/944/764 1641/945/162 1640/1048/862
f 1639/947/831 1643/948/846 1644/949/169 1641/288/162
f 1635/198/871 1642/950/325 1644/949/169 1643/948/767
f 1642/951/769 1637/1045/327 1638/1044/173 1644/952/169
f 1638/1044/173 1641/1047/705 1644/952/323
f 1645/212/137 1648/1049/854 1650/1050/176 1649/955/855
f 1648/1049/770 1652/1051/772 1653/957/180 1650/1050/176
f 1646/216/145 1651/958/337 1653/959/338 1652/1052/773
f 1651/961/835 1655/962/836 1656/963/185 1653/303/186
f 1647/199/148 1654/964/774 1656/963/185 1655/962/345
f 1654/964/864 1649/965/776 1650/966/176 1656/963/191
f 1650/1050/192 1653/957/180 1656/1053/342
f 1657/206/119 1660/1054/350 1662/1055/195 1661/1056/777
f 1660/1054/350 1664/971/354 1665/972/199 1662/1055/195
f 1658/201/150 1663/973/778 1665/974/207 1664/975/357
f 1663/973/778 1667/1057/780 1668/1058/206 1665/974/360
f 1659/218/151 1666/1059/856 1668/1058/865 1667/1057/857
f 1666/1060/856 1661/1056/782 1662/1055/195 1668/1061/206
f 1662/1055/195 1665/972/199 1668/1061/206
f 1669/215/783 1672/1062/784 1674/1063/232 1673/983/381
f 1672/1064/785 1676/1065/786 1677/1066/221 1674/1067/232
f 1670/219/152 1675/1068/787 1677/1066/221 1676/1065/838
f 1675/1068/866 1679/989/789 1680/990/683 1677/1066/221
f 1671/200/149 1678/991/378 1680/990/379 1679/989/789
f 1678/991/380 1673/992/381 1674/334/215 1680/990/228
f 1674/1067/232 1677/1066/221 1680/1069/228
f 1681/208/121 1684/1070/791 1686/1071/637 1685/1072/792
f 1684/1070/791 1688/997/390 1689/998/239 1686/1071/240
f 1682/193/142 1687/999/794 1689/998/239 1688/997/390
f 1687/999/839 1691/1073/797 1692/1001/246 1689/998/239
f 1683/210/135 1690/1074/798 1692/1001/246 1691/1073/797
f 1690/1075/798 1685/1072/800 1686/1071/235 1692/1076/253
f 1686/1071/235 1689/1077/400 1692/1076/253
f 1693/217/801 1696/1078/802 1698/1079/403 1697/1080/415
f 1696/1081/803 1700/1082/804 1701/1083/258 1698/1012/272
f 1694/211/136 1699/1084/807 1701/1083/261 1700/1082/804
f 1699/1084/868 1703/1014/810 1704/1015/265 1701/1083/261
f 1695/192/141 1702/1016/873 1704/1015/268 1703/1014/810
f 1702/1016/414 1697/1080/869 1698/1079/255 1704/1015/268
f 1698/1012/272 1701/1083/258 1704/1085/411
f 1705/207/120 1708/1086/812 1710/1019/292 1709/1087/859
f 1708/1086/812 1712/1088/842 1713/1089/281 1710/1019/292
f 1706/221/154 1711/1090/816 1713/1024/281 1712/1091/817
f 1711/1090/860 1715/1026/843 1716/1027/606 1713/1024/281
f 1707/190/139 1714/1028/428 1716/1027/519 1715/1026/819
f 1714/1028/874 1709/1087/431 1710/1019/292 1716/1027/288
f 1710/1019/292 1713/1089/281 1716/1092/516
f 1717/214/143 1720/1093/433 1722/1031/295 1721/1094/821
f 1720/1093/433 1724/1033/823 1725/1034/299 1722/1031/300
f 1718/191/140 1723/1035/824 1725/1034/307 1724/1033/440
f 1723/1035/870 1727/1095/826 1728/1096/306 1725/1034/443
f 1719/220/153 1726/1097/861 1728/1096/445 1727/1095/828
f 1726/1097/827 1721/1098/830 1722/1040/295 1728/1096/313
f 1722/1041/295 1725/1034/312 1728/1042/306
f 1729/225/122 1732/1099/760 1734/1044/156 1733/1045/327
f 1732/1099/762 1736/1100/763 1737/1047/159 1734/1044/160
f 1730/229/138 1735/944/764 1737/945/162 1736/1101/766
f 1735/947/831 1739/948/846 1740/949/673 1737/288/162
f 1731/198/147 1738/950/325 1740/949/457 1739/948/767
f 1738/951/769 1733/1045/327 1734/1044/173 1740/952/169
f 1734/1044/173 1737/1047/159 1740/952/323
f 1741/228/137 1744/1102/834 1746/1050/176 1745/955/776
f 1744/1102/770 1748/1103/772 1749/957/180 1746/1050/176
f 1742/236/145 1747/958/337 1749/959/334 1748/1104/773
f 1747/961/835 1751/962/836 1752/963/185 1749/303/180
f 1743/199/148 1750/964/774 1752/963/185 1751/962/345
f 1750/964/864 1745/965/776 1746/966/176 1752/963/193
f 1746/1050/192 1749/957/180 1752/1053/193
f 1753/222/119 1756/1054/350 1758/1055/195 1757/1105/777
f 1756/1054/350 1760/971/354 1761/972/199 1758/1055/195
f 1754/201/150 1759/973/778 1761/974/207 1760/975/875
f 1759/973/779 1763/1057/780 1764/1058/206 1761/974/360
f 1755/238/151 1762/1106/856 1764/1058/362 1763/1057/857
f 1762/1107/781 1757/1105/782 1758/1055/195 1764/1061/206
f 1758/1055/195 1761/972/366 1764/1061/206
f 1765/235/144 1768/1108/784 1770/1063/232 1769/983/381
f 1768/1109/785 1772/1110/848 1773/1066/221 1770/1067/219
f 1766/239/152 1771/1068/787 1773/1066/372 1772/1110/838
f 1771/1068/787 1775/989/789 1776/990/375 1773/1066/221
f 1767/200/149 1774/991/380 1776/990/379 1775/989/789
f 1774/991/790 1769/992/381 1770/334/232 1776/990/228
f 1770/1067/232 1773/1066/221 1776/1069/228
f 1777/224/121 1780/1070/791 1782/1071/384 1781/1111/792
f 1780/1070/791 1784/997/386 1785/998/239 1782/1071/240
f 1778/193/142 1783/999/794 1785/998/239 1784/997/390
f 1783/999/796 1787/1073/797 1788/1001/246 1785/998/252
f 1779/226/135 1786/1112/798 1788/1001/246 1787/1073/799
f 1786/1113/798 1781/1111/800 1782/1071/235 1788/1076/253
f 1782/1071/235 1785/1077/400 1788/1076/253
f 1789/237/801 1792/1114/802 1794/1079/255 1793/1080/415
f 1792/1115/803 1796/1116/804 1797/1083/258 1794/1012/272
f 1790/227/136 1795/1084/807 1797/1083/261 1796/1116/876
f 1795/1084/877 1799/1014/852 1800/1015/595 1797/1083/261
f 1791/192/141 1798/1016/413 1800/1015/509 1799/1014/810
f 1798/1016/853 1793/1080/415 1794/1079/272 1800/1015/273
f 1794/1012/272 1797/1083/258 1800/1085/411
f 1801/223/120 1804/1117/812 1806/1019/275 1805/1087/431
f 1804/1117/814 1808/1118/815 1809/1089/281 1806/1019/292
f 1802/241/154 1807/1090/816 1809/1024/422 1808/1119/817
f 1807/1090/816 1811/1026/819 1812/1027/606 1809/1024/281
f 1803/190/139 1810/1028/878 1812/1027/519 1811/1026/819
f 1810/1028/820 1805/1087/431 1806/1019/292 1812/1027/288
f 1806/1019/292 1809/1089/281 1812/1092/293
f 1813/234/143 1816/1093/433 1818/1031/295 1817/1120/821
f 1816/1093/822 1820/1033/823 1821/1034/312 1818/1031/295
f 1814/191/140 1819/1035/879 1821/1034/307 1820/1033/440
f 1819/1035/870 1823/1095/826 1824/1096/306 1821/1034/443
f 1815/240/153 1822/1121/861 1824/1096/445 1823/1095/828
f 1822/1121/861 1817/1122/830 1818/1040/434 1824/1096/306
f 1818/1041/295 1821/1034/312 1824/1042/306
f 1825/233/759 1828/1123/760 1830/1124/156 1829/1125/327
f 1828/1123/762 1832/1126/763 1833/1127/159 1830/1124/160
f 1826/245/138 1831/944/764 1833/945/162 1832/1101/766
f 1831/947/831 1835/948/846 1836/949/166 1833/288/162
f 1827/198/147 1834/950/325 1836/949/457 1835/948/767
f 1834/951/769 1829/1125/327 1830/1124/173 1836/952/169
f 1830/1124/173 1833/1127/162 1836/952/174
f 1837/244/137 1840/1128/834 1842/1050/176 1841/955/776
f 1840/1128/770 1844/1103/772 1845/957/180 1842/1050/192
f 1838/248/145 1843/958/337 1845/959/334 1844/1129/773
f 1843/961/835 1847/962/880 1848/963/185 1845/303/186
f 1839/199/148 1846/964/774 1848/963/185 1847/962/345
f 1846/964/864 1841/965/776 1842/966/176 1848/963/193
f 1842/1050/192 1845/957/180 1848/1053/193
f 1849/230/119 1852/1130/350 1854/1055/195 1853/1131/777
f 1852/1130/350 1856/971/881 1857/972/199 1854/1055/195
f 1850/201/150 1855/973/778 1857/974/207 1856/975/357
f 1855/973/779 1859/1132/780 1860/977/206 1857/974/360
f 1851/250/151 1858/1106/856 1860/977/362 1859/1132/857
f 1858/1133/781 1853/1131/782 1854/1055/195 1860/1061/206
f 1854/1055/195 1857/972/366 1860/1061/206
f 1861/235/144 1864/1108/784 1866/982/232 1865/983/381
f 1864/1134/785 1868/1110/786 1869/1066/221 1866/1135/219
f 1862/251/152 1867/1136/787 1869/1066/372 1868/1110/838
f 1867/1136/787 1871/989/789 1872/990/882 1869/1066/221
f 1863/200/149 1870/991/883 1872/990/683 1871/989/789
f 1870/991/790 1865/992/381 1866/334/232 1872/990/228
f 1866/1135/232 1869/1066/221 1872/1069/228
f 1873/232/121 1876/1137/791 1878/1071/384 1877/1138/792
f 1876/1137/791 1880/997/390 1881/998/239 1878/1071/240
f 1874/193/142 1879/999/794 1881/998/239 1880/997/390
f 1879/999/796 1883/1139/797 1884/1001/246 1881/998/247
f 1875/242/135 1882/1140/798 1884/1001/246 1883/1139/799
f 1882/1141/798 1877/1138/800 1878/1071/235 1884/1076/253
f 1878/1071/235 1881/1142/400 1884/1076/253
f 1885/249/801 1888/1143/802 1890/1007/255 1889/1144/415
f 1888/1145/803 1892/1146/804 1893/1147/258 1890/1012/272
f 1886/243/136 1891/1148/807 1893/1147/261 1892/1146/876
f 1891/1148/805 1895/1014/810 1896/1015/265 1893/1147/261
f 1887/192/141 1894/1016/414 1896/1015/268 1895/1014/810
f 1894/1016/414 1889/1144/415 1890/1007/272 1896/1015/268
f 1890/1012/272 1893/1147/258 1896/1149/411
f 1897/231/120 1900/1150/812 1902/1019/292 1901/1151/859
f 1900/1150/814 1904/1152/815 1905/1153/281 1902/1019/279
f 1898/253/154 1903/1154/816 1905/1155/281 1904/1156/842
f 1903/1154/884 1907/1026/843 1908/1027/606 1905/1155/281
f 1899/190/139 1906/1028/428 1908/1027/519 1907/1026/819
f 1906/1028/820 1901/1151/431 1902/1019/292 1908/1027/288
f 1902/1019/292 1905/1153/278 1908/1157/285
f 1909/234/143 1912/1158/433 1914/1031/434 1913/1159/821
f 1912/1158/822 1916/1033/437 1917/1034/299 1914/1031/295
f 1910/191/140 1915/1035/824 1917/1034/299 1916/1033/440
f 1915/1035/870 1919/1160/885 1920/1161/306 1917/1034/443
f 1911/252/153 1918/1162/827 1920/1161/445 1919/1160/828
f 1918/1162/829 1913/1163/830 1914/1164/295 1920/1161/306
f 1914/1041/295 1917/1034/449 1920/1042/306
f 1921/247/759 1924/1165/760 1926/1166/156 1925/1167/327
f 1924/1165/762 1928/1168/763 1929/1127/159 1926/1166/173
f 1922/256/138 1927/944/764 1929/945/162 1928/1101/862
f 1927/947/764 1931/948/846 1932/949/166 1929/288/162
f 1923/198/147 1930/950/769 1932/949/169 1931/948/767
f 1930/951/769 1925/1167/327 1926/1166/173 1932/952/169
f 1926/1166/173 1929/1127/159 1932/952/174
f 1933/255/137 1936/1128/854 1938/1169/176 1937/955/776
f 1936/1128/770 1940/1170/772 1941/957/180 1938/1169/192
f 1934/259/145 1939/958/337 1941/959/334 1940/1171/773
f 1939/961/835 1943/962/836 1944/963/185 1941/303/186
f 1935/199/148 1942/964/774 1944/963/185 1943/962/345
f 1942/964/864 1937/965/776 1938/966/176 1944/963/470
f 1938/1169/192 1941/957/180 1944/1172/193
f 1945/246/119 1948/1173/350 1950/1055/351 1949/1174/777
f 1948/1173/350 1952/971/357 1953/972/474 1950/1055/195
f 1946/201/150 1951/973/778 1953/974/199 1952/975/357
f 1951/973/779 1955/1175/780 1956/977/206 1953/974/207
f 1947/261/151 1954/1176/886 1956/977/206 1955/1175/780
f 1954/1177/781 1949/1174/782 1950/1055/195 1956/1061/206
f 1950/1055/195 1953/972/199 1956/1061/206
f 1957/235/144 1960/1178/784 1962/982/634 1961/983/887
f 1960/1179/785 1964/1110/786 1965/986/218 1962/1135/219
f 1958/262/152 1963/1180/787 1965/986/221 1964/1110/786
f 1963/1180/787 1967/989/789 1968/990/375 1965/986/221
f 1959/200/149 1966/991/849 1968/990/228 1967/989/789
f 1966/991/790 1961/992/381 1962/334/232 1968/990/228
f 1962/1135/232 1965/986/218 1968/1181/233
f 1969/224/121 1972/1182/791 1974/995/384 1973/1183/792
f 1972/1182/791 1976/997/850 1977/998/239 1974/995/240
f 1970/193/142 1975/999/794 1977/998/239 1976/997/390
f 1975/999/796 1979/1184/797 1980/1001/246 1977/998/252
f 1971/254/135 1978/1140/798 1980/1001/246 1979/1184/888
f 1978/1141/798 1973/1183/800 1974/995/235 1980/1185/253
f 1974/995/235 1977/1186/400 1980/1185/253
f 1981/260/801 1984/1143/802 1986/1007/255 1985/1187/415
f 1984/1188/803 1988/1116/804 1989/1147/258 1986/1012/272
f 1982/227/136 1987/1189/807 1989/1147/261 1988/1116/804
f 1987/1189/877 1991/1014/852 1992/1015/265 1989/1147/261
f 1983/192/141 1990/1016/873 1992/1015/268 1991/1014/810
f 1990/1016/414 1985/1187/415 1986/1007/272 1992/1015/268
f 1986/1012/272 1989/1147/258 1992/1190/411
f 1993/223/889 1996/1191/812 1998/1019/275 1997/1192/431
f 1996/1191/814 2000/1193/815 2001/1153/278 1998/1019/279
f 1994/264/154 1999/1194/816 2001/1024/281 2000/1195/842
f 1999/1194/816 2003/1026/819 2004/1027/516 2001/1024/281
f 1995/190/139 2002/1028/428 2004/1027/519 2003/1026/819
f 2002/1028/820 1997/1192/431 1998/1019/292 2004/1027/288
f 1998/1019/292 2001/1153/281 2004/1196/293
f 2005/258/143 2008/1093/433 2010/1031/434 2009/1120/821
f 2008/1093/822 2012/1033/437 2013/1034/526 2010/1031/300
f 2006/191/140 2011/1035/824 2013/1034/299 2012/1033/440
f 2011/1035/870 2015/1160/826 2016/1197/306 2013/1034/312
f 2007/263/153 2014/1198/890 2016/1197/306 2015/1160/826
f 2014/1198/861 2009/1163/830 2010/1164/295 2016/1197/306
f 2010/1041/295 2013/1034/449 2016/1042/313
f 2017/247/759 2020/1199/760 2022/1200/156 2021/1201/327
f 2020/1199/762 2024/1168/763 2025/943/159 2022/1200/173
f 2018/256/138 2023/944/764 2025/945/162 2024/1101/862
f 2023/947/831 2027/948/767 2028/949/166 2025/288/162
f 2019/198/147 2026/950/325 2028/949/169 2027/948/767
f 2026/951/769 2021/1201/327 2022/1200/173 2028/952/169
f 2022/1200/173 2025/943/162 2028/952/323
f 2029/266/137 2032/1202/854 2034/1050/176 2033/955/855
f 2032/1202/770 2036/1103/772 2037/957/180 2034/1050/192
f 2030/259/145 2035/958/337 2037/1203/334 2036/1171/773
f 2035/961/835 2039/962/836 2040/963/185 2037/303/180
f 2031/199/148 2038/964/774 2040/963/185 2039/962/345
f 2038/964/864 2033/965/776 2034/966/176 2040/963/348
f 2034/1050/192 2037/957/180 2040/1204/193
f 2041/257/119 2044/1205/350 2046/1055/351 2045/1174/777
f 2044/1205/350 2048/971/357 2049/972/474 2046/1055/195
f 2042/201/150 2047/973/778 2049/974/207 2048/975/357
f 2047/973/779 2051/1206/780 2052/977/206 2049/974/207
f 2043/261/151 2050/1207/891 2052/977/362 2051/1206/780
f 2050/1208/856 2045/1174/782 2046/1055/195 2052/1209/213
f 2046/1055/195 2049/972/199 2052/1209/206
f 2053/235/783 2056/1178/784 2058/982/667 2057/983/381
f 2056/1179/785 2060/1210/848 2061/1211/218 2058/1135/219
f 2054/251/152 2059/1212/787 2061/1211/221 2060/1210/848
f 2059/1212/866 2063/989/867 2064/990/225 2061/1211/221
f 2055/200/149 2062/991/378 2064/990/379 2063/989/789
f 2062/991/790 2057/992/381 2058/334/232 2064/990/228
f 2058/1135/232 2061/1211/218 2064/1213/375
f 2065/224/121 2068/1182/791 2070/995/384 2069/1183/792
f 2068/1182/791 2072/997/850 2073/998/239 2070/995/240
f 2066/193/142 2071/999/794 2073/998/239 2072/997/390
f 2071/999/796 2075/1184/797 2076/1001/246 2073/998/252
f 2067/254/135 2074/1112/798 2076/1001/246 2075/1184/888
f 2074/1214/798 2069/1183/800 2070/995/235 2076/1076/253
f 2070/995/235 2073/1186/400 2076/1076/253
f 2077/260/801 2080/1114/802 2082/1007/255 2081/1187/415
f 2080/1188/803 2084/1146/804 2085/1147/258 2082/1215/272
f 2078/265/136 2083/1189/807 2085/1147/261 2084/1146/804
f 2083/1189/877 2087/1014/852 2088/1015/265 2085/1147/261
f 2079/192/141 2086/1016/873 2088/1015/268 2087/1014/810
f 2086/1016/414 2081/1187/415 2082/1007/272 2088/1015/268
f 2082/1215/272 2085/1147/258 2088/1190/411
f 2089/223/889 2092/1191/812 2094/1019/275 2093/1192/431
f 2092/1191/814 2096/1118/842 2097/1022/278 2094/1019/279
f 2090/264/154 2095/1194/816 2097/1155/281 2096/1195/842
f 2095/1194/816 2099/1026/819 2100/1027/516 2097/1155/281
f 2091/190/139 2098/1028/428 2100/1027/519 2099/1026/819
f 2098/1028/820 2093/1192/431 2094/1019/292 2100/1027/288
f 2094/1019/292 2097/1022/278 2100/1196/516
f 2101/271/143 2104/1216/433 2106/1031/434 2105/1120/821
f 2104/1216/822 2108/1033/437 2109/1034/526 2106/1031/300
f 2102/191/140 2107/1035/824 2109/1034/299 2108/1033/440
f 2107/1035/870 2111/1160/826 2112/1161/306 2109/1034/312
f 2103/272/153 2110/1198/890 2112/1161/306 2111/1160/826
f 2110/1198/861 2105/1122/830 2106/1164/295 2112/1161/306
f 2106/1041/295 2109/1034/449 2112/1042/306
f 2113/270/122 2116/1217/760 2118/1166/156 2117/1218/327
f 2116/1217/762 2120/1219/763 2121/1127/159 2118/1166/173
f 2114/229/138 2119/944/764 2121/945/162 2120/1220/766
f 2119/947/831 2123/948/767 2124/949/166 2121/288/162
f 2115/198/147 2122/950/769 2124/949/169 2123/948/767
f 2122/951/325 2117/1218/327 2118/1166/173 2124/952/169
f 2118/1166/173 2121/1127/162 2124/952/166
f 2125/266/137 2128/1221/854 2130/1169/176 2129/955/776
f 2128/1221/770 2132/1170/772 2133/957/180 2130/1169/192
f 2126/259/145 2131/958/337 2133/959/334 2132/1171/773
f 2131/961/337 2135/962/880 2136/963/185 2133/303/186
f 2127/199/148 2134/964/774 2136/963/185 2135/962/345
f 2134/964/847 2129/965/776 2130/966/176 2136/963/470
f 2130/1169/192 2133/957/180 2136/1222/193
f 2137/267/119 2140/1223/350 2142/1055/351 2141/1224/777
f 2140/1223/350 2144/971/354 2145/972/199 2142/1055/200
f 2138/201/150 2143/973/778 2145/974/199 2144/975/357
f 2143/973/779 2147/1225/892 2148/977/206 2145/974/360
f 2139/274/151 2146/1176/781 2148/977/206 2147/1225/857
f 2146/1177/781 2141/1224/782 2142/1055/195 2148/1061/206
f 2142/1055/195 2145/972/199 2148/1061/213
f 2149/273/144 2152/1108/784 2154/982/215 2153/983/887
f 2152/1226/785 2156/1227/786 2157/986/221 2154/1135/219
f 2150/275/152 2155/1228/787 2157/986/372 2156/1227/786
f 2155/1228/788 2159/989/867 2160/990/375 2157/986/221
f 2151/200/149 2158/991/380 2160/990/379 2159/989/789
f 2158/991/790 2153/992/381 2154/334/232 2160/990/228
f 2154/1135/232 2157/986/221 2160/1229/375
f 2161/269/121 2164/1137/791 2166/995/637 2165/1230/792
f 2164/1137/791 2168/997/390 2169/998/239 2166/995/240
f 2162/193/142 2167/999/794 2169/998/239 2168/997/390
f 2167/999/796 2171/1139/797 2172/1001/246 2169/998/247
f 2163/242/135 2170/1140/798 2172/1001/246 2171/1139/799
f 2170/1141/798 2165/1230/800 2166/995/235 2172/1185/253
f 2166/995/235 2169/1142/400 2172/1185/253
f 2173/260/801 2176/1114/802 2178/1007/255 2177/1144/415
f 2176/1231/803 2180/1116/804 2181/1147/258 2178/1012/272
f 2174/243/136 2179/1084/807 2181/1147/261 2180/1116/876
f 2179/1084/805 2183/1014/852 2184/1015/265 2181/1147/261
f 2175/192/141 2182/1016/414 2184/1015/268 2183/1014/810
f 2182/1016/414 2177/1144/415 2178/1007/272 2184/1015/268
f 2178/1012/272 2181/1147/258 2184/1149/411
f 2185/268/120 2188/1232/812 2190/1019/275 2189/1151/431
f 2188/1232/814 2192/1193/842 2193/1153/281 2190/1019/279
f 2186/253/154 2191/1233/816 2193/1024/422 2192/1156/842
f 2191/1233/884 2195/1026/843 2196/1027/606 2193/1024/281
f 2187/190/139 2194/1028/428 2196/1027/519 2195/1026/819
f 2194/1028/820 2189/1151/431 2190/1019/292 2196/1027/288
f 2190/1019/292 2193/1153/278 2196/1157/288
f 2197/271/143 2200/1158/433 2202/1031/434 2201/1120/821
f 2200/1158/822 2204/1033/437 2205/1034/299 2202/1031/295
f 2198/191/140 2203/1035/824 2205/1034/299 2204/1033/440
f 2203/1035/825 2207/1160/826 2208/1197/306 2205/1034/443
f 2199/252/153 2206/1162/827 2208/1197/445 2207/1160/828
f 2206/1162/829 2201/1163/830 2202/1164/295 2208/1197/306
f 2202/1041/295 2205/1034/449 2208/1042/306
f 2209/225/759 2212/1099/760 2214/1044/156 2213/1045/327
f 2212/1099/762 2216/1100/763 2217/1047/159 2214/1044/160
f 2210/229/138 2215/944/764 2217/945/162 2216/1101/766
f 2215/947/831 2219/948/893 2220/949/673 2217/288/162
f 2211/198/871 2218/950/325 2220/949/457 2219/948/767
f 2218/951/769 2213/1045/327 2214/1044/173 2220/952/169
f 2214/1044/173 2217/1047/159 2220/952/174
f 2221/228/137 2224/1102/834 2226/1050/176 2225/955/776
f 2224/1102/770 2228/1103/772 2229/957/180 2226/1050/192
f 2222/236/145 2227/958/337 2229/959/334 2228/1104/773
f 2227/961/835 2231/962/880 2232/963/185 2229/303/186
f 2223/199/148 2230/964/774 2232/963/185 2231/962/345
f 2230/964/864 2225/965/776 2226/966/176 2232/963/193
f 2226/1050/192 2229/957/180 2232/1053/193
f 2233/222/119 2236/1054/350 2238/1055/351 2237/1105/777
f 2236/1054/350 2240/971/354 2241/972/199 2238/1055/195
f 2234/201/150 2239/973/778 2241/974/207 2240/975/357
f 2239/973/779 2243/1057/780 2244/1058/206 2241/974/360
f 2235/238/151 2242/1106/856 2244/1058/362 2243/1057/857
f 2242/1107/781 2237/1105/782 2238/1055/195 2244/1061/206
f 2238/1055/195 2241/972/366 2244/1061/206
f 2245/235/144 2248/1108/784 2250/1063/232 2249/983/381
f 2248/1109/785 2252/1110/786 2253/1066/221 2250/1067/219
f 2246/239/152 2251/1068/787 2253/1066/372 2252/1110/838
f 2251/1068/787 2255/989/789 2256/990/375 2253/1066/221
f 2247/200/149 2254/991/883 2256/990/683 2255/989/789
f 2254/991/790 2249/992/381 2250/334/232 2256/990/228
f 2250/1067/232 2253/1066/221 2256/1069/228
f 2257/224/121 2260/1070/791 2262/1071/384 2261/1111/792
f 2260/1070/791 2264/997/386 2265/998/239 2262/1071/240
f 2258/193/142 2263/999/794 2265/998/239 2264/997/390
f 2263/999/796 2267/1073/797 2268/1001/246 2265/998/252
f 2259/226/135 2266/1112/798 2268/1001/396 2267/1073/799
f 2266/1113/798 2261/1111/800 2262/1071/235 2268/1076/246
f 2262/1071/235 2265/1077/387 2268/1076/253
f 2269/237/801 2272/1114/802 2274/1079/255 2273/1080/415
f 2272/1115/803 2276/1116/804 2277/1083/258 2274/1012/272
f 2270/227/136 2275/1084/807 2277/1083/261 2276/1116/876
f 2275/1084/877 2279/1014/894 2280/1015/595 2277/1083/261
f 2271/192/141 2278/1016/413 2280/1015/509 2279/1014/841
f 2278/1016/414 2273/1080/415 2274/1079/272 2280/1015/268
f 2274/1012/272 2277/1083/258 2280/1085/273
f 2281/223/120 2284/1117/812 2286/1019/275 2285/1087/431
f 2284/1117/814 2288/1118/815 2289/1089/281 2286/1019/292
f 2282/241/154 2287/1090/816 2289/1024/422 2288/1119/817
f 2287/1090/816 2291/1026/819 2292/1027/606 2289/1024/281
f 2283/190/139 2290/1028/878 2292/1027/519 2291/1026/819
f 2290/1028/820 2285/1087/431 2286/1019/292 2292/1027/288
f 2286/1019/292 2289/1089/281 2292/1092/516
f 2293/234/143 2296/1093/433 2298/1031/295 2297/1120/821
f 2296/1093/822 2300/1033/437 2301/1034/299 2298/1031/295
f 2294/191/140 2299/1035/824 2301/1034/307 2300/1033/440
f 2299/1035/870 2303/1095/826 2304/1096/306 2301/1034/443
f 2295/240/153 2302/1121/861 2304/1096/445 2303/1095/826
f 2302/1121/861 2297/1122/830 2298/1040/434 2304/1096/306
f 2298/1041/895 2301/1034/449 2304/1042/306
f 2305/225/122 2308/1099/760 2310/1044/156 2309/1045/327
f 2308/1099/762 2312/1100/763 2313/1047/159 2310/1044/160
f 2306/229/138 2311/944/764 2313/945/162 2312/1101/766
f 2311/947/764 2315/948/893 2316/949/166 2313/288/162
f 2307/198/147 2314/950/325 2316/949/457 2315/948/767
f 2314/951/769 2309/1045/327 2310/1044/173 2316/952/174
f 2310/1044/173 2313/1047/159 2316/952/323
f 2317/228/137 2320/1102/834 2322/1050/176 2321/955/776
f 2320/1102/770 2324/1103/772 2325/957/180 2322/1050/176
f 2318/236/145 2323/958/337 2325/959/334 2324/1104/773
f 2323/961/835 2327/962/836 2328/963/185 2325/303/180
f 2319/199/148 2326/964/774 2328/963/185 2327/962/345
f 2326/964/864 2321/965/776 2322/966/176 2328/963/191
f 2322/1050/192 2325/957/180 2328/1053/193
f 2329/222/119 2332/1054/350 2334/1055/195 2333/1105/777
f 2332/1054/350 2336/971/354 2337/972/199 2334/1055/195
f 2330/201/150 2335/973/778 2337/974/207 2336/975/357
f 2335/973/779 2339/1057/780 2340/1058/206 2337/974/360
f 2331/238/151 2338/1106/781 2340/1058/362 2339/1057/780
f 2338/1107/781 2333/1105/782 2334/1055/195 2340/1061/206
f 2334/1055/195 2337/972/366 2340/1061/206
f 2341/235/144 2344/1108/784 2346/1063/232 2345/983/381
f 2344/1109/785 2348/1110/848 2349/1066/221 2346/1067/219
f 2342/239/152 2347/1068/787 2349/1066/372 2348/1110/838
f 2347/1068/787 2351/989/789 2352/990/375 2349/1066/221
f 2343/200/149 2350/991/883 2352/990/379 2351/989/789
f 2350/991/790 2345/992/381 2346/334/232 2352/990/228
f 2346/1067/232 2349/1066/221 2352/1069/228
f 2353/224/121 2356/1070/791 2358/1071/384 2357/1111/792
f 2356/1070/858 2360/997/386 2361/998/239 2358/1071/240
f 2354/193/142 2359/999/794 2361/998/239 2360/997/390
f 2359/999/796 2363/1073/797 2364/1001/246 2361/998/247
f 2355/226/135 2362/1112/798 2364/1001/246 2363/1073/799
f 2362/1113/798 2357/1111/800 2358/1071/235 2364/1076/246
f 2358/1071/235 2361/1077/400 2364/1076/253
f 2365/237/801 2368/1114/802 2370/1079/255 2369/1080/415
f 2368/1115/803 2372/1116/804 2373/1083/258 2370/1012/272
f 2366/227/136 2371/1084/807 2373/1083/261 2372/1116/876
f 2371/1084/868 2375/1014/810 2376/1015/265 2373/1083/261
f 2367/192/141 2374/1016/413 2376/1015/509 2375/1014/810
f 2374/1016/414 2369/1080/869 2370/1079/255 2376/1015/268
f 2370/1012/272 2373/1083/258 2376/1085/411
f 2377/223/889 2380/1117/812 2382/1019/292 2381/1087/431
f 2380/1117/814 2384/1118/815 2385/1089/281 2382/1019/292
f 2378/241/154 2383/1090/816 2385/1024/844 2384/1119/817
f 2383/1090/860 2387/1026/819 2388/1027/606 2385/1024/650
f 2379/190/139 2386/1028/428 2388/1027/519 2387/1026/819
f 2386/1028/874 2381/1087/431 2382/1019/292 2388/1027/288
f 2382/1019/292 2385/1089/281 2388/1092/516
f 2389/234/143 2392/1093/433 2394/1031/295 2393/1120/821
f 2392/1093/433 2396/1033/823 2397/1034/299 2394/1031/295
f 2390/191/140 2395/1035/824 2397/1034/307 2396/1033/440
f 2395/1035/870 2399/1095/826 2400/1096/306 2397/1034/443
f 2391/240/153 2398/1121/861 2400/1096/445 2399/1095/828
f 2398/1121/861 2393/1122/830 2394/1040/295 2400/1096/306
f 2394/1041/295 2397/1034/312 2400/1042/306
f 2401/209/122 2404/1043/760 2406/1044/623 2405/1045/327
f 2404/1043/762 2408/1046/763 2409/1047/159 2406/1044/160
f 2402/213/138 2407/944/831 2409/945/162 2408/1048/763
f 2407/947/764 2411/948/767 2412/949/166 2409/288/162
f 2403/198/147 2410/950/325 2412/949/457 2411/948/767
f 2410/951/769 2405/1045/327 2406/1044/156 2412/952/169
f 2406/1044/173 2409/1047/162 2412/952/174
f 2413/212/137 2416/1049/854 2418/1050/176 2417/955/855
f 2416/1049/770 2420/1051/772 2421/957/180 2418/1050/192
f 2414/216/145 2419/958/337 2421/959/338 2420/1052/773
f 2419/961/835 2423/962/836 2424/963/342 2421/303/186
f 2415/199/148 2422/964/774 2424/963/185 2423/962/775
f 2422/964/864 2417/965/776 2418/966/176 2424/963/470
f 2418/1050/192 2421/957/180 2424/1053/193
f 2425/206/119 2428/1054/350 2430/1055/630 2429/1056/777
f 2428/1054/350 2432/971/357 2433/972/199 2430/1055/195
f 2426/201/150 2431/973/896 2433/974/207 2432/975/357
f 2431/973/779 2435/1057/780 2436/1058/206 2433/974/360
f 2427/218/151 2434/1059/781 2436/1058/206 2435/1057/857
f 2434/1060/856 2429/1056/782 2430/1055/195 2436/1061/206
f 2430/1055/195 2433/972/366 2436/1061/206
f 2437/215/783 2440/1062/784 2442/1063/232 2441/983/381
f 2440/1064/785 2444/1065/786 2445/1066/221 2442/1067/232
f 2438/219/152 2443/1068/787 2445/1066/221 2444/1065/838
f 2443/1068/866 2447/989/789 2448/990/683 2445/1066/221
f 2439/200/149 2446/991/380 2448/990/379 2447/989/789
f 2446/991/380 2441/992/381 2442/334/232 2448/990/228
f 2442/1067/232 2445/1066/221 2448/1069/225
f 2449/208/121 2452/1070/791 2454/1071/637 2453/1072/792
f 2452/1070/791 2456/997/386 2457/998/239 2454/1071/240
f 2450/193/142 2455/999/794 2457/998/239 2456/997/390
f 2455/999/839 2459/1073/797 2460/1001/246 2457/998/239
f 2451/210/135 2458/1074/798 2460/1001/246 2459/1073/799
f 2458/1075/798 2453/1072/800 2454/1071/235 2460/1076/253
f 2454/1071/235 2457/1077/400 2460/1076/253
f 2461/217/801 2464/1078/802 2466/1079/403 2465/1080/415
f 2464/1081/803 2468/1082/804 2469/1083/258 2466/1012/272
f 2462/211/136 2467/1084/807 2469/1083/261 2468/1082/804
f 2467/1084/868 2471/1014/810 2472/1015/265 2469/1083/261
f 2463/192/141 2470/1016/413 2472/1015/268 2471/1014/810
f 2470/1016/414 2465/1080/869 2466/1079/272 2472/1015/268
f 2466/1012/272 2469/1083/258 2472/1085/411
f 2473/207/120 2476/1086/812 2478/1019/292 2477/1087/859
f 2476/1086/814 2480/1088/815 2481/1089/278 2478/1019/292
f 2474/221/154 2479/1090/816 2481/1024/281 2480/1091/817
f 2479/1090/816 2483/1026/843 2484/1027/606 2481/1024/281
f 2475/190/139 2482/1028/878 2484/1027/519 2483/1026/819
f 2482/1028/820 2477/1087/431 2478/1019/292 2484/1027/288
f 2478/1019/292 2481/1089/281 2484/1092/288
f 2485/214/143 2488/1093/433 2490/1031/295 2489/1094/821
f 2488/1093/433 2492/1033/437 2493/1034/299 2490/1031/295
f 2486/191/140 2491/1035/824 2493/1034/307 2492/1033/440
f 2491/1035/870 2495/1095/826 2496/1096/306 2493/1034/443
f 2487/220/153 2494/1097/861 2496/1096/445 2495/1095/826
f 2494/1097/827 2489/1098/830 2490/1040/295 2496/1096/313
f 2490/1041/295 2493/1034/449 2496/1042/306
f 2497/209/122 2500/1043/760 2502/1044/623 2501/1045/327
f 2500/1043/762 2504/1046/763 2505/1047/159 2502/1044/160
f 2498/213/138 2503/944/764 2505/945/162 2504/1048/862
f 2503/947/831 2507/948/846 2508/949/169 2505/288/162
f 2499/198/871 2506/950/325 2508/949/169 2507/948/767
f 2506/951/769 2501/1045/327 2502/1044/156 2508/952/169
f 2502/1044/173 2505/1047/705 2508/952/323
f 2509/212/137 2512/1049/863 2514/1050/176 2513/955/855
f 2512/1049/770 2516/1051/772 2517/957/180 2514/1050/192
f 2510/216/145 2515/958/337 2517/959/338 2516/1052/773
f 2515/961/835 2519/962/836 2520/963/185 2517/303/186
f 2511/199/148 2518/964/774 2520/963/185 2519/962/345
f 2518/964/864 2513/965/776 2514/966/176 2520/963/191
f 2514/1050/192 2517/957/180 2520/1053/342
f 2521/206/119 2524/1054/350 2526/1055/897 2525/1056/777
f 2524/1054/350 2528/971/875 2529/972/199 2526/1055/200
f 2522/201/150 2527/973/896 2529/974/207 2528/975/357
f 2527/973/778 2531/1057/780 2532/1058/478 2529/974/360
f 2523/218/151 2530/1059/856 2532/1058/206 2531/1057/857
f 2530/1060/856 2525/1056/782 2526/1055/195 2532/1061/213
f 2526/1055/195 2529/972/199 2532/1061/206
f 2533/215/783 2536/1062/784 2538/1063/232 2537/983/381
f 2536/1064/785 2540/1065/786 2541/1066/221 2538/1067/232
f 2534/219/152 2539/1068/787 2541/1066/221 2540/1065/838
f 2539/1068/866 2543/989/867 2544/990/683 2541/1066/221
f 2535/200/149 2542/991/378 2544/990/379 2543/989/789
f 2542/991/380 2537/992/381 2538/334/215 2544/990/228
f 2538/1067/232 2541/1066/221 2544/1069/228
f 2545/208/121 2548/1070/791 2550/1071/637 2549/1072/792
f 2548/1070/791 2552/997/386 2553/998/239 2550/1071/240
f 2546/193/142 2551/999/794 2553/998/239 2552/997/390
f 2551/999/796 2555/1073/797 2556/1001/246 2553/998/247
f 2547/210/135 2554/1074/798 2556/1001/246 2555/1073/799
f 2554/1075/798 2549/1072/800 2550/1071/235 2556/1076/253
f 2550/1071/235 2553/1077/400 2556/1076/253
f 2557/217/801 2560/1078/802 2562/1079/403 2561/1080/415
f 2560/1081/803 2564/1082/804 2565/1083/258 2562/1012/272
f 2558/211/136 2563/1084/807 2565/1083/261 2564/1082/804
f 2563/1084/868 2567/1014/852 2568/1015/265 2565/1083/261
f 2559/192/141 2566/1016/873 2568/1015/509 2567/1014/810
f 2566/1016/414 2561/1080/869 2562/1079/272 2568/1015/268
f 2562/1012/272 2565/1083/258 2568/1085/411
f 2569/207/120 2572/1086/812 2574/1019/292 2573/1087/859
f 2572/1086/814 2576/1088/815 2577/1089/278 2574/1019/292
f 2570/221/154 2575/1090/816 2577/1024/281 2576/1091/817
f 2575/1090/860 2579/1026/843 2580/1027/606 2577/1024/650
f 2571/190/139 2578/1028/428 2580/1027/519 2579/1026/819
f 2578/1028/820 2573/1087/431 2574/1019/292 2580/1027/288
f 2574/1019/292 2577/1089/281 2580/1092/288
f 2581/214/143 2584/1093/433 2586/1031/295 2585/1094/821
f 2584/1093/433 2588/1033/437 2589/1034/299 2586/1031/295
f 2582/191/140 2587/1035/824 2589/1034/307 2588/1033/440
f 2587/1035/870 2591/1095/826 2592/1096/306 2589/1034/443
f 2583/220/153 2590/1097/827 2592/1096/306 2591/1095/828
f 2590/1097/827 2585/1098/830 2586/1040/295 2592/1096/306
f 2586/1041/295 2589/1034/449 2592/1042/306
f 2593/209/759 2596/1043/760 2598/1044/623 2597/1045/327
f 2596/1043/762 2600/1046/763 2601/1047/159 2598/1044/160
f 2594/213/138 2599/944/764 2601/945/162 2600/1048/862
f 2599/947/764 2603/948/846 2604/949/673 2601/288/162
f 2595/198/147 2602/950/768 2604/949/169 2603/948/767
f 2602/951/769 2597/1045/327 2598/1044/173 2604/952/169
f 2598/1044/173 2601/1047/705 2604/952/323
f 2605/212/137 2608/1049/854 2610/1050/176 2609/955/776
f 2608/1049/770 2612/1051/772 2613/957/180 2610/1050/192
f 2606/216/145 2611/958/337 2613/959/627 2612/1052/773
f 2611/961/835 2615/962/836 2616/963/185 2613/303/186
f 2607/199/148 2614/964/774 2616/963/185 2615/962/345
f 2614/964/864 2609/965/776 2610/966/176 2616/963/348
f 2610/1050/192 2613/957/180 2616/1053/342
f 2617/206/119 2620/1054/350 2622/1055/195 2621/1056/777
f 2620/1054/350 2624/971/354 2625/972/199 2622/1055/195
f 2618/201/150 2623/973/778 2625/974/207 2624/975/357
f 2623/973/778 2627/1057/780 2628/1058/478 2625/974/360
f 2619/218/151 2626/1059/856 2628/1058/206 2627/1057/780
f 2626/1060/856 2621/1056/782 2622/1055/195 2628/1061/213
f 2622/1055/195 2625/972/199 2628/1061/206
f 2629/215/783 2632/1062/784 2634/1063/232 2633/983/381
f 2632/1064/785 2636/1065/786 2637/1066/221 2634/1067/232
f 2630/219/152 2635/1068/787 2637/1066/372 2636/1065/838
f 2635/1068/866 2639/989/789 2640/990/683 2637/1066/898
f 2631/200/149 2638/991/378 2640/990/379 2639/989/789
f 2638/991/790 2633/992/381 2634/334/232 2640/990/228
f 2634/1067/232 2637/1066/221 2640/1069/375
f 2641/208/121 2644/1070/791 2646/1071/637 2645/1072/792
f 2644/1070/858 2648/997/793 2649/998/239 2646/1071/240
f 2642/193/142 2647/999/794 2649/998/239 2648/997/390
f 2647/999/839 2651/1073/797 2652/1001/246 2649/998/247
f 2643/210/135 2650/1074/798 2652/1001/246 2651/1073/799
f 2650/1075/798 2645/1072/800 2646/1071/235 2652/1076/253
f 2646/1071/235 2649/1077/239 2652/1076/253
f 2653/217/801 2656/1078/802 2658/1079/403 2657/1080/415
f 2656/1081/803 2660/1082/804 2661/1083/258 2658/1012/272
f 2654/211/136 2659/1084/807 2661/1083/261 2660/1082/804
f 2659/1084/807 2663/1014/852 2664/1015/595 2661/1083/261
f 2655/192/141 2662/1016/413 2664/1015/268 2663/1014/810
f 2662/1016/414 2657/1080/415 2658/1079/255 2664/1015/268
f 2658/1012/272 2661/1083/258 2664/1085/411
f 2665/207/120 2668/1086/812 2670/1019/292 2669/1087/859
f 2668/1086/814 2672/1088/842 2673/1089/281 2670/1019/292
f 2666/221/154 2671/1090/816 2673/1024/281 2672/1091/817
f 2671/1090/816 2675/1026/843 2676/1027/606 2673/1024/281
f 2667/190/139 2674/1028/428 2676/1027/519 2675/1026/819
f 2674/1028/820 2669/1087/431 2670/1019/292 2676/1027/288
f 2670/1019/292 2673/1089/281 2676/1092/288
f 2677/214/143 2680/1093/433 2682/1031/295 2681/1094/821
f 2680/1093/433 2684/1033/823 2685/1034/299 2682/1031/300
f 2678/191/140 2683/1035/824 2685/1034/299 2684/1033/440
f 2683/1035/824 2687/1095/826 2688/1096/655 2685/1034/443
f 2679/220/153 2686/1097/861 2688/1096/445 2687/1095/826
f 2686/1097/827 2681/1098/830 2682/1040/295 2688/1096/313
f 2682/1041/295 2685/1034/449 2688/1042/313
f 121/9/9 97/12/12 101/389/317 124/416/931
f 124/416/932 101/389/933 106/399/326 128/419/934
f 128/423/935 106/398/325 99/41/324 122/44/355
f 98/28/28 109/27/27 113/403/331 103/392/936
f 103/395/321 113/413/347 118/412/937 107/396/938
f 107/396/322 118/412/346 111/42/939 99/41/940
f 110/39/39 133/38/38 137/431/941 115/406/942
f 115/409/943 137/440/944 142/439/945 119/410/946
f 119/410/947 142/439/948 135/43/377 111/42/343
f 134/46/949 123/45/950 131/424/363 139/436/951
f 139/436/952 131/424/953 127/421/358 143/437/954
f 143/437/374 127/421/356 122/44/955 135/43/956
f 169/10/416 121/9/957 125/418/958 172/466/417
f 172/466/419 125/418/365 130/427/364 176/469/420
f 176/473/423 130/426/361 123/45/959 170/48/960
f 133/38/367 181/37/432 185/480/435 136/429/961
f 136/432/368 185/487/448 190/486/447 140/433/370
f 140/433/373 190/486/444 183/47/962 134/46/963
f 182/30/964 171/29/965 179/474/429 187/483/439
f 187/483/441 179/474/966 175/471/424 191/484/967
f 191/484/446 175/471/968 170/48/969 183/47/970
f 145/11/11 169/10/10 173/468/971 148/442/972
f 148/442/973 173/468/974 178/476/975 152/445/976
f 152/445/977 178/476/428 171/29/427 146/32/388
f 181/37/37 157/40/40 161/456/978 184/478/979
f 184/478/980 161/456/981 166/464/982 188/481/983
f 188/481/984 166/464/413 159/31/412 182/30/438
f 158/26/26 147/25/25 155/448/397 163/461/407
f 163/461/409 155/448/392 151/447/391 167/462/985
f 167/462/410 151/447/389 146/32/986 159/31/987
f 97/12/314 145/11/382 149/444/385 100/387/450
f 100/387/315 149/444/988 154/451/398 104/390/989
f 104/394/318 154/450/395 147/25/25 98/28/28
f 157/40/401 110/39/336 116/408/463 160/454/990
f 160/457/402 116/404/991 112/401/332 164/458/405
f 164/458/408 112/401/329 109/27/27 158/26/26
f 313/57/555 289/60/1032 293/597/535 316/624/556
f 316/624/197 293/597/535 298/607/171 320/627/203
f 320/631/203 298/606/168 291/89/541 314/92/558
f 290/76/537 301/75/1033 305/611/660 295/600/1034
f 295/603/539 305/621/1035 310/620/553 299/604/540
f 299/604/542 310/620/551 303/90/1036 291/89/1037
f 302/87/547 325/86/1038 329/639/569 307/614/548
f 307/617/183 329/648/569 334/647/230 311/618/184
f 311/618/184 334/647/227 327/91/575 303/90/550
f 326/94/571 315/93/1039 323/632/665 331/644/1040
f 331/644/573 323/632/664 319/629/561 335/645/574
f 335/645/576 319/629/559 314/92/1041 327/91/1042
f 361/58/1043 313/57/1044 317/626/557 364/674/1045
f 364/674/599 317/626/566 322/635/666 368/677/601
f 368/681/601 322/634/564 315/93/563 362/96/1046
f 325/86/567 373/85/1047 377/688/613 328/637/1048
f 328/640/568 377/695/621 382/694/619 332/641/1049
f 332/641/570 382/694/619 375/95/1050 326/94/1051
f 374/78/78 363/77/607 371/682/608 379/691/615
f 379/691/616 371/682/605 367/679/604 383/692/617
f 383/692/1052 367/679/1053 362/96/602 375/95/1054
f 337/59/1055 361/58/1056 365/676/600 340/650/578
f 340/650/237 365/676/610 370/684/287 344/653/243
f 344/653/243 370/684/287 363/77/607 338/80/697
f 373/85/1057 349/88/1058 353/664/589 376/686/612
f 376/686/297 353/664/598 358/672/267 380/689/303
f 380/689/303 358/672/267 351/79/596 374/78/699
f 350/74/591 339/73/1059 347/656/1060 355/669/1061
f 355/669/593 347/656/670 343/655/582 359/670/594
f 359/670/597 343/655/581 338/80/80 351/79/596
f 289/60/533 337/59/1062 341/652/579 292/595/657
f 292/595/534 341/652/587 346/659/1063 296/598/1064
f 296/602/536 346/658/585 339/73/1065 290/76/1066
f 349/88/1067 302/87/1068 308/616/549 352/662/1069
f 352/665/588 308/612/546 304/609/661 356/666/1070
f 356/666/590 304/609/544 301/75/659 350/74/1071
f 505/100/555 481/101/1032 485/597/535 508/624/556
f 508/624/197 485/597/543 490/607/168 512/627/203
f 512/631/203 490/606/168 483/89/541 506/92/558
f 482/109/537 493/108/1033 497/611/660 487/600/1034
f 487/603/539 497/621/1035 502/620/553 491/604/540
f 491/604/542 502/620/551 495/90/90 483/89/541
f 494/115/547 517/114/1038 521/639/569 499/614/548
f 499/617/183 521/648/577 526/647/227 503/618/184
f 503/618/184 526/647/227 519/91/575 495/90/550
f 518/117/571 507/116/1039 515/632/665 523/644/1040
f 523/644/573 515/632/664 511/629/561 527/645/574
f 527/645/576 511/629/559 506/92/92 519/91/575
f 553/58/1043 505/100/1044 509/748/557 556/674/1045
f 556/674/599 509/748/566 514/750/666 560/677/601
f 560/681/601 514/749/564 507/116/563 554/96/1046
f 517/114/567 565/85/1047 569/688/613 520/751/1048
f 520/752/568 569/695/621 574/694/619 524/753/1049
f 524/753/570 574/694/619 567/95/1050 518/117/1051
f 566/78/78 555/77/607 563/682/608 571/691/615
f 571/691/616 563/682/605 559/679/604 575/692/617
f 575/692/1052 559/679/1053 554/96/602 567/95/1054
f 529/59/1055 553/58/1056 557/676/600 532/650/578
f 532/650/237 557/676/610 562/684/287 536/653/243
f 536/653/243 562/684/287 555/77/607 530/80/697
f 565/85/1057 541/88/1058 545/664/589 568/686/612
f 568/686/297 545/664/598 550/672/267 572/689/303
f 572/689/303 550/672/267 543/79/596 566/78/699
f 542/74/591 531/73/1059 539/656/1060 547/669/1061
f 547/669/593 539/656/670 535/655/582 551/670/594
f 551/670/597 535/655/581 530/80/80 543/79/79
f 481/101/533 529/59/1062 533/652/579 484/741/657
f 484/741/534 533/652/587 538/659/1063 488/742/1064
f 488/743/536 538/658/585 531/73/1065 482/109/1066
f 541/88/1067 494/115/1068 500/746/549 544/662/1069
f 544/665/588 500/745/546 496/744/661 548/666/1070
f 548/666/590 496/744/544 493/108/659 542/74/1071
f 697/120/555 673/122/1032 677/784/535 700/624/556
f 700/624/197 677/784/535 682/607/171 704/627/203
f 704/631/203 682/606/168 675/89/541 698/92/558
f 674/132/537 685/131/1033 689/611/660 679/600/1034
f 679/603/539 689/621/1035 694/620/553 683/785/540
f 683/785/542 694/620/551 687/90/90 675/89/541
f 686/138/547 709/137/1038 713/639/569 691/614/548
f 691/617/183 713/648/569 718/647/230 695/618/184
f 695/618/184 718/647/227 711/91/575 687/90/550
f 710/141/571 699/140/1039 707/632/665 715/788/1040
f 715/788/573 707/632/664 703/629/561 719/645/574
f 719/645/576 703/629/559 698/92/1041 711/91/1080
f 745/58/1043 697/120/1044 701/626/557 748/798/1045
f 748/798/599 701/626/566 706/635/564 752/677/601
f 752/681/601 706/634/564 699/140/563 746/142/1046
f 709/137/567 757/85/1047 761/802/613 712/751/1048
f 712/752/568 761/805/621 766/804/619 716/753/570
f 716/753/570 766/804/619 759/95/1050 710/141/1051
f 758/78/78 747/77/607 755/682/608 763/691/615
f 763/691/616 755/682/605 751/799/604 767/803/617
f 767/803/1052 751/799/1053 746/142/602 759/95/1054
f 721/121/1055 745/58/1056 749/676/600 724/790/578
f 724/790/237 749/676/600 754/684/290 728/653/243
f 728/653/243 754/684/287 747/77/607 722/80/697
f 757/85/1057 733/139/1058 737/664/589 760/801/612
f 760/801/297 737/664/589 742/672/270 764/689/303
f 764/689/303 742/672/267 735/79/596 758/78/699
f 734/130/591 723/129/1059 731/792/1060 739/669/1061
f 739/669/593 731/792/670 727/655/582 743/670/594
f 743/670/597 727/655/581 722/80/80 735/79/596
f 673/122/533 721/121/1062 725/791/579 676/741/657
f 676/741/534 725/791/587 730/793/1063 680/742/1064
f 680/743/536 730/658/585 723/129/1065 674/132/1066
f 733/139/1067 686/138/1068 692/746/549 736/795/1069
f 736/796/588 692/745/546 688/744/661 740/797/1070
f 740/797/590 688/744/544 685/131/659 734/130/1071
f 889/146/555 865/147/1032 869/597/535 892/819/556
f 892/819/197 869/597/535 874/607/171 896/627/203
f 896/631/203 874/606/168 867/89/541 890/92/558
f 866/76/537 877/154/1033 881/611/660 871/600/1034
f 871/603/539 881/621/1035 886/620/553 875/604/540
f 875/604/542 886/620/551 879/90/90 867/89/89
f 878/160/547 901/159/1038 905/639/569 883/614/548
f 883/617/183 905/648/569 910/647/230 887/618/184
f 887/618/184 910/647/227 903/91/575 879/90/550
f 902/117/571 891/161/1039 899/821/665 907/828/1040
f 907/828/573 899/821/664 895/629/561 911/645/574
f 911/645/576 895/629/559 890/92/92 903/91/575
f 937/58/1043 889/146/1044 893/820/557 940/798/1045
f 940/798/599 893/820/566 898/823/666 944/677/1081
f 944/681/601 898/634/564 891/161/563 938/142/1046
f 901/159/567 949/85/1047 953/802/613 904/637/1048
f 904/826/568 953/834/621 958/804/1082 908/827/1049
f 908/827/570 958/804/619 951/95/1050 902/117/1051
f 950/78/78 939/77/607 947/682/608 955/691/615
f 955/691/616 947/682/605 943/799/604 959/803/617
f 959/803/1052 943/799/1053 938/142/602 951/95/1054
f 913/121/1055 937/58/1056 941/676/600 916/790/578
f 916/790/237 941/676/600 946/684/290 920/653/243
f 920/653/243 946/684/287 939/77/607 914/80/697
f 949/85/1057 925/88/1058 929/664/589 952/801/612
f 952/801/297 929/664/589 934/672/270 956/689/303
f 956/689/303 934/672/267 927/79/596 950/78/699
f 926/130/591 915/129/1059 923/792/1060 931/669/1061
f 931/669/593 923/792/670 919/655/582 935/670/594
f 935/670/597 919/655/581 914/80/80 927/79/79
f 865/147/533 913/121/1062 917/791/579 868/812/657
f 868/812/534 917/791/587 922/793/1063 872/813/1064
f 872/815/536 922/830/585 915/129/1065 866/76/1066
f 925/88/1067 878/160/1068 884/616/549 928/795/1069
f 928/796/588 884/612/546 880/744/661 932/833/1070
f 932/833/590 880/744/544 877/154/659 926/130/1071
f 985/155/1083 961/158/1084 965/837/535 988/864/556
f 988/864/197 965/837/535 970/847/715 992/867/203
f 992/871/203 970/846/168 963/178/127 986/181/130
f 962/165/114 973/164/113 977/851/718 967/840/711
f 967/843/1085 977/861/1086 982/860/722 971/844/712
f 971/844/714 982/860/1087 975/179/128 963/178/127
f 974/176/1088 997/175/1089 1001/879/569 979/854/548
f 979/857/183 1001/888/569 1006/887/227 983/858/184
f 983/858/184 1006/887/227 999/180/129 975/179/128
f 998/183/132 987/182/131 995/872/727 1003/884/733
f 1003/884/1090 995/872/1091 991/869/726 1007/885/734
f 1007/885/735 991/869/1092 986/181/130 999/180/129
f 1033/156/108 985/155/1093 989/866/723 1036/914/748
f 1036/914/748 989/866/723 994/875/1094 1040/917/749
f 1040/921/751 994/874/729 987/182/131 1034/185/134
f 997/175/730 1045/174/123 1049/928/753 1000/877/731
f 1000/880/731 1049/935/753 1054/934/758 1004/881/1095
f 1004/881/732 1054/934/1096 1047/184/133 998/183/132
f 1046/167/116 1035/166/115 1043/922/1097 1051/931/1098
f 1051/931/755 1043/922/1099 1039/919/750 1055/932/756
f 1055/932/756 1039/919/750 1034/185/134 1047/184/133
f 1009/157/1100 1033/156/1101 1037/916/600 1012/890/578
f 1012/890/237 1037/916/610 1042/924/287 1016/893/243
f 1016/893/243 1042/924/287 1035/166/115 1010/169/118
f 1045/174/1102 1021/177/1103 1025/904/589 1048/926/612
f 1048/926/297 1025/904/598 1030/912/267 1052/929/303
f 1052/929/303 1030/912/267 1023/168/117 1046/167/116
f 1022/163/112 1011/162/111 1019/896/739 1027/909/745
f 1027/909/745 1019/896/739 1015/895/738 1031/910/1104
f 1031/910/1105 1015/895/1106 1010/169/118 1023/168/117
f 961/158/110 1009/157/109 1013/892/736 964/835/709
f 964/835/709 1013/892/736 1018/899/742 968/838/1107
f 968/842/710 1018/898/1108 1011/162/111 962/165/114
f 1021/177/126 974/176/125 980/856/720 1024/902/743
f 1024/905/743 980/852/720 976/849/1109 1028/906/744
f 1028/906/746 976/849/1110 973/164/113 1022/163/112
f 1081/170/119 1057/173/122 1061/941/327 1084/968/350
f 1084/968/350 1061/941/327 1066/951/769 1088/971/354
f 1088/975/357 1066/950/325 1059/198/147 1082/201/150
f 1058/189/138 1069/188/137 1073/955/1111 1063/944/1112
f 1063/947/831 1073/965/855 1078/964/847 1067/948/846
f 1067/948/767 1078/964/774 1071/199/148 1059/198/147
f 1070/196/145 1093/195/144 1097/983/381 1075/958/337
f 1075/961/835 1097/992/1113 1102/991/790 1079/962/341
f 1079/962/345 1102/991/378 1095/200/1114 1071/199/1115
f 1094/203/152 1083/202/151 1091/976/857 1099/988/1116
f 1099/988/866 1091/976/1117 1087/973/779 1103/989/867
f 1103/989/1118 1087/973/1119 1082/201/150 1095/200/149
f 1129/171/811 1081/170/1120 1085/970/777 1132/1018/812
f 1132/1018/814 1085/970/782 1090/979/781 1136/1021/815
f 1136/1025/815 1090/978/856 1083/202/1121 1130/205/154
f 1093/195/1122 1141/194/1123 1145/1032/821 1096/981/784
f 1096/984/785 1145/1039/830 1150/1038/827 1100/985/848
f 1100/985/848 1150/1038/861 1143/204/1124 1094/203/152
f 1142/191/140 1131/190/139 1139/1026/819 1147/1035/824
f 1147/1035/825 1139/1026/818 1135/1023/860 1151/1036/1125
f 1151/1036/828 1135/1023/1126 1130/205/154 1143/204/153
f 1105/172/121 1129/171/120 1133/1020/431 1108/994/791
f 1108/994/791 1133/1020/431 1138/1028/820 1112/997/386
f 1112/997/390 1138/1028/428 1131/190/139 1106/193/142
f 1141/194/143 1117/197/146 1121/1008/415 1144/1030/433
f 1144/1030/822 1121/1008/869 1126/1016/853 1148/1033/1127
f 1148/1033/440 1126/1016/413 1119/192/1128 1142/191/1129
f 1118/187/136 1107/186/135 1115/1000/799 1123/1013/805
f 1123/1013/805 1115/1000/799 1111/999/796 1127/1014/808
f 1127/1014/810 1111/999/794 1106/193/142 1119/192/141
f 1057/173/1130 1105/172/1131 1109/996/792 1060/939/760
f 1060/939/762 1109/996/800 1114/1003/798 1064/942/862
f 1064/946/1132 1114/1002/1133 1107/186/1134 1058/189/138
f 1117/197/1135 1070/196/1136 1076/960/773 1120/1006/802
f 1120/1009/803 1076/956/772 1072/953/770 1124/1010/872
f 1124/1010/1137 1072/953/863 1069/188/1138 1118/187/136
f 1177/170/119 1153/173/122 1157/941/327 1180/968/350
f 1180/968/350 1157/941/327 1162/951/769 1184/971/354
f 1184/975/357 1162/950/325 1155/198/147 1178/201/150
f 1154/189/138 1165/188/137 1169/955/1111 1159/944/1112
f 1159/947/831 1169/965/855 1174/964/847 1163/948/846
f 1163/948/767 1174/964/774 1167/199/148 1155/198/147
f 1166/196/145 1189/195/144 1193/983/381 1171/958/337
f 1171/961/835 1193/992/1113 1198/991/790 1175/962/341
f 1175/962/345 1198/991/378 1191/200/1114 1167/199/1115
f 1190/203/152 1179/202/151 1187/976/857 1195/988/1116
f 1195/988/866 1187/976/1117 1183/973/779 1199/989/867
f 1199/989/1118 1183/973/1119 1178/201/150 1191/200/149
f 1225/171/811 1177/170/1120 1181/970/777 1228/1018/812
f 1228/1018/814 1181/970/782 1186/979/781 1232/1021/815
f 1232/1025/815 1186/978/856 1179/202/1121 1226/205/154
f 1189/195/1122 1237/194/1123 1241/1032/821 1192/981/784
f 1192/984/785 1241/1039/830 1246/1038/827 1196/985/848
f 1196/985/848 1246/1038/861 1239/204/1124 1190/203/152
f 1238/191/140 1227/190/139 1235/1026/1139 1243/1035/1140
f 1243/1035/870 1235/1026/843 1231/1023/860 1247/1036/1125
f 1247/1036/828 1231/1023/1126 1226/205/154 1239/204/153
f 1201/172/121 1225/171/120 1229/1020/431 1204/994/791
f 1204/994/791 1229/1020/431 1234/1028/820 1208/997/386
f 1208/997/390 1234/1028/428 1227/190/139 1202/193/142
f 1237/194/143 1213/197/146 1217/1008/415 1240/1030/433
f 1240/1030/822 1217/1008/869 1222/1016/853 1244/1033/1127
f 1244/1033/440 1222/1016/413 1215/192/1128 1238/191/1129
f 1214/187/136 1203/186/135 1211/1000/799 1219/1013/805
f 1219/1013/805 1211/1000/799 1207/999/839 1223/1014/852
f 1223/1014/810 1207/999/794 1202/193/142 1215/192/141
f 1153/173/1130 1201/172/1131 1205/996/792 1156/939/760
f 1156/939/762 1205/996/800 1210/1003/798 1160/942/862
f 1160/946/1132 1210/1002/1133 1203/186/1134 1154/189/138
f 1213/197/1135 1166/196/1136 1172/960/773 1216/1006/802
f 1216/1009/803 1172/956/772 1168/953/770 1220/1010/872
f 1220/1010/1137 1168/953/863 1165/188/1138 1214/187/136
f 1273/170/119 1249/173/122 1253/941/327 1276/968/350
f 1276/968/350 1253/941/327 1258/951/769 1280/971/354
f 1280/975/357 1258/950/325 1251/198/147 1274/201/150
f 1250/189/138 1261/188/137 1265/955/855 1255/944/831
f 1255/947/831 1265/965/855 1270/964/847 1259/948/846
f 1259/948/767 1270/964/774 1263/199/148 1251/198/147
f 1262/196/145 1285/195/144 1289/983/381 1267/958/337
f 1267/961/835 1289/992/1113 1294/991/790 1271/962/341
f 1271/962/345 1294/991/378 1287/200/1114 1263/199/1115
f 1286/203/152 1275/202/151 1283/976/857 1291/988/1116
f 1291/988/866 1283/976/1117 1279/973/1141 1295/989/1142
f 1295/989/789 1279/973/778 1274/201/150 1287/200/149
f 1321/171/811 1273/170/1120 1277/970/777 1324/1018/812
f 1324/1018/814 1277/970/782 1282/979/781 1328/1021/815
f 1328/1025/815 1282/978/856 1275/202/1121 1322/205/154
f 1285/195/1122 1333/194/1123 1337/1032/821 1288/981/784
f 1288/984/785 1337/1039/1143 1342/1038/827 1292/985/848
f 1292/985/848 1342/1038/861 1335/204/1124 1286/203/152
f 1334/191/140 1323/190/139 1331/1026/819 1339/1035/824
f 1339/1035/825 1331/1026/818 1327/1023/860 1343/1036/1125
f 1343/1036/828 1327/1023/1126 1322/205/154 1335/204/153
f 1297/172/121 1321/171/120 1325/1020/431 1300/994/791
f 1300/994/791 1325/1020/431 1330/1028/820 1304/997/386
f 1304/997/390 1330/1028/428 1323/190/139 1298/193/142
f 1333/194/143 1309/197/146 1313/1008/415 1336/1030/433
f 1336/1030/822 1313/1008/869 1318/1016/853 1340/1033/1127
f 1340/1033/440 1318/1016/413 1311/192/1128 1334/191/1129
f 1310/187/136 1299/186/135 1307/1000/799 1315/1013/805
f 1315/1013/805 1307/1000/799 1303/999/839 1319/1014/852
f 1319/1014/810 1303/999/794 1298/193/142 1311/192/141
f 1249/173/1130 1297/172/1131 1301/996/792 1252/939/760
f 1252/939/762 1301/996/800 1306/1003/798 1256/942/862
f 1256/946/1132 1306/1002/1133 1299/186/1134 1250/189/138
f 1309/197/1135 1262/196/1136 1268/960/773 1312/1006/802
f 1312/1009/803 1268/956/772 1264/953/770 1316/1010/872
f 1316/1010/1137 1264/953/863 1261/188/1138 1310/187/136
f 1369/206/119 1345/209/122 1349/1045/761 1372/1054/1144
f 1372/1054/350 1349/1045/327 1354/951/769 1376/971/354
f 1376/975/1145 1354/950/1146 1347/198/147 1370/201/150
f 1346/213/138 1357/212/137 1361/955/1111 1351/944/1112
f 1351/947/831 1361/965/855 1366/964/774 1355/948/767
f 1355/948/767 1366/964/774 1359/199/148 1347/198/147
f 1358/216/145 1381/215/144 1385/983/381 1363/958/337
f 1363/961/835 1385/992/1113 1390/991/380 1367/962/836
f 1367/962/345 1390/991/378 1383/200/149 1359/199/148
f 1382/219/152 1371/218/151 1379/1057/857 1387/1068/1116
f 1387/1068/1116 1379/1057/857 1375/973/1141 1391/989/1142
f 1391/989/789 1375/973/778 1370/201/150 1383/200/149
f 1417/207/811 1369/206/1120 1373/1056/777 1420/1086/812
f 1420/1086/814 1373/1056/782 1378/1060/856 1424/1088/815
f 1424/1091/1147 1378/1059/856 1371/218/151 1418/221/154
f 1381/215/1122 1429/214/1123 1433/1094/821 1384/1062/784
f 1384/1064/785 1433/1098/830 1438/1097/861 1388/1065/848
f 1388/1065/1148 1438/1097/1149 1431/220/1124 1382/219/152
f 1430/191/140 1419/190/139 1427/1026/819 1435/1035/824
f 1435/1035/825 1427/1026/818 1423/1090/1126 1439/1095/828
f 1439/1095/828 1423/1090/1126 1418/221/154 1431/220/153
f 1393/208/121 1417/207/120 1421/1087/859 1396/1070/1150
f 1396/1070/791 1421/1087/431 1426/1028/820 1400/997/386
f 1400/997/795 1426/1028/1151 1419/190/139 1394/193/142
f 1429/214/143 1405/217/146 1409/1080/415 1432/1093/433
f 1432/1093/822 1409/1080/869 1414/1016/414 1436/1033/437
f 1436/1033/440 1414/1016/413 1407/192/141 1430/191/140
f 1406/211/136 1395/210/135 1403/1073/799 1411/1084/805
f 1411/1084/805 1403/1073/799 1399/999/796 1415/1014/808
f 1415/1014/810 1399/999/794 1394/193/142 1407/192/141
f 1345/209/1130 1393/208/1131 1397/1072/792 1348/1043/760
f 1348/1043/762 1397/1072/800 1402/1075/798 1352/1046/862
f 1352/1048/1132 1402/1074/1133 1395/210/1134 1346/213/138
f 1405/217/1135 1358/216/1136 1364/1052/773 1408/1078/802
f 1408/1081/803 1364/1051/772 1360/1049/770 1412/1082/872
f 1412/1082/1137 1360/1049/863 1357/212/1138 1406/211/136
f 1465/206/119 1441/209/122 1445/1045/761 1468/1054/1144
f 1468/1054/350 1445/1045/327 1450/951/769 1472/971/354
f 1472/975/1145 1450/950/1146 1443/198/147 1466/201/150
f 1442/213/138 1453/212/137 1457/955/855 1447/944/831
f 1447/947/831 1457/965/855 1462/964/847 1451/948/846
f 1451/948/767 1462/964/774 1455/199/148 1443/198/147
f 1454/216/145 1477/215/144 1481/983/381 1459/958/337
f 1459/961/835 1481/992/1113 1486/991/380 1463/962/836
f 1463/962/345 1486/991/378 1479/200/149 1455/199/148
f 1478/219/152 1467/218/151 1475/1057/857 1483/1068/1116
f 1483/1068/866 1475/1057/1117 1471/973/1141 1487/989/1142
f 1487/989/789 1471/973/778 1466/201/150 1479/200/149
f 1513/207/811 1465/206/1120 1469/1056/777 1516/1086/812
f 1516/1086/814 1469/1056/782 1474/1060/856 1520/1088/815
f 1520/1091/1147 1474/1059/856 1467/218/151 1514/221/154
f 1477/215/1122 1525/214/1123 1529/1094/821 1480/1062/784
f 1480/1064/785 1529/1098/830 1534/1097/861 1484/1065/848
f 1484/1065/1148 1534/1097/1149 1527/220/1124 1478/219/152
f 1526/191/140 1515/190/139 1523/1026/819 1531/1035/824
f 1531/1035/824 1523/1026/819 1519/1090/1126 1535/1095/828
f 1535/1095/828 1519/1090/1126 1514/221/154 1527/220/153
f 1489/208/121 1513/207/120 1517/1087/859 1492/1070/1150
f 1492/1070/791 1517/1087/431 1522/1028/820 1496/997/386
f 1496/997/795 1522/1028/1151 1515/190/139 1490/193/142
f 1525/214/143 1501/217/146 1505/1080/415 1528/1093/433
f 1528/1093/822 1505/1080/869 1510/1016/414 1532/1033/437
f 1532/1033/440 1510/1016/413 1503/192/141 1526/191/140
f 1502/211/136 1491/210/135 1499/1073/1152 1507/1084/805
f 1507/1084/805 1499/1073/799 1495/999/794 1511/1014/810
f 1511/1014/810 1495/999/794 1490/193/1153 1503/192/1154
f 1441/209/1130 1489/208/1131 1493/1072/792 1444/1043/760
f 1444/1043/762 1493/1072/800 1498/1075/798 1448/1046/862
f 1448/1048/1132 1498/1074/1133 1491/210/1134 1442/213/138
f 1501/217/1135 1454/216/1136 1460/1052/773 1504/1078/802
f 1504/1081/803 1460/1051/772 1456/1049/770 1508/1082/872
f 1508/1082/1137 1456/1049/863 1453/212/1138 1502/211/136
f 1561/206/119 1537/209/122 1541/1045/761 1564/1054/1144
f 1564/1054/350 1541/1045/327 1546/951/769 1568/971/354
f 1568/975/1145 1546/950/1146 1539/198/147 1562/201/150
f 1538/213/138 1549/212/137 1553/955/1111 1543/944/1112
f 1543/947/831 1553/965/855 1558/964/847 1547/948/846
f 1547/948/767 1558/964/774 1551/199/1155 1539/198/1156
f 1550/216/145 1573/215/144 1577/983/381 1555/958/337
f 1555/961/835 1577/992/1113 1582/991/380 1559/962/836
f 1559/962/345 1582/991/378 1575/200/149 1551/199/148
f 1574/219/152 1563/218/151 1571/1057/857 1579/1068/1116
f 1579/1068/866 1571/1057/1117 1567/973/779 1583/989/867
f 1583/989/789 1567/973/778 1562/201/150 1575/200/149
f 1609/207/811 1561/206/1120 1565/1056/777 1612/1086/812
f 1612/1086/814 1565/1056/782 1570/1060/856 1616/1088/815
f 1616/1091/1147 1570/1059/856 1563/218/151 1610/221/154
f 1573/215/1122 1621/214/1123 1625/1094/821 1576/1062/784
f 1576/1064/785 1625/1098/830 1630/1097/861 1580/1065/848
f 1580/1065/1148 1630/1097/1149 1623/220/1124 1574/219/152
f 1622/191/140 1611/190/139 1619/1026/819 1627/1035/824
f 1627/1035/825 1619/1026/818 1615/1090/860 1631/1095/1125
f 1631/1095/828 1615/1090/1126 1610/221/154 1623/220/153
f 1585/208/121 1609/207/120 1613/1087/859 1588/1070/1150
f 1588/1070/791 1613/1087/431 1618/1028/820 1592/997/386
f 1592/997/795 1618/1028/1151 1611/190/139 1586/193/142
f 1621/214/143 1597/217/146 1601/1080/415 1624/1093/433
f 1624/1093/822 1601/1080/869 1606/1016/414 1628/1033/437
f 1628/1033/440 1606/1016/413 1599/192/141 1622/191/140
f 1598/211/136 1587/210/135 1595/1073/799 1603/1084/805
f 1603/1084/805 1595/1073/799 1591/999/839 1607/1014/852
f 1607/1014/810 1591/999/794 1586/193/142 1599/192/141
f 1537/209/1130 1585/208/1131 1589/1072/792 1540/1043/760
f 1540/1043/762 1589/1072/800 1594/1075/798 1544/1046/862
f 1544/1048/1132 1594/1074/1133 1587/210/1134 1538/213/138
f 1597/217/1135 1550/216/1136 1556/1052/773 1600/1078/802
f 1600/1081/803 1556/1051/772 1552/1049/770 1604/1082/872
f 1604/1082/1137 1552/1049/863 1549/212/1138 1598/211/136
f 1657/206/119 1633/209/122 1637/1045/761 1660/1054/1144
f 1660/1054/350 1637/1045/327 1642/951/769 1664/971/354
f 1664/975/1145 1642/950/1146 1635/198/147 1658/201/150
f 1634/213/138 1645/212/137 1649/955/1111 1639/944/1112
f 1639/947/831 1649/965/855 1654/964/774 1643/948/767
f 1643/948/767 1654/964/774 1647/199/148 1635/198/147
f 1646/216/145 1669/215/144 1673/983/381 1651/958/337
f 1651/961/835 1673/992/1113 1678/991/380 1655/962/836
f 1655/962/345 1678/991/378 1671/200/149 1647/199/148
f 1670/219/152 1659/218/151 1667/1057/857 1675/1068/1116
f 1675/1068/1116 1667/1057/857 1663/973/1141 1679/989/1142
f 1679/989/789 1663/973/778 1658/201/150 1671/200/149
f 1705/207/811 1657/206/1120 1661/1056/777 1708/1086/812
f 1708/1086/814 1661/1056/782 1666/1060/856 1712/1088/815
f 1712/1091/1147 1666/1059/856 1659/218/151 1706/221/154
f 1669/215/1122 1717/214/1123 1721/1094/821 1672/1062/784
f 1672/1064/785 1721/1098/830 1726/1097/861 1676/1065/848
f 1676/1065/1148 1726/1097/1149 1719/220/1124 1670/219/152
f 1718/191/140 1707/190/139 1715/1026/819 1723/1035/824
f 1723/1035/825 1715/1026/818 1711/1090/1126 1727/1095/828
f 1727/1095/828 1711/1090/1126 1706/221/154 1719/220/153
f 1681/208/121 1705/207/120 1709/1087/859 1684/1070/1150
f 1684/1070/791 1709/1087/431 1714/1028/820 1688/997/386
f 1688/997/795 1714/1028/1151 1707/190/139 1682/193/142
f 1717/214/143 1693/217/146 1697/1080/415 1720/1093/433
f 1720/1093/822 1697/1080/869 1702/1016/414 1724/1033/437
f 1724/1033/440 1702/1016/413 1695/192/141 1718/191/140
f 1694/211/136 1683/210/135 1691/1073/799 1699/1084/805
f 1699/1084/805 1691/1073/799 1687/999/839 1703/1014/852
f 1703/1014/810 1687/999/794 1682/193/142 1695/192/141
f 1633/209/1130 1681/208/1131 1685/1072/792 1636/1043/760
f 1636/1043/762 1685/1072/800 1690/1075/798 1640/1046/862
f 1640/1048/1132 1690/1074/1133 1683/210/1134 1634/213/138
f 1693/217/1135 1646/216/1136 1652/1052/773 1696/1078/802
f 1696/1081/803 1652/1051/772 1648/1049/770 1700/1082/872
f 1700/1082/1137 1648/1049/863 1645/212/1138 1694/211/136
f 1753/222/119 1729/225/122 1733/1045/327 1756/1054/350
f 1756/1054/350 1733/1045/327 1738/951/769 1760/971/354
f 1760/975/357 1738/950/325 1731/198/871 1754/201/1157
f 1730/229/138 1741/228/137 1745/955/855 1735/944/831
f 1735/947/831 1745/965/855 1750/964/847 1739/948/846
f 1739/948/767 1750/964/774 1743/199/148 1731/198/147
f 1742/236/145 1765/235/144 1769/983/381 1747/958/337
f 1747/961/835 1769/992/1113 1774/991/790 1751/962/341
f 1751/962/345 1774/991/378 1767/200/149 1743/199/148
f 1766/239/152 1755/238/151 1763/1057/857 1771/1068/1116
f 1771/1068/866 1763/1057/1117 1759/973/779 1775/989/867
f 1775/989/789 1759/973/778 1754/201/150 1767/200/149
f 1801/223/1158 1753/222/1159 1757/1105/777 1804/1117/1160
f 1804/1117/814 1757/1105/782 1762/1107/856 1808/1118/815
f 1808/1119/1161 1762/1106/856 1755/238/1121 1802/241/154
f 1765/235/1162 1813/234/1163 1817/1120/821 1768/1108/784
f 1768/1109/785 1817/1122/830 1822/1121/861 1772/1110/848
f 1772/1110/1164 1822/1121/861 1815/240/1124 1766/239/152
f 1814/191/140 1803/190/139 1811/1026/819 1819/1035/824
f 1819/1035/825 1811/1026/818 1807/1090/1126 1823/1095/828
f 1823/1095/828 1807/1090/1126 1802/241/154 1815/240/153
f 1777/224/121 1801/223/120 1805/1087/431 1780/1070/791
f 1780/1070/791 1805/1087/431 1810/1028/820 1784/997/386
f 1784/997/390 1810/1028/428 1803/190/1165 1778/193/1166
f 1813/234/143 1789/237/146 1793/1080/415 1816/1093/433
f 1816/1093/822 1793/1080/869 1798/1016/853 1820/1033/1127
f 1820/1033/440 1798/1016/413 1791/192/141 1814/191/140
f 1790/227/136 1779/226/135 1787/1073/799 1795/1084/805
f 1795/1084/805 1787/1073/799 1783/999/839 1799/1014/852
f 1799/1014/810 1783/999/794 1778/193/142 1791/192/141
f 1729/225/1130 1777/224/1131 1781/1111/792 1732/1099/760
f 1732/1099/762 1781/1111/800 1786/1113/798 1736/1100/862
f 1736/1101/1132 1786/1112/1133 1779/226/1134 1730/229/138
f 1789/237/1135 1742/236/1136 1748/1104/773 1792/1114/802
f 1792/1115/803 1748/1103/772 1744/1102/770 1796/1116/872
f 1796/1116/1137 1744/1102/863 1741/228/1138 1790/227/136
f 1849/230/119 1825/233/122 1829/1125/327 1852/1130/350
f 1852/1130/350 1829/1125/327 1834/951/769 1856/971/354
f 1856/975/357 1834/950/325 1827/198/871 1850/201/1157
f 1826/245/138 1837/244/137 1841/955/1111 1831/944/1112
f 1831/947/831 1841/965/855 1846/964/847 1835/948/846
f 1835/948/767 1846/964/774 1839/199/148 1827/198/147
f 1838/248/145 1861/235/144 1865/983/381 1843/958/337
f 1843/961/835 1865/992/1113 1870/991/790 1847/962/341
f 1847/962/345 1870/991/378 1863/200/149 1839/199/148
f 1862/251/152 1851/250/151 1859/1132/857 1867/1136/1116
f 1867/1136/1116 1859/1132/857 1855/973/1141 1871/989/1142
f 1871/989/789 1855/973/778 1850/201/150 1863/200/149
f 1897/231/1158 1849/230/1159 1853/1131/777 1900/1150/812
f 1900/1150/814 1853/1131/782 1858/1133/856 1904/1152/815
f 1904/1156/815 1858/1106/856 1851/250/1121 1898/253/154
f 1861/235/1162 1909/234/1163 1913/1159/821 1864/1108/784
f 1864/1134/785 1913/1163/830 1918/1162/861 1868/1110/848
f 1868/1110/1164 1918/1162/861 1911/252/1124 1862/251/152
f 1910/191/140 1899/190/139 1907/1026/819 1915/1035/824
f 1915/1035/870 1907/1026/843 1903/1154/860 1919/1160/1125
f 1919/1160/828 1903/1154/1126 1898/253/154 1911/252/153
f 1873/232/121 1897/231/120 1901/1151/431 1876/1137/791
f 1876/1137/791 1901/1151/431 1906/1028/820 1880/997/386
f 1880/997/390 1906/1028/428 1899/190/1165 1874/193/1166
f 1909/234/143 1885/249/146 1889/1144/415 1912/1158/433
f 1912/1158/822 1889/1144/869 1894/1016/853 1916/1033/1127
f 1916/1033/440 1894/1016/413 1887/192/141 1910/191/140
f 1886/243/136 1875/242/135 1883/1139/799 1891/1148/805
f 1891/1148/805 1883/1139/799 1879/999/839 1895/1014/852
f 1895/1014/810 1879/999/794 1874/193/142 1887/192/141
f 1825/233/1130 1873/232/1131 1877/1138/792 1828/1123/760
f 1828/1123/762 1877/1138/800 1882/1141/798 1832/1126/862
f 1832/1101/1132 1882/1140/1133 1875/242/1134 1826/245/138
f 1885/249/1135 1838/248/1136 1844/1129/773 1888/1143/802
f 1888/1145/803 1844/1103/772 1840/1128/770 1892/1146/872
f 1892/1146/1137 1840/1128/863 1837/244/1138 1886/243/136
f 1945/246/119 1921/247/122 1925/1167/327 1948/1173/350
f 1948/1173/350 1925/1167/327 1930/951/769 1952/971/354
f 1952/975/357 1930/950/325 1923/198/147 1946/201/150
f 1922/256/138 1933/255/137 1937/955/1111 1927/944/1112
f 1927/947/831 1937/965/855 1942/964/847 1931/948/846
f 1931/948/767 1942/964/774 1935/199/148 1923/198/147
f 1934/259/145 1957/235/144 1961/983/381 1939/958/337
f 1939/961/835 1961/992/1113 1966/991/790 1943/962/341
f 1943/962/345 1966/991/378 1959/200/149 1935/199/148
f 1958/262/152 1947/261/151 1955/1175/857 1963/1180/1116
f 1963/1180/866 1955/1175/1117 1951/973/779 1967/989/867
f 1967/989/789 1951/973/778 1946/201/150 1959/200/149
f 1993/223/811 1945/246/1120 1949/1174/777 1996/1191/812
f 1996/1191/814 1949/1174/782 1954/1177/856 2000/1193/815
f 2000/1195/1147 1954/1176/891 1947/261/151 1994/264/154
f 1957/235/1122 2005/258/1123 2009/1120/821 1960/1178/784
f 1960/1179/785 2009/1163/830 2014/1198/861 1964/1110/848
f 1964/1110/1148 2014/1198/1149 2007/263/1124 1958/262/152
f 2006/191/140 1995/190/139 2003/1026/819 2011/1035/824
f 2011/1035/870 2003/1026/843 1999/1194/860 2015/1160/1125
f 2015/1160/828 1999/1194/1126 1994/264/154 2007/263/153
f 1969/224/121 1993/223/120 1997/1192/431 1972/1182/791
f 1972/1182/791 1997/1192/431 2002/1028/820 1976/997/386
f 1976/997/390 2002/1028/428 1995/190/139 1970/193/142
f 2005/258/143 1981/260/146 1985/1187/415 2008/1093/433
f 2008/1093/822 1985/1187/869 1990/1016/853 2012/1033/1127
f 2012/1033/440 1990/1016/413 1983/192/141 2006/191/140
f 1982/227/136 1971/254/135 1979/1184/799 1987/1189/805
f 1987/1189/805 1979/1184/799 1975/999/839 1991/1014/852
f 1991/1014/810 1975/999/794 1970/193/142 1983/192/141
f 1921/247/1130 1969/224/1131 1973/1183/792 1924/1165/760
f 1924/1165/762 1973/1183/800 1978/1141/798 1928/1168/862
f 1928/1101/1132 1978/1140/1133 1971/254/1134 1922/256/138
f 1981/260/1135 1934/259/1136 1940/1171/773 1984/1143/802
f 1984/1188/803 1940/1170/772 1936/1128/770 1988/1116/872
f 1988/1116/1137 1936/1128/863 1933/255/1138 1982/227/136
f 2041/257/119 2017/247/122 2021/1201/327 2044/1205/350
f 2044/1205/350 2021/1201/327 2026/951/769 2048/971/354
f 2048/975/357 2026/950/325 2019/198/147 2042/201/150
f 2018/256/138 2029/266/137 2033/955/1111 2023/944/1112
f 2023/947/831 2033/965/855 2038/964/847 2027/948/846
f 2027/948/767 2038/964/774 2031/199/148 2019/198/147
f 2030/259/145 2053/235/144 2057/983/381 2035/958/337
f 2035/961/835 2057/992/1113 2062/991/790 2039/962/341
f 2039/962/345 2062/991/378 2055/200/149 2031/199/148
f 2054/251/152 2043/261/151 2051/1206/857 2059/1212/1116
f 2059/1212/866 2051/1206/1117 2047/973/779 2063/989/867
f 2063/989/789 2047/973/778 2042/201/150 2055/200/149
f 2089/223/811 2041/257/1120 2045/1174/777 2092/1191/1160
f 2092/1191/814 2045/1174/782 2050/1208/856 2096/1118/815
f 2096/1195/815 2050/1207/856 2043/261/1121 2090/264/154
f 2053/235/1122 2101/271/1123 2105/1120/821 2056/1178/784
f 2056/1179/785 2105/1122/830 2110/1198/861 2060/1210/848
f 2060/1210/848 2110/1198/861 2103/272/1124 2054/251/152
f 2102/191/140 2091/190/139 2099/1026/819 2107/1035/824
f 2107/1035/870 2099/1026/843 2095/1194/860 2111/1160/1125
f 2111/1160/828 2095/1194/1126 2090/264/154 2103/272/153
f 2065/224/121 2089/223/120 2093/1192/431 2068/1182/791
f 2068/1182/791 2093/1192/431 2098/1028/820 2072/997/386
f 2072/997/390 2098/1028/428 2091/190/139 2066/193/142
f 2101/271/143 2077/260/146 2081/1187/415 2104/1216/433
f 2104/1216/822 2081/1187/869 2086/1016/853 2108/1033/1127
f 2108/1033/440 2086/1016/413 2079/192/141 2102/191/140
f 2078/265/136 2067/254/135 2075/1184/799 2083/1189/805
f 2083/1189/805 2075/1184/799 2071/999/839 2087/1014/852
f 2087/1014/810 2071/999/794 2066/193/142 2079/192/141
f 2017/247/1130 2065/224/1131 2069/1183/792 2020/1199/760
f 2020/1199/762 2069/1183/800 2074/1214/798 2024/1168/862
f 2024/1101/1132 2074/1112/1133 2067/254/1134 2018/256/138
f 2077/260/1135 2030/259/1136 2036/1171/773 2080/1114/802
f 2080/1188/803 2036/1103/772 2032/1202/770 2084/1146/872
f 2084/1146/1137 2032/1202/863 2029/266/1138 2078/265/136
f 2137/267/119 2113/270/122 2117/1218/327 2140/1223/350
f 2140/1223/350 2117/1218/327 2122/951/769 2144/971/354
f 2144/975/357 2122/950/325 2115/198/871 2138/201/1157
f 2114/229/138 2125/266/137 2129/955/1111 2119/944/1112
f 2119/947/831 2129/965/855 2134/964/847 2123/948/846
f 2123/948/767 2134/964/774 2127/199/148 2115/198/147
f 2126/259/145 2149/273/144 2153/983/381 2131/958/337
f 2131/961/835 2153/992/1113 2158/991/790 2135/962/341
f 2135/962/345 2158/991/378 2151/200/149 2127/199/148
f 2150/275/152 2139/274/151 2147/1225/857 2155/1228/1116
f 2155/1228/866 2147/1225/1117 2143/973/779 2159/989/867
f 2159/989/789 2143/973/778 2138/201/150 2151/200/149
f 2185/268/1158 2137/267/1159 2141/1224/777 2188/1232/812
f 2188/1232/814 2141/1224/782 2146/1177/856 2192/1193/815
f 2192/1156/815 2146/1176/856 2139/274/1121 2186/253/154
f 2149/273/1162 2197/271/1163 2201/1120/821 2152/1108/784
f 2152/1226/785 2201/1163/830 2206/1162/861 2156/1227/848
f 2156/1227/848 2206/1162/861 2199/252/1124 2150/275/152
f 2198/191/140 2187/190/139 2195/1026/819 2203/1035/824
f 2203/1035/870 2195/1026/843 2191/1233/860 2207/1160/1125
f 2207/1160/828 2191/1233/1126 2186/253/154 2199/252/153
f 2161/269/121 2185/268/120 2189/1151/431 2164/1137/791
f 2164/1137/791 2189/1151/431 2194/1028/820 2168/997/386
f 2168/997/390 2194/1028/428 2187/190/1165 2162/193/1166
f 2197/271/143 2173/260/146 2177/1144/415 2200/1158/433
f 2200/1158/822 2177/1144/869 2182/1016/853 2204/1033/1127
f 2204/1033/440 2182/1016/413 2175/192/141 2198/191/140
f 2174/243/136 2163/242/135 2171/1139/799 2179/1084/805
f 2179/1084/805 2171/1139/799 2167/999/839 2183/1014/852
f 2183/1014/810 2167/999/794 2162/193/142 2175/192/141
f 2113/270/1130 2161/269/1131 2165/1230/792 2116/1217/760
f 2116/1217/762 2165/1230/800 2170/1141/798 2120/1219/862
f 2120/1220/1132 2170/1140/1133 2163/242/1134 2114/229/138
f 2173/260/1135 2126/259/1136 2132/1171/773 2176/1114/802
f 2176/1231/803 2132/1170/772 2128/1221/770 2180/1116/872
f 2180/1116/1137 2128/1221/863 2125/266/1138 2174/243/136
f 2233/222/119 2209/225/122 2213/1045/327 2236/1054/350
f 2236/1054/350 2213/1045/327 2218/951/769 2240/971/354
f 2240/975/357 2218/950/325 2211/198/871 2234/201/1157
f 2210/229/138 2221/228/137 2225/955/1111 2215/944/1112
f 2215/947/831 2225/965/855 2230/964/847 2219/948/846
f 2219/948/767 2230/964/774 2223/199/148 2211/198/147
f 2222/236/145 2245/235/144 2249/983/381 2227/958/337
f 2227/961/835 2249/992/1113 2254/991/790 2231/962/341
f 2231/962/345 2254/991/378 2247/200/149 2223/199/148
f 2246/239/152 2235/238/151 2243/1057/857 2251/1068/1116
f 2251/1068/1116 2243/1057/857 2239/973/778 2255/989/789
f 2255/989/789 2239/973/778 2234/201/150 2247/200/149
f 2281/223/1158 2233/222/1159 2237/1105/777 2284/1117/1160
f 2284/1117/814 2237/1105/782 2242/1107/856 2288/1118/815
f 2288/1119/1161 2242/1106/856 2235/238/1121 2282/241/154
f 2245/235/1162 2293/234/1163 2297/1120/821 2248/1108/784
f 2248/1109/785 2297/1122/830 2302/1121/861 2252/1110/848
f 2252/1110/1164 2302/1121/861 2295/240/1124 2246/239/152
f 2294/191/140 2283/190/139 2291/1026/819 2299/1035/824
f 2299/1035/870 2291/1026/843 2287/1090/860 2303/1095/1125
f 2303/1095/828 2287/1090/1126 2282/241/154 2295/240/153
f 2257/224/121 2281/223/120 2285/1087/431 2260/1070/791
f 2260/1070/791 2285/1087/431 2290/1028/820 2264/997/386
f 2264/997/390 2290/1028/428 2283/190/1165 2258/193/1166
f 2293/234/143 2269/237/146 2273/1080/415 2296/1093/433
f 2296/1093/822 2273/1080/869 2278/1016/853 2300/1033/1127
f 2300/1033/440 2278/1016/413 2271/192/141 2294/191/140
f 2270/227/136 2259/226/135 2267/1073/799 2275/1084/805
f 2275/1084/805 2267/1073/799 2263/999/839 2279/1014/852
f 2279/1014/810 2263/999/794 2258/193/142 2271/192/141
f 2209/225/1130 2257/224/1131 2261/1111/792 2212/1099/760
f 2212/1099/762 2261/1111/800 2266/1113/798 2216/1100/862
f 2216/1101/1132 2266/1112/1133 2259/226/1134 2210/229/138
f 2269/237/1135 2222/236/1136 2228/1104/773 2272/1114/802
f 2272/1115/803 2228/1103/772 2224/1102/770 2276/1116/872
f 2276/1116/1137 2224/1102/863 2221/228/1138 2270/227/136
f 2329/222/119 2305/225/122 2309/1045/327 2332/1054/350
f 2332/1054/350 2309/1045/327 2314/951/769 2336/971/354
f 2336/975/357 2314/950/325 2307/198/871 2330/201/1157
f 2306/229/138 2317/228/137 2321/955/1111 2311/944/1112
f 2311/947/831 2321/965/855 2326/964/847 2315/948/846
f 2315/948/767 2326/964/774 2319/199/148 2307/198/147
f 2318/236/145 2341/235/144 2345/983/381 2323/958/337
f 2323/961/835 2345/992/1113 2350/991/790 2327/962/341
f 2327/962/345 2350/991/378 2343/200/149 2319/199/148
f 2342/239/152 2331/238/151 2339/1057/857 2347/1068/1116
f 2347/1068/866 2339/1057/1117 2335/973/779 2351/989/867
f 2351/989/789 2335/973/778 2330/201/150 2343/200/149
f 2377/223/1158 2329/222/1159 2333/1105/777 2380/1117/812
f 2380/1117/814 2333/1105/782 2338/1107/856 2384/1118/815
f 2384/1119/1161 2338/1106/856 2331/238/1121 2378/241/154
f 2341/235/1162 2389/234/1163 2393/1120/821 2344/1108/784
f 2344/1109/785 2393/1122/830 2398/1121/861 2348/1110/848
f 2348/1110/1164 2398/1121/861 2391/240/1124 2342/239/152
f 2390/191/140 2379/190/139 2387/1026/819 2395/1035/824
f 2395/1035/825 2387/1026/818 2383/1090/860 2399/1095/1125
f 2399/1095/828 2383/1090/1126 2378/241/154 2391/240/153
f 2353/224/121 2377/223/120 2381/1087/431 2356/1070/791
f 2356/1070/791 2381/1087/431 2386/1028/820 2360/997/386
f 2360/997/795 2386/1028/1151 2379/190/139 2354/193/142
f 2389/234/143 2365/237/146 2369/1080/415 2392/1093/433
f 2392/1093/822 2369/1080/869 2374/1016/414 2396/1033/437
f 2396/1033/440 2374/1016/413 2367/192/141 2390/191/140
f 2366/227/136 2355/226/135 2363/1073/799 2371/1084/805
f 2371/1084/805 2363/1073/799 2359/999/839 2375/1014/852
f 2375/1014/810 2359/999/794 2354/193/142 2367/192/141
f 2305/225/1130 2353/224/1131 2357/1111/792 2308/1099/760
f 2308/1099/762 2357/1111/800 2362/1113/798 2312/1100/862
f 2312/1101/1132 2362/1112/1133 2355/226/1134 2306/229/138
f 2365/237/1135 2318/236/1136 2324/1104/773 2368/1114/802
f 2368/1115/803 2324/1103/772 2320/1102/770 2372/1116/872
f 2372/1116/1137 2320/1102/863 2317/228/1138 2366/227/136
f 2425/206/119 2401/209/122 2405/1045/761 2428/1054/1144
f 2428/1054/350 2405/1045/327 2410/951/769 2432/971/354
f 2432/975/1145 2410/950/1146 2403/198/147 2426/201/150
f 2402/213/138 2413/212/137 2417/955/1111 2407/944/1112
f 2407/947/831 2417/965/855 2422/964/774 2411/948/767
f 2411/948/767 2422/964/774 2415/199/148 2403/198/147
f 2414/216/145 2437/215/144 2441/983/381 2419/958/337
f 2419/961/835 2441/992/1113 2446/991/380 2423/962/836
f 2423/962/345 2446/991/378 2439/200/149 2415/199/148
f 2438/219/152 2427/218/151 2435/1057/857 2443/1068/1116
f 2443/1068/1116 2435/1057/857 2431/973/1141 2447/989/1142
f 2447/989/789 2431/973/778 2426/201/150 2439/200/149
f 2473/207/811 2425/206/1120 2429/1056/777 2476/1086/812
f 2476/1086/814 2429/1056/782 2434/1060/856 2480/1088/815
f 2480/1091/1147 2434/1059/856 2427/218/151 2474/221/154
f 2437/215/1122 2485/214/1123 2489/1094/821 2440/1062/784
f 2440/1064/785 2489/1098/830 2494/1097/861 2444/1065/848
f 2444/1065/1148 2494/1097/1149 2487/220/1124 2438/219/152
f 2486/191/140 2475/190/139 2483/1026/819 2491/1035/824
f 2491/1035/825 2483/1026/818 2479/1090/1126 2495/1095/828
f 2495/1095/828 2479/1090/1126 2474/221/154 2487/220/153
f 2449/208/121 2473/207/120 2477/1087/859 2452/1070/1150
f 2452/1070/791 2477/1087/431 2482/1028/820 2456/997/386
f 2456/997/795 2482/1028/1151 2475/190/139 2450/193/142
f 2485/214/143 2461/217/146 2465/1080/415 2488/1093/433
f 2488/1093/822 2465/1080/869 2470/1016/414 2492/1033/437
f 2492/1033/440 2470/1016/413 2463/192/141 2486/191/140
f 2462/211/136 2451/210/135 2459/1073/1152 2467/1084/805
f 2467/1084/805 2459/1073/799 2455/999/796 2471/1014/808
f 2471/1014/810 2455/999/794 2450/193/142 2463/192/141
f 2401/209/1130 2449/208/1131 2453/1072/792 2404/1043/760
f 2404/1043/762 2453/1072/800 2458/1075/798 2408/1046/862
f 2408/1048/1132 2458/1074/1133 2451/210/1134 2402/213/138
f 2461/217/1135 2414/216/1136 2420/1052/773 2464/1078/802
f 2464/1081/803 2420/1051/772 2416/1049/770 2468/1082/872
f 2468/1082/1137 2416/1049/863 2413/212/1138 2462/211/136
f 2521/206/119 2497/209/122 2501/1045/761 2524/1054/1144
f 2524/1054/350 2501/1045/327 2506/951/769 2528/971/354
f 2528/975/1145 2506/950/1146 2499/198/147 2522/201/150
f 2498/213/138 2509/212/137 2513/955/855 2503/944/831
f 2503/947/831 2513/965/855 2518/964/864 2507/948/1167
f 2507/948/767 2518/964/774 2511/199/1155 2499/198/1156
f 2510/216/145 2533/215/144 2537/983/381 2515/958/337
f 2515/961/835 2537/992/1113 2542/991/380 2519/962/836
f 2519/962/345 2542/991/378 2535/200/149 2511/199/148
f 2534/219/152 2523/218/151 2531/1057/857 2539/1068/1116
f 2539/1068/1116 2531/1057/857 2527/973/1141 2543/989/1142
f 2543/989/789 2527/973/778 2522/201/150 2535/200/149
f 2569/207/811 2521/206/1120 2525/1056/777 2572/1086/812
f 2572/1086/814 2525/1056/782 2530/1060/856 2576/1088/815
f 2576/1091/1147 2530/1059/856 2523/218/151 2570/221/154
f 2533/215/1122 2581/214/1123 2585/1094/821 2536/1062/784
f 2536/1064/785 2585/1098/830 2590/1097/861 2540/1065/848
f 2540/1065/1148 2590/1097/1149 2583/220/1124 2534/219/152
f 2582/191/140 2571/190/139 2579/1026/819 2587/1035/824
f 2587/1035/825 2579/1026/818 2575/1090/1126 2591/1095/828
f 2591/1095/828 2575/1090/1126 2570/221/154 2583/220/153
f 2545/208/121 2569/207/120 2573/1087/859 2548/1070/1150
f 2548/1070/791 2573/1087/431 2578/1028/820 2552/997/386
f 2552/997/795 2578/1028/1151 2571/190/139 2546/193/142
f 2581/214/143 2557/217/146 2561/1080/415 2584/1093/433
f 2584/1093/822 2561/1080/869 2566/1016/414 2588/1033/437
f 2588/1033/440 2566/1016/413 2559/192/141 2582/191/140
f 2558/211/136 2547/210/135 2555/1073/799 2563/1084/805
f 2563/1084/805 2555/1073/799 2551/999/796 2567/1014/808
f 2567/1014/810 2551/999/794 2546/193/142 2559/192/141
f 2497/209/1130 2545/208/1131 2549/1072/792 2500/1043/760
f 2500/1043/762 2549/1072/800 2554/1075/798 2504/1046/862
f 2504/1048/1132 2554/1074/1133 2547/210/1134 2498/213/138
f 2557/217/1135 2510/216/1136 2516/1052/773 2560/1078/802
f 2560/1081/803 2516/1051/772 2512/1049/770 2564/1082/872
f 2564/1082/1137 2512/1049/863 2509/212/1138 2558/211/136
f 2617/206/119 2593/209/122 2597/1045/761 2620/1054/1144
f 2620/1054/350 2597/1045/327 2602/951/769 2624/971/354
f 2624/975/1145 2602/950/1146 2595/198/147 2618/201/150
f 2594/213/138 2605/212/137 2609/955/1111 2599/944/1112
f 2599/947/831 2609/965/855 2614/964/847 2603/948/846
f 2603/948/767 2614/964/774 2607/199/148 2595/198/147
f 2606/216/145 2629/215/144 2633/983/381 2611/958/337
f 2611/961/835 2633/992/1113 2638/991/380 2615/962/836
f 2615/962/345 2638/991/378 2631/200/149 2607/199/148
f 2630/219/152 2619/218/151 2627/1057/857 2635/1068/1116
f 2635/1068/866 2627/1057/1117 2623/973/1141 2639/989/1142
f 2639/989/789 2623/973/778 2618/201/150 2631/200/149
f 2665/207/811 2617/206/1120 2621/1056/777 2668/1086/812
f 2668/1086/814 2621/1056/782 2626/1060/856 2672/1088/815
f 2672/1091/1147 2626/1059/856 2619/218/151 2666/221/154
f 2629/215/1122 2677/214/1123 2681/1094/821 2632/1062/784
f 2632/1064/785 2681/1098/830 2686/1097/861 2636/1065/848
f 2636/1065/1148 2686/1097/1149 2679/220/1124 2630/219/152
f 2678/191/140 2667/190/139 2675/1026/819 2683/1035/824
f 2683/1035/825 2675/1026/818 2671/1090/1126 2687/1095/828
f 2687/1095/828 2671/1090/1126 2666/221/154 2679/220/153
f 2641/208/121 2665/207/120 2669/1087/859 2644/1070/1150
f 2644/1070/791 2669/1087/431 2674/1028/820 2648/997/386
f 2648/997/795 2674/1028/1151 2667/190/139 2642/193/142
f 2677/214/143 2653/217/146 2657/1080/415 2680/1093/433
f 2680/1093/822 2657/1080/869 2662/1016/414 2684/1033/437
f 2684/1033/440 2662/1016/413 2655/192/141 2678/191/140
f 2654/211/136 2643/210/135 2651/1073/1152 2659/1084/805
f 2659/1084/805 2651/1073/799 2647/999/796 2663/1014/808
f 2663/1014/810 2647/999/794 2642/193/142 2655/192/141
f 2593/209/1130 2641/208/1131 2645/1072/792 2596/1043/760
f 2596/1043/762 2645/1072/800 2650/1075/798 2600/1046/862
f 2600/1048/1132 2650/1074/1133 2643/210/1134 2594/213/138
f 2653/217/1135 2606/216/1136 2612/1052/773 2656/1078/802
f 2656/1081/803 2612/1051/772 2608/1049/770 2660/1082/872
f 2660/1082/1137 2608/1049/863 2605/212/1138 2654/211/136
usemtl Brushed_aluminum
f 217/33/33 265/34/34 241/35/35 193/36/36
f 243/49/49 254/50/50 205/51/51 194/52/52
f 267/53/53 278/54/54 255/55/55 242/56/56
f 277/61/61 229/62/62 206/63/63 253/64/64
f 195/65/65 207/66/66 231/67/67 218/68/68
f 219/69/69 230/70/70 279/71/71 266/72/72
f 193/36/36 196/491/450 198/492/156 197/493/451
f 196/491/315 200/494/318 201/495/159 198/492/160
f 194/52/52 199/496/452 201/497/162 200/498/318
f 199/499/453 203/500/454 204/501/323 201/288/162
f 195/65/455 202/502/456 204/501/457 203/500/458
f 202/503/459 197/493/460 198/492/173 204/504/169
f 198/492/173 201/495/159 204/504/323
f 205/51/461 208/505/329 210/506/176 209/507/462
f 208/505/332 212/508/463 213/509/180 210/506/192
f 206/63/464 211/510/465 213/511/334 212/512/339
f 211/513/466 215/514/467 216/515/342 213/303/186
f 207/66/468 214/516/469 216/515/185 215/514/467
f 214/516/469 209/517/462 210/518/176 216/515/470
f 210/506/192 213/509/180 216/519/193
f 217/33/33 220/520/471 222/521/351 221/522/352
f 220/520/472 224/523/473 225/524/474 222/521/200
f 218/68/475 223/525/476 225/526/199 224/527/473
f 223/525/476 227/528/477 228/529/478 225/526/212
f 219/69/479 226/530/361 228/529/206 227/528/480
f 226/531/364 221/522/365 222/521/195 228/532/213
f 222/521/195 225/524/366 228/532/206
f 229/62/62 232/533/481 234/534/215 233/535/482
f 232/536/368 236/537/373 237/538/218 234/539/219
f 230/70/70 235/540/483 237/538/372 236/537/373
f 235/540/484 239/541/485 240/542/375 237/538/221
f 231/67/486 238/543/487 240/542/228 239/541/488
f 238/543/487 233/544/489 234/334/232 240/542/228
f 234/539/232 237/538/218 240/545/375
f 241/35/35 244/546/490 246/547/491 245/548/492
f 244/546/493 248/549/494 249/550/239 246/547/240
f 242/56/56 247/551/495 249/550/239 248/549/494
f 247/551/495 251/552/496 252/553/497 249/550/393
f 243/49/498 250/554/395 252/553/396 251/552/499
f 250/555/395 245/548/399 246/547/235 252/556/500
f 246/547/235 249/557/400 252/556/246
f 253/64/64 256/558/402 258/559/501 257/560/502
f 256/561/402 260/562/408 261/563/258 258/564/259
f 254/50/503 259/565/504 261/563/261 260/562/408
f 259/565/505 263/566/506 264/567/411 261/563/261
f 255/55/507 262/568/508 264/567/509 263/566/506
f 262/568/508 257/560/510 258/559/272 264/567/273
f 258/564/272 261/563/261 264/569/411
f 265/34/34 268/570/419 270/571/511 269/572/512
f 268/570/419 272/573/423 273/574/278 270/571/279
f 266/72/72 271/575/513 273/576/422 272/577/423
f 271/575/514 275/578/515 276/579/516 273/576/281
f 267/53/517 274/580/518 276/579/519 275/578/515
f 274/580/518 269/572/520 270/571/292 276/579/293
f 270/571/292 273/574/278 276/581/516
f 277/61/61 280/582/521 282/583/522 281/584/523
f 280/582/524 284/585/525 285/586/526 282/583/300
f 278/54/527 283/587/528 285/586/299 284/585/525
f 283/587/529 287/588/530 288/589/306 285/586/443
f 279/71/531 286/590/444 288/589/445 287/588/532
f 286/590/444 281/591/448 282/592/295 288/589/306
f 282/593/295 285/586/449 288/594/306
f 217/33/33 193/36/36 197/493/451 220/520/471
f 220/520/992 197/493/993 202/503/459 224/523/994
f 224/527/994 202/502/456 195/65/455 218/68/475
f 194/52/52 205/51/51 209/507/995 199/496/996
f 199/499/453 209/517/997 214/516/469 203/500/454
f 203/500/454 214/516/469 207/66/66 195/65/65
f 206/63/63 229/62/62 233/535/482 211/510/998
f 211/513/466 233/544/999 238/543/487 215/514/1000
f 215/514/1000 238/543/1001 231/67/486 207/66/468
f 230/70/70 219/69/69 227/528/480 235/540/1002
f 235/540/484 227/528/477 223/525/476 239/541/485
f 239/541/485 223/525/476 218/68/68 231/67/67
f 265/34/34 217/33/33 221/522/352 268/570/1003
f 268/570/419 221/522/365 226/531/361 272/573/423
f 272/577/423 226/530/361 219/69/1004 266/72/1005
f 229/62/62 277/61/61 281/584/523 232/533/481
f 232/536/368 281/591/448 286/590/444 236/537/373
f 236/537/373 286/590/444 279/71/1006 230/70/1007
f 278/54/54 267/53/53 275/578/515 283/587/528
f 283/587/529 275/578/1008 271/575/514 287/588/1009
f 287/588/530 271/575/513 266/72/72 279/71/71
f 241/35/35 265/34/34 269/572/1010 244/546/1011
f 244/546/1012 269/572/1013 274/580/1014 248/549/1015
f 248/549/1015 274/580/518 267/53/517 242/56/1016
f 277/61/61 253/64/64 257/560/1017 280/582/521
f 280/582/1018 257/560/1019 262/568/1020 284/585/1021
f 284/585/1021 262/568/508 255/55/507 278/54/1022
f 254/50/50 243/49/49 251/552/1023 259/565/504
f 259/565/505 251/552/496 247/551/1024 263/566/1025
f 263/566/506 247/551/495 242/56/56 255/55/55
f 193/36/36 241/35/35 245/548/492 196/491/1026
f 196/491/315 245/548/399 250/555/395 200/494/318
f 200/498/318 250/554/395 243/49/1027 194/52/1028
f 253/64/64 206/63/63 212/512/339 256/558/1029
f 256/561/402 212/508/991 208/505/329 260/562/408
f 260/562/408 208/505/329 205/51/1030 254/50/1031
