# Blender 4.3.2
# www.blender.org
mtllib motor.mtl
o Retaining_nut.003
v 0.295000 0.378500 -0.299490
v 0.294242 0.379375 -0.300062
v 0.295758 0.379375 -0.300062
v 0.294464 0.378756 -0.299867
v 0.295000 0.378870 -0.300102
v 0.295000 0.379375 -0.300272
v 0.295536 0.378756 -0.299867
v 0.295000 0.385500 -0.299490
v 0.295758 0.384625 -0.300062
v 0.294242 0.384625 -0.300062
v 0.295536 0.385244 -0.299867
v 0.295000 0.385130 -0.300102
v 0.295000 0.384625 -0.300272
v 0.294464 0.385244 -0.299867
v 0.298888 0.378500 -0.297245
v 0.299005 0.379375 -0.298187
v 0.299763 0.379375 -0.296875
v 0.298947 0.378756 -0.297897
v 0.299418 0.378870 -0.297551
v 0.299565 0.379375 -0.297636
v 0.299483 0.378756 -0.296969
v 0.298888 0.385500 -0.297245
v 0.299763 0.384625 -0.296875
v 0.299005 0.384625 -0.298187
v 0.299483 0.385244 -0.296969
v 0.299418 0.385130 -0.297551
v 0.299565 0.384625 -0.297636
v 0.298947 0.385244 -0.297897
v 0.298888 0.378500 -0.292755
v 0.299763 0.379375 -0.293125
v 0.299005 0.379375 -0.291812
v 0.299483 0.378756 -0.293031
v 0.299418 0.378870 -0.292449
v 0.299565 0.379375 -0.292364
v 0.298947 0.378756 -0.292103
v 0.298888 0.385500 -0.292755
v 0.299005 0.384625 -0.291812
v 0.299763 0.384625 -0.293125
v 0.298947 0.385244 -0.292103
v 0.299418 0.385130 -0.292449
v 0.299565 0.384625 -0.292364
v 0.299483 0.385244 -0.293031
v 0.295000 0.378500 -0.290510
v 0.295758 0.379375 -0.289937
v 0.294242 0.379375 -0.289937
v 0.295536 0.378756 -0.290133
v 0.295000 0.378870 -0.289898
v 0.295000 0.379375 -0.289728
v 0.294464 0.378756 -0.290133
v 0.295000 0.385500 -0.290510
v 0.294242 0.384625 -0.289937
v 0.295758 0.384625 -0.289937
v 0.294464 0.385244 -0.290133
v 0.295000 0.385130 -0.289898
v 0.295000 0.384625 -0.289728
v 0.295536 0.385244 -0.290133
v 0.291112 0.378500 -0.292755
v 0.290995 0.379375 -0.291812
v 0.290237 0.379375 -0.293125
v 0.291053 0.378756 -0.292103
v 0.290582 0.378870 -0.292449
v 0.290435 0.379375 -0.292364
v 0.290517 0.378756 -0.293031
v 0.291112 0.385500 -0.292755
v 0.290237 0.384625 -0.293125
v 0.290995 0.384625 -0.291812
v 0.290517 0.385244 -0.293031
v 0.290582 0.385130 -0.292449
v 0.290435 0.384625 -0.292364
v 0.291053 0.385244 -0.292103
v 0.291112 0.378500 -0.297245
v 0.290237 0.379375 -0.296875
v 0.290995 0.379375 -0.298187
v 0.290517 0.378756 -0.296969
v 0.290582 0.378870 -0.297551
v 0.290435 0.379375 -0.297636
v 0.291053 0.378756 -0.297897
v 0.291112 0.385500 -0.297245
v 0.290995 0.384625 -0.298187
v 0.290237 0.384625 -0.296875
v 0.291053 0.385244 -0.297897
v 0.290582 0.385130 -0.297551
v 0.290435 0.384625 -0.297636
v 0.290517 0.385244 -0.296969
vn -0.5358 -0.0461 -0.8431
vn -0.5358 0.0461 -0.8431
vn -0.4623 0.0461 -0.8855
vn -0.4623 -0.0461 -0.8855
vn 0.5358 -0.0461 0.8431
vn 0.5358 0.0461 0.8431
vn 0.4623 0.0461 0.8855
vn 0.4623 -0.0461 0.8855
vn -0.4623 -0.0461 0.8855
vn -0.4623 0.0461 0.8855
vn -0.5358 0.0461 0.8431
vn -0.5358 -0.0461 0.8431
vn -0.9980 -0.0461 0.0424
vn -0.9980 0.0461 0.0424
vn -0.9980 0.0461 -0.0424
vn -0.9980 -0.0461 -0.0424
vn 0.9980 -0.0461 -0.0424
vn 0.9980 0.0461 -0.0424
vn 0.9980 0.0461 0.0424
vn 0.9980 -0.0461 0.0424
vn 0.0310 0.9994 -0.0179
vn -0.0000 0.9994 -0.0359
vn -0.0311 0.9994 -0.0179
vn -0.0310 0.9994 0.0179
vn -0.0000 0.9994 0.0359
vn 0.0311 0.9994 0.0179
vn 0.4623 -0.0461 -0.8855
vn 0.4623 0.0461 -0.8855
vn 0.5358 0.0461 -0.8431
vn 0.5358 -0.0461 -0.8431
vn -0.0000 -0.9994 -0.0359
vn -0.3232 -0.7108 -0.6247
vn -0.0000 -0.5477 -0.8366
vn 0.3232 -0.7108 -0.6247
vn -0.0000 -0.0329 -0.9995
vn 0.3232 0.7108 -0.6247
vn -0.0000 0.5477 -0.8366
vn -0.3232 0.7108 -0.6247
vn -0.0000 0.0329 -0.9995
vn 0.0310 -0.9994 -0.0179
vn 0.3794 -0.7108 -0.5923
vn 0.7246 -0.5477 -0.4183
vn 0.7026 -0.7108 -0.0325
vn 0.8655 -0.0329 -0.4998
vn 0.7026 0.7108 -0.0324
vn 0.7246 0.5477 -0.4183
vn 0.3794 0.7108 -0.5923
vn 0.8655 0.0329 -0.4998
vn 0.0311 -0.9994 0.0179
vn 0.7026 -0.7108 0.0324
vn 0.7246 -0.5477 0.4183
vn 0.3794 -0.7108 0.5923
vn 0.8655 -0.0329 0.4998
vn 0.3794 0.7108 0.5923
vn 0.7246 0.5477 0.4183
vn 0.7026 0.7108 0.0325
vn 0.8655 0.0329 0.4998
vn -0.0000 -0.9994 0.0359
vn 0.3232 -0.7108 0.6247
vn -0.0000 -0.5477 0.8366
vn -0.3232 -0.7108 0.6247
vn -0.0000 -0.0329 0.9995
vn -0.3232 0.7108 0.6247
vn -0.0000 0.5477 0.8366
vn 0.3232 0.7108 0.6247
vn -0.0000 0.0329 0.9995
vn -0.0310 -0.9994 0.0179
vn -0.3794 -0.7108 0.5923
vn -0.7246 -0.5477 0.4183
vn -0.7026 -0.7108 0.0325
vn -0.8655 -0.0329 0.4998
vn -0.7026 0.7108 0.0324
vn -0.7246 0.5477 0.4183
vn -0.3794 0.7108 0.5923
vn -0.8655 0.0329 0.4998
vn -0.0311 -0.9994 -0.0179
vn -0.7026 -0.7108 -0.0324
vn -0.7246 -0.5477 -0.4183
vn -0.3794 -0.7108 -0.5923
vn -0.8655 -0.0329 -0.4998
vn -0.3794 0.7108 -0.5923
vn -0.7246 0.5477 -0.4183
vn -0.7026 0.7108 -0.0325
vn -0.8655 0.0329 -0.4998
vt 0.140151 0.562500
vt 0.140151 0.937500
vt 0.026515 0.937500
vt 0.026515 0.562500
vt 0.640152 0.562500
vt 0.640152 0.937500
vt 0.526515 0.937500
vt 0.526515 0.562500
vt 0.473485 0.562500
vt 0.473485 0.937500
vt 0.359848 0.937500
vt 0.359848 0.562500
vt 0.306818 0.562500
vt 0.306818 0.937500
vt 0.193182 0.937500
vt 0.193182 0.562500
vt 0.806818 0.562500
vt 0.806818 0.937500
vt 0.693182 0.937500
vt 0.693182 0.562500
vt 0.419664 0.347956
vt 0.250000 0.445911
vt 0.080336 0.347956
vt 0.080336 0.152044
vt 0.250000 0.054089
vt 0.419664 0.152044
vt 0.973485 0.562500
vt 0.973485 0.937500
vt 0.859848 0.937500
vt 0.859848 0.562500
vt 0.750000 0.445911
vt 0.720497 0.472967
vt 0.742472 0.485654
vt 0.779503 0.472967
vt -0.000000 0.562500
vt -0.000000 0.526416
vt 0.023657 0.500000
vt 0.976342 0.500000
vt 0.993963 0.500000
vt 1.000000 0.562500
vt 0.279503 0.472967
vt 0.257528 0.485654
vt 0.220497 0.472967
vt 1.000000 0.937500
vt 1.000000 0.973584
vt 0.976342 1.000000
vt 0.023657 1.000000
vt 0.006037 1.000000
vt -0.000000 0.937500
vt 0.919664 0.347956
vt 0.928343 0.387033
vt 0.950318 0.374346
vt 0.957846 0.335933
vt 0.833333 0.562500
vt 0.833333 0.526416
vt 0.856991 0.500000
vt 0.809676 0.500000
vt 0.827297 0.500000
vt 0.833333 0.562500
vt 0.457846 0.335933
vt 0.457846 0.361307
vt 0.428343 0.387033
vt 0.833333 0.937500
vt 0.833333 0.973584
vt 0.809676 1.000000
vt 0.856991 1.000000
vt 0.839370 1.000000
vt 0.833333 0.937500
vt 0.919664 0.152044
vt 0.957846 0.164067
vt 0.957846 0.138693
vt 0.928343 0.112967
vt 0.666667 0.562500
vt 0.666667 0.526416
vt 0.690324 0.500000
vt 0.643009 0.500000
vt 0.660630 0.500000
vt 0.428343 0.112967
vt 0.450318 0.125654
vt 0.457846 0.164067
vt 0.666667 0.937500
vt 0.666667 0.973584
vt 0.643009 1.000000
vt 0.690324 1.000000
vt 0.672703 1.000000
vt 0.666667 0.937500
vt 0.750000 0.054089
vt 0.779503 0.027033
vt 0.757528 0.014346
vt 0.720497 0.027033
vt 0.500000 0.562500
vt 0.500000 0.526416
vt 0.523658 0.500000
vt 0.476342 0.500000
vt 0.493963 0.500000
vt 0.220497 0.027033
vt 0.242472 0.014346
vt 0.279503 0.027033
vt 0.500000 0.937500
vt 0.500000 0.973584
vt 0.476342 1.000000
vt 0.523658 1.000000
vt 0.506037 1.000000
vt 0.500000 0.937500
vt 0.580336 0.152044
vt 0.571657 0.112967
vt 0.549682 0.125654
vt 0.542154 0.164067
vt 0.333333 0.562500
vt 0.333333 0.526416
vt 0.356991 0.500000
vt 0.309676 0.500000
vt 0.327297 0.500000
vt 0.042154 0.164067
vt 0.042154 0.138693
vt 0.071657 0.112967
vt 0.333333 0.937500
vt 0.333333 0.973584
vt 0.309676 1.000000
vt 0.356991 1.000000
vt 0.339370 1.000000
vt 0.333333 0.937500
vt 0.580336 0.347956
vt 0.542154 0.335933
vt 0.542154 0.361307
vt 0.571657 0.387033
vt 0.166667 0.562500
vt 0.166667 0.526416
vt 0.190324 0.500000
vt 0.143009 0.500000
vt 0.160630 0.500000
vt 0.166667 0.562500
vt 0.071657 0.387033
vt 0.049682 0.374346
vt 0.042154 0.335933
vt 0.166667 0.937500
vt 0.166667 0.973584
vt 0.143009 1.000000
vt 0.190324 1.000000
vt 0.172703 1.000000
vt 0.166667 0.937500
s 1
usemtl Brushed_aluminum
f 73/1/1 79/2/2 10/3/3 2/4/4
f 31/5/5 37/6/6 52/7/7 44/8/8
f 45/9/9 51/10/10 66/11/11 58/12/12
f 59/13/13 65/14/14 80/15/15 72/16/16
f 17/17/17 23/18/18 38/19/19 30/20/20
f 22/21/21 8/22/22 78/23/23 64/24/24 50/25/25 36/26/26
f 3/27/27 9/28/28 24/29/29 16/30/30
f 1/31/31 4/32/32 5/33/33 7/34/34
f 2/4/4 6/35/35 5/36/33 4/37/32
f 3/27/27 7/38/34 5/39/33 6/40/35
f 8/22/22 11/41/36 12/42/37 14/43/38
f 9/28/28 13/44/39 12/45/37 11/46/36
f 10/3/3 14/47/38 12/48/37 13/49/39
f 15/50/40 18/51/41 19/52/42 21/53/43
f 16/30/30 20/54/44 19/55/42 18/56/41
f 17/17/17 21/57/43 19/58/42 20/59/44
f 22/21/21 25/60/45 26/61/46 28/62/47
f 23/18/18 27/63/48 26/64/46 25/65/45
f 24/29/29 28/66/47 26/67/46 27/68/48
f 29/69/49 32/70/50 33/71/51 35/72/52
f 30/20/20 34/73/53 33/74/51 32/75/50
f 31/5/5 35/76/52 33/77/51 34/73/53
f 36/26/26 39/78/54 40/79/55 42/80/56
f 37/6/6 41/81/57 40/82/55 39/83/54
f 38/19/19 42/84/56 40/85/55 41/86/57
f 43/87/58 46/88/59 47/89/60 49/90/61
f 44/8/8 48/91/62 47/92/60 46/93/59
f 45/9/9 49/94/61 47/95/60 48/91/62
f 50/25/25 53/96/63 54/97/64 56/98/65
f 51/10/10 55/99/66 54/100/64 53/101/63
f 52/7/7 56/102/65 54/103/64 55/104/66
f 57/105/67 60/106/68 61/107/69 63/108/70
f 58/12/12 62/109/71 61/110/69 60/111/68
f 59/13/13 63/112/70 61/113/69 62/109/71
f 64/24/24 67/114/72 68/115/73 70/116/74
f 65/14/14 69/117/75 68/118/73 67/119/72
f 66/11/11 70/120/74 68/121/73 69/122/75
f 71/123/76 74/124/77 75/125/78 77/126/79
f 72/16/16 76/127/80 75/128/78 74/129/77
f 73/1/1 77/130/79 75/131/78 76/132/80
f 78/23/23 81/133/81 82/134/82 84/135/83
f 79/2/2 83/136/84 82/137/82 81/138/81
f 80/15/15 84/139/83 82/140/82 83/141/84
f 3/27/27 16/30/30 18/56/41 7/38/34
f 7/34/34 18/51/41 15/50/40 1/31/31
f 24/29/29 9/28/28 11/46/36 28/66/47
f 28/62/47 11/41/36 8/22/22 22/21/21
f 2/4/4 10/3/3 13/49/39 6/35/35
f 6/40/35 13/44/39 9/28/28 3/27/27
f 23/18/18 17/17/17 20/59/44 27/63/48
f 27/63/48 20/59/44 16/30/30 24/29/29
f 17/17/17 30/20/20 32/75/50 21/57/43
f 21/53/43 32/70/50 29/69/49 15/50/40
f 38/19/19 23/18/18 25/65/45 42/84/56
f 42/80/56 25/60/45 22/21/21 36/26/26
f 37/6/6 31/5/5 34/73/53 41/81/57
f 41/81/57 34/73/53 30/20/20 38/19/19
f 31/5/5 44/8/8 46/93/59 35/76/52
f 35/72/52 46/88/59 43/87/58 29/69/49
f 52/7/7 37/6/6 39/83/54 56/102/65
f 56/98/65 39/78/54 36/26/26 50/25/25
f 51/10/10 45/9/9 48/91/62 55/99/66
f 55/99/66 48/91/62 44/8/8 52/7/7
f 45/9/9 58/12/12 60/111/68 49/94/61
f 49/90/61 60/106/68 57/105/67 43/87/58
f 66/11/11 51/10/10 53/101/63 70/120/74
f 70/116/74 53/96/63 50/25/25 64/24/24
f 65/14/14 59/13/13 62/109/71 69/117/75
f 69/117/75 62/109/71 58/12/12 66/11/11
f 59/13/13 72/16/16 74/129/77 63/112/70
f 63/108/70 74/124/77 71/123/76 57/105/67
f 80/15/15 65/14/14 67/119/72 84/139/83
f 84/135/83 67/114/72 64/24/24 78/23/23
f 79/2/2 73/1/1 76/132/80 83/136/84
f 83/136/84 76/132/80 72/16/16 80/15/15
f 73/1/1 2/4/4 4/37/32 77/130/79
f 77/126/79 4/32/32 1/31/31 71/123/76
f 10/3/3 79/2/2 81/138/81 14/47/38
f 14/43/38 81/133/81 78/23/23 8/22/22
f 1/31/31 15/50/40 29/69/49 43/87/58 57/105/67 71/123/76
o Radial_cooling_vent.047
v 0.304459 0.367000 -0.288384
v 0.304209 0.367500 -0.287951
v 0.304026 0.367500 -0.288634
v 0.304334 0.367067 -0.288168
v 0.304243 0.367067 -0.288509
v 0.304133 0.367132 -0.288296
v 0.304026 0.367500 -0.288134
v 0.304243 0.367250 -0.288009
v 0.304068 0.367261 -0.288185
v 0.304084 0.367250 -0.288601
v 0.303959 0.367500 -0.288384
v 0.304021 0.367261 -0.288361
v 0.304209 0.367500 -0.287951
v 0.304459 0.368000 -0.288384
v 0.304026 0.367500 -0.288634
v 0.304243 0.367750 -0.288009
v 0.304026 0.367500 -0.288134
v 0.304068 0.367739 -0.288185
v 0.304243 0.367933 -0.288509
v 0.304334 0.367933 -0.288168
v 0.304133 0.367868 -0.288296
v 0.303959 0.367500 -0.288384
v 0.304084 0.367750 -0.288601
v 0.304021 0.367739 -0.288361
v 0.305459 0.367000 -0.290116
v 0.305026 0.367500 -0.290366
v 0.305709 0.367500 -0.290549
v 0.305243 0.367067 -0.290241
v 0.305584 0.367067 -0.290332
v 0.305372 0.367132 -0.290443
v 0.305209 0.367500 -0.290549
v 0.305084 0.367250 -0.290333
v 0.305260 0.367261 -0.290507
v 0.305676 0.367250 -0.290491
v 0.305460 0.367500 -0.290616
v 0.305436 0.367261 -0.290555
v 0.305459 0.368000 -0.290116
v 0.305709 0.367500 -0.290549
v 0.305026 0.367500 -0.290366
v 0.305584 0.367933 -0.290332
v 0.305243 0.367933 -0.290241
v 0.305372 0.367868 -0.290443
v 0.305460 0.367500 -0.290616
v 0.305676 0.367750 -0.290491
v 0.305436 0.367739 -0.290555
v 0.305084 0.367750 -0.290333
v 0.305209 0.367500 -0.290549
v 0.305260 0.367739 -0.290507
v 0.313986 0.367000 -0.282884
v 0.314419 0.367500 -0.282634
v 0.313736 0.367500 -0.282451
v 0.314202 0.367067 -0.282759
v 0.313861 0.367067 -0.282668
v 0.314073 0.367132 -0.282557
v 0.314236 0.367500 -0.282451
v 0.314361 0.367250 -0.282667
v 0.314185 0.367261 -0.282493
v 0.313769 0.367250 -0.282509
v 0.313985 0.367500 -0.282384
v 0.314008 0.367261 -0.282445
v 0.313986 0.368000 -0.282884
v 0.313736 0.367500 -0.282451
v 0.314419 0.367500 -0.282634
v 0.313861 0.367933 -0.282668
v 0.314202 0.367933 -0.282759
v 0.314073 0.367868 -0.282557
v 0.313985 0.367500 -0.282384
v 0.313769 0.367750 -0.282509
v 0.314008 0.367739 -0.282445
v 0.314361 0.367750 -0.282667
v 0.314236 0.367500 -0.282451
v 0.314185 0.367739 -0.282493
v 0.314986 0.367000 -0.284616
v 0.315236 0.367500 -0.285049
v 0.315419 0.367500 -0.284366
v 0.315110 0.367067 -0.284832
v 0.315202 0.367067 -0.284491
v 0.315312 0.367132 -0.284704
v 0.315418 0.367500 -0.284866
v 0.315202 0.367250 -0.284991
v 0.315377 0.367261 -0.284815
v 0.315361 0.367250 -0.284399
v 0.315486 0.367500 -0.284616
v 0.315424 0.367261 -0.284639
v 0.314986 0.368000 -0.284616
v 0.315419 0.367500 -0.284366
v 0.315236 0.367500 -0.285049
v 0.315202 0.367933 -0.284491
v 0.315110 0.367933 -0.284832
v 0.315312 0.367868 -0.284704
v 0.315486 0.367500 -0.284616
v 0.315361 0.367750 -0.284399
v 0.315424 0.367739 -0.284639
v 0.315202 0.367750 -0.284991
v 0.315418 0.367500 -0.284866
v 0.315377 0.367739 -0.284815
vn -0.4781 -0.2586 0.8394
vn -0.4781 0.2586 0.8394
vn -0.4879 0.2586 0.8337
vn -0.4879 -0.2586 0.8337
vn 0.8990 -0.1593 0.4080
vn 0.9349 0.0432 0.3523
vn 0.8028 0.1593 0.5746
vn 0.7725 -0.0432 0.6335
vn 0.0200 0.9995 -0.0227
vn 0.0097 0.9995 -0.0286
vn -0.0200 0.9995 0.0227
vn -0.0097 0.9995 0.0286
vn -0.9033 -0.1288 -0.4093
vn -0.9282 0.1302 -0.3486
vn -0.8028 0.1593 -0.5746
vn -0.7725 -0.0432 -0.6335
vn 0.4781 -0.2586 -0.8394
vn 0.4781 0.2586 -0.8394
vn 0.4879 0.2586 -0.8337
vn 0.4879 -0.2586 -0.8337
vn -0.0200 -0.9995 0.0228
vn -0.2544 -0.8660 0.4305
vn -0.6111 -0.7745 0.1637
vn -0.4445 -0.8665 -0.2273
vn -0.4374 -0.5000 0.7474
vn -0.7746 -0.4474 0.4470
vn -0.6111 -0.7745 0.1638
vn -0.8389 -0.1286 0.5289
vn -0.7746 -0.4473 0.4470
vn -0.4374 -0.5000 0.7475
vn -0.9926 -0.1216 -0.0054
vn -0.8944 -0.4473 0.0002
vn -0.7747 -0.4473 0.4470
vn -0.9033 -0.1289 -0.4092
vn -0.7631 -0.4986 -0.4112
vn -0.9926 -0.1216 -0.0055
vn -0.7631 -0.4987 -0.4112
vn -0.4446 -0.8664 -0.2273
vn -0.6111 -0.7744 0.1637
vn -0.8944 -0.4474 0.0002
vn -0.6111 -0.7744 0.1638
vn -0.8943 -0.4474 0.0002
vn -0.4374 0.5000 0.7474
vn -0.7746 0.4473 0.4470
vn -0.8721 0.1152 0.4756
vn -0.2544 0.8660 0.4305
vn -0.6111 0.7744 0.1638
vn -0.7746 0.4474 0.4470
vn -0.4445 0.8665 -0.2273
vn -0.6111 0.7745 0.1638
vn -0.4446 0.8664 -0.2273
vn -0.7631 0.4986 -0.4112
vn -0.8943 0.4474 0.0002
vn -0.6111 0.7745 0.1637
vn -0.9282 0.1303 -0.3486
vn -0.9926 0.1216 -0.0055
vn -0.8944 0.4473 0.0002
vn -0.9926 0.1216 -0.0054
vn -0.8721 0.1152 0.4755
vn -0.7747 0.4473 0.4470
vn -0.6111 0.7744 0.1637
vn 0.0097 -0.9995 -0.0287
vn -0.4191 -0.8665 -0.2713
vn -0.1637 -0.7745 -0.6111
vn 0.2456 -0.8660 -0.4355
vn -0.4191 -0.8664 -0.2713
vn -0.7376 -0.4986 -0.4552
vn -0.4470 -0.4474 -0.7746
vn -0.1638 -0.7745 -0.6111
vn -0.7725 -0.0432 -0.6336
vn -0.4656 0.1756 -0.8674
vn -0.4470 -0.4473 -0.7746
vn -0.7377 -0.4986 -0.4552
vn -0.4657 0.1756 -0.8673
vn 0.0333 0.2434 -0.9694
vn -0.0002 -0.4473 -0.8944
vn -0.4470 -0.4473 -0.7747
vn 0.4780 -0.2586 -0.8394
vn 0.4286 -0.5000 -0.7525
vn 0.0333 0.2433 -0.9694
vn 0.2456 -0.8660 -0.4356
vn -0.1637 -0.7744 -0.6111
vn -0.0002 -0.4474 -0.8944
vn -0.1638 -0.7744 -0.6111
vn -0.0002 -0.4474 -0.8943
vn 0.0097 0.9995 -0.0287
vn 0.2456 0.8660 -0.4356
vn -0.1638 0.7745 -0.6111
vn -0.4191 0.8665 -0.2713
vn 0.2457 0.8660 -0.4356
vn 0.4286 0.5000 -0.7525
vn -0.0002 0.4474 -0.8943
vn -0.1637 0.7745 -0.6111
vn 0.4780 0.2586 -0.8394
vn -0.0166 0.5072 -0.8617
vn -0.0002 0.4473 -0.8944
vn -0.5316 0.3233 -0.7829
vn -0.4470 0.4473 -0.7747
vn -0.7377 0.4986 -0.4552
vn -0.4470 0.4473 -0.7746
vn -0.5317 0.3233 -0.7828
vn -0.7376 0.4987 -0.4552
vn -0.4191 0.8664 -0.2714
vn -0.1638 0.7744 -0.6111
vn -0.4470 0.4474 -0.7746
vn -0.1637 0.7744 -0.6111
vn -0.0097 -0.9995 0.0287
vn 0.4191 -0.8665 0.2713
vn 0.1637 -0.7745 0.6111
vn -0.2456 -0.8660 0.4355
vn 0.4191 -0.8664 0.2713
vn 0.7376 -0.4986 0.4552
vn 0.4470 -0.4474 0.7746
vn 0.1638 -0.7745 0.6111
vn 0.7725 -0.0432 0.6336
vn 0.4656 0.1756 0.8674
vn 0.4470 -0.4473 0.7746
vn 0.7377 -0.4986 0.4552
vn 0.4657 0.1756 0.8673
vn -0.0333 0.2434 0.9694
vn 0.0002 -0.4473 0.8944
vn 0.4470 -0.4473 0.7747
vn -0.4780 -0.2586 0.8394
vn -0.4286 -0.5000 0.7525
vn -0.0333 0.2433 0.9694
vn -0.2456 -0.8660 0.4356
vn 0.1637 -0.7744 0.6111
vn 0.0002 -0.4474 0.8944
vn 0.1638 -0.7744 0.6111
vn 0.0002 -0.4474 0.8943
vn -0.0097 0.9995 0.0287
vn -0.2456 0.8660 0.4356
vn 0.1638 0.7745 0.6111
vn 0.4191 0.8665 0.2713
vn -0.2457 0.8660 0.4356
vn -0.4286 0.5000 0.7525
vn 0.0002 0.4474 0.8943
vn 0.1637 0.7745 0.6111
vn -0.4780 0.2586 0.8394
vn 0.0166 0.5072 0.8617
vn 0.0002 0.4473 0.8944
vn 0.5316 0.3233 0.7829
vn 0.4470 0.4473 0.7747
vn 0.7377 0.4986 0.4552
vn 0.4470 0.4473 0.7746
vn 0.5317 0.3233 0.7828
vn 0.7376 0.4987 0.4552
vn 0.4191 0.8664 0.2714
vn 0.1638 0.7744 0.6111
vn 0.4470 0.4474 0.7746
vn 0.1637 0.7744 0.6111
vn 0.0200 -0.9995 -0.0228
vn 0.2544 -0.8660 -0.4305
vn 0.6111 -0.7745 -0.1637
vn 0.4445 -0.8665 0.2273
vn 0.4374 -0.5000 -0.7474
vn 0.7746 -0.4474 -0.4470
vn 0.6111 -0.7745 -0.1638
vn 0.7545 -0.5072 -0.4165
vn 0.7746 -0.4473 -0.4470
vn 0.4374 -0.5000 -0.7475
vn 0.7546 -0.5072 -0.4164
vn 0.9438 -0.3233 0.0689
vn 0.8944 -0.4473 -0.0002
vn 0.7747 -0.4473 -0.4470
vn 0.8990 -0.1593 0.4079
vn 0.7631 -0.4986 0.4112
vn 0.9438 -0.3233 0.0690
vn 0.7631 -0.4987 0.4112
vn 0.4446 -0.8664 0.2273
vn 0.6111 -0.7744 -0.1637
vn 0.8944 -0.4474 -0.0002
vn 0.6111 -0.7744 -0.1638
vn 0.8943 -0.4474 -0.0002
vn 0.4445 0.8665 0.2273
vn 0.6111 0.7745 -0.1638
vn 0.2544 0.8660 -0.4305
vn 0.4446 0.8664 0.2273
vn 0.7631 0.4986 0.4112
vn 0.8943 0.4474 -0.0002
vn 0.6111 0.7745 -0.1637
vn 0.9349 0.0432 0.3522
vn 0.9840 -0.1756 -0.0304
vn 0.8944 0.4473 -0.0002
vn 0.8228 -0.2434 -0.5135
vn 0.7747 0.4473 -0.4470
vn 0.4374 0.5000 -0.7474
vn 0.7746 0.4473 -0.4470
vn 0.8228 -0.2433 -0.5135
vn 0.6111 0.7744 -0.1638
vn 0.7746 0.4474 -0.4470
vn 0.6111 0.7744 -0.1637
vn -0.0200 -0.9995 0.0227
vn -0.4192 -0.8664 -0.2713
vn -0.4446 -0.8664 -0.2274
vn -0.7630 -0.4987 -0.4112
vn -0.7376 -0.4987 -0.4552
vn -0.7631 -0.4986 -0.4113
vn -0.7725 -0.0433 -0.6335
vn -0.9926 -0.1215 -0.0054
vn -0.9926 -0.1215 -0.0055
vn -0.9926 0.1215 -0.0055
vn -0.9033 -0.1288 -0.4092
vn -0.4446 0.8664 -0.2274
vn -0.4192 0.8664 -0.2713
vn -0.7630 0.4987 -0.4112
vn -0.7631 0.4986 -0.4113
vn -0.0166 0.5072 -0.8616
vn 0.0334 0.2433 -0.9694
vn -0.5316 0.3233 -0.7828
vn -0.7725 -0.0431 -0.6336
vn 0.2543 -0.8660 -0.4305
vn 0.2457 -0.8660 -0.4356
vn 0.4287 -0.5000 -0.7525
vn 0.4373 -0.5000 -0.7475
vn 0.0200 0.9995 -0.0228
vn 0.2543 0.8660 -0.4305
vn 0.2456 0.8660 -0.4355
vn 0.4373 0.5000 -0.7475
vn 0.4287 0.5000 -0.7525
vn 0.4374 0.5000 -0.7475
vn 0.9349 0.0431 0.3522
vn 0.9840 -0.1756 -0.0303
vn 0.7545 -0.5072 -0.4164
vn 0.8228 -0.2433 -0.5136
vn 0.4878 0.2586 -0.8338
vn 0.0200 -0.9995 -0.0227
vn 0.4192 -0.8664 0.2713
vn 0.4446 -0.8664 0.2274
vn 0.7630 -0.4987 0.4112
vn 0.7376 -0.4987 0.4552
vn 0.7631 -0.4986 0.4113
vn 0.7725 -0.0433 0.6335
vn 0.4446 0.8664 0.2274
vn 0.4192 0.8664 0.2713
vn 0.7630 0.4987 0.4112
vn 0.7631 0.4986 0.4113
vn 0.9349 0.0433 0.3523
vn 0.0166 0.5072 0.8616
vn -0.0334 0.2433 0.9694
vn 0.5316 0.3233 0.7828
vn 0.7725 -0.0431 0.6336
vn -0.2543 -0.8660 0.4305
vn -0.2457 -0.8660 0.4356
vn -0.4287 -0.5000 0.7525
vn -0.4373 -0.5000 0.7475
vn -0.0200 0.9995 0.0228
vn -0.2543 0.8660 0.4305
vn -0.2456 0.8660 0.4355
vn -0.4373 0.5000 0.7475
vn -0.4287 0.5000 0.7525
vn -0.4374 0.5000 0.7475
vn -0.4878 0.2586 0.8338
vn 0.0097 -0.9995 -0.0286
vn -0.0097 -0.9995 0.0286
vt 0.500000 0.760417
vt 0.500000 0.760417
vt 0.500000 0.989583
vt 0.500000 0.989583
vt 0.500000 0.541667
vt 0.500000 0.541667
vt 0.500000 0.708333
vt 0.500000 0.708333
vt 0.635417 0.541667
vt 0.864583 0.541667
vt 0.864583 0.708333
vt 0.635417 0.708333
vt 0.500000 0.041667
vt 0.500000 0.041667
vt 0.500000 0.208333
vt 0.500000 0.208333
vt 0.500000 0.260417
vt 0.500000 0.260417
vt 0.500000 0.489583
vt 0.500000 0.489583
vt 0.135417 0.708333
vt 0.135417 0.729139
vt 0.130435 0.728259
vt 0.130215 0.708333
vt 0.135417 0.750000
vt 0.130435 0.750000
vt 0.500000 1.000000
vt 0.375000 0.994565
vt 0.375000 0.989583
vt 0.500000 0.000000
vt 0.500000 0.020861
vt 0.375000 0.021741
vt 0.375000 0.000000
vt 0.375000 0.041667
vt 0.125000 0.708333
vt 0.125000 0.728259
vt 0.562418 0.989583
vt 0.559776 0.994565
vt 0.625000 0.989583
vt 0.625000 0.994565
vt 0.875000 0.708333
vt 0.869565 0.750000
vt 0.864583 0.750000
vt 0.625000 0.041667
vt 0.562418 0.041667
vt 0.559776 0.021741
vt 0.625000 0.000000
vt 0.500000 0.020861
vt 0.559776 0.010974
vt 0.559777 0.997257
vt 0.135417 0.541667
vt 0.130215 0.541667
vt 0.130435 0.521741
vt 0.135417 0.520861
vt 0.125000 0.541667
vt 0.125000 0.521741
vt 0.500000 0.229139
vt 0.375000 0.228259
vt 0.375000 0.208333
vt 0.500000 0.255215
vt 0.375000 0.255435
vt 0.375000 0.260417
vt 0.135417 0.500000
vt 0.130435 0.500000
vt 0.864583 0.500000
vt 0.869565 0.500000
vt 0.875000 0.541667
vt 0.625000 0.260417
vt 0.562418 0.260417
vt 0.559776 0.255435
vt 0.625000 0.255435
vt 0.500000 0.229139
vt 0.559776 0.228259
vt 0.562418 0.208333
vt 0.625000 0.208333
vt 0.625000 0.250000
vt 0.559776 0.252743
vt 0.364583 0.708333
vt 0.369785 0.708333
vt 0.369565 0.728259
vt 0.364583 0.729139
vt 0.437582 0.708333
vt 0.440224 0.728259
vt 0.500000 0.729139
vt 0.500000 0.755215
vt 0.375000 0.755435
vt 0.375000 0.760417
vt 0.364583 0.750000
vt 0.369565 0.750000
vt 0.372257 0.728259
vt 0.635417 0.750000
vt 0.630435 0.750000
vt 0.630215 0.708333
vt 0.625000 0.760417
vt 0.562418 0.760417
vt 0.559776 0.755435
vt 0.625000 0.755435
vt 0.500000 0.729139
vt 0.559776 0.728259
vt 0.562418 0.708333
vt 0.559776 0.752743
vt 0.364583 0.541667
vt 0.364583 0.520861
vt 0.369565 0.521741
vt 0.369785 0.541667
vt 0.364583 0.500000
vt 0.369565 0.500000
vt 0.500000 0.494785
vt 0.375000 0.494565
vt 0.375000 0.489583
vt 0.500000 0.520861
vt 0.440224 0.521741
vt 0.437582 0.541667
vt 0.372257 0.521741
vt 0.630215 0.541667
vt 0.630435 0.521741
vt 0.635417 0.500000
vt 0.562418 0.541667
vt 0.559776 0.521741
vt 0.559776 0.494565
vt 0.562418 0.489583
vt 0.625000 0.489583
vt 0.592079 0.494565
vt 0.592079 0.521741
vt 0.559777 0.510974
s 0
usemtl Anodized_graphite
f 135/142/85 146/143/86 97/144/87 86/145/88
f 159/146/89 170/147/90 147/148/91 134/149/92
f 169/150/93 121/151/94 98/152/95 145/153/96
f 87/154/97 99/155/98 123/156/99 110/157/100
f 111/158/101 122/159/102 171/160/103 158/161/104
f 85/162/105 88/163/106 90/164/107 89/165/108
f 88/163/106 92/166/109 93/167/110 90/164/111
f 86/145/88 91/168/112 93/169/113 92/170/114
f 91/171/112 95/172/115 96/173/116 93/174/117
f 87/154/118 94/175/119 96/173/116 95/172/120
f 94/176/121 89/165/122 90/164/123 96/177/124
f 90/164/125 93/167/117 96/177/126
f 97/144/87 100/178/127 102/179/128 101/168/129
f 100/178/127 104/180/130 105/181/131 102/179/132
f 98/152/95 103/182/133 105/183/134 104/184/130
f 103/185/135 107/186/136 108/187/137 105/188/138
f 99/155/139 106/189/140 108/187/141 107/186/136
f 106/189/142 101/171/143 102/190/144 108/187/141
f 102/179/132 105/181/145 108/191/141
f 109/192/146 112/193/147 114/194/148 113/195/149
f 112/193/150 116/196/151 117/197/152 114/194/153
f 110/157/154 115/198/155 117/199/156 116/200/157
f 115/198/158 119/201/159 120/202/160 117/199/161
f 111/158/162 118/203/163 120/202/160 119/201/164
f 118/204/163 113/195/165 114/194/166 120/205/167
f 114/194/168 117/197/161 120/205/169
f 121/151/170 124/206/171 126/207/172 125/208/173
f 124/209/174 128/210/175 129/211/176 126/212/177
f 122/159/178 127/201/179 129/211/180 128/210/175
f 127/201/179 131/213/181 132/214/182 129/211/180
f 123/156/99 130/215/183 132/214/184 131/213/185
f 130/215/186 125/216/187 126/217/188 132/214/189
f 126/212/190 129/211/180 132/218/189
f 133/219/191 136/220/192 138/221/193 137/222/194
f 136/220/195 140/223/196 141/224/197 138/221/198
f 134/149/199 139/225/200 141/224/201 140/223/202
f 139/225/203 143/226/204 144/227/205 141/224/206
f 135/142/207 142/228/208 144/227/205 143/226/209
f 142/229/208 137/222/210 138/221/211 144/230/212
f 138/221/213 141/231/206 144/230/214
f 145/153/215 148/232/216 150/233/217 149/234/218
f 148/235/219 152/236/220 153/237/221 150/238/222
f 146/143/223 151/226/224 153/237/225 152/236/220
f 151/226/224 155/239/226 156/240/227 153/237/225
f 147/148/91 154/241/228 156/240/229 155/239/230
f 154/241/231 149/234/232 150/233/233 156/240/234
f 150/238/235 153/237/225 156/242/234
f 157/243/236 160/244/237 162/245/238 161/246/239
f 160/244/237 164/247/240 165/248/241 162/245/242
f 158/161/104 163/249/243 165/250/244 164/251/245
f 163/249/246 167/252/247 168/253/248 165/250/249
f 159/146/250 166/254/251 168/253/248 167/252/252
f 166/254/253 161/246/254 162/245/255 168/253/256
f 162/245/257 165/248/249 168/255/258
f 169/150/93 172/256/259 174/257/260 173/258/261
f 172/256/262 176/259/263 177/260/264 174/257/265
f 170/147/266 175/252/267 177/260/268 176/259/263
f 175/252/267 179/249/269 180/261/270 177/260/268
f 171/160/103 178/262/271 180/261/272 179/249/273
f 178/262/271 173/263/261 174/264/274 180/261/275
f 174/265/276 177/260/268 180/266/275
f 109/192/146 85/162/277 89/165/108 112/193/147
f 112/193/278 89/165/279 94/176/280 116/196/281
f 116/200/157 94/175/282 87/154/97 110/157/283
f 86/145/88 97/144/87 101/168/129 91/168/112
f 91/171/112 101/171/143 106/189/142 95/172/284
f 95/172/285 106/189/286 99/155/98 87/154/287
f 98/152/95 121/151/170 125/208/173 103/182/133
f 103/185/288 125/216/289 130/215/186 107/186/290
f 107/186/291 130/215/183 123/156/99 99/155/98
f 122/159/102 111/158/101 119/201/164 127/201/292
f 127/201/292 119/201/293 115/198/158 131/213/294
f 131/213/185 115/198/158 110/157/295 123/156/99
f 157/243/236 109/192/146 113/195/149 160/244/296
f 160/244/237 113/195/297 118/204/298 164/247/299
f 164/251/245 118/203/298 111/158/101 158/161/104
f 121/151/170 169/150/300 173/258/301 124/206/302
f 124/209/174 173/263/261 178/262/303 128/210/304
f 128/210/304 178/262/305 171/160/103 122/159/102
f 170/147/306 159/146/250 167/252/252 175/252/307
f 175/252/267 167/252/252 163/249/308 179/249/309
f 179/249/273 163/249/308 158/161/104 171/160/310
f 133/219/191 157/243/311 161/246/239 136/220/192
f 136/220/312 161/246/313 166/254/314 140/223/315
f 140/223/202 166/254/316 159/146/89 134/149/317
f 169/150/93 145/153/215 149/234/218 172/256/259
f 172/256/318 149/234/319 154/241/231 176/259/320
f 176/259/321 154/241/228 147/148/91 170/147/322
f 146/143/86 135/142/85 143/226/209 151/226/323
f 151/226/323 143/226/324 139/225/203 155/239/325
f 155/239/230 139/225/203 134/149/326 147/148/91
f 85/162/105 133/219/191 137/222/194 88/163/327
f 88/163/106 137/222/328 142/229/329 92/166/330
f 92/170/114 142/228/329 135/142/85 86/145/88
f 145/153/215 98/152/331 104/184/332 148/232/333
f 148/235/219 104/180/130 100/178/334 152/236/335
f 152/236/335 100/178/336 97/144/337 146/143/86
f 109/192/338 157/243/311 133/219/339 85/162/277
o Radial_cooling_vent.046
v 0.299884 0.367000 -0.284541
v 0.299451 0.367500 -0.284291
v 0.299634 0.367500 -0.284974
v 0.299668 0.367067 -0.284416
v 0.299759 0.367067 -0.284757
v 0.299557 0.367132 -0.284628
v 0.299384 0.367500 -0.284540
v 0.299509 0.367250 -0.284324
v 0.299445 0.367261 -0.284564
v 0.299667 0.367250 -0.284916
v 0.299451 0.367500 -0.284791
v 0.299493 0.367261 -0.284740
v 0.299451 0.367500 -0.284291
v 0.299884 0.368000 -0.284541
v 0.299634 0.367500 -0.284974
v 0.299509 0.367750 -0.284324
v 0.299384 0.367500 -0.284540
v 0.299445 0.367739 -0.284564
v 0.299759 0.367933 -0.284757
v 0.299668 0.367933 -0.284416
v 0.299557 0.367868 -0.284628
v 0.299451 0.367500 -0.284791
v 0.299667 0.367750 -0.284916
v 0.299493 0.367739 -0.284740
v 0.301616 0.367000 -0.285541
v 0.301366 0.367500 -0.285974
v 0.302049 0.367500 -0.285791
v 0.301491 0.367067 -0.285757
v 0.301832 0.367067 -0.285666
v 0.301704 0.367132 -0.285867
v 0.301616 0.367500 -0.286041
v 0.301399 0.367250 -0.285916
v 0.301639 0.367261 -0.285979
v 0.301991 0.367250 -0.285757
v 0.301866 0.367500 -0.285974
v 0.301815 0.367261 -0.285932
v 0.301616 0.368000 -0.285541
v 0.302049 0.367500 -0.285791
v 0.301366 0.367500 -0.285974
v 0.301832 0.367933 -0.285666
v 0.301491 0.367933 -0.285757
v 0.301704 0.367868 -0.285867
v 0.301866 0.367500 -0.285974
v 0.301991 0.367750 -0.285757
v 0.301815 0.367739 -0.285932
v 0.301399 0.367750 -0.285916
v 0.301616 0.367500 -0.286041
v 0.301639 0.367739 -0.285979
v 0.305384 0.367000 -0.275014
v 0.305634 0.367500 -0.274581
v 0.304951 0.367500 -0.274764
v 0.305509 0.367067 -0.274798
v 0.305168 0.367067 -0.274890
v 0.305296 0.367132 -0.274688
v 0.305384 0.367500 -0.274514
v 0.305601 0.367250 -0.274639
v 0.305361 0.367261 -0.274576
v 0.305009 0.367250 -0.274798
v 0.305134 0.367500 -0.274582
v 0.305185 0.367261 -0.274623
v 0.305384 0.368000 -0.275014
v 0.304951 0.367500 -0.274764
v 0.305634 0.367500 -0.274581
v 0.305168 0.367933 -0.274890
v 0.305509 0.367933 -0.274798
v 0.305296 0.367868 -0.274688
v 0.305134 0.367500 -0.274582
v 0.305009 0.367750 -0.274798
v 0.305185 0.367739 -0.274623
v 0.305601 0.367750 -0.274639
v 0.305384 0.367500 -0.274514
v 0.305361 0.367739 -0.274576
v 0.307116 0.367000 -0.276014
v 0.307549 0.367500 -0.276264
v 0.307366 0.367500 -0.275581
v 0.307332 0.367067 -0.276139
v 0.307241 0.367067 -0.275798
v 0.307443 0.367132 -0.275927
v 0.307616 0.367500 -0.276015
v 0.307491 0.367250 -0.276231
v 0.307555 0.367261 -0.275992
v 0.307333 0.367250 -0.275639
v 0.307549 0.367500 -0.275764
v 0.307507 0.367261 -0.275815
v 0.307116 0.368000 -0.276014
v 0.307366 0.367500 -0.275581
v 0.307549 0.367500 -0.276264
v 0.307241 0.367933 -0.275798
v 0.307332 0.367933 -0.276139
v 0.307443 0.367868 -0.275927
v 0.307549 0.367500 -0.275764
v 0.307333 0.367750 -0.275639
v 0.307507 0.367739 -0.275815
v 0.307491 0.367750 -0.276231
v 0.307616 0.367500 -0.276015
v 0.307555 0.367739 -0.275992
vn -0.8337 -0.2586 0.4879
vn -0.8337 0.2586 0.4879
vn -0.8394 0.2586 0.4781
vn -0.8394 -0.2586 0.4781
vn 0.5746 -0.1593 0.8028
vn 0.6335 0.0432 0.7725
vn 0.4080 0.1593 0.8990
vn 0.3523 -0.0432 0.9349
vn 0.0286 0.9995 -0.0097
vn 0.0227 0.9995 -0.0200
vn -0.0286 0.9995 0.0097
vn -0.0227 0.9995 0.0200
vn -0.5776 -0.1288 -0.8061
vn -0.6295 0.1302 -0.7660
vn -0.4080 0.1593 -0.8990
vn -0.3523 -0.0432 -0.9349
vn 0.8337 -0.2586 -0.4879
vn 0.8337 0.2586 -0.4879
vn 0.8394 0.2586 -0.4781
vn 0.8394 -0.2586 -0.4781
vn -0.0287 -0.9995 0.0097
vn -0.4356 -0.8660 0.2456
vn -0.6111 -0.7745 -0.1638
vn -0.2713 -0.8665 -0.4191
vn -0.4356 -0.8660 0.2457
vn -0.7525 -0.5000 0.4286
vn -0.8943 -0.4474 -0.0002
vn -0.6111 -0.7745 -0.1637
vn -0.8394 -0.2586 0.4780
vn -0.9909 -0.1286 0.0386
vn -0.8944 -0.4473 -0.0002
vn -0.8569 -0.1216 -0.5010
vn -0.7747 -0.4473 -0.4470
vn -0.5777 -0.1289 -0.8060
vn -0.4552 -0.4986 -0.7377
vn -0.7746 -0.4473 -0.4470
vn -0.8568 -0.1216 -0.5011
vn -0.4552 -0.4987 -0.7376
vn -0.2714 -0.8664 -0.4191
vn -0.6111 -0.7744 -0.1638
vn -0.7746 -0.4474 -0.4470
vn -0.6111 -0.7744 -0.1637
vn -0.8394 0.2586 0.4780
vn -0.7525 0.5000 0.4286
vn -0.8944 0.4473 -0.0002
vn -0.9930 0.1152 -0.0241
vn -0.4356 0.8660 0.2456
vn -0.6111 0.7744 -0.1637
vn -0.8944 0.4474 -0.0002
vn -0.0287 0.9995 0.0097
vn -0.2713 0.8665 -0.4191
vn -0.6111 0.7745 -0.1637
vn -0.4355 0.8660 0.2456
vn -0.2713 0.8664 -0.4191
vn -0.4552 0.4986 -0.7376
vn -0.7746 0.4474 -0.4470
vn -0.6111 0.7745 -0.1638
vn -0.6295 0.1303 -0.7660
vn -0.8568 0.1216 -0.5011
vn -0.7746 0.4473 -0.4470
vn -0.4552 0.4986 -0.7377
vn -0.8569 0.1216 -0.5010
vn -0.9930 0.1152 -0.0243
vn -0.7747 0.4473 -0.4470
vn -0.8943 0.4474 -0.0002
vn -0.6111 0.7744 -0.1638
vn 0.0227 -0.9995 -0.0200
vn -0.2273 -0.8665 -0.4445
vn 0.1638 -0.7745 -0.6111
vn 0.4305 -0.8660 -0.2544
vn -0.2273 -0.8664 -0.4446
vn -0.4112 -0.4986 -0.7631
vn 0.0002 -0.4474 -0.8943
vn 0.1637 -0.7745 -0.6111
vn -0.3522 -0.0432 -0.9349
vn 0.0304 0.1756 -0.9840
vn 0.0002 -0.4473 -0.8944
vn 0.5135 0.2434 -0.8228
vn 0.4470 -0.4473 -0.7747
vn 0.7474 -0.5000 -0.4374
vn 0.4470 -0.4473 -0.7746
vn 0.5135 0.2433 -0.8228
vn 0.1638 -0.7744 -0.6111
vn 0.4470 -0.4474 -0.7746
vn 0.1637 -0.7744 -0.6111
vn 0.0228 0.9995 -0.0200
vn 0.4305 0.8660 -0.2544
vn 0.1637 0.7745 -0.6111
vn -0.2273 0.8665 -0.4445
vn 0.7474 0.5000 -0.4374
vn 0.4470 0.4474 -0.7746
vn 0.1638 0.7745 -0.6111
vn 0.4165 0.5072 -0.7545
vn 0.4470 0.4473 -0.7746
vn 0.7475 0.5000 -0.4374
vn 0.4164 0.5072 -0.7546
vn -0.0689 0.3233 -0.9438
vn 0.0002 0.4473 -0.8944
vn 0.4470 0.4473 -0.7747
vn -0.4079 0.1593 -0.8990
vn -0.4112 0.4986 -0.7631
vn -0.0690 0.3233 -0.9438
vn -0.4112 0.4987 -0.7631
vn -0.2273 0.8664 -0.4446
vn 0.1637 0.7744 -0.6111
vn 0.0002 0.4474 -0.8944
vn 0.1638 0.7744 -0.6111
vn 0.0002 0.4474 -0.8943
vn -0.0227 -0.9995 0.0200
vn 0.2273 -0.8665 0.4445
vn -0.1638 -0.7745 0.6111
vn -0.4305 -0.8660 0.2544
vn 0.2273 -0.8664 0.4446
vn 0.4112 -0.4986 0.7631
vn -0.0002 -0.4474 0.8943
vn -0.1637 -0.7745 0.6111
vn 0.3522 -0.0432 0.9349
vn -0.0304 0.1756 0.9840
vn -0.0002 -0.4473 0.8944
vn -0.5135 0.2434 0.8228
vn -0.4470 -0.4473 0.7747
vn -0.7474 -0.5000 0.4374
vn -0.4470 -0.4473 0.7746
vn -0.5135 0.2433 0.8228
vn -0.1638 -0.7744 0.6111
vn -0.4470 -0.4474 0.7746
vn -0.1637 -0.7744 0.6111
vn -0.0228 0.9995 0.0200
vn -0.4305 0.8660 0.2544
vn -0.1637 0.7745 0.6111
vn 0.2273 0.8665 0.4445
vn -0.7474 0.5000 0.4374
vn -0.4470 0.4474 0.7746
vn -0.1638 0.7745 0.6111
vn -0.4165 0.5072 0.7545
vn -0.4470 0.4473 0.7746
vn -0.7475 0.5000 0.4374
vn -0.4164 0.5072 0.7546
vn 0.0689 0.3233 0.9438
vn -0.0002 0.4473 0.8944
vn -0.4470 0.4473 0.7747
vn 0.4079 0.1593 0.8990
vn 0.4112 0.4986 0.7631
vn 0.0690 0.3233 0.9438
vn 0.4112 0.4987 0.7631
vn 0.2273 0.8664 0.4446
vn -0.1637 0.7744 0.6111
vn -0.0002 0.4474 0.8944
vn -0.1638 0.7744 0.6111
vn -0.0002 0.4474 0.8943
vn 0.0287 -0.9995 -0.0097
vn 0.4356 -0.8660 -0.2456
vn 0.6111 -0.7745 0.1638
vn 0.2713 -0.8665 0.4191
vn 0.4356 -0.8660 -0.2457
vn 0.7525 -0.5000 -0.4286
vn 0.8943 -0.4474 0.0002
vn 0.6111 -0.7745 0.1637
vn 0.8394 -0.2586 -0.4780
vn 0.8617 -0.5072 0.0166
vn 0.8944 -0.4473 0.0002
vn 0.7829 -0.3233 0.5316
vn 0.7747 -0.4473 0.4470
vn 0.4552 -0.4986 0.7377
vn 0.7746 -0.4473 0.4470
vn 0.7828 -0.3233 0.5317
vn 0.4552 -0.4987 0.7376
vn 0.2714 -0.8664 0.4191
vn 0.6111 -0.7744 0.1638
vn 0.7746 -0.4474 0.4470
vn 0.6111 -0.7744 0.1637
vn 0.0287 0.9995 -0.0097
vn 0.2713 0.8665 0.4191
vn 0.6111 0.7745 0.1637
vn 0.4355 0.8660 -0.2456
vn 0.2713 0.8664 0.4191
vn 0.4552 0.4986 0.7376
vn 0.7746 0.4474 0.4470
vn 0.6111 0.7745 0.1638
vn 0.6336 0.0432 0.7725
vn 0.8674 -0.1756 0.4656
vn 0.7746 0.4473 0.4470
vn 0.4552 0.4986 0.7377
vn 0.8673 -0.1756 0.4657
vn 0.9694 -0.2434 -0.0333
vn 0.8944 0.4473 0.0002
vn 0.7747 0.4473 0.4470
vn 0.8394 0.2586 -0.4780
vn 0.7525 0.5000 -0.4286
vn 0.9694 -0.2433 -0.0333
vn 0.4356 0.8660 -0.2456
vn 0.6111 0.7744 0.1637
vn 0.8944 0.4474 0.0002
vn 0.6111 0.7744 0.1638
vn 0.8943 0.4474 0.0002
vn -0.2274 -0.8664 -0.4446
vn -0.2713 -0.8664 -0.4192
vn -0.4112 -0.4987 -0.7630
vn -0.4113 -0.4986 -0.7631
vn -0.3523 -0.0433 -0.9349
vn -0.9931 0.1152 -0.0241
vn -0.9910 -0.1286 0.0386
vn -0.9931 0.1152 -0.0242
vn -0.8569 -0.1215 -0.5010
vn -0.8568 -0.1215 -0.5011
vn -0.8568 0.1215 -0.5011
vn -0.5777 -0.1288 -0.8060
vn -0.2713 0.8664 -0.4192
vn -0.2274 0.8664 -0.4446
vn -0.4112 0.4987 -0.7630
vn -0.4552 0.4987 -0.7376
vn -0.4113 0.4986 -0.7631
vn 0.8338 -0.2586 -0.4878
vn 0.4164 0.5072 -0.7545
vn 0.5136 0.2433 -0.8228
vn 0.0303 0.1756 -0.9840
vn -0.3522 -0.0431 -0.9349
vn 0.0228 -0.9995 -0.0200
vn 0.4305 -0.8660 -0.2543
vn 0.4355 -0.8660 -0.2456
vn 0.7475 -0.5000 -0.4373
vn 0.7525 -0.5000 -0.4287
vn 0.7475 -0.5000 -0.4374
vn 0.4305 0.8660 -0.2543
vn 0.4356 0.8660 -0.2457
vn 0.7525 0.5000 -0.4287
vn 0.7475 0.5000 -0.4373
vn 0.6336 0.0431 0.7725
vn 0.7828 -0.3233 0.5316
vn 0.8616 -0.5072 0.0166
vn 0.9694 -0.2433 -0.0334
vn 0.2274 -0.8664 0.4446
vn 0.2713 -0.8664 0.4192
vn 0.4112 -0.4987 0.7630
vn 0.4113 -0.4986 0.7631
vn 0.3523 -0.0433 0.9349
vn 0.2713 0.8664 0.4192
vn 0.2274 0.8664 0.4446
vn 0.4112 0.4987 0.7630
vn 0.4552 0.4987 0.7376
vn 0.4113 0.4986 0.7631
vn 0.6335 0.0433 0.7725
vn -0.8338 -0.2586 0.4878
vn -0.4164 0.5072 0.7545
vn -0.5136 0.2433 0.8228
vn -0.0303 0.1756 0.9840
vn 0.3522 -0.0431 0.9349
vn -0.0228 -0.9995 0.0200
vn -0.4305 -0.8660 0.2543
vn -0.4355 -0.8660 0.2456
vn -0.7475 -0.5000 0.4373
vn -0.7525 -0.5000 0.4287
vn -0.7475 -0.5000 0.4374
vn -0.4305 0.8660 0.2543
vn -0.4356 0.8660 0.2457
vn -0.7525 0.5000 0.4287
vn -0.7475 0.5000 0.4373
vn -0.8338 0.2586 0.4878
vn 0.0286 -0.9995 -0.0097
vn -0.0286 -0.9995 0.0097
vt 0.500000 0.760417
vt 0.500000 0.760417
vt 0.500000 0.989583
vt 0.500000 0.989583
vt 0.500000 0.541667
vt 0.500000 0.541667
vt 0.500000 0.708333
vt 0.500000 0.708333
vt 0.635417 0.541667
vt 0.864583 0.541667
vt 0.864583 0.708333
vt 0.635417 0.708333
vt 0.500000 0.041667
vt 0.500000 0.041667
vt 0.500000 0.208333
vt 0.500000 0.208333
vt 0.500000 0.260417
vt 0.500000 0.260417
vt 0.500000 0.489583
vt 0.500000 0.489583
vt 0.135417 0.708333
vt 0.135417 0.729139
vt 0.130435 0.728259
vt 0.130215 0.708333
vt 0.135417 0.750000
vt 0.130435 0.750000
vt 0.500000 1.000000
vt 0.375000 0.994565
vt 0.375000 0.989583
vt 0.500000 0.000000
vt 0.500000 0.020861
vt 0.375000 0.021741
vt 0.375000 0.000000
vt 0.375000 0.041667
vt 0.125000 0.708333
vt 0.125000 0.728259
vt 0.562418 0.989583
vt 0.559776 0.994565
vt 0.625000 0.989583
vt 0.625000 0.994565
vt 0.875000 0.708333
vt 0.869565 0.750000
vt 0.864583 0.750000
vt 0.625000 0.041667
vt 0.562418 0.041667
vt 0.559776 0.021741
vt 0.625000 0.000000
vt 0.500000 0.020861
vt 0.559776 0.010974
vt 0.559777 0.997257
vt 0.135417 0.541667
vt 0.130215 0.541667
vt 0.130435 0.521741
vt 0.135417 0.520861
vt 0.125000 0.541667
vt 0.125000 0.521741
vt 0.500000 0.229139
vt 0.375000 0.228259
vt 0.375000 0.208333
vt 0.500000 0.255215
vt 0.375000 0.255435
vt 0.375000 0.260417
vt 0.135417 0.500000
vt 0.130435 0.500000
vt 0.864583 0.500000
vt 0.869565 0.500000
vt 0.875000 0.541667
vt 0.625000 0.260417
vt 0.562418 0.260417
vt 0.559776 0.255435
vt 0.625000 0.255435
vt 0.500000 0.229139
vt 0.559776 0.228259
vt 0.562418 0.208333
vt 0.625000 0.208333
vt 0.625000 0.250000
vt 0.559776 0.252743
vt 0.364583 0.708333
vt 0.369785 0.708333
vt 0.369565 0.728259
vt 0.364583 0.729139
vt 0.437582 0.708333
vt 0.440224 0.728259
vt 0.500000 0.729139
vt 0.500000 0.755215
vt 0.375000 0.755435
vt 0.375000 0.760417
vt 0.364583 0.750000
vt 0.369565 0.750000
vt 0.372257 0.728259
vt 0.635417 0.750000
vt 0.630435 0.750000
vt 0.630215 0.708333
vt 0.625000 0.760417
vt 0.562418 0.760417
vt 0.559776 0.755435
vt 0.625000 0.755435
vt 0.500000 0.729139
vt 0.559776 0.728259
vt 0.562418 0.708333
vt 0.559776 0.752743
vt 0.364583 0.541667
vt 0.364583 0.520861
vt 0.369565 0.521741
vt 0.369785 0.541667
vt 0.364583 0.500000
vt 0.369565 0.500000
vt 0.500000 0.494785
vt 0.375000 0.494565
vt 0.375000 0.489583
vt 0.500000 0.520861
vt 0.440224 0.521741
vt 0.437582 0.541667
vt 0.372257 0.521741
vt 0.630215 0.541667
vt 0.630435 0.521741
vt 0.635417 0.500000
vt 0.562418 0.541667
vt 0.559776 0.521741
vt 0.559776 0.494565
vt 0.562418 0.489583
vt 0.625000 0.489583
vt 0.592079 0.494565
vt 0.592079 0.521741
vt 0.559777 0.510974
s 0
usemtl Anodized_graphite
f 231/267/340 242/268/341 193/269/342 182/270/343
f 255/271/344 266/272/345 243/273/346 230/274/347
f 265/275/348 217/276/349 194/277/350 241/278/351
f 183/279/352 195/280/353 219/281/354 206/282/355
f 207/283/356 218/284/357 267/285/358 254/286/359
f 181/287/360 184/288/361 186/289/362 185/290/363
f 184/288/364 188/291/365 189/292/366 186/289/367
f 182/270/368 187/293/369 189/294/370 188/295/365
f 187/296/369 191/297/371 192/298/372 189/299/370
f 183/279/373 190/300/374 192/298/375 191/297/376
f 190/301/377 185/290/378 186/289/379 192/302/380
f 186/289/381 189/292/370 192/302/380
f 193/269/382 196/303/383 198/304/384 197/293/385
f 196/303/383 200/305/386 201/306/387 198/304/388
f 194/277/389 199/307/390 201/308/391 200/309/392
f 199/310/393 203/311/394 204/312/395 201/313/396
f 195/280/397 202/314/398 204/312/399 203/311/400
f 202/314/401 197/296/402 198/315/384 204/312/403
f 198/304/404 201/306/405 204/316/403
f 205/317/406 208/318/407 210/319/408 209/320/409
f 208/318/410 212/321/411 213/322/412 210/319/413
f 206/282/414 211/323/415 213/324/416 212/325/411
f 211/323/415 215/326/417 216/327/418 213/324/416
f 207/283/356 214/328/419 216/327/420 215/326/421
f 214/329/419 209/320/409 210/319/422 216/330/423
f 210/319/424 213/322/416 216/330/423
f 217/276/425 220/331/426 222/332/427 221/333/428
f 220/334/426 224/335/429 225/336/430 222/337/431
f 218/284/357 223/326/432 225/336/433 224/335/434
f 223/326/435 227/338/436 228/339/437 225/336/438
f 219/281/439 226/340/440 228/339/437 227/338/441
f 226/340/442 221/341/443 222/342/444 228/339/445
f 222/337/446 225/336/438 228/343/447
f 229/344/448 232/345/449 234/346/450 233/347/451
f 232/345/452 236/348/453 237/349/454 234/346/455
f 230/274/456 235/350/457 237/349/458 236/348/453
f 235/350/457 239/351/459 240/352/460 237/349/458
f 231/267/340 238/353/461 240/352/462 239/351/463
f 238/354/461 233/347/451 234/346/464 240/355/465
f 234/346/466 237/356/458 240/355/465
f 241/278/467 244/357/468 246/358/469 245/359/470
f 244/360/468 248/361/471 249/362/472 246/363/473
f 242/268/341 247/351/474 249/362/475 248/361/476
f 247/351/477 251/364/478 252/365/479 249/362/480
f 243/273/481 250/366/482 252/365/479 251/364/483
f 250/366/484 245/359/485 246/358/486 252/365/487
f 246/363/488 249/362/480 252/367/489
f 253/368/490 256/369/491 258/370/492 257/371/493
f 256/369/494 260/372/495 261/373/496 258/370/497
f 254/286/498 259/374/499 261/375/500 260/376/495
f 259/374/499 263/377/501 264/378/502 261/375/500
f 255/271/344 262/379/503 264/378/504 263/377/505
f 262/379/506 257/371/507 258/370/508 264/378/509
f 258/370/510 261/373/500 264/380/509
f 265/275/511 268/381/512 270/382/513 269/383/514
f 268/381/515 272/384/516 273/385/517 270/382/518
f 266/272/519 271/377/520 273/385/521 272/384/522
f 271/377/523 275/374/524 276/386/525 273/385/526
f 267/285/527 274/387/528 276/386/525 275/374/529
f 274/387/528 269/388/530 270/389/531 276/386/532
f 270/390/533 273/385/526 276/391/534
f 205/317/406 181/287/360 185/290/363 208/318/407
f 208/318/535 185/290/536 190/301/377 212/321/537
f 212/325/538 190/300/374 183/279/352 206/282/539
f 182/270/343 193/269/342 197/293/540 187/293/369
f 187/296/541 197/296/542 202/314/401 191/297/543
f 191/297/544 202/314/545 195/280/353 183/279/546
f 194/277/389 217/276/349 221/333/428 199/307/390
f 199/310/547 221/341/548 226/340/549 203/311/550
f 203/311/400 226/340/551 219/281/354 195/280/353
f 218/284/357 207/283/552 215/326/421 223/326/553
f 223/326/553 215/326/554 211/323/415 227/338/441
f 227/338/441 211/323/555 206/282/556 219/281/439
f 253/368/490 205/317/557 209/320/558 256/369/559
f 256/369/494 209/320/409 214/329/560 260/372/561
f 260/376/561 214/328/562 207/283/356 254/286/359
f 217/276/425 265/275/511 269/383/514 220/331/563
f 220/334/426 269/388/564 274/387/565 224/335/566
f 224/335/434 274/387/565 267/285/358 218/284/357
f 266/272/567 255/271/344 263/377/505 271/377/523
f 271/377/523 263/377/568 259/374/569 275/374/570
f 275/374/529 259/374/569 254/286/359 267/285/358
f 229/344/448 253/368/490 257/371/493 232/345/449
f 232/345/571 257/371/572 262/379/506 236/348/573
f 236/348/574 262/379/503 255/271/344 230/274/575
f 265/275/511 241/278/351 245/359/470 268/381/512
f 268/381/576 245/359/577 250/366/578 272/384/579
f 272/384/522 250/366/580 243/273/346 266/272/581
f 242/268/341 231/267/582 239/351/463 247/351/583
f 247/351/583 239/351/584 235/350/457 251/364/483
f 251/364/483 235/350/585 230/274/586 243/273/481
f 181/287/360 229/344/587 233/347/588 184/288/589
f 184/288/364 233/347/451 238/354/590 188/291/591
f 188/295/591 238/353/592 231/267/340 182/270/343
f 241/278/467 194/277/389 200/309/392 244/357/593
f 244/360/468 200/305/594 196/303/595 248/361/596
f 248/361/476 196/303/595 193/269/342 242/268/597
f 205/317/406 253/368/598 229/344/448 181/287/599
o Radial_cooling_vent.045
v 0.294000 0.367000 -0.283500
v 0.293500 0.367500 -0.283500
v 0.294000 0.367500 -0.284000
v 0.293750 0.367067 -0.283500
v 0.294000 0.367067 -0.283750
v 0.293761 0.367132 -0.283739
v 0.293567 0.367500 -0.283750
v 0.293567 0.367250 -0.283500
v 0.293632 0.367261 -0.283739
v 0.294000 0.367250 -0.283933
v 0.293750 0.367500 -0.283933
v 0.293761 0.367261 -0.283868
v 0.293500 0.367500 -0.283500
v 0.294000 0.368000 -0.283500
v 0.294000 0.367500 -0.284000
v 0.293567 0.367750 -0.283500
v 0.293567 0.367500 -0.283750
v 0.293632 0.367739 -0.283739
v 0.294000 0.367933 -0.283750
v 0.293750 0.367933 -0.283500
v 0.293761 0.367868 -0.283739
v 0.293750 0.367500 -0.283933
v 0.294000 0.367750 -0.283933
v 0.293761 0.367739 -0.283868
v 0.296000 0.367000 -0.283500
v 0.296000 0.367500 -0.284000
v 0.296500 0.367500 -0.283500
v 0.296000 0.367067 -0.283750
v 0.296250 0.367067 -0.283500
v 0.296239 0.367132 -0.283739
v 0.296250 0.367500 -0.283933
v 0.296000 0.367250 -0.283933
v 0.296239 0.367261 -0.283868
v 0.296433 0.367250 -0.283500
v 0.296433 0.367500 -0.283750
v 0.296368 0.367261 -0.283739
v 0.296000 0.368000 -0.283500
v 0.296500 0.367500 -0.283500
v 0.296000 0.367500 -0.284000
v 0.296250 0.367933 -0.283500
v 0.296000 0.367933 -0.283750
v 0.296239 0.367868 -0.283739
v 0.296433 0.367500 -0.283750
v 0.296433 0.367750 -0.283500
v 0.296368 0.367739 -0.283739
v 0.296000 0.367750 -0.283933
v 0.296250 0.367500 -0.283933
v 0.296239 0.367739 -0.283868
v 0.294000 0.367000 -0.272500
v 0.294000 0.367500 -0.272000
v 0.293500 0.367500 -0.272500
v 0.294000 0.367067 -0.272250
v 0.293750 0.367067 -0.272500
v 0.293761 0.367132 -0.272261
v 0.293750 0.367500 -0.272067
v 0.294000 0.367250 -0.272067
v 0.293761 0.367261 -0.272132
v 0.293567 0.367250 -0.272500
v 0.293567 0.367500 -0.272250
v 0.293632 0.367261 -0.272261
v 0.294000 0.368000 -0.272500
v 0.293500 0.367500 -0.272500
v 0.294000 0.367500 -0.272000
v 0.293750 0.367933 -0.272500
v 0.294000 0.367933 -0.272250
v 0.293761 0.367868 -0.272261
v 0.293567 0.367500 -0.272250
v 0.293567 0.367750 -0.272500
v 0.293632 0.367739 -0.272261
v 0.294000 0.367750 -0.272067
v 0.293750 0.367500 -0.272067
v 0.293761 0.367739 -0.272132
v 0.296000 0.367000 -0.272500
v 0.296500 0.367500 -0.272500
v 0.296000 0.367500 -0.272000
v 0.296250 0.367067 -0.272500
v 0.296000 0.367067 -0.272250
v 0.296239 0.367132 -0.272261
v 0.296433 0.367500 -0.272250
v 0.296433 0.367250 -0.272500
v 0.296368 0.367261 -0.272261
v 0.296000 0.367250 -0.272067
v 0.296250 0.367500 -0.272067
v 0.296239 0.367261 -0.272132
v 0.296000 0.368000 -0.272500
v 0.296000 0.367500 -0.272000
v 0.296500 0.367500 -0.272500
v 0.296000 0.367933 -0.272250
v 0.296250 0.367933 -0.272500
v 0.296239 0.367868 -0.272261
v 0.296250 0.367500 -0.272067
v 0.296000 0.367750 -0.272067
v 0.296239 0.367739 -0.272132
v 0.296433 0.367750 -0.272500
v 0.296433 0.367500 -0.272250
v 0.296368 0.367739 -0.272261
vn -0.9660 -0.2586 0.0056
vn -0.9660 0.2586 0.0056
vn -0.9660 0.2586 -0.0056
vn -0.9660 -0.2586 -0.0056
vn 0.0962 -0.1593 0.9825
vn 0.1624 0.0432 0.9858
vn -0.0962 0.1593 0.9825
vn -0.1624 -0.0432 0.9858
vn 0.0297 0.9995 0.0059
vn 0.0297 0.9995 -0.0059
vn -0.0297 0.9995 -0.0059
vn -0.0297 0.9995 0.0059
vn -0.0972 -0.1288 -0.9869
vn -0.1622 0.1302 -0.9781
vn 0.0962 0.1593 -0.9825
vn 0.1624 -0.0432 -0.9858
vn 0.9660 -0.2586 -0.0056
vn 0.9660 0.2586 -0.0056
vn 0.9660 0.2586 0.0056
vn 0.9660 -0.2586 0.0056
vn -0.0297 -0.9995 -0.0059
vn -0.5000 -0.8660 -0.0051
vn -0.4473 -0.7745 -0.4473
vn -0.0254 -0.8665 -0.4986
vn -0.5000 -0.8660 -0.0050
vn -0.8660 -0.5000 -0.0050
vn -0.7744 -0.4474 -0.4473
vn -0.4474 -0.7745 -0.4473
vn -0.9660 -0.2586 -0.0057
vn -0.8775 -0.1286 -0.4620
vn -0.7745 -0.4473 -0.4473
vn -0.8660 -0.5000 -0.0051
vn -0.8775 -0.1286 -0.4621
vn -0.4916 -0.1216 -0.8623
vn -0.4474 -0.4473 -0.7744
vn -0.7745 -0.4473 -0.4474
vn -0.0973 -0.1289 -0.9869
vn -0.0254 -0.4986 -0.8665
vn -0.4473 -0.4473 -0.7745
vn -0.4915 -0.1216 -0.8623
vn -0.0254 -0.4987 -0.8664
vn -0.0254 -0.8664 -0.4986
vn -0.4473 -0.7744 -0.4474
vn -0.4473 -0.4474 -0.7745
vn -0.4474 -0.7744 -0.4473
vn -0.7744 -0.4473 -0.4474
vn -0.4474 -0.4474 -0.7744
vn -0.9660 0.2586 -0.0057
vn -0.8660 0.5000 -0.0051
vn -0.7745 0.4473 -0.4473
vn -0.8479 0.1152 -0.5174
vn -0.8660 0.5000 -0.0050
vn -0.5000 0.8660 -0.0050
vn -0.4474 0.7744 -0.4473
vn -0.7745 0.4474 -0.4473
vn -0.0297 0.9995 -0.0060
vn -0.0254 0.8665 -0.4986
vn -0.4473 0.7745 -0.4473
vn -0.5000 0.8660 -0.0051
vn -0.0254 0.8664 -0.4987
vn -0.0254 0.4986 -0.8664
vn -0.4473 0.4474 -0.7744
vn -0.4473 0.7745 -0.4474
vn -0.1622 0.1303 -0.9781
vn -0.4915 0.1216 -0.8624
vn -0.4473 0.4473 -0.7745
vn -0.0254 0.4986 -0.8665
vn -0.4916 0.1216 -0.8623
vn -0.8479 0.1152 -0.5175
vn -0.7744 0.4473 -0.4474
vn -0.4474 0.4473 -0.7745
vn -0.7744 0.4474 -0.4473
vn -0.4474 0.7744 -0.4474
vn -0.4474 0.4473 -0.7744
vn 0.0297 -0.9995 -0.0060
vn 0.0254 -0.8665 -0.4986
vn 0.4473 -0.7745 -0.4473
vn 0.5000 -0.8660 -0.0051
vn 0.0254 -0.8664 -0.4987
vn 0.0254 -0.4986 -0.8664
vn 0.4473 -0.4474 -0.7744
vn 0.4473 -0.7745 -0.4474
vn 0.5183 0.1756 -0.8369
vn 0.4473 -0.4473 -0.7745
vn 0.0254 -0.4986 -0.8665
vn 0.5183 0.1756 -0.8370
vn 0.8561 0.2434 -0.4558
vn 0.7744 -0.4473 -0.4474
vn 0.4474 -0.4473 -0.7745
vn 0.9660 -0.2586 -0.0057
vn 0.8660 -0.5000 -0.0051
vn 0.7745 -0.4473 -0.4473
vn 0.8562 0.2433 -0.4558
vn 0.8660 -0.5000 -0.0050
vn 0.5000 -0.8660 -0.0050
vn 0.4474 -0.7744 -0.4473
vn 0.7745 -0.4474 -0.4473
vn 0.4474 -0.7744 -0.4474
vn 0.4474 -0.4473 -0.7744
vn 0.7744 -0.4474 -0.4473
vn 0.5000 0.8660 -0.0051
vn 0.4473 0.7745 -0.4473
vn 0.0254 0.8665 -0.4986
vn 0.5000 0.8660 -0.0050
vn 0.8660 0.5000 -0.0050
vn 0.7744 0.4474 -0.4473
vn 0.4474 0.7745 -0.4473
vn 0.9660 0.2586 -0.0057
vn 0.7379 0.5072 -0.4452
vn 0.7745 0.4473 -0.4473
vn 0.8660 0.5000 -0.0051
vn 0.7379 0.5072 -0.4453
vn 0.4122 0.3233 -0.8518
vn 0.4474 0.4473 -0.7744
vn 0.7745 0.4473 -0.4474
vn 0.0963 0.1593 -0.9825
vn 0.0254 0.4986 -0.8665
vn 0.4473 0.4473 -0.7745
vn 0.4121 0.3233 -0.8519
vn 0.0254 0.4987 -0.8664
vn 0.0254 0.8664 -0.4986
vn 0.4473 0.7744 -0.4474
vn 0.4473 0.4474 -0.7745
vn 0.4474 0.7744 -0.4473
vn 0.7744 0.4473 -0.4474
vn 0.4474 0.4474 -0.7744
vn -0.0297 -0.9995 0.0060
vn -0.0254 -0.8665 0.4986
vn -0.4473 -0.7745 0.4473
vn -0.5000 -0.8660 0.0051
vn -0.0254 -0.8664 0.4987
vn -0.0254 -0.4986 0.8664
vn -0.4473 -0.4474 0.7744
vn -0.4473 -0.7745 0.4474
vn -0.5183 0.1756 0.8369
vn -0.4473 -0.4473 0.7745
vn -0.0254 -0.4986 0.8665
vn -0.5183 0.1756 0.8370
vn -0.8561 0.2434 0.4558
vn -0.7744 -0.4473 0.4474
vn -0.4474 -0.4473 0.7745
vn -0.9660 -0.2586 0.0057
vn -0.8660 -0.5000 0.0051
vn -0.7745 -0.4473 0.4473
vn -0.8562 0.2433 0.4558
vn -0.8660 -0.5000 0.0050
vn -0.5000 -0.8660 0.0050
vn -0.4474 -0.7744 0.4473
vn -0.7745 -0.4474 0.4473
vn -0.4474 -0.7744 0.4474
vn -0.4474 -0.4473 0.7744
vn -0.7744 -0.4474 0.4473
vn -0.5000 0.8660 0.0051
vn -0.4473 0.7745 0.4473
vn -0.0254 0.8665 0.4986
vn -0.5000 0.8660 0.0050
vn -0.8660 0.5000 0.0050
vn -0.7744 0.4474 0.4473
vn -0.4474 0.7745 0.4473
vn -0.9660 0.2586 0.0057
vn -0.7379 0.5072 0.4452
vn -0.7745 0.4473 0.4473
vn -0.8660 0.5000 0.0051
vn -0.7379 0.5072 0.4453
vn -0.4122 0.3233 0.8518
vn -0.4474 0.4473 0.7744
vn -0.7745 0.4473 0.4474
vn -0.0963 0.1593 0.9825
vn -0.0254 0.4986 0.8665
vn -0.4473 0.4473 0.7745
vn -0.4121 0.3233 0.8519
vn -0.0254 0.4987 0.8664
vn -0.0254 0.8664 0.4986
vn -0.4473 0.7744 0.4474
vn -0.4473 0.4474 0.7745
vn -0.4474 0.7744 0.4473
vn -0.7744 0.4473 0.4474
vn -0.4474 0.4474 0.7744
vn 0.0297 -0.9995 0.0059
vn 0.5000 -0.8660 0.0051
vn 0.4473 -0.7745 0.4473
vn 0.0254 -0.8665 0.4986
vn 0.5000 -0.8660 0.0050
vn 0.8660 -0.5000 0.0050
vn 0.7744 -0.4474 0.4473
vn 0.4474 -0.7745 0.4473
vn 0.9660 -0.2586 0.0057
vn 0.7379 -0.5072 0.4452
vn 0.7745 -0.4473 0.4473
vn 0.8660 -0.5000 0.0051
vn 0.7379 -0.5072 0.4453
vn 0.4122 -0.3233 0.8518
vn 0.4474 -0.4473 0.7744
vn 0.7745 -0.4473 0.4474
vn 0.0963 -0.1593 0.9825
vn 0.0254 -0.4986 0.8665
vn 0.4473 -0.4473 0.7745
vn 0.4121 -0.3233 0.8519
vn 0.0254 -0.4987 0.8664
vn 0.0254 -0.8664 0.4986
vn 0.4473 -0.7744 0.4474
vn 0.4473 -0.4474 0.7745
vn 0.4474 -0.7744 0.4473
vn 0.7744 -0.4473 0.4474
vn 0.4474 -0.4474 0.7744
vn 0.0297 0.9995 0.0060
vn 0.0254 0.8665 0.4986
vn 0.4473 0.7745 0.4473
vn 0.5000 0.8660 0.0051
vn 0.0254 0.8664 0.4987
vn 0.0254 0.4986 0.8664
vn 0.4473 0.4474 0.7744
vn 0.4473 0.7745 0.4474
vn 0.5183 -0.1756 0.8369
vn 0.4473 0.4473 0.7745
vn 0.0254 0.4986 0.8665
vn 0.5183 -0.1756 0.8370
vn 0.8561 -0.2434 0.4558
vn 0.7744 0.4473 0.4474
vn 0.4474 0.4473 0.7745
vn 0.9660 0.2586 0.0057
vn 0.8660 0.5000 0.0051
vn 0.7745 0.4473 0.4473
vn 0.8562 -0.2433 0.4558
vn 0.8660 0.5000 0.0050
vn 0.5000 0.8660 0.0050
vn 0.4474 0.7744 0.4473
vn 0.7745 0.4474 0.4473
vn 0.4474 0.7744 0.4474
vn 0.4474 0.4473 0.7744
vn 0.7744 0.4474 0.4473
vn -0.0297 -0.9995 -0.0060
vn -0.0254 -0.8664 -0.4987
vn 0.0254 -0.4987 -0.8664
vn 0.1624 -0.0433 -0.9858
vn -0.4916 -0.1215 -0.8623
vn -0.4915 -0.1215 -0.8623
vn -0.4915 0.1215 -0.8623
vn -0.0973 -0.1288 -0.9869
vn 0.0297 0.9995 -0.0060
vn 0.0254 0.8664 -0.4987
vn -0.0254 0.4987 -0.8664
vn -0.1621 0.1302 -0.9781
vn 0.4121 0.3233 -0.8518
vn 0.1625 -0.0431 -0.9858
vn 0.0297 -0.9995 -0.0059
vn 0.1625 0.0431 0.9858
vn 0.4121 -0.3233 0.8518
vn 0.0297 -0.9995 0.0060
vn 0.0254 -0.8664 0.4987
vn -0.0254 -0.4987 0.8664
vn -0.1624 -0.0433 0.9858
vn -0.0297 0.9995 0.0060
vn -0.0254 0.8664 0.4987
vn 0.0254 0.4987 0.8664
vn 0.1624 0.0433 0.9858
vn -0.4121 0.3233 0.8518
vn -0.1625 -0.0431 0.9858
vn -0.0297 -0.9995 0.0059
vt 0.500000 0.760417
vt 0.500000 0.760417
vt 0.500000 0.989583
vt 0.500000 0.989583
vt 0.500000 0.541667
vt 0.500000 0.541667
vt 0.500000 0.708333
vt 0.500000 0.708333
vt 0.635417 0.541667
vt 0.864583 0.541667
vt 0.864583 0.708333
vt 0.635417 0.708333
vt 0.500000 0.041667
vt 0.500000 0.041667
vt 0.500000 0.208333
vt 0.500000 0.208333
vt 0.500000 0.260417
vt 0.500000 0.260417
vt 0.500000 0.489583
vt 0.500000 0.489583
vt 0.135417 0.708333
vt 0.135417 0.729139
vt 0.130435 0.728259
vt 0.130215 0.708333
vt 0.135417 0.750000
vt 0.130435 0.750000
vt 0.500000 1.000000
vt 0.375000 0.994565
vt 0.375000 0.989583
vt 0.500000 0.000000
vt 0.500000 0.020861
vt 0.375000 0.021741
vt 0.375000 0.000000
vt 0.375000 0.041667
vt 0.125000 0.708333
vt 0.125000 0.728259
vt 0.562418 0.989583
vt 0.559776 0.994565
vt 0.625000 0.989583
vt 0.625000 0.994565
vt 0.875000 0.708333
vt 0.869565 0.750000
vt 0.864583 0.750000
vt 0.625000 0.041667
vt 0.562418 0.041667
vt 0.559776 0.021741
vt 0.625000 0.000000
vt 0.500000 0.020861
vt 0.559776 0.010974
vt 0.559777 0.997257
vt 0.135417 0.541667
vt 0.130215 0.541667
vt 0.130435 0.521741
vt 0.135417 0.520861
vt 0.125000 0.541667
vt 0.125000 0.521741
vt 0.500000 0.229139
vt 0.375000 0.228259
vt 0.375000 0.208333
vt 0.500000 0.255215
vt 0.375000 0.255435
vt 0.375000 0.260417
vt 0.135417 0.500000
vt 0.130435 0.500000
vt 0.864583 0.500000
vt 0.869565 0.500000
vt 0.875000 0.541667
vt 0.625000 0.260417
vt 0.562418 0.260417
vt 0.559776 0.255435
vt 0.625000 0.255435
vt 0.500000 0.229139
vt 0.559776 0.228259
vt 0.562418 0.208333
vt 0.625000 0.208333
vt 0.625000 0.250000
vt 0.559776 0.252743
vt 0.364583 0.708333
vt 0.369785 0.708333
vt 0.369565 0.728259
vt 0.364583 0.729139
vt 0.437582 0.708333
vt 0.440224 0.728259
vt 0.500000 0.729139
vt 0.500000 0.755215
vt 0.375000 0.755435
vt 0.375000 0.760417
vt 0.364583 0.750000
vt 0.369565 0.750000
vt 0.372257 0.728259
vt 0.635417 0.750000
vt 0.630435 0.750000
vt 0.630215 0.708333
vt 0.625000 0.760417
vt 0.562418 0.760417
vt 0.559776 0.755435
vt 0.625000 0.755435
vt 0.500000 0.729139
vt 0.559776 0.728259
vt 0.562418 0.708333
vt 0.559776 0.752743
vt 0.364583 0.541667
vt 0.364583 0.520861
vt 0.369565 0.521741
vt 0.369785 0.541667
vt 0.364583 0.500000
vt 0.369565 0.500000
vt 0.500000 0.494785
vt 0.375000 0.494565
vt 0.375000 0.489583
vt 0.500000 0.520861
vt 0.440224 0.521741
vt 0.437582 0.541667
vt 0.372257 0.521741
vt 0.630215 0.541667
vt 0.630435 0.521741
vt 0.635417 0.500000
vt 0.562418 0.541667
vt 0.559776 0.521741
vt 0.559776 0.494565
vt 0.562418 0.489583
vt 0.625000 0.489583
vt 0.592079 0.494565
vt 0.592079 0.521741
vt 0.559777 0.510974
s 0
usemtl Anodized_graphite
f 327/392/600 338/393/601 289/394/602 278/395/603
f 351/396/604 362/397/605 339/398/606 326/399/607
f 361/400/608 313/401/609 290/402/610 337/403/611
f 279/404/612 291/405/613 315/406/614 302/407/615
f 303/408/616 314/409/617 363/410/618 350/411/619
f 277/412/620 280/413/621 282/414/622 281/415/623
f 280/413/624 284/416/625 285/417/626 282/414/627
f 278/395/628 283/418/629 285/419/630 284/420/631
f 283/421/632 287/422/633 288/423/634 285/424/635
f 279/404/636 286/425/637 288/423/638 287/422/639
f 286/426/640 281/415/641 282/414/642 288/427/643
f 282/414/644 285/417/645 288/427/646
f 289/394/647 292/428/648 294/429/649 293/418/650
f 292/428/651 296/430/652 297/431/653 294/429/654
f 290/402/655 295/432/656 297/433/657 296/434/658
f 295/435/659 299/436/660 300/437/661 297/438/662
f 291/405/663 298/439/664 300/437/665 299/436/666
f 298/439/667 293/421/668 294/440/669 300/437/670
f 294/429/671 297/431/672 300/441/673
f 301/442/674 304/443/675 306/444/676 305/445/677
f 304/443/678 308/446/679 309/447/680 306/444/681
f 302/407/615 307/448/682 309/449/683 308/450/684
f 307/448/685 311/451/686 312/452/687 309/449/688
f 303/408/689 310/453/690 312/452/691 311/451/692
f 310/454/693 305/445/694 306/444/695 312/455/696
f 306/444/697 309/447/698 312/455/699
f 313/401/609 316/456/700 318/457/701 317/458/702
f 316/459/703 320/460/704 321/461/705 318/462/706
f 314/409/707 319/451/708 321/461/709 320/460/710
f 319/451/711 323/463/712 324/464/713 321/461/714
f 315/406/715 322/465/716 324/464/717 323/463/718
f 322/465/719 317/466/720 318/467/721 324/464/722
f 318/462/723 321/461/724 324/468/725
f 325/469/726 328/470/727 330/471/728 329/472/729
f 328/470/730 332/473/731 333/474/732 330/471/733
f 326/399/607 331/475/734 333/474/735 332/473/736
f 331/475/737 335/476/738 336/477/739 333/474/740
f 327/392/741 334/478/742 336/477/743 335/476/744
f 334/479/745 329/472/746 330/471/747 336/480/748
f 330/471/749 333/481/750 336/480/751
f 337/403/611 340/482/752 342/483/753 341/484/754
f 340/485/755 344/486/756 345/487/757 342/488/758
f 338/393/759 343/476/760 345/487/761 344/486/762
f 343/476/763 347/489/764 348/490/765 345/487/766
f 339/398/767 346/491/768 348/490/769 347/489/770
f 346/491/771 341/484/772 342/483/773 348/490/774
f 342/488/775 345/487/776 348/492/777
f 349/493/778 352/494/779 354/495/780 353/496/781
f 352/494/782 356/497/783 357/498/784 354/495/785
f 350/411/786 355/499/787 357/500/788 356/501/789
f 355/499/790 359/502/791 360/503/792 357/500/793
f 351/396/794 358/504/795 360/503/796 359/502/797
f 358/504/798 353/496/799 354/495/800 360/503/801
f 354/495/802 357/498/803 360/505/804
f 361/400/805 364/506/806 366/507/807 365/508/808
f 364/506/809 368/509/810 369/510/811 366/507/812
f 362/397/605 367/502/813 369/510/814 368/509/815
f 367/502/816 371/499/817 372/511/818 369/510/819
f 363/410/820 370/512/821 372/511/822 371/499/823
f 370/512/824 365/513/825 366/514/826 372/511/827
f 366/515/828 369/510/829 372/516/830
f 301/442/674 277/412/831 281/415/623 304/443/675
f 304/443/678 281/415/832 286/426/640 308/446/833
f 308/450/684 286/425/637 279/404/612 302/407/834
f 278/395/603 289/394/647 293/418/650 283/418/629
f 283/421/632 293/421/668 298/439/667 287/422/835
f 287/422/836 298/439/837 291/405/613 279/404/838
f 290/402/655 313/401/839 317/458/702 295/432/656
f 295/435/659 317/466/840 322/465/719 299/436/841
f 299/436/666 322/465/716 315/406/614 291/405/842
f 314/409/617 303/408/616 311/451/692 319/451/708
f 319/451/708 311/451/692 307/448/685 323/463/843
f 323/463/843 307/448/685 302/407/844 315/406/614
f 349/493/778 301/442/845 305/445/694 352/494/782
f 352/494/782 305/445/694 310/454/693 356/497/783
f 356/501/783 310/453/693 303/408/689 350/411/786
f 313/401/609 361/400/608 365/508/825 316/456/703
f 316/459/703 365/513/825 370/512/824 320/460/704
f 320/460/704 370/512/824 363/410/820 314/409/707
f 362/397/846 351/396/604 359/502/847 367/502/816
f 367/502/816 359/502/847 355/499/787 371/499/823
f 371/499/823 355/499/787 350/411/619 363/410/618
f 325/469/726 349/493/848 353/496/781 328/470/727
f 328/470/730 353/496/849 358/504/798 332/473/850
f 332/473/736 358/504/795 351/396/604 326/399/851
f 361/400/805 337/403/852 341/484/754 364/506/806
f 364/506/809 341/484/853 346/491/771 368/509/854
f 368/509/815 346/491/768 339/398/606 362/397/855
f 338/393/601 327/392/600 335/476/744 343/476/760
f 343/476/760 335/476/744 331/475/737 347/489/856
f 347/489/856 331/475/737 326/399/857 339/398/606
f 277/412/620 325/469/858 329/472/746 280/413/624
f 280/413/624 329/472/746 334/479/745 284/416/625
f 284/420/625 334/478/745 327/392/741 278/395/628
f 337/403/611 290/402/610 296/434/652 340/482/755
f 340/485/755 296/430/652 292/428/651 344/486/756
f 344/486/756 292/428/651 289/394/602 338/393/601
f 301/442/845 349/493/778 325/469/858 277/412/620
o Radial_cooling_vent.044
v 0.288384 0.367000 -0.285541
v 0.287951 0.367500 -0.285791
v 0.288634 0.367500 -0.285974
v 0.288168 0.367067 -0.285666
v 0.288509 0.367067 -0.285757
v 0.288296 0.367132 -0.285867
v 0.288134 0.367500 -0.285974
v 0.288009 0.367250 -0.285757
v 0.288185 0.367261 -0.285932
v 0.288601 0.367250 -0.285916
v 0.288384 0.367500 -0.286041
v 0.288361 0.367261 -0.285979
v 0.287951 0.367500 -0.285791
v 0.288384 0.368000 -0.285541
v 0.288634 0.367500 -0.285974
v 0.288009 0.367750 -0.285757
v 0.288134 0.367500 -0.285974
v 0.288185 0.367739 -0.285932
v 0.288509 0.367933 -0.285757
v 0.288168 0.367933 -0.285666
v 0.288296 0.367868 -0.285867
v 0.288384 0.367500 -0.286041
v 0.288601 0.367750 -0.285916
v 0.288361 0.367739 -0.285979
v 0.290116 0.367000 -0.284541
v 0.290366 0.367500 -0.284974
v 0.290549 0.367500 -0.284291
v 0.290241 0.367067 -0.284757
v 0.290332 0.367067 -0.284416
v 0.290443 0.367132 -0.284628
v 0.290549 0.367500 -0.284791
v 0.290333 0.367250 -0.284916
v 0.290507 0.367261 -0.284740
v 0.290491 0.367250 -0.284324
v 0.290616 0.367500 -0.284540
v 0.290555 0.367261 -0.284564
v 0.290116 0.368000 -0.284541
v 0.290549 0.367500 -0.284291
v 0.290366 0.367500 -0.284974
v 0.290332 0.367933 -0.284416
v 0.290241 0.367933 -0.284757
v 0.290443 0.367868 -0.284628
v 0.290616 0.367500 -0.284540
v 0.290491 0.367750 -0.284324
v 0.290555 0.367739 -0.284564
v 0.290333 0.367750 -0.284916
v 0.290549 0.367500 -0.284791
v 0.290507 0.367739 -0.284740
v 0.282884 0.367000 -0.276014
v 0.282634 0.367500 -0.275581
v 0.282451 0.367500 -0.276264
v 0.282759 0.367067 -0.275798
v 0.282668 0.367067 -0.276139
v 0.282557 0.367132 -0.275927
v 0.282451 0.367500 -0.275764
v 0.282667 0.367250 -0.275639
v 0.282493 0.367261 -0.275815
v 0.282509 0.367250 -0.276231
v 0.282384 0.367500 -0.276015
v 0.282445 0.367261 -0.275992
v 0.282884 0.368000 -0.276014
v 0.282451 0.367500 -0.276264
v 0.282634 0.367500 -0.275581
v 0.282668 0.367933 -0.276139
v 0.282759 0.367933 -0.275798
v 0.282557 0.367868 -0.275927
v 0.282384 0.367500 -0.276015
v 0.282509 0.367750 -0.276231
v 0.282445 0.367739 -0.275992
v 0.282667 0.367750 -0.275639
v 0.282451 0.367500 -0.275764
v 0.282493 0.367739 -0.275815
v 0.284616 0.367000 -0.275014
v 0.285049 0.367500 -0.274764
v 0.284366 0.367500 -0.274581
v 0.284832 0.367067 -0.274890
v 0.284491 0.367067 -0.274798
v 0.284704 0.367132 -0.274688
v 0.284866 0.367500 -0.274582
v 0.284991 0.367250 -0.274798
v 0.284815 0.367261 -0.274623
v 0.284399 0.367250 -0.274639
v 0.284616 0.367500 -0.274514
v 0.284639 0.367261 -0.274576
v 0.284616 0.368000 -0.275014
v 0.284366 0.367500 -0.274581
v 0.285049 0.367500 -0.274764
v 0.284491 0.367933 -0.274798
v 0.284832 0.367933 -0.274890
v 0.284704 0.367868 -0.274688
v 0.284616 0.367500 -0.274514
v 0.284399 0.367750 -0.274639
v 0.284639 0.367739 -0.274576
v 0.284991 0.367750 -0.274798
v 0.284866 0.367500 -0.274582
v 0.284815 0.367739 -0.274623
vn -0.8394 -0.2586 -0.4781
vn -0.8394 0.2586 -0.4781
vn -0.8337 0.2586 -0.4879
vn -0.8337 -0.2586 -0.4879
vn -0.4080 -0.1593 0.8990
vn -0.3523 0.0432 0.9349
vn -0.5746 0.1593 0.8028
vn -0.6335 -0.0432 0.7725
vn 0.0227 0.9995 0.0200
vn 0.0286 0.9995 0.0097
vn -0.0227 0.9995 -0.0200
vn -0.0286 0.9995 -0.0097
vn 0.4093 -0.1288 -0.9033
vn 0.3486 0.1302 -0.9282
vn 0.5746 0.1593 -0.8028
vn 0.6335 -0.0432 -0.7725
vn 0.8394 -0.2586 0.4781
vn 0.8394 0.2586 0.4781
vn 0.8337 0.2586 0.4879
vn 0.8337 -0.2586 0.4879
vn -0.0228 -0.9995 -0.0200
vn -0.4305 -0.8660 -0.2544
vn -0.1637 -0.7745 -0.6111
vn 0.2273 -0.8665 -0.4445
vn -0.7474 -0.5000 -0.4374
vn -0.4470 -0.4474 -0.7746
vn -0.1638 -0.7745 -0.6111
vn -0.5289 -0.1286 -0.8389
vn -0.4470 -0.4473 -0.7746
vn -0.7475 -0.5000 -0.4374
vn 0.0054 -0.1216 -0.9926
vn -0.0002 -0.4473 -0.8944
vn -0.4470 -0.4473 -0.7747
vn 0.4092 -0.1289 -0.9033
vn 0.4112 -0.4986 -0.7631
vn 0.0055 -0.1216 -0.9926
vn 0.4112 -0.4987 -0.7631
vn 0.2273 -0.8664 -0.4446
vn -0.1637 -0.7744 -0.6111
vn -0.0002 -0.4474 -0.8944
vn -0.1638 -0.7744 -0.6111
vn -0.0002 -0.4474 -0.8943
vn -0.7474 0.5000 -0.4374
vn -0.4470 0.4473 -0.7746
vn -0.4756 0.1152 -0.8721
vn -0.4305 0.8660 -0.2544
vn -0.1638 0.7744 -0.6111
vn -0.4470 0.4474 -0.7746
vn 0.2273 0.8665 -0.4445
vn -0.1638 0.7745 -0.6111
vn 0.2273 0.8664 -0.4446
vn 0.4112 0.4986 -0.7631
vn -0.0002 0.4474 -0.8943
vn -0.1637 0.7745 -0.6111
vn 0.3486 0.1303 -0.9282
vn 0.0055 0.1216 -0.9926
vn -0.0002 0.4473 -0.8944
vn 0.0054 0.1216 -0.9926
vn -0.4755 0.1152 -0.8721
vn -0.4470 0.4473 -0.7747
vn -0.1637 0.7744 -0.6111
vn 0.0287 -0.9995 0.0097
vn 0.2713 -0.8665 -0.4191
vn 0.6111 -0.7745 -0.1637
vn 0.4355 -0.8660 0.2456
vn 0.2713 -0.8664 -0.4191
vn 0.4552 -0.4986 -0.7376
vn 0.7746 -0.4474 -0.4470
vn 0.6111 -0.7745 -0.1638
vn 0.6336 -0.0432 -0.7725
vn 0.8674 0.1756 -0.4656
vn 0.7746 -0.4473 -0.4470
vn 0.4552 -0.4986 -0.7377
vn 0.8673 0.1756 -0.4657
vn 0.9694 0.2434 0.0333
vn 0.8944 -0.4473 -0.0002
vn 0.7747 -0.4473 -0.4470
vn 0.8394 -0.2586 0.4780
vn 0.7525 -0.5000 0.4286
vn 0.9694 0.2433 0.0333
vn 0.4356 -0.8660 0.2456
vn 0.6111 -0.7744 -0.1637
vn 0.8944 -0.4474 -0.0002
vn 0.6111 -0.7744 -0.1638
vn 0.8943 -0.4474 -0.0002
vn 0.0287 0.9995 0.0097
vn 0.4356 0.8660 0.2456
vn 0.6111 0.7745 -0.1638
vn 0.2713 0.8665 -0.4191
vn 0.4356 0.8660 0.2457
vn 0.7525 0.5000 0.4286
vn 0.8943 0.4474 -0.0002
vn 0.6111 0.7745 -0.1637
vn 0.8394 0.2586 0.4780
vn 0.8617 0.5072 -0.0166
vn 0.8944 0.4473 -0.0002
vn 0.7829 0.3233 -0.5316
vn 0.7747 0.4473 -0.4470
vn 0.4552 0.4986 -0.7377
vn 0.7746 0.4473 -0.4470
vn 0.7828 0.3233 -0.5317
vn 0.4552 0.4987 -0.7376
vn 0.2714 0.8664 -0.4191
vn 0.6111 0.7744 -0.1638
vn 0.7746 0.4474 -0.4470
vn 0.6111 0.7744 -0.1637
vn -0.0287 -0.9995 -0.0097
vn -0.2713 -0.8665 0.4191
vn -0.6111 -0.7745 0.1637
vn -0.4355 -0.8660 -0.2456
vn -0.2713 -0.8664 0.4191
vn -0.4552 -0.4986 0.7376
vn -0.7746 -0.4474 0.4470
vn -0.6111 -0.7745 0.1638
vn -0.6336 -0.0432 0.7725
vn -0.8674 0.1756 0.4656
vn -0.7746 -0.4473 0.4470
vn -0.4552 -0.4986 0.7377
vn -0.8673 0.1756 0.4657
vn -0.9694 0.2434 -0.0333
vn -0.8944 -0.4473 0.0002
vn -0.7747 -0.4473 0.4470
vn -0.8394 -0.2586 -0.4780
vn -0.7525 -0.5000 -0.4286
vn -0.9694 0.2433 -0.0333
vn -0.4356 -0.8660 -0.2456
vn -0.6111 -0.7744 0.1637
vn -0.8944 -0.4474 0.0002
vn -0.6111 -0.7744 0.1638
vn -0.8943 -0.4474 0.0002
vn -0.0287 0.9995 -0.0097
vn -0.4356 0.8660 -0.2456
vn -0.6111 0.7745 0.1638
vn -0.2713 0.8665 0.4191
vn -0.4356 0.8660 -0.2457
vn -0.7525 0.5000 -0.4286
vn -0.8943 0.4474 0.0002
vn -0.6111 0.7745 0.1637
vn -0.8394 0.2586 -0.4780
vn -0.8617 0.5072 0.0166
vn -0.8944 0.4473 0.0002
vn -0.7829 0.3233 0.5316
vn -0.7747 0.4473 0.4470
vn -0.4552 0.4986 0.7377
vn -0.7746 0.4473 0.4470
vn -0.7828 0.3233 0.5317
vn -0.4552 0.4987 0.7376
vn -0.2714 0.8664 0.4191
vn -0.6111 0.7744 0.1638
vn -0.7746 0.4474 0.4470
vn -0.6111 0.7744 0.1637
vn 0.0228 -0.9995 0.0200
vn 0.4305 -0.8660 0.2544
vn 0.1637 -0.7745 0.6111
vn -0.2273 -0.8665 0.4445
vn 0.7474 -0.5000 0.4374
vn 0.4470 -0.4474 0.7746
vn 0.1638 -0.7745 0.6111
vn 0.4165 -0.5072 0.7545
vn 0.4470 -0.4473 0.7746
vn 0.7475 -0.5000 0.4374
vn 0.4164 -0.5072 0.7546
vn -0.0689 -0.3233 0.9438
vn 0.0002 -0.4473 0.8944
vn 0.4470 -0.4473 0.7747
vn -0.4079 -0.1593 0.8990
vn -0.4112 -0.4986 0.7631
vn -0.0690 -0.3233 0.9438
vn -0.4112 -0.4987 0.7631
vn -0.2273 -0.8664 0.4446
vn 0.1637 -0.7744 0.6111
vn 0.0002 -0.4474 0.8944
vn 0.1638 -0.7744 0.6111
vn 0.0002 -0.4474 0.8943
vn -0.2273 0.8665 0.4445
vn 0.1638 0.7745 0.6111
vn 0.4305 0.8660 0.2544
vn -0.2273 0.8664 0.4446
vn -0.4112 0.4986 0.7631
vn 0.0002 0.4474 0.8943
vn 0.1637 0.7745 0.6111
vn -0.3522 0.0432 0.9349
vn 0.0304 -0.1756 0.9840
vn 0.0002 0.4473 0.8944
vn 0.5135 -0.2434 0.8228
vn 0.4470 0.4473 0.7747
vn 0.7474 0.5000 0.4374
vn 0.4470 0.4473 0.7746
vn 0.5135 -0.2433 0.8228
vn 0.1638 0.7744 0.6111
vn 0.4470 0.4474 0.7746
vn 0.1637 0.7744 0.6111
vn -0.0227 -0.9995 -0.0200
vn 0.2713 -0.8664 -0.4192
vn 0.2274 -0.8664 -0.4446
vn 0.4112 -0.4987 -0.7630
vn 0.4552 -0.4987 -0.7376
vn 0.4113 -0.4986 -0.7631
vn 0.6335 -0.0433 -0.7725
vn 0.0054 -0.1215 -0.9926
vn 0.0055 -0.1215 -0.9926
vn 0.0055 0.1215 -0.9926
vn 0.4092 -0.1288 -0.9033
vn 0.2274 0.8664 -0.4446
vn 0.2713 0.8664 -0.4192
vn 0.4112 0.4987 -0.7630
vn 0.4113 0.4986 -0.7631
vn 0.8616 0.5072 -0.0166
vn 0.9694 0.2433 0.0334
vn 0.7828 0.3233 -0.5316
vn 0.6336 -0.0431 -0.7725
vn 0.4305 -0.8660 0.2543
vn 0.4356 -0.8660 0.2457
vn 0.7525 -0.5000 0.4287
vn 0.7475 -0.5000 0.4373
vn 0.0228 0.9995 0.0200
vn 0.4305 0.8660 0.2543
vn 0.4355 0.8660 0.2456
vn 0.7475 0.5000 0.4373
vn 0.7525 0.5000 0.4287
vn 0.7475 0.5000 0.4374
vn -0.3522 0.0431 0.9349
vn 0.0303 -0.1756 0.9840
vn 0.4164 -0.5072 0.7545
vn 0.5136 -0.2433 0.8228
vn 0.8338 0.2586 0.4878
vn 0.0227 -0.9995 0.0200
vn -0.2713 -0.8664 0.4192
vn -0.2274 -0.8664 0.4446
vn -0.4112 -0.4987 0.7630
vn -0.4552 -0.4987 0.7376
vn -0.4113 -0.4986 0.7631
vn -0.6335 -0.0433 0.7725
vn -0.2274 0.8664 0.4446
vn -0.2713 0.8664 0.4192
vn -0.4112 0.4987 0.7630
vn -0.4113 0.4986 0.7631
vn -0.3523 0.0433 0.9349
vn -0.8616 0.5072 0.0166
vn -0.9694 0.2433 -0.0334
vn -0.7828 0.3233 0.5316
vn -0.6336 -0.0431 0.7725
vn -0.4305 -0.8660 -0.2543
vn -0.4356 -0.8660 -0.2457
vn -0.7525 -0.5000 -0.4287
vn -0.7475 -0.5000 -0.4373
vn -0.0228 0.9995 -0.0200
vn -0.4305 0.8660 -0.2543
vn -0.4355 0.8660 -0.2456
vn -0.7475 0.5000 -0.4373
vn -0.7525 0.5000 -0.4287
vn -0.7475 0.5000 -0.4374
vn -0.8338 0.2586 -0.4878
vn 0.0286 -0.9995 0.0097
vn -0.0286 -0.9995 -0.0097
vt 0.500000 0.760417
vt 0.500000 0.760417
vt 0.500000 0.989583
vt 0.500000 0.989583
vt 0.500000 0.541667
vt 0.500000 0.541667
vt 0.500000 0.708333
vt 0.500000 0.708333
vt 0.635417 0.541667
vt 0.864583 0.541667
vt 0.864583 0.708333
vt 0.635417 0.708333
vt 0.500000 0.041667
vt 0.500000 0.041667
vt 0.500000 0.208333
vt 0.500000 0.208333
vt 0.500000 0.260417
vt 0.500000 0.260417
vt 0.500000 0.489583
vt 0.500000 0.489583
vt 0.135417 0.708333
vt 0.135417 0.729139
vt 0.130435 0.728259
vt 0.130215 0.708333
vt 0.135417 0.750000
vt 0.130435 0.750000
vt 0.500000 1.000000
vt 0.375000 0.994565
vt 0.375000 0.989583
vt 0.500000 0.000000
vt 0.500000 0.020861
vt 0.375000 0.021741
vt 0.375000 0.000000
vt 0.375000 0.041667
vt 0.125000 0.708333
vt 0.125000 0.728259
vt 0.562418 0.989583
vt 0.559776 0.994565
vt 0.625000 0.989583
vt 0.625000 0.994565
vt 0.875000 0.708333
vt 0.869565 0.750000
vt 0.864583 0.750000
vt 0.625000 0.041667
vt 0.562418 0.041667
vt 0.559776 0.021741
vt 0.625000 0.000000
vt 0.500000 0.020861
vt 0.559776 0.010974
vt 0.559777 0.997257
vt 0.135417 0.541667
vt 0.130215 0.541667
vt 0.130435 0.521741
vt 0.135417 0.520861
vt 0.125000 0.541667
vt 0.125000 0.521741
vt 0.500000 0.229139
vt 0.375000 0.228259
vt 0.375000 0.208333
vt 0.500000 0.255215
vt 0.375000 0.255435
vt 0.375000 0.260417
vt 0.135417 0.500000
vt 0.130435 0.500000
vt 0.864583 0.500000
vt 0.869565 0.500000
vt 0.875000 0.541667
vt 0.625000 0.260417
vt 0.562418 0.260417
vt 0.559776 0.255435
vt 0.625000 0.255435
vt 0.500000 0.229139
vt 0.559776 0.228259
vt 0.562418 0.208333
vt 0.625000 0.208333
vt 0.625000 0.250000
vt 0.559776 0.252743
vt 0.364583 0.708333
vt 0.369785 0.708333
vt 0.369565 0.728259
vt 0.364583 0.729139
vt 0.437582 0.708333
vt 0.440224 0.728259
vt 0.500000 0.729139
vt 0.500000 0.755215
vt 0.375000 0.755435
vt 0.375000 0.760417
vt 0.364583 0.750000
vt 0.369565 0.750000
vt 0.372257 0.728259
vt 0.635417 0.750000
vt 0.630435 0.750000
vt 0.630215 0.708333
vt 0.625000 0.760417
vt 0.562418 0.760417
vt 0.559776 0.755435
vt 0.625000 0.755435
vt 0.500000 0.729139
vt 0.559776 0.728259
vt 0.562418 0.708333
vt 0.559776 0.752743
vt 0.364583 0.541667
vt 0.364583 0.520861
vt 0.369565 0.521741
vt 0.369785 0.541667
vt 0.364583 0.500000
vt 0.369565 0.500000
vt 0.500000 0.494785
vt 0.375000 0.494565
vt 0.375000 0.489583
vt 0.500000 0.520861
vt 0.440224 0.521741
vt 0.437582 0.541667
vt 0.372257 0.521741
vt 0.630215 0.541667
vt 0.630435 0.521741
vt 0.635417 0.500000
vt 0.562418 0.541667
vt 0.559776 0.521741
vt 0.559776 0.494565
vt 0.562418 0.489583
vt 0.625000 0.489583
vt 0.592079 0.494565
vt 0.592079 0.521741
vt 0.559777 0.510974
s 0
usemtl Anodized_graphite
f 423/517/859 434/518/860 385/519/861 374/520/862
f 447/521/863 458/522/864 435/523/865 422/524/866
f 457/525/867 409/526/868 386/527/869 433/528/870
f 375/529/871 387/530/872 411/531/873 398/532/874
f 399/533/875 410/534/876 459/535/877 446/536/878
f 373/537/879 376/538/880 378/539/881 377/540/882
f 376/538/880 380/541/883 381/542/884 378/539/885
f 374/520/862 379/543/886 381/544/887 380/545/888
f 379/546/886 383/547/889 384/548/890 381/549/891
f 375/529/892 382/550/893 384/548/890 383/547/894
f 382/551/895 377/540/896 378/539/897 384/552/898
f 378/539/899 381/542/891 384/552/900
f 385/519/861 388/553/901 390/554/902 389/543/903
f 388/553/901 392/555/904 393/556/905 390/554/906
f 386/527/869 391/557/907 393/558/908 392/559/904
f 391/560/909 395/561/910 396/562/911 393/563/912
f 387/530/913 394/564/914 396/562/915 395/561/910
f 394/564/916 389/546/917 390/565/918 396/562/915
f 390/554/906 393/556/919 396/566/915
f 397/567/920 400/568/921 402/569/922 401/570/923
f 400/568/924 404/571/925 405/572/926 402/569/927
f 398/532/928 403/573/929 405/574/930 404/575/931
f 403/573/932 407/576/933 408/577/934 405/574/935
f 399/533/936 406/578/937 408/577/934 407/576/938
f 406/579/937 401/570/939 402/569/940 408/580/941
f 402/569/942 405/572/935 408/580/943
f 409/526/944 412/581/945 414/582/946 413/583/947
f 412/584/948 416/585/949 417/586/950 414/587/951
f 410/534/952 415/576/953 417/586/954 416/585/949
f 415/576/953 419/588/955 420/589/956 417/586/954
f 411/531/873 418/590/957 420/589/958 419/588/959
f 418/590/960 413/591/961 414/592/962 420/589/963
f 414/587/964 417/586/954 420/593/963
f 421/594/965 424/595/966 426/596/967 425/597/968
f 424/595/969 428/598/970 429/599/971 426/596/972
f 422/524/973 427/600/974 429/599/975 428/598/976
f 427/600/977 431/601/978 432/602/979 429/599/980
f 423/517/981 430/603/982 432/602/979 431/601/983
f 430/604/982 425/597/984 426/596/985 432/605/986
f 426/596/987 429/606/980 432/605/988
f 433/528/989 436/607/990 438/608/991 437/609/992
f 436/610/993 440/611/994 441/612/995 438/613/996
f 434/518/997 439/601/998 441/612/999 440/611/994
f 439/601/998 443/614/1000 444/615/1001 441/612/999
f 435/523/865 442/616/1002 444/615/1003 443/614/1004
f 442/616/1005 437/609/1006 438/608/1007 444/615/1008
f 438/613/1009 441/612/999 444/617/1008
f 445/618/1010 448/619/1011 450/620/1012 449/621/1013
f 448/619/1011 452/622/1014 453/623/1015 450/620/1016
f 446/536/878 451/624/1017 453/625/1018 452/626/1019
f 451/624/1020 455/627/1021 456/628/1022 453/625/1023
f 447/521/1024 454/629/1025 456/628/1022 455/627/1026
f 454/629/1027 449/621/1028 450/620/1029 456/628/1030
f 450/620/1031 453/623/1023 456/630/1032
f 457/525/867 460/631/1033 462/632/1034 461/633/1035
f 460/631/1036 464/634/1037 465/635/1038 462/632/1039
f 458/522/1040 463/627/1041 465/635/1042 464/634/1037
f 463/627/1041 467/624/1043 468/636/1044 465/635/1042
f 459/535/877 466/637/1045 468/636/1046 467/624/1047
f 466/637/1045 461/638/1035 462/639/1048 468/636/1049
f 462/640/1050 465/635/1042 468/641/1049
f 397/567/920 373/537/1051 377/540/882 400/568/921
f 400/568/1052 377/540/1053 382/551/1054 404/571/1055
f 404/575/931 382/550/1056 375/529/871 398/532/1057
f 374/520/862 385/519/861 389/543/903 379/543/886
f 379/546/886 389/546/917 394/564/916 383/547/1058
f 383/547/1059 394/564/1060 387/530/872 375/529/1061
f 386/527/869 409/526/944 413/583/947 391/557/907
f 391/560/1062 413/591/1063 418/590/960 395/561/1064
f 395/561/1065 418/590/957 411/531/873 387/530/872
f 410/534/876 399/533/875 407/576/938 415/576/1066
f 415/576/1066 407/576/1067 403/573/932 419/588/1068
f 419/588/959 403/573/932 398/532/1069 411/531/873
f 445/618/1010 397/567/920 401/570/923 448/619/1070
f 448/619/1011 401/570/1071 406/579/1072 452/622/1073
f 452/626/1019 406/578/1072 399/533/875 446/536/878
f 409/526/944 457/525/1074 461/633/1075 412/581/1076
f 412/584/948 461/638/1035 466/637/1077 416/585/1078
f 416/585/1078 466/637/1079 459/535/877 410/534/876
f 458/522/1080 447/521/1024 455/627/1026 463/627/1081
f 463/627/1041 455/627/1026 451/624/1082 467/624/1083
f 467/624/1047 451/624/1082 446/536/878 459/535/1084
f 421/594/965 445/618/1085 449/621/1013 424/595/966
f 424/595/1086 449/621/1087 454/629/1088 428/598/1089
f 428/598/976 454/629/1090 447/521/863 422/524/1091
f 457/525/867 433/528/989 437/609/992 460/631/1033
f 460/631/1092 437/609/1093 442/616/1005 464/634/1094
f 464/634/1095 442/616/1002 435/523/865 458/522/1096
f 434/518/860 423/517/859 431/601/983 439/601/1097
f 439/601/1097 431/601/1098 427/600/977 443/614/1099
f 443/614/1004 427/600/977 422/524/1100 435/523/865
f 373/537/879 421/594/965 425/597/968 376/538/1101
f 376/538/880 425/597/1102 430/604/1103 380/541/1104
f 380/545/888 430/603/1103 423/517/859 374/520/862
f 433/528/989 386/527/1105 392/559/1106 436/607/1107
f 436/610/993 392/555/904 388/553/1108 440/611/1109
f 440/611/1109 388/553/1110 385/519/1111 434/518/860
f 397/567/1112 445/618/1085 421/594/1113 373/537/1051
o Radial_cooling_vent.043
v 0.284541 0.367000 -0.290116
v 0.284291 0.367500 -0.290549
v 0.284974 0.367500 -0.290366
v 0.284416 0.367067 -0.290332
v 0.284757 0.367067 -0.290241
v 0.284628 0.367132 -0.290443
v 0.284540 0.367500 -0.290616
v 0.284324 0.367250 -0.290491
v 0.284564 0.367261 -0.290555
v 0.284916 0.367250 -0.290333
v 0.284791 0.367500 -0.290549
v 0.284740 0.367261 -0.290507
v 0.284291 0.367500 -0.290549
v 0.284541 0.368000 -0.290116
v 0.284974 0.367500 -0.290366
v 0.284324 0.367750 -0.290491
v 0.284540 0.367500 -0.290616
v 0.284564 0.367739 -0.290555
v 0.284757 0.367933 -0.290241
v 0.284416 0.367933 -0.290332
v 0.284628 0.367868 -0.290443
v 0.284791 0.367500 -0.290549
v 0.284916 0.367750 -0.290333
v 0.284740 0.367739 -0.290507
v 0.285541 0.367000 -0.288384
v 0.285974 0.367500 -0.288634
v 0.285791 0.367500 -0.287951
v 0.285757 0.367067 -0.288509
v 0.285666 0.367067 -0.288168
v 0.285867 0.367132 -0.288296
v 0.286041 0.367500 -0.288384
v 0.285916 0.367250 -0.288601
v 0.285979 0.367261 -0.288361
v 0.285757 0.367250 -0.288009
v 0.285974 0.367500 -0.288134
v 0.285932 0.367261 -0.288185
v 0.285541 0.368000 -0.288384
v 0.285791 0.367500 -0.287951
v 0.285974 0.367500 -0.288634
v 0.285666 0.367933 -0.288168
v 0.285757 0.367933 -0.288509
v 0.285867 0.367868 -0.288296
v 0.285974 0.367500 -0.288134
v 0.285757 0.367750 -0.288009
v 0.285932 0.367739 -0.288185
v 0.285916 0.367750 -0.288601
v 0.286041 0.367500 -0.288384
v 0.285979 0.367739 -0.288361
v 0.275014 0.367000 -0.284616
v 0.274581 0.367500 -0.284366
v 0.274764 0.367500 -0.285049
v 0.274798 0.367067 -0.284491
v 0.274890 0.367067 -0.284832
v 0.274688 0.367132 -0.284704
v 0.274514 0.367500 -0.284616
v 0.274639 0.367250 -0.284399
v 0.274576 0.367261 -0.284639
v 0.274798 0.367250 -0.284991
v 0.274582 0.367500 -0.284866
v 0.274623 0.367261 -0.284815
v 0.275014 0.368000 -0.284616
v 0.274764 0.367500 -0.285049
v 0.274581 0.367500 -0.284366
v 0.274890 0.367933 -0.284832
v 0.274798 0.367933 -0.284491
v 0.274688 0.367868 -0.284704
v 0.274582 0.367500 -0.284866
v 0.274798 0.367750 -0.284991
v 0.274623 0.367739 -0.284815
v 0.274639 0.367750 -0.284399
v 0.274514 0.367500 -0.284616
v 0.274576 0.367739 -0.284639
v 0.276014 0.367000 -0.282884
v 0.276264 0.367500 -0.282451
v 0.275581 0.367500 -0.282634
v 0.276139 0.367067 -0.282668
v 0.275798 0.367067 -0.282759
v 0.275927 0.367132 -0.282557
v 0.276015 0.367500 -0.282384
v 0.276231 0.367250 -0.282509
v 0.275992 0.367261 -0.282445
v 0.275639 0.367250 -0.282667
v 0.275764 0.367500 -0.282451
v 0.275815 0.367261 -0.282493
v 0.276014 0.368000 -0.282884
v 0.275581 0.367500 -0.282634
v 0.276264 0.367500 -0.282451
v 0.275798 0.367933 -0.282759
v 0.276139 0.367933 -0.282668
v 0.275927 0.367868 -0.282557
v 0.275764 0.367500 -0.282451
v 0.275639 0.367750 -0.282667
v 0.275815 0.367739 -0.282493
v 0.276231 0.367750 -0.282509
v 0.276015 0.367500 -0.282384
v 0.275992 0.367739 -0.282445
vn -0.4879 -0.2586 -0.8337
vn -0.4879 0.2586 -0.8337
vn -0.4781 0.2586 -0.8394
vn -0.4781 -0.2586 -0.8394
vn -0.8028 -0.1593 0.5746
vn -0.7725 0.0432 0.6335
vn -0.8990 0.1593 0.4080
vn -0.9349 -0.0432 0.3523
vn 0.0097 0.9995 0.0286
vn 0.0200 0.9995 0.0227
vn -0.0097 0.9995 -0.0286
vn -0.0200 0.9995 -0.0227
vn 0.8061 -0.1288 -0.5776
vn 0.7660 0.1302 -0.6295
vn 0.8990 0.1593 -0.4080
vn 0.9349 -0.0432 -0.3523
vn 0.4879 -0.2586 0.8337
vn 0.4879 0.2586 0.8337
vn 0.4781 0.2586 0.8394
vn 0.4781 -0.2586 0.8394
vn -0.0097 -0.9995 -0.0287
vn -0.2456 -0.8660 -0.4356
vn 0.1638 -0.7745 -0.6111
vn 0.4191 -0.8665 -0.2713
vn -0.2457 -0.8660 -0.4356
vn -0.4286 -0.5000 -0.7525
vn 0.0002 -0.4474 -0.8943
vn 0.1637 -0.7745 -0.6111
vn -0.4780 -0.2586 -0.8394
vn -0.0386 -0.1286 -0.9909
vn 0.0002 -0.4473 -0.8944
vn 0.5010 -0.1216 -0.8569
vn 0.4470 -0.4473 -0.7747
vn 0.8060 -0.1289 -0.5777
vn 0.7377 -0.4986 -0.4552
vn 0.4470 -0.4473 -0.7746
vn 0.5011 -0.1216 -0.8568
vn 0.7376 -0.4987 -0.4552
vn 0.4191 -0.8664 -0.2714
vn 0.1638 -0.7744 -0.6111
vn 0.4470 -0.4474 -0.7746
vn 0.1637 -0.7744 -0.6111
vn -0.4780 0.2586 -0.8394
vn -0.4286 0.5000 -0.7525
vn 0.0002 0.4473 -0.8944
vn 0.0241 0.1152 -0.9930
vn -0.2456 0.8660 -0.4356
vn 0.1637 0.7744 -0.6111
vn 0.0002 0.4474 -0.8944
vn -0.0097 0.9995 -0.0287
vn 0.4191 0.8665 -0.2713
vn 0.1637 0.7745 -0.6111
vn -0.2456 0.8660 -0.4355
vn 0.4191 0.8664 -0.2713
vn 0.7376 0.4986 -0.4552
vn 0.4470 0.4474 -0.7746
vn 0.1638 0.7745 -0.6111
vn 0.7660 0.1303 -0.6295
vn 0.5011 0.1216 -0.8568
vn 0.4470 0.4473 -0.7746
vn 0.7377 0.4986 -0.4552
vn 0.5010 0.1216 -0.8569
vn 0.0243 0.1152 -0.9930
vn 0.4470 0.4473 -0.7747
vn 0.0002 0.4474 -0.8943
vn 0.1638 0.7744 -0.6111
vn 0.0200 -0.9995 0.0227
vn 0.4445 -0.8665 -0.2273
vn 0.6111 -0.7745 0.1638
vn 0.2544 -0.8660 0.4305
vn 0.4446 -0.8664 -0.2273
vn 0.7631 -0.4986 -0.4112
vn 0.8943 -0.4474 0.0002
vn 0.6111 -0.7745 0.1637
vn 0.9349 -0.0432 -0.3522
vn 0.9840 0.1756 0.0304
vn 0.8944 -0.4473 0.0002
vn 0.8228 0.2434 0.5135
vn 0.7747 -0.4473 0.4470
vn 0.4374 -0.5000 0.7474
vn 0.7746 -0.4473 0.4470
vn 0.8228 0.2433 0.5135
vn 0.6111 -0.7744 0.1638
vn 0.7746 -0.4474 0.4470
vn 0.6111 -0.7744 0.1637
vn 0.0200 0.9995 0.0228
vn 0.2544 0.8660 0.4305
vn 0.6111 0.7745 0.1637
vn 0.4445 0.8665 -0.2273
vn 0.4374 0.5000 0.7474
vn 0.7746 0.4474 0.4470
vn 0.6111 0.7745 0.1638
vn 0.7545 0.5072 0.4165
vn 0.7746 0.4473 0.4470
vn 0.4374 0.5000 0.7475
vn 0.7546 0.5072 0.4164
vn 0.9438 0.3233 -0.0689
vn 0.8944 0.4473 0.0002
vn 0.7747 0.4473 0.4470
vn 0.8990 0.1593 -0.4079
vn 0.7631 0.4986 -0.4112
vn 0.9438 0.3233 -0.0690
vn 0.7631 0.4987 -0.4112
vn 0.4446 0.8664 -0.2273
vn 0.6111 0.7744 0.1637
vn 0.8944 0.4474 0.0002
vn 0.6111 0.7744 0.1638
vn 0.8943 0.4474 0.0002
vn -0.0200 -0.9995 -0.0227
vn -0.4445 -0.8665 0.2273
vn -0.6111 -0.7745 -0.1638
vn -0.2544 -0.8660 -0.4305
vn -0.4446 -0.8664 0.2273
vn -0.7631 -0.4986 0.4112
vn -0.8943 -0.4474 -0.0002
vn -0.6111 -0.7745 -0.1637
vn -0.9349 -0.0432 0.3522
vn -0.9840 0.1756 -0.0304
vn -0.8944 -0.4473 -0.0002
vn -0.8228 0.2434 -0.5135
vn -0.7747 -0.4473 -0.4470
vn -0.4374 -0.5000 -0.7474
vn -0.7746 -0.4473 -0.4470
vn -0.8228 0.2433 -0.5135
vn -0.6111 -0.7744 -0.1638
vn -0.7746 -0.4474 -0.4470
vn -0.6111 -0.7744 -0.1637
vn -0.0200 0.9995 -0.0228
vn -0.2544 0.8660 -0.4305
vn -0.6111 0.7745 -0.1637
vn -0.4445 0.8665 0.2273
vn -0.4374 0.5000 -0.7474
vn -0.7746 0.4474 -0.4470
vn -0.6111 0.7745 -0.1638
vn -0.7545 0.5072 -0.4165
vn -0.7746 0.4473 -0.4470
vn -0.4374 0.5000 -0.7475
vn -0.7546 0.5072 -0.4164
vn -0.9438 0.3233 0.0689
vn -0.8944 0.4473 -0.0002
vn -0.7747 0.4473 -0.4470
vn -0.8990 0.1593 0.4079
vn -0.7631 0.4986 0.4112
vn -0.9438 0.3233 0.0690
vn -0.7631 0.4987 0.4112
vn -0.4446 0.8664 0.2273
vn -0.6111 0.7744 -0.1637
vn -0.8944 0.4474 -0.0002
vn -0.6111 0.7744 -0.1638
vn -0.8943 0.4474 -0.0002
vn 0.0097 -0.9995 0.0287
vn 0.2456 -0.8660 0.4356
vn -0.1638 -0.7745 0.6111
vn -0.4191 -0.8665 0.2713
vn 0.2457 -0.8660 0.4356
vn 0.4286 -0.5000 0.7525
vn -0.0002 -0.4474 0.8943
vn -0.1637 -0.7745 0.6111
vn 0.4780 -0.2586 0.8394
vn -0.0166 -0.5072 0.8617
vn -0.0002 -0.4473 0.8944
vn -0.5316 -0.3233 0.7829
vn -0.4470 -0.4473 0.7747
vn -0.7377 -0.4986 0.4552
vn -0.4470 -0.4473 0.7746
vn -0.5317 -0.3233 0.7828
vn -0.7376 -0.4987 0.4552
vn -0.4191 -0.8664 0.2714
vn -0.1638 -0.7744 0.6111
vn -0.4470 -0.4474 0.7746
vn -0.1637 -0.7744 0.6111
vn 0.0097 0.9995 0.0287
vn -0.4191 0.8665 0.2713
vn -0.1637 0.7745 0.6111
vn 0.2456 0.8660 0.4355
vn -0.4191 0.8664 0.2713
vn -0.7376 0.4986 0.4552
vn -0.4470 0.4474 0.7746
vn -0.1638 0.7745 0.6111
vn -0.7725 0.0432 0.6336
vn -0.4656 -0.1756 0.8674
vn -0.4470 0.4473 0.7746
vn -0.7377 0.4986 0.4552
vn -0.4657 -0.1756 0.8673
vn 0.0333 -0.2434 0.9694
vn -0.0002 0.4473 0.8944
vn -0.4470 0.4473 0.7747
vn 0.4780 0.2586 0.8394
vn 0.4286 0.5000 0.7525
vn 0.0333 -0.2433 0.9694
vn 0.2456 0.8660 0.4356
vn -0.1637 0.7744 0.6111
vn -0.0002 0.4474 0.8944
vn -0.1638 0.7744 0.6111
vn -0.0002 0.4474 0.8943
vn 0.4446 -0.8664 -0.2274
vn 0.4192 -0.8664 -0.2713
vn 0.7630 -0.4987 -0.4112
vn 0.7631 -0.4986 -0.4113
vn 0.9349 -0.0433 -0.3523
vn 0.0241 0.1152 -0.9931
vn -0.0386 -0.1286 -0.9910
vn 0.0242 0.1152 -0.9931
vn 0.5010 -0.1215 -0.8569
vn 0.5011 -0.1215 -0.8568
vn 0.5011 0.1215 -0.8568
vn 0.8060 -0.1288 -0.5777
vn 0.4192 0.8664 -0.2713
vn 0.4446 0.8664 -0.2274
vn 0.7630 0.4987 -0.4112
vn 0.7376 0.4987 -0.4552
vn 0.7631 0.4986 -0.4113
vn 0.4878 -0.2586 0.8338
vn 0.7545 0.5072 0.4164
vn 0.8228 0.2433 0.5136
vn 0.9840 0.1756 0.0303
vn 0.9349 -0.0431 -0.3522
vn 0.0200 -0.9995 0.0228
vn 0.2543 -0.8660 0.4305
vn 0.2456 -0.8660 0.4355
vn 0.4373 -0.5000 0.7475
vn 0.4287 -0.5000 0.7525
vn 0.4374 -0.5000 0.7475
vn 0.2543 0.8660 0.4305
vn 0.2457 0.8660 0.4356
vn 0.4287 0.5000 0.7525
vn 0.4373 0.5000 0.7475
vn -0.7725 0.0431 0.6336
vn -0.5316 -0.3233 0.7828
vn -0.0166 -0.5072 0.8616
vn 0.0334 -0.2433 0.9694
vn -0.4446 -0.8664 0.2274
vn -0.4192 -0.8664 0.2713
vn -0.7630 -0.4987 0.4112
vn -0.7631 -0.4986 0.4113
vn -0.9349 -0.0433 0.3523
vn -0.4192 0.8664 0.2713
vn -0.4446 0.8664 0.2274
vn -0.7630 0.4987 0.4112
vn -0.7376 0.4987 0.4552
vn -0.7631 0.4986 0.4113
vn -0.7725 0.0433 0.6335
vn -0.4878 -0.2586 -0.8338
vn -0.7545 0.5072 -0.4164
vn -0.8228 0.2433 -0.5136
vn -0.9840 0.1756 -0.0303
vn -0.9349 -0.0431 0.3522
vn -0.0200 -0.9995 -0.0228
vn -0.2543 -0.8660 -0.4305
vn -0.2456 -0.8660 -0.4355
vn -0.4373 -0.5000 -0.7475
vn -0.4287 -0.5000 -0.7525
vn -0.4374 -0.5000 -0.7475
vn -0.2543 0.8660 -0.4305
vn -0.2457 0.8660 -0.4356
vn -0.4287 0.5000 -0.7525
vn -0.4373 0.5000 -0.7475
vn -0.4878 0.2586 -0.8338
vn 0.0097 -0.9995 0.0286
vn -0.0097 -0.9995 -0.0286
vt 0.500000 0.760417
vt 0.500000 0.760417
vt 0.500000 0.989583
vt 0.500000 0.989583
vt 0.500000 0.541667
vt 0.500000 0.541667
vt 0.500000 0.708333
vt 0.500000 0.708333
vt 0.635417 0.541667
vt 0.864583 0.541667
vt 0.864583 0.708333
vt 0.635417 0.708333
vt 0.500000 0.041667
vt 0.500000 0.041667
vt 0.500000 0.208333
vt 0.500000 0.208333
vt 0.500000 0.260417
vt 0.500000 0.260417
vt 0.500000 0.489583
vt 0.500000 0.489583
vt 0.135417 0.708333
vt 0.135417 0.729139
vt 0.130435 0.728259
vt 0.130215 0.708333
vt 0.135417 0.750000
vt 0.130435 0.750000
vt 0.500000 1.000000
vt 0.375000 0.994565
vt 0.375000 0.989583
vt 0.500000 0.000000
vt 0.500000 0.020861
vt 0.375000 0.021741
vt 0.375000 0.000000
vt 0.375000 0.041667
vt 0.125000 0.708333
vt 0.125000 0.728259
vt 0.562418 0.989583
vt 0.559776 0.994565
vt 0.625000 0.989583
vt 0.625000 0.994565
vt 0.875000 0.708333
vt 0.869565 0.750000
vt 0.864583 0.750000
vt 0.625000 0.041667
vt 0.562418 0.041667
vt 0.559776 0.021741
vt 0.625000 0.000000
vt 0.500000 0.020861
vt 0.559776 0.010974
vt 0.559777 0.997257
vt 0.135417 0.541667
vt 0.130215 0.541667
vt 0.130435 0.521741
vt 0.135417 0.520861
vt 0.125000 0.541667
vt 0.125000 0.521741
vt 0.500000 0.229139
vt 0.375000 0.228259
vt 0.375000 0.208333
vt 0.500000 0.255215
vt 0.375000 0.255435
vt 0.375000 0.260417
vt 0.135417 0.500000
vt 0.130435 0.500000
vt 0.864583 0.500000
vt 0.869565 0.500000
vt 0.875000 0.541667
vt 0.625000 0.260417
vt 0.562418 0.260417
vt 0.559776 0.255435
vt 0.625000 0.255435
vt 0.500000 0.229139
vt 0.559776 0.228259
vt 0.562418 0.208333
vt 0.625000 0.208333
vt 0.625000 0.250000
vt 0.559776 0.252743
vt 0.364583 0.708333
vt 0.369785 0.708333
vt 0.369565 0.728259
vt 0.364583 0.729139
vt 0.437582 0.708333
vt 0.440224 0.728259
vt 0.500000 0.729139
vt 0.500000 0.755215
vt 0.375000 0.755435
vt 0.375000 0.760417
vt 0.364583 0.750000
vt 0.369565 0.750000
vt 0.372257 0.728259
vt 0.635417 0.750000
vt 0.630435 0.750000
vt 0.630215 0.708333
vt 0.625000 0.760417
vt 0.562418 0.760417
vt 0.559776 0.755435
vt 0.625000 0.755435
vt 0.500000 0.729139
vt 0.559776 0.728259
vt 0.562418 0.708333
vt 0.559776 0.752743
vt 0.364583 0.541667
vt 0.364583 0.520861
vt 0.369565 0.521741
vt 0.369785 0.541667
vt 0.364583 0.500000
vt 0.369565 0.500000
vt 0.500000 0.494785
vt 0.375000 0.494565
vt 0.375000 0.489583
vt 0.500000 0.520861
vt 0.440224 0.521741
vt 0.437582 0.541667
vt 0.372257 0.521741
vt 0.630215 0.541667
vt 0.630435 0.521741
vt 0.635417 0.500000
vt 0.562418 0.541667
vt 0.559776 0.521741
vt 0.559776 0.494565
vt 0.562418 0.489583
vt 0.625000 0.489583
vt 0.592079 0.494565
vt 0.592079 0.521741
vt 0.559777 0.510974
s 0
usemtl Anodized_graphite
f 519/642/1114 530/643/1115 481/644/1116 470/645/1117
f 543/646/1118 554/647/1119 531/648/1120 518/649/1121
f 553/650/1122 505/651/1123 482/652/1124 529/653/1125
f 471/654/1126 483/655/1127 507/656/1128 494/657/1129
f 495/658/1130 506/659/1131 555/660/1132 542/661/1133
f 469/662/1134 472/663/1135 474/664/1136 473/665/1137
f 472/663/1138 476/666/1139 477/667/1140 474/664/1141
f 470/645/1142 475/668/1143 477/669/1144 476/670/1139
f 475/671/1143 479/672/1145 480/673/1146 477/674/1144
f 471/654/1147 478/675/1148 480/673/1149 479/672/1150
f 478/676/1151 473/665/1152 474/664/1153 480/677/1154
f 474/664/1155 477/667/1144 480/677/1154
f 481/644/1156 484/678/1157 486/679/1158 485/668/1159
f 484/678/1157 488/680/1160 489/681/1161 486/679/1162
f 482/652/1163 487/682/1164 489/683/1165 488/684/1166
f 487/685/1167 491/686/1168 492/687/1169 489/688/1170
f 483/655/1171 490/689/1172 492/687/1173 491/686/1174
f 490/689/1175 485/671/1176 486/690/1158 492/687/1177
f 486/679/1178 489/681/1179 492/691/1177
f 493/692/1180 496/693/1181 498/694/1182 497/695/1183
f 496/693/1184 500/696/1185 501/697/1186 498/694/1187
f 494/657/1188 499/698/1189 501/699/1190 500/700/1185
f 499/698/1189 503/701/1191 504/702/1192 501/699/1190
f 495/658/1130 502/703/1193 504/702/1194 503/701/1195
f 502/704/1193 497/695/1183 498/694/1196 504/705/1197
f 498/694/1198 501/697/1190 504/705/1197
f 505/651/1199 508/706/1200 510/707/1201 509/708/1202
f 508/709/1200 512/710/1203 513/711/1204 510/712/1205
f 506/659/1131 511/701/1206 513/711/1207 512/710/1208
f 511/701/1209 515/713/1210 516/714/1211 513/711/1212
f 507/656/1213 514/715/1214 516/714/1211 515/713/1215
f 514/715/1216 509/716/1217 510/717/1218 516/714/1219
f 510/712/1220 513/711/1212 516/718/1221
f 517/719/1222 520/720/1223 522/721/1224 521/722/1225
f 520/720/1226 524/723/1227 525/724/1228 522/721/1229
f 518/649/1230 523/725/1231 525/724/1232 524/723/1227
f 523/725/1231 527/726/1233 528/727/1234 525/724/1232
f 519/642/1114 526/728/1235 528/727/1236 527/726/1237
f 526/729/1235 521/722/1225 522/721/1238 528/730/1239
f 522/721/1240 525/731/1232 528/730/1239
f 529/653/1241 532/732/1242 534/733/1243 533/734/1244
f 532/735/1242 536/736/1245 537/737/1246 534/738/1247
f 530/643/1115 535/726/1248 537/737/1249 536/736/1250
f 535/726/1251 539/739/1252 540/740/1253 537/737/1254
f 531/648/1255 538/741/1256 540/740/1253 539/739/1257
f 538/741/1258 533/734/1259 534/733/1260 540/740/1261
f 534/738/1262 537/737/1254 540/742/1263
f 541/743/1264 544/744/1265 546/745/1266 545/746/1267
f 544/744/1268 548/747/1269 549/748/1270 546/745/1271
f 542/661/1272 547/749/1273 549/750/1274 548/751/1269
f 547/749/1273 551/752/1275 552/753/1276 549/750/1274
f 543/646/1118 550/754/1277 552/753/1278 551/752/1279
f 550/754/1280 545/746/1281 546/745/1282 552/753/1283
f 546/745/1284 549/748/1274 552/755/1283
f 553/650/1285 556/756/1286 558/757/1287 557/758/1288
f 556/756/1289 560/759/1290 561/760/1291 558/757/1292
f 554/647/1293 559/752/1294 561/760/1295 560/759/1296
f 559/752/1297 563/749/1298 564/761/1299 561/760/1300
f 555/660/1301 562/762/1302 564/761/1299 563/749/1303
f 562/762/1302 557/763/1304 558/764/1305 564/761/1306
f 558/765/1307 561/760/1300 564/766/1308
f 493/692/1180 469/662/1134 473/665/1137 496/693/1181
f 496/693/1309 473/665/1310 478/676/1151 500/696/1311
f 500/700/1312 478/675/1148 471/654/1126 494/657/1313
f 470/645/1117 481/644/1116 485/668/1314 475/668/1143
f 475/671/1315 485/671/1316 490/689/1175 479/672/1317
f 479/672/1318 490/689/1319 483/655/1127 471/654/1320
f 482/652/1163 505/651/1123 509/708/1202 487/682/1164
f 487/685/1321 509/716/1322 514/715/1323 491/686/1324
f 491/686/1174 514/715/1325 507/656/1128 483/655/1127
f 506/659/1131 495/658/1326 503/701/1195 511/701/1327
f 511/701/1327 503/701/1328 499/698/1189 515/713/1215
f 515/713/1215 499/698/1329 494/657/1330 507/656/1213
f 541/743/1264 493/692/1331 497/695/1332 544/744/1333
f 544/744/1268 497/695/1183 502/704/1334 548/747/1335
f 548/751/1335 502/703/1336 495/658/1130 542/661/1133
f 505/651/1199 553/650/1285 557/758/1288 508/706/1337
f 508/709/1200 557/763/1338 562/762/1339 512/710/1340
f 512/710/1208 562/762/1339 555/660/1132 506/659/1131
f 554/647/1341 543/646/1118 551/752/1279 559/752/1297
f 559/752/1297 551/752/1342 547/749/1343 563/749/1344
f 563/749/1303 547/749/1343 542/661/1133 555/660/1132
f 517/719/1222 541/743/1264 545/746/1267 520/720/1223
f 520/720/1345 545/746/1346 550/754/1280 524/723/1347
f 524/723/1348 550/754/1277 543/646/1118 518/649/1349
f 553/650/1285 529/653/1125 533/734/1244 556/756/1286
f 556/756/1350 533/734/1351 538/741/1352 560/759/1353
f 560/759/1296 538/741/1354 531/648/1120 554/647/1355
f 530/643/1115 519/642/1356 527/726/1237 535/726/1357
f 535/726/1357 527/726/1358 523/725/1231 539/739/1257
f 539/739/1257 523/725/1359 518/649/1360 531/648/1255
f 469/662/1134 517/719/1361 521/722/1362 472/663/1363
f 472/663/1138 521/722/1225 526/729/1364 476/666/1365
f 476/670/1365 526/728/1366 519/642/1114 470/645/1117
f 529/653/1241 482/652/1163 488/684/1166 532/732/1367
f 532/735/1242 488/680/1368 484/678/1369 536/736/1370
f 536/736/1250 484/678/1369 481/644/1116 530/643/1371
f 493/692/1180 541/743/1372 517/719/1222 469/662/1373
o Radial_cooling_vent.042
v 0.283500 0.367000 -0.296000
v 0.283500 0.367500 -0.296500
v 0.284000 0.367500 -0.296000
v 0.283500 0.367067 -0.296250
v 0.283750 0.367067 -0.296000
v 0.283739 0.367132 -0.296239
v 0.283750 0.367500 -0.296433
v 0.283500 0.367250 -0.296433
v 0.283739 0.367261 -0.296368
v 0.283933 0.367250 -0.296000
v 0.283933 0.367500 -0.296250
v 0.283868 0.367261 -0.296239
v 0.283500 0.367500 -0.296500
v 0.283500 0.368000 -0.296000
v 0.284000 0.367500 -0.296000
v 0.283500 0.367750 -0.296433
v 0.283750 0.367500 -0.296433
v 0.283739 0.367739 -0.296368
v 0.283750 0.367933 -0.296000
v 0.283500 0.367933 -0.296250
v 0.283739 0.367868 -0.296239
v 0.283933 0.367500 -0.296250
v 0.283933 0.367750 -0.296000
v 0.283868 0.367739 -0.296239
v 0.283500 0.367000 -0.294000
v 0.284000 0.367500 -0.294000
v 0.283500 0.367500 -0.293500
v 0.283750 0.367067 -0.294000
v 0.283500 0.367067 -0.293750
v 0.283739 0.367132 -0.293761
v 0.283933 0.367500 -0.293750
v 0.283933 0.367250 -0.294000
v 0.283868 0.367261 -0.293761
v 0.283500 0.367250 -0.293567
v 0.283750 0.367500 -0.293567
v 0.283739 0.367261 -0.293632
v 0.283500 0.368000 -0.294000
v 0.283500 0.367500 -0.293500
v 0.284000 0.367500 -0.294000
v 0.283500 0.367933 -0.293750
v 0.283750 0.367933 -0.294000
v 0.283739 0.367868 -0.293761
v 0.283750 0.367500 -0.293567
v 0.283500 0.367750 -0.293567
v 0.283739 0.367739 -0.293632
v 0.283933 0.367750 -0.294000
v 0.283933 0.367500 -0.293750
v 0.283868 0.367739 -0.293761
v 0.272500 0.367000 -0.296000
v 0.272000 0.367500 -0.296000
v 0.272500 0.367500 -0.296500
v 0.272250 0.367067 -0.296000
v 0.272500 0.367067 -0.296250
v 0.272261 0.367132 -0.296239
v 0.272067 0.367500 -0.296250
v 0.272067 0.367250 -0.296000
v 0.272132 0.367261 -0.296239
v 0.272500 0.367250 -0.296433
v 0.272250 0.367500 -0.296433
v 0.272261 0.367261 -0.296368
v 0.272500 0.368000 -0.296000
v 0.272500 0.367500 -0.296500
v 0.272000 0.367500 -0.296000
v 0.272500 0.367933 -0.296250
v 0.272250 0.367933 -0.296000
v 0.272261 0.367868 -0.296239
v 0.272250 0.367500 -0.296433
v 0.272500 0.367750 -0.296433
v 0.272261 0.367739 -0.296368
v 0.272067 0.367750 -0.296000
v 0.272067 0.367500 -0.296250
v 0.272132 0.367739 -0.296239
v 0.272500 0.367000 -0.294000
v 0.272500 0.367500 -0.293500
v 0.272000 0.367500 -0.294000
v 0.272500 0.367067 -0.293750
v 0.272250 0.367067 -0.294000
v 0.272261 0.367132 -0.293761
v 0.272250 0.367500 -0.293567
v 0.272500 0.367250 -0.293567
v 0.272261 0.367261 -0.293632
v 0.272067 0.367250 -0.294000
v 0.272067 0.367500 -0.293750
v 0.272132 0.367261 -0.293761
v 0.272500 0.368000 -0.294000
v 0.272000 0.367500 -0.294000
v 0.272500 0.367500 -0.293500
v 0.272250 0.367933 -0.294000
v 0.272500 0.367933 -0.293750
v 0.272261 0.367868 -0.293761
v 0.272067 0.367500 -0.293750
v 0.272067 0.367750 -0.294000
v 0.272132 0.367739 -0.293761
v 0.272500 0.367750 -0.293567
v 0.272250 0.367500 -0.293567
v 0.272261 0.367739 -0.293632
vn -0.0056 -0.2586 -0.9660
vn -0.0056 0.2586 -0.9660
vn 0.0056 0.2586 -0.9660
vn 0.0056 -0.2586 -0.9660
vn -0.9825 -0.1593 0.0962
vn -0.9858 0.0432 0.1624
vn -0.9825 0.1593 -0.0962
vn -0.9858 -0.0432 -0.1624
vn -0.0059 0.9995 0.0297
vn 0.0059 0.9995 0.0297
vn 0.0059 0.9995 -0.0297
vn -0.0059 0.9995 -0.0297
vn 0.9869 -0.1288 -0.0972
vn 0.9781 0.1302 -0.1622
vn 0.9825 0.1593 0.0962
vn 0.9858 -0.0432 0.1624
vn 0.0056 -0.2586 0.9660
vn 0.0056 0.2586 0.9660
vn -0.0056 0.2586 0.9660
vn -0.0056 -0.2586 0.9660
vn 0.0059 -0.9995 -0.0297
vn 0.0051 -0.8660 -0.5000
vn 0.4473 -0.7745 -0.4473
vn 0.4986 -0.8665 -0.0254
vn 0.0050 -0.8660 -0.5000
vn 0.0050 -0.5000 -0.8660
vn 0.4473 -0.4474 -0.7744
vn 0.4473 -0.7745 -0.4474
vn 0.0057 -0.2586 -0.9660
vn 0.4620 -0.1286 -0.8775
vn 0.4473 -0.4473 -0.7745
vn 0.0051 -0.5000 -0.8660
vn 0.4621 -0.1286 -0.8775
vn 0.8623 -0.1216 -0.4916
vn 0.7744 -0.4473 -0.4474
vn 0.4474 -0.4473 -0.7745
vn 0.9869 -0.1289 -0.0973
vn 0.8665 -0.4986 -0.0254
vn 0.7745 -0.4473 -0.4473
vn 0.8623 -0.1216 -0.4915
vn 0.8664 -0.4987 -0.0254
vn 0.4986 -0.8664 -0.0254
vn 0.4474 -0.7744 -0.4473
vn 0.7745 -0.4474 -0.4473
vn 0.4473 -0.7744 -0.4474
vn 0.4474 -0.4473 -0.7744
vn 0.7744 -0.4474 -0.4474
vn 0.0057 0.2586 -0.9660
vn 0.0051 0.5000 -0.8660
vn 0.4473 0.4473 -0.7745
vn 0.5174 0.1152 -0.8479
vn 0.0050 0.5000 -0.8660
vn 0.0050 0.8660 -0.5000
vn 0.4473 0.7744 -0.4474
vn 0.4473 0.4474 -0.7745
vn 0.0060 0.9995 -0.0297
vn 0.4986 0.8665 -0.0254
vn 0.4473 0.7745 -0.4473
vn 0.0051 0.8660 -0.5000
vn 0.4987 0.8664 -0.0254
vn 0.8664 0.4986 -0.0254
vn 0.7744 0.4474 -0.4473
vn 0.4474 0.7745 -0.4473
vn 0.9781 0.1303 -0.1622
vn 0.8623 0.1216 -0.4915
vn 0.7745 0.4473 -0.4473
vn 0.8665 0.4986 -0.0254
vn 0.8623 0.1216 -0.4916
vn 0.5175 0.1152 -0.8479
vn 0.4474 0.4473 -0.7744
vn 0.7745 0.4473 -0.4474
vn 0.4473 0.4474 -0.7744
vn 0.4474 0.7744 -0.4474
vn 0.7744 0.4473 -0.4474
vn 0.0060 -0.9995 0.0297
vn 0.4986 -0.8665 0.0254
vn 0.4473 -0.7745 0.4473
vn 0.0051 -0.8660 0.5000
vn 0.4987 -0.8664 0.0254
vn 0.8664 -0.4986 0.0254
vn 0.7744 -0.4474 0.4473
vn 0.4474 -0.7745 0.4473
vn 0.8369 0.1756 0.5183
vn 0.7745 -0.4473 0.4473
vn 0.8665 -0.4986 0.0254
vn 0.8370 0.1756 0.5183
vn 0.4558 0.2434 0.8561
vn 0.4474 -0.4473 0.7744
vn 0.7745 -0.4473 0.4474
vn 0.0057 -0.2586 0.9660
vn 0.0051 -0.5000 0.8660
vn 0.4473 -0.4473 0.7745
vn 0.4558 0.2433 0.8562
vn 0.0050 -0.5000 0.8660
vn 0.0050 -0.8660 0.5000
vn 0.4473 -0.7744 0.4474
vn 0.4473 -0.4474 0.7745
vn 0.4474 -0.7744 0.4474
vn 0.7744 -0.4473 0.4474
vn 0.4473 -0.4474 0.7744
vn 0.0051 0.8660 0.5000
vn 0.4473 0.7745 0.4473
vn 0.4986 0.8665 0.0254
vn 0.0050 0.8660 0.5000
vn 0.0050 0.5000 0.8660
vn 0.4473 0.4474 0.7744
vn 0.4473 0.7745 0.4474
vn 0.0057 0.2586 0.9660
vn 0.4452 0.5072 0.7379
vn 0.4473 0.4473 0.7745
vn 0.0051 0.5000 0.8660
vn 0.4453 0.5072 0.7379
vn 0.8518 0.3233 0.4122
vn 0.7744 0.4473 0.4474
vn 0.4474 0.4473 0.7745
vn 0.9825 0.1593 0.0963
vn 0.8665 0.4986 0.0254
vn 0.7745 0.4473 0.4473
vn 0.8519 0.3233 0.4121
vn 0.8664 0.4987 0.0254
vn 0.4986 0.8664 0.0254
vn 0.4474 0.7744 0.4473
vn 0.7745 0.4474 0.4473
vn 0.4473 0.7744 0.4474
vn 0.4474 0.4473 0.7744
vn 0.7744 0.4474 0.4474
vn -0.0060 -0.9995 -0.0297
vn -0.4986 -0.8665 -0.0254
vn -0.4473 -0.7745 -0.4473
vn -0.0051 -0.8660 -0.5000
vn -0.4987 -0.8664 -0.0254
vn -0.8664 -0.4986 -0.0254
vn -0.7744 -0.4474 -0.4473
vn -0.4474 -0.7745 -0.4473
vn -0.8369 0.1756 -0.5183
vn -0.7745 -0.4473 -0.4473
vn -0.8665 -0.4986 -0.0254
vn -0.8370 0.1756 -0.5183
vn -0.4558 0.2434 -0.8561
vn -0.4474 -0.4473 -0.7744
vn -0.7745 -0.4473 -0.4474
vn -0.0057 -0.2586 -0.9660
vn -0.0051 -0.5000 -0.8660
vn -0.4473 -0.4473 -0.7745
vn -0.4558 0.2433 -0.8562
vn -0.0050 -0.5000 -0.8660
vn -0.0050 -0.8660 -0.5000
vn -0.4473 -0.7744 -0.4474
vn -0.4473 -0.4474 -0.7745
vn -0.4474 -0.7744 -0.4474
vn -0.7744 -0.4473 -0.4474
vn -0.4473 -0.4474 -0.7744
vn -0.0051 0.8660 -0.5000
vn -0.4473 0.7745 -0.4473
vn -0.4986 0.8665 -0.0254
vn -0.0050 0.8660 -0.5000
vn -0.0050 0.5000 -0.8660
vn -0.4473 0.4474 -0.7744
vn -0.4473 0.7745 -0.4474
vn -0.0057 0.2586 -0.9660
vn -0.4452 0.5072 -0.7379
vn -0.4473 0.4473 -0.7745
vn -0.0051 0.5000 -0.8660
vn -0.4453 0.5072 -0.7379
vn -0.8518 0.3233 -0.4122
vn -0.7744 0.4473 -0.4474
vn -0.4474 0.4473 -0.7745
vn -0.9825 0.1593 -0.0963
vn -0.8665 0.4986 -0.0254
vn -0.7745 0.4473 -0.4473
vn -0.8519 0.3233 -0.4121
vn -0.8664 0.4987 -0.0254
vn -0.4986 0.8664 -0.0254
vn -0.4474 0.7744 -0.4473
vn -0.7745 0.4474 -0.4473
vn -0.4473 0.7744 -0.4474
vn -0.4474 0.4473 -0.7744
vn -0.7744 0.4474 -0.4474
vn -0.0059 -0.9995 0.0297
vn -0.0051 -0.8660 0.5000
vn -0.4473 -0.7745 0.4473
vn -0.4986 -0.8665 0.0254
vn -0.0050 -0.8660 0.5000
vn -0.0050 -0.5000 0.8660
vn -0.4473 -0.4474 0.7744
vn -0.4473 -0.7745 0.4474
vn -0.0057 -0.2586 0.9660
vn -0.4452 -0.5072 0.7379
vn -0.4473 -0.4473 0.7745
vn -0.0051 -0.5000 0.8660
vn -0.4453 -0.5072 0.7379
vn -0.8518 -0.3233 0.4122
vn -0.7744 -0.4473 0.4474
vn -0.4474 -0.4473 0.7745
vn -0.9825 -0.1593 0.0963
vn -0.8665 -0.4986 0.0254
vn -0.7745 -0.4473 0.4473
vn -0.8519 -0.3233 0.4121
vn -0.8664 -0.4987 0.0254
vn -0.4986 -0.8664 0.0254
vn -0.4474 -0.7744 0.4473
vn -0.7745 -0.4474 0.4473
vn -0.4473 -0.7744 0.4474
vn -0.4474 -0.4473 0.7744
vn -0.7744 -0.4474 0.4474
vn -0.0060 0.9995 0.0297
vn -0.4986 0.8665 0.0254
vn -0.4473 0.7745 0.4473
vn -0.0051 0.8660 0.5000
vn -0.4987 0.8664 0.0254
vn -0.8664 0.4986 0.0254
vn -0.7744 0.4474 0.4473
vn -0.4474 0.7745 0.4473
vn -0.8369 -0.1756 0.5183
vn -0.7745 0.4473 0.4473
vn -0.8665 0.4986 0.0254
vn -0.8370 -0.1756 0.5183
vn -0.4558 -0.2434 0.8561
vn -0.4474 0.4473 0.7744
vn -0.7745 0.4473 0.4474
vn -0.0057 0.2586 0.9660
vn -0.0051 0.5000 0.8660
vn -0.4473 0.4473 0.7745
vn -0.4558 -0.2433 0.8562
vn -0.0050 0.5000 0.8660
vn -0.0050 0.8660 0.5000
vn -0.4473 0.7744 0.4474
vn -0.4473 0.4474 0.7745
vn -0.4474 0.7744 0.4474
vn -0.7744 0.4473 0.4474
vn -0.4473 0.4474 0.7744
vn 0.0060 -0.9995 -0.0297
vn 0.4987 -0.8664 -0.0254
vn 0.8664 -0.4987 0.0254
vn 0.9858 -0.0433 0.1624
vn 0.8623 -0.1215 -0.4916
vn 0.8623 -0.1215 -0.4915
vn 0.8623 0.1215 -0.4915
vn 0.9869 -0.1288 -0.0973
vn 0.0060 0.9995 0.0297
vn 0.4987 0.8664 0.0254
vn 0.8664 0.4987 -0.0254
vn 0.9781 0.1302 -0.1621
vn 0.8518 0.3233 0.4121
vn 0.9858 -0.0431 0.1625
vn 0.0059 -0.9995 0.0297
vn -0.9858 0.0431 0.1625
vn -0.8518 -0.3233 0.4121
vn -0.0060 -0.9995 0.0297
vn -0.4987 -0.8664 0.0254
vn -0.8664 -0.4987 -0.0254
vn -0.9858 -0.0433 -0.1624
vn -0.0060 0.9995 -0.0297
vn -0.4987 0.8664 -0.0254
vn -0.8664 0.4987 0.0254
vn -0.9858 0.0433 0.1624
vn -0.8518 0.3233 -0.4121
vn -0.9858 -0.0431 -0.1625
vn -0.0059 -0.9995 -0.0297
vt 0.500000 0.760417
vt 0.500000 0.760417
vt 0.500000 0.989583
vt 0.500000 0.989583
vt 0.500000 0.541667
vt 0.500000 0.541667
vt 0.500000 0.708333
vt 0.500000 0.708333
vt 0.635417 0.541667
vt 0.864583 0.541667
vt 0.864583 0.708333
vt 0.635417 0.708333
vt 0.500000 0.041667
vt 0.500000 0.041667
vt 0.500000 0.208333
vt 0.500000 0.208333
vt 0.500000 0.260417
vt 0.500000 0.260417
vt 0.500000 0.489583
vt 0.500000 0.489583
vt 0.135417 0.708333
vt 0.135417 0.729139
vt 0.130435 0.728259
vt 0.130215 0.708333
vt 0.135417 0.750000
vt 0.130435 0.750000
vt 0.500000 1.000000
vt 0.375000 0.994565
vt 0.375000 0.989583
vt 0.500000 0.000000
vt 0.500000 0.020861
vt 0.375000 0.021741
vt 0.375000 0.000000
vt 0.375000 0.041667
vt 0.125000 0.708333
vt 0.125000 0.728259
vt 0.562418 0.989583
vt 0.559776 0.994565
vt 0.625000 0.989583
vt 0.625000 0.994565
vt 0.875000 0.708333
vt 0.869565 0.750000
vt 0.864583 0.750000
vt 0.625000 0.041667
vt 0.562418 0.041667
vt 0.559776 0.021741
vt 0.625000 0.000000
vt 0.500000 0.020861
vt 0.559776 0.010974
vt 0.559777 0.997257
vt 0.135417 0.541667
vt 0.130215 0.541667
vt 0.130435 0.521741
vt 0.135417 0.520861
vt 0.125000 0.541667
vt 0.125000 0.521741
vt 0.500000 0.229139
vt 0.375000 0.228259
vt 0.375000 0.208333
vt 0.500000 0.255215
vt 0.375000 0.255435
vt 0.375000 0.260417
vt 0.135417 0.500000
vt 0.130435 0.500000
vt 0.864583 0.500000
vt 0.869565 0.500000
vt 0.875000 0.541667
vt 0.625000 0.260417
vt 0.562418 0.260417
vt 0.559776 0.255435
vt 0.625000 0.255435
vt 0.500000 0.229139
vt 0.559776 0.228259
vt 0.562418 0.208333
vt 0.625000 0.208333
vt 0.625000 0.250000
vt 0.559776 0.252743
vt 0.364583 0.708333
vt 0.369785 0.708333
vt 0.369565 0.728259
vt 0.364583 0.729139
vt 0.437582 0.708333
vt 0.440224 0.728259
vt 0.500000 0.729139
vt 0.500000 0.755215
vt 0.375000 0.755435
vt 0.375000 0.760417
vt 0.364583 0.750000
vt 0.369565 0.750000
vt 0.372257 0.728259
vt 0.635417 0.750000
vt 0.630435 0.750000
vt 0.630215 0.708333
vt 0.625000 0.760417
vt 0.562418 0.760417
vt 0.559776 0.755435
vt 0.625000 0.755435
vt 0.500000 0.729139
vt 0.559776 0.728259
vt 0.562418 0.708333
vt 0.559776 0.752743
vt 0.364583 0.541667
vt 0.364583 0.520861
vt 0.369565 0.521741
vt 0.369785 0.541667
vt 0.364583 0.500000
vt 0.369565 0.500000
vt 0.500000 0.494785
vt 0.375000 0.494565
vt 0.375000 0.489583
vt 0.500000 0.520861
vt 0.440224 0.521741
vt 0.437582 0.541667
vt 0.372257 0.521741
vt 0.630215 0.541667
vt 0.630435 0.521741
vt 0.635417 0.500000
vt 0.562418 0.541667
vt 0.559776 0.521741
vt 0.559776 0.494565
vt 0.562418 0.489583
vt 0.625000 0.489583
vt 0.592079 0.494565
vt 0.592079 0.521741
vt 0.559777 0.510974
s 0
usemtl Anodized_graphite
f 615/767/1374 626/768/1375 577/769/1376 566/770/1377
f 639/771/1378 650/772/1379 627/773/1380 614/774/1381
f 649/775/1382 601/776/1383 578/777/1384 625/778/1385
f 567/779/1386 579/780/1387 603/781/1388 590/782/1389
f 591/783/1390 602/784/1391 651/785/1392 638/786/1393
f 565/787/1394 568/788/1395 570/789/1396 569/790/1397
f 568/788/1398 572/791/1399 573/792/1400 570/789/1401
f 566/770/1402 571/793/1403 573/794/1404 572/795/1405
f 571/796/1406 575/797/1407 576/798/1408 573/799/1409
f 567/779/1410 574/800/1411 576/798/1412 575/797/1413
f 574/801/1414 569/790/1415 570/789/1416 576/802/1417
f 570/789/1418 573/792/1419 576/802/1420
f 577/769/1421 580/803/1422 582/804/1423 581/793/1424
f 580/803/1425 584/805/1426 585/806/1427 582/804/1428
f 578/777/1429 583/807/1430 585/808/1431 584/809/1432
f 583/810/1433 587/811/1434 588/812/1435 585/813/1436
f 579/780/1437 586/814/1438 588/812/1439 587/811/1440
f 586/814/1441 581/796/1442 582/815/1443 588/812/1444
f 582/804/1445 585/806/1446 588/816/1447
f 589/817/1448 592/818/1449 594/819/1450 593/820/1451
f 592/818/1452 596/821/1453 597/822/1454 594/819/1455
f 590/782/1389 595/823/1456 597/824/1457 596/825/1458
f 595/823/1459 599/826/1460 600/827/1461 597/824/1462
f 591/783/1463 598/828/1464 600/827/1465 599/826/1466
f 598/829/1467 593/820/1468 594/819/1469 600/830/1470
f 594/819/1471 597/822/1472 600/830/1473
f 601/776/1383 604/831/1474 606/832/1475 605/833/1476
f 604/834/1477 608/835/1478 609/836/1479 606/837/1480
f 602/784/1481 607/826/1482 609/836/1483 608/835/1484
f 607/826/1485 611/838/1486 612/839/1487 609/836/1488
f 603/781/1489 610/840/1490 612/839/1491 611/838/1492
f 610/840/1493 605/841/1494 606/842/1495 612/839/1496
f 606/837/1497 609/836/1498 612/843/1499
f 613/844/1500 616/845/1501 618/846/1502 617/847/1503
f 616/845/1504 620/848/1505 621/849/1506 618/846/1507
f 614/774/1381 619/850/1508 621/849/1509 620/848/1510
f 619/850/1511 623/851/1512 624/852/1513 621/849/1514
f 615/767/1515 622/853/1516 624/852/1517 623/851/1518
f 622/854/1519 617/847/1520 618/846/1521 624/855/1522
f 618/846/1523 621/856/1524 624/855/1525
f 625/778/1385 628/857/1526 630/858/1527 629/859/1528
f 628/860/1529 632/861/1530 633/862/1531 630/863/1532
f 626/768/1533 631/851/1534 633/862/1535 632/861/1536
f 631/851/1537 635/864/1538 636/865/1539 633/862/1540
f 627/773/1541 634/866/1542 636/865/1543 635/864/1544
f 634/866/1545 629/859/1546 630/858/1547 636/865/1548
f 630/863/1549 633/862/1550 636/867/1551
f 637/868/1552 640/869/1553 642/870/1554 641/871/1555
f 640/869/1556 644/872/1557 645/873/1558 642/870/1559
f 638/786/1560 643/874/1561 645/875/1562 644/876/1563
f 643/874/1564 647/877/1565 648/878/1566 645/875/1567
f 639/771/1568 646/879/1569 648/878/1570 647/877/1571
f 646/879/1572 641/871/1573 642/870/1574 648/878/1575
f 642/870/1576 645/873/1577 648/880/1578
f 649/775/1579 652/881/1580 654/882/1581 653/883/1582
f 652/881/1583 656/884/1584 657/885/1585 654/882/1586
f 650/772/1379 655/877/1587 657/885/1588 656/884/1589
f 655/877/1590 659/874/1591 660/886/1592 657/885/1593
f 651/785/1594 658/887/1595 660/886/1596 659/874/1597
f 658/887/1598 653/888/1599 654/889/1600 660/886/1601
f 654/890/1602 657/885/1603 660/891/1604
f 589/817/1448 565/787/1605 569/790/1397 592/818/1449
f 592/818/1452 569/790/1606 574/801/1414 596/821/1607
f 596/825/1458 574/800/1411 567/779/1386 590/782/1608
f 566/770/1377 577/769/1421 581/793/1424 571/793/1403
f 571/796/1406 581/796/1442 586/814/1441 575/797/1609
f 575/797/1610 586/814/1611 579/780/1387 567/779/1612
f 578/777/1429 601/776/1613 605/833/1476 583/807/1430
f 583/810/1433 605/841/1614 610/840/1493 587/811/1615
f 587/811/1440 610/840/1490 603/781/1388 579/780/1616
f 602/784/1391 591/783/1390 599/826/1466 607/826/1482
f 607/826/1482 599/826/1466 595/823/1459 611/838/1617
f 611/838/1617 595/823/1459 590/782/1618 603/781/1388
f 637/868/1552 589/817/1619 593/820/1468 640/869/1556
f 640/869/1556 593/820/1468 598/829/1467 644/872/1557
f 644/876/1557 598/828/1467 591/783/1463 638/786/1560
f 601/776/1383 649/775/1382 653/883/1599 604/831/1477
f 604/834/1477 653/888/1599 658/887/1598 608/835/1478
f 608/835/1478 658/887/1598 651/785/1594 602/784/1481
f 650/772/1620 639/771/1378 647/877/1621 655/877/1590
f 655/877/1590 647/877/1621 643/874/1561 659/874/1597
f 659/874/1597 643/874/1561 638/786/1393 651/785/1392
f 613/844/1500 637/868/1622 641/871/1555 616/845/1501
f 616/845/1504 641/871/1623 646/879/1572 620/848/1624
f 620/848/1510 646/879/1569 639/771/1378 614/774/1625
f 649/775/1579 625/778/1626 629/859/1528 652/881/1580
f 652/881/1583 629/859/1627 634/866/1545 656/884/1628
f 656/884/1589 634/866/1542 627/773/1380 650/772/1629
f 626/768/1375 615/767/1374 623/851/1518 631/851/1534
f 631/851/1534 623/851/1518 619/850/1511 635/864/1630
f 635/864/1630 619/850/1511 614/774/1631 627/773/1380
f 565/787/1394 613/844/1632 617/847/1520 568/788/1398
f 568/788/1398 617/847/1520 622/854/1519 572/791/1399
f 572/795/1399 622/853/1519 615/767/1515 566/770/1402
f 625/778/1385 578/777/1384 584/809/1426 628/857/1529
f 628/860/1529 584/805/1426 580/803/1425 632/861/1530
f 632/861/1530 580/803/1425 577/769/1376 626/768/1375
f 589/817/1619 637/868/1552 613/844/1632 565/787/1394
o Radial_cooling_vent.041
v 0.285541 0.367000 -0.301616
v 0.285791 0.367500 -0.302049
v 0.285974 0.367500 -0.301366
v 0.285666 0.367067 -0.301832
v 0.285757 0.367067 -0.301491
v 0.285867 0.367132 -0.301704
v 0.285974 0.367500 -0.301866
v 0.285757 0.367250 -0.301991
v 0.285932 0.367261 -0.301815
v 0.285916 0.367250 -0.301399
v 0.286041 0.367500 -0.301616
v 0.285979 0.367261 -0.301639
v 0.285791 0.367500 -0.302049
v 0.285541 0.368000 -0.301616
v 0.285974 0.367500 -0.301366
v 0.285757 0.367750 -0.301991
v 0.285974 0.367500 -0.301866
v 0.285932 0.367739 -0.301815
v 0.285757 0.367933 -0.301491
v 0.285666 0.367933 -0.301832
v 0.285867 0.367868 -0.301704
v 0.286041 0.367500 -0.301616
v 0.285916 0.367750 -0.301399
v 0.285979 0.367739 -0.301639
v 0.284541 0.367000 -0.299884
v 0.284974 0.367500 -0.299634
v 0.284291 0.367500 -0.299451
v 0.284757 0.367067 -0.299759
v 0.284416 0.367067 -0.299668
v 0.284628 0.367132 -0.299557
v 0.284791 0.367500 -0.299451
v 0.284916 0.367250 -0.299667
v 0.284740 0.367261 -0.299493
v 0.284324 0.367250 -0.299509
v 0.284540 0.367500 -0.299384
v 0.284564 0.367261 -0.299445
v 0.284541 0.368000 -0.299884
v 0.284291 0.367500 -0.299451
v 0.284974 0.367500 -0.299634
v 0.284416 0.367933 -0.299668
v 0.284757 0.367933 -0.299759
v 0.284628 0.367868 -0.299557
v 0.284540 0.367500 -0.299384
v 0.284324 0.367750 -0.299509
v 0.284564 0.367739 -0.299445
v 0.284916 0.367750 -0.299667
v 0.284791 0.367500 -0.299451
v 0.284740 0.367739 -0.299493
v 0.276014 0.367000 -0.307116
v 0.275581 0.367500 -0.307366
v 0.276264 0.367500 -0.307549
v 0.275798 0.367067 -0.307241
v 0.276139 0.367067 -0.307332
v 0.275927 0.367132 -0.307443
v 0.275764 0.367500 -0.307549
v 0.275639 0.367250 -0.307333
v 0.275815 0.367261 -0.307507
v 0.276231 0.367250 -0.307491
v 0.276015 0.367500 -0.307616
v 0.275992 0.367261 -0.307555
v 0.276014 0.368000 -0.307116
v 0.276264 0.367500 -0.307549
v 0.275581 0.367500 -0.307366
v 0.276139 0.367933 -0.307332
v 0.275798 0.367933 -0.307241
v 0.275927 0.367868 -0.307443
v 0.276015 0.367500 -0.307616
v 0.276231 0.367750 -0.307491
v 0.275992 0.367739 -0.307555
v 0.275639 0.367750 -0.307333
v 0.275764 0.367500 -0.307549
v 0.275815 0.367739 -0.307507
v 0.275014 0.367000 -0.305384
v 0.274764 0.367500 -0.304951
v 0.274581 0.367500 -0.305634
v 0.274890 0.367067 -0.305168
v 0.274798 0.367067 -0.305509
v 0.274688 0.367132 -0.305296
v 0.274582 0.367500 -0.305134
v 0.274798 0.367250 -0.305009
v 0.274623 0.367261 -0.305185
v 0.274639 0.367250 -0.305601
v 0.274514 0.367500 -0.305384
v 0.274576 0.367261 -0.305361
v 0.275014 0.368000 -0.305384
v 0.274581 0.367500 -0.305634
v 0.274764 0.367500 -0.304951
v 0.274798 0.367933 -0.305509
v 0.274890 0.367933 -0.305168
v 0.274688 0.367868 -0.305296
v 0.274514 0.367500 -0.305384
v 0.274639 0.367750 -0.305601
v 0.274576 0.367739 -0.305361
v 0.274798 0.367750 -0.305009
v 0.274582 0.367500 -0.305134
v 0.274623 0.367739 -0.305185
vn 0.4781 -0.2586 -0.8394
vn 0.4781 0.2586 -0.8394
vn 0.4879 0.2586 -0.8337
vn 0.4879 -0.2586 -0.8337
vn -0.8990 -0.1593 -0.4080
vn -0.9349 0.0432 -0.3523
vn -0.8028 0.1593 -0.5746
vn -0.7725 -0.0432 -0.6335
vn -0.0200 0.9995 0.0227
vn -0.0097 0.9995 0.0286
vn 0.0200 0.9995 -0.0227
vn 0.0097 0.9995 -0.0286
vn 0.9033 -0.1288 0.4093
vn 0.9282 0.1302 0.3486
vn 0.8028 0.1593 0.5746
vn 0.7725 -0.0432 0.6335
vn -0.4781 -0.2586 0.8394
vn -0.4781 0.2586 0.8394
vn -0.4879 0.2586 0.8337
vn -0.4879 -0.2586 0.8337
vn 0.0200 -0.9995 -0.0228
vn 0.2544 -0.8660 -0.4305
vn 0.6111 -0.7745 -0.1637
vn 0.4445 -0.8665 0.2273
vn 0.4374 -0.5000 -0.7474
vn 0.7746 -0.4474 -0.4470
vn 0.6111 -0.7745 -0.1638
vn 0.8389 -0.1286 -0.5289
vn 0.7746 -0.4473 -0.4470
vn 0.4374 -0.5000 -0.7475
vn 0.9926 -0.1216 0.0054
vn 0.8944 -0.4473 -0.0002
vn 0.7747 -0.4473 -0.4470
vn 0.9033 -0.1289 0.4092
vn 0.7631 -0.4986 0.4112
vn 0.9926 -0.1216 0.0055
vn 0.7631 -0.4987 0.4112
vn 0.4446 -0.8664 0.2273
vn 0.6111 -0.7744 -0.1637
vn 0.8944 -0.4474 -0.0002
vn 0.6111 -0.7744 -0.1638
vn 0.8943 -0.4474 -0.0002
vn 0.4374 0.5000 -0.7474
vn 0.7746 0.4473 -0.4470
vn 0.8721 0.1152 -0.4756
vn 0.2544 0.8660 -0.4305
vn 0.6111 0.7744 -0.1638
vn 0.7746 0.4474 -0.4470
vn 0.4445 0.8665 0.2273
vn 0.6111 0.7745 -0.1638
vn 0.4446 0.8664 0.2273
vn 0.7631 0.4986 0.4112
vn 0.8943 0.4474 -0.0002
vn 0.6111 0.7745 -0.1637
vn 0.9282 0.1303 0.3486
vn 0.9926 0.1216 0.0055
vn 0.8944 0.4473 -0.0002
vn 0.9926 0.1216 0.0054
vn 0.8721 0.1152 -0.4755
vn 0.7747 0.4473 -0.4470
vn 0.6111 0.7744 -0.1637
vn -0.0097 -0.9995 0.0287
vn 0.4191 -0.8665 0.2713
vn 0.1637 -0.7745 0.6111
vn -0.2456 -0.8660 0.4355
vn 0.4191 -0.8664 0.2713
vn 0.7376 -0.4986 0.4552
vn 0.4470 -0.4474 0.7746
vn 0.1638 -0.7745 0.6111
vn 0.7725 -0.0432 0.6336
vn 0.4656 0.1756 0.8674
vn 0.4470 -0.4473 0.7746
vn 0.7377 -0.4986 0.4552
vn 0.4657 0.1756 0.8673
vn -0.0333 0.2434 0.9694
vn 0.0002 -0.4473 0.8944
vn 0.4470 -0.4473 0.7747
vn -0.4780 -0.2586 0.8394
vn -0.4286 -0.5000 0.7525
vn -0.0333 0.2433 0.9694
vn -0.2456 -0.8660 0.4356
vn 0.1637 -0.7744 0.6111
vn 0.0002 -0.4474 0.8944
vn 0.1638 -0.7744 0.6111
vn 0.0002 -0.4474 0.8943
vn -0.0097 0.9995 0.0287
vn -0.2456 0.8660 0.4356
vn 0.1638 0.7745 0.6111
vn 0.4191 0.8665 0.2713
vn -0.2457 0.8660 0.4356
vn -0.4286 0.5000 0.7525
vn 0.0002 0.4474 0.8943
vn 0.1637 0.7745 0.6111
vn -0.4780 0.2586 0.8394
vn 0.0166 0.5072 0.8617
vn 0.0002 0.4473 0.8944
vn 0.5316 0.3233 0.7829
vn 0.4470 0.4473 0.7747
vn 0.7377 0.4986 0.4552
vn 0.4470 0.4473 0.7746
vn 0.5317 0.3233 0.7828
vn 0.7376 0.4987 0.4552
vn 0.4191 0.8664 0.2714
vn 0.1638 0.7744 0.6111
vn 0.4470 0.4474 0.7746
vn 0.1637 0.7744 0.6111
vn 0.0097 -0.9995 -0.0287
vn -0.4191 -0.8665 -0.2713
vn -0.1637 -0.7745 -0.6111
vn 0.2456 -0.8660 -0.4355
vn -0.4191 -0.8664 -0.2713
vn -0.7376 -0.4986 -0.4552
vn -0.4470 -0.4474 -0.7746
vn -0.1638 -0.7745 -0.6111
vn -0.7725 -0.0432 -0.6336
vn -0.4656 0.1756 -0.8674
vn -0.4470 -0.4473 -0.7746
vn -0.7377 -0.4986 -0.4552
vn -0.4657 0.1756 -0.8673
vn 0.0333 0.2434 -0.9694
vn -0.0002 -0.4473 -0.8944
vn -0.4470 -0.4473 -0.7747
vn 0.4780 -0.2586 -0.8394
vn 0.4286 -0.5000 -0.7525
vn 0.0333 0.2433 -0.9694
vn 0.2456 -0.8660 -0.4356
vn -0.1637 -0.7744 -0.6111
vn -0.0002 -0.4474 -0.8944
vn -0.1638 -0.7744 -0.6111
vn -0.0002 -0.4474 -0.8943
vn 0.0097 0.9995 -0.0287
vn 0.2456 0.8660 -0.4356
vn -0.1638 0.7745 -0.6111
vn -0.4191 0.8665 -0.2713
vn 0.2457 0.8660 -0.4356
vn 0.4286 0.5000 -0.7525
vn -0.0002 0.4474 -0.8943
vn -0.1637 0.7745 -0.6111
vn 0.4780 0.2586 -0.8394
vn -0.0166 0.5072 -0.8617
vn -0.0002 0.4473 -0.8944
vn -0.5316 0.3233 -0.7829
vn -0.4470 0.4473 -0.7747
vn -0.7377 0.4986 -0.4552
vn -0.4470 0.4473 -0.7746
vn -0.5317 0.3233 -0.7828
vn -0.7376 0.4987 -0.4552
vn -0.4191 0.8664 -0.2714
vn -0.1638 0.7744 -0.6111
vn -0.4470 0.4474 -0.7746
vn -0.1637 0.7744 -0.6111
vn -0.0200 -0.9995 0.0228
vn -0.2544 -0.8660 0.4305
vn -0.6111 -0.7745 0.1637
vn -0.4445 -0.8665 -0.2273
vn -0.4374 -0.5000 0.7474
vn -0.7746 -0.4474 0.4470
vn -0.6111 -0.7745 0.1638
vn -0.7545 -0.5072 0.4165
vn -0.7746 -0.4473 0.4470
vn -0.4374 -0.5000 0.7475
vn -0.7546 -0.5072 0.4164
vn -0.9438 -0.3233 -0.0689
vn -0.8944 -0.4473 0.0002
vn -0.7747 -0.4473 0.4470
vn -0.8990 -0.1593 -0.4079
vn -0.7631 -0.4986 -0.4112
vn -0.9438 -0.3233 -0.0690
vn -0.7631 -0.4987 -0.4112
vn -0.4446 -0.8664 -0.2273
vn -0.6111 -0.7744 0.1637
vn -0.8944 -0.4474 0.0002
vn -0.6111 -0.7744 0.1638
vn -0.8943 -0.4474 0.0002
vn -0.4445 0.8665 -0.2273
vn -0.6111 0.7745 0.1638
vn -0.2544 0.8660 0.4305
vn -0.4446 0.8664 -0.2273
vn -0.7631 0.4986 -0.4112
vn -0.8943 0.4474 0.0002
vn -0.6111 0.7745 0.1637
vn -0.9349 0.0432 -0.3522
vn -0.9840 -0.1756 0.0304
vn -0.8944 0.4473 0.0002
vn -0.8228 -0.2434 0.5135
vn -0.7747 0.4473 0.4470
vn -0.4374 0.5000 0.7474
vn -0.7746 0.4473 0.4470
vn -0.8228 -0.2433 0.5135
vn -0.6111 0.7744 0.1638
vn -0.7746 0.4474 0.4470
vn -0.6111 0.7744 0.1637
vn 0.0200 -0.9995 -0.0227
vn 0.4192 -0.8664 0.2713
vn 0.4446 -0.8664 0.2274
vn 0.7630 -0.4987 0.4112
vn 0.7376 -0.4987 0.4552
vn 0.7631 -0.4986 0.4113
vn 0.7725 -0.0433 0.6335
vn 0.9926 -0.1215 0.0054
vn 0.9926 -0.1215 0.0055
vn 0.9926 0.1215 0.0055
vn 0.9033 -0.1288 0.4092
vn 0.4446 0.8664 0.2274
vn 0.4192 0.8664 0.2713
vn 0.7630 0.4987 0.4112
vn 0.7631 0.4986 0.4113
vn 0.0166 0.5072 0.8616
vn -0.0334 0.2433 0.9694
vn 0.5316 0.3233 0.7828
vn 0.7725 -0.0431 0.6336
vn -0.2543 -0.8660 0.4305
vn -0.2457 -0.8660 0.4356
vn -0.4287 -0.5000 0.7525
vn -0.4373 -0.5000 0.7475
vn -0.0200 0.9995 0.0228
vn -0.2543 0.8660 0.4305
vn -0.2456 0.8660 0.4355
vn -0.4373 0.5000 0.7475
vn -0.4287 0.5000 0.7525
vn -0.4374 0.5000 0.7475
vn -0.9349 0.0431 -0.3522
vn -0.9840 -0.1756 0.0303
vn -0.7545 -0.5072 0.4164
vn -0.8228 -0.2433 0.5136
vn -0.4878 0.2586 0.8338
vn -0.0200 -0.9995 0.0227
vn -0.4192 -0.8664 -0.2713
vn -0.4446 -0.8664 -0.2274
vn -0.7630 -0.4987 -0.4112
vn -0.7376 -0.4987 -0.4552
vn -0.7631 -0.4986 -0.4113
vn -0.7725 -0.0433 -0.6335
vn -0.4446 0.8664 -0.2274
vn -0.4192 0.8664 -0.2713
vn -0.7630 0.4987 -0.4112
vn -0.7631 0.4986 -0.4113
vn -0.9349 0.0433 -0.3523
vn -0.0166 0.5072 -0.8616
vn 0.0334 0.2433 -0.9694
vn -0.5316 0.3233 -0.7828
vn -0.7725 -0.0431 -0.6336
vn 0.2543 -0.8660 -0.4305
vn 0.2457 -0.8660 -0.4356
vn 0.4287 -0.5000 -0.7525
vn 0.4373 -0.5000 -0.7475
vn 0.0200 0.9995 -0.0228
vn 0.2543 0.8660 -0.4305
vn 0.2456 0.8660 -0.4355
vn 0.4373 0.5000 -0.7475
vn 0.4287 0.5000 -0.7525
vn 0.4374 0.5000 -0.7475
vn 0.4878 0.2586 -0.8338
vn -0.0097 -0.9995 0.0286
vn 0.0097 -0.9995 -0.0286
vt 0.500000 0.760417
vt 0.500000 0.760417
vt 0.500000 0.989583
vt 0.500000 0.989583
vt 0.500000 0.541667
vt 0.500000 0.541667
vt 0.500000 0.708333
vt 0.500000 0.708333
vt 0.635417 0.541667
vt 0.864583 0.541667
vt 0.864583 0.708333
vt 0.635417 0.708333
vt 0.500000 0.041667
vt 0.500000 0.041667
vt 0.500000 0.208333
vt 0.500000 0.208333
vt 0.500000 0.260417
vt 0.500000 0.260417
vt 0.500000 0.489583
vt 0.500000 0.489583
vt 0.135417 0.708333
vt 0.135417 0.729139
vt 0.130435 0.728259
vt 0.130215 0.708333
vt 0.135417 0.750000
vt 0.130435 0.750000
vt 0.500000 1.000000
vt 0.375000 0.994565
vt 0.375000 0.989583
vt 0.500000 0.000000
vt 0.500000 0.020861
vt 0.375000 0.021741
vt 0.375000 0.000000
vt 0.375000 0.041667
vt 0.125000 0.708333
vt 0.125000 0.728259
vt 0.562418 0.989583
vt 0.559776 0.994565
vt 0.625000 0.989583
vt 0.625000 0.994565
vt 0.875000 0.708333
vt 0.869565 0.750000
vt 0.864583 0.750000
vt 0.625000 0.041667
vt 0.562418 0.041667
vt 0.559776 0.021741
vt 0.625000 0.000000
vt 0.500000 0.020861
vt 0.559776 0.010974
vt 0.559777 0.997257
vt 0.135417 0.541667
vt 0.130215 0.541667
vt 0.130435 0.521741
vt 0.135417 0.520861
vt 0.125000 0.541667
vt 0.125000 0.521741
vt 0.500000 0.229139
vt 0.375000 0.228259
vt 0.375000 0.208333
vt 0.500000 0.255215
vt 0.375000 0.255435
vt 0.375000 0.260417
vt 0.135417 0.500000
vt 0.130435 0.500000
vt 0.864583 0.500000
vt 0.869565 0.500000
vt 0.875000 0.541667
vt 0.625000 0.260417
vt 0.562418 0.260417
vt 0.559776 0.255435
vt 0.625000 0.255435
vt 0.500000 0.229139
vt 0.559776 0.228259
vt 0.562418 0.208333
vt 0.625000 0.208333
vt 0.625000 0.250000
vt 0.559776 0.252743
vt 0.364583 0.708333
vt 0.369785 0.708333
vt 0.369565 0.728259
vt 0.364583 0.729139
vt 0.437582 0.708333
vt 0.440224 0.728259
vt 0.500000 0.729139
vt 0.500000 0.755215
vt 0.375000 0.755435
vt 0.375000 0.760417
vt 0.364583 0.750000
vt 0.369565 0.750000
vt 0.372257 0.728259
vt 0.635417 0.750000
vt 0.630435 0.750000
vt 0.630215 0.708333
vt 0.625000 0.760417
vt 0.562418 0.760417
vt 0.559776 0.755435
vt 0.625000 0.755435
vt 0.500000 0.729139
vt 0.559776 0.728259
vt 0.562418 0.708333
vt 0.559776 0.752743
vt 0.364583 0.541667
vt 0.364583 0.520861
vt 0.369565 0.521741
vt 0.369785 0.541667
vt 0.364583 0.500000
vt 0.369565 0.500000
vt 0.500000 0.494785
vt 0.375000 0.494565
vt 0.375000 0.489583
vt 0.500000 0.520861
vt 0.440224 0.521741
vt 0.437582 0.541667
vt 0.372257 0.521741
vt 0.630215 0.541667
vt 0.630435 0.521741
vt 0.635417 0.500000
vt 0.562418 0.541667
vt 0.559776 0.521741
vt 0.559776 0.494565
vt 0.562418 0.489583
vt 0.625000 0.489583
vt 0.592079 0.494565
vt 0.592079 0.521741
vt 0.559777 0.510974
s 0
usemtl Anodized_graphite
f 711/892/1633 722/893/1634 673/894/1635 662/895/1636
f 735/896/1637 746/897/1638 723/898/1639 710/899/1640
f 745/900/1641 697/901/1642 674/902/1643 721/903/1644
f 663/904/1645 675/905/1646 699/906/1647 686/907/1648
f 687/908/1649 698/909/1650 747/910/1651 734/911/1652
f 661/912/1653 664/913/1654 666/914/1655 665/915/1656
f 664/913/1654 668/916/1657 669/917/1658 666/914/1659
f 662/895/1636 667/918/1660 669/919/1661 668/920/1662
f 667/921/1660 671/922/1663 672/923/1664 669/924/1665
f 663/904/1666 670/925/1667 672/923/1664 671/922/1668
f 670/926/1669 665/915/1670 666/914/1671 672/927/1672
f 666/914/1673 669/917/1665 672/927/1674
f 673/894/1635 676/928/1675 678/929/1676 677/918/1677
f 676/928/1675 680/930/1678 681/931/1679 678/929/1680
f 674/902/1643 679/932/1681 681/933/1682 680/934/1678
f 679/935/1683 683/936/1684 684/937/1685 681/938/1686
f 675/905/1687 682/939/1688 684/937/1689 683/936/1684
f 682/939/1690 677/921/1691 678/940/1692 684/937/1689
f 678/929/1680 681/931/1693 684/941/1689
f 685/942/1694 688/943/1695 690/944/1696 689/945/1697
f 688/943/1698 692/946/1699 693/947/1700 690/944/1701
f 686/907/1702 691/948/1703 693/949/1704 692/950/1705
f 691/948/1706 695/951/1707 696/952/1708 693/949/1709
f 687/908/1710 694/953/1711 696/952/1708 695/951/1712
f 694/954/1711 689/945/1713 690/944/1714 696/955/1715
f 690/944/1716 693/947/1709 696/955/1717
f 697/901/1718 700/956/1719 702/957/1720 701/958/1721
f 700/959/1722 704/960/1723 705/961/1724 702/962/1725
f 698/909/1726 703/951/1727 705/961/1728 704/960/1723
f 703/951/1727 707/963/1729 708/964/1730 705/961/1728
f 699/906/1647 706/965/1731 708/964/1732 707/963/1733
f 706/965/1734 701/966/1735 702/967/1736 708/964/1737
f 702/962/1738 705/961/1728 708/968/1737
f 709/969/1739 712/970/1740 714/971/1741 713/972/1742
f 712/970/1743 716/973/1744 717/974/1745 714/971/1746
f 710/899/1747 715/975/1748 717/974/1749 716/973/1750
f 715/975/1751 719/976/1752 720/977/1753 717/974/1754
f 711/892/1755 718/978/1756 720/977/1753 719/976/1757
f 718/979/1756 713/972/1758 714/971/1759 720/980/1760
f 714/971/1761 717/981/1754 720/980/1762
f 721/903/1763 724/982/1764 726/983/1765 725/984/1766
f 724/985/1767 728/986/1768 729/987/1769 726/988/1770
f 722/893/1771 727/976/1772 729/987/1773 728/986/1768
f 727/976/1772 731/989/1774 732/990/1775 729/987/1773
f 723/898/1639 730/991/1776 732/990/1777 731/989/1778
f 730/991/1779 725/984/1780 726/983/1781 732/990/1782
f 726/988/1783 729/987/1773 732/992/1782
f 733/993/1784 736/994/1785 738/995/1786 737/996/1787
f 736/994/1785 740/997/1788 741/998/1789 738/995/1790
f 734/911/1652 739/999/1791 741/1000/1792 740/1001/1793
f 739/999/1794 743/1002/1795 744/1003/1796 741/1000/1797
f 735/896/1798 742/1004/1799 744/1003/1796 743/1002/1800
f 742/1004/1801 737/996/1802 738/995/1803 744/1003/1804
f 738/995/1805 741/998/1797 744/1005/1806
f 745/900/1641 748/1006/1807 750/1007/1808 749/1008/1809
f 748/1006/1810 752/1009/1811 753/1010/1812 750/1007/1813
f 746/897/1814 751/1002/1815 753/1010/1816 752/1009/1811
f 751/1002/1815 755/999/1817 756/1011/1818 753/1010/1816
f 747/910/1651 754/1012/1819 756/1011/1820 755/999/1821
f 754/1012/1819 749/1013/1809 750/1014/1822 756/1011/1823
f 750/1015/1824 753/1010/1816 756/1016/1823
f 685/942/1694 661/912/1825 665/915/1656 688/943/1695
f 688/943/1826 665/915/1827 670/926/1828 692/946/1829
f 692/950/1705 670/925/1830 663/904/1645 686/907/1831
f 662/895/1636 673/894/1635 677/918/1677 667/918/1660
f 667/921/1660 677/921/1691 682/939/1690 671/922/1832
f 671/922/1833 682/939/1834 675/905/1646 663/904/1835
f 674/902/1643 697/901/1718 701/958/1721 679/932/1681
f 679/935/1836 701/966/1837 706/965/1734 683/936/1838
f 683/936/1839 706/965/1731 699/906/1647 675/905/1646
f 698/909/1650 687/908/1649 695/951/1712 703/951/1840
f 703/951/1840 695/951/1841 691/948/1706 707/963/1842
f 707/963/1733 691/948/1706 686/907/1843 699/906/1647
f 733/993/1784 685/942/1694 689/945/1697 736/994/1844
f 736/994/1785 689/945/1845 694/954/1846 740/997/1847
f 740/1001/1793 694/953/1846 687/908/1649 734/911/1652
f 697/901/1718 745/900/1848 749/1008/1849 700/956/1850
f 700/959/1722 749/1013/1809 754/1012/1851 704/960/1852
f 704/960/1852 754/1012/1853 747/910/1651 698/909/1650
f 746/897/1854 735/896/1798 743/1002/1800 751/1002/1855
f 751/1002/1815 743/1002/1800 739/999/1856 755/999/1857
f 755/999/1821 739/999/1856 734/911/1652 747/910/1858
f 709/969/1739 733/993/1859 737/996/1787 712/970/1740
f 712/970/1860 737/996/1861 742/1004/1862 716/973/1863
f 716/973/1750 742/1004/1864 735/896/1637 710/899/1865
f 745/900/1641 721/903/1763 725/984/1766 748/1006/1807
f 748/1006/1866 725/984/1867 730/991/1779 752/1009/1868
f 752/1009/1869 730/991/1776 723/898/1639 746/897/1870
f 722/893/1634 711/892/1633 719/976/1757 727/976/1871
f 727/976/1871 719/976/1872 715/975/1751 731/989/1873
f 731/989/1778 715/975/1751 710/899/1874 723/898/1639
f 661/912/1653 709/969/1739 713/972/1742 664/913/1875
f 664/913/1654 713/972/1876 718/979/1877 668/916/1878
f 668/920/1662 718/978/1877 711/892/1633 662/895/1636
f 721/903/1763 674/902/1879 680/934/1880 724/982/1881
f 724/985/1767 680/930/1678 676/928/1882 728/986/1883
f 728/986/1883 676/928/1884 673/894/1885 722/893/1634
f 685/942/1886 733/993/1859 709/969/1887 661/912/1825
o Radial_cooling_vent.040
v 0.290116 0.367000 -0.305459
v 0.290549 0.367500 -0.305709
v 0.290366 0.367500 -0.305026
v 0.290332 0.367067 -0.305584
v 0.290241 0.367067 -0.305243
v 0.290443 0.367132 -0.305372
v 0.290616 0.367500 -0.305460
v 0.290491 0.367250 -0.305676
v 0.290555 0.367261 -0.305436
v 0.290333 0.367250 -0.305084
v 0.290549 0.367500 -0.305209
v 0.290507 0.367261 -0.305260
v 0.290549 0.367500 -0.305709
v 0.290116 0.368000 -0.305459
v 0.290366 0.367500 -0.305026
v 0.290491 0.367750 -0.305676
v 0.290616 0.367500 -0.305460
v 0.290555 0.367739 -0.305436
v 0.290241 0.367933 -0.305243
v 0.290332 0.367933 -0.305584
v 0.290443 0.367868 -0.305372
v 0.290549 0.367500 -0.305209
v 0.290333 0.367750 -0.305084
v 0.290507 0.367739 -0.305260
v 0.288384 0.367000 -0.304459
v 0.288634 0.367500 -0.304026
v 0.287951 0.367500 -0.304209
v 0.288509 0.367067 -0.304243
v 0.288168 0.367067 -0.304334
v 0.288296 0.367132 -0.304133
v 0.288384 0.367500 -0.303959
v 0.288601 0.367250 -0.304084
v 0.288361 0.367261 -0.304021
v 0.288009 0.367250 -0.304243
v 0.288134 0.367500 -0.304026
v 0.288185 0.367261 -0.304068
v 0.288384 0.368000 -0.304459
v 0.287951 0.367500 -0.304209
v 0.288634 0.367500 -0.304026
v 0.288168 0.367933 -0.304334
v 0.288509 0.367933 -0.304243
v 0.288296 0.367868 -0.304133
v 0.288134 0.367500 -0.304026
v 0.288009 0.367750 -0.304243
v 0.288185 0.367739 -0.304068
v 0.288601 0.367750 -0.304084
v 0.288384 0.367500 -0.303959
v 0.288361 0.367739 -0.304021
v 0.284616 0.367000 -0.314986
v 0.284366 0.367500 -0.315419
v 0.285049 0.367500 -0.315236
v 0.284491 0.367067 -0.315202
v 0.284832 0.367067 -0.315110
v 0.284704 0.367132 -0.315312
v 0.284616 0.367500 -0.315486
v 0.284399 0.367250 -0.315361
v 0.284639 0.367261 -0.315424
v 0.284991 0.367250 -0.315202
v 0.284866 0.367500 -0.315418
v 0.284815 0.367261 -0.315377
v 0.284616 0.368000 -0.314986
v 0.285049 0.367500 -0.315236
v 0.284366 0.367500 -0.315419
v 0.284832 0.367933 -0.315110
v 0.284491 0.367933 -0.315202
v 0.284704 0.367868 -0.315312
v 0.284866 0.367500 -0.315418
v 0.284991 0.367750 -0.315202
v 0.284815 0.367739 -0.315377
v 0.284399 0.367750 -0.315361
v 0.284616 0.367500 -0.315486
v 0.284639 0.367739 -0.315424
v 0.282884 0.367000 -0.313986
v 0.282451 0.367500 -0.313736
v 0.282634 0.367500 -0.314419
v 0.282668 0.367067 -0.313861
v 0.282759 0.367067 -0.314202
v 0.282557 0.367132 -0.314073
v 0.282384 0.367500 -0.313985
v 0.282509 0.367250 -0.313769
v 0.282445 0.367261 -0.314008
v 0.282667 0.367250 -0.314361
v 0.282451 0.367500 -0.314236
v 0.282493 0.367261 -0.314185
v 0.282884 0.368000 -0.313986
v 0.282634 0.367500 -0.314419
v 0.282451 0.367500 -0.313736
v 0.282759 0.367933 -0.314202
v 0.282668 0.367933 -0.313861
v 0.282557 0.367868 -0.314073
v 0.282451 0.367500 -0.314236
v 0.282667 0.367750 -0.314361
v 0.282493 0.367739 -0.314185
v 0.282509 0.367750 -0.313769
v 0.282384 0.367500 -0.313985
v 0.282445 0.367739 -0.314008
vn 0.8337 -0.2586 -0.4879
vn 0.8337 0.2586 -0.4879
vn 0.8394 0.2586 -0.4781
vn 0.8394 -0.2586 -0.4781
vn -0.5746 -0.1593 -0.8028
vn -0.6335 0.0432 -0.7725
vn -0.4080 0.1593 -0.8990
vn -0.3523 -0.0432 -0.9349
vn -0.0286 0.9995 0.0097
vn -0.0227 0.9995 0.0200
vn 0.0286 0.9995 -0.0097
vn 0.0227 0.9995 -0.0200
vn 0.5776 -0.1288 0.8061
vn 0.6295 0.1302 0.7660
vn 0.4080 0.1593 0.8990
vn 0.3523 -0.0432 0.9349
vn -0.8337 -0.2586 0.4879
vn -0.8337 0.2586 0.4879
vn -0.8394 0.2586 0.4781
vn -0.8394 -0.2586 0.4781
vn 0.0287 -0.9995 -0.0097
vn 0.4356 -0.8660 -0.2456
vn 0.6111 -0.7745 0.1638
vn 0.2713 -0.8665 0.4191
vn 0.4356 -0.8660 -0.2457
vn 0.7525 -0.5000 -0.4286
vn 0.8943 -0.4474 0.0002
vn 0.6111 -0.7745 0.1637
vn 0.8394 -0.2586 -0.4780
vn 0.9909 -0.1286 -0.0386
vn 0.8944 -0.4473 0.0002
vn 0.8569 -0.1216 0.5010
vn 0.7747 -0.4473 0.4470
vn 0.5777 -0.1289 0.8060
vn 0.4552 -0.4986 0.7377
vn 0.7746 -0.4473 0.4470
vn 0.8568 -0.1216 0.5011
vn 0.4552 -0.4987 0.7376
vn 0.2714 -0.8664 0.4191
vn 0.6111 -0.7744 0.1638
vn 0.7746 -0.4474 0.4470
vn 0.6111 -0.7744 0.1637
vn 0.8394 0.2586 -0.4780
vn 0.7525 0.5000 -0.4286
vn 0.8944 0.4473 0.0002
vn 0.9930 0.1152 0.0241
vn 0.4356 0.8660 -0.2456
vn 0.6111 0.7744 0.1637
vn 0.8944 0.4474 0.0002
vn 0.0287 0.9995 -0.0097
vn 0.2713 0.8665 0.4191
vn 0.6111 0.7745 0.1637
vn 0.4355 0.8660 -0.2456
vn 0.2713 0.8664 0.4191
vn 0.4552 0.4986 0.7376
vn 0.7746 0.4474 0.4470
vn 0.6111 0.7745 0.1638
vn 0.6295 0.1303 0.7660
vn 0.8568 0.1216 0.5011
vn 0.7746 0.4473 0.4470
vn 0.4552 0.4986 0.7377
vn 0.8569 0.1216 0.5010
vn 0.9930 0.1152 0.0243
vn 0.7747 0.4473 0.4470
vn 0.8943 0.4474 0.0002
vn 0.6111 0.7744 0.1638
vn -0.0227 -0.9995 0.0200
vn 0.2273 -0.8665 0.4445
vn -0.1638 -0.7745 0.6111
vn -0.4305 -0.8660 0.2544
vn 0.2273 -0.8664 0.4446
vn 0.4112 -0.4986 0.7631
vn -0.0002 -0.4474 0.8943
vn -0.1637 -0.7745 0.6111
vn 0.3522 -0.0432 0.9349
vn -0.0304 0.1756 0.9840
vn -0.0002 -0.4473 0.8944
vn -0.5135 0.2434 0.8228
vn -0.4470 -0.4473 0.7747
vn -0.7474 -0.5000 0.4374
vn -0.4470 -0.4473 0.7746
vn -0.5135 0.2433 0.8228
vn -0.1638 -0.7744 0.6111
vn -0.4470 -0.4474 0.7746
vn -0.1637 -0.7744 0.6111
vn -0.0228 0.9995 0.0200
vn -0.4305 0.8660 0.2544
vn -0.1637 0.7745 0.6111
vn 0.2273 0.8665 0.4445
vn -0.7474 0.5000 0.4374
vn -0.4470 0.4474 0.7746
vn -0.1638 0.7745 0.6111
vn -0.4165 0.5072 0.7545
vn -0.4470 0.4473 0.7746
vn -0.7475 0.5000 0.4374
vn -0.4164 0.5072 0.7546
vn 0.0689 0.3233 0.9438
vn -0.0002 0.4473 0.8944
vn -0.4470 0.4473 0.7747
vn 0.4079 0.1593 0.8990
vn 0.4112 0.4986 0.7631
vn 0.0690 0.3233 0.9438
vn 0.4112 0.4987 0.7631
vn 0.2273 0.8664 0.4446
vn -0.1637 0.7744 0.6111
vn -0.0002 0.4474 0.8944
vn -0.1638 0.7744 0.6111
vn -0.0002 0.4474 0.8943
vn 0.0227 -0.9995 -0.0200
vn -0.2273 -0.8665 -0.4445
vn 0.1638 -0.7745 -0.6111
vn 0.4305 -0.8660 -0.2544
vn -0.2273 -0.8664 -0.4446
vn -0.4112 -0.4986 -0.7631
vn 0.0002 -0.4474 -0.8943
vn 0.1637 -0.7745 -0.6111
vn -0.3522 -0.0432 -0.9349
vn 0.0304 0.1756 -0.9840
vn 0.0002 -0.4473 -0.8944
vn 0.5135 0.2434 -0.8228
vn 0.4470 -0.4473 -0.7747
vn 0.7474 -0.5000 -0.4374
vn 0.4470 -0.4473 -0.7746
vn 0.5135 0.2433 -0.8228
vn 0.1638 -0.7744 -0.6111
vn 0.4470 -0.4474 -0.7746
vn 0.1637 -0.7744 -0.6111
vn 0.0228 0.9995 -0.0200
vn 0.4305 0.8660 -0.2544
vn 0.1637 0.7745 -0.6111
vn -0.2273 0.8665 -0.4445
vn 0.7474 0.5000 -0.4374
vn 0.4470 0.4474 -0.7746
vn 0.1638 0.7745 -0.6111
vn 0.4165 0.5072 -0.7545
vn 0.4470 0.4473 -0.7746
vn 0.7475 0.5000 -0.4374
vn 0.4164 0.5072 -0.7546
vn -0.0689 0.3233 -0.9438
vn 0.0002 0.4473 -0.8944
vn 0.4470 0.4473 -0.7747
vn -0.4079 0.1593 -0.8990
vn -0.4112 0.4986 -0.7631
vn -0.0690 0.3233 -0.9438
vn -0.4112 0.4987 -0.7631
vn -0.2273 0.8664 -0.4446
vn 0.1637 0.7744 -0.6111
vn 0.0002 0.4474 -0.8944
vn 0.1638 0.7744 -0.6111
vn 0.0002 0.4474 -0.8943
vn -0.0287 -0.9995 0.0097
vn -0.4356 -0.8660 0.2456
vn -0.6111 -0.7745 -0.1638
vn -0.2713 -0.8665 -0.4191
vn -0.4356 -0.8660 0.2457
vn -0.7525 -0.5000 0.4286
vn -0.8943 -0.4474 -0.0002
vn -0.6111 -0.7745 -0.1637
vn -0.8394 -0.2586 0.4780
vn -0.8617 -0.5072 -0.0166
vn -0.8944 -0.4473 -0.0002
vn -0.7829 -0.3233 -0.5316
vn -0.7747 -0.4473 -0.4470
vn -0.4552 -0.4986 -0.7377
vn -0.7746 -0.4473 -0.4470
vn -0.7828 -0.3233 -0.5317
vn -0.4552 -0.4987 -0.7376
vn -0.2714 -0.8664 -0.4191
vn -0.6111 -0.7744 -0.1638
vn -0.7746 -0.4474 -0.4470
vn -0.6111 -0.7744 -0.1637
vn -0.0287 0.9995 0.0097
vn -0.2713 0.8665 -0.4191
vn -0.6111 0.7745 -0.1637
vn -0.4355 0.8660 0.2456
vn -0.2713 0.8664 -0.4191
vn -0.4552 0.4986 -0.7376
vn -0.7746 0.4474 -0.4470
vn -0.6111 0.7745 -0.1638
vn -0.6336 0.0432 -0.7725
vn -0.8674 -0.1756 -0.4656
vn -0.7746 0.4473 -0.4470
vn -0.4552 0.4986 -0.7377
vn -0.8673 -0.1756 -0.4657
vn -0.9694 -0.2434 0.0333
vn -0.8944 0.4473 -0.0002
vn -0.7747 0.4473 -0.4470
vn -0.8394 0.2586 0.4780
vn -0.7525 0.5000 0.4286
vn -0.9694 -0.2433 0.0333
vn -0.4356 0.8660 0.2456
vn -0.6111 0.7744 -0.1637
vn -0.8944 0.4474 -0.0002
vn -0.6111 0.7744 -0.1638
vn -0.8943 0.4474 -0.0002
vn 0.2274 -0.8664 0.4446
vn 0.2713 -0.8664 0.4192
vn 0.4112 -0.4987 0.7630
vn 0.4113 -0.4986 0.7631
vn 0.3523 -0.0433 0.9349
vn 0.9931 0.1152 0.0241
vn 0.9910 -0.1286 -0.0386
vn 0.9930 0.1152 0.0242
vn 0.8569 -0.1215 0.5010
vn 0.8568 -0.1215 0.5011
vn 0.8568 0.1215 0.5011
vn 0.5777 -0.1288 0.8060
vn 0.2713 0.8664 0.4192
vn 0.2274 0.8664 0.4446
vn 0.4112 0.4987 0.7630
vn 0.4552 0.4987 0.7376
vn 0.4113 0.4986 0.7631
vn -0.8338 -0.2586 0.4878
vn -0.4164 0.5072 0.7545
vn -0.5136 0.2433 0.8228
vn -0.0303 0.1756 0.9840
vn 0.3522 -0.0431 0.9349
vn -0.0228 -0.9995 0.0200
vn -0.4305 -0.8660 0.2543
vn -0.4355 -0.8660 0.2456
vn -0.7475 -0.5000 0.4373
vn -0.7525 -0.5000 0.4287
vn -0.7475 -0.5000 0.4374
vn -0.4305 0.8660 0.2543
vn -0.4356 0.8660 0.2457
vn -0.7525 0.5000 0.4287
vn -0.7475 0.5000 0.4373
vn -0.6336 0.0431 -0.7725
vn -0.7828 -0.3233 -0.5316
vn -0.8616 -0.5072 -0.0166
vn -0.9694 -0.2433 0.0334
vn -0.2274 -0.8664 -0.4446
vn -0.2713 -0.8664 -0.4192
vn -0.4112 -0.4987 -0.7630
vn -0.4113 -0.4986 -0.7631
vn -0.3523 -0.0433 -0.9349
vn -0.2713 0.8664 -0.4192
vn -0.2274 0.8664 -0.4446
vn -0.4112 0.4987 -0.7630
vn -0.4552 0.4987 -0.7376
vn -0.4113 0.4986 -0.7631
vn -0.6335 0.0433 -0.7725
vn 0.8338 -0.2586 -0.4878
vn 0.4164 0.5072 -0.7545
vn 0.5136 0.2433 -0.8228
vn 0.0303 0.1756 -0.9840
vn -0.3522 -0.0431 -0.9349
vn 0.0228 -0.9995 -0.0200
vn 0.4305 -0.8660 -0.2543
vn 0.4355 -0.8660 -0.2456
vn 0.7475 -0.5000 -0.4373
vn 0.7525 -0.5000 -0.4287
vn 0.7475 -0.5000 -0.4374
vn 0.4305 0.8660 -0.2543
vn 0.4356 0.8660 -0.2457
vn 0.7525 0.5000 -0.4287
vn 0.7475 0.5000 -0.4373
vn 0.8338 0.2586 -0.4878
vn -0.0286 -0.9995 0.0097
vn 0.0286 -0.9995 -0.0097
vt 0.500000 0.760417
vt 0.500000 0.760417
vt 0.500000 0.989583
vt 0.500000 0.989583
vt 0.500000 0.541667
vt 0.500000 0.541667
vt 0.500000 0.708333
vt 0.500000 0.708333
vt 0.635417 0.541667
vt 0.864583 0.541667
vt 0.864583 0.708333
vt 0.635417 0.708333
vt 0.500000 0.041667
vt 0.500000 0.041667
vt 0.500000 0.208333
vt 0.500000 0.208333
vt 0.500000 0.260417
vt 0.500000 0.260417
vt 0.500000 0.489583
vt 0.500000 0.489583
vt 0.135417 0.708333
vt 0.135417 0.729139
vt 0.130435 0.728259
vt 0.130215 0.708333
vt 0.135417 0.750000
vt 0.130435 0.750000
vt 0.500000 1.000000
vt 0.375000 0.994565
vt 0.375000 0.989583
vt 0.500000 0.000000
vt 0.500000 0.020861
vt 0.375000 0.021741
vt 0.375000 0.000000
vt 0.375000 0.041667
vt 0.125000 0.708333
vt 0.125000 0.728259
vt 0.562418 0.989583
vt 0.559776 0.994565
vt 0.625000 0.989583
vt 0.625000 0.994565
vt 0.875000 0.708333
vt 0.869565 0.750000
vt 0.864583 0.750000
vt 0.625000 0.041667
vt 0.562418 0.041667
vt 0.559776 0.021741
vt 0.625000 0.000000
vt 0.500000 0.020861
vt 0.559776 0.010974
vt 0.559777 0.997257
vt 0.135417 0.541667
vt 0.130215 0.541667
vt 0.130435 0.521741
vt 0.135417 0.520861
vt 0.125000 0.541667
vt 0.125000 0.521741
vt 0.500000 0.229139
vt 0.375000 0.228259
vt 0.375000 0.208333
vt 0.500000 0.255215
vt 0.375000 0.255435
vt 0.375000 0.260417
vt 0.135417 0.500000
vt 0.130435 0.500000
vt 0.864583 0.500000
vt 0.869565 0.500000
vt 0.875000 0.541667
vt 0.625000 0.260417
vt 0.562418 0.260417
vt 0.559776 0.255435
vt 0.625000 0.255435
vt 0.500000 0.229139
vt 0.559776 0.228259
vt 0.562418 0.208333
vt 0.625000 0.208333
vt 0.625000 0.250000
vt 0.559776 0.252743
vt 0.364583 0.708333
vt 0.369785 0.708333
vt 0.369565 0.728259
vt 0.364583 0.729139
vt 0.437582 0.708333
vt 0.440224 0.728259
vt 0.500000 0.729139
vt 0.500000 0.755215
vt 0.375000 0.755435
vt 0.375000 0.760417
vt 0.364583 0.750000
vt 0.369565 0.750000
vt 0.372257 0.728259
vt 0.635417 0.750000
vt 0.630435 0.750000
vt 0.630215 0.708333
vt 0.625000 0.760417
vt 0.562418 0.760417
vt 0.559776 0.755435
vt 0.625000 0.755435
vt 0.500000 0.729139
vt 0.559776 0.728259
vt 0.562418 0.708333
vt 0.559776 0.752743
vt 0.364583 0.541667
vt 0.364583 0.520861
vt 0.369565 0.521741
vt 0.369785 0.541667
vt 0.364583 0.500000
vt 0.369565 0.500000
vt 0.500000 0.494785
vt 0.375000 0.494565
vt 0.375000 0.489583
vt 0.500000 0.520861
vt 0.440224 0.521741
vt 0.437582 0.541667
vt 0.372257 0.521741
vt 0.630215 0.541667
vt 0.630435 0.521741
vt 0.635417 0.500000
vt 0.562418 0.541667
vt 0.559776 0.521741
vt 0.559776 0.494565
vt 0.562418 0.489583
vt 0.625000 0.489583
vt 0.592079 0.494565
vt 0.592079 0.521741
vt 0.559777 0.510974
s 0
usemtl Anodized_graphite
f 807/1017/1888 818/1018/1889 769/1019/1890 758/1020/1891
f 831/1021/1892 842/1022/1893 819/1023/1894 806/1024/1895
f 841/1025/1896 793/1026/1897 770/1027/1898 817/1028/1899
f 759/1029/1900 771/1030/1901 795/1031/1902 782/1032/1903
f 783/1033/1904 794/1034/1905 843/1035/1906 830/1036/1907
f 757/1037/1908 760/1038/1909 762/1039/1910 761/1040/1911
f 760/1038/1912 764/1041/1913 765/1042/1914 762/1039/1915
f 758/1020/1916 763/1043/1917 765/1044/1918 764/1045/1913
f 763/1046/1917 767/1047/1919 768/1048/1920 765/1049/1918
f 759/1029/1921 766/1050/1922 768/1048/1923 767/1047/1924
f 766/1051/1925 761/1040/1926 762/1039/1927 768/1052/1928
f 762/1039/1929 765/1042/1918 768/1052/1928
f 769/1019/1930 772/1053/1931 774/1054/1932 773/1043/1933
f 772/1053/1931 776/1055/1934 777/1056/1935 774/1054/1936
f 770/1027/1937 775/1057/1938 777/1058/1939 776/1059/1940
f 775/1060/1941 779/1061/1942 780/1062/1943 777/1063/1944
f 771/1030/1945 778/1064/1946 780/1062/1947 779/1061/1948
f 778/1064/1949 773/1046/1950 774/1065/1932 780/1062/1951
f 774/1054/1952 777/1056/1953 780/1066/1951
f 781/1067/1954 784/1068/1955 786/1069/1956 785/1070/1957
f 784/1068/1958 788/1071/1959 789/1072/1960 786/1069/1961
f 782/1032/1962 787/1073/1963 789/1074/1964 788/1075/1959
f 787/1073/1963 791/1076/1965 792/1077/1966 789/1074/1964
f 783/1033/1904 790/1078/1967 792/1077/1968 791/1076/1969
f 790/1079/1967 785/1070/1957 786/1069/1970 792/1080/1971
f 786/1069/1972 789/1072/1964 792/1080/1971
f 793/1026/1973 796/1081/1974 798/1082/1975 797/1083/1976
f 796/1084/1974 800/1085/1977 801/1086/1978 798/1087/1979
f 794/1034/1905 799/1076/1980 801/1086/1981 800/1085/1982
f 799/1076/1983 803/1088/1984 804/1089/1985 801/1086/1986
f 795/1031/1987 802/1090/1988 804/1089/1985 803/1088/1989
f 802/1090/1990 797/1091/1991 798/1092/1992 804/1089/1993
f 798/1087/1994 801/1086/1986 804/1093/1995
f 805/1094/1996 808/1095/1997 810/1096/1998 809/1097/1999
f 808/1095/2000 812/1098/2001 813/1099/2002 810/1096/2003
f 806/1024/2004 811/1100/2005 813/1099/2006 812/1098/2001
f 811/1100/2005 815/1101/2007 816/1102/2008 813/1099/2006
f 807/1017/1888 814/1103/2009 816/1102/2010 815/1101/2011
f 814/1104/2009 809/1097/1999 810/1096/2012 816/1105/2013
f 810/1096/2014 813/1106/2006 816/1105/2013
f 817/1028/2015 820/1107/2016 822/1108/2017 821/1109/2018
f 820/1110/2016 824/1111/2019 825/1112/2020 822/1113/2021
f 818/1018/1889 823/1101/2022 825/1112/2023 824/1111/2024
f 823/1101/2025 827/1114/2026 828/1115/2027 825/1112/2028
f 819/1023/2029 826/1116/2030 828/1115/2027 827/1114/2031
f 826/1116/2032 821/1109/2033 822/1108/2034 828/1115/2035
f 822/1113/2036 825/1112/2028 828/1117/2037
f 829/1118/2038 832/1119/2039 834/1120/2040 833/1121/2041
f 832/1119/2042 836/1122/2043 837/1123/2044 834/1120/2045
f 830/1036/2046 835/1124/2047 837/1125/2048 836/1126/2043
f 835/1124/2047 839/1127/2049 840/1128/2050 837/1125/2048
f 831/1021/1892 838/1129/2051 840/1128/2052 839/1127/2053
f 838/1129/2054 833/1121/2055 834/1120/2056 840/1128/2057
f 834/1120/2058 837/1123/2048 840/1130/2057
f 841/1025/2059 844/1131/2060 846/1132/2061 845/1133/2062
f 844/1131/2063 848/1134/2064 849/1135/2065 846/1132/2066
f 842/1022/2067 847/1127/2068 849/1135/2069 848/1134/2070
f 847/1127/2071 851/1124/2072 852/1136/2073 849/1135/2074
f 843/1035/2075 850/1137/2076 852/1136/2073 851/1124/2077
f 850/1137/2076 845/1138/2078 846/1139/2079 852/1136/2080
f 846/1140/2081 849/1135/2074 852/1141/2082
f 781/1067/1954 757/1037/1908 761/1040/1911 784/1068/1955
f 784/1068/2083 761/1040/2084 766/1051/1925 788/1071/2085
f 788/1075/2086 766/1050/1922 759/1029/1900 782/1032/2087
f 758/1020/1891 769/1019/1890 773/1043/2088 763/1043/1917
f 763/1046/2089 773/1046/2090 778/1064/1949 767/1047/2091
f 767/1047/2092 778/1064/2093 771/1030/1901 759/1029/2094
f 770/1027/1937 793/1026/1897 797/1083/1976 775/1057/1938
f 775/1060/2095 797/1091/2096 802/1090/2097 779/1061/2098
f 779/1061/1948 802/1090/2099 795/1031/1902 771/1030/1901
f 794/1034/1905 783/1033/2100 791/1076/1969 799/1076/2101
f 799/1076/2101 791/1076/2102 787/1073/1963 803/1088/1989
f 803/1088/1989 787/1073/2103 782/1032/2104 795/1031/1987
f 829/1118/2038 781/1067/2105 785/1070/2106 832/1119/2107
f 832/1119/2042 785/1070/1957 790/1079/2108 836/1122/2109
f 836/1126/2109 790/1078/2110 783/1033/1904 830/1036/1907
f 793/1026/1973 841/1025/2059 845/1133/2062 796/1081/2111
f 796/1084/1974 845/1138/2112 850/1137/2113 800/1085/2114
f 800/1085/1982 850/1137/2113 843/1035/1906 794/1034/1905
f 842/1022/2115 831/1021/1892 839/1127/2053 847/1127/2071
f 847/1127/2071 839/1127/2116 835/1124/2117 851/1124/2118
f 851/1124/2077 835/1124/2117 830/1036/1907 843/1035/1906
f 805/1094/1996 829/1118/2038 833/1121/2041 808/1095/1997
f 808/1095/2119 833/1121/2120 838/1129/2054 812/1098/2121
f 812/1098/2122 838/1129/2051 831/1021/1892 806/1024/2123
f 841/1025/2059 817/1028/1899 821/1109/2018 844/1131/2060
f 844/1131/2124 821/1109/2125 826/1116/2126 848/1134/2127
f 848/1134/2070 826/1116/2128 819/1023/1894 842/1022/2129
f 818/1018/1889 807/1017/2130 815/1101/2011 823/1101/2131
f 823/1101/2131 815/1101/2132 811/1100/2005 827/1114/2031
f 827/1114/2031 811/1100/2133 806/1024/2134 819/1023/2029
f 757/1037/1908 805/1094/2135 809/1097/2136 760/1038/2137
f 760/1038/1912 809/1097/1999 814/1104/2138 764/1041/2139
f 764/1045/2139 814/1103/2140 807/1017/1888 758/1020/1891
f 817/1028/2015 770/1027/1937 776/1059/1940 820/1107/2141
f 820/1110/2016 776/1055/2142 772/1053/2143 824/1111/2144
f 824/1111/2024 772/1053/2143 769/1019/1890 818/1018/2145
f 781/1067/1954 829/1118/2146 805/1094/1996 757/1037/2147
o Radial_cooling_vent.039
v 0.296000 0.367000 -0.306500
v 0.296500 0.367500 -0.306500
v 0.296000 0.367500 -0.306000
v 0.296250 0.367067 -0.306500
v 0.296000 0.367067 -0.306250
v 0.296239 0.367132 -0.306261
v 0.296433 0.367500 -0.306250
v 0.296433 0.367250 -0.306500
v 0.296368 0.367261 -0.306261
v 0.296000 0.367250 -0.306067
v 0.296250 0.367500 -0.306067
v 0.296239 0.367261 -0.306132
v 0.296500 0.367500 -0.306500
v 0.296000 0.368000 -0.306500
v 0.296000 0.367500 -0.306000
v 0.296433 0.367750 -0.306500
v 0.296433 0.367500 -0.306250
v 0.296368 0.367739 -0.306261
v 0.296000 0.367933 -0.306250
v 0.296250 0.367933 -0.306500
v 0.296239 0.367868 -0.306261
v 0.296250 0.367500 -0.306067
v 0.296000 0.367750 -0.306067
v 0.296239 0.367739 -0.306132
v 0.294000 0.367000 -0.306500
v 0.294000 0.367500 -0.306000
v 0.293500 0.367500 -0.306500
v 0.294000 0.367067 -0.306250
v 0.293750 0.367067 -0.306500
v 0.293761 0.367132 -0.306261
v 0.293750 0.367500 -0.306067
v 0.294000 0.367250 -0.306067
v 0.293761 0.367261 -0.306132
v 0.293567 0.367250 -0.306500
v 0.293567 0.367500 -0.306250
v 0.293632 0.367261 -0.306261
v 0.294000 0.368000 -0.306500
v 0.293500 0.367500 -0.306500
v 0.294000 0.367500 -0.306000
v 0.293750 0.367933 -0.306500
v 0.294000 0.367933 -0.306250
v 0.293761 0.367868 -0.306261
v 0.293567 0.367500 -0.306250
v 0.293567 0.367750 -0.306500
v 0.293632 0.367739 -0.306261
v 0.294000 0.367750 -0.306067
v 0.293750 0.367500 -0.306067
v 0.293761 0.367739 -0.306132
v 0.296000 0.367000 -0.317500
v 0.296000 0.367500 -0.318000
v 0.296500 0.367500 -0.317500
v 0.296000 0.367067 -0.317750
v 0.296250 0.367067 -0.317500
v 0.296239 0.367132 -0.317739
v 0.296250 0.367500 -0.317933
v 0.296000 0.367250 -0.317933
v 0.296239 0.367261 -0.317868
v 0.296433 0.367250 -0.317500
v 0.296433 0.367500 -0.317750
v 0.296368 0.367261 -0.317739
v 0.296000 0.368000 -0.317500
v 0.296500 0.367500 -0.317500
v 0.296000 0.367500 -0.318000
v 0.296250 0.367933 -0.317500
v 0.296000 0.367933 -0.317750
v 0.296239 0.367868 -0.317739
v 0.296433 0.367500 -0.317750
v 0.296433 0.367750 -0.317500
v 0.296368 0.367739 -0.317739
v 0.296000 0.367750 -0.317933
v 0.296250 0.367500 -0.317933
v 0.296239 0.367739 -0.317868
v 0.294000 0.367000 -0.317500
v 0.293500 0.367500 -0.317500
v 0.294000 0.367500 -0.318000
v 0.293750 0.367067 -0.317500
v 0.294000 0.367067 -0.317750
v 0.293761 0.367132 -0.317739
v 0.293567 0.367500 -0.317750
v 0.293567 0.367250 -0.317500
v 0.293632 0.367261 -0.317739
v 0.294000 0.367250 -0.317933
v 0.293750 0.367500 -0.317933
v 0.293761 0.367261 -0.317868
v 0.294000 0.368000 -0.317500
v 0.294000 0.367500 -0.318000
v 0.293500 0.367500 -0.317500
v 0.294000 0.367933 -0.317750
v 0.293750 0.367933 -0.317500
v 0.293761 0.367868 -0.317739
v 0.293750 0.367500 -0.317933
v 0.294000 0.367750 -0.317933
v 0.293761 0.367739 -0.317868
v 0.293567 0.367750 -0.317500
v 0.293567 0.367500 -0.317750
v 0.293632 0.367739 -0.317739
vn 0.9660 -0.2586 -0.0056
vn 0.9660 0.2586 -0.0056
vn 0.9660 0.2586 0.0056
vn 0.9660 -0.2586 0.0056
vn -0.0962 -0.1593 -0.9825
vn -0.1624 0.0432 -0.9858
vn 0.0962 0.1593 -0.9825
vn 0.1624 -0.0432 -0.9858
vn -0.0297 0.9995 -0.0059
vn -0.0297 0.9995 0.0059
vn 0.0297 0.9995 0.0059
vn 0.0297 0.9995 -0.0059
vn 0.0972 -0.1288 0.9869
vn 0.1622 0.1302 0.9781
vn -0.0962 0.1593 0.9825
vn -0.1624 -0.0432 0.9858
vn -0.9660 -0.2586 0.0056
vn -0.9660 0.2586 0.0056
vn -0.9660 0.2586 -0.0056
vn -0.9660 -0.2586 -0.0056
vn 0.0297 -0.9995 0.0059
vn 0.5000 -0.8660 0.0051
vn 0.4473 -0.7745 0.4473
vn 0.0254 -0.8665 0.4986
vn 0.5000 -0.8660 0.0050
vn 0.8660 -0.5000 0.0050
vn 0.7744 -0.4474 0.4473
vn 0.4474 -0.7745 0.4473
vn 0.9660 -0.2586 0.0057
vn 0.8775 -0.1286 0.4620
vn 0.7745 -0.4473 0.4473
vn 0.8660 -0.5000 0.0051
vn 0.8775 -0.1286 0.4621
vn 0.4916 -0.1216 0.8623
vn 0.4474 -0.4473 0.7744
vn 0.7745 -0.4473 0.4474
vn 0.0973 -0.1289 0.9869
vn 0.0254 -0.4986 0.8665
vn 0.4473 -0.4473 0.7745
vn 0.4915 -0.1216 0.8623
vn 0.0254 -0.4987 0.8664
vn 0.0254 -0.8664 0.4986
vn 0.4473 -0.7744 0.4474
vn 0.4473 -0.4474 0.7745
vn 0.4474 -0.7744 0.4473
vn 0.7744 -0.4473 0.4474
vn 0.4474 -0.4474 0.7744
vn 0.9660 0.2586 0.0057
vn 0.8660 0.5000 0.0051
vn 0.7745 0.4473 0.4473
vn 0.8479 0.1152 0.5174
vn 0.8660 0.5000 0.0050
vn 0.5000 0.8660 0.0050
vn 0.4474 0.7744 0.4473
vn 0.7745 0.4474 0.4473
vn 0.0297 0.9995 0.0060
vn 0.0254 0.8665 0.4986
vn 0.4473 0.7745 0.4473
vn 0.5000 0.8660 0.0051
vn 0.0254 0.8664 0.4987
vn 0.0254 0.4986 0.8664
vn 0.4473 0.4474 0.7744
vn 0.4473 0.7745 0.4474
vn 0.1622 0.1303 0.9781
vn 0.4915 0.1216 0.8624
vn 0.4473 0.4473 0.7745
vn 0.0254 0.4986 0.8665
vn 0.4916 0.1216 0.8623
vn 0.8479 0.1152 0.5175
vn 0.7744 0.4473 0.4474
vn 0.4474 0.4473 0.7745
vn 0.7744 0.4474 0.4473
vn 0.4474 0.7744 0.4474
vn 0.4474 0.4473 0.7744
vn -0.0297 -0.9995 0.0060
vn -0.0254 -0.8665 0.4986
vn -0.4473 -0.7745 0.4473
vn -0.5000 -0.8660 0.0051
vn -0.0254 -0.8664 0.4987
vn -0.0254 -0.4986 0.8664
vn -0.4473 -0.4474 0.7744
vn -0.4473 -0.7745 0.4474
vn -0.5183 0.1756 0.8369
vn -0.4473 -0.4473 0.7745
vn -0.0254 -0.4986 0.8665
vn -0.5183 0.1756 0.8370
vn -0.8561 0.2434 0.4558
vn -0.7744 -0.4473 0.4474
vn -0.4474 -0.4473 0.7745
vn -0.9660 -0.2586 0.0057
vn -0.8660 -0.5000 0.0051
vn -0.7745 -0.4473 0.4473
vn -0.8562 0.2433 0.4558
vn -0.8660 -0.5000 0.0050
vn -0.5000 -0.8660 0.0050
vn -0.4474 -0.7744 0.4473
vn -0.7745 -0.4474 0.4473
vn -0.4474 -0.7744 0.4474
vn -0.4474 -0.4473 0.7744
vn -0.7744 -0.4474 0.4473
vn -0.5000 0.8660 0.0051
vn -0.4473 0.7745 0.4473
vn -0.0254 0.8665 0.4986
vn -0.5000 0.8660 0.0050
vn -0.8660 0.5000 0.0050
vn -0.7744 0.4474 0.4473
vn -0.4474 0.7745 0.4473
vn -0.9660 0.2586 0.0057
vn -0.7379 0.5072 0.4452
vn -0.7745 0.4473 0.4473
vn -0.8660 0.5000 0.0051
vn -0.7379 0.5072 0.4453
vn -0.4122 0.3233 0.8518
vn -0.4474 0.4473 0.7744
vn -0.7745 0.4473 0.4474
vn -0.0963 0.1593 0.9825
vn -0.0254 0.4986 0.8665
vn -0.4473 0.4473 0.7745
vn -0.4121 0.3233 0.8519
vn -0.0254 0.4987 0.8664
vn -0.0254 0.8664 0.4986
vn -0.4473 0.7744 0.4474
vn -0.4473 0.4474 0.7745
vn -0.4474 0.7744 0.4473
vn -0.7744 0.4473 0.4474
vn -0.4474 0.4474 0.7744
vn 0.0297 -0.9995 -0.0060
vn 0.0254 -0.8665 -0.4986
vn 0.4473 -0.7745 -0.4473
vn 0.5000 -0.8660 -0.0051
vn 0.0254 -0.8664 -0.4987
vn 0.0254 -0.4986 -0.8664
vn 0.4473 -0.4474 -0.7744
vn 0.4473 -0.7745 -0.4474
vn 0.5183 0.1756 -0.8369
vn 0.4473 -0.4473 -0.7745
vn 0.0254 -0.4986 -0.8665
vn 0.5183 0.1756 -0.8370
vn 0.8561 0.2434 -0.4558
vn 0.7744 -0.4473 -0.4474
vn 0.4474 -0.4473 -0.7745
vn 0.9660 -0.2586 -0.0057
vn 0.8660 -0.5000 -0.0051
vn 0.7745 -0.4473 -0.4473
vn 0.8562 0.2433 -0.4558
vn 0.8660 -0.5000 -0.0050
vn 0.5000 -0.8660 -0.0050
vn 0.4474 -0.7744 -0.4473
vn 0.7745 -0.4474 -0.4473
vn 0.4474 -0.7744 -0.4474
vn 0.4474 -0.4473 -0.7744
vn 0.7744 -0.4474 -0.4473
vn 0.5000 0.8660 -0.0051
vn 0.4473 0.7745 -0.4473
vn 0.0254 0.8665 -0.4986
vn 0.5000 0.8660 -0.0050
vn 0.8660 0.5000 -0.0050
vn 0.7744 0.4474 -0.4473
vn 0.4474 0.7745 -0.4473
vn 0.9660 0.2586 -0.0057
vn 0.7379 0.5072 -0.4452
vn 0.7745 0.4473 -0.4473
vn 0.8660 0.5000 -0.0051
vn 0.7379 0.5072 -0.4453
vn 0.4122 0.3233 -0.8518
vn 0.4474 0.4473 -0.7744
vn 0.7745 0.4473 -0.4474
vn 0.0963 0.1593 -0.9825
vn 0.0254 0.4986 -0.8665
vn 0.4473 0.4473 -0.7745
vn 0.4121 0.3233 -0.8519
vn 0.0254 0.4987 -0.8664
vn 0.0254 0.8664 -0.4986
vn 0.4473 0.7744 -0.4474
vn 0.4473 0.4474 -0.7745
vn 0.4474 0.7744 -0.4473
vn 0.7744 0.4473 -0.4474
vn 0.4474 0.4474 -0.7744
vn -0.0297 -0.9995 -0.0059
vn -0.5000 -0.8660 -0.0051
vn -0.4473 -0.7745 -0.4473
vn -0.0254 -0.8665 -0.4986
vn -0.5000 -0.8660 -0.0050
vn -0.8660 -0.5000 -0.0050
vn -0.7744 -0.4474 -0.4473
vn -0.4474 -0.7745 -0.4473
vn -0.9660 -0.2586 -0.0057
vn -0.7379 -0.5072 -0.4452
vn -0.7745 -0.4473 -0.4473
vn -0.8660 -0.5000 -0.0051
vn -0.7379 -0.5072 -0.4453
vn -0.4122 -0.3233 -0.8518
vn -0.4474 -0.4473 -0.7744
vn -0.7745 -0.4473 -0.4474
vn -0.0963 -0.1593 -0.9825
vn -0.0254 -0.4986 -0.8665
vn -0.4473 -0.4473 -0.7745
vn -0.4121 -0.3233 -0.8519
vn -0.0254 -0.4987 -0.8664
vn -0.0254 -0.8664 -0.4986
vn -0.4473 -0.7744 -0.4474
vn -0.4473 -0.4474 -0.7745
vn -0.4474 -0.7744 -0.4473
vn -0.7744 -0.4473 -0.4474
vn -0.4474 -0.4474 -0.7744
vn -0.0297 0.9995 -0.0060
vn -0.0254 0.8665 -0.4986
vn -0.4473 0.7745 -0.4473
vn -0.5000 0.8660 -0.0051
vn -0.0254 0.8664 -0.4987
vn -0.0254 0.4986 -0.8664
vn -0.4473 0.4474 -0.7744
vn -0.4473 0.7745 -0.4474
vn -0.5183 -0.1756 -0.8369
vn -0.4473 0.4473 -0.7745
vn -0.0254 0.4986 -0.8665
vn -0.5183 -0.1756 -0.8370
vn -0.8561 -0.2434 -0.4558
vn -0.7744 0.4473 -0.4474
vn -0.4474 0.4473 -0.7745
vn -0.9660 0.2586 -0.0057
vn -0.8660 0.5000 -0.0051
vn -0.7745 0.4473 -0.4473
vn -0.8562 -0.2433 -0.4558
vn -0.8660 0.5000 -0.0050
vn -0.5000 0.8660 -0.0050
vn -0.4474 0.7744 -0.4473
vn -0.7745 0.4474 -0.4473
vn -0.4474 0.7744 -0.4474
vn -0.4474 0.4473 -0.7744
vn -0.7744 0.4474 -0.4473
vn 0.0297 -0.9995 0.0060
vn 0.0254 -0.8664 0.4987
vn -0.0254 -0.4987 0.8664
vn -0.1624 -0.0433 0.9858
vn 0.4916 -0.1215 0.8623
vn 0.4915 -0.1215 0.8623
vn 0.4915 0.1215 0.8623
vn 0.0973 -0.1288 0.9869
vn -0.0297 0.9995 0.0060
vn -0.0254 0.8664 0.4987
vn 0.0254 0.4987 0.8664
vn 0.1621 0.1302 0.9781
vn -0.4121 0.3233 0.8518
vn -0.1625 -0.0431 0.9858
vn -0.0297 -0.9995 0.0059
vn -0.1625 0.0431 -0.9858
vn -0.4121 -0.3233 -0.8518
vn -0.0297 -0.9995 -0.0060
vn -0.0254 -0.8664 -0.4987
vn 0.0254 -0.4987 -0.8664
vn 0.1624 -0.0433 -0.9858
vn 0.0297 0.9995 -0.0060
vn 0.0254 0.8664 -0.4987
vn -0.0254 0.4987 -0.8664
vn -0.1624 0.0433 -0.9858
vn 0.4121 0.3233 -0.8518
vn 0.1625 -0.0431 -0.9858
vn 0.0297 -0.9995 -0.0059
vt 0.500000 0.760417
vt 0.500000 0.760417
vt 0.500000 0.989583
vt 0.500000 0.989583
vt 0.500000 0.541667
vt 0.500000 0.541667
vt 0.500000 0.708333
vt 0.500000 0.708333
vt 0.635417 0.541667
vt 0.864583 0.541667
vt 0.864583 0.708333
vt 0.635417 0.708333
vt 0.500000 0.041667
vt 0.500000 0.041667
vt 0.500000 0.208333
vt 0.500000 0.208333
vt 0.500000 0.260417
vt 0.500000 0.260417
vt 0.500000 0.489583
vt 0.500000 0.489583
vt 0.135417 0.708333
vt 0.135417 0.729139
vt 0.130435 0.728259
vt 0.130215 0.708333
vt 0.135417 0.750000
vt 0.130435 0.750000
vt 0.500000 1.000000
vt 0.375000 0.994565
vt 0.375000 0.989583
vt 0.500000 0.000000
vt 0.500000 0.020861
vt 0.375000 0.021741
vt 0.375000 0.000000
vt 0.375000 0.041667
vt 0.125000 0.708333
vt 0.125000 0.728259
vt 0.562418 0.989583
vt 0.559776 0.994565
vt 0.625000 0.989583
vt 0.625000 0.994565
vt 0.875000 0.708333
vt 0.869565 0.750000
vt 0.864583 0.750000
vt 0.625000 0.041667
vt 0.562418 0.041667
vt 0.559776 0.021741
vt 0.625000 0.000000
vt 0.500000 0.020861
vt 0.559776 0.010974
vt 0.559777 0.997257
vt 0.135417 0.541667
vt 0.130215 0.541667
vt 0.130435 0.521741
vt 0.135417 0.520861
vt 0.125000 0.541667
vt 0.125000 0.521741
vt 0.500000 0.229139
vt 0.375000 0.228259
vt 0.375000 0.208333
vt 0.500000 0.255215
vt 0.375000 0.255435
vt 0.375000 0.260417
vt 0.135417 0.500000
vt 0.130435 0.500000
vt 0.864583 0.500000
vt 0.869565 0.500000
vt 0.875000 0.541667
vt 0.625000 0.260417
vt 0.562418 0.260417
vt 0.559776 0.255435
vt 0.625000 0.255435
vt 0.500000 0.229139
vt 0.559776 0.228259
vt 0.562418 0.208333
vt 0.625000 0.208333
vt 0.625000 0.250000
vt 0.559776 0.252743
vt 0.364583 0.708333
vt 0.369785 0.708333
vt 0.369565 0.728259
vt 0.364583 0.729139
vt 0.437582 0.708333
vt 0.440224 0.728259
vt 0.500000 0.729139
vt 0.500000 0.755215
vt 0.375000 0.755435
vt 0.375000 0.760417
vt 0.364583 0.750000
vt 0.369565 0.750000
vt 0.372257 0.728259
vt 0.635417 0.750000
vt 0.630435 0.750000
vt 0.630215 0.708333
vt 0.625000 0.760417
vt 0.562418 0.760417
vt 0.559776 0.755435
vt 0.625000 0.755435
vt 0.500000 0.729139
vt 0.559776 0.728259
vt 0.562418 0.708333
vt 0.559776 0.752743
vt 0.364583 0.541667
vt 0.364583 0.520861
vt 0.369565 0.521741
vt 0.369785 0.541667
vt 0.364583 0.500000
vt 0.369565 0.500000
vt 0.500000 0.494785
vt 0.375000 0.494565
vt 0.375000 0.489583
vt 0.500000 0.520861
vt 0.440224 0.521741
vt 0.437582 0.541667
vt 0.372257 0.521741
vt 0.630215 0.541667
vt 0.630435 0.521741
vt 0.635417 0.500000
vt 0.562418 0.541667
vt 0.559776 0.521741
vt 0.559776 0.494565
vt 0.562418 0.489583
vt 0.625000 0.489583
vt 0.592079 0.494565
vt 0.592079 0.521741
vt 0.559777 0.510974
s 0
usemtl Anodized_graphite
f 903/1142/2148 914/1143/2149 865/1144/2150 854/1145/2151
f 927/1146/2152 938/1147/2153 915/1148/2154 902/1149/2155
f 937/1150/2156 889/1151/2157 866/1152/2158 913/1153/2159
f 855/1154/2160 867/1155/2161 891/1156/2162 878/1157/2163
f 879/1158/2164 890/1159/2165 939/1160/2166 926/1161/2167
f 853/1162/2168 856/1163/2169 858/1164/2170 857/1165/2171
f 856/1163/2172 860/1166/2173 861/1167/2174 858/1164/2175
f 854/1145/2176 859/1168/2177 861/1169/2178 860/1170/2179
f 859/1171/2180 863/1172/2181 864/1173/2182 861/1174/2183
f 855/1154/2184 862/1175/2185 864/1173/2186 863/1172/2187
f 862/1176/2188 857/1165/2189 858/1164/2190 864/1177/2191
f 858/1164/2192 861/1167/2193 864/1177/2194
f 865/1144/2195 868/1178/2196 870/1179/2197 869/1168/2198
f 868/1178/2199 872/1180/2200 873/1181/2201 870/1179/2202
f 866/1152/2203 871/1182/2204 873/1183/2205 872/1184/2206
f 871/1185/2207 875/1186/2208 876/1187/2209 873/1188/2210
f 867/1155/2211 874/1189/2212 876/1187/2213 875/1186/2214
f 874/1189/2215 869/1171/2216 870/1190/2217 876/1187/2218
f 870/1179/2219 873/1181/2220 876/1191/2221
f 877/1192/2222 880/1193/2223 882/1194/2224 881/1195/2225
f 880/1193/2226 884/1196/2227 885/1197/2228 882/1194/2229
f 878/1157/2163 883/1198/2230 885/1199/2231 884/1200/2232
f 883/1198/2233 887/1201/2234 888/1202/2235 885/1199/2236
f 879/1158/2237 886/1203/2238 888/1202/2239 887/1201/2240
f 886/1204/2241 881/1195/2242 882/1194/2243 888/1205/2244
f 882/1194/2245 885/1197/2246 888/1205/2247
f 889/1151/2157 892/1206/2248 894/1207/2249 893/1208/2250
f 892/1209/2251 896/1210/2252 897/1211/2253 894/1212/2254
f 890/1159/2255 895/1201/2256 897/1211/2257 896/1210/2258
f 895/1201/2259 899/1213/2260 900/1214/2261 897/1211/2262
f 891/1156/2263 898/1215/2264 900/1214/2265 899/1213/2266
f 898/1215/2267 893/1216/2268 894/1217/2269 900/1214/2270
f 894/1212/2271 897/1211/2272 900/1218/2273
f 901/1219/2274 904/1220/2275 906/1221/2276 905/1222/2277
f 904/1220/2278 908/1223/2279 909/1224/2280 906/1221/2281
f 902/1149/2155 907/1225/2282 909/1224/2283 908/1223/2284
f 907/1225/2285 911/1226/2286 912/1227/2287 909/1224/2288
f 903/1142/2289 910/1228/2290 912/1227/2291 911/1226/2292
f 910/1229/2293 905/1222/2294 906/1221/2295 912/1230/2296
f 906/1221/2297 909/1231/2298 912/1230/2299
f 913/1153/2159 916/1232/2300 918/1233/2301 917/1234/2302
f 916/1235/2303 920/1236/2304 921/1237/2305 918/1238/2306
f 914/1143/2307 919/1226/2308 921/1237/2309 920/1236/2310
f 919/1226/2311 923/1239/2312 924/1240/2313 921/1237/2314
f 915/1148/2315 922/1241/2316 924/1240/2317 923/1239/2318
f 922/1241/2319 917/1234/2320 918/1233/2321 924/1240/2322
f 918/1238/2323 921/1237/2324 924/1242/2325
f 925/1243/2326 928/1244/2327 930/1245/2328 929/1246/2329
f 928/1244/2330 932/1247/2331 933/1248/2332 930/1245/2333
f 926/1161/2334 931/1249/2335 933/1250/2336 932/1251/2337
f 931/1249/2338 935/1252/2339 936/1253/2340 933/1250/2341
f 927/1146/2342 934/1254/2343 936/1253/2344 935/1252/2345
f 934/1254/2346 929/1246/2347 930/1245/2348 936/1253/2349
f 930/1245/2350 933/1248/2351 936/1255/2352
f 937/1150/2353 940/1256/2354 942/1257/2355 941/1258/2356
f 940/1256/2357 944/1259/2358 945/1260/2359 942/1257/2360
f 938/1147/2153 943/1252/2361 945/1260/2362 944/1259/2363
f 943/1252/2364 947/1249/2365 948/1261/2366 945/1260/2367
f 939/1160/2368 946/1262/2369 948/1261/2370 947/1249/2371
f 946/1262/2372 941/1263/2373 942/1264/2374 948/1261/2375
f 942/1265/2376 945/1260/2377 948/1266/2378
f 877/1192/2222 853/1162/2379 857/1165/2171 880/1193/2223
f 880/1193/2226 857/1165/2380 862/1176/2188 884/1196/2381
f 884/1200/2232 862/1175/2185 855/1154/2160 878/1157/2382
f 854/1145/2151 865/1144/2195 869/1168/2198 859/1168/2177
f 859/1171/2180 869/1171/2216 874/1189/2215 863/1172/2383
f 863/1172/2384 874/1189/2385 867/1155/2161 855/1154/2386
f 866/1152/2203 889/1151/2387 893/1208/2250 871/1182/2204
f 871/1185/2207 893/1216/2388 898/1215/2267 875/1186/2389
f 875/1186/2214 898/1215/2264 891/1156/2162 867/1155/2390
f 890/1159/2165 879/1158/2164 887/1201/2240 895/1201/2256
f 895/1201/2256 887/1201/2240 883/1198/2233 899/1213/2391
f 899/1213/2391 883/1198/2233 878/1157/2392 891/1156/2162
f 925/1243/2326 877/1192/2393 881/1195/2242 928/1244/2330
f 928/1244/2330 881/1195/2242 886/1204/2241 932/1247/2331
f 932/1251/2331 886/1203/2241 879/1158/2237 926/1161/2334
f 889/1151/2157 937/1150/2156 941/1258/2373 892/1206/2251
f 892/1209/2251 941/1263/2373 946/1262/2372 896/1210/2252
f 896/1210/2252 946/1262/2372 939/1160/2368 890/1159/2255
f 938/1147/2394 927/1146/2152 935/1252/2395 943/1252/2364
f 943/1252/2364 935/1252/2395 931/1249/2335 947/1249/2371
f 947/1249/2371 931/1249/2335 926/1161/2167 939/1160/2166
f 901/1219/2274 925/1243/2396 929/1246/2329 904/1220/2275
f 904/1220/2278 929/1246/2397 934/1254/2346 908/1223/2398
f 908/1223/2284 934/1254/2343 927/1146/2152 902/1149/2399
f 937/1150/2353 913/1153/2400 917/1234/2302 940/1256/2354
f 940/1256/2357 917/1234/2401 922/1241/2319 944/1259/2402
f 944/1259/2363 922/1241/2316 915/1148/2154 938/1147/2403
f 914/1143/2149 903/1142/2148 911/1226/2292 919/1226/2308
f 919/1226/2308 911/1226/2292 907/1225/2285 923/1239/2404
f 923/1239/2404 907/1225/2285 902/1149/2405 915/1148/2154
f 853/1162/2168 901/1219/2406 905/1222/2294 856/1163/2172
f 856/1163/2172 905/1222/2294 910/1229/2293 860/1166/2173
f 860/1170/2173 910/1228/2293 903/1142/2289 854/1145/2176
f 913/1153/2159 866/1152/2158 872/1184/2200 916/1232/2303
f 916/1235/2303 872/1180/2200 868/1178/2199 920/1236/2304
f 920/1236/2304 868/1178/2199 865/1144/2150 914/1143/2149
f 877/1192/2393 925/1243/2326 901/1219/2406 853/1162/2168
o Radial_cooling_vent.038
v 0.301616 0.367000 -0.304459
v 0.302049 0.367500 -0.304209
v 0.301366 0.367500 -0.304026
v 0.301832 0.367067 -0.304334
v 0.301491 0.367067 -0.304243
v 0.301704 0.367132 -0.304133
v 0.301866 0.367500 -0.304026
v 0.301991 0.367250 -0.304243
v 0.301815 0.367261 -0.304068
v 0.301399 0.367250 -0.304084
v 0.301616 0.367500 -0.303959
v 0.301639 0.367261 -0.304021
v 0.302049 0.367500 -0.304209
v 0.301616 0.368000 -0.304459
v 0.301366 0.367500 -0.304026
v 0.301991 0.367750 -0.304243
v 0.301866 0.367500 -0.304026
v 0.301815 0.367739 -0.304068
v 0.301491 0.367933 -0.304243
v 0.301832 0.367933 -0.304334
v 0.301704 0.367868 -0.304133
v 0.301616 0.367500 -0.303959
v 0.301399 0.367750 -0.304084
v 0.301639 0.367739 -0.304021
v 0.299884 0.367000 -0.305459
v 0.299634 0.367500 -0.305026
v 0.299451 0.367500 -0.305709
v 0.299759 0.367067 -0.305243
v 0.299668 0.367067 -0.305584
v 0.299557 0.367132 -0.305372
v 0.299451 0.367500 -0.305209
v 0.299667 0.367250 -0.305084
v 0.299493 0.367261 -0.305260
v 0.299509 0.367250 -0.305676
v 0.299384 0.367500 -0.305460
v 0.299445 0.367261 -0.305436
v 0.299884 0.368000 -0.305459
v 0.299451 0.367500 -0.305709
v 0.299634 0.367500 -0.305026
v 0.299668 0.367933 -0.305584
v 0.299759 0.367933 -0.305243
v 0.299557 0.367868 -0.305372
v 0.299384 0.367500 -0.305460
v 0.299509 0.367750 -0.305676
v 0.299445 0.367739 -0.305436
v 0.299667 0.367750 -0.305084
v 0.299451 0.367500 -0.305209
v 0.299493 0.367739 -0.305260
v 0.307116 0.367000 -0.313986
v 0.307366 0.367500 -0.314419
v 0.307549 0.367500 -0.313736
v 0.307241 0.367067 -0.314202
v 0.307332 0.367067 -0.313861
v 0.307443 0.367132 -0.314073
v 0.307549 0.367500 -0.314236
v 0.307333 0.367250 -0.314361
v 0.307507 0.367261 -0.314185
v 0.307491 0.367250 -0.313769
v 0.307616 0.367500 -0.313985
v 0.307555 0.367261 -0.314008
v 0.307116 0.368000 -0.313986
v 0.307549 0.367500 -0.313736
v 0.307366 0.367500 -0.314419
v 0.307332 0.367933 -0.313861
v 0.307241 0.367933 -0.314202
v 0.307443 0.367868 -0.314073
v 0.307616 0.367500 -0.313985
v 0.307491 0.367750 -0.313769
v 0.307555 0.367739 -0.314008
v 0.307333 0.367750 -0.314361
v 0.307549 0.367500 -0.314236
v 0.307507 0.367739 -0.314185
v 0.305384 0.367000 -0.314986
v 0.304951 0.367500 -0.315236
v 0.305634 0.367500 -0.315419
v 0.305168 0.367067 -0.315110
v 0.305509 0.367067 -0.315202
v 0.305296 0.367132 -0.315312
v 0.305134 0.367500 -0.315418
v 0.305009 0.367250 -0.315202
v 0.305185 0.367261 -0.315377
v 0.305601 0.367250 -0.315361
v 0.305384 0.367500 -0.315486
v 0.305361 0.367261 -0.315424
v 0.305384 0.368000 -0.314986
v 0.305634 0.367500 -0.315419
v 0.304951 0.367500 -0.315236
v 0.305509 0.367933 -0.315202
v 0.305168 0.367933 -0.315110
v 0.305296 0.367868 -0.315312
v 0.305384 0.367500 -0.315486
v 0.305601 0.367750 -0.315361
v 0.305361 0.367739 -0.315424
v 0.305009 0.367750 -0.315202
v 0.305134 0.367500 -0.315418
v 0.305185 0.367739 -0.315377
vn 0.8394 -0.2586 0.4781
vn 0.8394 0.2586 0.4781
vn 0.8337 0.2586 0.4879
vn 0.8337 -0.2586 0.4879
vn 0.4080 -0.1593 -0.8990
vn 0.3523 0.0432 -0.9349
vn 0.5746 0.1593 -0.8028
vn 0.6335 -0.0432 -0.7725
vn -0.0227 0.9995 -0.0200
vn -0.0286 0.9995 -0.0097
vn 0.0227 0.9995 0.0200
vn 0.0286 0.9995 0.0097
vn -0.4093 -0.1288 0.9033
vn -0.3486 0.1302 0.9282
vn -0.5746 0.1593 0.8028
vn -0.6335 -0.0432 0.7725
vn -0.8394 -0.2586 -0.4781
vn -0.8394 0.2586 -0.4781
vn -0.8337 0.2586 -0.4879
vn -0.8337 -0.2586 -0.4879
vn 0.0228 -0.9995 0.0200
vn 0.4305 -0.8660 0.2544
vn 0.1637 -0.7745 0.6111
vn -0.2273 -0.8665 0.4445
vn 0.7474 -0.5000 0.4374
vn 0.4470 -0.4474 0.7746
vn 0.1638 -0.7745 0.6111
vn 0.5289 -0.1286 0.8389
vn 0.4470 -0.4473 0.7746
vn 0.7475 -0.5000 0.4374
vn -0.0054 -0.1216 0.9926
vn 0.0002 -0.4473 0.8944
vn 0.4470 -0.4473 0.7747
vn -0.4092 -0.1289 0.9033
vn -0.4112 -0.4986 0.7631
vn -0.0055 -0.1216 0.9926
vn -0.4112 -0.4987 0.7631
vn -0.2273 -0.8664 0.4446
vn 0.1637 -0.7744 0.6111
vn 0.0002 -0.4474 0.8944
vn 0.1638 -0.7744 0.6111
vn 0.0002 -0.4474 0.8943
vn 0.7474 0.5000 0.4374
vn 0.4470 0.4473 0.7746
vn 0.4756 0.1152 0.8721
vn 0.4305 0.8660 0.2544
vn 0.1638 0.7744 0.6111
vn 0.4470 0.4474 0.7746
vn -0.2273 0.8665 0.4445
vn 0.1638 0.7745 0.6111
vn -0.2273 0.8664 0.4446
vn -0.4112 0.4986 0.7631
vn 0.0002 0.4474 0.8943
vn 0.1637 0.7745 0.6111
vn -0.3486 0.1303 0.9282
vn -0.0055 0.1216 0.9926
vn 0.0002 0.4473 0.8944
vn -0.0054 0.1216 0.9926
vn 0.4755 0.1152 0.8721
vn 0.4470 0.4473 0.7747
vn 0.1637 0.7744 0.6111
vn -0.0287 -0.9995 -0.0097
vn -0.2713 -0.8665 0.4191
vn -0.6111 -0.7745 0.1637
vn -0.4355 -0.8660 -0.2456
vn -0.2713 -0.8664 0.4191
vn -0.4552 -0.4986 0.7376
vn -0.7746 -0.4474 0.4470
vn -0.6111 -0.7745 0.1638
vn -0.6336 -0.0432 0.7725
vn -0.8674 0.1756 0.4656
vn -0.7746 -0.4473 0.4470
vn -0.4552 -0.4986 0.7377
vn -0.8673 0.1756 0.4657
vn -0.9694 0.2434 -0.0333
vn -0.8944 -0.4473 0.0002
vn -0.7747 -0.4473 0.4470
vn -0.8394 -0.2586 -0.4780
vn -0.7525 -0.5000 -0.4286
vn -0.9694 0.2433 -0.0333
vn -0.4356 -0.8660 -0.2456
vn -0.6111 -0.7744 0.1637
vn -0.8944 -0.4474 0.0002
vn -0.6111 -0.7744 0.1638
vn -0.8943 -0.4474 0.0002
vn -0.0287 0.9995 -0.0097
vn -0.4356 0.8660 -0.2456
vn -0.6111 0.7745 0.1638
vn -0.2713 0.8665 0.4191
vn -0.4356 0.8660 -0.2457
vn -0.7525 0.5000 -0.4286
vn -0.8943 0.4474 0.0002
vn -0.6111 0.7745 0.1637
vn -0.8394 0.2586 -0.4780
vn -0.8617 0.5072 0.0166
vn -0.8944 0.4473 0.0002
vn -0.7829 0.3233 0.5316
vn -0.7747 0.4473 0.4470
vn -0.4552 0.4986 0.7377
vn -0.7746 0.4473 0.4470
vn -0.7828 0.3233 0.5317
vn -0.4552 0.4987 0.7376
vn -0.2714 0.8664 0.4191
vn -0.6111 0.7744 0.1638
vn -0.7746 0.4474 0.4470
vn -0.6111 0.7744 0.1637
vn 0.0287 -0.9995 0.0097
vn 0.2713 -0.8665 -0.4191
vn 0.6111 -0.7745 -0.1637
vn 0.4355 -0.8660 0.2456
vn 0.2713 -0.8664 -0.4191
vn 0.4552 -0.4986 -0.7376
vn 0.7746 -0.4474 -0.4470
vn 0.6111 -0.7745 -0.1638
vn 0.6336 -0.0432 -0.7725
vn 0.8674 0.1756 -0.4656
vn 0.7746 -0.4473 -0.4470
vn 0.4552 -0.4986 -0.7377
vn 0.8673 0.1756 -0.4657
vn 0.9694 0.2434 0.0333
vn 0.8944 -0.4473 -0.0002
vn 0.7747 -0.4473 -0.4470
vn 0.8394 -0.2586 0.4780
vn 0.7525 -0.5000 0.4286
vn 0.9694 0.2433 0.0333
vn 0.4356 -0.8660 0.2456
vn 0.6111 -0.7744 -0.1637
vn 0.8944 -0.4474 -0.0002
vn 0.6111 -0.7744 -0.1638
vn 0.8943 -0.4474 -0.0002
vn 0.0287 0.9995 0.0097
vn 0.4356 0.8660 0.2456
vn 0.6111 0.7745 -0.1638
vn 0.2713 0.8665 -0.4191
vn 0.4356 0.8660 0.2457
vn 0.7525 0.5000 0.4286
vn 0.8943 0.4474 -0.0002
vn 0.6111 0.7745 -0.1637
vn 0.8394 0.2586 0.4780
vn 0.8617 0.5072 -0.0166
vn 0.8944 0.4473 -0.0002
vn 0.7829 0.3233 -0.5316
vn 0.7747 0.4473 -0.4470
vn 0.4552 0.4986 -0.7377
vn 0.7746 0.4473 -0.4470
vn 0.7828 0.3233 -0.5317
vn 0.4552 0.4987 -0.7376
vn 0.2714 0.8664 -0.4191
vn 0.6111 0.7744 -0.1638
vn 0.7746 0.4474 -0.4470
vn 0.6111 0.7744 -0.1637
vn -0.0228 -0.9995 -0.0200
vn -0.4305 -0.8660 -0.2544
vn -0.1637 -0.7745 -0.6111
vn 0.2273 -0.8665 -0.4445
vn -0.7474 -0.5000 -0.4374
vn -0.4470 -0.4474 -0.7746
vn -0.1638 -0.7745 -0.6111
vn -0.4165 -0.5072 -0.7545
vn -0.4470 -0.4473 -0.7746
vn -0.7475 -0.5000 -0.4374
vn -0.4164 -0.5072 -0.7546
vn 0.0689 -0.3233 -0.9438
vn -0.0002 -0.4473 -0.8944
vn -0.4470 -0.4473 -0.7747
vn 0.4079 -0.1593 -0.8990
vn 0.4112 -0.4986 -0.7631
vn 0.0690 -0.3233 -0.9438
vn 0.4112 -0.4987 -0.7631
vn 0.2273 -0.8664 -0.4446
vn -0.1637 -0.7744 -0.6111
vn -0.0002 -0.4474 -0.8944
vn -0.1638 -0.7744 -0.6111
vn -0.0002 -0.4474 -0.8943
vn 0.2273 0.8665 -0.4445
vn -0.1638 0.7745 -0.6111
vn -0.4305 0.8660 -0.2544
vn 0.2273 0.8664 -0.4446
vn 0.4112 0.4986 -0.7631
vn -0.0002 0.4474 -0.8943
vn -0.1637 0.7745 -0.6111
vn 0.3522 0.0432 -0.9349
vn -0.0304 -0.1756 -0.9840
vn -0.0002 0.4473 -0.8944
vn -0.5135 -0.2434 -0.8228
vn -0.4470 0.4473 -0.7747
vn -0.7474 0.5000 -0.4374
vn -0.4470 0.4473 -0.7746
vn -0.5135 -0.2433 -0.8228
vn -0.1638 0.7744 -0.6111
vn -0.4470 0.4474 -0.7746
vn -0.1637 0.7744 -0.6111
vn 0.0227 -0.9995 0.0200
vn -0.2713 -0.8664 0.4192
vn -0.2274 -0.8664 0.4446
vn -0.4112 -0.4987 0.7630
vn -0.4552 -0.4987 0.7376
vn -0.4113 -0.4986 0.7631
vn -0.6335 -0.0433 0.7725
vn -0.0054 -0.1215 0.9926
vn -0.0055 -0.1215 0.9926
vn -0.0055 0.1215 0.9926
vn -0.4092 -0.1288 0.9033
vn -0.2274 0.8664 0.4446
vn -0.2713 0.8664 0.4192
vn -0.4112 0.4987 0.7630
vn -0.4113 0.4986 0.7631
vn -0.8616 0.5072 0.0166
vn -0.9694 0.2433 -0.0334
vn -0.7828 0.3233 0.5316
vn -0.6336 -0.0431 0.7725
vn -0.4305 -0.8660 -0.2543
vn -0.4356 -0.8660 -0.2457
vn -0.7525 -0.5000 -0.4287
vn -0.7475 -0.5000 -0.4373
vn -0.0228 0.9995 -0.0200
vn -0.4305 0.8660 -0.2543
vn -0.4355 0.8660 -0.2456
vn -0.7475 0.5000 -0.4373
vn -0.7525 0.5000 -0.4287
vn -0.7475 0.5000 -0.4374
vn 0.3522 0.0431 -0.9349
vn -0.0303 -0.1756 -0.9840
vn -0.4164 -0.5072 -0.7545
vn -0.5136 -0.2433 -0.8228
vn -0.8338 0.2586 -0.4878
vn -0.0227 -0.9995 -0.0200
vn 0.2713 -0.8664 -0.4192
vn 0.2274 -0.8664 -0.4446
vn 0.4112 -0.4987 -0.7630
vn 0.4552 -0.4987 -0.7376
vn 0.4113 -0.4986 -0.7631
vn 0.6335 -0.0433 -0.7725
vn 0.2274 0.8664 -0.4446
vn 0.2713 0.8664 -0.4192
vn 0.4112 0.4987 -0.7630
vn 0.4113 0.4986 -0.7631
vn 0.3523 0.0433 -0.9349
vn 0.8616 0.5072 -0.0166
vn 0.9694 0.2433 0.0334
vn 0.7828 0.3233 -0.5316
vn 0.6336 -0.0431 -0.7725
vn 0.4305 -0.8660 0.2543
vn 0.4356 -0.8660 0.2457
vn 0.7525 -0.5000 0.4287
vn 0.7475 -0.5000 0.4373
vn 0.0228 0.9995 0.0200
vn 0.4305 0.8660 0.2543
vn 0.4355 0.8660 0.2456
vn 0.7475 0.5000 0.4373
vn 0.7525 0.5000 0.4287
vn 0.7475 0.5000 0.4374
vn 0.8338 0.2586 0.4878
vn -0.0286 -0.9995 -0.0097
vn 0.0286 -0.9995 0.0097
vt 0.500000 0.760417
vt 0.500000 0.760417
vt 0.500000 0.989583
vt 0.500000 0.989583
vt 0.500000 0.541667
vt 0.500000 0.541667
vt 0.500000 0.708333
vt 0.500000 0.708333
vt 0.635417 0.541667
vt 0.864583 0.541667
vt 0.864583 0.708333
vt 0.635417 0.708333
vt 0.500000 0.041667
vt 0.500000 0.041667
vt 0.500000 0.208333
vt 0.500000 0.208333
vt 0.500000 0.260417
vt 0.500000 0.260417
vt 0.500000 0.489583
vt 0.500000 0.489583
vt 0.135417 0.708333
vt 0.135417 0.729139
vt 0.130435 0.728259
vt 0.130215 0.708333
vt 0.135417 0.750000
vt 0.130435 0.750000
vt 0.500000 1.000000
vt 0.375000 0.994565
vt 0.375000 0.989583
vt 0.500000 0.000000
vt 0.500000 0.020861
vt 0.375000 0.021741
vt 0.375000 0.000000
vt 0.375000 0.041667
vt 0.125000 0.708333
vt 0.125000 0.728259
vt 0.562418 0.989583
vt 0.559776 0.994565
vt 0.625000 0.989583
vt 0.625000 0.994565
vt 0.875000 0.708333
vt 0.869565 0.750000
vt 0.864583 0.750000
vt 0.625000 0.041667
vt 0.562418 0.041667
vt 0.559776 0.021741
vt 0.625000 0.000000
vt 0.500000 0.020861
vt 0.559776 0.010974
vt 0.559777 0.997257
vt 0.135417 0.541667
vt 0.130215 0.541667
vt 0.130435 0.521741
vt 0.135417 0.520861
vt 0.125000 0.541667
vt 0.125000 0.521741
vt 0.500000 0.229139
vt 0.375000 0.228259
vt 0.375000 0.208333
vt 0.500000 0.255215
vt 0.375000 0.255435
vt 0.375000 0.260417
vt 0.135417 0.500000
vt 0.130435 0.500000
vt 0.864583 0.500000
vt 0.869565 0.500000
vt 0.875000 0.541667
vt 0.625000 0.260417
vt 0.562418 0.260417
vt 0.559776 0.255435
vt 0.625000 0.255435
vt 0.500000 0.229139
vt 0.559776 0.228259
vt 0.562418 0.208333
vt 0.625000 0.208333
vt 0.625000 0.250000
vt 0.559776 0.252743
vt 0.364583 0.708333
vt 0.369785 0.708333
vt 0.369565 0.728259
vt 0.364583 0.729139
vt 0.437582 0.708333
vt 0.440224 0.728259
vt 0.500000 0.729139
vt 0.500000 0.755215
vt 0.375000 0.755435
vt 0.375000 0.760417
vt 0.364583 0.750000
vt 0.369565 0.750000
vt 0.372257 0.728259
vt 0.635417 0.750000
vt 0.630435 0.750000
vt 0.630215 0.708333
vt 0.625000 0.760417
vt 0.562418 0.760417
vt 0.559776 0.755435
vt 0.625000 0.755435
vt 0.500000 0.729139
vt 0.559776 0.728259
vt 0.562418 0.708333
vt 0.559776 0.752743
vt 0.364583 0.541667
vt 0.364583 0.520861
vt 0.369565 0.521741
vt 0.369785 0.541667
vt 0.364583 0.500000
vt 0.369565 0.500000
vt 0.500000 0.494785
vt 0.375000 0.494565
vt 0.375000 0.489583
vt 0.500000 0.520861
vt 0.440224 0.521741
vt 0.437582 0.541667
vt 0.372257 0.521741
vt 0.630215 0.541667
vt 0.630435 0.521741
vt 0.635417 0.500000
vt 0.562418 0.541667
vt 0.559776 0.521741
vt 0.559776 0.494565
vt 0.562418 0.489583
vt 0.625000 0.489583
vt 0.592079 0.494565
vt 0.592079 0.521741
vt 0.559777 0.510974
s 0
usemtl Anodized_graphite
f 999/1267/2407 1010/1268/2408 961/1269/2409 950/1270/2410
f 1023/1271/2411 1034/1272/2412 1011/1273/2413 998/1274/2414
f 1033/1275/2415 985/1276/2416 962/1277/2417 1009/1278/2418
f 951/1279/2419 963/1280/2420 987/1281/2421 974/1282/2422
f 975/1283/2423 986/1284/2424 1035/1285/2425 1022/1286/2426
f 949/1287/2427 952/1288/2428 954/1289/2429 953/1290/2430
f 952/1288/2428 956/1291/2431 957/1292/2432 954/1289/2433
f 950/1270/2410 955/1293/2434 957/1294/2435 956/1295/2436
f 955/1296/2434 959/1297/2437 960/1298/2438 957/1299/2439
f 951/1279/2440 958/1300/2441 960/1298/2438 959/1297/2442
f 958/1301/2443 953/1290/2444 954/1289/2445 960/1302/2446
f 954/1289/2447 957/1292/2439 960/1302/2448
f 961/1269/2409 964/1303/2449 966/1304/2450 965/1293/2451
f 964/1303/2449 968/1305/2452 969/1306/2453 966/1304/2454
f 962/1277/2417 967/1307/2455 969/1308/2456 968/1309/2452
f 967/1310/2457 971/1311/2458 972/1312/2459 969/1313/2460
f 963/1280/2461 970/1314/2462 972/1312/2463 971/1311/2458
f 970/1314/2464 965/1296/2465 966/1315/2466 972/1312/2463
f 966/1304/2454 969/1306/2467 972/1316/2463
f 973/1317/2468 976/1318/2469 978/1319/2470 977/1320/2471
f 976/1318/2472 980/1321/2473 981/1322/2474 978/1319/2475
f 974/1282/2476 979/1323/2477 981/1324/2478 980/1325/2479
f 979/1323/2480 983/1326/2481 984/1327/2482 981/1324/2483
f 975/1283/2484 982/1328/2485 984/1327/2482 983/1326/2486
f 982/1329/2485 977/1320/2487 978/1319/2488 984/1330/2489
f 978/1319/2490 981/1322/2483 984/1330/2491
f 985/1276/2492 988/1331/2493 990/1332/2494 989/1333/2495
f 988/1334/2496 992/1335/2497 993/1336/2498 990/1337/2499
f 986/1284/2500 991/1326/2501 993/1336/2502 992/1335/2497
f 991/1326/2501 995/1338/2503 996/1339/2504 993/1336/2502
f 987/1281/2421 994/1340/2505 996/1339/2506 995/1338/2507
f 994/1340/2508 989/1341/2509 990/1342/2510 996/1339/2511
f 990/1337/2512 993/1336/2502 996/1343/2511
f 997/1344/2513 1000/1345/2514 1002/1346/2515 1001/1347/2516
f 1000/1345/2517 1004/1348/2518 1005/1349/2519 1002/1346/2520
f 998/1274/2521 1003/1350/2522 1005/1349/2523 1004/1348/2524
f 1003/1350/2525 1007/1351/2526 1008/1352/2527 1005/1349/2528
f 999/1267/2529 1006/1353/2530 1008/1352/2527 1007/1351/2531
f 1006/1354/2530 1001/1347/2532 1002/1346/2533 1008/1355/2534
f 1002/1346/2535 1005/1356/2528 1008/1355/2536
f 1009/1278/2537 1012/1357/2538 1014/1358/2539 1013/1359/2540
f 1012/1360/2541 1016/1361/2542 1017/1362/2543 1014/1363/2544
f 1010/1268/2545 1015/1351/2546 1017/1362/2547 1016/1361/2542
f 1015/1351/2546 1019/1364/2548 1020/1365/2549 1017/1362/2547
f 1011/1273/2413 1018/1366/2550 1020/1365/2551 1019/1364/2552
f 1018/1366/2553 1013/1359/2554 1014/1358/2555 1020/1365/2556
f 1014/1363/2557 1017/1362/2547 1020/1367/2556
f 1021/1368/2558 1024/1369/2559 1026/1370/2560 1025/1371/2561
f 1024/1369/2559 1028/1372/2562 1029/1373/2563 1026/1370/2564
f 1022/1286/2426 1027/1374/2565 1029/1375/2566 1028/1376/2567
f 1027/1374/2568 1031/1377/2569 1032/1378/2570 1029/1375/2571
f 1023/1271/2572 1030/1379/2573 1032/1378/2570 1031/1377/2574
f 1030/1379/2575 1025/1371/2576 1026/1370/2577 1032/1378/2578
f 1026/1370/2579 1029/1373/2571 1032/1380/2580
f 1033/1275/2415 1036/1381/2581 1038/1382/2582 1037/1383/2583
f 1036/1381/2584 1040/1384/2585 1041/1385/2586 1038/1382/2587
f 1034/1272/2588 1039/1377/2589 1041/1385/2590 1040/1384/2585
f 1039/1377/2589 1043/1374/2591 1044/1386/2592 1041/1385/2590
f 1035/1285/2425 1042/1387/2593 1044/1386/2594 1043/1374/2595
f 1042/1387/2593 1037/1388/2583 1038/1389/2596 1044/1386/2597
f 1038/1390/2598 1041/1385/2590 1044/1391/2597
f 973/1317/2468 949/1287/2599 953/1290/2430 976/1318/2469
f 976/1318/2600 953/1290/2601 958/1301/2602 980/1321/2603
f 980/1325/2479 958/1300/2604 951/1279/2419 974/1282/2605
f 950/1270/2410 961/1269/2409 965/1293/2451 955/1293/2434
f 955/1296/2434 965/1296/2465 970/1314/2464 959/1297/2606
f 959/1297/2607 970/1314/2608 963/1280/2420 951/1279/2609
f 962/1277/2417 985/1276/2492 989/1333/2495 967/1307/2455
f 967/1310/2610 989/1341/2611 994/1340/2508 971/1311/2612
f 971/1311/2613 994/1340/2505 987/1281/2421 963/1280/2420
f 986/1284/2424 975/1283/2423 983/1326/2486 991/1326/2614
f 991/1326/2614 983/1326/2615 979/1323/2480 995/1338/2616
f 995/1338/2507 979/1323/2480 974/1282/2617 987/1281/2421
f 1021/1368/2558 973/1317/2468 977/1320/2471 1024/1369/2618
f 1024/1369/2559 977/1320/2619 982/1329/2620 1028/1372/2621
f 1028/1376/2567 982/1328/2620 975/1283/2423 1022/1286/2426
f 985/1276/2492 1033/1275/2622 1037/1383/2623 988/1331/2624
f 988/1334/2496 1037/1388/2583 1042/1387/2625 992/1335/2626
f 992/1335/2626 1042/1387/2627 1035/1285/2425 986/1284/2424
f 1034/1272/2628 1023/1271/2572 1031/1377/2574 1039/1377/2629
f 1039/1377/2589 1031/1377/2574 1027/1374/2630 1043/1374/2631
f 1043/1374/2595 1027/1374/2630 1022/1286/2426 1035/1285/2632
f 997/1344/2513 1021/1368/2633 1025/1371/2561 1000/1345/2514
f 1000/1345/2634 1025/1371/2635 1030/1379/2636 1004/1348/2637
f 1004/1348/2524 1030/1379/2638 1023/1271/2411 998/1274/2639
f 1033/1275/2415 1009/1278/2537 1013/1359/2540 1036/1381/2581
f 1036/1381/2640 1013/1359/2641 1018/1366/2553 1040/1384/2642
f 1040/1384/2643 1018/1366/2550 1011/1273/2413 1034/1272/2644
f 1010/1268/2408 999/1267/2407 1007/1351/2531 1015/1351/2645
f 1015/1351/2645 1007/1351/2646 1003/1350/2525 1019/1364/2647
f 1019/1364/2552 1003/1350/2525 998/1274/2648 1011/1273/2413
f 949/1287/2427 997/1344/2513 1001/1347/2516 952/1288/2649
f 952/1288/2428 1001/1347/2650 1006/1354/2651 956/1291/2652
f 956/1295/2436 1006/1353/2651 999/1267/2407 950/1270/2410
f 1009/1278/2537 962/1277/2653 968/1309/2654 1012/1357/2655
f 1012/1360/2541 968/1305/2452 964/1303/2656 1016/1361/2657
f 1016/1361/2657 964/1303/2658 961/1269/2659 1010/1268/2408
f 973/1317/2660 1021/1368/2633 997/1344/2661 949/1287/2599
o Radial_cooling_vent.037
v 0.305459 0.367000 -0.299884
v 0.305709 0.367500 -0.299451
v 0.305026 0.367500 -0.299634
v 0.305584 0.367067 -0.299668
v 0.305243 0.367067 -0.299759
v 0.305372 0.367132 -0.299557
v 0.305460 0.367500 -0.299384
v 0.305676 0.367250 -0.299509
v 0.305436 0.367261 -0.299445
v 0.305084 0.367250 -0.299667
v 0.305209 0.367500 -0.299451
v 0.305260 0.367261 -0.299493
v 0.305709 0.367500 -0.299451
v 0.305459 0.368000 -0.299884
v 0.305026 0.367500 -0.299634
v 0.305676 0.367750 -0.299509
v 0.305460 0.367500 -0.299384
v 0.305436 0.367739 -0.299445
v 0.305243 0.367933 -0.299759
v 0.305584 0.367933 -0.299668
v 0.305372 0.367868 -0.299557
v 0.305209 0.367500 -0.299451
v 0.305084 0.367750 -0.299667
v 0.305260 0.367739 -0.299493
v 0.304459 0.367000 -0.301616
v 0.304026 0.367500 -0.301366
v 0.304209 0.367500 -0.302049
v 0.304243 0.367067 -0.301491
v 0.304334 0.367067 -0.301832
v 0.304133 0.367132 -0.301704
v 0.303959 0.367500 -0.301616
v 0.304084 0.367250 -0.301399
v 0.304021 0.367261 -0.301639
v 0.304243 0.367250 -0.301991
v 0.304026 0.367500 -0.301866
v 0.304068 0.367261 -0.301815
v 0.304459 0.368000 -0.301616
v 0.304209 0.367500 -0.302049
v 0.304026 0.367500 -0.301366
v 0.304334 0.367933 -0.301832
v 0.304243 0.367933 -0.301491
v 0.304133 0.367868 -0.301704
v 0.304026 0.367500 -0.301866
v 0.304243 0.367750 -0.301991
v 0.304068 0.367739 -0.301815
v 0.304084 0.367750 -0.301399
v 0.303959 0.367500 -0.301616
v 0.304021 0.367739 -0.301639
v 0.314986 0.367000 -0.305384
v 0.315419 0.367500 -0.305634
v 0.315236 0.367500 -0.304951
v 0.315202 0.367067 -0.305509
v 0.315110 0.367067 -0.305168
v 0.315312 0.367132 -0.305296
v 0.315486 0.367500 -0.305384
v 0.315361 0.367250 -0.305601
v 0.315424 0.367261 -0.305361
v 0.315202 0.367250 -0.305009
v 0.315418 0.367500 -0.305134
v 0.315377 0.367261 -0.305185
v 0.314986 0.368000 -0.305384
v 0.315236 0.367500 -0.304951
v 0.315419 0.367500 -0.305634
v 0.315110 0.367933 -0.305168
v 0.315202 0.367933 -0.305509
v 0.315312 0.367868 -0.305296
v 0.315418 0.367500 -0.305134
v 0.315202 0.367750 -0.305009
v 0.315377 0.367739 -0.305185
v 0.315361 0.367750 -0.305601
v 0.315486 0.367500 -0.305384
v 0.315424 0.367739 -0.305361
v 0.313986 0.367000 -0.307116
v 0.313736 0.367500 -0.307549
v 0.314419 0.367500 -0.307366
v 0.313861 0.367067 -0.307332
v 0.314202 0.367067 -0.307241
v 0.314073 0.367132 -0.307443
v 0.313985 0.367500 -0.307616
v 0.313769 0.367250 -0.307491
v 0.314008 0.367261 -0.307555
v 0.314361 0.367250 -0.307333
v 0.314236 0.367500 -0.307549
v 0.314185 0.367261 -0.307507
v 0.313986 0.368000 -0.307116
v 0.314419 0.367500 -0.307366
v 0.313736 0.367500 -0.307549
v 0.314202 0.367933 -0.307241
v 0.313861 0.367933 -0.307332
v 0.314073 0.367868 -0.307443
v 0.314236 0.367500 -0.307549
v 0.314361 0.367750 -0.307333
v 0.314185 0.367739 -0.307507
v 0.313769 0.367750 -0.307491
v 0.313985 0.367500 -0.307616
v 0.314008 0.367739 -0.307555
vn 0.4879 -0.2586 0.8337
vn 0.4879 0.2586 0.8337
vn 0.4781 0.2586 0.8394
vn 0.4781 -0.2586 0.8394
vn 0.8028 -0.1593 -0.5746
vn 0.7725 0.0432 -0.6335
vn 0.8990 0.1593 -0.4080
vn 0.9349 -0.0432 -0.3523
vn -0.0097 0.9995 -0.0286
vn -0.0200 0.9995 -0.0227
vn 0.0097 0.9995 0.0286
vn 0.0200 0.9995 0.0227
vn -0.8061 -0.1288 0.5776
vn -0.7660 0.1302 0.6295
vn -0.8990 0.1593 0.4080
vn -0.9349 -0.0432 0.3523
vn -0.4879 -0.2586 -0.8337
vn -0.4879 0.2586 -0.8337
vn -0.4781 0.2586 -0.8394
vn -0.4781 -0.2586 -0.8394
vn 0.0097 -0.9995 0.0287
vn 0.2456 -0.8660 0.4356
vn -0.1638 -0.7745 0.6111
vn -0.4191 -0.8665 0.2713
vn 0.2457 -0.8660 0.4356
vn 0.4286 -0.5000 0.7525
vn -0.0002 -0.4474 0.8943
vn -0.1637 -0.7745 0.6111
vn 0.4780 -0.2586 0.8394
vn 0.0386 -0.1286 0.9909
vn -0.0002 -0.4473 0.8944
vn -0.5010 -0.1216 0.8569
vn -0.4470 -0.4473 0.7747
vn -0.8060 -0.1289 0.5777
vn -0.7377 -0.4986 0.4552
vn -0.4470 -0.4473 0.7746
vn -0.5011 -0.1216 0.8568
vn -0.7376 -0.4987 0.4552
vn -0.4191 -0.8664 0.2714
vn -0.1638 -0.7744 0.6111
vn -0.4470 -0.4474 0.7746
vn -0.1637 -0.7744 0.6111
vn 0.4780 0.2586 0.8394
vn 0.4286 0.5000 0.7525
vn -0.0002 0.4473 0.8944
vn -0.0241 0.1152 0.9930
vn 0.2456 0.8660 0.4356
vn -0.1637 0.7744 0.6111
vn -0.0002 0.4474 0.8944
vn 0.0097 0.9995 0.0287
vn -0.4191 0.8665 0.2713
vn -0.1637 0.7745 0.6111
vn 0.2456 0.8660 0.4355
vn -0.4191 0.8664 0.2713
vn -0.7376 0.4986 0.4552
vn -0.4470 0.4474 0.7746
vn -0.1638 0.7745 0.6111
vn -0.7660 0.1303 0.6295
vn -0.5011 0.1216 0.8568
vn -0.4470 0.4473 0.7746
vn -0.7377 0.4986 0.4552
vn -0.5010 0.1216 0.8569
vn -0.0243 0.1152 0.9930
vn -0.4470 0.4473 0.7747
vn -0.0002 0.4474 0.8943
vn -0.1638 0.7744 0.6111
vn -0.0200 -0.9995 -0.0227
vn -0.4445 -0.8665 0.2273
vn -0.6111 -0.7745 -0.1638
vn -0.2544 -0.8660 -0.4305
vn -0.4446 -0.8664 0.2273
vn -0.7631 -0.4986 0.4112
vn -0.8943 -0.4474 -0.0002
vn -0.6111 -0.7745 -0.1637
vn -0.9349 -0.0432 0.3522
vn -0.9840 0.1756 -0.0304
vn -0.8944 -0.4473 -0.0002
vn -0.8228 0.2434 -0.5135
vn -0.7747 -0.4473 -0.4470
vn -0.4374 -0.5000 -0.7474
vn -0.7746 -0.4473 -0.4470
vn -0.8228 0.2433 -0.5135
vn -0.6111 -0.7744 -0.1638
vn -0.7746 -0.4474 -0.4470
vn -0.6111 -0.7744 -0.1637
vn -0.0200 0.9995 -0.0228
vn -0.2544 0.8660 -0.4305
vn -0.6111 0.7745 -0.1637
vn -0.4445 0.8665 0.2273
vn -0.4374 0.5000 -0.7474
vn -0.7746 0.4474 -0.4470
vn -0.6111 0.7745 -0.1638
vn -0.7545 0.5072 -0.4165
vn -0.7746 0.4473 -0.4470
vn -0.4374 0.5000 -0.7475
vn -0.7546 0.5072 -0.4164
vn -0.9438 0.3233 0.0689
vn -0.8944 0.4473 -0.0002
vn -0.7747 0.4473 -0.4470
vn -0.8990 0.1593 0.4079
vn -0.7631 0.4986 0.4112
vn -0.9438 0.3233 0.0690
vn -0.7631 0.4987 0.4112
vn -0.4446 0.8664 0.2273
vn -0.6111 0.7744 -0.1637
vn -0.8944 0.4474 -0.0002
vn -0.6111 0.7744 -0.1638
vn -0.8943 0.4474 -0.0002
vn 0.0200 -0.9995 0.0227
vn 0.4445 -0.8665 -0.2273
vn 0.6111 -0.7745 0.1638
vn 0.2544 -0.8660 0.4305
vn 0.4446 -0.8664 -0.2273
vn 0.7631 -0.4986 -0.4112
vn 0.8943 -0.4474 0.0002
vn 0.6111 -0.7745 0.1637
vn 0.9349 -0.0432 -0.3522
vn 0.9840 0.1756 0.0304
vn 0.8944 -0.4473 0.0002
vn 0.8228 0.2434 0.5135
vn 0.7747 -0.4473 0.4470
vn 0.4374 -0.5000 0.7474
vn 0.7746 -0.4473 0.4470
vn 0.8228 0.2433 0.5135
vn 0.6111 -0.7744 0.1638
vn 0.7746 -0.4474 0.4470
vn 0.6111 -0.7744 0.1637
vn 0.0200 0.9995 0.0228
vn 0.2544 0.8660 0.4305
vn 0.6111 0.7745 0.1637
vn 0.4445 0.8665 -0.2273
vn 0.4374 0.5000 0.7474
vn 0.7746 0.4474 0.4470
vn 0.6111 0.7745 0.1638
vn 0.7545 0.5072 0.4165
vn 0.7746 0.4473 0.4470
vn 0.4374 0.5000 0.7475
vn 0.7546 0.5072 0.4164
vn 0.9438 0.3233 -0.0689
vn 0.8944 0.4473 0.0002
vn 0.7747 0.4473 0.4470
vn 0.8990 0.1593 -0.4079
vn 0.7631 0.4986 -0.4112
vn 0.9438 0.3233 -0.0690
vn 0.7631 0.4987 -0.4112
vn 0.4446 0.8664 -0.2273
vn 0.6111 0.7744 0.1637
vn 0.8944 0.4474 0.0002
vn 0.6111 0.7744 0.1638
vn 0.8943 0.4474 0.0002
vn -0.0097 -0.9995 -0.0287
vn -0.2456 -0.8660 -0.4356
vn 0.1638 -0.7745 -0.6111
vn 0.4191 -0.8665 -0.2713
vn -0.2457 -0.8660 -0.4356
vn -0.4286 -0.5000 -0.7525
vn 0.0002 -0.4474 -0.8943
vn 0.1637 -0.7745 -0.6111
vn -0.4780 -0.2586 -0.8394
vn 0.0166 -0.5072 -0.8617
vn 0.0002 -0.4473 -0.8944
vn 0.5316 -0.3233 -0.7829
vn 0.4470 -0.4473 -0.7747
vn 0.7377 -0.4986 -0.4552
vn 0.4470 -0.4473 -0.7746
vn 0.5317 -0.3233 -0.7828
vn 0.7376 -0.4987 -0.4552
vn 0.4191 -0.8664 -0.2714
vn 0.1638 -0.7744 -0.6111
vn 0.4470 -0.4474 -0.7746
vn 0.1637 -0.7744 -0.6111
vn -0.0097 0.9995 -0.0287
vn 0.4191 0.8665 -0.2713
vn 0.1637 0.7745 -0.6111
vn -0.2456 0.8660 -0.4355
vn 0.4191 0.8664 -0.2713
vn 0.7376 0.4986 -0.4552
vn 0.4470 0.4474 -0.7746
vn 0.1638 0.7745 -0.6111
vn 0.7725 0.0432 -0.6336
vn 0.4656 -0.1756 -0.8674
vn 0.4470 0.4473 -0.7746
vn 0.7377 0.4986 -0.4552
vn 0.4657 -0.1756 -0.8673
vn -0.0333 -0.2434 -0.9694
vn 0.0002 0.4473 -0.8944
vn 0.4470 0.4473 -0.7747
vn -0.4780 0.2586 -0.8394
vn -0.4286 0.5000 -0.7525
vn -0.0333 -0.2433 -0.9694
vn -0.2456 0.8660 -0.4356
vn 0.1637 0.7744 -0.6111
vn 0.0002 0.4474 -0.8944
vn 0.1638 0.7744 -0.6111
vn 0.0002 0.4474 -0.8943
vn -0.4446 -0.8664 0.2274
vn -0.4192 -0.8664 0.2713
vn -0.7630 -0.4987 0.4112
vn -0.7631 -0.4986 0.4113
vn -0.9349 -0.0433 0.3523
vn -0.0241 0.1152 0.9931
vn 0.0386 -0.1286 0.9910
vn -0.0242 0.1152 0.9930
vn -0.5010 -0.1215 0.8569
vn -0.5011 -0.1215 0.8568
vn -0.5011 0.1215 0.8568
vn -0.8060 -0.1288 0.5777
vn -0.4192 0.8664 0.2713
vn -0.4446 0.8664 0.2274
vn -0.7630 0.4987 0.4112
vn -0.7376 0.4987 0.4552
vn -0.7631 0.4986 0.4113
vn -0.4878 -0.2586 -0.8338
vn -0.7545 0.5072 -0.4164
vn -0.8228 0.2433 -0.5136
vn -0.9840 0.1756 -0.0303
vn -0.9349 -0.0431 0.3522
vn -0.0200 -0.9995 -0.0228
vn -0.2543 -0.8660 -0.4305
vn -0.2456 -0.8660 -0.4355
vn -0.4373 -0.5000 -0.7475
vn -0.4287 -0.5000 -0.7525
vn -0.4374 -0.5000 -0.7475
vn -0.2543 0.8660 -0.4305
vn -0.2457 0.8660 -0.4356
vn -0.4287 0.5000 -0.7525
vn -0.4373 0.5000 -0.7475
vn 0.7725 0.0431 -0.6336
vn 0.5316 -0.3233 -0.7828
vn 0.0166 -0.5072 -0.8616
vn -0.0334 -0.2433 -0.9694
vn 0.4446 -0.8664 -0.2274
vn 0.4192 -0.8664 -0.2713
vn 0.7630 -0.4987 -0.4112
vn 0.7631 -0.4986 -0.4113
vn 0.9349 -0.0433 -0.3523
vn 0.4192 0.8664 -0.2713
vn 0.4446 0.8664 -0.2274
vn 0.7630 0.4987 -0.4112
vn 0.7376 0.4987 -0.4552
vn 0.7631 0.4986 -0.4113
vn 0.7725 0.0433 -0.6335
vn 0.4878 -0.2586 0.8338
vn 0.7545 0.5072 0.4164
vn 0.8228 0.2433 0.5136
vn 0.9840 0.1756 0.0303
vn 0.9349 -0.0431 -0.3522
vn 0.0200 -0.9995 0.0228
vn 0.2543 -0.8660 0.4305
vn 0.2456 -0.8660 0.4355
vn 0.4373 -0.5000 0.7475
vn 0.4287 -0.5000 0.7525
vn 0.4374 -0.5000 0.7475
vn 0.2543 0.8660 0.4305
vn 0.2457 0.8660 0.4356
vn 0.4287 0.5000 0.7525
vn 0.4373 0.5000 0.7475
vn 0.4878 0.2586 0.8338
vn -0.0097 -0.9995 -0.0286
vn 0.0097 -0.9995 0.0286
vt 0.500000 0.760417
vt 0.500000 0.760417
vt 0.500000 0.989583
vt 0.500000 0.989583
vt 0.500000 0.541667
vt 0.500000 0.541667
vt 0.500000 0.708333
vt 0.500000 0.708333
vt 0.635417 0.541667
vt 0.864583 0.541667
vt 0.864583 0.708333
vt 0.635417 0.708333
vt 0.500000 0.041667
vt 0.500000 0.041667
vt 0.500000 0.208333
vt 0.500000 0.208333
vt 0.500000 0.260417
vt 0.500000 0.260417
vt 0.500000 0.489583
vt 0.500000 0.489583
vt 0.135417 0.708333
vt 0.135417 0.729139
vt 0.130435 0.728259
vt 0.130215 0.708333
vt 0.135417 0.750000
vt 0.130435 0.750000
vt 0.500000 1.000000
vt 0.375000 0.994565
vt 0.375000 0.989583
vt 0.500000 0.000000
vt 0.500000 0.020861
vt 0.375000 0.021741
vt 0.375000 0.000000
vt 0.375000 0.041667
vt 0.125000 0.708333
vt 0.125000 0.728259
vt 0.562418 0.989583
vt 0.559776 0.994565
vt 0.625000 0.989583
vt 0.625000 0.994565
vt 0.875000 0.708333
vt 0.869565 0.750000
vt 0.864583 0.750000
vt 0.625000 0.041667
vt 0.562418 0.041667
vt 0.559776 0.021741
vt 0.625000 0.000000
vt 0.500000 0.020861
vt 0.559776 0.010974
vt 0.559777 0.997257
vt 0.135417 0.541667
vt 0.130215 0.541667
vt 0.130435 0.521741
vt 0.135417 0.520861
vt 0.125000 0.541667
vt 0.125000 0.521741
vt 0.500000 0.229139
vt 0.375000 0.228259
vt 0.375000 0.208333
vt 0.500000 0.255215
vt 0.375000 0.255435
vt 0.375000 0.260417
vt 0.135417 0.500000
vt 0.130435 0.500000
vt 0.864583 0.500000
vt 0.869565 0.500000
vt 0.875000 0.541667
vt 0.625000 0.260417
vt 0.562418 0.260417
vt 0.559776 0.255435
vt 0.625000 0.255435
vt 0.500000 0.229139
vt 0.559776 0.228259
vt 0.562418 0.208333
vt 0.625000 0.208333
vt 0.625000 0.250000
vt 0.559776 0.252743
vt 0.364583 0.708333
vt 0.369785 0.708333
vt 0.369565 0.728259
vt 0.364583 0.729139
vt 0.437582 0.708333
vt 0.440224 0.728259
vt 0.500000 0.729139
vt 0.500000 0.755215
vt 0.375000 0.755435
vt 0.375000 0.760417
vt 0.364583 0.750000
vt 0.369565 0.750000
vt 0.372257 0.728259
vt 0.635417 0.750000
vt 0.630435 0.750000
vt 0.630215 0.708333
vt 0.625000 0.760417
vt 0.562418 0.760417
vt 0.559776 0.755435
vt 0.625000 0.755435
vt 0.500000 0.729139
vt 0.559776 0.728259
vt 0.562418 0.708333
vt 0.559776 0.752743
vt 0.364583 0.541667
vt 0.364583 0.520861
vt 0.369565 0.521741
vt 0.369785 0.541667
vt 0.364583 0.500000
vt 0.369565 0.500000
vt 0.500000 0.494785
vt 0.375000 0.494565
vt 0.375000 0.489583
vt 0.500000 0.520861
vt 0.440224 0.521741
vt 0.437582 0.541667
vt 0.372257 0.521741
vt 0.630215 0.541667
vt 0.630435 0.521741
vt 0.635417 0.500000
vt 0.562418 0.541667
vt 0.559776 0.521741
vt 0.559776 0.494565
vt 0.562418 0.489583
vt 0.625000 0.489583
vt 0.592079 0.494565
vt 0.592079 0.521741
vt 0.559777 0.510974
s 0
usemtl Anodized_graphite
f 1095/1392/2662 1106/1393/2663 1057/1394/2664 1046/1395/2665
f 1119/1396/2666 1130/1397/2667 1107/1398/2668 1094/1399/2669
f 1129/1400/2670 1081/1401/2671 1058/1402/2672 1105/1403/2673
f 1047/1404/2674 1059/1405/2675 1083/1406/2676 1070/1407/2677
f 1071/1408/2678 1082/1409/2679 1131/1410/2680 1118/1411/2681
f 1045/1412/2682 1048/1413/2683 1050/1414/2684 1049/1415/2685
f 1048/1413/2686 1052/1416/2687 1053/1417/2688 1050/1414/2689
f 1046/1395/2690 1051/1418/2691 1053/1419/2692 1052/1420/2687
f 1051/1421/2691 1055/1422/2693 1056/1423/2694 1053/1424/2692
f 1047/1404/2695 1054/1425/2696 1056/1423/2697 1055/1422/2698
f 1054/1426/2699 1049/1415/2700 1050/1414/2701 1056/1427/2702
f 1050/1414/2703 1053/1417/2692 1056/1427/2702
f 1057/1394/2704 1060/1428/2705 1062/1429/2706 1061/1418/2707
f 1060/1428/2705 1064/1430/2708 1065/1431/2709 1062/1429/2710
f 1058/1402/2711 1063/1432/2712 1065/1433/2713 1064/1434/2714
f 1063/1435/2715 1067/1436/2716 1068/1437/2717 1065/1438/2718
f 1059/1405/2719 1066/1439/2720 1068/1437/2721 1067/1436/2722
f 1066/1439/2723 1061/1421/2724 1062/1440/2706 1068/1437/2725
f 1062/1429/2726 1065/1431/2727 1068/1441/2725
f 1069/1442/2728 1072/1443/2729 1074/1444/2730 1073/1445/2731
f 1072/1443/2732 1076/1446/2733 1077/1447/2734 1074/1444/2735
f 1070/1407/2736 1075/1448/2737 1077/1449/2738 1076/1450/2733
f 1075/1448/2737 1079/1451/2739 1080/1452/2740 1077/1449/2738
f 1071/1408/2678 1078/1453/2741 1080/1452/2742 1079/1451/2743
f 1078/1454/2741 1073/1445/2731 1074/1444/2744 1080/1455/2745
f 1074/1444/2746 1077/1447/2738 1080/1455/2745
f 1081/1401/2747 1084/1456/2748 1086/1457/2749 1085/1458/2750
f 1084/1459/2748 1088/1460/2751 1089/1461/2752 1086/1462/2753
f 1082/1409/2679 1087/1451/2754 1089/1461/2755 1088/1460/2756
f 1087/1451/2757 1091/1463/2758 1092/1464/2759 1089/1461/2760
f 1083/1406/2761 1090/1465/2762 1092/1464/2759 1091/1463/2763
f 1090/1465/2764 1085/1466/2765 1086/1467/2766 1092/1464/2767
f 1086/1462/2768 1089/1461/2760 1092/1468/2769
f 1093/1469/2770 1096/1470/2771 1098/1471/2772 1097/1472/2773
f 1096/1470/2774 1100/1473/2775 1101/1474/2776 1098/1471/2777
f 1094/1399/2778 1099/1475/2779 1101/1474/2780 1100/1473/2775
f 1099/1475/2779 1103/1476/2781 1104/1477/2782 1101/1474/2780
f 1095/1392/2662 1102/1478/2783 1104/1477/2784 1103/1476/2785
f 1102/1479/2783 1097/1472/2773 1098/1471/2786 1104/1480/2787
f 1098/1471/2788 1101/1481/2780 1104/1480/2787
f 1105/1403/2789 1108/1482/2790 1110/1483/2791 1109/1484/2792
f 1108/1485/2790 1112/1486/2793 1113/1487/2794 1110/1488/2795
f 1106/1393/2663 1111/1476/2796 1113/1487/2797 1112/1486/2798
f 1111/1476/2799 1115/1489/2800 1116/1490/2801 1113/1487/2802
f 1107/1398/2803 1114/1491/2804 1116/1490/2801 1115/1489/2805
f 1114/1491/2806 1109/1484/2807 1110/1483/2808 1116/1490/2809
f 1110/1488/2810 1113/1487/2802 1116/1492/2811
f 1117/1493/2812 1120/1494/2813 1122/1495/2814 1121/1496/2815
f 1120/1494/2816 1124/1497/2817 1125/1498/2818 1122/1495/2819
f 1118/1411/2820 1123/1499/2821 1125/1500/2822 1124/1501/2817
f 1123/1499/2821 1127/1502/2823 1128/1503/2824 1125/1500/2822
f 1119/1396/2666 1126/1504/2825 1128/1503/2826 1127/1502/2827
f 1126/1504/2828 1121/1496/2829 1122/1495/2830 1128/1503/2831
f 1122/1495/2832 1125/1498/2822 1128/1505/2831
f 1129/1400/2833 1132/1506/2834 1134/1507/2835 1133/1508/2836
f 1132/1506/2837 1136/1509/2838 1137/1510/2839 1134/1507/2840
f 1130/1397/2841 1135/1502/2842 1137/1510/2843 1136/1509/2844
f 1135/1502/2845 1139/1499/2846 1140/1511/2847 1137/1510/2848
f 1131/1410/2849 1138/1512/2850 1140/1511/2847 1139/1499/2851
f 1138/1512/2850 1133/1513/2852 1134/1514/2853 1140/1511/2854
f 1134/1515/2855 1137/1510/2848 1140/1516/2856
f 1069/1442/2728 1045/1412/2682 1049/1415/2685 1072/1443/2729
f 1072/1443/2857 1049/1415/2858 1054/1426/2699 1076/1446/2859
f 1076/1450/2860 1054/1425/2696 1047/1404/2674 1070/1407/2861
f 1046/1395/2665 1057/1394/2664 1061/1418/2862 1051/1418/2691
f 1051/1421/2863 1061/1421/2864 1066/1439/2723 1055/1422/2865
f 1055/1422/2866 1066/1439/2867 1059/1405/2675 1047/1404/2868
f 1058/1402/2711 1081/1401/2671 1085/1458/2750 1063/1432/2712
f 1063/1435/2869 1085/1466/2870 1090/1465/2871 1067/1436/2872
f 1067/1436/2722 1090/1465/2873 1083/1406/2676 1059/1405/2675
f 1082/1409/2679 1071/1408/2874 1079/1451/2743 1087/1451/2875
f 1087/1451/2875 1079/1451/2876 1075/1448/2737 1091/1463/2763
f 1091/1463/2763 1075/1448/2877 1070/1407/2878 1083/1406/2761
f 1117/1493/2812 1069/1442/2879 1073/1445/2880 1120/1494/2881
f 1120/1494/2816 1073/1445/2731 1078/1454/2882 1124/1497/2883
f 1124/1501/2883 1078/1453/2884 1071/1408/2678 1118/1411/2681
f 1081/1401/2747 1129/1400/2833 1133/1508/2836 1084/1456/2885
f 1084/1459/2748 1133/1513/2886 1138/1512/2887 1088/1460/2888
f 1088/1460/2756 1138/1512/2887 1131/1410/2680 1082/1409/2679
f 1130/1397/2889 1119/1396/2666 1127/1502/2827 1135/1502/2845
f 1135/1502/2845 1127/1502/2890 1123/1499/2891 1139/1499/2892
f 1139/1499/2851 1123/1499/2891 1118/1411/2681 1131/1410/2680
f 1093/1469/2770 1117/1493/2812 1121/1496/2815 1096/1470/2771
f 1096/1470/2893 1121/1496/2894 1126/1504/2828 1100/1473/2895
f 1100/1473/2896 1126/1504/2825 1119/1396/2666 1094/1399/2897
f 1129/1400/2833 1105/1403/2673 1109/1484/2792 1132/1506/2834
f 1132/1506/2898 1109/1484/2899 1114/1491/2900 1136/1509/2901
f 1136/1509/2844 1114/1491/2902 1107/1398/2668 1130/1397/2903
f 1106/1393/2663 1095/1392/2904 1103/1476/2785 1111/1476/2905
f 1111/1476/2905 1103/1476/2906 1099/1475/2779 1115/1489/2805
f 1115/1489/2805 1099/1475/2907 1094/1399/2908 1107/1398/2803
f 1045/1412/2682 1093/1469/2909 1097/1472/2910 1048/1413/2911
f 1048/1413/2686 1097/1472/2773 1102/1479/2912 1052/1416/2913
f 1052/1420/2913 1102/1478/2914 1095/1392/2662 1046/1395/2665
f 1105/1403/2789 1058/1402/2711 1064/1434/2714 1108/1482/2915
f 1108/1485/2790 1064/1430/2916 1060/1428/2917 1112/1486/2918
f 1112/1486/2798 1060/1428/2917 1057/1394/2664 1106/1393/2919
f 1069/1442/2728 1117/1493/2920 1093/1469/2770 1045/1412/2921
o Radial_cooling_vent.036
v 0.306500 0.367000 -0.294000
v 0.306500 0.367500 -0.293500
v 0.306000 0.367500 -0.294000
v 0.306500 0.367067 -0.293750
v 0.306250 0.367067 -0.294000
v 0.306261 0.367132 -0.293761
v 0.306250 0.367500 -0.293567
v 0.306500 0.367250 -0.293567
v 0.306261 0.367261 -0.293632
v 0.306067 0.367250 -0.294000
v 0.306067 0.367500 -0.293750
v 0.306132 0.367261 -0.293761
v 0.306500 0.367500 -0.293500
v 0.306500 0.368000 -0.294000
v 0.306000 0.367500 -0.294000
v 0.306500 0.367750 -0.293567
v 0.306250 0.367500 -0.293567
v 0.306261 0.367739 -0.293632
v 0.306250 0.367933 -0.294000
v 0.306500 0.367933 -0.293750
v 0.306261 0.367868 -0.293761
v 0.306067 0.367500 -0.293750
v 0.306067 0.367750 -0.294000
v 0.306132 0.367739 -0.293761
v 0.306500 0.367000 -0.296000
v 0.306000 0.367500 -0.296000
v 0.306500 0.367500 -0.296500
v 0.306250 0.367067 -0.296000
v 0.306500 0.367067 -0.296250
v 0.306261 0.367132 -0.296239
v 0.306067 0.367500 -0.296250
v 0.306067 0.367250 -0.296000
v 0.306132 0.367261 -0.296239
v 0.306500 0.367250 -0.296433
v 0.306250 0.367500 -0.296433
v 0.306261 0.367261 -0.296368
v 0.306500 0.368000 -0.296000
v 0.306500 0.367500 -0.296500
v 0.306000 0.367500 -0.296000
v 0.306500 0.367933 -0.296250
v 0.306250 0.367933 -0.296000
v 0.306261 0.367868 -0.296239
v 0.306250 0.367500 -0.296433
v 0.306500 0.367750 -0.296433
v 0.306261 0.367739 -0.296368
v 0.306067 0.367750 -0.296000
v 0.306067 0.367500 -0.296250
v 0.306132 0.367739 -0.296239
v 0.317500 0.367000 -0.294000
v 0.318000 0.367500 -0.294000
v 0.317500 0.367500 -0.293500
v 0.317750 0.367067 -0.294000
v 0.317500 0.367067 -0.293750
v 0.317739 0.367132 -0.293761
v 0.317933 0.367500 -0.293750
v 0.317933 0.367250 -0.294000
v 0.317868 0.367261 -0.293761
v 0.317500 0.367250 -0.293567
v 0.317750 0.367500 -0.293567
v 0.317739 0.367261 -0.293632
v 0.317500 0.368000 -0.294000
v 0.317500 0.367500 -0.293500
v 0.318000 0.367500 -0.294000
v 0.317500 0.367933 -0.293750
v 0.317750 0.367933 -0.294000
v 0.317739 0.367868 -0.293761
v 0.317750 0.367500 -0.293567
v 0.317500 0.367750 -0.293567
v 0.317739 0.367739 -0.293632
v 0.317933 0.367750 -0.294000
v 0.317933 0.367500 -0.293750
v 0.317868 0.367739 -0.293761
v 0.317500 0.367000 -0.296000
v 0.317500 0.367500 -0.296500
v 0.318000 0.367500 -0.296000
v 0.317500 0.367067 -0.296250
v 0.317750 0.367067 -0.296000
v 0.317739 0.367132 -0.296239
v 0.317750 0.367500 -0.296433
v 0.317500 0.367250 -0.296433
v 0.317739 0.367261 -0.296368
v 0.317933 0.367250 -0.296000
v 0.317933 0.367500 -0.296250
v 0.317868 0.367261 -0.296239
v 0.317500 0.368000 -0.296000
v 0.318000 0.367500 -0.296000
v 0.317500 0.367500 -0.296500
v 0.317750 0.367933 -0.296000
v 0.317500 0.367933 -0.296250
v 0.317739 0.367868 -0.296239
v 0.317933 0.367500 -0.296250
v 0.317933 0.367750 -0.296000
v 0.317868 0.367739 -0.296239
v 0.317500 0.367750 -0.296433
v 0.317750 0.367500 -0.296433
v 0.317739 0.367739 -0.296368
vn 0.0056 -0.2586 0.9660
vn 0.0056 0.2586 0.9660
vn -0.0056 0.2586 0.9660
vn -0.0056 -0.2586 0.9660
vn 0.9825 -0.1593 -0.0962
vn 0.9858 0.0432 -0.1624
vn 0.9825 0.1593 0.0962
vn 0.9858 -0.0432 0.1624
vn 0.0059 0.9995 -0.0297
vn -0.0059 0.9995 -0.0297
vn -0.0059 0.9995 0.0297
vn 0.0059 0.9995 0.0297
vn -0.9869 -0.1288 0.0972
vn -0.9781 0.1302 0.1622
vn -0.9825 0.1593 -0.0962
vn -0.9858 -0.0432 -0.1624
vn -0.0056 -0.2586 -0.9660
vn -0.0056 0.2586 -0.9660
vn 0.0056 0.2586 -0.9660
vn 0.0056 -0.2586 -0.9660
vn -0.0059 -0.9995 0.0297
vn -0.0051 -0.8660 0.5000
vn -0.4473 -0.7745 0.4473
vn -0.4986 -0.8665 0.0254
vn -0.0050 -0.8660 0.5000
vn -0.0050 -0.5000 0.8660
vn -0.4473 -0.4474 0.7744
vn -0.4473 -0.7745 0.4474
vn -0.0057 -0.2586 0.9660
vn -0.4620 -0.1286 0.8775
vn -0.4473 -0.4473 0.7745
vn -0.0051 -0.5000 0.8660
vn -0.4621 -0.1286 0.8775
vn -0.8623 -0.1216 0.4916
vn -0.7744 -0.4473 0.4474
vn -0.4474 -0.4473 0.7745
vn -0.9869 -0.1289 0.0973
vn -0.8665 -0.4986 0.0254
vn -0.7745 -0.4473 0.4473
vn -0.8623 -0.1216 0.4915
vn -0.8664 -0.4987 0.0254
vn -0.4986 -0.8664 0.0254
vn -0.4474 -0.7744 0.4473
vn -0.7745 -0.4474 0.4473
vn -0.4473 -0.7744 0.4474
vn -0.4474 -0.4473 0.7744
vn -0.7744 -0.4474 0.4474
vn -0.0057 0.2586 0.9660
vn -0.0051 0.5000 0.8660
vn -0.4473 0.4473 0.7745
vn -0.5174 0.1152 0.8479
vn -0.0050 0.5000 0.8660
vn -0.0050 0.8660 0.5000
vn -0.4473 0.7744 0.4474
vn -0.4473 0.4474 0.7745
vn -0.0060 0.9995 0.0297
vn -0.4986 0.8665 0.0254
vn -0.4473 0.7745 0.4473
vn -0.0051 0.8660 0.5000
vn -0.4987 0.8664 0.0254
vn -0.8664 0.4986 0.0254
vn -0.7744 0.4474 0.4473
vn -0.4474 0.7745 0.4473
vn -0.9781 0.1303 0.1622
vn -0.8624 0.1216 0.4915
vn -0.7745 0.4473 0.4473
vn -0.8665 0.4986 0.0254
vn -0.8623 0.1216 0.4916
vn -0.5175 0.1152 0.8479
vn -0.4474 0.4473 0.7744
vn -0.7745 0.4473 0.4474
vn -0.4473 0.4474 0.7744
vn -0.4474 0.7744 0.4474
vn -0.7744 0.4473 0.4474
vn -0.0060 -0.9995 -0.0297
vn -0.4986 -0.8665 -0.0254
vn -0.4473 -0.7745 -0.4473
vn -0.0051 -0.8660 -0.5000
vn -0.4987 -0.8664 -0.0254
vn -0.8664 -0.4986 -0.0254
vn -0.7744 -0.4474 -0.4473
vn -0.4474 -0.7745 -0.4473
vn -0.8369 0.1756 -0.5183
vn -0.7745 -0.4473 -0.4473
vn -0.8665 -0.4986 -0.0254
vn -0.8370 0.1756 -0.5183
vn -0.4558 0.2434 -0.8561
vn -0.4474 -0.4473 -0.7744
vn -0.7745 -0.4473 -0.4474
vn -0.0057 -0.2586 -0.9660
vn -0.0051 -0.5000 -0.8660
vn -0.4473 -0.4473 -0.7745
vn -0.4558 0.2433 -0.8562
vn -0.0050 -0.5000 -0.8660
vn -0.0050 -0.8660 -0.5000
vn -0.4473 -0.7744 -0.4474
vn -0.4473 -0.4474 -0.7745
vn -0.4474 -0.7744 -0.4474
vn -0.7744 -0.4473 -0.4474
vn -0.4473 -0.4474 -0.7744
vn -0.0051 0.8660 -0.5000
vn -0.4473 0.7745 -0.4473
vn -0.4986 0.8665 -0.0254
vn -0.0050 0.8660 -0.5000
vn -0.0050 0.5000 -0.8660
vn -0.4473 0.4474 -0.7744
vn -0.4473 0.7745 -0.4474
vn -0.0057 0.2586 -0.9660
vn -0.4452 0.5072 -0.7379
vn -0.4473 0.4473 -0.7745
vn -0.0051 0.5000 -0.8660
vn -0.4453 0.5072 -0.7379
vn -0.8518 0.3233 -0.4122
vn -0.7744 0.4473 -0.4474
vn -0.4474 0.4473 -0.7745
vn -0.9825 0.1593 -0.0963
vn -0.8665 0.4986 -0.0254
vn -0.7745 0.4473 -0.4473
vn -0.8519 0.3233 -0.4121
vn -0.8664 0.4987 -0.0254
vn -0.4986 0.8664 -0.0254
vn -0.4474 0.7744 -0.4473
vn -0.7745 0.4474 -0.4473
vn -0.4473 0.7744 -0.4474
vn -0.4474 0.4473 -0.7744
vn -0.7744 0.4474 -0.4474
vn 0.0060 -0.9995 0.0297
vn 0.4986 -0.8665 0.0254
vn 0.4473 -0.7745 0.4473
vn 0.0051 -0.8660 0.5000
vn 0.4987 -0.8664 0.0254
vn 0.8664 -0.4986 0.0254
vn 0.7744 -0.4474 0.4473
vn 0.4474 -0.7745 0.4473
vn 0.8369 0.1756 0.5183
vn 0.7745 -0.4473 0.4473
vn 0.8665 -0.4986 0.0254
vn 0.8370 0.1756 0.5183
vn 0.4558 0.2434 0.8561
vn 0.4474 -0.4473 0.7744
vn 0.7745 -0.4473 0.4474
vn 0.0057 -0.2586 0.9660
vn 0.0051 -0.5000 0.8660
vn 0.4473 -0.4473 0.7745
vn 0.4558 0.2433 0.8562
vn 0.0050 -0.5000 0.8660
vn 0.0050 -0.8660 0.5000
vn 0.4473 -0.7744 0.4474
vn 0.4473 -0.4474 0.7745
vn 0.4474 -0.7744 0.4474
vn 0.7744 -0.4473 0.4474
vn 0.4473 -0.4474 0.7744
vn 0.0051 0.8660 0.5000
vn 0.4473 0.7745 0.4473
vn 0.4986 0.8665 0.0254
vn 0.0050 0.8660 0.5000
vn 0.0050 0.5000 0.8660
vn 0.4473 0.4474 0.7744
vn 0.4473 0.7745 0.4474
vn 0.0057 0.2586 0.9660
vn 0.4452 0.5072 0.7379
vn 0.4473 0.4473 0.7745
vn 0.0051 0.5000 0.8660
vn 0.4453 0.5072 0.7379
vn 0.8518 0.3233 0.4122
vn 0.7744 0.4473 0.4474
vn 0.4474 0.4473 0.7745
vn 0.9825 0.1593 0.0963
vn 0.8665 0.4986 0.0254
vn 0.7745 0.4473 0.4473
vn 0.8519 0.3233 0.4121
vn 0.8664 0.4987 0.0254
vn 0.4986 0.8664 0.0254
vn 0.4474 0.7744 0.4473
vn 0.7745 0.4474 0.4473
vn 0.4473 0.7744 0.4474
vn 0.4474 0.4473 0.7744
vn 0.7744 0.4474 0.4474
vn 0.0059 -0.9995 -0.0297
vn 0.0051 -0.8660 -0.5000
vn 0.4473 -0.7745 -0.4473
vn 0.4986 -0.8665 -0.0254
vn 0.0050 -0.8660 -0.5000
vn 0.0050 -0.5000 -0.8660
vn 0.4473 -0.4474 -0.7744
vn 0.4473 -0.7745 -0.4474
vn 0.0057 -0.2586 -0.9660
vn 0.4452 -0.5072 -0.7379
vn 0.4473 -0.4473 -0.7745
vn 0.0051 -0.5000 -0.8660
vn 0.4453 -0.5072 -0.7379
vn 0.8518 -0.3233 -0.4122
vn 0.7744 -0.4473 -0.4474
vn 0.4474 -0.4473 -0.7745
vn 0.9825 -0.1593 -0.0963
vn 0.8665 -0.4986 -0.0254
vn 0.7745 -0.4473 -0.4473
vn 0.8519 -0.3233 -0.4121
vn 0.8664 -0.4987 -0.0254
vn 0.4986 -0.8664 -0.0254
vn 0.4474 -0.7744 -0.4473
vn 0.7745 -0.4474 -0.4473
vn 0.4473 -0.7744 -0.4474
vn 0.4474 -0.4473 -0.7744
vn 0.7744 -0.4474 -0.4474
vn 0.0060 0.9995 -0.0297
vn 0.4986 0.8665 -0.0254
vn 0.4473 0.7745 -0.4473
vn 0.0051 0.8660 -0.5000
vn 0.4987 0.8664 -0.0254
vn 0.8664 0.4986 -0.0254
vn 0.7744 0.4474 -0.4473
vn 0.4474 0.7745 -0.4473
vn 0.8369 -0.1756 -0.5183
vn 0.7745 0.4473 -0.4473
vn 0.8665 0.4986 -0.0254
vn 0.8370 -0.1756 -0.5183
vn 0.4558 -0.2434 -0.8561
vn 0.4474 0.4473 -0.7744
vn 0.7745 0.4473 -0.4474
vn 0.0057 0.2586 -0.9660
vn 0.0051 0.5000 -0.8660
vn 0.4473 0.4473 -0.7745
vn 0.4558 -0.2433 -0.8562
vn 0.0050 0.5000 -0.8660
vn 0.0050 0.8660 -0.5000
vn 0.4473 0.7744 -0.4474
vn 0.4473 0.4474 -0.7745
vn 0.4474 0.7744 -0.4474
vn 0.7744 0.4473 -0.4474
vn 0.4473 0.4474 -0.7744
vn -0.0060 -0.9995 0.0297
vn -0.4987 -0.8664 0.0254
vn -0.8664 -0.4987 -0.0254
vn -0.9858 -0.0433 -0.1624
vn -0.8623 -0.1215 0.4916
vn -0.8623 -0.1215 0.4915
vn -0.8623 0.1215 0.4915
vn -0.9869 -0.1288 0.0973
vn -0.0060 0.9995 -0.0297
vn -0.4987 0.8664 -0.0254
vn -0.8664 0.4987 0.0254
vn -0.9781 0.1302 0.1621
vn -0.8518 0.3233 -0.4121
vn -0.9858 -0.0431 -0.1625
vn -0.0059 -0.9995 -0.0297
vn 0.9858 0.0431 -0.1625
vn 0.8518 -0.3233 -0.4121
vn 0.0060 -0.9995 -0.0297
vn 0.4987 -0.8664 -0.0254
vn 0.8664 -0.4987 0.0254
vn 0.9858 -0.0433 0.1624
vn 0.0060 0.9995 0.0297
vn 0.4987 0.8664 0.0254
vn 0.8664 0.4987 -0.0254
vn 0.9858 0.0433 -0.1624
vn 0.8518 0.3233 0.4121
vn 0.9858 -0.0431 0.1625
vn 0.0059 -0.9995 0.0297
vt 0.500000 0.760417
vt 0.500000 0.760417
vt 0.500000 0.989583
vt 0.500000 0.989583
vt 0.500000 0.541667
vt 0.500000 0.541667
vt 0.500000 0.708333
vt 0.500000 0.708333
vt 0.635417 0.541667
vt 0.864583 0.541667
vt 0.864583 0.708333
vt 0.635417 0.708333
vt 0.500000 0.041667
vt 0.500000 0.041667
vt 0.500000 0.208333
vt 0.500000 0.208333
vt 0.500000 0.260417
vt 0.500000 0.260417
vt 0.500000 0.489583
vt 0.500000 0.489583
vt 0.135417 0.708333
vt 0.135417 0.729139
vt 0.130435 0.728259
vt 0.130215 0.708333
vt 0.135417 0.750000
vt 0.130435 0.750000
vt 0.500000 1.000000
vt 0.375000 0.994565
vt 0.375000 0.989583
vt 0.500000 0.000000
vt 0.500000 0.020861
vt 0.375000 0.021741
vt 0.375000 0.000000
vt 0.375000 0.041667
vt 0.125000 0.708333
vt 0.125000 0.728259
vt 0.562418 0.989583
vt 0.559776 0.994565
vt 0.625000 0.989583
vt 0.625000 0.994565
vt 0.875000 0.708333
vt 0.869565 0.750000
vt 0.864583 0.750000
vt 0.625000 0.041667
vt 0.562418 0.041667
vt 0.559776 0.021741
vt 0.625000 0.000000
vt 0.500000 0.020861
vt 0.559776 0.010974
vt 0.559777 0.997257
vt 0.135417 0.541667
vt 0.130215 0.541667
vt 0.130435 0.521741
vt 0.135417 0.520861
vt 0.125000 0.541667
vt 0.125000 0.521741
vt 0.500000 0.229139
vt 0.375000 0.228259
vt 0.375000 0.208333
vt 0.500000 0.255215
vt 0.375000 0.255435
vt 0.375000 0.260417
vt 0.135417 0.500000
vt 0.130435 0.500000
vt 0.864583 0.500000
vt 0.869565 0.500000
vt 0.875000 0.541667
vt 0.625000 0.260417
vt 0.562418 0.260417
vt 0.559776 0.255435
vt 0.625000 0.255435
vt 0.500000 0.229139
vt 0.559776 0.228259
vt 0.562418 0.208333
vt 0.625000 0.208333
vt 0.625000 0.250000
vt 0.559776 0.252743
vt 0.364583 0.708333
vt 0.369785 0.708333
vt 0.369565 0.728259
vt 0.364583 0.729139
vt 0.437582 0.708333
vt 0.440224 0.728259
vt 0.500000 0.729139
vt 0.500000 0.755215
vt 0.375000 0.755435
vt 0.375000 0.760417
vt 0.364583 0.750000
vt 0.369565 0.750000
vt 0.372257 0.728259
vt 0.635417 0.750000
vt 0.630435 0.750000
vt 0.630215 0.708333
vt 0.625000 0.760417
vt 0.562418 0.760417
vt 0.559776 0.755435
vt 0.625000 0.755435
vt 0.500000 0.729139
vt 0.559776 0.728259
vt 0.562418 0.708333
vt 0.559776 0.752743
vt 0.364583 0.541667
vt 0.364583 0.520861
vt 0.369565 0.521741
vt 0.369785 0.541667
vt 0.364583 0.500000
vt 0.369565 0.500000
vt 0.500000 0.494785
vt 0.375000 0.494565
vt 0.375000 0.489583
vt 0.500000 0.520861
vt 0.440224 0.521741
vt 0.437582 0.541667
vt 0.372257 0.521741
vt 0.630215 0.541667
vt 0.630435 0.521741
vt 0.635417 0.500000
vt 0.562418 0.541667
vt 0.559776 0.521741
vt 0.559776 0.494565
vt 0.562418 0.489583
vt 0.625000 0.489583
vt 0.592079 0.494565
vt 0.592079 0.521741
vt 0.559777 0.510974
s 0
usemtl Anodized_graphite
f 1191/1517/2922 1202/1518/2923 1153/1519/2924 1142/1520/2925
f 1215/1521/2926 1226/1522/2927 1203/1523/2928 1190/1524/2929
f 1225/1525/2930 1177/1526/2931 1154/1527/2932 1201/1528/2933
f 1143/1529/2934 1155/1530/2935 1179/1531/2936 1166/1532/2937
f 1167/1533/2938 1178/1534/2939 1227/1535/2940 1214/1536/2941
f 1141/1537/2942 1144/1538/2943 1146/1539/2944 1145/1540/2945
f 1144/1538/2946 1148/1541/2947 1149/1542/2948 1146/1539/2949
f 1142/1520/2950 1147/1543/2951 1149/1544/2952 1148/1545/2953
f 1147/1546/2954 1151/1547/2955 1152/1548/2956 1149/1549/2957
f 1143/1529/2958 1150/1550/2959 1152/1548/2960 1151/1547/2961
f 1150/1551/2962 1145/1540/2963 1146/1539/2964 1152/1552/2965
f 1146/1539/2966 1149/1542/2967 1152/1552/2968
f 1153/1519/2969 1156/1553/2970 1158/1554/2971 1157/1543/2972
f 1156/1553/2973 1160/1555/2974 1161/1556/2975 1158/1554/2976
f 1154/1527/2977 1159/1557/2978 1161/1558/2979 1160/1559/2980
f 1159/1560/2981 1163/1561/2982 1164/1562/2983 1161/1563/2984
f 1155/1530/2985 1162/1564/2986 1164/1562/2987 1163/1561/2988
f 1162/1564/2989 1157/1546/2990 1158/1565/2991 1164/1562/2992
f 1158/1554/2993 1161/1556/2994 1164/1566/2995
f 1165/1567/2996 1168/1568/2997 1170/1569/2998 1169/1570/2999
f 1168/1568/3000 1172/1571/3001 1173/1572/3002 1170/1569/3003
f 1166/1532/2937 1171/1573/3004 1173/1574/3005 1172/1575/3006
f 1171/1573/3007 1175/1576/3008 1176/1577/3009 1173/1574/3010
f 1167/1533/3011 1174/1578/3012 1176/1577/3013 1175/1576/3014
f 1174/1579/3015 1169/1570/3016 1170/1569/3017 1176/1580/3018
f 1170/1569/3019 1173/1572/3020 1176/1580/3021
f 1177/1526/2931 1180/1581/3022 1182/1582/3023 1181/1583/3024
f 1180/1584/3025 1184/1585/3026 1185/1586/3027 1182/1587/3028
f 1178/1534/3029 1183/1576/3030 1185/1586/3031 1184/1585/3032
f 1183/1576/3033 1187/1588/3034 1188/1589/3035 1185/1586/3036
f 1179/1531/3037 1186/1590/3038 1188/1589/3039 1187/1588/3040
f 1186/1590/3041 1181/1591/3042 1182/1592/3043 1188/1589/3044
f 1182/1587/3045 1185/1586/3046 1188/1593/3047
f 1189/1594/3048 1192/1595/3049 1194/1596/3050 1193/1597/3051
f 1192/1595/3052 1196/1598/3053 1197/1599/3054 1194/1596/3055
f 1190/1524/2929 1195/1600/3056 1197/1599/3057 1196/1598/3058
f 1195/1600/3059 1199/1601/3060 1200/1602/3061 1197/1599/3062
f 1191/1517/3063 1198/1603/3064 1200/1602/3065 1199/1601/3066
f 1198/1604/3067 1193/1597/3068 1194/1596/3069 1200/1605/3070
f 1194/1596/3071 1197/1606/3072 1200/1605/3073
f 1201/1528/2933 1204/1607/3074 1206/1608/3075 1205/1609/3076
f 1204/1610/3077 1208/1611/3078 1209/1612/3079 1206/1613/3080
f 1202/1518/3081 1207/1601/3082 1209/1612/3083 1208/1611/3084
f 1207/1601/3085 1211/1614/3086 1212/1615/3087 1209/1612/3088
f 1203/1523/3089 1210/1616/3090 1212/1615/3091 1211/1614/3092
f 1210/1616/3093 1205/1609/3094 1206/1608/3095 1212/1615/3096
f 1206/1613/3097 1209/1612/3098 1212/1617/3099
f 1213/1618/3100 1216/1619/3101 1218/1620/3102 1217/1621/3103
f 1216/1619/3104 1220/1622/3105 1221/1623/3106 1218/1620/3107
f 1214/1536/3108 1219/1624/3109 1221/1625/3110 1220/1626/3111
f 1219/1624/3112 1223/1627/3113 1224/1628/3114 1221/1625/3115
f 1215/1521/3116 1222/1629/3117 1224/1628/3118 1223/1627/3119
f 1222/1629/3120 1217/1621/3121 1218/1620/3122 1224/1628/3123
f 1218/1620/3124 1221/1623/3125 1224/1630/3126
f 1225/1525/3127 1228/1631/3128 1230/1632/3129 1229/1633/3130
f 1228/1631/3131 1232/1634/3132 1233/1635/3133 1230/1632/3134
f 1226/1522/2927 1231/1627/3135 1233/1635/3136 1232/1634/3137
f 1231/1627/3138 1235/1624/3139 1236/1636/3140 1233/1635/3141
f 1227/1535/3142 1234/1637/3143 1236/1636/3144 1235/1624/3145
f 1234/1637/3146 1229/1638/3147 1230/1639/3148 1236/1636/3149
f 1230/1640/3150 1233/1635/3151 1236/1641/3152
f 1165/1567/2996 1141/1537/3153 1145/1540/2945 1168/1568/2997
f 1168/1568/3000 1145/1540/3154 1150/1551/2962 1172/1571/3155
f 1172/1575/3006 1150/1550/2959 1143/1529/2934 1166/1532/3156
f 1142/1520/2925 1153/1519/2969 1157/1543/2972 1147/1543/2951
f 1147/1546/2954 1157/1546/2990 1162/1564/2989 1151/1547/3157
f 1151/1547/3158 1162/1564/3159 1155/1530/2935 1143/1529/3160
f 1154/1527/2977 1177/1526/3161 1181/1583/3024 1159/1557/2978
f 1159/1560/2981 1181/1591/3162 1186/1590/3041 1163/1561/3163
f 1163/1561/2988 1186/1590/3038 1179/1531/2936 1155/1530/3164
f 1178/1534/2939 1167/1533/2938 1175/1576/3014 1183/1576/3030
f 1183/1576/3030 1175/1576/3014 1171/1573/3007 1187/1588/3165
f 1187/1588/3165 1171/1573/3007 1166/1532/3166 1179/1531/2936
f 1213/1618/3100 1165/1567/3167 1169/1570/3016 1216/1619/3104
f 1216/1619/3104 1169/1570/3016 1174/1579/3015 1220/1622/3105
f 1220/1626/3105 1174/1578/3015 1167/1533/3011 1214/1536/3108
f 1177/1526/2931 1225/1525/2930 1229/1633/3147 1180/1581/3025
f 1180/1584/3025 1229/1638/3147 1234/1637/3146 1184/1585/3026
f 1184/1585/3026 1234/1637/3146 1227/1535/3142 1178/1534/3029
f 1226/1522/3168 1215/1521/2926 1223/1627/3169 1231/1627/3138
f 1231/1627/3138 1223/1627/3169 1219/1624/3109 1235/1624/3145
f 1235/1624/3145 1219/1624/3109 1214/1536/2941 1227/1535/2940
f 1189/1594/3048 1213/1618/3170 1217/1621/3103 1192/1595/3049
f 1192/1595/3052 1217/1621/3171 1222/1629/3120 1196/1598/3172
f 1196/1598/3058 1222/1629/3117 1215/1521/2926 1190/1524/3173
f 1225/1525/3127 1201/1528/3174 1205/1609/3076 1228/1631/3128
f 1228/1631/3131 1205/1609/3175 1210/1616/3093 1232/1634/3176
f 1232/1634/3137 1210/1616/3090 1203/1523/2928 1226/1522/3177
f 1202/1518/2923 1191/1517/2922 1199/1601/3066 1207/1601/3082
f 1207/1601/3082 1199/1601/3066 1195/1600/3059 1211/1614/3178
f 1211/1614/3178 1195/1600/3059 1190/1524/3179 1203/1523/2928
f 1141/1537/2942 1189/1594/3180 1193/1597/3068 1144/1538/2946
f 1144/1538/2946 1193/1597/3068 1198/1604/3067 1148/1541/2947
f 1148/1545/2947 1198/1603/3067 1191/1517/3063 1142/1520/2950
f 1201/1528/2933 1154/1527/2932 1160/1559/2974 1204/1607/3077
f 1204/1610/3077 1160/1555/2974 1156/1553/2973 1208/1611/3078
f 1208/1611/3078 1156/1553/2973 1153/1519/2924 1202/1518/2923
f 1165/1567/3167 1213/1618/3100 1189/1594/3180 1141/1537/2942
o Outrunner_bell.003
v 0.295000 0.353000 -0.320998
v 0.295000 0.354000 -0.322000
v 0.295000 0.353293 -0.321706
v 0.295000 0.363000 -0.320998
v 0.295000 0.362000 -0.322000
v 0.295000 0.362707 -0.321706
v 0.298393 0.353000 -0.320775
v 0.298524 0.354000 -0.321769
v 0.298486 0.353293 -0.321478
v 0.298393 0.363000 -0.320775
v 0.298524 0.362000 -0.321769
v 0.298486 0.362707 -0.321478
v 0.301729 0.353000 -0.320112
v 0.301988 0.354000 -0.321080
v 0.301912 0.353293 -0.320796
v 0.301729 0.363000 -0.320112
v 0.301988 0.362000 -0.321080
v 0.301912 0.362707 -0.320796
v 0.304949 0.353000 -0.319019
v 0.305332 0.354000 -0.319945
v 0.305220 0.353293 -0.319674
v 0.304949 0.363000 -0.319019
v 0.305332 0.362000 -0.319945
v 0.305220 0.362707 -0.319674
v 0.307999 0.353000 -0.317515
v 0.308500 0.354000 -0.318383
v 0.308353 0.353293 -0.318128
v 0.307999 0.363000 -0.317515
v 0.308500 0.362000 -0.318383
v 0.308353 0.362707 -0.318128
v 0.310826 0.353000 -0.315625
v 0.311437 0.354000 -0.316421
v 0.311258 0.353293 -0.316188
v 0.310826 0.363000 -0.315625
v 0.311437 0.362000 -0.316421
v 0.311258 0.362707 -0.316188
v 0.313383 0.353000 -0.313383
v 0.314092 0.354000 -0.314092
v 0.313884 0.353293 -0.313884
v 0.313383 0.363000 -0.313383
v 0.314092 0.362000 -0.314092
v 0.313884 0.362707 -0.313884
v 0.315625 0.353000 -0.310826
v 0.316421 0.354000 -0.311437
v 0.316188 0.353293 -0.311258
v 0.315625 0.363000 -0.310826
v 0.316421 0.362000 -0.311437
v 0.316188 0.362707 -0.311258
v 0.317515 0.353000 -0.307999
v 0.318383 0.354000 -0.308500
v 0.318128 0.353293 -0.308353
v 0.317515 0.363000 -0.307999
v 0.318383 0.362000 -0.308500
v 0.318128 0.362707 -0.308353
v 0.319019 0.353000 -0.304949
v 0.319945 0.354000 -0.305332
v 0.319674 0.353293 -0.305220
v 0.319019 0.363000 -0.304949
v 0.319945 0.362000 -0.305332
v 0.319674 0.362707 -0.305220
v 0.320112 0.353000 -0.301729
v 0.321080 0.354000 -0.301988
v 0.320796 0.353293 -0.301912
v 0.320112 0.363000 -0.301729
v 0.321080 0.362000 -0.301988
v 0.320796 0.362707 -0.301912
v 0.320775 0.353000 -0.298393
v 0.321769 0.354000 -0.298524
v 0.321478 0.353293 -0.298486
v 0.320775 0.363000 -0.298393
v 0.321769 0.362000 -0.298524
v 0.321478 0.362707 -0.298486
v 0.320998 0.353000 -0.295000
v 0.322000 0.354000 -0.295000
v 0.321706 0.353293 -0.295000
v 0.320998 0.363000 -0.295000
v 0.322000 0.362000 -0.295000
v 0.321706 0.362707 -0.295000
v 0.320775 0.353000 -0.291607
v 0.321769 0.354000 -0.291476
v 0.321478 0.353293 -0.291514
v 0.320775 0.363000 -0.291607
v 0.321769 0.362000 -0.291476
v 0.321478 0.362707 -0.291514
v 0.320112 0.353000 -0.288271
v 0.321080 0.354000 -0.288012
v 0.320796 0.353293 -0.288088
v 0.320112 0.363000 -0.288271
v 0.321080 0.362000 -0.288012
v 0.320796 0.362707 -0.288088
v 0.319019 0.353000 -0.285051
v 0.319945 0.354000 -0.284668
v 0.319674 0.353293 -0.284780
v 0.319019 0.363000 -0.285051
v 0.319945 0.362000 -0.284668
v 0.319674 0.362707 -0.284780
v 0.317515 0.353000 -0.282001
v 0.318383 0.354000 -0.281500
v 0.318128 0.353293 -0.281647
v 0.317515 0.363000 -0.282001
v 0.318383 0.362000 -0.281500
v 0.318128 0.362707 -0.281647
v 0.315625 0.353000 -0.279173
v 0.316421 0.354000 -0.278563
v 0.316188 0.353293 -0.278742
v 0.315625 0.363000 -0.279173
v 0.316421 0.362000 -0.278563
v 0.316188 0.362707 -0.278742
v 0.313383 0.353000 -0.276617
v 0.314092 0.354000 -0.275908
v 0.313884 0.353293 -0.276116
v 0.313383 0.363000 -0.276617
v 0.314092 0.362000 -0.275908
v 0.313884 0.362707 -0.276116
v 0.310826 0.353000 -0.274375
v 0.311437 0.354000 -0.273579
v 0.311258 0.353293 -0.273812
v 0.310826 0.363000 -0.274375
v 0.311437 0.362000 -0.273579
v 0.311258 0.362707 -0.273812
v 0.307999 0.353000 -0.272485
v 0.308500 0.354000 -0.271617
v 0.308353 0.353293 -0.271872
v 0.307999 0.363000 -0.272485
v 0.308500 0.362000 -0.271617
v 0.308353 0.362707 -0.271872
v 0.304949 0.353000 -0.270981
v 0.305332 0.354000 -0.270055
v 0.305220 0.353293 -0.270326
v 0.304949 0.363000 -0.270981
v 0.305332 0.362000 -0.270055
v 0.305220 0.362707 -0.270326
v 0.301729 0.353000 -0.269888
v 0.301988 0.354000 -0.268920
v 0.301912 0.353293 -0.269204
v 0.301729 0.363000 -0.269888
v 0.301988 0.362000 -0.268920
v 0.301912 0.362707 -0.269204
v 0.298393 0.353000 -0.269225
v 0.298524 0.354000 -0.268231
v 0.298486 0.353293 -0.268522
v 0.298393 0.363000 -0.269225
v 0.298524 0.362000 -0.268231
v 0.298486 0.362707 -0.268522
v 0.295000 0.353000 -0.269002
v 0.295000 0.354000 -0.268000
v 0.295000 0.353293 -0.268293
v 0.295000 0.363000 -0.269002
v 0.295000 0.362000 -0.268000
v 0.295000 0.362707 -0.268293
v 0.291607 0.353000 -0.269225
v 0.291476 0.354000 -0.268231
v 0.291514 0.353293 -0.268522
v 0.291607 0.363000 -0.269225
v 0.291476 0.362000 -0.268231
v 0.291514 0.362707 -0.268522
v 0.288271 0.353000 -0.269888
v 0.288012 0.354000 -0.268920
v 0.288088 0.353293 -0.269204
v 0.288271 0.363000 -0.269888
v 0.288012 0.362000 -0.268920
v 0.288088 0.362707 -0.269204
v 0.285051 0.353000 -0.270981
v 0.284668 0.354000 -0.270055
v 0.284780 0.353293 -0.270326
v 0.285051 0.363000 -0.270981
v 0.284668 0.362000 -0.270055
v 0.284780 0.362707 -0.270326
v 0.282001 0.353000 -0.272485
v 0.281500 0.354000 -0.271617
v 0.281647 0.353293 -0.271872
v 0.282001 0.363000 -0.272485
v 0.281500 0.362000 -0.271617
v 0.281647 0.362707 -0.271872
v 0.279173 0.353000 -0.274375
v 0.278563 0.354000 -0.273579
v 0.278742 0.353293 -0.273812
v 0.279173 0.363000 -0.274375
v 0.278563 0.362000 -0.273579
v 0.278742 0.362707 -0.273812
v 0.276617 0.353000 -0.276617
v 0.275908 0.354000 -0.275908
v 0.276116 0.353293 -0.276116
v 0.276617 0.363000 -0.276617
v 0.275908 0.362000 -0.275908
v 0.276116 0.362707 -0.276116
v 0.274375 0.353000 -0.279173
v 0.273579 0.354000 -0.278563
v 0.273812 0.353293 -0.278742
v 0.274375 0.363000 -0.279173
v 0.273579 0.362000 -0.278563
v 0.273812 0.362707 -0.278742
v 0.272485 0.353000 -0.282001
v 0.271617 0.354000 -0.281500
v 0.271872 0.353293 -0.281647
v 0.272485 0.363000 -0.282001
v 0.271617 0.362000 -0.281500
v 0.271872 0.362707 -0.281647
v 0.270981 0.353000 -0.285051
v 0.270055 0.354000 -0.284668
v 0.270326 0.353293 -0.284780
v 0.270981 0.363000 -0.285051
v 0.270055 0.362000 -0.284668
v 0.270326 0.362707 -0.284780
v 0.269888 0.353000 -0.288271
v 0.268920 0.354000 -0.288012
v 0.269204 0.353293 -0.288088
v 0.269888 0.363000 -0.288271
v 0.268920 0.362000 -0.288012
v 0.269204 0.362707 -0.288088
v 0.269225 0.353000 -0.291607
v 0.268231 0.354000 -0.291476
v 0.268522 0.353293 -0.291514
v 0.269225 0.363000 -0.291607
v 0.268231 0.362000 -0.291476
v 0.268522 0.362707 -0.291514
v 0.269002 0.353000 -0.295000
v 0.268000 0.354000 -0.295000
v 0.268293 0.353293 -0.295000
v 0.269002 0.363000 -0.295000
v 0.268000 0.362000 -0.295000
v 0.268293 0.362707 -0.295000
v 0.269225 0.353000 -0.298393
v 0.268231 0.354000 -0.298524
v 0.268522 0.353293 -0.298486
v 0.269225 0.363000 -0.298393
v 0.268231 0.362000 -0.298524
v 0.268522 0.362707 -0.298486
v 0.269888 0.353000 -0.301729
v 0.268920 0.354000 -0.301988
v 0.269204 0.353293 -0.301912
v 0.269888 0.363000 -0.301729
v 0.268920 0.362000 -0.301988
v 0.269204 0.362707 -0.301912
v 0.270981 0.353000 -0.304949
v 0.270055 0.354000 -0.305332
v 0.270326 0.353293 -0.305220
v 0.270981 0.363000 -0.304949
v 0.270055 0.362000 -0.305332
v 0.270326 0.362707 -0.305220
v 0.272485 0.353000 -0.307999
v 0.271617 0.354000 -0.308500
v 0.271872 0.353293 -0.308353
v 0.272485 0.363000 -0.307999
v 0.271617 0.362000 -0.308500
v 0.271872 0.362707 -0.308353
v 0.274375 0.353000 -0.310826
v 0.273579 0.354000 -0.311437
v 0.273812 0.353293 -0.311258
v 0.274375 0.363000 -0.310826
v 0.273579 0.362000 -0.311437
v 0.273812 0.362707 -0.311258
v 0.276617 0.353000 -0.313383
v 0.275908 0.354000 -0.314092
v 0.276116 0.353293 -0.313884
v 0.276617 0.363000 -0.313383
v 0.275908 0.362000 -0.314092
v 0.276116 0.362707 -0.313884
v 0.279173 0.353000 -0.315625
v 0.278563 0.354000 -0.316421
v 0.278742 0.353293 -0.316188
v 0.279173 0.363000 -0.315625
v 0.278563 0.362000 -0.316421
v 0.278742 0.362707 -0.316188
v 0.282001 0.353000 -0.317515
v 0.281500 0.354000 -0.318383
v 0.281647 0.353293 -0.318128
v 0.282001 0.363000 -0.317515
v 0.281500 0.362000 -0.318383
v 0.281647 0.362707 -0.318128
v 0.285051 0.353000 -0.319019
v 0.284668 0.354000 -0.319945
v 0.284780 0.353293 -0.319674
v 0.285051 0.363000 -0.319019
v 0.284668 0.362000 -0.319945
v 0.284780 0.362707 -0.319674
v 0.288271 0.353000 -0.320112
v 0.288012 0.354000 -0.321080
v 0.288088 0.353293 -0.320796
v 0.288271 0.363000 -0.320112
v 0.288012 0.362000 -0.321080
v 0.288088 0.362707 -0.320796
v 0.291607 0.353000 -0.320775
v 0.291476 0.354000 -0.321769
v 0.291514 0.353293 -0.321478
v 0.291607 0.363000 -0.320775
v 0.291476 0.362000 -0.321769
v 0.291514 0.362707 -0.321478
vn -0.1305 -0.0336 -0.9909
vn -0.1305 0.0336 -0.9909
vn -0.0000 0.0336 -0.9994
vn -0.0000 -0.0336 -0.9994
vn 0.2587 -0.0336 -0.9654
vn 0.2587 0.0336 -0.9654
vn 0.3825 0.0336 -0.9234
vn 0.3825 -0.0336 -0.9234
vn 0.4997 0.0336 -0.8655
vn 0.4997 -0.0336 -0.8655
vn 0.6084 0.0336 -0.7929
vn 0.6084 -0.0336 -0.7929
vn 0.7067 0.0336 -0.7067
vn 0.7067 -0.0336 -0.7067
vn 0.7929 0.0336 -0.6084
vn 0.7929 -0.0336 -0.6084
vn 0.8655 0.0336 -0.4997
vn 0.8655 -0.0336 -0.4997
vn 0.9234 0.0336 -0.3825
vn 0.9234 -0.0336 -0.3825
vn 0.9654 0.0336 -0.2587
vn 0.9654 -0.0336 -0.2587
vn 0.9909 0.0336 -0.1305
vn 0.9909 -0.0336 -0.1305
vn 0.9994 0.0336 -0.0000
vn 0.9994 -0.0336 -0.0000
vn 0.9909 0.0336 0.1305
vn 0.9909 -0.0336 0.1305
vn 0.9654 0.0336 0.2587
vn 0.9654 -0.0336 0.2587
vn 0.9234 0.0336 0.3825
vn 0.9234 -0.0336 0.3825
vn 0.8655 0.0336 0.4997
vn 0.8655 -0.0336 0.4997
vn 0.7929 0.0336 0.6084
vn 0.7929 -0.0336 0.6084
vn 0.7067 0.0336 0.7067
vn 0.7067 -0.0336 0.7067
vn 0.6084 0.0336 0.7929
vn 0.6084 -0.0336 0.7929
vn 0.4997 0.0336 0.8655
vn 0.4997 -0.0336 0.8655
vn 0.3825 0.0336 0.9234
vn 0.3825 -0.0336 0.9234
vn 0.2587 0.0336 0.9654
vn 0.2587 -0.0336 0.9654
vn 0.1305 0.0336 0.9909
vn 0.1305 -0.0336 0.9909
vn -0.0000 0.0336 0.9994
vn -0.0000 -0.0336 0.9994
vn -0.1305 0.0336 0.9909
vn -0.1305 -0.0336 0.9909
vn -0.2587 0.0336 0.9654
vn -0.2587 -0.0336 0.9654
vn -0.3825 0.0336 0.9234
vn -0.3825 -0.0336 0.9234
vn -0.4997 0.0336 0.8655
vn -0.4997 -0.0336 0.8655
vn -0.6084 0.0336 0.7929
vn -0.6084 -0.0336 0.7929
vn -0.7067 0.0336 0.7067
vn -0.7067 -0.0336 0.7067
vn -0.7929 0.0336 0.6084
vn -0.7929 -0.0336 0.6084
vn -0.8655 0.0336 0.4997
vn -0.8655 -0.0336 0.4997
vn -0.9234 0.0336 0.3825
vn -0.9234 -0.0336 0.3825
vn -0.9654 0.0336 0.2587
vn -0.9654 -0.0336 0.2587
vn -0.9909 0.0336 0.1305
vn -0.9909 -0.0336 0.1305
vn -0.9994 0.0336 -0.0000
vn -0.9994 -0.0336 -0.0000
vn -0.9909 0.0336 -0.1305
vn -0.9909 -0.0336 -0.1305
vn -0.9654 0.0336 -0.2587
vn -0.9654 -0.0336 -0.2587
vn -0.9234 0.0336 -0.3825
vn -0.9234 -0.0336 -0.3825
vn -0.8655 0.0336 -0.4997
vn -0.8655 -0.0336 -0.4997
vn -0.7929 0.0336 -0.6084
vn -0.7929 -0.0336 -0.6084
vn -0.7067 0.0336 -0.7067
vn -0.7067 -0.0336 -0.7067
vn -0.6084 0.0336 -0.7929
vn -0.6084 -0.0336 -0.7929
vn -0.4997 0.0336 -0.8655
vn -0.4997 -0.0336 -0.8655
vn -0.3825 0.0336 -0.9234
vn -0.3825 -0.0336 -0.9234
vn -0.2587 0.0336 -0.9654
vn -0.2587 -0.0336 -0.9654
vn 0.1305 -0.0336 -0.9909
vn 0.1305 0.0336 -0.9909
vn 0.0001 1.0000 -0.0010
vn -0.0000 1.0000 -0.0010
vn -0.0001 1.0000 -0.0010
vn -0.0002 1.0000 -0.0009
vn -0.0004 1.0000 -0.0009
vn -0.0005 1.0000 -0.0008
vn -0.0006 1.0000 -0.0008
vn -0.0007 1.0000 -0.0007
vn -0.0008 1.0000 -0.0006
vn -0.0008 1.0000 -0.0005
vn -0.0009 1.0000 -0.0004
vn -0.0009 1.0000 -0.0003
vn -0.0010 1.0000 -0.0001
vn -0.0010 1.0000 -0.0000
vn -0.0010 1.0000 0.0001
vn -0.0009 1.0000 0.0002
vn -0.0009 1.0000 0.0004
vn -0.0008 1.0000 0.0005
vn -0.0008 1.0000 0.0006
vn -0.0007 1.0000 0.0007
vn -0.0006 1.0000 0.0008
vn -0.0005 1.0000 0.0008
vn -0.0004 1.0000 0.0009
vn -0.0003 1.0000 0.0009
vn -0.0001 1.0000 0.0010
vn -0.0000 1.0000 0.0010
vn 0.0001 1.0000 0.0010
vn 0.0002 1.0000 0.0009
vn 0.0004 1.0000 0.0009
vn 0.0005 1.0000 0.0008
vn 0.0006 1.0000 0.0008
vn 0.0007 1.0000 0.0007
vn 0.0008 1.0000 0.0006
vn 0.0008 1.0000 0.0005
vn 0.0009 1.0000 0.0004
vn 0.0009 1.0000 0.0003
vn 0.0010 1.0000 0.0001
vn 0.0010 1.0000 -0.0000
vn 0.0010 1.0000 -0.0001
vn 0.0009 1.0000 -0.0002
vn 0.0009 1.0000 -0.0004
vn 0.0008 1.0000 -0.0005
vn 0.0008 1.0000 -0.0006
vn 0.0007 1.0000 -0.0007
vn 0.0006 1.0000 -0.0008
vn 0.0005 1.0000 -0.0008
vn 0.0004 1.0000 -0.0009
vn 0.0003 1.0000 -0.0009
vn 0.0926 -0.7051 -0.7030
vn -0.0000 -0.7051 -0.7091
vn 0.0001 -1.0000 -0.0010
vn -0.0000 -1.0000 -0.0010
vn -0.0000 0.7051 -0.7091
vn 0.0926 0.7051 -0.7030
vn 0.1835 -0.7051 -0.6849
vn 0.0003 -1.0000 -0.0009
vn 0.1835 0.7051 -0.6849
vn 0.2714 -0.7051 -0.6551
vn 0.0004 -1.0000 -0.0009
vn 0.2714 0.7051 -0.6551
vn 0.3546 -0.7051 -0.6141
vn 0.0005 -1.0000 -0.0008
vn 0.3546 0.7051 -0.6141
vn 0.4317 -0.7051 -0.5626
vn 0.0006 -1.0000 -0.0008
vn 0.4317 0.7051 -0.5626
vn 0.5014 -0.7051 -0.5014
vn 0.0007 -1.0000 -0.0007
vn 0.5014 0.7051 -0.5014
vn 0.5626 -0.7051 -0.4317
vn 0.0008 -1.0000 -0.0006
vn 0.5626 0.7051 -0.4317
vn 0.6141 -0.7051 -0.3546
vn 0.0008 -1.0000 -0.0005
vn 0.6141 0.7051 -0.3546
vn 0.6551 -0.7051 -0.2714
vn 0.0009 -1.0000 -0.0004
vn 0.6551 0.7051 -0.2714
vn 0.6850 -0.7051 -0.1835
vn 0.0009 -1.0000 -0.0002
vn 0.6849 0.7051 -0.1835
vn 0.7030 -0.7051 -0.0926
vn 0.0010 -1.0000 -0.0001
vn 0.7030 0.7051 -0.0926
vn 0.7091 -0.7051 -0.0000
vn 0.0010 -1.0000 -0.0000
vn 0.7091 0.7051 -0.0000
vn 0.7030 -0.7051 0.0926
vn 0.0010 -1.0000 0.0001
vn 0.7030 0.7051 0.0926
vn 0.6849 -0.7051 0.1835
vn 0.0009 -1.0000 0.0003
vn 0.6850 0.7051 0.1835
vn 0.6551 -0.7051 0.2714
vn 0.0009 -1.0000 0.0004
vn 0.6551 0.7051 0.2714
vn 0.6141 -0.7051 0.3546
vn 0.0008 -1.0000 0.0005
vn 0.6141 0.7051 0.3546
vn 0.5626 -0.7051 0.4317
vn 0.0008 -1.0000 0.0006
vn 0.5626 0.7051 0.4317
vn 0.5014 -0.7051 0.5014
vn 0.0007 -1.0000 0.0007
vn 0.5014 0.7051 0.5014
vn 0.4317 -0.7051 0.5626
vn 0.0006 -1.0000 0.0008
vn 0.4317 0.7051 0.5626
vn 0.3546 -0.7051 0.6141
vn 0.0005 -1.0000 0.0008
vn 0.3546 0.7051 0.6141
vn 0.2714 -0.7051 0.6551
vn 0.0004 -1.0000 0.0009
vn 0.2714 0.7051 0.6551
vn 0.1835 -0.7051 0.6849
vn 0.0002 -1.0000 0.0009
vn 0.1835 0.7051 0.6850
vn 0.0926 -0.7051 0.7030
vn 0.0001 -1.0000 0.0010
vn 0.0926 0.7051 0.7030
vn -0.0000 -0.7051 0.7091
vn -0.0000 -1.0000 0.0010
vn -0.0000 0.7051 0.7091
vn -0.0926 -0.7051 0.7030
vn -0.0001 -1.0000 0.0010
vn -0.0926 0.7051 0.7030
vn -0.1835 -0.7051 0.6849
vn -0.0003 -1.0000 0.0009
vn -0.1835 0.7051 0.6849
vn -0.2714 -0.7051 0.6551
vn -0.0004 -1.0000 0.0009
vn -0.2714 0.7051 0.6551
vn -0.3546 -0.7051 0.6141
vn -0.0005 -1.0000 0.0008
vn -0.3546 0.7051 0.6141
vn -0.4317 -0.7051 0.5626
vn -0.0006 -1.0000 0.0008
vn -0.4317 0.7051 0.5626
vn -0.5014 -0.7051 0.5014
vn -0.0007 -1.0000 0.0007
vn -0.5014 0.7051 0.5014
vn -0.5626 -0.7051 0.4317
vn -0.0008 -1.0000 0.0006
vn -0.5626 0.7051 0.4317
vn -0.6141 -0.7051 0.3546
vn -0.0008 -1.0000 0.0005
vn -0.6141 0.7051 0.3546
vn -0.6551 -0.7051 0.2714
vn -0.0009 -1.0000 0.0004
vn -0.6551 0.7051 0.2714
vn -0.6850 -0.7051 0.1835
vn -0.0009 -1.0000 0.0002
vn -0.6849 0.7051 0.1835
vn -0.7030 -0.7051 0.0926
vn -0.0010 -1.0000 0.0001
vn -0.7030 0.7051 0.0926
vn -0.7091 -0.7051 -0.0000
vn -0.0010 -1.0000 -0.0000
vn -0.7091 0.7051 -0.0000
vn -0.7030 -0.7051 -0.0926
vn -0.0010 -1.0000 -0.0001
vn -0.7030 0.7051 -0.0926
vn -0.6849 -0.7051 -0.1835
vn -0.0009 -1.0000 -0.0003
vn -0.6850 0.7051 -0.1835
vn -0.6551 -0.7051 -0.2714
vn -0.0009 -1.0000 -0.0004
vn -0.6551 0.7051 -0.2714
vn -0.6141 -0.7051 -0.3546
vn -0.0008 -1.0000 -0.0005
vn -0.6141 0.7051 -0.3546
vn -0.5626 -0.7051 -0.4317
vn -0.0008 -1.0000 -0.0006
vn -0.5626 0.7051 -0.4317
vn -0.5014 -0.7051 -0.5014
vn -0.0007 -1.0000 -0.0007
vn -0.5014 0.7051 -0.5014
vn -0.4317 -0.7051 -0.5626
vn -0.0006 -1.0000 -0.0008
vn -0.4317 0.7051 -0.5626
vn -0.3546 -0.7051 -0.6141
vn -0.0005 -1.0000 -0.0008
vn -0.3546 0.7051 -0.6141
vn -0.2714 -0.7051 -0.6551
vn -0.0004 -1.0000 -0.0009
vn -0.2714 0.7051 -0.6551
vn -0.1835 -0.7051 -0.6849
vn -0.0002 -1.0000 -0.0009
vn -0.1835 0.7051 -0.6850
vn -0.0926 -0.7051 -0.7030
vn -0.0001 -1.0000 -0.0010
vn -0.0926 0.7051 -0.7030
vt 0.020834 0.550000
vt 0.020834 0.950000
vt 0.000000 0.950000
vt 0.000000 0.550000
vt 0.958333 0.550000
vt 0.958333 0.950000
vt 0.937500 0.950000
vt 0.937500 0.550000
vt 0.937500 0.550000
vt 0.937500 0.950000
vt 0.916667 0.950000
vt 0.916667 0.550000
vt 0.895833 0.950000
vt 0.895833 0.550000
vt 0.895833 0.550000
vt 0.895833 0.950000
vt 0.875000 0.950000
vt 0.875000 0.550000
vt 0.854167 0.950000
vt 0.854167 0.550000
vt 0.854167 0.550000
vt 0.854167 0.950000
vt 0.833333 0.950000
vt 0.833333 0.550000
vt 0.812500 0.950000
vt 0.812500 0.550000
vt 0.791667 0.950000
vt 0.791667 0.550000
vt 0.770834 0.950000
vt 0.770834 0.550000
vt 0.750000 0.950000
vt 0.750000 0.550000
vt 0.729167 0.950000
vt 0.729167 0.550000
vt 0.708334 0.950000
vt 0.708334 0.550000
vt 0.687500 0.950000
vt 0.687500 0.550000
vt 0.666667 0.950000
vt 0.666667 0.550000
vt 0.645834 0.950000
vt 0.645834 0.550000
vt 0.625000 0.950000
vt 0.625000 0.550000
vt 0.604167 0.950000
vt 0.604167 0.550000
vt 0.583334 0.950000
vt 0.583334 0.550000
vt 0.562500 0.950000
vt 0.562500 0.550000
vt 0.541667 0.950000
vt 0.541667 0.550000
vt 0.520834 0.950000
vt 0.520834 0.550000
vt 0.500000 0.950000
vt 0.500000 0.550000
vt 0.479167 0.950000
vt 0.479167 0.550000
vt 0.479167 0.550000
vt 0.479167 0.950000
vt 0.458334 0.950000
vt 0.458334 0.550000
vt 0.437500 0.950000
vt 0.437500 0.550000
vt 0.416667 0.950000
vt 0.416667 0.550000
vt 0.395834 0.950000
vt 0.395834 0.550000
vt 0.375000 0.950000
vt 0.375000 0.550000
vt 0.354167 0.950000
vt 0.354167 0.550000
vt 0.333334 0.950000
vt 0.333334 0.550000
vt 0.312500 0.950000
vt 0.312500 0.550000
vt 0.291667 0.950000
vt 0.291667 0.550000
vt 0.270834 0.950000
vt 0.270834 0.550000
vt 0.250000 0.950000
vt 0.250000 0.550000
vt 0.229167 0.950000
vt 0.229167 0.550000
vt 0.208334 0.950000
vt 0.208334 0.550000
vt 0.187500 0.950000
vt 0.187500 0.550000
vt 0.166667 0.950000
vt 0.166667 0.550000
vt 0.145834 0.950000
vt 0.145834 0.550000
vt 0.125000 0.950000
vt 0.125000 0.550000
vt 0.104167 0.950000
vt 0.104167 0.550000
vt 0.083334 0.950000
vt 0.083334 0.550000
vt 0.062500 0.950000
vt 0.062500 0.550000
vt 0.041667 0.950000
vt 0.041667 0.550000
vt 0.020834 0.950000
vt 0.020834 0.550000
vt 0.979167 0.550000
vt 0.979167 0.950000
vt 0.280163 0.479115
vt 0.250000 0.481092
vt 0.219836 0.479115
vt 0.190189 0.473218
vt 0.161565 0.463501
vt 0.134454 0.450132
vt 0.109320 0.433338
vt 0.086593 0.413407
vt 0.066662 0.390680
vt 0.049868 0.365546
vt 0.036499 0.338435
vt 0.026782 0.309811
vt 0.020885 0.280163
vt 0.018908 0.250000
vt 0.020885 0.219836
vt 0.026782 0.190189
vt 0.036499 0.161565
vt 0.049868 0.134454
vt 0.066662 0.109320
vt 0.086593 0.086593
vt 0.109320 0.066662
vt 0.134454 0.049868
vt 0.161565 0.036499
vt 0.190189 0.026782
vt 0.219836 0.020885
vt 0.250000 0.018908
vt 0.280163 0.020885
vt 0.309811 0.026782
vt 0.338435 0.036499
vt 0.365546 0.049868
vt 0.390680 0.066662
vt 0.413407 0.086593
vt 0.433338 0.109320
vt 0.450132 0.134454
vt 0.463501 0.161565
vt 0.473218 0.190189
vt 0.479115 0.219836
vt 0.481092 0.250000
vt 0.479115 0.280163
vt 0.473218 0.309811
vt 0.463501 0.338435
vt 0.450132 0.365546
vt 0.433338 0.390680
vt 0.413407 0.413407
vt 0.390680 0.433338
vt 0.365546 0.450132
vt 0.338435 0.463501
vt 0.309811 0.473218
vt 1.000000 0.550000
vt 1.000000 0.950000
vt 0.979167 0.950000
vt 0.979167 0.550000
vt 0.979280 0.500000
vt 0.999887 0.500000
vt 0.750170 0.489989
vt 0.781156 0.487958
vt 0.780163 0.479115
vt 0.750000 0.481092
vt 0.999887 1.000000
vt 0.979280 1.000000
vt 0.281156 0.487958
vt 0.250170 0.489989
vt 0.958447 0.500000
vt 0.979053 0.500000
vt 0.781494 0.487913
vt 0.811949 0.481855
vt 0.809811 0.473218
vt 0.979053 1.000000
vt 0.958447 1.000000
vt 0.311949 0.481855
vt 0.281494 0.487913
vt 0.937613 0.500000
vt 0.958220 0.500000
vt 0.812278 0.481767
vt 0.841682 0.471786
vt 0.838435 0.463501
vt 0.958220 1.000000
vt 0.937613 1.000000
vt 0.341682 0.471786
vt 0.312278 0.481767
vt 0.916780 0.500000
vt 0.937387 0.500000
vt 0.841997 0.471656
vt 0.869847 0.457922
vt 0.865546 0.450132
vt 0.937387 1.000000
vt 0.916780 1.000000
vt 0.369847 0.457922
vt 0.341997 0.471656
vt 0.895947 0.500000
vt 0.916553 0.500000
vt 0.870142 0.457751
vt 0.895961 0.440500
vt 0.890680 0.433338
vt 0.916553 1.000000
vt 0.895947 1.000000
vt 0.395961 0.440500
vt 0.370142 0.457751
vt 0.875113 0.500000
vt 0.895720 0.500000
vt 0.896231 0.440292
vt 0.919577 0.419818
vt 0.913406 0.413407
vt 0.895720 1.000000
vt 0.875113 1.000000
vt 0.419577 0.419818
vt 0.396231 0.440292
vt 0.854280 0.500000
vt 0.874887 0.500000
vt 0.919818 0.419577
vt 0.940292 0.396231
vt 0.933337 0.390680
vt 0.874887 1.000000
vt 0.854280 1.000000
vt 0.440292 0.396231
vt 0.419818 0.419577
vt 0.833447 0.500000
vt 0.854054 0.500000
vt 0.940500 0.395961
vt 0.957751 0.370142
vt 0.950131 0.365546
vt 0.854054 1.000000
vt 0.833447 1.000000
vt 0.457751 0.370142
vt 0.440500 0.395961
vt 0.812613 0.500000
vt 0.833220 0.500000
vt 0.957922 0.369847
vt 0.971656 0.341997
vt 0.963501 0.338435
vt 0.833220 1.000000
vt 0.812613 1.000000
vt 0.471656 0.341997
vt 0.457922 0.369847
vt 0.791780 0.500000
vt 0.812387 0.500000
vt 0.971786 0.341682
vt 0.981767 0.312278
vt 0.973217 0.309811
vt 0.812387 1.000000
vt 0.791780 1.000000
vt 0.481767 0.312278
vt 0.471786 0.341682
vt 0.770947 0.500000
vt 0.791554 0.500000
vt 0.981856 0.311949
vt 0.987913 0.281494
vt 0.979115 0.280163
vt 0.791554 1.000000
vt 0.770947 1.000000
vt 0.487913 0.281494
vt 0.481855 0.311949
vt 0.750113 0.500000
vt 0.770720 0.500000
vt 0.987958 0.281156
vt 0.989989 0.250170
vt 0.981092 0.250000
vt 0.770720 1.000000
vt 0.750113 1.000000
vt 0.489989 0.250170
vt 0.487958 0.281156
vt 0.729280 0.500000
vt 0.749887 0.500000
vt 0.989989 0.249830
vt 0.987958 0.218844
vt 0.979115 0.219836
vt 0.749887 1.000000
vt 0.729280 1.000000
vt 0.487958 0.218844
vt 0.489989 0.249830
vt 0.708447 0.500000
vt 0.729054 0.500000
vt 0.987913 0.218506
vt 0.981856 0.188051
vt 0.973217 0.190189
vt 0.729054 1.000000
vt 0.708447 1.000000
vt 0.481855 0.188051
vt 0.487913 0.218506
vt 0.687613 0.500000
vt 0.708220 0.500000
vt 0.981767 0.187722
vt 0.971786 0.158318
vt 0.963501 0.161565
vt 0.708220 1.000000
vt 0.687613 1.000000
vt 0.471786 0.158318
vt 0.481767 0.187722
vt 0.666780 0.500000
vt 0.687387 0.500000
vt 0.971656 0.158003
vt 0.957922 0.130153
vt 0.950131 0.134454
vt 0.687387 1.000000
vt 0.666780 1.000000
vt 0.457922 0.130153
vt 0.471656 0.158003
vt 0.645947 0.500000
vt 0.666554 0.500000
vt 0.957751 0.129858
vt 0.940500 0.104039
vt 0.933338 0.109320
vt 0.666554 1.000000
vt 0.645947 1.000000
vt 0.440500 0.104039
vt 0.457751 0.129858
vt 0.625114 0.500000
vt 0.645720 0.500000
vt 0.940292 0.103769
vt 0.919818 0.080423
vt 0.913406 0.086593
vt 0.645720 1.000000
vt 0.625114 1.000000
vt 0.419818 0.080423
vt 0.440292 0.103769
vt 0.604280 0.500000
vt 0.624887 0.500000
vt 0.919577 0.080182
vt 0.896231 0.059708
vt 0.890680 0.066662
vt 0.624887 1.000000
vt 0.604280 1.000000
vt 0.396231 0.059708
vt 0.419577 0.080182
vt 0.583447 0.500000
vt 0.604054 0.500000
vt 0.895961 0.059500
vt 0.870142 0.042249
vt 0.865546 0.049868
vt 0.604054 1.000000
vt 0.583447 1.000000
vt 0.370142 0.042249
vt 0.395961 0.059500
vt 0.562614 0.500000
vt 0.583220 0.500000
vt 0.869847 0.042078
vt 0.841997 0.028344
vt 0.838435 0.036499
vt 0.583220 1.000000
vt 0.562614 1.000000
vt 0.341997 0.028344
vt 0.369847 0.042078
vt 0.541780 0.500000
vt 0.562387 0.500000
vt 0.841682 0.028214
vt 0.812278 0.018233
vt 0.809811 0.026782
vt 0.562387 1.000000
vt 0.541780 1.000000
vt 0.312278 0.018233
vt 0.341682 0.028214
vt 0.520947 0.500000
vt 0.541554 0.500000
vt 0.811949 0.018145
vt 0.781494 0.012087
vt 0.780163 0.020885
vt 0.541554 1.000000
vt 0.520947 1.000000
vt 0.281494 0.012087
vt 0.311949 0.018145
vt 0.500114 0.500000
vt 0.520721 0.500000
vt 0.781156 0.012042
vt 0.750170 0.010011
vt 0.750000 0.018908
vt 0.520721 1.000000
vt 0.500114 1.000000
vt 0.250170 0.010011
vt 0.281156 0.012042
vt 0.479280 0.500000
vt 0.499887 0.500000
vt 0.749830 0.010011
vt 0.718844 0.012042
vt 0.719836 0.020885
vt 0.499887 1.000000
vt 0.479280 1.000000
vt 0.218844 0.012042
vt 0.249830 0.010011
vt 0.458447 0.500000
vt 0.479054 0.500000
vt 0.718506 0.012087
vt 0.688051 0.018145
vt 0.690189 0.026782
vt 0.479054 1.000000
vt 0.458447 1.000000
vt 0.188051 0.018145
vt 0.218506 0.012087
vt 0.437614 0.500000
vt 0.458221 0.500000
vt 0.687722 0.018233
vt 0.658318 0.028214
vt 0.661565 0.036499
vt 0.458221 1.000000
vt 0.437614 1.000000
vt 0.158318 0.028214
vt 0.187722 0.018233
vt 0.416780 0.500000
vt 0.437387 0.500000
vt 0.658003 0.028344
vt 0.630153 0.042078
vt 0.634454 0.049868
vt 0.437387 1.000000
vt 0.416780 1.000000
vt 0.130153 0.042078
vt 0.158003 0.028344
vt 0.395947 0.500000
vt 0.416554 0.500000
vt 0.629858 0.042249
vt 0.604039 0.059500
vt 0.609320 0.066662
vt 0.416554 1.000000
vt 0.395947 1.000000
vt 0.104039 0.059500
vt 0.129858 0.042249
vt 0.375114 0.500000
vt 0.395721 0.500000
vt 0.603769 0.059708
vt 0.580423 0.080182
vt 0.586593 0.086593
vt 0.395721 1.000000
vt 0.375114 1.000000
vt 0.080423 0.080182
vt 0.103769 0.059708
vt 0.354280 0.500000
vt 0.374887 0.500000
vt 0.580182 0.080423
vt 0.559708 0.103769
vt 0.566662 0.109320
vt 0.374887 1.000000
vt 0.354280 1.000000
vt 0.059708 0.103769
vt 0.080182 0.080423
vt 0.333447 0.500000
vt 0.354054 0.500000
vt 0.559500 0.104039
vt 0.542249 0.129858
vt 0.549868 0.134454
vt 0.354054 1.000000
vt 0.333447 1.000000
vt 0.042249 0.129858
vt 0.059500 0.104039
vt 0.312614 0.500000
vt 0.333221 0.500000
vt 0.542078 0.130153
vt 0.528344 0.158003
vt 0.536499 0.161565
vt 0.333221 1.000000
vt 0.312614 1.000000
vt 0.028344 0.158003
vt 0.042078 0.130153
vt 0.291780 0.500000
vt 0.312387 0.500000
vt 0.528214 0.158318
vt 0.518233 0.187722
vt 0.526782 0.190189
vt 0.312387 1.000000
vt 0.291780 1.000000
vt 0.018233 0.187722
vt 0.028214 0.158318
vt 0.270947 0.500000
vt 0.291554 0.500000
vt 0.518145 0.188051
vt 0.512087 0.218506
vt 0.520885 0.219836
vt 0.291554 1.000000
vt 0.270947 1.000000
vt 0.012087 0.218506
vt 0.018145 0.188051
vt 0.250114 0.500000
vt 0.270720 0.500000
vt 0.512042 0.218844
vt 0.510011 0.249830
vt 0.518908 0.250000
vt 0.270720 1.000000
vt 0.250114 1.000000
vt 0.010011 0.249830
vt 0.012042 0.218844
vt 0.229280 0.500000
vt 0.249887 0.500000
vt 0.510011 0.250170
vt 0.512042 0.281156
vt 0.520885 0.280164
vt 0.249887 1.000000
vt 0.229280 1.000000
vt 0.012042 0.281156
vt 0.010011 0.250170
vt 0.208447 0.500000
vt 0.229054 0.500000
vt 0.512087 0.281494
vt 0.518144 0.311949
vt 0.526782 0.309811
vt 0.229054 1.000000
vt 0.208447 1.000000
vt 0.018145 0.311949
vt 0.012087 0.281494
vt 0.187614 0.500000
vt 0.208220 0.500000
vt 0.518233 0.312278
vt 0.528214 0.341682
vt 0.536499 0.338435
vt 0.208220 1.000000
vt 0.187614 1.000000
vt 0.028214 0.341682
vt 0.018233 0.312278
vt 0.166780 0.500000
vt 0.187387 0.500000
vt 0.528344 0.341997
vt 0.542078 0.369847
vt 0.549868 0.365546
vt 0.187387 1.000000
vt 0.166780 1.000000
vt 0.042078 0.369847
vt 0.028344 0.341997
vt 0.145947 0.500000
vt 0.166554 0.500000
vt 0.542249 0.370142
vt 0.559500 0.395961
vt 0.566662 0.390680
vt 0.166554 1.000000
vt 0.145947 1.000000
vt 0.059500 0.395961
vt 0.042249 0.370142
vt 0.125114 0.500000
vt 0.145720 0.500000
vt 0.559708 0.396231
vt 0.580182 0.419577
vt 0.586593 0.413407
vt 0.145720 1.000000
vt 0.125114 1.000000
vt 0.080182 0.419577
vt 0.059708 0.396231
vt 0.104280 0.500000
vt 0.124887 0.500000
vt 0.580423 0.419818
vt 0.603769 0.440292
vt 0.609320 0.433338
vt 0.124887 1.000000
vt 0.104280 1.000000
vt 0.103769 0.440292
vt 0.080423 0.419818
vt 0.083447 0.500000
vt 0.104054 0.500000
vt 0.604039 0.440500
vt 0.629858 0.457751
vt 0.634454 0.450132
vt 0.104054 1.000000
vt 0.083447 1.000000
vt 0.129858 0.457751
vt 0.104039 0.440500
vt 0.062614 0.500000
vt 0.083220 0.500000
vt 0.630153 0.457922
vt 0.658003 0.471656
vt 0.661565 0.463501
vt 0.083220 1.000000
vt 0.062614 1.000000
vt 0.158003 0.471656
vt 0.130153 0.457922
vt 0.041780 0.500000
vt 0.062387 0.500000
vt 0.658318 0.471786
vt 0.687722 0.481767
vt 0.690189 0.473218
vt 0.062387 1.000000
vt 0.041780 1.000000
vt 0.187722 0.481767
vt 0.158318 0.471786
vt 0.020947 0.500000
vt 0.041554 0.500000
vt 0.688051 0.481855
vt 0.718506 0.487913
vt 0.719837 0.479115
vt 0.041554 1.000000
vt 0.020947 1.000000
vt 0.218506 0.487913
vt 0.188051 0.481855
vt 0.000114 0.500000
vt 0.020720 0.500000
vt 0.718844 0.487958
vt 0.749830 0.489989
vt 0.020720 1.000000
vt 0.000114 1.000000
vt 0.249830 0.489989
vt 0.218844 0.487958
s 1
usemtl Anodized_graphite
f 1520/1642/3181 1523/1643/3182 1241/1644/3183 1238/1645/3184
f 1250/1646/3185 1253/1647/3186 1259/1648/3187 1256/1649/3188
f 1256/1650/3188 1259/1651/3187 1265/1652/3189 1262/1653/3190
f 1262/1653/3190 1265/1652/3189 1271/1654/3191 1268/1655/3192
f 1268/1656/3192 1271/1657/3191 1277/1658/3193 1274/1659/3194
f 1274/1659/3194 1277/1658/3193 1283/1660/3195 1280/1661/3196
f 1280/1662/3196 1283/1663/3195 1289/1664/3197 1286/1665/3198
f 1286/1665/3198 1289/1664/3197 1295/1666/3199 1292/1667/3200
f 1292/1667/3200 1295/1666/3199 1301/1668/3201 1298/1669/3202
f 1298/1669/3202 1301/1668/3201 1307/1670/3203 1304/1671/3204
f 1304/1671/3204 1307/1670/3203 1313/1672/3205 1310/1673/3206
f 1310/1673/3206 1313/1672/3205 1319/1674/3207 1316/1675/3208
f 1316/1675/3208 1319/1674/3207 1325/1676/3209 1322/1677/3210
f 1322/1677/3210 1325/1676/3209 1331/1678/3211 1328/1679/3212
f 1328/1679/3212 1331/1678/3211 1337/1680/3213 1334/1681/3214
f 1334/1681/3214 1337/1680/3213 1343/1682/3215 1340/1683/3216
f 1340/1683/3216 1343/1682/3215 1349/1684/3217 1346/1685/3218
f 1346/1685/3218 1349/1684/3217 1355/1686/3219 1352/1687/3220
f 1352/1687/3220 1355/1686/3219 1361/1688/3221 1358/1689/3222
f 1358/1689/3222 1361/1688/3221 1367/1690/3223 1364/1691/3224
f 1364/1691/3224 1367/1690/3223 1373/1692/3225 1370/1693/3226
f 1370/1693/3226 1373/1692/3225 1379/1694/3227 1376/1695/3228
f 1376/1695/3228 1379/1694/3227 1385/1696/3229 1382/1697/3230
f 1382/1697/3230 1385/1696/3229 1391/1698/3231 1388/1699/3232
f 1388/1700/3232 1391/1701/3231 1397/1702/3233 1394/1703/3234
f 1394/1703/3234 1397/1702/3233 1403/1704/3235 1400/1705/3236
f 1400/1705/3236 1403/1704/3235 1409/1706/3237 1406/1707/3238
f 1406/1707/3238 1409/1706/3237 1415/1708/3239 1412/1709/3240
f 1412/1709/3240 1415/1708/3239 1421/1710/3241 1418/1711/3242
f 1418/1711/3242 1421/1710/3241 1427/1712/3243 1424/1713/3244
f 1424/1713/3244 1427/1712/3243 1433/1714/3245 1430/1715/3246
f 1430/1715/3246 1433/1714/3245 1439/1716/3247 1436/1717/3248
f 1436/1717/3248 1439/1716/3247 1445/1718/3249 1442/1719/3250
f 1442/1719/3250 1445/1718/3249 1451/1720/3251 1448/1721/3252
f 1448/1721/3252 1451/1720/3251 1457/1722/3253 1454/1723/3254
f 1454/1723/3254 1457/1722/3253 1463/1724/3255 1460/1725/3256
f 1460/1725/3256 1463/1724/3255 1469/1726/3257 1466/1727/3258
f 1466/1727/3258 1469/1726/3257 1475/1728/3259 1472/1729/3260
f 1472/1729/3260 1475/1728/3259 1481/1730/3261 1478/1731/3262
f 1478/1731/3262 1481/1730/3261 1487/1732/3263 1484/1733/3264
f 1484/1733/3264 1487/1732/3263 1493/1734/3265 1490/1735/3266
f 1490/1735/3266 1493/1734/3265 1499/1736/3267 1496/1737/3268
f 1496/1737/3268 1499/1736/3267 1505/1738/3269 1502/1739/3270
f 1502/1739/3270 1505/1738/3269 1511/1740/3271 1508/1741/3272
f 1508/1741/3272 1511/1740/3271 1517/1742/3273 1514/1743/3274
f 1514/1743/3274 1517/1742/3273 1523/1744/3182 1520/1745/3181
f 1244/1746/3275 1247/1747/3276 1253/1647/3186 1250/1646/3185
f 1246/1748/3277 1240/1749/3278 1522/1750/3279 1516/1751/3280 1510/1752/3281 1504/1753/3282 1498/1754/3283 1492/1755/3284 1486/1756/3285 1480/1757/3286 1474/1758/3287 1468/1759/3288 1462/1760/3289 1456/1761/3290 1450/1762/3291 1444/1763/3292 1438/1764/3293 1432/1765/3294 1426/1766/3295 1420/1767/3296 1414/1768/3297 1408/1769/3298 1402/1770/3299 1396/1771/3300 1390/1772/3301 1384/1773/3302 1378/1774/3303 1372/1775/3304 1366/1776/3305 1360/1777/3306 1354/1778/3307 1348/1779/3308 1342/1780/3309 1336/1781/3310 1330/1782/3311 1324/1783/3312 1318/1784/3313 1312/1785/3314 1306/1786/3315 1300/1787/3316 1294/1788/3317 1288/1789/3318 1282/1790/3319 1276/1791/3320 1270/1792/3321 1264/1793/3322 1258/1794/3323 1252/1795/3324
f 1238/1796/3184 1241/1797/3183 1247/1798/3276 1244/1799/3275
f 1238/1796/3184 1244/1799/3275 1245/1800/3325 1239/1801/3326
f 1239/1802/3326 1245/1803/3325 1243/1804/3327 1237/1805/3328
f 1247/1798/3276 1241/1797/3183 1242/1806/3329 1248/1807/3330
f 1248/1808/3330 1242/1809/3329 1240/1749/3278 1246/1748/3277
f 1244/1746/3275 1250/1646/3185 1251/1810/3331 1245/1811/3325
f 1245/1812/3325 1251/1813/3331 1249/1814/3332 1243/1804/3327
f 1253/1647/3186 1247/1747/3276 1248/1815/3330 1254/1816/3333
f 1254/1817/3333 1248/1818/3330 1246/1748/3277 1252/1795/3324
f 1250/1646/3185 1256/1649/3188 1257/1819/3334 1251/1820/3331
f 1251/1821/3331 1257/1822/3334 1255/1823/3335 1249/1814/3332
f 1259/1648/3187 1253/1647/3186 1254/1824/3333 1260/1825/3336
f 1260/1826/3336 1254/1827/3333 1252/1795/3324 1258/1794/3323
f 1256/1650/3188 1262/1653/3190 1263/1828/3337 1257/1829/3334
f 1257/1830/3334 1263/1831/3337 1261/1832/3338 1255/1823/3335
f 1265/1652/3189 1259/1651/3187 1260/1833/3336 1266/1834/3339
f 1266/1835/3339 1260/1836/3336 1258/1794/3323 1264/1793/3322
f 1262/1653/3190 1268/1655/3192 1269/1837/3340 1263/1838/3337
f 1263/1839/3337 1269/1840/3340 1267/1841/3341 1261/1832/3338
f 1271/1654/3191 1265/1652/3189 1266/1842/3339 1272/1843/3342
f 1272/1844/3342 1266/1845/3339 1264/1793/3322 1270/1792/3321
f 1268/1656/3192 1274/1659/3194 1275/1846/3343 1269/1847/3340
f 1269/1848/3340 1275/1849/3343 1273/1850/3344 1267/1841/3341
f 1277/1658/3193 1271/1657/3191 1272/1851/3342 1278/1852/3345
f 1278/1853/3345 1272/1854/3342 1270/1792/3321 1276/1791/3320
f 1274/1659/3194 1280/1661/3196 1281/1855/3346 1275/1856/3343
f 1275/1857/3343 1281/1858/3346 1279/1859/3347 1273/1850/3344
f 1283/1660/3195 1277/1658/3193 1278/1860/3345 1284/1861/3348
f 1284/1862/3348 1278/1863/3345 1276/1791/3320 1282/1790/3319
f 1280/1662/3196 1286/1665/3198 1287/1864/3349 1281/1865/3346
f 1281/1866/3346 1287/1867/3349 1285/1868/3350 1279/1859/3347
f 1289/1664/3197 1283/1663/3195 1284/1869/3348 1290/1870/3351
f 1290/1871/3351 1284/1872/3348 1282/1790/3319 1288/1789/3318
f 1286/1665/3198 1292/1667/3200 1293/1873/3352 1287/1874/3349
f 1287/1875/3349 1293/1876/3352 1291/1877/3353 1285/1868/3350
f 1295/1666/3199 1289/1664/3197 1290/1878/3351 1296/1879/3354
f 1296/1880/3354 1290/1881/3351 1288/1789/3318 1294/1788/3317
f 1292/1667/3200 1298/1669/3202 1299/1882/3355 1293/1883/3352
f 1293/1884/3352 1299/1885/3355 1297/1886/3356 1291/1877/3353
f 1301/1668/3201 1295/1666/3199 1296/1887/3354 1302/1888/3357
f 1302/1889/3357 1296/1890/3354 1294/1788/3317 1300/1787/3316
f 1298/1669/3202 1304/1671/3204 1305/1891/3358 1299/1892/3355
f 1299/1893/3355 1305/1894/3358 1303/1895/3359 1297/1886/3356
f 1307/1670/3203 1301/1668/3201 1302/1896/3357 1308/1897/3360
f 1308/1898/3360 1302/1899/3357 1300/1787/3316 1306/1786/3315
f 1304/1671/3204 1310/1673/3206 1311/1900/3361 1305/1901/3358
f 1305/1902/3358 1311/1903/3361 1309/1904/3362 1303/1895/3359
f 1313/1672/3205 1307/1670/3203 1308/1905/3360 1314/1906/3363
f 1314/1907/3363 1308/1908/3360 1306/1786/3315 1312/1785/3314
f 1310/1673/3206 1316/1675/3208 1317/1909/3364 1311/1910/3361
f 1311/1911/3361 1317/1912/3364 1315/1913/3365 1309/1904/3362
f 1319/1674/3207 1313/1672/3205 1314/1914/3363 1320/1915/3366
f 1320/1916/3366 1314/1917/3363 1312/1785/3314 1318/1784/3313
f 1316/1675/3208 1322/1677/3210 1323/1918/3367 1317/1919/3364
f 1317/1920/3364 1323/1921/3367 1321/1922/3368 1315/1913/3365
f 1325/1676/3209 1319/1674/3207 1320/1923/3366 1326/1924/3369
f 1326/1925/3369 1320/1926/3366 1318/1784/3313 1324/1783/3312
f 1322/1677/3210 1328/1679/3212 1329/1927/3370 1323/1928/3367
f 1323/1929/3367 1329/1930/3370 1327/1931/3371 1321/1922/3368
f 1331/1678/3211 1325/1676/3209 1326/1932/3369 1332/1933/3372
f 1332/1934/3372 1326/1935/3369 1324/1783/3312 1330/1782/3311
f 1328/1679/3212 1334/1681/3214 1335/1936/3373 1329/1937/3370
f 1329/1938/3370 1335/1939/3373 1333/1940/3374 1327/1931/3371
f 1337/1680/3213 1331/1678/3211 1332/1941/3372 1338/1942/3375
f 1338/1943/3375 1332/1944/3372 1330/1782/3311 1336/1781/3310
f 1334/1681/3214 1340/1683/3216 1341/1945/3376 1335/1946/3373
f 1335/1947/3373 1341/1948/3376 1339/1949/3377 1333/1940/3374
f 1343/1682/3215 1337/1680/3213 1338/1950/3375 1344/1951/3378
f 1344/1952/3378 1338/1953/3375 1336/1781/3310 1342/1780/3309
f 1340/1683/3216 1346/1685/3218 1347/1954/3379 1341/1955/3376
f 1341/1956/3376 1347/1957/3379 1345/1958/3380 1339/1949/3377
f 1349/1684/3217 1343/1682/3215 1344/1959/3378 1350/1960/3381
f 1350/1961/3381 1344/1962/3378 1342/1780/3309 1348/1779/3308
f 1346/1685/3218 1352/1687/3220 1353/1963/3382 1347/1964/3379
f 1347/1965/3379 1353/1966/3382 1351/1967/3383 1345/1958/3380
f 1355/1686/3219 1349/1684/3217 1350/1968/3381 1356/1969/3384
f 1356/1970/3384 1350/1971/3381 1348/1779/3308 1354/1778/3307
f 1352/1687/3220 1358/1689/3222 1359/1972/3385 1353/1973/3382
f 1353/1974/3382 1359/1975/3385 1357/1976/3386 1351/1967/3383
f 1361/1688/3221 1355/1686/3219 1356/1977/3384 1362/1978/3387
f 1362/1979/3387 1356/1980/3384 1354/1778/3307 1360/1777/3306
f 1358/1689/3222 1364/1691/3224 1365/1981/3388 1359/1982/3385
f 1359/1983/3385 1365/1984/3388 1363/1985/3389 1357/1976/3386
f 1367/1690/3223 1361/1688/3221 1362/1986/3387 1368/1987/3390
f 1368/1988/3390 1362/1989/3387 1360/1777/3306 1366/1776/3305
f 1364/1691/3224 1370/1693/3226 1371/1990/3391 1365/1991/3388
f 1365/1992/3388 1371/1993/3391 1369/1994/3392 1363/1985/3389
f 1373/1692/3225 1367/1690/3223 1368/1995/3390 1374/1996/3393
f 1374/1997/3393 1368/1998/3390 1366/1776/3305 1372/1775/3304
f 1370/1693/3226 1376/1695/3228 1377/1999/3394 1371/2000/3391
f 1371/2001/3391 1377/2002/3394 1375/2003/3395 1369/1994/3392
f 1379/1694/3227 1373/1692/3225 1374/2004/3393 1380/2005/3396
f 1380/2006/3396 1374/2007/3393 1372/1775/3304 1378/1774/3303
f 1376/1695/3228 1382/1697/3230 1383/2008/3397 1377/2009/3394
f 1377/2010/3394 1383/2011/3397 1381/2012/3398 1375/2003/3395
f 1385/1696/3229 1379/1694/3227 1380/2013/3396 1386/2014/3399
f 1386/2015/3399 1380/2016/3396 1378/1774/3303 1384/1773/3302
f 1382/1697/3230 1388/1699/3232 1389/2017/3400 1383/2018/3397
f 1383/2019/3397 1389/2020/3400 1387/2021/3401 1381/2012/3398
f 1391/1698/3231 1385/1696/3229 1386/2022/3399 1392/2023/3402
f 1392/2024/3402 1386/2025/3399 1384/1773/3302 1390/1772/3301
f 1388/1700/3232 1394/1703/3234 1395/2026/3403 1389/2027/3400
f 1389/2028/3400 1395/2029/3403 1393/2030/3404 1387/2021/3401
f 1397/1702/3233 1391/1701/3231 1392/2031/3402 1398/2032/3405
f 1398/2033/3405 1392/2034/3402 1390/1772/3301 1396/1771/3300
f 1394/1703/3234 1400/1705/3236 1401/2035/3406 1395/2036/3403
f 1395/2037/3403 1401/2038/3406 1399/2039/3407 1393/2030/3404
f 1403/1704/3235 1397/1702/3233 1398/2040/3405 1404/2041/3408
f 1404/2042/3408 1398/2043/3405 1396/1771/3300 1402/1770/3299
f 1400/1705/3236 1406/1707/3238 1407/2044/3409 1401/2045/3406
f 1401/2046/3406 1407/2047/3409 1405/2048/3410 1399/2039/3407
f 1409/1706/3237 1403/1704/3235 1404/2049/3408 1410/2050/3411
f 1410/2051/3411 1404/2052/3408 1402/1770/3299 1408/1769/3298
f 1406/1707/3238 1412/1709/3240 1413/2053/3412 1407/2054/3409
f 1407/2055/3409 1413/2056/3412 1411/2057/3413 1405/2048/3410
f 1415/1708/3239 1409/1706/3237 1410/2058/3411 1416/2059/3414
f 1416/2060/3414 1410/2061/3411 1408/1769/3298 1414/1768/3297
f 1412/1709/3240 1418/1711/3242 1419/2062/3415 1413/2063/3412
f 1413/2064/3412 1419/2065/3415 1417/2066/3416 1411/2057/3413
f 1421/1710/3241 1415/1708/3239 1416/2067/3414 1422/2068/3417
f 1422/2069/3417 1416/2070/3414 1414/1768/3297 1420/1767/3296
f 1418/1711/3242 1424/1713/3244 1425/2071/3418 1419/2072/3415
f 1419/2073/3415 1425/2074/3418 1423/2075/3419 1417/2066/3416
f 1427/1712/3243 1421/1710/3241 1422/2076/3417 1428/2077/3420
f 1428/2078/3420 1422/2079/3417 1420/1767/3296 1426/1766/3295
f 1424/1713/3244 1430/1715/3246 1431/2080/3421 1425/2081/3418
f 1425/2082/3418 1431/2083/3421 1429/2084/3422 1423/2075/3419
f 1433/1714/3245 1427/1712/3243 1428/2085/3420 1434/2086/3423
f 1434/2087/3423 1428/2088/3420 1426/1766/3295 1432/1765/3294
f 1430/1715/3246 1436/1717/3248 1437/2089/3424 1431/2090/3421
f 1431/2091/3421 1437/2092/3424 1435/2093/3425 1429/2084/3422
f 1439/1716/3247 1433/1714/3245 1434/2094/3423 1440/2095/3426
f 1440/2096/3426 1434/2097/3423 1432/1765/3294 1438/1764/3293
f 1436/1717/3248 1442/1719/3250 1443/2098/3427 1437/2099/3424
f 1437/2100/3424 1443/2101/3427 1441/2102/3428 1435/2093/3425
f 1445/1718/3249 1439/1716/3247 1440/2103/3426 1446/2104/3429
f 1446/2105/3429 1440/2106/3426 1438/1764/3293 1444/1763/3292
f 1442/1719/3250 1448/1721/3252 1449/2107/3430 1443/2108/3427
f 1443/2109/3427 1449/2110/3430 1447/2111/3431 1441/2102/3428
f 1451/1720/3251 1445/1718/3249 1446/2112/3429 1452/2113/3432
f 1452/2114/3432 1446/2115/3429 1444/1763/3292 1450/1762/3291
f 1448/1721/3252 1454/1723/3254 1455/2116/3433 1449/2117/3430
f 1449/2118/3430 1455/2119/3433 1453/2120/3434 1447/2111/3431
f 1457/1722/3253 1451/1720/3251 1452/2121/3432 1458/2122/3435
f 1458/2123/3435 1452/2124/3432 1450/1762/3291 1456/1761/3290
f 1454/1723/3254 1460/1725/3256 1461/2125/3436 1455/2126/3433
f 1455/2127/3433 1461/2128/3436 1459/2129/3437 1453/2120/3434
f 1463/1724/3255 1457/1722/3253 1458/2130/3435 1464/2131/3438
f 1464/2132/3438 1458/2133/3435 1456/1761/3290 1462/1760/3289
f 1460/1725/3256 1466/1727/3258 1467/2134/3439 1461/2135/3436
f 1461/2136/3436 1467/2137/3439 1465/2138/3440 1459/2129/3437
f 1469/1726/3257 1463/1724/3255 1464/2139/3438 1470/2140/3441
f 1470/2141/3441 1464/2142/3438 1462/1760/3289 1468/1759/3288
f 1466/1727/3258 1472/1729/3260 1473/2143/3442 1467/2144/3439
f 1467/2145/3439 1473/2146/3442 1471/2147/3443 1465/2138/3440
f 1475/1728/3259 1469/1726/3257 1470/2148/3441 1476/2149/3444
f 1476/2150/3444 1470/2151/3441 1468/1759/3288 1474/1758/3287
f 1472/1729/3260 1478/1731/3262 1479/2152/3445 1473/2153/3442
f 1473/2154/3442 1479/2155/3445 1477/2156/3446 1471/2147/3443
f 1481/1730/3261 1475/1728/3259 1476/2157/3444 1482/2158/3447
f 1482/2159/3447 1476/2160/3444 1474/1758/3287 1480/1757/3286
f 1478/1731/3262 1484/1733/3264 1485/2161/3448 1479/2162/3445
f 1479/2163/3445 1485/2164/3448 1483/2165/3449 1477/2156/3446
f 1487/1732/3263 1481/1730/3261 1482/2166/3447 1488/2167/3450
f 1488/2168/3450 1482/2169/3447 1480/1757/3286 1486/1756/3285
f 1484/1733/3264 1490/1735/3266 1491/2170/3451 1485/2171/3448
f 1485/2172/3448 1491/2173/3451 1489/2174/3452 1483/2165/3449
f 1493/1734/3265 1487/1732/3263 1488/2175/3450 1494/2176/3453
f 1494/2177/3453 1488/2178/3450 1486/1756/3285 1492/1755/3284
f 1490/1735/3266 1496/1737/3268 1497/2179/3454 1491/2180/3451
f 1491/2181/3451 1497/2182/3454 1495/2183/3455 1489/2174/3452
f 1499/1736/3267 1493/1734/3265 1494/2184/3453 1500/2185/3456
f 1500/2186/3456 1494/2187/3453 1492/1755/3284 1498/1754/3283
f 1496/1737/3268 1502/1739/3270 1503/2188/3457 1497/2189/3454
f 1497/2190/3454 1503/2191/3457 1501/2192/3458 1495/2183/3455
f 1505/1738/3269 1499/1736/3267 1500/2193/3456 1506/2194/3459
f 1506/2195/3459 1500/2196/3456 1498/1754/3283 1504/1753/3282
f 1502/1739/3270 1508/1741/3272 1509/2197/3460 1503/2198/3457
f 1503/2199/3457 1509/2200/3460 1507/2201/3461 1501/2192/3458
f 1511/1740/3271 1505/1738/3269 1506/2202/3459 1512/2203/3462
f 1512/2204/3462 1506/2205/3459 1504/1753/3282 1510/1752/3281
f 1508/1741/3272 1514/1743/3274 1515/2206/3463 1509/2207/3460
f 1509/2208/3460 1515/2209/3463 1513/2210/3464 1507/2201/3461
f 1517/1742/3273 1511/1740/3271 1512/2211/3462 1518/2212/3465
f 1518/2213/3465 1512/2214/3462 1510/1752/3281 1516/1751/3280
f 1514/1743/3274 1520/1745/3181 1521/2215/3466 1515/2216/3463
f 1515/2217/3463 1521/2218/3466 1519/2219/3467 1513/2210/3464
f 1523/1744/3182 1517/1742/3273 1518/2220/3465 1524/2221/3468
f 1524/2222/3468 1518/2223/3465 1516/1751/3280 1522/1750/3279
f 1520/1642/3181 1238/1645/3184 1239/2224/3326 1521/2225/3466
f 1521/2226/3466 1239/2227/3326 1237/1805/3328 1519/2219/3467
f 1241/1644/3183 1523/1643/3182 1524/2228/3468 1242/2229/3329
f 1242/2230/3329 1524/2231/3468 1522/1750/3279 1240/1749/3278
f 1237/1805/3328 1243/1804/3327 1249/1814/3332 1255/1823/3335 1261/1832/3338 1267/1841/3341 1273/1850/3344 1279/1859/3347 1285/1868/3350 1291/1877/3353 1297/1886/3356 1303/1895/3359 1309/1904/3362 1315/1913/3365 1321/1922/3368 1327/1931/3371 1333/1940/3374 1339/1949/3377 1345/1958/3380 1351/1967/3383 1357/1976/3386 1363/1985/3389 1369/1994/3392 1375/2003/3395 1381/2012/3398 1387/2021/3401 1393/2030/3404 1399/2039/3407 1405/2048/3410 1411/2057/3413 1417/2066/3416 1423/2075/3419 1429/2084/3422 1435/2093/3425 1441/2102/3428 1447/2111/3431 1453/2120/3434 1459/2129/3437 1465/2138/3440 1471/2147/3443 1477/2156/3446 1483/2165/3449 1489/2174/3452 1495/2183/3455 1501/2192/3458 1507/2201/3461 1513/2210/3464 1519/2219/3467
o Motor_top_plate.003
v 0.295000 0.363000 -0.320499
v 0.295000 0.363500 -0.321000
v 0.295000 0.363146 -0.320853
v 0.295000 0.367000 -0.320499
v 0.295000 0.366500 -0.321000
v 0.295000 0.366854 -0.320853
v 0.298328 0.363000 -0.320281
v 0.298394 0.363500 -0.320778
v 0.298374 0.363146 -0.320632
v 0.298328 0.367000 -0.320281
v 0.298394 0.366500 -0.320778
v 0.298374 0.366854 -0.320632
v 0.301600 0.363000 -0.319630
v 0.301729 0.363500 -0.320114
v 0.301691 0.363146 -0.319972
v 0.301600 0.367000 -0.319630
v 0.301729 0.366500 -0.320114
v 0.301691 0.366854 -0.319972
v 0.304758 0.363000 -0.318558
v 0.304950 0.363500 -0.319021
v 0.304893 0.363146 -0.318885
v 0.304758 0.367000 -0.318558
v 0.304950 0.366500 -0.319021
v 0.304893 0.366854 -0.318885
v 0.307749 0.363000 -0.317083
v 0.308000 0.363500 -0.317517
v 0.307926 0.363146 -0.317389
v 0.307749 0.367000 -0.317083
v 0.308000 0.366500 -0.317517
v 0.307926 0.366854 -0.317389
v 0.310523 0.363000 -0.315230
v 0.310828 0.363500 -0.315627
v 0.310738 0.363146 -0.315510
v 0.310523 0.367000 -0.315230
v 0.310828 0.366500 -0.315627
v 0.310738 0.366854 -0.315510
v 0.313030 0.363000 -0.313030
v 0.313385 0.363500 -0.313385
v 0.313281 0.363146 -0.313281
v 0.313030 0.367000 -0.313030
v 0.313385 0.366500 -0.313385
v 0.313281 0.366854 -0.313281
v 0.315230 0.363000 -0.310523
v 0.315627 0.363500 -0.310828
v 0.315510 0.363146 -0.310738
v 0.315230 0.367000 -0.310523
v 0.315627 0.366500 -0.310828
v 0.315510 0.366854 -0.310738
v 0.317083 0.363000 -0.307749
v 0.317517 0.363500 -0.308000
v 0.317389 0.363146 -0.307926
v 0.317083 0.367000 -0.307749
v 0.317517 0.366500 -0.308000
v 0.317389 0.366854 -0.307926
v 0.318558 0.363000 -0.304758
v 0.319021 0.363500 -0.304950
v 0.318885 0.363146 -0.304893
v 0.318558 0.367000 -0.304758
v 0.319021 0.366500 -0.304950
v 0.318885 0.366854 -0.304893
v 0.319630 0.363000 -0.301600
v 0.320114 0.363500 -0.301729
v 0.319972 0.363146 -0.301691
v 0.319630 0.367000 -0.301600
v 0.320114 0.366500 -0.301729
v 0.319972 0.366854 -0.301691
v 0.320281 0.363000 -0.298328
v 0.320778 0.363500 -0.298394
v 0.320632 0.363146 -0.298374
v 0.320281 0.367000 -0.298328
v 0.320778 0.366500 -0.298394
v 0.320632 0.366854 -0.298374
v 0.320499 0.363000 -0.295000
v 0.321000 0.363500 -0.295000
v 0.320853 0.363146 -0.295000
v 0.320499 0.367000 -0.295000
v 0.321000 0.366500 -0.295000
v 0.320853 0.366854 -0.295000
v 0.320281 0.363000 -0.291672
v 0.320778 0.363500 -0.291606
v 0.320632 0.363146 -0.291626
v 0.320281 0.367000 -0.291672
v 0.320778 0.366500 -0.291606
v 0.320632 0.366854 -0.291626
v 0.319630 0.363000 -0.288400
v 0.320114 0.363500 -0.288271
v 0.319972 0.363146 -0.288309
v 0.319630 0.367000 -0.288400
v 0.320114 0.366500 -0.288271
v 0.319972 0.366854 -0.288309
v 0.318558 0.363000 -0.285242
v 0.319021 0.363500 -0.285050
v 0.318885 0.363146 -0.285107
v 0.318558 0.367000 -0.285242
v 0.319021 0.366500 -0.285050
v 0.318885 0.366854 -0.285107
v 0.317083 0.363000 -0.282251
v 0.317517 0.363500 -0.282000
v 0.317389 0.363146 -0.282074
v 0.317083 0.367000 -0.282251
v 0.317517 0.366500 -0.282000
v 0.317389 0.366854 -0.282074
v 0.315230 0.363000 -0.279477
v 0.315627 0.363500 -0.279172
v 0.315510 0.363146 -0.279262
v 0.315230 0.367000 -0.279477
v 0.315627 0.366500 -0.279172
v 0.315510 0.366854 -0.279262
v 0.313030 0.363000 -0.276970
v 0.313385 0.363500 -0.276615
v 0.313281 0.363146 -0.276719
v 0.313030 0.367000 -0.276970
v 0.313385 0.366500 -0.276615
v 0.313281 0.366854 -0.276719
v 0.310523 0.363000 -0.274770
v 0.310828 0.363500 -0.274373
v 0.310738 0.363146 -0.274490
v 0.310523 0.367000 -0.274770
v 0.310828 0.366500 -0.274373
v 0.310738 0.366854 -0.274490
v 0.307749 0.363000 -0.272917
v 0.308000 0.363500 -0.272483
v 0.307926 0.363146 -0.272611
v 0.307749 0.367000 -0.272917
v 0.308000 0.366500 -0.272483
v 0.307926 0.366854 -0.272611
v 0.304758 0.363000 -0.271442
v 0.304950 0.363500 -0.270979
v 0.304893 0.363146 -0.271115
v 0.304758 0.367000 -0.271442
v 0.304950 0.366500 -0.270979
v 0.304893 0.366854 -0.271115
v 0.301600 0.363000 -0.270370
v 0.301729 0.363500 -0.269886
v 0.301691 0.363146 -0.270028
v 0.301600 0.367000 -0.270370
v 0.301729 0.366500 -0.269886
v 0.301691 0.366854 -0.270028
v 0.298328 0.363000 -0.269719
v 0.298394 0.363500 -0.269222
v 0.298374 0.363146 -0.269368
v 0.298328 0.367000 -0.269719
v 0.298394 0.366500 -0.269222
v 0.298374 0.366854 -0.269368
v 0.295000 0.363000 -0.269501
v 0.295000 0.363500 -0.269000
v 0.295000 0.363146 -0.269147
v 0.295000 0.367000 -0.269501
v 0.295000 0.366500 -0.269000
v 0.295000 0.366854 -0.269147
v 0.291672 0.363000 -0.269719
v 0.291606 0.363500 -0.269222
v 0.291626 0.363146 -0.269368
v 0.291672 0.367000 -0.269719
v 0.291606 0.366500 -0.269222
v 0.291626 0.366854 -0.269368
v 0.288400 0.363000 -0.270370
v 0.288271 0.363500 -0.269886
v 0.288309 0.363146 -0.270028
v 0.288400 0.367000 -0.270370
v 0.288271 0.366500 -0.269886
v 0.288309 0.366854 -0.270028
v 0.285242 0.363000 -0.271442
v 0.285050 0.363500 -0.270979
v 0.285107 0.363146 -0.271115
v 0.285242 0.367000 -0.271442
v 0.285050 0.366500 -0.270979
v 0.285107 0.366854 -0.271115
v 0.282251 0.363000 -0.272917
v 0.282000 0.363500 -0.272483
v 0.282074 0.363146 -0.272611
v 0.282251 0.367000 -0.272917
v 0.282000 0.366500 -0.272483
v 0.282074 0.366854 -0.272611
v 0.279477 0.363000 -0.274770
v 0.279172 0.363500 -0.274373
v 0.279262 0.363146 -0.274490
v 0.279477 0.367000 -0.274770
v 0.279172 0.366500 -0.274373
v 0.279262 0.366854 -0.274490
v 0.276970 0.363000 -0.276970
v 0.276615 0.363500 -0.276615
v 0.276719 0.363146 -0.276719
v 0.276970 0.367000 -0.276970
v 0.276615 0.366500 -0.276615
v 0.276719 0.366854 -0.276719
v 0.274770 0.363000 -0.279477
v 0.274373 0.363500 -0.279172
v 0.274490 0.363146 -0.279262
v 0.274770 0.367000 -0.279477
v 0.274373 0.366500 -0.279172
v 0.274490 0.366854 -0.279262
v 0.272917 0.363000 -0.282251
v 0.272483 0.363500 -0.282000
v 0.272611 0.363146 -0.282074
v 0.272917 0.367000 -0.282251
v 0.272483 0.366500 -0.282000
v 0.272611 0.366854 -0.282074
v 0.271442 0.363000 -0.285242
v 0.270979 0.363500 -0.285050
v 0.271115 0.363146 -0.285107
v 0.271442 0.367000 -0.285242
v 0.270979 0.366500 -0.285050
v 0.271115 0.366854 -0.285107
v 0.270370 0.363000 -0.288400
v 0.269886 0.363500 -0.288271
v 0.270028 0.363146 -0.288309
v 0.270370 0.367000 -0.288400
v 0.269886 0.366500 -0.288271
v 0.270028 0.366854 -0.288309
v 0.269719 0.363000 -0.291672
v 0.269222 0.363500 -0.291606
v 0.269368 0.363146 -0.291626
v 0.269719 0.367000 -0.291672
v 0.269222 0.366500 -0.291606
v 0.269368 0.366854 -0.291626
v 0.269501 0.363000 -0.295000
v 0.269000 0.363500 -0.295000
v 0.269147 0.363146 -0.295000
v 0.269501 0.367000 -0.295000
v 0.269000 0.366500 -0.295000
v 0.269147 0.366854 -0.295000
v 0.269719 0.363000 -0.298328
v 0.269222 0.363500 -0.298394
v 0.269368 0.363146 -0.298374
v 0.269719 0.367000 -0.298328
v 0.269222 0.366500 -0.298394
v 0.269368 0.366854 -0.298374
v 0.270370 0.363000 -0.301600
v 0.269886 0.363500 -0.301729
v 0.270028 0.363146 -0.301691
v 0.270370 0.367000 -0.301600
v 0.269886 0.366500 -0.301729
v 0.270028 0.366854 -0.301691
v 0.271442 0.363000 -0.304758
v 0.270979 0.363500 -0.304950
v 0.271115 0.363146 -0.304893
v 0.271442 0.367000 -0.304758
v 0.270979 0.366500 -0.304950
v 0.271115 0.366854 -0.304893
v 0.272917 0.363000 -0.307749
v 0.272483 0.363500 -0.308000
v 0.272611 0.363146 -0.307926
v 0.272917 0.367000 -0.307749
v 0.272483 0.366500 -0.308000
v 0.272611 0.366854 -0.307926
v 0.274770 0.363000 -0.310523
v 0.274373 0.363500 -0.310828
v 0.274490 0.363146 -0.310738
v 0.274770 0.367000 -0.310523
v 0.274373 0.366500 -0.310828
v 0.274490 0.366854 -0.310738
v 0.276970 0.363000 -0.313030
v 0.276615 0.363500 -0.313385
v 0.276719 0.363146 -0.313281
v 0.276970 0.367000 -0.313030
v 0.276615 0.366500 -0.313385
v 0.276719 0.366854 -0.313281
v 0.279477 0.363000 -0.315230
v 0.279172 0.363500 -0.315627
v 0.279262 0.363146 -0.315510
v 0.279477 0.367000 -0.315230
v 0.279172 0.366500 -0.315627
v 0.279262 0.366854 -0.315510
v 0.282251 0.363000 -0.317083
v 0.282000 0.363500 -0.317517
v 0.282074 0.363146 -0.317389
v 0.282251 0.367000 -0.317083
v 0.282000 0.366500 -0.317517
v 0.282074 0.366854 -0.317389
v 0.285242 0.363000 -0.318558
v 0.285050 0.363500 -0.319021
v 0.285107 0.363146 -0.318885
v 0.285242 0.367000 -0.318558
v 0.285050 0.366500 -0.319021
v 0.285107 0.366854 -0.318885
v 0.288400 0.363000 -0.319630
v 0.288271 0.363500 -0.320114
v 0.288309 0.363146 -0.319972
v 0.288400 0.367000 -0.319630
v 0.288271 0.366500 -0.320114
v 0.288309 0.366854 -0.319972
v 0.291672 0.363000 -0.320281
v 0.291606 0.363500 -0.320778
v 0.291626 0.363146 -0.320632
v 0.291672 0.367000 -0.320281
v 0.291606 0.366500 -0.320778
v 0.291626 0.366854 -0.320632
vn -0.1304 -0.0438 -0.9905
vn -0.1304 0.0438 -0.9905
vn -0.0000 0.0438 -0.9990
vn -0.0000 -0.0438 -0.9990
vn 0.2586 -0.0438 -0.9650
vn 0.2586 0.0438 -0.9650
vn 0.3823 0.0438 -0.9230
vn 0.3823 -0.0438 -0.9230
vn 0.4995 0.0438 -0.8652
vn 0.4995 -0.0438 -0.8652
vn 0.6082 0.0438 -0.7926
vn 0.6082 -0.0438 -0.7926
vn 0.7064 0.0438 -0.7064
vn 0.7064 -0.0438 -0.7064
vn 0.7926 0.0438 -0.6082
vn 0.7926 -0.0438 -0.6082
vn 0.8652 0.0438 -0.4995
vn 0.8652 -0.0438 -0.4995
vn 0.9230 0.0438 -0.3823
vn 0.9230 -0.0438 -0.3823
vn 0.9650 0.0438 -0.2586
vn 0.9650 -0.0438 -0.2586
vn 0.9905 0.0438 -0.1304
vn 0.9905 -0.0438 -0.1304
vn 0.9990 0.0438 -0.0000
vn 0.9990 -0.0438 -0.0000
vn 0.9905 0.0438 0.1304
vn 0.9905 -0.0438 0.1304
vn 0.9650 0.0438 0.2586
vn 0.9650 -0.0438 0.2586
vn 0.9230 0.0438 0.3823
vn 0.9230 -0.0438 0.3823
vn 0.8652 0.0438 0.4995
vn 0.8652 -0.0438 0.4995
vn 0.7926 0.0438 0.6082
vn 0.7926 -0.0438 0.6082
vn 0.7064 0.0438 0.7064
vn 0.7064 -0.0438 0.7064
vn 0.6082 0.0438 0.7926
vn 0.6082 -0.0438 0.7926
vn 0.4995 0.0438 0.8652
vn 0.4995 -0.0438 0.8652
vn 0.3823 0.0438 0.9230
vn 0.3823 -0.0438 0.9230
vn 0.2586 0.0438 0.9650
vn 0.2586 -0.0438 0.9650
vn 0.1304 0.0438 0.9905
vn 0.1304 -0.0438 0.9905
vn -0.0000 0.0438 0.9990
vn -0.0000 -0.0438 0.9990
vn -0.1304 0.0438 0.9905
vn -0.1304 -0.0438 0.9905
vn -0.2586 0.0438 0.9650
vn -0.2586 -0.0438 0.9650
vn -0.3823 0.0438 0.9230
vn -0.3823 -0.0438 0.9230
vn -0.4995 0.0438 0.8652
vn -0.4995 -0.0438 0.8652
vn -0.6082 0.0438 0.7926
vn -0.6082 -0.0438 0.7926
vn -0.7064 0.0438 0.7064
vn -0.7064 -0.0438 0.7064
vn -0.7926 0.0438 0.6082
vn -0.7926 -0.0438 0.6082
vn -0.8652 0.0438 0.4995
vn -0.8652 -0.0438 0.4995
vn -0.9230 0.0438 0.3823
vn -0.9230 -0.0438 0.3823
vn -0.9650 0.0438 0.2586
vn -0.9650 -0.0438 0.2586
vn -0.9905 0.0438 0.1304
vn -0.9905 -0.0438 0.1304
vn -0.9990 0.0438 -0.0000
vn -0.9990 -0.0438 -0.0000
vn -0.9905 0.0438 -0.1304
vn -0.9905 -0.0438 -0.1304
vn -0.9650 0.0438 -0.2586
vn -0.9650 -0.0438 -0.2586
vn -0.9230 0.0438 -0.3823
vn -0.9230 -0.0438 -0.3823
vn -0.8652 0.0438 -0.4995
vn -0.8652 -0.0438 -0.4995
vn -0.7926 0.0438 -0.6082
vn -0.7926 -0.0438 -0.6082
vn -0.7064 0.0438 -0.7064
vn -0.7064 -0.0438 -0.7064
vn -0.6082 0.0438 -0.7926
vn -0.6082 -0.0438 -0.7926
vn -0.4995 0.0438 -0.8652
vn -0.4995 -0.0438 -0.8652
vn -0.3823 0.0438 -0.9230
vn -0.3823 -0.0438 -0.9230
vn -0.2586 0.0438 -0.9650
vn -0.2586 -0.0438 -0.9650
vn 0.1304 -0.0438 -0.9905
vn 0.1304 0.0438 -0.9905
vn 0.0001 1.0000 -0.0005
vn -0.0000 1.0000 -0.0005
vn -0.0001 1.0000 -0.0005
vn -0.0002 1.0000 -0.0005
vn -0.0003 1.0000 -0.0005
vn -0.0003 1.0000 -0.0004
vn -0.0004 1.0000 -0.0004
vn -0.0004 1.0000 -0.0003
vn -0.0005 1.0000 -0.0003
vn -0.0005 1.0000 -0.0002
vn -0.0005 1.0000 -0.0001
vn -0.0005 1.0000 -0.0000
vn -0.0005 1.0000 0.0001
vn -0.0005 1.0000 0.0002
vn -0.0005 1.0000 0.0003
vn -0.0004 1.0000 0.0003
vn -0.0004 1.0000 0.0004
vn -0.0003 1.0000 0.0004
vn -0.0003 1.0000 0.0005
vn -0.0002 1.0000 0.0005
vn -0.0001 1.0000 0.0005
vn -0.0000 1.0000 0.0005
vn 0.0001 1.0000 0.0005
vn 0.0002 1.0000 0.0005
vn 0.0003 1.0000 0.0005
vn 0.0003 1.0000 0.0004
vn 0.0004 1.0000 0.0004
vn 0.0004 1.0000 0.0003
vn 0.0005 1.0000 0.0003
vn 0.0005 1.0000 0.0002
vn 0.0005 1.0000 0.0001
vn 0.0005 1.0000 -0.0000
vn 0.0005 1.0000 -0.0001
vn 0.0005 1.0000 -0.0002
vn 0.0005 1.0000 -0.0003
vn 0.0004 1.0000 -0.0003
vn 0.0004 1.0000 -0.0004
vn 0.0003 1.0000 -0.0004
vn 0.0003 1.0000 -0.0005
vn 0.0002 1.0000 -0.0005
vn 0.0924 -0.7064 -0.7017
vn -0.0000 -0.7065 -0.7078
vn 0.0001 -1.0000 -0.0005
vn -0.0000 -1.0000 -0.0005
vn -0.0000 0.7065 -0.7078
vn 0.0924 0.7064 -0.7017
vn 0.1832 -0.7065 -0.6836
vn 0.0002 -1.0000 -0.0005
vn 0.1832 0.7065 -0.6836
vn 0.2708 -0.7065 -0.6539
vn 0.2708 0.7065 -0.6539
vn 0.3539 -0.7064 -0.6129
vn 0.0003 -1.0000 -0.0005
vn 0.3539 0.7064 -0.6129
vn 0.4309 -0.7064 -0.5615
vn 0.0003 -1.0000 -0.0004
vn 0.4309 0.7064 -0.5615
vn 0.5005 -0.7064 -0.5005
vn 0.0004 -1.0000 -0.0004
vn 0.5005 0.7064 -0.5005
vn 0.5615 -0.7064 -0.4309
vn 0.0004 -1.0000 -0.0003
vn 0.5615 0.7064 -0.4309
vn 0.6129 -0.7064 -0.3539
vn 0.0005 -1.0000 -0.0003
vn 0.6129 0.7064 -0.3539
vn 0.6539 -0.7065 -0.2708
vn 0.0005 -1.0000 -0.0002
vn 0.6539 0.7065 -0.2708
vn 0.6836 -0.7065 -0.1832
vn 0.0005 -1.0000 -0.0001
vn 0.6836 0.7065 -0.1832
vn 0.7017 -0.7065 -0.0924
vn 0.7017 0.7065 -0.0924
vn 0.7078 -0.7064 -0.0000
vn 0.0005 -1.0000 -0.0000
vn 0.7078 0.7064 -0.0000
vn 0.7017 -0.7065 0.0924
vn 0.0005 -1.0000 0.0001
vn 0.7017 0.7065 0.0924
vn 0.6836 -0.7065 0.1832
vn 0.0005 -1.0000 0.0002
vn 0.6836 0.7065 0.1832
vn 0.6539 -0.7065 0.2708
vn 0.6539 0.7065 0.2709
vn 0.6129 -0.7064 0.3539
vn 0.0005 -1.0000 0.0003
vn 0.6129 0.7064 0.3539
vn 0.5615 -0.7064 0.4309
vn 0.0004 -1.0000 0.0003
vn 0.5615 0.7064 0.4309
vn 0.5005 -0.7064 0.5005
vn 0.0004 -1.0000 0.0004
vn 0.5005 0.7064 0.5005
vn 0.4309 -0.7064 0.5615
vn 0.0003 -1.0000 0.0004
vn 0.4309 0.7064 0.5615
vn 0.3539 -0.7064 0.6129
vn 0.0003 -1.0000 0.0005
vn 0.3539 0.7064 0.6129
vn 0.2708 -0.7065 0.6539
vn 0.0002 -1.0000 0.0005
vn 0.2708 0.7065 0.6539
vn 0.1832 -0.7065 0.6836
vn 0.0001 -1.0000 0.0005
vn 0.1832 0.7065 0.6836
vn 0.0924 -0.7064 0.7017
vn 0.0924 0.7064 0.7017
vn -0.0000 -0.7065 0.7078
vn -0.0000 -1.0000 0.0005
vn -0.0000 0.7065 0.7078
vn -0.0924 -0.7064 0.7017
vn -0.0001 -1.0000 0.0005
vn -0.0924 0.7064 0.7017
vn -0.1832 -0.7065 0.6836
vn -0.0002 -1.0000 0.0005
vn -0.1832 0.7065 0.6836
vn -0.2708 -0.7065 0.6539
vn -0.2708 0.7065 0.6539
vn -0.3539 -0.7064 0.6129
vn -0.0003 -1.0000 0.0005
vn -0.3539 0.7064 0.6129
vn -0.4309 -0.7064 0.5615
vn -0.0003 -1.0000 0.0004
vn -0.4309 0.7064 0.5615
vn -0.5005 -0.7064 0.5005
vn -0.0004 -1.0000 0.0004
vn -0.5005 0.7064 0.5005
vn -0.5615 -0.7064 0.4309
vn -0.0004 -1.0000 0.0003
vn -0.5615 0.7064 0.4309
vn -0.6129 -0.7064 0.3539
vn -0.0005 -1.0000 0.0003
vn -0.6129 0.7064 0.3539
vn -0.6539 -0.7065 0.2708
vn -0.0005 -1.0000 0.0002
vn -0.6539 0.7065 0.2708
vn -0.6836 -0.7065 0.1832
vn -0.0005 -1.0000 0.0001
vn -0.6836 0.7065 0.1832
vn -0.7017 -0.7065 0.0924
vn -0.7017 0.7065 0.0924
vn -0.7078 -0.7064 -0.0000
vn -0.0005 -1.0000 -0.0000
vn -0.7078 0.7064 -0.0000
vn -0.7017 -0.7065 -0.0924
vn -0.0005 -1.0000 -0.0001
vn -0.7017 0.7065 -0.0924
vn -0.6836 -0.7065 -0.1832
vn -0.0005 -1.0000 -0.0002
vn -0.6836 0.7065 -0.1832
vn -0.6539 -0.7065 -0.2708
vn -0.6539 0.7065 -0.2709
vn -0.6129 -0.7064 -0.3539
vn -0.0005 -1.0000 -0.0003
vn -0.6129 0.7064 -0.3539
vn -0.5615 -0.7064 -0.4309
vn -0.0004 -1.0000 -0.0003
vn -0.5615 0.7064 -0.4309
vn -0.5005 -0.7064 -0.5005
vn -0.0004 -1.0000 -0.0004
vn -0.5005 0.7064 -0.5005
vn -0.4309 -0.7064 -0.5615
vn -0.0003 -1.0000 -0.0004
vn -0.4309 0.7064 -0.5615
vn -0.3539 -0.7064 -0.6129
vn -0.0003 -1.0000 -0.0005
vn -0.3539 0.7064 -0.6129
vn -0.2708 -0.7065 -0.6539
vn -0.0002 -1.0000 -0.0005
vn -0.2708 0.7065 -0.6539
vn -0.1832 -0.7065 -0.6836
vn -0.0001 -1.0000 -0.0005
vn -0.1832 0.7065 -0.6836
vn -0.0924 -0.7064 -0.7017
vn -0.0924 0.7064 -0.7017
vt 0.020834 0.562500
vt 0.020834 0.937500
vt 0.000000 0.937500
vt 0.000000 0.562500
vt 0.958333 0.562500
vt 0.958333 0.937500
vt 0.937500 0.937500
vt 0.937500 0.562500
vt 0.916667 0.937500
vt 0.916667 0.562500
vt 0.895833 0.937500
vt 0.895833 0.562500
vt 0.875000 0.937500
vt 0.875000 0.562500
vt 0.854167 0.937500
vt 0.854167 0.562500
vt 0.833333 0.937500
vt 0.833333 0.562500
vt 0.812500 0.937500
vt 0.812500 0.562500
vt 0.812500 0.937500
vt 0.791667 0.937500
vt 0.791667 0.562500
vt 0.770834 0.937500
vt 0.770834 0.562500
vt 0.750000 0.937500
vt 0.750000 0.562500
vt 0.750000 0.562500
vt 0.750000 0.937500
vt 0.729167 0.937500
vt 0.729167 0.562500
vt 0.708334 0.937500
vt 0.708334 0.562500
vt 0.687500 0.937500
vt 0.687500 0.562500
vt 0.666667 0.937500
vt 0.666667 0.562500
vt 0.645834 0.937500
vt 0.645834 0.562500
vt 0.645834 0.562500
vt 0.645834 0.937500
vt 0.625000 0.937500
vt 0.625000 0.562500
vt 0.604167 0.937500
vt 0.604167 0.562500
vt 0.583334 0.937500
vt 0.583334 0.562500
vt 0.562500 0.937500
vt 0.562500 0.562500
vt 0.541667 0.937500
vt 0.541667 0.562500
vt 0.520834 0.937500
vt 0.520834 0.562500
vt 0.500000 0.937500
vt 0.500000 0.562500
vt 0.479167 0.937500
vt 0.479167 0.562500
vt 0.458334 0.937500
vt 0.458334 0.562500
vt 0.437500 0.937500
vt 0.437500 0.562500
vt 0.416667 0.937500
vt 0.416667 0.562500
vt 0.416667 0.562500
vt 0.416667 0.937500
vt 0.395834 0.937500
vt 0.395834 0.562500
vt 0.375000 0.937500
vt 0.375000 0.562500
vt 0.354167 0.937500
vt 0.354167 0.562500
vt 0.354167 0.562500
vt 0.354167 0.937500
vt 0.333334 0.937500
vt 0.333334 0.562500
vt 0.312500 0.937500
vt 0.312500 0.562500
vt 0.291667 0.937500
vt 0.291667 0.562500
vt 0.270834 0.937500
vt 0.270834 0.562500
vt 0.250000 0.937500
vt 0.250000 0.562500
vt 0.229167 0.937500
vt 0.229167 0.562500
vt 0.229167 0.562500
vt 0.229167 0.937500
vt 0.208334 0.937500
vt 0.208334 0.562500
vt 0.187500 0.937500
vt 0.187500 0.562500
vt 0.166667 0.937500
vt 0.166667 0.562500
vt 0.166667 0.562500
vt 0.166667 0.937500
vt 0.145834 0.937500
vt 0.145834 0.562500
vt 0.125000 0.937500
vt 0.125000 0.562500
vt 0.104167 0.937500
vt 0.104167 0.562500
vt 0.083334 0.937500
vt 0.083334 0.562500
vt 0.062500 0.937500
vt 0.062500 0.562500
vt 0.041667 0.937500
vt 0.041667 0.562500
vt 0.979167 0.562500
vt 0.979167 0.937500
vt 0.280722 0.483361
vt 0.250000 0.485375
vt 0.219277 0.483361
vt 0.189080 0.477354
vt 0.159926 0.467458
vt 0.132313 0.453840
vt 0.106713 0.436735
vt 0.083565 0.416435
vt 0.063265 0.393287
vt 0.046159 0.367687
vt 0.032542 0.340074
vt 0.022645 0.310919
vt 0.016639 0.280722
vt 0.014625 0.250000
vt 0.016639 0.219277
vt 0.022645 0.189081
vt 0.032542 0.159926
vt 0.046159 0.132313
vt 0.063265 0.106713
vt 0.083565 0.083565
vt 0.106713 0.063265
vt 0.132313 0.046159
vt 0.159926 0.032542
vt 0.189081 0.022645
vt 0.219277 0.016639
vt 0.250000 0.014625
vt 0.280723 0.016639
vt 0.310919 0.022645
vt 0.340074 0.032542
vt 0.367687 0.046159
vt 0.393287 0.063265
vt 0.416435 0.083565
vt 0.436735 0.106713
vt 0.453840 0.132313
vt 0.467458 0.159926
vt 0.477355 0.189081
vt 0.483361 0.219277
vt 0.485375 0.250000
vt 0.483361 0.280723
vt 0.477354 0.310919
vt 0.467458 0.340074
vt 0.453840 0.367687
vt 0.436735 0.393287
vt 0.416435 0.416435
vt 0.393287 0.436735
vt 0.367687 0.453841
vt 0.340074 0.467458
vt 0.310919 0.477354
vt 1.000000 0.562500
vt 1.000000 0.937500
vt 0.979167 0.937500
vt 0.979167 0.562500
vt 0.979226 0.500000
vt 0.999941 0.500000
vt 0.750089 0.489994
vt 0.781238 0.487953
vt 0.780722 0.483361
vt 0.750000 0.485375
vt 0.999941 1.000000
vt 0.979226 1.000000
vt 0.281238 0.487953
vt 0.250089 0.489994
vt 0.958392 0.500000
vt 0.979108 0.500000
vt 0.781413 0.487929
vt 0.812029 0.481840
vt 0.810919 0.477354
vt 0.979108 1.000000
vt 0.958392 1.000000
vt 0.312029 0.481840
vt 0.281413 0.487929
vt 0.937559 0.500000
vt 0.958274 0.500000
vt 0.812201 0.481794
vt 0.841760 0.471760
vt 0.840074 0.467458
vt 0.958274 1.000000
vt 0.937559 1.000000
vt 0.341760 0.471760
vt 0.312201 0.481794
vt 0.916726 0.500000
vt 0.937441 0.500000
vt 0.841924 0.471692
vt 0.869920 0.457885
vt 0.867687 0.453840
vt 0.937441 1.000000
vt 0.916726 1.000000
vt 0.369920 0.457885
vt 0.341924 0.471692
vt 0.895892 0.500000
vt 0.916608 0.500000
vt 0.870074 0.457797
vt 0.896029 0.440454
vt 0.893287 0.436735
vt 0.916608 1.000000
vt 0.895892 1.000000
vt 0.396029 0.440454
vt 0.370074 0.457797
vt 0.875059 0.500000
vt 0.895774 0.500000
vt 0.896170 0.440346
vt 0.919639 0.419764
vt 0.916435 0.416435
vt 0.895774 1.000000
vt 0.875059 1.000000
vt 0.419639 0.419764
vt 0.396170 0.440346
vt 0.854226 0.500000
vt 0.874941 0.500000
vt 0.919764 0.419639
vt 0.940346 0.396170
vt 0.936735 0.393287
vt 0.874941 1.000000
vt 0.854226 1.000000
vt 0.440346 0.396170
vt 0.419764 0.419639
vt 0.833393 0.500000
vt 0.854108 0.500000
vt 0.940454 0.396029
vt 0.957797 0.370074
vt 0.953840 0.367687
vt 0.854108 1.000000
vt 0.833392 1.000000
vt 0.457797 0.370074
vt 0.440454 0.396029
vt 0.812559 0.500000
vt 0.833274 0.500000
vt 0.957885 0.369920
vt 0.971692 0.341924
vt 0.967458 0.340074
vt 0.833274 1.000000
vt 0.812559 1.000000
vt 0.471692 0.341924
vt 0.457885 0.369920
vt 0.791726 0.500000
vt 0.812441 0.500000
vt 0.971760 0.341760
vt 0.981794 0.312201
vt 0.977354 0.310919
vt 0.812441 1.000000
vt 0.791726 1.000000
vt 0.481794 0.312201
vt 0.471760 0.341760
vt 0.770893 0.500000
vt 0.791608 0.500000
vt 0.981839 0.312029
vt 0.987929 0.281413
vt 0.983361 0.280722
vt 0.791608 1.000000
vt 0.770893 1.000000
vt 0.487929 0.281413
vt 0.481840 0.312029
vt 0.750059 0.500000
vt 0.770775 0.500000
vt 0.987953 0.281238
vt 0.989994 0.250089
vt 0.985375 0.250000
vt 0.770775 1.000000
vt 0.750059 1.000000
vt 0.489994 0.250089
vt 0.487953 0.281238
vt 0.729226 0.500000
vt 0.749941 0.500000
vt 0.989994 0.249911
vt 0.987953 0.218762
vt 0.983361 0.219277
vt 0.749941 1.000000
vt 0.729226 1.000000
vt 0.487953 0.218762
vt 0.489994 0.249911
vt 0.708393 0.500000
vt 0.729108 0.500000
vt 0.987929 0.218587
vt 0.981840 0.187971
vt 0.977354 0.189080
vt 0.729108 1.000000
vt 0.708393 1.000000
vt 0.481840 0.187971
vt 0.487929 0.218587
vt 0.687559 0.500000
vt 0.708275 0.500000
vt 0.981794 0.187799
vt 0.971760 0.158240
vt 0.967458 0.159926
vt 0.708275 1.000000
vt 0.687559 1.000000
vt 0.471760 0.158240
vt 0.481794 0.187799
vt 0.666726 0.500000
vt 0.687441 0.500000
vt 0.971692 0.158076
vt 0.957885 0.130080
vt 0.953840 0.132313
vt 0.687441 1.000000
vt 0.666726 1.000000
vt 0.457885 0.130080
vt 0.471692 0.158076
vt 0.645893 0.500000
vt 0.666608 0.500000
vt 0.957797 0.129926
vt 0.940454 0.103971
vt 0.936735 0.106713
vt 0.666608 1.000000
vt 0.645893 1.000000
vt 0.440454 0.103971
vt 0.457797 0.129926
vt 0.625059 0.500000
vt 0.645775 0.500000
vt 0.940346 0.103830
vt 0.919764 0.080361
vt 0.916435 0.083565
vt 0.645775 1.000000
vt 0.625059 1.000000
vt 0.419764 0.080361
vt 0.440346 0.103830
vt 0.604226 0.500000
vt 0.624941 0.500000
vt 0.919639 0.080236
vt 0.896170 0.059654
vt 0.893287 0.063265
vt 0.624941 1.000000
vt 0.604226 1.000000
vt 0.396170 0.059654
vt 0.419639 0.080236
vt 0.583393 0.500000
vt 0.604108 0.500000
vt 0.896029 0.059546
vt 0.870074 0.042203
vt 0.867687 0.046159
vt 0.604108 1.000000
vt 0.583393 1.000000
vt 0.370074 0.042203
vt 0.396029 0.059546
vt 0.562559 0.500000
vt 0.583275 0.500000
vt 0.869920 0.042115
vt 0.841924 0.028308
vt 0.840074 0.032542
vt 0.583275 1.000000
vt 0.562559 1.000000
vt 0.341924 0.028308
vt 0.369920 0.042115
vt 0.541726 0.500000
vt 0.562441 0.500000
vt 0.841760 0.028240
vt 0.812201 0.018206
vt 0.810919 0.022645
vt 0.562441 1.000000
vt 0.541726 1.000000
vt 0.312201 0.018206
vt 0.341760 0.028240
vt 0.520893 0.500000
vt 0.541608 0.500000
vt 0.812029 0.018160
vt 0.781413 0.012071
vt 0.780723 0.016639
vt 0.541608 1.000000
vt 0.520893 1.000000
vt 0.281413 0.012071
vt 0.312029 0.018160
vt 0.500059 0.500000
vt 0.520775 0.500000
vt 0.781238 0.012047
vt 0.750089 0.010006
vt 0.750000 0.014625
vt 0.520775 1.000000
vt 0.500059 1.000000
vt 0.250089 0.010006
vt 0.281238 0.012047
vt 0.479226 0.500000
vt 0.499941 0.500000
vt 0.749911 0.010006
vt 0.718762 0.012047
vt 0.719277 0.016639
vt 0.499942 1.000000
vt 0.479226 1.000000
vt 0.218762 0.012047
vt 0.249911 0.010006
vt 0.458393 0.500000
vt 0.479108 0.500000
vt 0.718587 0.012071
vt 0.687971 0.018160
vt 0.689081 0.022645
vt 0.479108 1.000000
vt 0.458393 1.000000
vt 0.187971 0.018160
vt 0.218587 0.012071
vt 0.437559 0.500000
vt 0.458275 0.500000
vt 0.687799 0.018206
vt 0.658240 0.028240
vt 0.659926 0.032542
vt 0.458275 1.000000
vt 0.437559 1.000000
vt 0.158240 0.028240
vt 0.187799 0.018206
vt 0.416726 0.500000
vt 0.437441 0.500000
vt 0.658076 0.028308
vt 0.630080 0.042115
vt 0.632312 0.046159
vt 0.437441 1.000000
vt 0.416726 1.000000
vt 0.130080 0.042115
vt 0.158076 0.028308
vt 0.395893 0.500000
vt 0.416608 0.500000
vt 0.629926 0.042203
vt 0.603971 0.059546
vt 0.606713 0.063265
vt 0.416608 1.000000
vt 0.395893 1.000000
vt 0.103971 0.059546
vt 0.129926 0.042203
vt 0.375059 0.500000
vt 0.395775 0.500000
vt 0.603830 0.059654
vt 0.580361 0.080236
vt 0.583565 0.083565
vt 0.395775 1.000000
vt 0.375059 1.000000
vt 0.080361 0.080236
vt 0.103830 0.059654
vt 0.354226 0.500000
vt 0.374941 0.500000
vt 0.580236 0.080361
vt 0.559654 0.103830
vt 0.563265 0.106713
vt 0.374941 1.000000
vt 0.354226 1.000000
vt 0.059654 0.103830
vt 0.080236 0.080361
vt 0.333393 0.500000
vt 0.354108 0.500000
vt 0.559546 0.103971
vt 0.542203 0.129926
vt 0.546159 0.132313
vt 0.354108 1.000000
vt 0.333393 1.000000
vt 0.042203 0.129926
vt 0.059546 0.103971
vt 0.312559 0.500000
vt 0.333275 0.500000
vt 0.542115 0.130080
vt 0.528308 0.158076
vt 0.532542 0.159926
vt 0.333275 1.000000
vt 0.312559 1.000000
vt 0.028308 0.158076
vt 0.042115 0.130080
vt 0.291726 0.500000
vt 0.312441 0.500000
vt 0.528240 0.158240
vt 0.518206 0.187799
vt 0.522645 0.189081
vt 0.312441 1.000000
vt 0.291726 1.000000
vt 0.018206 0.187799
vt 0.028240 0.158240
vt 0.270893 0.500000
vt 0.291608 0.500000
vt 0.518160 0.187971
vt 0.512071 0.218587
vt 0.516639 0.219277
vt 0.291608 1.000000
vt 0.270893 1.000000
vt 0.012071 0.218587
vt 0.018160 0.187971
vt 0.250059 0.500000
vt 0.270775 0.500000
vt 0.512047 0.218762
vt 0.510006 0.249911
vt 0.514625 0.250000
vt 0.270775 1.000000
vt 0.250059 1.000000
vt 0.010006 0.249911
vt 0.012047 0.218762
vt 0.229226 0.500000
vt 0.249941 0.500000
vt 0.510006 0.250089
vt 0.512047 0.281238
vt 0.516639 0.280723
vt 0.249941 1.000000
vt 0.229226 1.000000
vt 0.012047 0.281238
vt 0.010006 0.250089
vt 0.208393 0.500000
vt 0.229108 0.500000
vt 0.512071 0.281413
vt 0.518160 0.312029
vt 0.522645 0.310919
vt 0.229108 1.000000
vt 0.208393 1.000000
vt 0.018160 0.312029
vt 0.012071 0.281413
vt 0.187559 0.500000
vt 0.208275 0.500000
vt 0.518206 0.312201
vt 0.528240 0.341760
vt 0.532542 0.340074
vt 0.208275 1.000000
vt 0.187559 1.000000
vt 0.028240 0.341760
vt 0.018206 0.312201
vt 0.166726 0.500000
vt 0.187441 0.500000
vt 0.528308 0.341924
vt 0.542115 0.369920
vt 0.546159 0.367687
vt 0.187441 1.000000
vt 0.166726 1.000000
vt 0.042115 0.369920
vt 0.028308 0.341924
vt 0.145893 0.500000
vt 0.166608 0.500000
vt 0.542203 0.370074
vt 0.559546 0.396029
vt 0.563265 0.393287
vt 0.166608 1.000000
vt 0.145893 1.000000
vt 0.059546 0.396029
vt 0.042203 0.370074
vt 0.125059 0.500000
vt 0.145775 0.500000
vt 0.559654 0.396170
vt 0.580236 0.419639
vt 0.583565 0.416435
vt 0.145775 1.000000
vt 0.125059 1.000000
vt 0.080236 0.419639
vt 0.059654 0.396170
vt 0.104226 0.500000
vt 0.124941 0.500000
vt 0.580361 0.419764
vt 0.603830 0.440346
vt 0.606713 0.436735
vt 0.124941 1.000000
vt 0.104226 1.000000
vt 0.103830 0.440346
vt 0.080361 0.419764
vt 0.083393 0.500000
vt 0.104108 0.500000
vt 0.603971 0.440454
vt 0.629926 0.457797
vt 0.632313 0.453841
vt 0.104108 1.000000
vt 0.083393 1.000000
vt 0.129926 0.457797
vt 0.103971 0.440454
vt 0.062559 0.500000
vt 0.083275 0.500000
vt 0.630080 0.457885
vt 0.658076 0.471692
vt 0.659926 0.467458
vt 0.083275 1.000000
vt 0.062559 1.000000
vt 0.158076 0.471692
vt 0.130080 0.457885
vt 0.041726 0.500000
vt 0.062441 0.500000
vt 0.658240 0.471760
vt 0.687799 0.481794
vt 0.689081 0.477354
vt 0.062441 1.000000
vt 0.041726 1.000000
vt 0.187799 0.481794
vt 0.158240 0.471760
vt 0.020893 0.500000
vt 0.041608 0.500000
vt 0.687971 0.481840
vt 0.718587 0.487929
vt 0.719277 0.483361
vt 0.041608 1.000000
vt 0.020893 1.000000
vt 0.218587 0.487929
vt 0.187971 0.481840
vt 0.000059 0.500000
vt 0.020775 0.500000
vt 0.718762 0.487953
vt 0.749911 0.489994
vt 0.020775 1.000000
vt 0.000059 1.000000
vt 0.249911 0.489994
vt 0.218762 0.487953
s 1
usemtl Brushed_aluminum
f 1808/2232/3469 1811/2233/3470 1529/2234/3471 1526/2235/3472
f 1538/2236/3473 1541/2237/3474 1547/2238/3475 1544/2239/3476
f 1544/2239/3476 1547/2238/3475 1553/2240/3477 1550/2241/3478
f 1550/2241/3478 1553/2240/3477 1559/2242/3479 1556/2243/3480
f 1556/2243/3480 1559/2242/3479 1565/2244/3481 1562/2245/3482
f 1562/2245/3482 1565/2244/3481 1571/2246/3483 1568/2247/3484
f 1568/2247/3484 1571/2246/3483 1577/2248/3485 1574/2249/3486
f 1574/2249/3486 1577/2248/3485 1583/2250/3487 1580/2251/3488
f 1580/2251/3488 1583/2252/3487 1589/2253/3489 1586/2254/3490
f 1586/2254/3490 1589/2253/3489 1595/2255/3491 1592/2256/3492
f 1592/2256/3492 1595/2255/3491 1601/2257/3493 1598/2258/3494
f 1598/2259/3494 1601/2260/3493 1607/2261/3495 1604/2262/3496
f 1604/2262/3496 1607/2261/3495 1613/2263/3497 1610/2264/3498
f 1610/2264/3498 1613/2263/3497 1619/2265/3499 1616/2266/3500
f 1616/2266/3500 1619/2265/3499 1625/2267/3501 1622/2268/3502
f 1622/2268/3502 1625/2267/3501 1631/2269/3503 1628/2270/3504
f 1628/2271/3504 1631/2272/3503 1637/2273/3505 1634/2274/3506
f 1634/2274/3506 1637/2273/3505 1643/2275/3507 1640/2276/3508
f 1640/2276/3508 1643/2275/3507 1649/2277/3509 1646/2278/3510
f 1646/2278/3510 1649/2277/3509 1655/2279/3511 1652/2280/3512
f 1652/2280/3512 1655/2279/3511 1661/2281/3513 1658/2282/3514
f 1658/2282/3514 1661/2281/3513 1667/2283/3515 1664/2284/3516
f 1664/2284/3516 1667/2283/3515 1673/2285/3517 1670/2286/3518
f 1670/2286/3518 1673/2285/3517 1679/2287/3519 1676/2288/3520
f 1676/2288/3520 1679/2287/3519 1685/2289/3521 1682/2290/3522
f 1682/2290/3522 1685/2289/3521 1691/2291/3523 1688/2292/3524
f 1688/2292/3524 1691/2291/3523 1697/2293/3525 1694/2294/3526
f 1694/2295/3526 1697/2296/3525 1703/2297/3527 1700/2298/3528
f 1700/2298/3528 1703/2297/3527 1709/2299/3529 1706/2300/3530
f 1706/2300/3530 1709/2299/3529 1715/2301/3531 1712/2302/3532
f 1712/2303/3532 1715/2304/3531 1721/2305/3533 1718/2306/3534
f 1718/2306/3534 1721/2305/3533 1727/2307/3535 1724/2308/3536
f 1724/2308/3536 1727/2307/3535 1733/2309/3537 1730/2310/3538
f 1730/2310/3538 1733/2309/3537 1739/2311/3539 1736/2312/3540
f 1736/2312/3540 1739/2311/3539 1745/2313/3541 1742/2314/3542
f 1742/2314/3542 1745/2313/3541 1751/2315/3543 1748/2316/3544
f 1748/2317/3544 1751/2318/3543 1757/2319/3545 1754/2320/3546
f 1754/2320/3546 1757/2319/3545 1763/2321/3547 1760/2322/3548
f 1760/2322/3548 1763/2321/3547 1769/2323/3549 1766/2324/3550
f 1766/2325/3550 1769/2326/3549 1775/2327/3551 1772/2328/3552
f 1772/2328/3552 1775/2327/3551 1781/2329/3553 1778/2330/3554
f 1778/2330/3554 1781/2329/3553 1787/2331/3555 1784/2332/3556
f 1784/2332/3556 1787/2331/3555 1793/2333/3557 1790/2334/3558
f 1790/2334/3558 1793/2333/3557 1799/2335/3559 1796/2336/3560
f 1796/2336/3560 1799/2335/3559 1805/2337/3561 1802/2338/3562
f 1802/2338/3562 1805/2337/3561 1811/2233/3470 1808/2232/3469
f 1532/2339/3563 1535/2340/3564 1541/2237/3474 1538/2236/3473
f 1534/2341/3565 1528/2342/3566 1810/2343/3567 1804/2344/3567 1798/2345/3568 1792/2346/3569 1786/2347/3570 1780/2348/3571 1774/2349/3572 1768/2350/3573 1762/2351/3574 1756/2352/3574 1750/2353/3575 1744/2354/3576 1738/2355/3577 1732/2356/3577 1726/2357/3578 1720/2358/3579 1714/2359/3580 1708/2360/3581 1702/2361/3582 1696/2362/3583 1690/2363/3584 1684/2364/3584 1678/2365/3585 1672/2366/3586 1666/2367/3587 1660/2368/3587 1654/2369/3588 1648/2370/3589 1642/2371/3590 1636/2372/3591 1630/2373/3592 1624/2374/3593 1618/2375/3594 1612/2376/3594 1606/2377/3595 1600/2378/3596 1594/2379/3597 1588/2380/3597 1582/2381/3598 1576/2382/3599 1570/2383/3600 1564/2384/3601 1558/2385/3602 1552/2386/3603 1546/2387/3604 1540/2388/3604
f 1526/2389/3472 1529/2390/3471 1535/2391/3564 1532/2392/3563
f 1526/2389/3472 1532/2392/3563 1533/2393/3605 1527/2394/3606
f 1527/2395/3606 1533/2396/3605 1531/2397/3607 1525/2398/3608
f 1535/2391/3564 1529/2390/3471 1530/2399/3609 1536/2400/3610
f 1536/2401/3610 1530/2402/3609 1528/2342/3566 1534/2341/3565
f 1532/2339/3563 1538/2236/3473 1539/2403/3611 1533/2404/3605
f 1533/2405/3605 1539/2406/3611 1537/2407/3612 1531/2397/3607
f 1541/2237/3474 1535/2340/3564 1536/2408/3610 1542/2409/3613
f 1542/2410/3613 1536/2411/3610 1534/2341/3565 1540/2388/3604
f 1538/2236/3473 1544/2239/3476 1545/2412/3614 1539/2413/3611
f 1539/2414/3611 1545/2415/3614 1543/2416/3612 1537/2407/3612
f 1547/2238/3475 1541/2237/3474 1542/2417/3613 1548/2418/3615
f 1548/2419/3615 1542/2420/3613 1540/2388/3604 1546/2387/3604
f 1544/2239/3476 1550/2241/3478 1551/2421/3616 1545/2422/3614
f 1545/2423/3614 1551/2424/3616 1549/2425/3617 1543/2416/3612
f 1553/2240/3477 1547/2238/3475 1548/2426/3615 1554/2427/3618
f 1554/2428/3618 1548/2429/3615 1546/2387/3604 1552/2386/3603
f 1550/2241/3478 1556/2243/3480 1557/2430/3619 1551/2431/3616
f 1551/2432/3616 1557/2433/3619 1555/2434/3620 1549/2425/3617
f 1559/2242/3479 1553/2240/3477 1554/2435/3618 1560/2436/3621
f 1560/2437/3621 1554/2438/3618 1552/2386/3603 1558/2385/3602
f 1556/2243/3480 1562/2245/3482 1563/2439/3622 1557/2440/3619
f 1557/2441/3619 1563/2442/3622 1561/2443/3623 1555/2434/3620
f 1565/2244/3481 1559/2242/3479 1560/2444/3621 1566/2445/3624
f 1566/2446/3624 1560/2447/3621 1558/2385/3602 1564/2384/3601
f 1562/2245/3482 1568/2247/3484 1569/2448/3625 1563/2449/3622
f 1563/2450/3622 1569/2451/3625 1567/2452/3626 1561/2443/3623
f 1571/2246/3483 1565/2244/3481 1566/2453/3624 1572/2454/3627
f 1572/2455/3627 1566/2456/3624 1564/2384/3601 1570/2383/3600
f 1568/2247/3484 1574/2249/3486 1575/2457/3628 1569/2458/3625
f 1569/2459/3625 1575/2460/3628 1573/2461/3629 1567/2452/3626
f 1577/2248/3485 1571/2246/3483 1572/2462/3627 1578/2463/3630
f 1578/2464/3630 1572/2465/3627 1570/2383/3600 1576/2382/3599
f 1574/2249/3486 1580/2251/3488 1581/2466/3631 1575/2467/3628
f 1575/2468/3628 1581/2469/3631 1579/2470/3632 1573/2461/3629
f 1583/2250/3487 1577/2248/3485 1578/2471/3630 1584/2472/3633
f 1584/2473/3633 1578/2474/3630 1576/2382/3599 1582/2381/3598
f 1580/2251/3488 1586/2254/3490 1587/2475/3634 1581/2476/3631
f 1581/2477/3631 1587/2478/3634 1585/2479/3635 1579/2470/3632
f 1589/2253/3489 1583/2252/3487 1584/2480/3633 1590/2481/3636
f 1590/2482/3636 1584/2483/3633 1582/2381/3598 1588/2380/3597
f 1586/2254/3490 1592/2256/3492 1593/2484/3637 1587/2485/3634
f 1587/2486/3634 1593/2487/3637 1591/2488/3635 1585/2479/3635
f 1595/2255/3491 1589/2253/3489 1590/2489/3636 1596/2490/3638
f 1596/2491/3638 1590/2492/3636 1588/2380/3597 1594/2379/3597
f 1592/2256/3492 1598/2258/3494 1599/2493/3639 1593/2494/3637
f 1593/2495/3637 1599/2496/3639 1597/2497/3640 1591/2488/3635
f 1601/2257/3493 1595/2255/3491 1596/2498/3638 1602/2499/3641
f 1602/2500/3641 1596/2501/3638 1594/2379/3597 1600/2378/3596
f 1598/2259/3494 1604/2262/3496 1605/2502/3642 1599/2503/3639
f 1599/2504/3639 1605/2505/3642 1603/2506/3643 1597/2497/3640
f 1607/2261/3495 1601/2260/3493 1602/2507/3641 1608/2508/3644
f 1608/2509/3644 1602/2510/3641 1600/2378/3596 1606/2377/3595
f 1604/2262/3496 1610/2264/3498 1611/2511/3645 1605/2512/3642
f 1605/2513/3642 1611/2514/3645 1609/2515/3646 1603/2506/3643
f 1613/2263/3497 1607/2261/3495 1608/2516/3644 1614/2517/3647
f 1614/2518/3647 1608/2519/3644 1606/2377/3595 1612/2376/3594
f 1610/2264/3498 1616/2266/3500 1617/2520/3648 1611/2521/3645
f 1611/2522/3645 1617/2523/3648 1615/2524/3646 1609/2515/3646
f 1619/2265/3499 1613/2263/3497 1614/2525/3647 1620/2526/3649
f 1620/2527/3649 1614/2528/3647 1612/2376/3594 1618/2375/3594
f 1616/2266/3500 1622/2268/3502 1623/2529/3650 1617/2530/3648
f 1617/2531/3648 1623/2532/3650 1621/2533/3651 1615/2524/3646
f 1625/2267/3501 1619/2265/3499 1620/2534/3649 1626/2535/3652
f 1626/2536/3652 1620/2537/3649 1618/2375/3594 1624/2374/3593
f 1622/2268/3502 1628/2270/3504 1629/2538/3653 1623/2539/3650
f 1623/2540/3650 1629/2541/3653 1627/2542/3654 1621/2533/3651
f 1631/2269/3503 1625/2267/3501 1626/2543/3652 1632/2544/3655
f 1632/2545/3655 1626/2546/3652 1624/2374/3593 1630/2373/3592
f 1628/2271/3504 1634/2274/3506 1635/2547/3656 1629/2548/3653
f 1629/2549/3653 1635/2550/3656 1633/2551/3657 1627/2542/3654
f 1637/2273/3505 1631/2272/3503 1632/2552/3655 1638/2553/3658
f 1638/2554/3658 1632/2555/3655 1630/2373/3592 1636/2372/3591
f 1634/2274/3506 1640/2276/3508 1641/2556/3659 1635/2557/3656
f 1635/2558/3656 1641/2559/3659 1639/2560/3660 1633/2551/3657
f 1643/2275/3507 1637/2273/3505 1638/2561/3658 1644/2562/3661
f 1644/2563/3661 1638/2564/3658 1636/2372/3591 1642/2371/3590
f 1640/2276/3508 1646/2278/3510 1647/2565/3662 1641/2566/3659
f 1641/2567/3659 1647/2568/3662 1645/2569/3663 1639/2560/3660
f 1649/2277/3509 1643/2275/3507 1644/2570/3661 1650/2571/3664
f 1650/2572/3664 1644/2573/3661 1642/2371/3590 1648/2370/3589
f 1646/2278/3510 1652/2280/3512 1653/2574/3665 1647/2575/3662
f 1647/2576/3662 1653/2577/3665 1651/2578/3666 1645/2569/3663
f 1655/2279/3511 1649/2277/3509 1650/2579/3664 1656/2580/3667
f 1656/2581/3667 1650/2582/3664 1648/2370/3589 1654/2369/3588
f 1652/2280/3512 1658/2282/3514 1659/2583/3668 1653/2584/3665
f 1653/2585/3665 1659/2586/3668 1657/2587/3669 1651/2578/3666
f 1661/2281/3513 1655/2279/3511 1656/2588/3667 1662/2589/3670
f 1662/2590/3670 1656/2591/3667 1654/2369/3588 1660/2368/3587
f 1658/2282/3514 1664/2284/3516 1665/2592/3671 1659/2593/3668
f 1659/2594/3668 1665/2595/3671 1663/2596/3669 1657/2587/3669
f 1667/2283/3515 1661/2281/3513 1662/2597/3670 1668/2598/3672
f 1668/2599/3672 1662/2600/3670 1660/2368/3587 1666/2367/3587
f 1664/2284/3516 1670/2286/3518 1671/2601/3673 1665/2602/3671
f 1665/2603/3671 1671/2604/3673 1669/2605/3674 1663/2596/3669
f 1673/2285/3517 1667/2283/3515 1668/2606/3672 1674/2607/3675
f 1674/2608/3675 1668/2609/3672 1666/2367/3587 1672/2366/3586
f 1670/2286/3518 1676/2288/3520 1677/2610/3676 1671/2611/3673
f 1671/2612/3673 1677/2613/3676 1675/2614/3677 1669/2605/3674
f 1679/2287/3519 1673/2285/3517 1674/2615/3675 1680/2616/3678
f 1680/2617/3678 1674/2618/3675 1672/2366/3586 1678/2365/3585
f 1676/2288/3520 1682/2290/3522 1683/2619/3679 1677/2620/3676
f 1677/2621/3676 1683/2622/3679 1681/2623/3680 1675/2614/3677
f 1685/2289/3521 1679/2287/3519 1680/2624/3678 1686/2625/3681
f 1686/2626/3681 1680/2627/3678 1678/2365/3585 1684/2364/3584
f 1682/2290/3522 1688/2292/3524 1689/2628/3682 1683/2629/3679
f 1683/2630/3679 1689/2631/3682 1687/2632/3680 1681/2623/3680
f 1691/2291/3523 1685/2289/3521 1686/2633/3681 1692/2634/3683
f 1692/2635/3683 1686/2636/3681 1684/2364/3584 1690/2363/3584
f 1688/2292/3524 1694/2294/3526 1695/2637/3684 1689/2638/3682
f 1689/2639/3682 1695/2640/3684 1693/2641/3685 1687/2632/3680
f 1697/2293/3525 1691/2291/3523 1692/2642/3683 1698/2643/3686
f 1698/2644/3686 1692/2645/3683 1690/2363/3584 1696/2362/3583
f 1694/2295/3526 1700/2298/3528 1701/2646/3687 1695/2647/3684
f 1695/2648/3684 1701/2649/3687 1699/2650/3688 1693/2641/3685
f 1703/2297/3527 1697/2296/3525 1698/2651/3686 1704/2652/3689
f 1704/2653/3689 1698/2654/3686 1696/2362/3583 1702/2361/3582
f 1700/2298/3528 1706/2300/3530 1707/2655/3690 1701/2656/3687
f 1701/2657/3687 1707/2658/3690 1705/2659/3691 1699/2650/3688
f 1709/2299/3529 1703/2297/3527 1704/2660/3689 1710/2661/3692
f 1710/2662/3692 1704/2663/3689 1702/2361/3582 1708/2360/3581
f 1706/2300/3530 1712/2302/3532 1713/2664/3693 1707/2665/3690
f 1707/2666/3690 1713/2667/3693 1711/2668/3694 1705/2659/3691
f 1715/2301/3531 1709/2299/3529 1710/2669/3692 1716/2670/3695
f 1716/2671/3695 1710/2672/3692 1708/2360/3581 1714/2359/3580
f 1712/2303/3532 1718/2306/3534 1719/2673/3696 1713/2674/3693
f 1713/2675/3693 1719/2676/3696 1717/2677/3697 1711/2668/3694
f 1721/2305/3533 1715/2304/3531 1716/2678/3695 1722/2679/3698
f 1722/2680/3698 1716/2681/3695 1714/2359/3580 1720/2358/3579
f 1718/2306/3534 1724/2308/3536 1725/2682/3699 1719/2683/3696
f 1719/2684/3696 1725/2685/3699 1723/2686/3700 1717/2677/3697
f 1727/2307/3535 1721/2305/3533 1722/2687/3698 1728/2688/3701
f 1728/2689/3701 1722/2690/3698 1720/2358/3579 1726/2357/3578
f 1724/2308/3536 1730/2310/3538 1731/2691/3702 1725/2692/3699
f 1725/2693/3699 1731/2694/3702 1729/2695/3703 1723/2686/3700
f 1733/2309/3537 1727/2307/3535 1728/2696/3701 1734/2697/3704
f 1734/2698/3704 1728/2699/3701 1726/2357/3578 1732/2356/3577
f 1730/2310/3538 1736/2312/3540 1737/2700/3705 1731/2701/3702
f 1731/2702/3702 1737/2703/3705 1735/2704/3703 1729/2695/3703
f 1739/2311/3539 1733/2309/3537 1734/2705/3704 1740/2706/3706
f 1740/2707/3706 1734/2708/3704 1732/2356/3577 1738/2355/3577
f 1736/2312/3540 1742/2314/3542 1743/2709/3707 1737/2710/3705
f 1737/2711/3705 1743/2712/3707 1741/2713/3708 1735/2704/3703
f 1745/2313/3541 1739/2311/3539 1740/2714/3706 1746/2715/3709
f 1746/2716/3709 1740/2717/3706 1738/2355/3577 1744/2354/3576
f 1742/2314/3542 1748/2316/3544 1749/2718/3710 1743/2719/3707
f 1743/2720/3707 1749/2721/3710 1747/2722/3711 1741/2713/3708
f 1751/2315/3543 1745/2313/3541 1746/2723/3709 1752/2724/3712
f 1752/2725/3712 1746/2726/3709 1744/2354/3576 1750/2353/3575
f 1748/2317/3544 1754/2320/3546 1755/2727/3713 1749/2728/3710
f 1749/2729/3710 1755/2730/3713 1753/2731/3714 1747/2722/3711
f 1757/2319/3545 1751/2318/3543 1752/2732/3712 1758/2733/3715
f 1758/2734/3715 1752/2735/3712 1750/2353/3575 1756/2352/3574
f 1754/2320/3546 1760/2322/3548 1761/2736/3716 1755/2737/3713
f 1755/2738/3713 1761/2739/3716 1759/2740/3714 1753/2731/3714
f 1763/2321/3547 1757/2319/3545 1758/2741/3715 1764/2742/3717
f 1764/2743/3717 1758/2744/3715 1756/2352/3574 1762/2351/3574
f 1760/2322/3548 1766/2324/3550 1767/2745/3718 1761/2746/3716
f 1761/2747/3716 1767/2748/3718 1765/2749/3719 1759/2740/3714
f 1769/2323/3549 1763/2321/3547 1764/2750/3717 1770/2751/3720
f 1770/2752/3720 1764/2753/3717 1762/2351/3574 1768/2350/3573
f 1766/2325/3550 1772/2328/3552 1773/2754/3721 1767/2755/3718
f 1767/2756/3718 1773/2757/3721 1771/2758/3722 1765/2749/3719
f 1775/2327/3551 1769/2326/3549 1770/2759/3720 1776/2760/3723
f 1776/2761/3723 1770/2762/3720 1768/2350/3573 1774/2349/3572
f 1772/2328/3552 1778/2330/3554 1779/2763/3724 1773/2764/3721
f 1773/2765/3721 1779/2766/3724 1777/2767/3725 1771/2758/3722
f 1781/2329/3553 1775/2327/3551 1776/2768/3723 1782/2769/3726
f 1782/2770/3726 1776/2771/3723 1774/2349/3572 1780/2348/3571
f 1778/2330/3554 1784/2332/3556 1785/2772/3727 1779/2773/3724
f 1779/2774/3724 1785/2775/3727 1783/2776/3728 1777/2767/3725
f 1787/2331/3555 1781/2329/3553 1782/2777/3726 1788/2778/3729
f 1788/2779/3729 1782/2780/3726 1780/2348/3571 1786/2347/3570
f 1784/2332/3556 1790/2334/3558 1791/2781/3730 1785/2782/3727
f 1785/2783/3727 1791/2784/3730 1789/2785/3731 1783/2776/3728
f 1793/2333/3557 1787/2331/3555 1788/2786/3729 1794/2787/3732
f 1794/2788/3732 1788/2789/3729 1786/2347/3570 1792/2346/3569
f 1790/2334/3558 1796/2336/3560 1797/2790/3733 1791/2791/3730
f 1791/2792/3730 1797/2793/3733 1795/2794/3734 1789/2785/3731
f 1799/2335/3559 1793/2333/3557 1794/2795/3732 1800/2796/3735
f 1800/2797/3735 1794/2798/3732 1792/2346/3569 1798/2345/3568
f 1796/2336/3560 1802/2338/3562 1803/2799/3736 1797/2800/3733
f 1797/2801/3733 1803/2802/3736 1801/2803/3737 1795/2794/3734
f 1805/2337/3561 1799/2335/3559 1800/2804/3735 1806/2805/3738
f 1806/2806/3738 1800/2807/3735 1798/2345/3568 1804/2344/3567
f 1802/2338/3562 1808/2232/3469 1809/2808/3739 1803/2809/3736
f 1803/2810/3736 1809/2811/3739 1807/2812/3737 1801/2803/3737
f 1811/2233/3470 1805/2337/3561 1806/2813/3738 1812/2814/3740
f 1812/2815/3740 1806/2816/3738 1804/2344/3567 1810/2343/3567
f 1808/2232/3469 1526/2235/3472 1527/2817/3606 1809/2818/3739
f 1809/2819/3739 1527/2820/3606 1525/2398/3608 1807/2812/3737
f 1529/2234/3471 1811/2233/3470 1812/2821/3740 1530/2822/3609
f 1530/2823/3609 1812/2824/3740 1810/2343/3567 1528/2342/3566
f 1525/2398/3608 1531/2397/3607 1537/2407/3612 1543/2416/3612 1549/2425/3617 1555/2434/3620 1561/2443/3623 1567/2452/3626 1573/2461/3629 1579/2470/3632 1585/2479/3635 1591/2488/3635 1597/2497/3640 1603/2506/3643 1609/2515/3646 1615/2524/3646 1621/2533/3651 1627/2542/3654 1633/2551/3657 1639/2560/3660 1645/2569/3663 1651/2578/3666 1657/2587/3669 1663/2596/3669 1669/2605/3674 1675/2614/3677 1681/2623/3680 1687/2632/3680 1693/2641/3685 1699/2650/3688 1705/2659/3691 1711/2668/3694 1717/2677/3697 1723/2686/3700 1729/2695/3703 1735/2704/3703 1741/2713/3708 1747/2722/3711 1753/2731/3714 1759/2740/3714 1765/2749/3719 1771/2758/3722 1777/2767/3725 1783/2776/3728 1789/2785/3731 1795/2794/3734 1801/2803/3737 1807/2812/3737
o Motor_drive_shaft_04
v 0.295000 0.365500 -0.297800
v 0.295000 0.365700 -0.298000
v 0.295000 0.365527 -0.297900
v 0.295000 0.365600 -0.297973
v 0.295000 0.379500 -0.297800
v 0.295000 0.379300 -0.298000
v 0.295000 0.379473 -0.297900
v 0.295000 0.379400 -0.297973
v 0.295274 0.365500 -0.297786
v 0.295294 0.365700 -0.297986
v 0.295284 0.365527 -0.297886
v 0.295291 0.365600 -0.297959
v 0.295274 0.379500 -0.297786
v 0.295294 0.379300 -0.297986
v 0.295284 0.379473 -0.297886
v 0.295291 0.379400 -0.297959
v 0.295546 0.365500 -0.297746
v 0.295585 0.365700 -0.297942
v 0.295566 0.365527 -0.297844
v 0.295580 0.365600 -0.297916
v 0.295546 0.379500 -0.297746
v 0.295585 0.379300 -0.297942
v 0.295566 0.379473 -0.297844
v 0.295580 0.379400 -0.297916
v 0.295813 0.365500 -0.297679
v 0.295871 0.365700 -0.297871
v 0.295842 0.365527 -0.297775
v 0.295863 0.365600 -0.297845
v 0.295813 0.379500 -0.297679
v 0.295871 0.379300 -0.297871
v 0.295842 0.379473 -0.297775
v 0.295863 0.379400 -0.297845
v 0.296071 0.365500 -0.297587
v 0.296148 0.365700 -0.297772
v 0.296110 0.365527 -0.297679
v 0.296138 0.365600 -0.297747
v 0.296071 0.379500 -0.297587
v 0.296148 0.379300 -0.297772
v 0.296110 0.379473 -0.297679
v 0.296138 0.379400 -0.297747
v 0.296320 0.365500 -0.297469
v 0.296414 0.365700 -0.297646
v 0.296367 0.365527 -0.297557
v 0.296402 0.365600 -0.297622
v 0.296320 0.379500 -0.297469
v 0.296414 0.379300 -0.297646
v 0.296367 0.379473 -0.297557
v 0.296402 0.379400 -0.297622
v 0.296555 0.365500 -0.297328
v 0.296667 0.365700 -0.297494
v 0.296611 0.365527 -0.297411
v 0.296652 0.365600 -0.297472
v 0.296555 0.379500 -0.297328
v 0.296667 0.379300 -0.297494
v 0.296611 0.379473 -0.297411
v 0.296652 0.379400 -0.297472
v 0.296776 0.365500 -0.297164
v 0.296903 0.365700 -0.297319
v 0.296840 0.365527 -0.297242
v 0.296886 0.365600 -0.297298
v 0.296776 0.379500 -0.297164
v 0.296903 0.379300 -0.297319
v 0.296840 0.379473 -0.297242
v 0.296886 0.379400 -0.297298
v 0.296980 0.365500 -0.296980
v 0.297121 0.365700 -0.297121
v 0.297050 0.365527 -0.297050
v 0.297102 0.365600 -0.297102
v 0.296980 0.379500 -0.296980
v 0.297121 0.379300 -0.297121
v 0.297050 0.379473 -0.297050
v 0.297102 0.379400 -0.297102
v 0.297164 0.365500 -0.296776
v 0.297319 0.365700 -0.296903
v 0.297242 0.365527 -0.296840
v 0.297298 0.365600 -0.296886
v 0.297164 0.379500 -0.296776
v 0.297319 0.379300 -0.296903
v 0.297242 0.379473 -0.296840
v 0.297298 0.379400 -0.296886
v 0.297328 0.365500 -0.296555
v 0.297494 0.365700 -0.296667
v 0.297411 0.365527 -0.296611
v 0.297472 0.365600 -0.296652
v 0.297328 0.379500 -0.296555
v 0.297494 0.379300 -0.296667
v 0.297411 0.379473 -0.296611
v 0.297472 0.379400 -0.296652
v 0.297469 0.365500 -0.296320
v 0.297646 0.365700 -0.296414
v 0.297557 0.365527 -0.296367
v 0.297622 0.365600 -0.296402
v 0.297469 0.379500 -0.296320
v 0.297646 0.379300 -0.296414
v 0.297557 0.379473 -0.296367
v 0.297622 0.379400 -0.296402
v 0.297587 0.365500 -0.296071
v 0.297772 0.365700 -0.296148
v 0.297679 0.365527 -0.296110
v 0.297747 0.365600 -0.296138
v 0.297587 0.379500 -0.296071
v 0.297772 0.379300 -0.296148
v 0.297679 0.379473 -0.296110
v 0.297747 0.379400 -0.296138
v 0.297679 0.365500 -0.295813
v 0.297871 0.365700 -0.295871
v 0.297775 0.365527 -0.295842
v 0.297845 0.365600 -0.295863
v 0.297679 0.379500 -0.295813
v 0.297871 0.379300 -0.295871
v 0.297775 0.379473 -0.295842
v 0.297845 0.379400 -0.295863
v 0.297746 0.365500 -0.295546
v 0.297942 0.365700 -0.295585
v 0.297844 0.365527 -0.295566
v 0.297916 0.365600 -0.295580
v 0.297746 0.379500 -0.295546
v 0.297942 0.379300 -0.295585
v 0.297844 0.379473 -0.295566
v 0.297916 0.379400 -0.295580
v 0.297786 0.365500 -0.295274
v 0.297986 0.365700 -0.295294
v 0.297886 0.365527 -0.295284
v 0.297959 0.365600 -0.295291
v 0.297786 0.379500 -0.295274
v 0.297986 0.379300 -0.295294
v 0.297886 0.379473 -0.295284
v 0.297959 0.379400 -0.295291
v 0.297800 0.365500 -0.295000
v 0.298000 0.365700 -0.295000
v 0.297900 0.365527 -0.295000
v 0.297973 0.365600 -0.295000
v 0.297800 0.379500 -0.295000
v 0.298000 0.379300 -0.295000
v 0.297900 0.379473 -0.295000
v 0.297973 0.379400 -0.295000
v 0.297786 0.365500 -0.294726
v 0.297986 0.365700 -0.294706
v 0.297886 0.365527 -0.294716
v 0.297959 0.365600 -0.294709
v 0.297786 0.379500 -0.294726
v 0.297986 0.379300 -0.294706
v 0.297886 0.379473 -0.294716
v 0.297959 0.379400 -0.294709
v 0.297746 0.365500 -0.294454
v 0.297942 0.365700 -0.294415
v 0.297844 0.365527 -0.294434
v 0.297916 0.365600 -0.294420
v 0.297746 0.379500 -0.294454
v 0.297942 0.379300 -0.294415
v 0.297844 0.379473 -0.294434
v 0.297916 0.379400 -0.294420
v 0.297679 0.365500 -0.294187
v 0.297871 0.365700 -0.294129
v 0.297775 0.365527 -0.294158
v 0.297845 0.365600 -0.294137
v 0.297679 0.379500 -0.294187
v 0.297871 0.379300 -0.294129
v 0.297775 0.379473 -0.294158
v 0.297845 0.379400 -0.294137
v 0.297587 0.365500 -0.293929
v 0.297772 0.365700 -0.293852
v 0.297679 0.365527 -0.293890
v 0.297747 0.365600 -0.293862
v 0.297587 0.379500 -0.293929
v 0.297772 0.379300 -0.293852
v 0.297679 0.379473 -0.293890
v 0.297747 0.379400 -0.293862
v 0.297469 0.365500 -0.293680
v 0.297646 0.365700 -0.293586
v 0.297557 0.365527 -0.293633
v 0.297622 0.365600 -0.293598
v 0.297469 0.379500 -0.293680
v 0.297646 0.379300 -0.293586
v 0.297557 0.379473 -0.293633
v 0.297622 0.379400 -0.293598
v 0.297328 0.365500 -0.293445
v 0.297494 0.365700 -0.293333
v 0.297411 0.365527 -0.293389
v 0.297472 0.365600 -0.293348
v 0.297328 0.379500 -0.293445
v 0.297494 0.379300 -0.293333
v 0.297411 0.379473 -0.293389
v 0.297472 0.379400 -0.293348
v 0.297164 0.365500 -0.293224
v 0.297319 0.365700 -0.293097
v 0.297242 0.365527 -0.293160
v 0.297298 0.365600 -0.293114
v 0.297164 0.379500 -0.293224
v 0.297319 0.379300 -0.293097
v 0.297242 0.379473 -0.293160
v 0.297298 0.379400 -0.293114
v 0.296980 0.365500 -0.293020
v 0.297121 0.365700 -0.292879
v 0.297050 0.365527 -0.292950
v 0.297102 0.365600 -0.292898
v 0.296980 0.379500 -0.293020
v 0.297121 0.379300 -0.292879
v 0.297050 0.379473 -0.292950
v 0.297102 0.379400 -0.292898
v 0.296776 0.365500 -0.292836
v 0.296903 0.365700 -0.292681
v 0.296840 0.365527 -0.292758
v 0.296886 0.365600 -0.292702
v 0.296776 0.379500 -0.292836
v 0.296903 0.379300 -0.292681
v 0.296840 0.379473 -0.292758
v 0.296886 0.379400 -0.292702
v 0.296555 0.365500 -0.292672
v 0.296667 0.365700 -0.292506
v 0.296611 0.365527 -0.292589
v 0.296652 0.365600 -0.292528
v 0.296555 0.379500 -0.292672
v 0.296667 0.379300 -0.292506
v 0.296611 0.379473 -0.292589
v 0.296652 0.379400 -0.292528
v 0.296320 0.365500 -0.292531
v 0.296414 0.365700 -0.292354
v 0.296367 0.365527 -0.292443
v 0.296402 0.365600 -0.292378
v 0.296320 0.379500 -0.292531
v 0.296414 0.379300 -0.292354
v 0.296367 0.379473 -0.292443
v 0.296402 0.379400 -0.292378
v 0.296071 0.365500 -0.292413
v 0.296148 0.365700 -0.292228
v 0.296110 0.365527 -0.292321
v 0.296138 0.365600 -0.292253
v 0.296071 0.379500 -0.292413
v 0.296148 0.379300 -0.292228
v 0.296110 0.379473 -0.292321
v 0.296138 0.379400 -0.292253
v 0.295813 0.365500 -0.292321
v 0.295871 0.365700 -0.292129
v 0.295842 0.365527 -0.292225
v 0.295863 0.365600 -0.292155
v 0.295813 0.379500 -0.292321
v 0.295871 0.379300 -0.292129
v 0.295842 0.379473 -0.292225
v 0.295863 0.379400 -0.292155
v 0.295546 0.365500 -0.292254
v 0.295585 0.365700 -0.292058
v 0.295566 0.365527 -0.292156
v 0.295580 0.365600 -0.292084
v 0.295546 0.379500 -0.292254
v 0.295585 0.379300 -0.292058
v 0.295566 0.379473 -0.292156
v 0.295580 0.379400 -0.292084
v 0.295274 0.365500 -0.292214
v 0.295294 0.365700 -0.292014
v 0.295284 0.365527 -0.292114
v 0.295291 0.365600 -0.292041
v 0.295274 0.379500 -0.292214
v 0.295294 0.379300 -0.292014
v 0.295284 0.379473 -0.292114
v 0.295291 0.379400 -0.292041
v 0.295000 0.365500 -0.292200
v 0.295000 0.365700 -0.292000
v 0.295000 0.365527 -0.292100
v 0.295000 0.365600 -0.292027
v 0.295000 0.379500 -0.292200
v 0.295000 0.379300 -0.292000
v 0.295000 0.379473 -0.292100
v 0.295000 0.379400 -0.292027
v 0.294726 0.365500 -0.292214
v 0.294706 0.365700 -0.292014
v 0.294716 0.365527 -0.292114
v 0.294709 0.365600 -0.292041
v 0.294726 0.379500 -0.292214
v 0.294706 0.379300 -0.292014
v 0.294716 0.379473 -0.292114
v 0.294709 0.379400 -0.292041
v 0.294454 0.365500 -0.292254
v 0.294415 0.365700 -0.292058
v 0.294434 0.365527 -0.292156
v 0.294420 0.365600 -0.292084
v 0.294454 0.379500 -0.292254
v 0.294415 0.379300 -0.292058
v 0.294434 0.379473 -0.292156
v 0.294420 0.379400 -0.292084
v 0.294187 0.365500 -0.292321
v 0.294129 0.365700 -0.292129
v 0.294158 0.365527 -0.292225
v 0.294137 0.365600 -0.292155
v 0.294187 0.379500 -0.292321
v 0.294129 0.379300 -0.292129
v 0.294158 0.379473 -0.292225
v 0.294137 0.379400 -0.292155
v 0.293929 0.365500 -0.292413
v 0.293852 0.365700 -0.292228
v 0.293890 0.365527 -0.292321
v 0.293862 0.365600 -0.292253
v 0.293929 0.379500 -0.292413
v 0.293852 0.379300 -0.292228
v 0.293890 0.379473 -0.292321
v 0.293862 0.379400 -0.292253
v 0.293680 0.365500 -0.292531
v 0.293586 0.365700 -0.292354
v 0.293633 0.365527 -0.292443
v 0.293598 0.365600 -0.292378
v 0.293680 0.379500 -0.292531
v 0.293586 0.379300 -0.292354
v 0.293633 0.379473 -0.292443
v 0.293598 0.379400 -0.292378
v 0.293445 0.365500 -0.292672
v 0.293333 0.365700 -0.292506
v 0.293389 0.365527 -0.292589
v 0.293348 0.365600 -0.292528
v 0.293445 0.379500 -0.292672
v 0.293333 0.379300 -0.292506
v 0.293389 0.379473 -0.292589
v 0.293348 0.379400 -0.292528
v 0.293224 0.365500 -0.292836
v 0.293097 0.365700 -0.292681
v 0.293160 0.365527 -0.292758
v 0.293114 0.365600 -0.292702
v 0.293224 0.379500 -0.292836
v 0.293097 0.379300 -0.292681
v 0.293160 0.379473 -0.292758
v 0.293114 0.379400 -0.292702
v 0.293020 0.365500 -0.293020
v 0.292879 0.365700 -0.292879
v 0.292950 0.365527 -0.292950
v 0.292898 0.365600 -0.292898
v 0.293020 0.379500 -0.293020
v 0.292879 0.379300 -0.292879
v 0.292950 0.379473 -0.292950
v 0.292898 0.379400 -0.292898
v 0.292836 0.365500 -0.293224
v 0.292681 0.365700 -0.293097
v 0.292758 0.365527 -0.293160
v 0.292702 0.365600 -0.293114
v 0.292836 0.379500 -0.293224
v 0.292681 0.379300 -0.293097
v 0.292758 0.379473 -0.293160
v 0.292702 0.379400 -0.293114
v 0.292672 0.365500 -0.293445
v 0.292506 0.365700 -0.293333
v 0.292589 0.365527 -0.293389
v 0.292528 0.365600 -0.293348
v 0.292672 0.379500 -0.293445
v 0.292506 0.379300 -0.293333
v 0.292589 0.379473 -0.293389
v 0.292528 0.379400 -0.293348
v 0.292531 0.365500 -0.293680
v 0.292354 0.365700 -0.293586
v 0.292443 0.365527 -0.293633
v 0.292378 0.365600 -0.293598
v 0.292531 0.379500 -0.293680
v 0.292354 0.379300 -0.293586
v 0.292443 0.379473 -0.293633
v 0.292378 0.379400 -0.293598
v 0.292413 0.365500 -0.293929
v 0.292228 0.365700 -0.293852
v 0.292321 0.365527 -0.293890
v 0.292253 0.365600 -0.293862
v 0.292413 0.379500 -0.293929
v 0.292228 0.379300 -0.293852
v 0.292321 0.379473 -0.293890
v 0.292253 0.379400 -0.293862
v 0.292321 0.365500 -0.294187
v 0.292129 0.365700 -0.294129
v 0.292225 0.365527 -0.294158
v 0.292155 0.365600 -0.294137
v 0.292321 0.379500 -0.294187
v 0.292129 0.379300 -0.294129
v 0.292225 0.379473 -0.294158
v 0.292155 0.379400 -0.294137
v 0.292254 0.365500 -0.294454
v 0.292058 0.365700 -0.294415
v 0.292156 0.365527 -0.294434
v 0.292084 0.365600 -0.294420
v 0.292254 0.379500 -0.294454
v 0.292058 0.379300 -0.294415
v 0.292156 0.379473 -0.294434
v 0.292084 0.379400 -0.294420
v 0.292214 0.365500 -0.294726
v 0.292014 0.365700 -0.294706
v 0.292114 0.365527 -0.294716
v 0.292041 0.365600 -0.294709
v 0.292214 0.379500 -0.294726
v 0.292014 0.379300 -0.294706
v 0.292114 0.379473 -0.294716
v 0.292041 0.379400 -0.294709
v 0.292200 0.365500 -0.295000
v 0.292000 0.365700 -0.295000
v 0.292100 0.365527 -0.295000
v 0.292027 0.365600 -0.295000
v 0.292200 0.379500 -0.295000
v 0.292000 0.379300 -0.295000
v 0.292100 0.379473 -0.295000
v 0.292027 0.379400 -0.295000
v 0.292214 0.365500 -0.295274
v 0.292014 0.365700 -0.295294
v 0.292114 0.365527 -0.295284
v 0.292041 0.365600 -0.295291
v 0.292214 0.379500 -0.295274
v 0.292014 0.379300 -0.295294
v 0.292114 0.379473 -0.295284
v 0.292041 0.379400 -0.295291
v 0.292254 0.365500 -0.295546
v 0.292058 0.365700 -0.295585
v 0.292156 0.365527 -0.295566
v 0.292084 0.365600 -0.295580
v 0.292254 0.379500 -0.295546
v 0.292058 0.379300 -0.295585
v 0.292156 0.379473 -0.295566
v 0.292084 0.379400 -0.295580
v 0.292321 0.365500 -0.295813
v 0.292129 0.365700 -0.295871
v 0.292225 0.365527 -0.295842
v 0.292155 0.365600 -0.295863
v 0.292321 0.379500 -0.295813
v 0.292129 0.379300 -0.295871
v 0.292225 0.379473 -0.295842
v 0.292155 0.379400 -0.295863
v 0.292413 0.365500 -0.296071
v 0.292228 0.365700 -0.296148
v 0.292321 0.365527 -0.296110
v 0.292253 0.365600 -0.296138
v 0.292413 0.379500 -0.296071
v 0.292228 0.379300 -0.296148
v 0.292321 0.379473 -0.296110
v 0.292253 0.379400 -0.296138
v 0.292531 0.365500 -0.296320
v 0.292354 0.365700 -0.296414
v 0.292443 0.365527 -0.296367
v 0.292378 0.365600 -0.296402
v 0.292531 0.379500 -0.296320
v 0.292354 0.379300 -0.296414
v 0.292443 0.379473 -0.296367
v 0.292378 0.379400 -0.296402
v 0.292672 0.365500 -0.296555
v 0.292506 0.365700 -0.296667
v 0.292589 0.365527 -0.296611
v 0.292528 0.365600 -0.296652
v 0.292672 0.379500 -0.296555
v 0.292506 0.379300 -0.296667
v 0.292589 0.379473 -0.296611
v 0.292528 0.379400 -0.296652
v 0.292836 0.365500 -0.296776
v 0.292681 0.365700 -0.296903
v 0.292758 0.365527 -0.296840
v 0.292702 0.365600 -0.296886
v 0.292836 0.379500 -0.296776
v 0.292681 0.379300 -0.296903
v 0.292758 0.379473 -0.296840
v 0.292702 0.379400 -0.296886
v 0.293020 0.365500 -0.296980
v 0.292879 0.365700 -0.297121
v 0.292950 0.365527 -0.297050
v 0.292898 0.365600 -0.297102
v 0.293020 0.379500 -0.296980
v 0.292879 0.379300 -0.297121
v 0.292950 0.379473 -0.297050
v 0.292898 0.379400 -0.297102
v 0.293224 0.365500 -0.297164
v 0.293097 0.365700 -0.297319
v 0.293160 0.365527 -0.297242
v 0.293114 0.365600 -0.297298
v 0.293224 0.379500 -0.297164
v 0.293097 0.379300 -0.297319
v 0.293160 0.379473 -0.297242
v 0.293114 0.379400 -0.297298
v 0.293445 0.365500 -0.297328
v 0.293333 0.365700 -0.297494
v 0.293389 0.365527 -0.297411
v 0.293348 0.365600 -0.297472
v 0.293445 0.379500 -0.297328
v 0.293333 0.379300 -0.297494
v 0.293389 0.379473 -0.297411
v 0.293348 0.379400 -0.297472
v 0.293680 0.365500 -0.297469
v 0.293586 0.365700 -0.297646
v 0.293633 0.365527 -0.297557
v 0.293598 0.365600 -0.297622
v 0.293680 0.379500 -0.297469
v 0.293586 0.379300 -0.297646
v 0.293633 0.379473 -0.297557
v 0.293598 0.379400 -0.297622
v 0.293929 0.365500 -0.297587
v 0.293852 0.365700 -0.297772
v 0.293890 0.365527 -0.297679
v 0.293862 0.365600 -0.297747
v 0.293929 0.379500 -0.297587
v 0.293852 0.379300 -0.297772
v 0.293890 0.379473 -0.297679
v 0.293862 0.379400 -0.297747
v 0.294187 0.365500 -0.297679
v 0.294129 0.365700 -0.297871
v 0.294158 0.365527 -0.297775
v 0.294137 0.365600 -0.297845
v 0.294187 0.379500 -0.297679
v 0.294129 0.379300 -0.297871
v 0.294158 0.379473 -0.297775
v 0.294137 0.379400 -0.297845
v 0.294454 0.365500 -0.297746
v 0.294415 0.365700 -0.297942
v 0.294434 0.365527 -0.297844
v 0.294420 0.365600 -0.297916
v 0.294454 0.379500 -0.297746
v 0.294415 0.379300 -0.297942
v 0.294434 0.379473 -0.297844
v 0.294420 0.379400 -0.297916
v 0.294726 0.365500 -0.297786
v 0.294706 0.365700 -0.297986
v 0.294716 0.365527 -0.297886
v 0.294709 0.365600 -0.297959
v 0.294726 0.379500 -0.297786
v 0.294706 0.379300 -0.297986
v 0.294716 0.379473 -0.297886
v 0.294709 0.379400 -0.297959
vn -0.0980 -0.0020 -0.9952
vn -0.0980 0.0020 -0.9952
vn -0.0000 0.0020 -1.0000
vn -0.0000 -0.0020 -1.0000
vn 0.1951 -0.0020 -0.9808
vn 0.1951 0.0020 -0.9808
vn 0.2903 0.0020 -0.9569
vn 0.2903 -0.0020 -0.9569
vn 0.3827 0.0020 -0.9239
vn 0.3827 -0.0020 -0.9239
vn 0.4714 0.0020 -0.8819
vn 0.4714 -0.0020 -0.8819
vn 0.5556 0.0020 -0.8315
vn 0.5556 -0.0020 -0.8315
vn 0.6344 0.0020 -0.7730
vn 0.6344 -0.0020 -0.7730
vn 0.7071 0.0020 -0.7071
vn 0.7071 -0.0020 -0.7071
vn 0.7730 0.0020 -0.6344
vn 0.7730 -0.0020 -0.6344
vn 0.8315 0.0020 -0.5556
vn 0.8315 -0.0020 -0.5556
vn 0.8819 0.0020 -0.4714
vn 0.8819 -0.0020 -0.4714
vn 0.9239 0.0020 -0.3827
vn 0.9239 -0.0020 -0.3827
vn 0.9569 0.0020 -0.2903
vn 0.9569 -0.0020 -0.2903
vn 0.9808 0.0020 -0.1951
vn 0.9808 -0.0020 -0.1951
vn 0.9952 0.0020 -0.0980
vn 0.9952 -0.0020 -0.0980
vn 1.0000 0.0020 -0.0000
vn 1.0000 -0.0020 -0.0000
vn 0.9952 0.0020 0.0980
vn 0.9952 -0.0020 0.0980
vn 0.9808 0.0020 0.1951
vn 0.9808 -0.0020 0.1951
vn 0.9569 0.0020 0.2903
vn 0.9569 -0.0020 0.2903
vn 0.9239 0.0020 0.3827
vn 0.9239 -0.0020 0.3827
vn 0.8819 0.0020 0.4714
vn 0.8819 -0.0020 0.4714
vn 0.8315 0.0020 0.5556
vn 0.8315 -0.0020 0.5556
vn 0.7730 0.0020 0.6344
vn 0.7730 -0.0020 0.6344
vn 0.7071 0.0020 0.7071
vn 0.7071 -0.0020 0.7071
vn 0.6344 0.0020 0.7730
vn 0.6344 -0.0020 0.7730
vn 0.5556 0.0020 0.8315
vn 0.5556 -0.0020 0.8315
vn 0.4714 0.0020 0.8819
vn 0.4714 -0.0020 0.8819
vn 0.3827 0.0020 0.9239
vn 0.3827 -0.0020 0.9239
vn 0.2903 0.0020 0.9569
vn 0.2903 -0.0020 0.9569
vn 0.1951 0.0020 0.9808
vn 0.1951 -0.0020 0.9808
vn 0.0980 0.0020 0.9952
vn 0.0980 -0.0020 0.9952
vn -0.0000 0.0020 1.0000
vn -0.0000 -0.0020 1.0000
vn -0.0980 0.0020 0.9952
vn -0.0980 -0.0020 0.9952
vn -0.1951 0.0020 0.9808
vn -0.1951 -0.0020 0.9808
vn -0.2903 0.0020 0.9569
vn -0.2903 -0.0020 0.9569
vn -0.3827 0.0020 0.9239
vn -0.3827 -0.0020 0.9239
vn -0.4714 0.0020 0.8819
vn -0.4714 -0.0020 0.8819
vn -0.5556 0.0020 0.8315
vn -0.5556 -0.0020 0.8315
vn -0.6344 0.0020 0.7730
vn -0.6344 -0.0020 0.7730
vn -0.7071 0.0020 0.7071
vn -0.7071 -0.0020 0.7071
vn -0.7730 0.0020 0.6344
vn -0.7730 -0.0020 0.6344
vn -0.8315 0.0020 0.5556
vn -0.8315 -0.0020 0.5556
vn -0.8819 0.0020 0.4714
vn -0.8819 -0.0020 0.4714
vn -0.9239 0.0020 0.3827
vn -0.9239 -0.0020 0.3827
vn -0.9569 0.0020 0.2903
vn -0.9569 -0.0020 0.2903
vn -0.9808 0.0020 0.1951
vn -0.9808 -0.0020 0.1951
vn -0.9952 0.0020 0.0980
vn -0.9952 -0.0020 0.0980
vn -1.0000 0.0020 -0.0000
vn -1.0000 -0.0020 -0.0000
vn -0.9952 0.0020 -0.0980
vn -0.9952 -0.0020 -0.0980
vn -0.9808 0.0020 -0.1951
vn -0.9808 -0.0020 -0.1951
vn -0.9569 0.0020 -0.2903
vn -0.9569 -0.0020 -0.2903
vn -0.9239 0.0020 -0.3827
vn -0.9239 -0.0020 -0.3827
vn -0.8819 0.0020 -0.4714
vn -0.8819 -0.0020 -0.4714
vn -0.8315 0.0020 -0.5556
vn -0.8315 -0.0020 -0.5556
vn -0.7730 0.0020 -0.6344
vn -0.7730 -0.0020 -0.6344
vn -0.7071 0.0020 -0.7071
vn -0.7071 -0.0020 -0.7071
vn -0.6344 0.0020 -0.7730
vn -0.6344 -0.0020 -0.7730
vn -0.5556 0.0020 -0.8315
vn -0.5556 -0.0020 -0.8315
vn -0.4714 0.0020 -0.8819
vn -0.4714 -0.0020 -0.8819
vn -0.3827 0.0020 -0.9239
vn -0.3827 -0.0020 -0.9239
vn -0.2903 0.0020 -0.9569
vn -0.2903 -0.0020 -0.9569
vn -0.1951 0.0020 -0.9808
vn -0.1951 -0.0020 -0.9808
vn 0.0980 -0.0020 -0.9952
vn 0.0980 0.0020 -0.9952
vn 0.0001 1.0000 -0.0007
vn -0.0000 1.0000 -0.0007
vn -0.0001 1.0000 -0.0007
vn -0.0002 1.0000 -0.0006
vn -0.0003 1.0000 -0.0006
vn -0.0004 1.0000 -0.0006
vn -0.0004 1.0000 -0.0005
vn -0.0005 1.0000 -0.0005
vn -0.0005 1.0000 -0.0004
vn -0.0006 1.0000 -0.0004
vn -0.0006 1.0000 -0.0003
vn -0.0006 1.0000 -0.0002
vn -0.0007 1.0000 -0.0001
vn -0.0007 1.0000 -0.0000
vn -0.0007 1.0000 0.0001
vn -0.0006 1.0000 0.0002
vn -0.0006 1.0000 0.0003
vn -0.0006 1.0000 0.0004
vn -0.0005 1.0000 0.0004
vn -0.0005 1.0000 0.0005
vn -0.0004 1.0000 0.0005
vn -0.0004 1.0000 0.0006
vn -0.0003 1.0000 0.0006
vn -0.0002 1.0000 0.0006
vn -0.0001 1.0000 0.0007
vn -0.0000 1.0000 0.0007
vn 0.0001 1.0000 0.0007
vn 0.0002 1.0000 0.0006
vn 0.0003 1.0000 0.0006
vn 0.0004 1.0000 0.0006
vn 0.0004 1.0000 0.0005
vn 0.0005 1.0000 0.0005
vn 0.0005 1.0000 0.0004
vn 0.0006 1.0000 0.0004
vn 0.0006 1.0000 0.0003
vn 0.0006 1.0000 0.0002
vn 0.0007 1.0000 0.0001
vn 0.0007 1.0000 -0.0000
vn 0.0007 1.0000 -0.0001
vn 0.0006 1.0000 -0.0002
vn 0.0006 1.0000 -0.0003
vn 0.0006 1.0000 -0.0004
vn 0.0005 1.0000 -0.0004
vn 0.0005 1.0000 -0.0005
vn 0.0004 1.0000 -0.0005
vn 0.0004 1.0000 -0.0006
vn 0.0003 1.0000 -0.0006
vn 0.0002 1.0000 -0.0006
vn 0.0851 -0.4973 -0.8634
vn -0.0000 -0.4973 -0.8676
vn 0.0850 -0.4973 -0.8634
vn 0.0495 -0.8627 -0.5033
vn -0.0000 -0.8627 -0.5057
vn 0.0001 -1.0000 -0.0007
vn -0.0000 -1.0000 -0.0007
vn -0.0000 0.4973 -0.8676
vn 0.0850 0.4973 -0.8634
vn -0.0000 0.8627 -0.5057
vn 0.0496 0.8627 -0.5033
vn 0.0496 0.8627 -0.5032
vn 0.1693 -0.4973 -0.8509
vn 0.0986 -0.8627 -0.4960
vn 0.0496 -0.8627 -0.5033
vn 0.0496 -0.8627 -0.5032
vn 0.1692 0.4973 -0.8509
vn 0.0987 0.8627 -0.4960
vn 0.0986 0.8627 -0.4960
vn 0.2519 -0.4973 -0.8302
vn 0.2518 -0.4973 -0.8302
vn 0.1468 -0.8627 -0.4840
vn 0.0987 -0.8627 -0.4960
vn 0.1468 -0.8627 -0.4839
vn 0.0002 -1.0000 -0.0006
vn 0.0001 -1.0000 -0.0006
vn 0.2518 0.4973 -0.8302
vn 0.1693 0.4973 -0.8509
vn 0.1468 0.8627 -0.4840
vn 0.1468 0.8627 -0.4839
vn 0.3320 -0.4973 -0.8016
vn 0.3320 -0.4973 -0.8015
vn 0.1935 -0.8627 -0.4673
vn 0.1935 -0.8627 -0.4672
vn 0.0003 -1.0000 -0.0006
vn 0.3320 0.4973 -0.8016
vn 0.3320 0.4973 -0.8015
vn 0.1935 0.8627 -0.4672
vn 0.4090 -0.4973 -0.7651
vn 0.2384 -0.8627 -0.4460
vn 0.4090 0.4973 -0.7652
vn 0.4090 0.4973 -0.7651
vn 0.1936 0.8627 -0.4672
vn 0.2384 0.8627 -0.4460
vn 0.4820 -0.4973 -0.7214
vn 0.2810 -0.8627 -0.4205
vn 0.0004 -1.0000 -0.0006
vn 0.4820 0.4973 -0.7214
vn 0.2810 0.8627 -0.4205
vn 0.2809 0.8627 -0.4205
vn 0.5504 -0.4973 -0.6707
vn 0.4820 -0.4973 -0.7213
vn 0.5504 -0.4973 -0.6706
vn 0.3208 -0.8627 -0.3910
vn 0.2809 -0.8627 -0.4205
vn 0.3208 -0.8627 -0.3909
vn 0.0004 -1.0000 -0.0005
vn 0.5504 0.4973 -0.6707
vn 0.5504 0.4973 -0.6706
vn 0.4820 0.4973 -0.7213
vn 0.3208 0.8627 -0.3909
vn 0.6135 -0.4973 -0.6135
vn 0.3576 -0.8627 -0.3576
vn 0.0005 -1.0000 -0.0005
vn 0.6135 0.4973 -0.6135
vn 0.3209 0.8627 -0.3909
vn 0.3576 0.8627 -0.3576
vn 0.6707 -0.4973 -0.5504
vn 0.6706 -0.4973 -0.5504
vn 0.3909 -0.8627 -0.3209
vn 0.3909 -0.8627 -0.3208
vn 0.0005 -1.0000 -0.0004
vn 0.6707 0.4973 -0.5504
vn 0.6706 0.4973 -0.5504
vn 0.3909 0.8627 -0.3208
vn 0.7214 -0.4973 -0.4820
vn 0.7213 -0.4973 -0.4820
vn 0.4205 -0.8627 -0.2810
vn 0.0006 -1.0000 -0.0004
vn 0.7214 0.4973 -0.4820
vn 0.7213 0.4973 -0.4820
vn 0.3910 0.8627 -0.3208
vn 0.4205 0.8627 -0.2810
vn 0.4205 0.8627 -0.2809
vn 0.7652 -0.4973 -0.4090
vn 0.7651 -0.4973 -0.4090
vn 0.4460 -0.8627 -0.2384
vn 0.4205 -0.8627 -0.2809
vn 0.0006 -1.0000 -0.0003
vn 0.7651 0.4973 -0.4090
vn 0.4460 0.8627 -0.2384
vn 0.8016 -0.4973 -0.3320
vn 0.8015 -0.4973 -0.3320
vn 0.4672 -0.8627 -0.1936
vn 0.4672 -0.8627 -0.1935
vn 0.8016 0.4973 -0.3320
vn 0.8015 0.4973 -0.3320
vn 0.4672 0.8627 -0.1935
vn 0.8302 -0.4973 -0.2518
vn 0.4840 -0.8627 -0.1468
vn 0.4839 -0.8627 -0.1468
vn 0.0006 -1.0000 -0.0002
vn 0.8302 0.4973 -0.2519
vn 0.8302 0.4973 -0.2518
vn 0.4673 0.8627 -0.1935
vn 0.4840 0.8627 -0.1468
vn 0.4839 0.8627 -0.1468
vn 0.8509 -0.4973 -0.1692
vn 0.8509 -0.4973 -0.1693
vn 0.4960 -0.8627 -0.0987
vn 0.0007 -1.0000 -0.0001
vn 0.8509 0.4973 -0.1693
vn 0.4960 0.8627 -0.0987
vn 0.4960 0.8627 -0.0986
vn 0.0006 1.0000 -0.0001
vn 0.8634 -0.4973 -0.0850
vn 0.5033 -0.8627 -0.0496
vn 0.4960 -0.8627 -0.0986
vn 0.5032 -0.8627 -0.0496
vn 0.8634 0.4972 -0.0851
vn 0.8634 0.4973 -0.0850
vn 0.5033 0.8627 -0.0496
vn 0.8676 -0.4973 -0.0000
vn 0.5057 -0.8627 -0.0000
vn 0.0007 -1.0000 -0.0000
vn 0.8676 0.4973 -0.0000
vn 0.5033 0.8627 -0.0495
vn 0.5057 0.8627 -0.0000
vn 0.5032 0.8627 -0.0495
vn 0.8634 -0.4972 0.0851
vn 0.8634 -0.4973 0.0850
vn 0.5033 -0.8627 0.0495
vn 0.5032 -0.8627 0.0495
vn 0.0007 -1.0000 0.0001
vn 0.8634 0.4973 0.0850
vn 0.5033 0.8627 0.0496
vn 0.8509 -0.4973 0.1693
vn 0.4960 -0.8627 0.0986
vn 0.5033 -0.8627 0.0496
vn 0.8509 0.4973 0.1692
vn 0.4960 0.8627 0.0987
vn 0.4960 0.8627 0.0986
vn 0.5032 0.8627 0.0496
vn 0.8302 -0.4973 0.2519
vn 0.8302 -0.4973 0.2518
vn 0.4840 -0.8627 0.1468
vn 0.4960 -0.8627 0.0987
vn 0.4839 -0.8627 0.1468
vn 0.0006 -1.0000 0.0002
vn 0.0006 -1.0000 0.0001
vn 0.8302 0.4973 0.2518
vn 0.8509 0.4973 0.1693
vn 0.4840 0.8627 0.1468
vn 0.4839 0.8627 0.1468
vn 0.8016 -0.4973 0.3320
vn 0.8015 -0.4973 0.3320
vn 0.4673 -0.8627 0.1935
vn 0.4672 -0.8627 0.1935
vn 0.8016 0.4973 0.3320
vn 0.8015 0.4973 0.3320
vn 0.4672 0.8627 0.1935
vn 0.7651 -0.4973 0.4090
vn 0.4460 -0.8627 0.2384
vn 0.0006 -1.0000 0.0003
vn 0.7652 0.4973 0.4090
vn 0.7651 0.4973 0.4090
vn 0.4672 0.8627 0.1936
vn 0.4460 0.8627 0.2384
vn 0.7214 -0.4973 0.4820
vn 0.4205 -0.8627 0.2810
vn 0.4205 -0.8627 0.2809
vn 0.0006 -1.0000 0.0004
vn 0.7214 0.4973 0.4820
vn 0.4205 0.8627 0.2810
vn 0.4205 0.8627 0.2809
vn 0.6707 -0.4973 0.5504
vn 0.7213 -0.4973 0.4820
vn 0.6706 -0.4973 0.5504
vn 0.3910 -0.8627 0.3208
vn 0.3909 -0.8627 0.3208
vn 0.0005 -1.0000 0.0004
vn 0.6707 0.4973 0.5504
vn 0.6706 0.4973 0.5504
vn 0.7213 0.4973 0.4820
vn 0.3909 0.8627 0.3208
vn 0.6135 -0.4973 0.6135
vn 0.3576 -0.8627 0.3576
vn 0.0005 -1.0000 0.0005
vn 0.6135 0.4973 0.6135
vn 0.3909 0.8627 0.3209
vn 0.3576 0.8627 0.3576
vn 0.5504 -0.4973 0.6707
vn 0.5504 -0.4973 0.6706
vn 0.3209 -0.8627 0.3909
vn 0.3208 -0.8627 0.3909
vn 0.0004 -1.0000 0.0005
vn 0.5504 0.4973 0.6707
vn 0.5504 0.4973 0.6706
vn 0.3208 0.8627 0.3909
vn 0.4820 -0.4973 0.7214
vn 0.4820 -0.4973 0.7213
vn 0.2810 -0.8627 0.4205
vn 0.2809 -0.8627 0.4205
vn 0.0004 -1.0000 0.0006
vn 0.4820 0.4973 0.7214
vn 0.4820 0.4973 0.7213
vn 0.3208 0.8627 0.3910
vn 0.2810 0.8627 0.4205
vn 0.2809 0.8627 0.4205
vn 0.4090 -0.4973 0.7652
vn 0.4090 -0.4973 0.7651
vn 0.2384 -0.8627 0.4460
vn 0.0003 -1.0000 0.0006
vn 0.4090 0.4973 0.7651
vn 0.2384 0.8627 0.4460
vn 0.3320 -0.4973 0.8016
vn 0.3320 -0.4973 0.8015
vn 0.1936 -0.8627 0.4672
vn 0.1935 -0.8627 0.4672
vn 0.3320 0.4973 0.8016
vn 0.3320 0.4973 0.8015
vn 0.1935 0.8627 0.4672
vn 0.2518 -0.4973 0.8302
vn 0.1468 -0.8627 0.4840
vn 0.1468 -0.8627 0.4839
vn 0.0002 -1.0000 0.0006
vn 0.2519 0.4973 0.8302
vn 0.2518 0.4973 0.8302
vn 0.1935 0.8627 0.4673
vn 0.1468 0.8627 0.4840
vn 0.1468 0.8627 0.4839
vn 0.1692 -0.4973 0.8509
vn 0.1693 -0.4973 0.8509
vn 0.0987 -0.8627 0.4960
vn 0.0001 -1.0000 0.0007
vn 0.1693 0.4973 0.8509
vn 0.0987 0.8627 0.4960
vn 0.0986 0.8627 0.4960
vn 0.0001 1.0000 0.0006
vn 0.0850 -0.4973 0.8634
vn 0.0496 -0.8627 0.5033
vn 0.0986 -0.8627 0.4960
vn 0.0496 -0.8627 0.5032
vn 0.0851 0.4973 0.8634
vn 0.0850 0.4973 0.8634
vn 0.0496 0.8627 0.5033
vn 0.0496 0.8627 0.5032
vn -0.0000 -0.4973 0.8676
vn -0.0000 -0.8627 0.5057
vn -0.0000 -1.0000 0.0007
vn -0.0000 0.4973 0.8676
vn 0.0495 0.8627 0.5033
vn -0.0000 0.8627 0.5057
vn -0.0851 -0.4973 0.8634
vn -0.0850 -0.4973 0.8634
vn -0.0495 -0.8627 0.5033
vn -0.0001 -1.0000 0.0007
vn -0.0850 0.4973 0.8634
vn -0.0496 0.8627 0.5033
vn -0.0496 0.8627 0.5032
vn -0.1693 -0.4973 0.8509
vn -0.0986 -0.8627 0.4960
vn -0.0496 -0.8627 0.5033
vn -0.0496 -0.8627 0.5032
vn -0.1692 0.4973 0.8509
vn -0.0987 0.8627 0.4960
vn -0.0986 0.8627 0.4960
vn -0.2519 -0.4973 0.8302
vn -0.2518 -0.4973 0.8302
vn -0.1468 -0.8627 0.4840
vn -0.0987 -0.8627 0.4960
vn -0.1468 -0.8627 0.4839
vn -0.0002 -1.0000 0.0006
vn -0.0001 -1.0000 0.0006
vn -0.2518 0.4973 0.8302
vn -0.1693 0.4973 0.8509
vn -0.1468 0.8627 0.4840
vn -0.1468 0.8627 0.4839
vn -0.3320 -0.4973 0.8016
vn -0.3320 -0.4973 0.8015
vn -0.1935 -0.8627 0.4673
vn -0.1935 -0.8627 0.4672
vn -0.0003 -1.0000 0.0006
vn -0.3320 0.4973 0.8016
vn -0.3320 0.4973 0.8015
vn -0.1935 0.8627 0.4672
vn -0.4090 -0.4973 0.7651
vn -0.2384 -0.8627 0.4460
vn -0.4090 0.4973 0.7652
vn -0.4090 0.4973 0.7651
vn -0.1936 0.8627 0.4672
vn -0.2384 0.8627 0.4460
vn -0.4820 -0.4973 0.7214
vn -0.2810 -0.8627 0.4205
vn -0.0004 -1.0000 0.0006
vn -0.4820 0.4973 0.7214
vn -0.2810 0.8627 0.4205
vn -0.2809 0.8627 0.4205
vn -0.5504 -0.4973 0.6707
vn -0.4820 -0.4973 0.7213
vn -0.5504 -0.4973 0.6706
vn -0.3208 -0.8627 0.3910
vn -0.2809 -0.8627 0.4205
vn -0.3208 -0.8627 0.3909
vn -0.0004 -1.0000 0.0005
vn -0.5504 0.4973 0.6707
vn -0.5504 0.4973 0.6706
vn -0.4820 0.4973 0.7213
vn -0.3208 0.8627 0.3909
vn -0.6135 -0.4973 0.6135
vn -0.3576 -0.8627 0.3576
vn -0.0005 -1.0000 0.0005
vn -0.6135 0.4973 0.6135
vn -0.3209 0.8627 0.3909
vn -0.3576 0.8627 0.3576
vn -0.6707 -0.4973 0.5504
vn -0.6706 -0.4973 0.5504
vn -0.3909 -0.8627 0.3209
vn -0.3909 -0.8627 0.3208
vn -0.0005 -1.0000 0.0004
vn -0.6707 0.4973 0.5504
vn -0.6706 0.4973 0.5504
vn -0.3909 0.8627 0.3208
vn -0.7214 -0.4973 0.4820
vn -0.7213 -0.4973 0.4820
vn -0.4205 -0.8627 0.2810
vn -0.0006 -1.0000 0.0004
vn -0.7214 0.4973 0.4820
vn -0.7213 0.4973 0.4820
vn -0.3910 0.8627 0.3208
vn -0.4205 0.8627 0.2810
vn -0.4205 0.8627 0.2809
vn -0.7652 -0.4973 0.4090
vn -0.7651 -0.4973 0.4090
vn -0.4460 -0.8627 0.2384
vn -0.4205 -0.8627 0.2809
vn -0.0006 -1.0000 0.0003
vn -0.7651 0.4973 0.4090
vn -0.4460 0.8627 0.2384
vn -0.8016 -0.4973 0.3320
vn -0.8015 -0.4973 0.3320
vn -0.4672 -0.8627 0.1936
vn -0.4672 -0.8627 0.1935
vn -0.8016 0.4973 0.3320
vn -0.8015 0.4973 0.3320
vn -0.4672 0.8627 0.1935
vn -0.8302 -0.4973 0.2518
vn -0.4840 -0.8627 0.1468
vn -0.4839 -0.8627 0.1468
vn -0.0006 -1.0000 0.0002
vn -0.8302 0.4973 0.2519
vn -0.8302 0.4973 0.2518
vn -0.4673 0.8627 0.1935
vn -0.4840 0.8627 0.1468
vn -0.4839 0.8627 0.1468
vn -0.8509 -0.4973 0.1692
vn -0.8509 -0.4973 0.1693
vn -0.4960 -0.8627 0.0987
vn -0.0007 -1.0000 0.0001
vn -0.8509 0.4973 0.1693
vn -0.4960 0.8627 0.0987
vn -0.4960 0.8627 0.0986
vn -0.0006 1.0000 0.0001
vn -0.8634 -0.4973 0.0850
vn -0.5033 -0.8627 0.0496
vn -0.4960 -0.8627 0.0986
vn -0.5032 -0.8627 0.0496
vn -0.8634 0.4972 0.0851
vn -0.8634 0.4973 0.0850
vn -0.5033 0.8627 0.0496
vn -0.8676 -0.4973 -0.0000
vn -0.5057 -0.8627 -0.0000
vn -0.0007 -1.0000 -0.0000
vn -0.8676 0.4973 -0.0000
vn -0.5033 0.8627 0.0495
vn -0.5057 0.8627 -0.0000
vn -0.5032 0.8627 0.0495
vn -0.8634 -0.4972 -0.0851
vn -0.8634 -0.4973 -0.0850
vn -0.5033 -0.8627 -0.0495
vn -0.5032 -0.8627 -0.0495
vn -0.0007 -1.0000 -0.0001
vn -0.8634 0.4973 -0.0850
vn -0.5033 0.8627 -0.0496
vn -0.8509 -0.4973 -0.1693
vn -0.4960 -0.8627 -0.0986
vn -0.5033 -0.8627 -0.0496
vn -0.8509 0.4973 -0.1692
vn -0.4960 0.8627 -0.0987
vn -0.4960 0.8627 -0.0986
vn -0.5032 0.8627 -0.0496
vn -0.8302 -0.4973 -0.2519
vn -0.8302 -0.4973 -0.2518
vn -0.4840 -0.8627 -0.1468
vn -0.4960 -0.8627 -0.0987
vn -0.4839 -0.8627 -0.1468
vn -0.0006 -1.0000 -0.0002
vn -0.0006 -1.0000 -0.0001
vn -0.8302 0.4973 -0.2518
vn -0.8509 0.4973 -0.1693
vn -0.4840 0.8627 -0.1468
vn -0.4839 0.8627 -0.1468
vn -0.8016 -0.4973 -0.3320
vn -0.8015 -0.4973 -0.3320
vn -0.4673 -0.8627 -0.1935
vn -0.4672 -0.8627 -0.1935
vn -0.8016 0.4973 -0.3320
vn -0.8015 0.4973 -0.3320
vn -0.4672 0.8627 -0.1935
vn -0.7651 -0.4973 -0.4090
vn -0.4460 -0.8627 -0.2384
vn -0.0006 -1.0000 -0.0003
vn -0.7652 0.4973 -0.4090
vn -0.7651 0.4973 -0.4090
vn -0.4672 0.8627 -0.1936
vn -0.4460 0.8627 -0.2384
vn -0.7214 -0.4973 -0.4820
vn -0.4205 -0.8627 -0.2810
vn -0.4205 -0.8627 -0.2809
vn -0.0006 -1.0000 -0.0004
vn -0.7214 0.4973 -0.4820
vn -0.4205 0.8627 -0.2810
vn -0.4205 0.8627 -0.2809
vn -0.6707 -0.4973 -0.5504
vn -0.7213 -0.4973 -0.4820
vn -0.6706 -0.4973 -0.5504
vn -0.3910 -0.8627 -0.3208
vn -0.3909 -0.8627 -0.3208
vn -0.0005 -1.0000 -0.0004
vn -0.6707 0.4973 -0.5504
vn -0.6706 0.4973 -0.5504
vn -0.7213 0.4973 -0.4820
vn -0.3909 0.8627 -0.3208
vn -0.6135 -0.4973 -0.6135
vn -0.3576 -0.8627 -0.3576
vn -0.0005 -1.0000 -0.0005
vn -0.6135 0.4973 -0.6135
vn -0.3909 0.8627 -0.3209
vn -0.3576 0.8627 -0.3576
vn -0.5504 -0.4973 -0.6707
vn -0.5504 -0.4973 -0.6706
vn -0.3209 -0.8627 -0.3909
vn -0.3208 -0.8627 -0.3909
vn -0.0004 -1.0000 -0.0005
vn -0.5504 0.4973 -0.6707
vn -0.5504 0.4973 -0.6706
vn -0.3208 0.8627 -0.3909
vn -0.4820 -0.4973 -0.7214
vn -0.4820 -0.4973 -0.7213
vn -0.2810 -0.8627 -0.4205
vn -0.2809 -0.8627 -0.4205
vn -0.0004 -1.0000 -0.0006
vn -0.4820 0.4973 -0.7214
vn -0.4820 0.4973 -0.7213
vn -0.3208 0.8627 -0.3910
vn -0.2810 0.8627 -0.4205
vn -0.2809 0.8627 -0.4205
vn -0.4090 -0.4973 -0.7652
vn -0.4090 -0.4973 -0.7651
vn -0.2384 -0.8627 -0.4460
vn -0.0003 -1.0000 -0.0006
vn -0.4090 0.4973 -0.7651
vn -0.2384 0.8627 -0.4460
vn -0.3320 -0.4973 -0.8016
vn -0.3320 -0.4973 -0.8015
vn -0.1936 -0.8627 -0.4672
vn -0.1935 -0.8627 -0.4672
vn -0.3320 0.4973 -0.8016
vn -0.3320 0.4973 -0.8015
vn -0.1935 0.8627 -0.4672
vn -0.2518 -0.4973 -0.8302
vn -0.1468 -0.8627 -0.4840
vn -0.1468 -0.8627 -0.4839
vn -0.0002 -1.0000 -0.0006
vn -0.2519 0.4973 -0.8302
vn -0.2518 0.4973 -0.8302
vn -0.1935 0.8627 -0.4673
vn -0.1468 0.8627 -0.4840
vn -0.1468 0.8627 -0.4839
vn -0.1692 -0.4973 -0.8509
vn -0.1693 -0.4973 -0.8509
vn -0.0987 -0.8627 -0.4960
vn -0.0001 -1.0000 -0.0007
vn -0.1693 0.4973 -0.8509
vn -0.0987 0.8627 -0.4960
vn -0.0986 0.8627 -0.4960
vn -0.0001 1.0000 -0.0006
vn -0.0850 -0.4973 -0.8634
vn -0.0496 -0.8627 -0.5033
vn -0.0986 -0.8627 -0.4960
vn -0.0496 -0.8627 -0.5032
vn -0.0851 0.4973 -0.8634
vn -0.0850 0.4973 -0.8634
vn -0.0496 0.8627 -0.5033
vn -0.0496 0.8627 -0.5032
vn -0.0495 0.8627 -0.5033
vn -0.0000 -1.0000 -0.0006
vn 0.0002 -1.0000 -0.0005
vn 0.0003 -1.0000 -0.0005
vn 0.0004 -1.0000 -0.0004
vn 0.0005 -1.0000 -0.0003
vn 0.0005 -1.0000 -0.0002
vn 0.0006 -1.0000 -0.0001
vn 0.0006 -1.0000 -0.0000
vn 0.0005 -1.0000 0.0002
vn 0.0005 -1.0000 0.0003
vn 0.0004 -1.0000 0.0004
vn 0.0003 -1.0000 0.0005
vn 0.0002 -1.0000 0.0005
vn 0.0001 -1.0000 0.0006
vn -0.0000 -1.0000 0.0006
vn -0.0002 -1.0000 0.0005
vn -0.0003 -1.0000 0.0005
vn -0.0004 -1.0000 0.0004
vn -0.0005 -1.0000 0.0003
vn -0.0005 -1.0000 0.0002
vn -0.0006 -1.0000 0.0001
vn -0.0006 -1.0000 -0.0000
vn -0.0005 -1.0000 -0.0002
vn -0.0005 -1.0000 -0.0003
vn -0.0004 -1.0000 -0.0004
vn -0.0003 -1.0000 -0.0005
vn -0.0002 -1.0000 -0.0005
vn -0.0001 -1.0000 -0.0006
vt 0.015625 0.507143
vt 0.015625 0.992857
vt 0.000000 0.992857
vt 0.000000 0.507143
vt 0.968750 0.507143
vt 0.968750 0.992857
vt 0.953125 0.992857
vt 0.953125 0.507143
vt 0.953125 0.507143
vt 0.937500 0.992857
vt 0.937500 0.507143
vt 0.937500 0.507143
vt 0.921875 0.992857
vt 0.921875 0.507143
vt 0.921875 0.507143
vt 0.906250 0.992857
vt 0.906250 0.507143
vt 0.906250 0.507143
vt 0.890625 0.992857
vt 0.890625 0.507143
vt 0.890625 0.507143
vt 0.890625 0.992857
vt 0.875000 0.992857
vt 0.875000 0.507143
vt 0.875000 0.992857
vt 0.859375 0.992857
vt 0.859375 0.507143
vt 0.843750 0.992857
vt 0.843750 0.507143
vt 0.843750 0.507143
vt 0.828125 0.992857
vt 0.828125 0.507143
vt 0.828125 0.507143
vt 0.812500 0.992857
vt 0.812500 0.507143
vt 0.812500 0.507143
vt 0.796875 0.992857
vt 0.796875 0.507143
vt 0.796875 0.507143
vt 0.781250 0.992857
vt 0.781250 0.507143
vt 0.781250 0.507143
vt 0.765625 0.992857
vt 0.765625 0.507143
vt 0.765625 0.507143
vt 0.750000 0.992857
vt 0.750000 0.507143
vt 0.750000 0.507143
vt 0.734375 0.992857
vt 0.734375 0.507143
vt 0.734375 0.507143
vt 0.718750 0.992857
vt 0.718750 0.507143
vt 0.718750 0.507143
vt 0.703125 0.992857
vt 0.703125 0.507143
vt 0.703125 0.507143
vt 0.687500 0.992857
vt 0.687500 0.507143
vt 0.687500 0.507143
vt 0.687500 0.992857
vt 0.671875 0.992857
vt 0.671875 0.507143
vt 0.671875 0.507143
vt 0.656250 0.992857
vt 0.656250 0.507143
vt 0.656250 0.507143
vt 0.640625 0.992857
vt 0.640625 0.507143
vt 0.640625 0.507143
vt 0.640625 0.992857
vt 0.625000 0.992857
vt 0.625000 0.507143
vt 0.625000 0.992857
vt 0.609375 0.992857
vt 0.609375 0.507143
vt 0.593750 0.992857
vt 0.593750 0.507143
vt 0.593750 0.507143
vt 0.578125 0.992857
vt 0.578125 0.507143
vt 0.578125 0.507143
vt 0.562500 0.992857
vt 0.562500 0.507143
vt 0.562500 0.507143
vt 0.546875 0.992857
vt 0.546875 0.507143
vt 0.546875 0.507143
vt 0.531250 0.992857
vt 0.531250 0.507143
vt 0.531250 0.507143
vt 0.515625 0.992857
vt 0.515625 0.507143
vt 0.515625 0.507143
vt 0.500000 0.992857
vt 0.500000 0.507143
vt 0.500000 0.507143
vt 0.484375 0.992857
vt 0.484375 0.507143
vt 0.484375 0.507143
vt 0.468750 0.992857
vt 0.468750 0.507143
vt 0.468750 0.507143
vt 0.453125 0.992857
vt 0.453125 0.507143
vt 0.453125 0.507143
vt 0.437500 0.992857
vt 0.437500 0.507143
vt 0.437500 0.507143
vt 0.421875 0.992857
vt 0.421875 0.507143
vt 0.421875 0.507143
vt 0.406250 0.992857
vt 0.406250 0.507143
vt 0.406250 0.507143
vt 0.390625 0.992857
vt 0.390625 0.507143
vt 0.390625 0.507143
vt 0.390625 0.992857
vt 0.375000 0.992857
vt 0.375000 0.507143
vt 0.375000 0.992857
vt 0.359375 0.992857
vt 0.359375 0.507143
vt 0.343750 0.992857
vt 0.343750 0.507143
vt 0.343750 0.507143
vt 0.343750 0.992857
vt 0.328125 0.992857
vt 0.328125 0.507143
vt 0.328125 0.507143
vt 0.312500 0.992857
vt 0.312500 0.507143
vt 0.312500 0.507143
vt 0.296875 0.992857
vt 0.296875 0.507143
vt 0.296875 0.507143
vt 0.281250 0.992857
vt 0.281250 0.507143
vt 0.281250 0.507143
vt 0.265625 0.992857
vt 0.265625 0.507143
vt 0.265625 0.507143
vt 0.250000 0.992857
vt 0.250000 0.507143
vt 0.250000 0.507143
vt 0.234375 0.992857
vt 0.234375 0.507143
vt 0.234375 0.507143
vt 0.218750 0.992857
vt 0.218750 0.507143
vt 0.218750 0.507143
vt 0.203125 0.992857
vt 0.203125 0.507143
vt 0.203125 0.507143
vt 0.187500 0.992857
vt 0.187500 0.507143
vt 0.187500 0.507143
vt 0.171875 0.992857
vt 0.171875 0.507143
vt 0.171875 0.507143
vt 0.171875 0.992857
vt 0.156250 0.992857
vt 0.156250 0.507143
vt 0.156250 0.507143
vt 0.140625 0.992857
vt 0.140625 0.507143
vt 0.140625 0.507143
vt 0.140625 0.992857
vt 0.125000 0.992857
vt 0.125000 0.507143
vt 0.125000 0.992857
vt 0.109375 0.992857
vt 0.109375 0.507143
vt 0.093750 0.992857
vt 0.093750 0.507143
vt 0.093750 0.507143
vt 0.078125 0.992857
vt 0.078125 0.507143
vt 0.078125 0.507143
vt 0.062500 0.992857
vt 0.062500 0.507143
vt 0.062500 0.507143
vt 0.046875 0.992857
vt 0.046875 0.507143
vt 0.046875 0.507143
vt 0.031250 0.992857
vt 0.031250 0.507143
vt 0.031250 0.507143
vt 0.015625 0.507143
vt 0.984375 0.507143
vt 0.984375 0.992857
vt 0.968750 0.507143
vt 0.271954 0.472902
vt 0.250000 0.473981
vt 0.228046 0.472902
vt 0.206304 0.469677
vt 0.184982 0.464336
vt 0.164286 0.456931
vt 0.144416 0.447533
vt 0.125563 0.436233
vt 0.107908 0.423140
vt 0.091622 0.408378
vt 0.076861 0.392092
vt 0.063767 0.374437
vt 0.052467 0.355584
vt 0.043069 0.335714
vt 0.035664 0.315018
vt 0.030323 0.293696
vt 0.027098 0.271954
vt 0.026019 0.250000
vt 0.027098 0.228046
vt 0.030323 0.206304
vt 0.035664 0.184982
vt 0.043069 0.164286
vt 0.052467 0.144416
vt 0.063767 0.125563
vt 0.076861 0.107908
vt 0.091622 0.091622
vt 0.107908 0.076861
vt 0.125563 0.063767
vt 0.144416 0.052467
vt 0.164286 0.043069
vt 0.184982 0.035664
vt 0.206304 0.030323
vt 0.228046 0.027098
vt 0.250000 0.026019
vt 0.271954 0.027098
vt 0.293696 0.030323
vt 0.315018 0.035664
vt 0.335714 0.043069
vt 0.355584 0.052467
vt 0.374437 0.063767
vt 0.392092 0.076861
vt 0.408378 0.091622
vt 0.423140 0.107908
vt 0.436233 0.125563
vt 0.447533 0.144416
vt 0.456931 0.164286
vt 0.464336 0.184982
vt 0.469677 0.206304
vt 0.472902 0.228046
vt 0.473981 0.250000
vt 0.472902 0.271954
vt 0.469677 0.293696
vt 0.464336 0.315018
vt 0.456931 0.335714
vt 0.447533 0.355584
vt 0.436233 0.374437
vt 0.423140 0.392092
vt 0.408378 0.408378
vt 0.392092 0.423140
vt 0.374437 0.436233
vt 0.355584 0.447533
vt 0.335714 0.456931
vt 0.315018 0.464336
vt 0.293696 0.469677
vt 1.000000 0.507143
vt 1.000000 0.992857
vt 0.984375 0.507143
vt 0.984445 0.500000
vt 0.999930 0.500000
vt 0.750106 0.489995
vt 0.773419 0.488850
vt 0.772739 0.480866
vt 0.750000 0.481983
vt 0.771954 0.472902
vt 0.750000 0.473981
vt 0.999930 1.000000
vt 0.984445 1.000000
vt 0.273419 0.488850
vt 0.250106 0.489995
vt 0.250000 0.481983
vt 0.272738 0.480866
vt 0.968820 0.500000
vt 0.984305 0.500000
vt 0.773629 0.488829
vt 0.796717 0.485404
vt 0.795258 0.477526
vt 0.793696 0.469677
vt 0.984305 1.000000
vt 0.968820 1.000000
vt 0.296717 0.485404
vt 0.273629 0.488829
vt 0.295258 0.477526
vt 0.953195 0.500000
vt 0.968680 0.500000
vt 0.796924 0.485363
vt 0.819566 0.479691
vt 0.817341 0.471994
vt 0.815018 0.464336
vt 0.968680 1.000000
vt 0.953195 1.000000
vt 0.319566 0.479691
vt 0.296924 0.485363
vt 0.317341 0.471994
vt 0.937570 0.500000
vt 0.953055 0.500000
vt 0.819768 0.479630
vt 0.841745 0.471767
vt 0.838776 0.464325
vt 0.835714 0.456931
vt 0.953055 1.000000
vt 0.937570 1.000000
vt 0.341745 0.471767
vt 0.319768 0.479630
vt 0.338776 0.464325
vt 0.921945 0.500000
vt 0.937430 0.500000
vt 0.841940 0.471686
vt 0.863040 0.461706
vt 0.859356 0.454591
vt 0.855584 0.447533
vt 0.937430 1.000000
vt 0.921945 1.000000
vt 0.363040 0.461706
vt 0.341940 0.471686
vt 0.359356 0.454591
vt 0.906320 0.500000
vt 0.921805 0.500000
vt 0.863226 0.461607
vt 0.883246 0.449607
vt 0.878883 0.442887
vt 0.874437 0.436233
vt 0.921805 1.000000
vt 0.906320 1.000000
vt 0.383246 0.449607
vt 0.363226 0.461607
vt 0.378883 0.442887
vt 0.890695 0.500000
vt 0.906180 0.500000
vt 0.883422 0.449490
vt 0.902170 0.435585
vt 0.897169 0.429326
vt 0.892092 0.423140
vt 0.906180 1.000000
vt 0.890695 1.000000
vt 0.402170 0.435585
vt 0.383422 0.449490
vt 0.397169 0.429326
vt 0.875070 0.500000
vt 0.890555 0.500000
vt 0.902333 0.435452
vt 0.919627 0.419777
vt 0.914037 0.414037
vt 0.908378 0.408378
vt 0.890555 1.000000
vt 0.875070 1.000000
vt 0.419627 0.419777
vt 0.402333 0.435452
vt 0.414037 0.414037
vt 0.859445 0.500000
vt 0.874930 0.500000
vt 0.919777 0.419627
vt 0.935452 0.402333
vt 0.929326 0.397169
vt 0.923140 0.392092
vt 0.874930 1.000000
vt 0.859445 1.000000
vt 0.435452 0.402333
vt 0.419777 0.419627
vt 0.429326 0.397169
vt 0.843820 0.500000
vt 0.859305 0.500000
vt 0.935585 0.402170
vt 0.949490 0.383422
vt 0.942887 0.378883
vt 0.936233 0.374437
vt 0.859305 1.000000
vt 0.843820 1.000000
vt 0.449490 0.383422
vt 0.435585 0.402169
vt 0.442887 0.378883
vt 0.828195 0.500000
vt 0.843680 0.500000
vt 0.949607 0.383246
vt 0.961607 0.363226
vt 0.954591 0.359356
vt 0.947533 0.355584
vt 0.843680 1.000000
vt 0.828195 1.000000
vt 0.461607 0.363226
vt 0.449607 0.383246
vt 0.454591 0.359356
vt 0.812570 0.500000
vt 0.828055 0.500000
vt 0.961706 0.363040
vt 0.971686 0.341940
vt 0.964325 0.338776
vt 0.956931 0.335714
vt 0.828055 1.000000
vt 0.812570 1.000000
vt 0.471686 0.341940
vt 0.461706 0.363040
vt 0.464325 0.338776
vt 0.796945 0.500000
vt 0.812430 0.500000
vt 0.971767 0.341745
vt 0.979630 0.319768
vt 0.971994 0.317341
vt 0.964336 0.315018
vt 0.812430 1.000000
vt 0.796945 1.000000
vt 0.479630 0.319768
vt 0.471767 0.341745
vt 0.471994 0.317341
vt 0.781320 0.500000
vt 0.796805 0.500000
vt 0.979691 0.319566
vt 0.985363 0.296924
vt 0.977526 0.295258
vt 0.969677 0.293696
vt 0.796805 1.000000
vt 0.781320 1.000000
vt 0.485363 0.296924
vt 0.479691 0.319566
vt 0.477526 0.295258
vt 0.765695 0.500000
vt 0.781180 0.500000
vt 0.985404 0.296717
vt 0.988829 0.273629
vt 0.980866 0.272738
vt 0.972902 0.271954
vt 0.781180 1.000000
vt 0.765695 1.000000
vt 0.488829 0.273629
vt 0.485404 0.296717
vt 0.480866 0.272738
vt 0.750070 0.500000
vt 0.765555 0.500000
vt 0.988849 0.273419
vt 0.989995 0.250106
vt 0.981984 0.250000
vt 0.973980 0.250000
vt 0.765555 1.000000
vt 0.750070 1.000000
vt 0.489995 0.250106
vt 0.488850 0.273419
vt 0.481983 0.250000
vt 0.734445 0.500000
vt 0.749930 0.500000
vt 0.989995 0.249894
vt 0.988850 0.226581
vt 0.980866 0.227262
vt 0.972902 0.228046
vt 0.749930 1.000000
vt 0.734445 1.000000
vt 0.488850 0.226581
vt 0.489995 0.249894
vt 0.480866 0.227262
vt 0.718820 0.500000
vt 0.734305 0.500000
vt 0.988829 0.226371
vt 0.985404 0.203283
vt 0.977526 0.204742
vt 0.969677 0.206304
vt 0.734305 1.000000
vt 0.718820 1.000000
vt 0.485404 0.203283
vt 0.488829 0.226371
vt 0.477526 0.204742
vt 0.703195 0.500000
vt 0.718680 0.500000
vt 0.985363 0.203076
vt 0.979691 0.180434
vt 0.971994 0.182659
vt 0.964336 0.184982
vt 0.718680 1.000000
vt 0.703195 1.000000
vt 0.479691 0.180434
vt 0.485363 0.203076
vt 0.471994 0.182659
vt 0.687570 0.500000
vt 0.703055 0.500000
vt 0.979630 0.180232
vt 0.971767 0.158255
vt 0.964325 0.161224
vt 0.956931 0.164286
vt 0.703055 1.000000
vt 0.687570 1.000000
vt 0.471767 0.158255
vt 0.479630 0.180232
vt 0.464325 0.161224
vt 0.671945 0.500000
vt 0.687430 0.500000
vt 0.971686 0.158060
vt 0.961706 0.136960
vt 0.954591 0.140644
vt 0.947533 0.144416
vt 0.687430 1.000000
vt 0.671945 1.000000
vt 0.461706 0.136960
vt 0.471686 0.158060
vt 0.454591 0.140644
vt 0.656320 0.500000
vt 0.671805 0.500000
vt 0.961607 0.136774
vt 0.949607 0.116754
vt 0.942887 0.121117
vt 0.936233 0.125563
vt 0.671805 1.000000
vt 0.656320 1.000000
vt 0.449607 0.116754
vt 0.461607 0.136774
vt 0.442887 0.121117
vt 0.640695 0.500000
vt 0.656180 0.500000
vt 0.949490 0.116578
vt 0.935585 0.097830
vt 0.929326 0.102831
vt 0.923140 0.107908
vt 0.656180 1.000000
vt 0.640695 1.000000
vt 0.435585 0.097830
vt 0.449490 0.116578
vt 0.429326 0.102831
vt 0.625070 0.500000
vt 0.640555 0.500000
vt 0.935452 0.097667
vt 0.919777 0.080373
vt 0.914037 0.085963
vt 0.908378 0.091622
vt 0.640555 1.000000
vt 0.625070 1.000000
vt 0.419777 0.080373
vt 0.435452 0.097667
vt 0.414037 0.085963
vt 0.609445 0.500000
vt 0.624930 0.500000
vt 0.919627 0.080223
vt 0.902333 0.064548
vt 0.897169 0.070674
vt 0.892092 0.076861
vt 0.624930 1.000000
vt 0.609445 1.000000
vt 0.402333 0.064548
vt 0.419627 0.080223
vt 0.397169 0.070674
vt 0.593820 0.500000
vt 0.609305 0.500000
vt 0.902170 0.064415
vt 0.883422 0.050510
vt 0.878883 0.057113
vt 0.874437 0.063767
vt 0.609305 1.000000
vt 0.593820 1.000000
vt 0.383422 0.050510
vt 0.402169 0.064415
vt 0.378883 0.057113
vt 0.578195 0.500000
vt 0.593680 0.500000
vt 0.883246 0.050393
vt 0.863226 0.038393
vt 0.859356 0.045409
vt 0.855584 0.052467
vt 0.593680 1.000000
vt 0.578195 1.000000
vt 0.363226 0.038393
vt 0.383246 0.050393
vt 0.359356 0.045409
vt 0.562570 0.500000
vt 0.578055 0.500000
vt 0.863040 0.038294
vt 0.841940 0.028314
vt 0.838776 0.035675
vt 0.835714 0.043069
vt 0.578055 1.000000
vt 0.562570 1.000000
vt 0.341940 0.028314
vt 0.363040 0.038294
vt 0.338776 0.035675
vt 0.546945 0.500000
vt 0.562430 0.500000
vt 0.841745 0.028233
vt 0.819768 0.020370
vt 0.817341 0.028006
vt 0.815018 0.035664
vt 0.562430 1.000000
vt 0.546945 1.000000
vt 0.319768 0.020370
vt 0.341745 0.028233
vt 0.317341 0.028006
vt 0.531320 0.500000
vt 0.546805 0.500000
vt 0.819566 0.020309
vt 0.796924 0.014637
vt 0.795258 0.022474
vt 0.793696 0.030323
vt 0.546805 1.000000
vt 0.531320 1.000000
vt 0.296924 0.014637
vt 0.319566 0.020309
vt 0.295258 0.022474
vt 0.515695 0.500000
vt 0.531180 0.500000
vt 0.796717 0.014596
vt 0.773629 0.011171
vt 0.772738 0.019134
vt 0.771954 0.027098
vt 0.531180 1.000000
vt 0.515695 1.000000
vt 0.273629 0.011171
vt 0.296717 0.014596
vt 0.272738 0.019134
vt 0.500070 0.500000
vt 0.515555 0.500000
vt 0.773419 0.011150
vt 0.750106 0.010005
vt 0.750000 0.018017
vt 0.750000 0.026019
vt 0.515555 1.000000
vt 0.500070 1.000000
vt 0.250106 0.010005
vt 0.273419 0.011150
vt 0.250000 0.018017
vt 0.484445 0.500000
vt 0.499930 0.500000
vt 0.749894 0.010005
vt 0.726581 0.011150
vt 0.727262 0.019134
vt 0.728046 0.027098
vt 0.499930 1.000000
vt 0.484445 1.000000
vt 0.226581 0.011150
vt 0.249894 0.010005
vt 0.227262 0.019134
vt 0.468820 0.500000
vt 0.484305 0.500000
vt 0.726371 0.011171
vt 0.703283 0.014596
vt 0.704742 0.022474
vt 0.706304 0.030323
vt 0.484305 1.000000
vt 0.468820 1.000000
vt 0.203283 0.014596
vt 0.226371 0.011171
vt 0.204742 0.022474
vt 0.453195 0.500000
vt 0.468680 0.500000
vt 0.703076 0.014637
vt 0.680434 0.020309
vt 0.682659 0.028006
vt 0.684982 0.035664
vt 0.468680 1.000000
vt 0.453195 1.000000
vt 0.180434 0.020309
vt 0.203076 0.014637
vt 0.182659 0.028006
vt 0.437570 0.500000
vt 0.453055 0.500000
vt 0.680232 0.020370
vt 0.658256 0.028233
vt 0.661224 0.035675
vt 0.664286 0.043069
vt 0.453055 1.000000
vt 0.437570 1.000000
vt 0.158255 0.028233
vt 0.180232 0.020370
vt 0.161224 0.035675
vt 0.421945 0.500000
vt 0.437430 0.500000
vt 0.658060 0.028314
vt 0.636960 0.038294
vt 0.640644 0.045409
vt 0.644416 0.052467
vt 0.437430 1.000000
vt 0.421945 1.000000
vt 0.136960 0.038294
vt 0.158060 0.028314
vt 0.140644 0.045409
vt 0.406320 0.500000
vt 0.421805 0.500000
vt 0.636774 0.038393
vt 0.616754 0.050393
vt 0.621117 0.057113
vt 0.625563 0.063767
vt 0.421805 1.000000
vt 0.406320 1.000000
vt 0.116754 0.050393
vt 0.136774 0.038393
vt 0.121117 0.057113
vt 0.390695 0.500000
vt 0.406180 0.500000
vt 0.616578 0.050510
vt 0.597830 0.064415
vt 0.602831 0.070674
vt 0.607908 0.076861
vt 0.406180 1.000000
vt 0.390695 1.000000
vt 0.097830 0.064415
vt 0.116578 0.050510
vt 0.102831 0.070674
vt 0.375070 0.500000
vt 0.390555 0.500000
vt 0.597667 0.064548
vt 0.580373 0.080223
vt 0.585963 0.085963
vt 0.591622 0.091622
vt 0.390555 1.000000
vt 0.375070 1.000000
vt 0.080373 0.080223
vt 0.097667 0.064548
vt 0.085963 0.085963
vt 0.359445 0.500000
vt 0.374930 0.500000
vt 0.580223 0.080373
vt 0.564548 0.097667
vt 0.570674 0.102831
vt 0.576860 0.107908
vt 0.374930 1.000000
vt 0.359445 1.000000
vt 0.064548 0.097667
vt 0.080223 0.080373
vt 0.070674 0.102831
vt 0.343820 0.500000
vt 0.359305 0.500000
vt 0.564415 0.097830
vt 0.550510 0.116578
vt 0.557113 0.121117
vt 0.563767 0.125563
vt 0.359305 1.000000
vt 0.343820 1.000000
vt 0.050510 0.116578
vt 0.064415 0.097830
vt 0.057113 0.121117
vt 0.328195 0.500000
vt 0.343680 0.500000
vt 0.550393 0.116754
vt 0.538393 0.136774
vt 0.545409 0.140644
vt 0.552467 0.144416
vt 0.343680 1.000000
vt 0.328195 1.000000
vt 0.038393 0.136774
vt 0.050393 0.116754
vt 0.045409 0.140644
vt 0.312570 0.500000
vt 0.328055 0.500000
vt 0.538294 0.136960
vt 0.528314 0.158060
vt 0.535675 0.161224
vt 0.543069 0.164286
vt 0.328055 1.000000
vt 0.312570 1.000000
vt 0.028314 0.158060
vt 0.038294 0.136960
vt 0.035675 0.161224
vt 0.296945 0.500000
vt 0.312430 0.500000
vt 0.528233 0.158255
vt 0.520370 0.180232
vt 0.528006 0.182659
vt 0.535664 0.184982
vt 0.312430 1.000000
vt 0.296945 1.000000
vt 0.020370 0.180232
vt 0.028233 0.158255
vt 0.028006 0.182659
vt 0.281320 0.500000
vt 0.296805 0.500000
vt 0.520309 0.180434
vt 0.514637 0.203076
vt 0.522474 0.204742
vt 0.530323 0.206304
vt 0.296805 1.000000
vt 0.281320 1.000000
vt 0.014637 0.203076
vt 0.020309 0.180434
vt 0.022474 0.204742
vt 0.265695 0.500000
vt 0.281180 0.500000
vt 0.514596 0.203283
vt 0.511171 0.226371
vt 0.519134 0.227262
vt 0.527098 0.228046
vt 0.281180 1.000000
vt 0.265695 1.000000
vt 0.011171 0.226371
vt 0.014596 0.203283
vt 0.019134 0.227262
vt 0.250070 0.500000
vt 0.265555 0.500000
vt 0.511150 0.226581
vt 0.510005 0.249894
vt 0.518017 0.250000
vt 0.526019 0.250000
vt 0.265555 1.000000
vt 0.250070 1.000000
vt 0.010005 0.249894
vt 0.011150 0.226581
vt 0.018017 0.250000
vt 0.234445 0.500000
vt 0.249930 0.500000
vt 0.510005 0.250106
vt 0.511150 0.273419
vt 0.519134 0.272738
vt 0.527098 0.271954
vt 0.249930 1.000000
vt 0.234445 1.000000
vt 0.011150 0.273419
vt 0.010005 0.250106
vt 0.019134 0.272738
vt 0.218820 0.500000
vt 0.234305 0.500000
vt 0.511171 0.273629
vt 0.514596 0.296717
vt 0.522474 0.295258
vt 0.530323 0.293696
vt 0.234305 1.000000
vt 0.218820 1.000000
vt 0.014596 0.296717
vt 0.011171 0.273629
vt 0.022474 0.295258
vt 0.203195 0.500000
vt 0.218680 0.500000
vt 0.514637 0.296924
vt 0.520309 0.319566
vt 0.528006 0.317341
vt 0.535664 0.315018
vt 0.218680 1.000000
vt 0.203195 1.000000
vt 0.020309 0.319566
vt 0.014637 0.296924
vt 0.028006 0.317341
vt 0.187570 0.500000
vt 0.203055 0.500000
vt 0.520370 0.319768
vt 0.528233 0.341745
vt 0.535675 0.338776
vt 0.543069 0.335714
vt 0.203055 1.000000
vt 0.187570 1.000000
vt 0.028233 0.341745
vt 0.020370 0.319768
vt 0.035675 0.338776
vt 0.171945 0.500000
vt 0.187430 0.500000
vt 0.528314 0.341940
vt 0.538294 0.363040
vt 0.545409 0.359356
vt 0.552467 0.355584
vt 0.187430 1.000000
vt 0.171945 1.000000
vt 0.038294 0.363040
vt 0.028314 0.341940
vt 0.045409 0.359356
vt 0.156320 0.500000
vt 0.171805 0.500000
vt 0.538393 0.363226
vt 0.550393 0.383246
vt 0.557113 0.378883
vt 0.563767 0.374437
vt 0.171805 1.000000
vt 0.156320 1.000000
vt 0.050393 0.383246
vt 0.038393 0.363226
vt 0.057113 0.378883
vt 0.140695 0.500000
vt 0.156180 0.500000
vt 0.550510 0.383422
vt 0.564415 0.402169
vt 0.570674 0.397169
vt 0.576860 0.392092
vt 0.156180 1.000000
vt 0.140695 1.000000
vt 0.064415 0.402170
vt 0.050510 0.383422
vt 0.070674 0.397169
vt 0.125070 0.500000
vt 0.140555 0.500000
vt 0.564548 0.402333
vt 0.580223 0.419627
vt 0.585963 0.414037
vt 0.591622 0.408378
vt 0.140555 1.000000
vt 0.125070 1.000000
vt 0.080223 0.419627
vt 0.064548 0.402333
vt 0.085963 0.414037
vt 0.109445 0.500000
vt 0.124930 0.500000
vt 0.580373 0.419777
vt 0.597667 0.435452
vt 0.602831 0.429326
vt 0.607908 0.423140
vt 0.124930 1.000000
vt 0.109445 1.000000
vt 0.097667 0.435452
vt 0.080373 0.419777
vt 0.102831 0.429326
vt 0.093820 0.500000
vt 0.109305 0.500000
vt 0.597831 0.435585
vt 0.616578 0.449490
vt 0.621117 0.442887
vt 0.625563 0.436233
vt 0.109305 1.000000
vt 0.093820 1.000000
vt 0.116578 0.449490
vt 0.097830 0.435585
vt 0.121117 0.442887
vt 0.078195 0.500000
vt 0.093680 0.500000
vt 0.616754 0.449607
vt 0.636774 0.461607
vt 0.640644 0.454591
vt 0.644416 0.447533
vt 0.093680 1.000000
vt 0.078195 1.000000
vt 0.136774 0.461607
vt 0.116754 0.449607
vt 0.140644 0.454591
vt 0.062570 0.500000
vt 0.078055 0.500000
vt 0.636960 0.461706
vt 0.658060 0.471686
vt 0.661224 0.464325
vt 0.664286 0.456931
vt 0.078055 1.000000
vt 0.062570 1.000000
vt 0.158060 0.471686
vt 0.136960 0.461706
vt 0.161224 0.464325
vt 0.046945 0.500000
vt 0.062430 0.500000
vt 0.658255 0.471767
vt 0.680232 0.479630
vt 0.682659 0.471994
vt 0.684982 0.464336
vt 0.062430 1.000000
vt 0.046945 1.000000
vt 0.180232 0.479630
vt 0.158255 0.471767
vt 0.182659 0.471994
vt 0.031320 0.500000
vt 0.046805 0.500000
vt 0.680434 0.479691
vt 0.703076 0.485363
vt 0.704742 0.477526
vt 0.706304 0.469677
vt 0.046805 1.000000
vt 0.031320 1.000000
vt 0.203076 0.485363
vt 0.180434 0.479691
vt 0.204742 0.477526
vt 0.015695 0.500000
vt 0.031180 0.500000
vt 0.703283 0.485404
vt 0.726371 0.488829
vt 0.727262 0.480866
vt 0.728046 0.472902
vt 0.031180 1.000000
vt 0.015695 1.000000
vt 0.226371 0.488829
vt 0.203283 0.485404
vt 0.227262 0.480866
vt 0.000070 0.500000
vt 0.015555 0.500000
vt 0.726581 0.488850
vt 0.749894 0.489995
vt 0.015555 1.000000
vt 0.000070 1.000000
vt 0.249894 0.489995
vt 0.226581 0.488850
s 1
usemtl Brushed_aluminum
f 2318/2825/3741 2322/2826/3742 1818/2827/3743 1814/2828/3744
f 1830/2829/3745 1834/2830/3746 1842/2831/3747 1838/2832/3748
f 1838/2833/3748 1842/2831/3747 1850/2834/3749 1846/2835/3750
f 1846/2836/3750 1850/2834/3749 1858/2837/3751 1854/2838/3752
f 1854/2839/3752 1858/2837/3751 1866/2840/3753 1862/2841/3754
f 1862/2842/3754 1866/2840/3753 1874/2843/3755 1870/2844/3756
f 1870/2845/3756 1874/2846/3755 1882/2847/3757 1878/2848/3758
f 1878/2848/3758 1882/2849/3757 1890/2850/3759 1886/2851/3760
f 1886/2851/3760 1890/2850/3759 1898/2852/3761 1894/2853/3762
f 1894/2854/3762 1898/2852/3761 1906/2855/3763 1902/2856/3764
f 1902/2857/3764 1906/2855/3763 1914/2858/3765 1910/2859/3766
f 1910/2860/3766 1914/2858/3765 1922/2861/3767 1918/2862/3768
f 1918/2863/3768 1922/2861/3767 1930/2864/3769 1926/2865/3770
f 1926/2866/3770 1930/2864/3769 1938/2867/3771 1934/2868/3772
f 1934/2869/3772 1938/2867/3771 1946/2870/3773 1942/2871/3774
f 1942/2872/3774 1946/2870/3773 1954/2873/3775 1950/2874/3776
f 1950/2875/3776 1954/2873/3775 1962/2876/3777 1958/2877/3778
f 1958/2878/3778 1962/2876/3777 1970/2879/3779 1966/2880/3780
f 1966/2881/3780 1970/2879/3779 1978/2882/3781 1974/2883/3782
f 1974/2884/3782 1978/2885/3781 1986/2886/3783 1982/2887/3784
f 1982/2888/3784 1986/2886/3783 1994/2889/3785 1990/2890/3786
f 1990/2891/3786 1994/2889/3785 2002/2892/3787 1998/2893/3788
f 1998/2894/3788 2002/2895/3787 2010/2896/3789 2006/2897/3790
f 2006/2897/3790 2010/2898/3789 2018/2899/3791 2014/2900/3792
f 2014/2900/3792 2018/2899/3791 2026/2901/3793 2022/2902/3794
f 2022/2903/3794 2026/2901/3793 2034/2904/3795 2030/2905/3796
f 2030/2906/3796 2034/2904/3795 2042/2907/3797 2038/2908/3798
f 2038/2909/3798 2042/2907/3797 2050/2910/3799 2046/2911/3800
f 2046/2912/3800 2050/2910/3799 2058/2913/3801 2054/2914/3802
f 2054/2915/3802 2058/2913/3801 2066/2916/3803 2062/2917/3804
f 2062/2918/3804 2066/2916/3803 2074/2919/3805 2070/2920/3806
f 2070/2921/3806 2074/2919/3805 2082/2922/3807 2078/2923/3808
f 2078/2924/3808 2082/2922/3807 2090/2925/3809 2086/2926/3810
f 2086/2927/3810 2090/2925/3809 2098/2928/3811 2094/2929/3812
f 2094/2930/3812 2098/2928/3811 2106/2931/3813 2102/2932/3814
f 2102/2933/3814 2106/2931/3813 2114/2934/3815 2110/2935/3816
f 2110/2936/3816 2114/2934/3815 2122/2937/3817 2118/2938/3818
f 2118/2939/3818 2122/2937/3817 2130/2940/3819 2126/2941/3820
f 2126/2942/3820 2130/2943/3819 2138/2944/3821 2134/2945/3822
f 2134/2945/3822 2138/2946/3821 2146/2947/3823 2142/2948/3824
f 2142/2948/3824 2146/2947/3823 2154/2949/3825 2150/2950/3826
f 2150/2951/3826 2154/2952/3825 2162/2953/3827 2158/2954/3828
f 2158/2955/3828 2162/2953/3827 2170/2956/3829 2166/2957/3830
f 2166/2958/3830 2170/2956/3829 2178/2959/3831 2174/2960/3832
f 2174/2961/3832 2178/2959/3831 2186/2962/3833 2182/2963/3834
f 2182/2964/3834 2186/2962/3833 2194/2965/3835 2190/2966/3836
f 2190/2967/3836 2194/2965/3835 2202/2968/3837 2198/2969/3838
f 2198/2970/3838 2202/2968/3837 2210/2971/3839 2206/2972/3840
f 2206/2973/3840 2210/2971/3839 2218/2974/3841 2214/2975/3842
f 2214/2976/3842 2218/2974/3841 2226/2977/3843 2222/2978/3844
f 2222/2979/3844 2226/2977/3843 2234/2980/3845 2230/2981/3846
f 2230/2982/3846 2234/2980/3845 2242/2983/3847 2238/2984/3848
f 2238/2985/3848 2242/2986/3847 2250/2987/3849 2246/2988/3850
f 2246/2989/3850 2250/2987/3849 2258/2990/3851 2254/2991/3852
f 2254/2992/3852 2258/2993/3851 2266/2994/3853 2262/2995/3854
f 2262/2995/3854 2266/2996/3853 2274/2997/3855 2270/2998/3856
f 2270/2998/3856 2274/2997/3855 2282/2999/3857 2278/3000/3858
f 2278/3001/3858 2282/2999/3857 2290/3002/3859 2286/3003/3860
f 2286/3004/3860 2290/3002/3859 2298/3005/3861 2294/3006/3862
f 2294/3007/3862 2298/3005/3861 2306/3008/3863 2302/3009/3864
f 2302/3010/3864 2306/3008/3863 2314/3011/3865 2310/3012/3866
f 2310/3013/3866 2314/3011/3865 2322/2826/3742 2318/3014/3741
f 1822/3015/3867 1826/3016/3868 1834/2830/3746 1830/3017/3745
s 0
f 1825/3018/3869 1817/3019/3870 2321/3020/3871 2313/3021/3871 2305/3022/3872 2297/3023/3873 2289/3024/3873 2281/3025/3874 2273/3026/3875 2265/3027/3876 2257/3028/3877 2249/3029/3878 2241/3030/3879 2233/3031/3879 2225/3032/3880 2217/3033/3881 2209/3034/3881 2201/3035/3882 2193/3036/3883 2185/3037/3883 2177/3038/3884 2169/3039/3885 2161/3040/3885 2153/3041/3886 2145/3042/3887 2137/3043/3888 2129/3044/3889 2121/3045/3890 2113/3046/3891 2105/3047/3891 2097/3048/3892 2089/3049/3893 2081/3050/3893 2073/3051/3894 2065/3052/3895 2057/3053/3895 2049/3054/3896 2041/3055/3897 2033/3056/3897 2025/3057/3898 2017/3058/3899 2009/3059/3900 2001/3060/3901 1993/3061/3902 1985/3062/3903 1977/3063/3903 1969/3064/3904 1961/3065/3905 1953/3066/3905 1945/3067/3906 1937/3068/3907 1929/3069/3907 1921/3070/3908 1913/3071/3909 1905/3072/3909 1897/3073/3910 1889/3074/3911 1881/3075/3912 1873/3076/3913 1865/3077/3914 1857/3078/3915 1849/3079/3915 1841/3080/3916 1833/3081/3869
s 1
f 1814/3082/3744 1818/3083/3743 1826/3016/3868 1822/3084/3867
f 1814/3082/3744 1822/3084/3867 1824/3085/3917 1816/3086/3918
s 0
f 1816/3087/3918 1824/3088/3919 1823/3089/3920 1815/3090/3921
f 1815/3090/3921 1823/3089/3920 1821/3091/3922 1813/3092/3923
s 1
f 1826/3016/3868 1818/3083/3743 1820/3093/3924 1828/3094/3925
s 0
f 1828/3095/3925 1820/3096/3924 1819/3097/3926 1827/3098/3927
f 1827/3098/3928 1819/3097/3926 1817/3019/3870 1825/3018/3870
s 1
f 1822/3015/3867 1830/3017/3745 1832/3099/3929 1824/3100/3917
s 0
f 1824/3101/3919 1832/3102/3929 1831/3103/3930 1823/3089/3931
f 1823/3089/3932 1831/3103/3930 1829/3104/3922 1821/3091/3922
s 1
f 1834/2830/3746 1826/3016/3868 1828/3105/3925 1836/3106/3933
s 0
f 1836/3107/3933 1828/3108/3925 1827/3098/3927 1835/3109/3934
f 1835/3109/3935 1827/3098/3928 1825/3018/3869 1833/3081/3869
s 1
f 1830/2829/3745 1838/2832/3748 1840/3110/3936 1832/3111/3929
s 0
f 1832/3112/3929 1840/3113/3937 1839/3114/3938 1831/3103/3939
f 1831/3103/3930 1839/3114/3940 1837/3115/3941 1829/3104/3942
s 1
f 1842/2831/3747 1834/2830/3746 1836/3116/3933 1844/3117/3943
s 0
f 1844/3118/3943 1836/3119/3944 1835/3109/3934 1843/3120/3945
f 1843/3120/3946 1835/3109/3934 1833/3081/3869 1841/3080/3916
s 1
f 1838/2833/3748 1846/2835/3750 1848/3121/3947 1840/3122/3936
s 0
f 1840/3123/3937 1848/3124/3948 1847/3125/3949 1839/3114/3938
f 1839/3114/3940 1847/3125/3950 1845/3126/3951 1837/3115/3941
s 1
f 1850/2834/3749 1842/2831/3747 1844/3127/3943 1852/3128/3952
s 0
f 1852/3129/3953 1844/3130/3943 1843/3120/3945 1851/3131/3954
f 1851/3131/3954 1843/3120/3946 1841/3080/3916 1849/3079/3916
s 1
f 1846/2836/3750 1854/2838/3752 1856/3132/3955 1848/3133/3947
s 0
f 1848/3134/3948 1856/3135/3955 1855/3136/3956 1847/3125/3950
f 1847/3125/3950 1855/3136/3956 1853/3137/3951 1845/3126/3951
s 1
f 1858/2837/3751 1850/2834/3749 1852/3138/3952 1860/3139/3957
s 0
f 1860/3140/3958 1852/3141/3953 1851/3131/3959 1859/3142/3960
f 1859/3142/3960 1851/3131/3954 1849/3079/3915 1857/3078/3915
s 1
f 1854/2839/3752 1862/2841/3754 1864/3143/3961 1856/3144/3955
s 0
f 1856/3145/3955 1864/3146/3961 1863/3147/3962 1855/3136/3956
f 1855/3136/3956 1863/3147/3962 1861/3148/3963 1853/3137/3951
s 1
f 1866/2840/3753 1858/2837/3751 1860/3149/3957 1868/3150/3964
s 0
f 1868/3151/3964 1860/3152/3958 1859/3142/3960 1867/3153/3965
f 1867/3153/3966 1859/3142/3960 1857/3078/3915 1865/3077/3914
s 1
f 1862/2842/3754 1870/2844/3756 1872/3154/3967 1864/3155/3961
s 0
f 1864/3156/3968 1872/3157/3969 1871/3158/3970 1863/3147/3962
f 1863/3147/3971 1871/3158/3972 1869/3159/3973 1861/3148/3973
s 1
f 1874/2843/3755 1866/2840/3753 1868/3160/3964 1876/3161/3974
s 0
f 1876/3162/3975 1868/3163/3976 1867/3153/3965 1875/3164/3977
f 1875/3164/3977 1867/3153/3966 1865/3077/3914 1873/3076/3913
s 1
f 1870/2845/3756 1878/2848/3758 1880/3165/3978 1872/3166/3967
s 0
f 1872/3167/3969 1880/3168/3978 1879/3169/3979 1871/3158/3972
f 1871/3158/3972 1879/3169/3979 1877/3170/3980 1869/3159/3973
s 1
f 1882/2847/3757 1874/2846/3755 1876/3171/3974 1884/3172/3981
s 0
f 1884/3173/3981 1876/3174/3975 1875/3164/3982 1883/3175/3983
f 1883/3175/3983 1875/3164/3977 1873/3076/3913 1881/3075/3912
s 1
f 1878/2848/3758 1886/2851/3760 1888/3176/3984 1880/3177/3978
s 0
f 1880/3178/3978 1888/3179/3985 1887/3180/3986 1879/3169/3979
f 1879/3169/3979 1887/3180/3987 1885/3181/3988 1877/3170/3980
s 1
f 1890/2850/3759 1882/2849/3757 1884/3182/3981 1892/3183/3989
s 0
f 1892/3184/3990 1884/3185/3981 1883/3175/3983 1891/3186/3991
f 1891/3186/3991 1883/3175/3983 1881/3075/3912 1889/3074/3911
s 1
f 1886/2851/3760 1894/2853/3762 1896/3187/3992 1888/3188/3984
s 0
f 1888/3189/3985 1896/3190/3993 1895/3191/3994 1887/3180/3987
f 1887/3180/3987 1895/3191/3994 1893/3192/3995 1885/3181/3988
s 1
f 1898/2852/3761 1890/2850/3759 1892/3193/3989 1900/3194/3996
s 0
f 1900/3195/3997 1892/3196/3990 1891/3186/3998 1899/3197/3999
f 1899/3197/4000 1891/3186/3991 1889/3074/3911 1897/3073/3911
s 1
f 1894/2854/3762 1902/2856/3764 1904/3198/4001 1896/3199/3992
s 0
f 1896/3200/3992 1904/3201/4002 1903/3202/4003 1895/3191/3994
f 1895/3191/4004 1903/3202/4003 1901/3203/4005 1893/3192/3995
s 1
f 1906/2855/3763 1898/2852/3761 1900/3204/3996 1908/3205/4006
s 0
f 1908/3206/4006 1900/3207/3996 1899/3197/3999 1907/3208/4007
f 1907/3208/4007 1899/3197/4000 1897/3073/3910 1905/3072/3909
s 1
f 1902/2857/3764 1910/2859/3766 1912/3209/4008 1904/3210/4001
s 0
f 1904/3211/4002 1912/3212/4009 1911/3213/4010 1903/3202/4003
f 1903/3202/4003 1911/3213/4011 1909/3214/4005 1901/3203/4005
s 1
f 1914/2858/3765 1906/2855/3763 1908/3215/4006 1916/3216/4012
s 0
f 1916/3217/4013 1908/3218/4006 1907/3208/4007 1915/3219/4014
f 1915/3219/4014 1907/3208/4007 1905/3072/3909 1913/3071/3909
s 1
f 1910/2860/3766 1918/2862/3768 1920/3220/4015 1912/3221/4008
s 0
f 1912/3222/4009 1920/3223/4015 1919/3224/4016 1911/3213/4011
f 1911/3213/4011 1919/3224/4017 1917/3225/4018 1909/3214/4018
s 1
f 1922/2861/3767 1914/2858/3765 1916/3226/4012 1924/3227/4019
s 0
f 1924/3228/4020 1916/3229/4013 1915/3219/4021 1923/3230/4022
f 1923/3230/4023 1915/3219/4014 1913/3071/3908 1921/3070/3908
s 1
f 1918/2863/3768 1926/2865/3770 1928/3231/4024 1920/3232/4015
s 0
f 1920/3233/4015 1928/3234/4025 1927/3235/4026 1919/3224/4016
f 1919/3224/4017 1927/3235/4026 1925/3236/4027 1917/3225/4018
s 1
f 1930/2864/3769 1922/2861/3767 1924/3237/4019 1932/3238/4028
s 0
f 1932/3239/4028 1924/3240/4020 1923/3230/4022 1931/3241/4029
f 1931/3241/4030 1923/3230/4023 1921/3070/3908 1929/3069/4031
s 1
f 1926/2866/3770 1934/2868/3772 1936/3242/4032 1928/3243/4024
s 0
f 1928/3244/4024 1936/3245/4032 1935/3246/4033 1927/3235/4026
f 1927/3235/4034 1935/3246/4035 1933/3247/4027 1925/3236/4027
s 1
f 1938/2867/3771 1930/2864/3769 1932/3248/4028 1940/3249/4036
s 0
f 1940/3250/4037 1932/3251/4028 1931/3241/4030 1939/3252/4038
f 1939/3252/4038 1931/3241/4030 1929/3069/3907 1937/3068/3907
s 1
f 1934/2869/3772 1942/2871/3774 1944/3253/4039 1936/3254/4032
s 0
f 1936/3255/4032 1944/3256/4039 1943/3257/4040 1935/3246/4033
f 1935/3246/4033 1943/3257/4040 1941/3258/4041 1933/3247/4027
s 1
f 1946/2870/3773 1938/2867/3771 1940/3259/4036 1948/3260/4042
s 0
f 1948/3261/4042 1940/3262/4037 1939/3252/4043 1947/3263/4044
f 1947/3263/4044 1939/3252/4045 1937/3068/3907 1945/3067/3906
s 1
f 1942/2872/3774 1950/2874/3776 1952/3264/4046 1944/3265/4039
s 0
f 1944/3266/4039 1952/3267/4047 1951/3268/4048 1943/3257/4040
f 1943/3257/4040 1951/3268/4049 1949/3269/4050 1941/3258/4041
s 1
f 1954/2873/3775 1946/2870/3773 1948/3270/4042 1956/3271/4051
s 0
f 1956/3272/4051 1948/3273/4042 1947/3263/4044 1955/3274/4052
f 1955/3274/4052 1947/3263/4044 1945/3067/3906 1953/3066/3905
s 1
f 1950/2875/3776 1958/2877/3778 1960/3275/4053 1952/3276/4046
s 0
f 1952/3277/4047 1960/3278/4053 1959/3279/4054 1951/3268/4055
f 1951/3268/4055 1959/3279/4054 1957/3280/4050 1949/3269/4050
s 1
f 1962/2876/3777 1954/2873/3775 1956/3281/4051 1964/3282/4056
s 0
f 1964/3283/4056 1956/3284/4051 1955/3274/4052 1963/3285/4057
f 1963/3285/4058 1955/3274/4059 1953/3066/3905 1961/3065/3905
s 1
f 1958/2878/3778 1966/2880/3780 1968/3286/4060 1960/3287/4053
s 0
f 1960/3288/4053 1968/3289/4061 1967/3290/4062 1959/3279/4063
f 1959/3279/4054 1967/3290/4064 1965/3291/4065 1957/3280/4066
s 1
f 1970/2879/3779 1962/2876/3777 1964/3292/4056 1972/3293/4067
s 0
f 1972/3294/4067 1964/3295/4068 1963/3285/4057 1971/3296/4069
f 1971/3296/4070 1963/3285/4057 1961/3065/3905 1969/3064/3904
s 1
f 1966/2881/3780 1974/2883/3782 1976/3297/4071 1968/3298/4060
s 0
f 1968/3299/4061 1976/3300/4072 1975/3301/4073 1967/3290/4062
f 1967/3290/4064 1975/3301/4074 1973/3302/4065 1965/3291/4065
s 1
f 1978/2882/3781 1970/2879/3779 1972/3303/4067 1980/3304/4075
s 0
f 1980/3305/4076 1972/3306/4067 1971/3296/4069 1979/3307/4077
f 1979/3307/4077 1971/3296/4070 1969/3064/3904 1977/3063/3904
s 1
f 1974/2884/3782 1982/2887/3784 1984/3308/4078 1976/3309/4071
s 0
f 1976/3310/4072 1984/3311/4078 1983/3312/4079 1975/3301/4074
f 1975/3301/4074 1983/3312/4079 1981/3313/4080 1973/3302/4080
s 1
f 1986/2886/3783 1978/2885/3781 1980/3314/4075 1988/3315/4081
s 0
f 1988/3316/4082 1980/3317/4076 1979/3307/4083 1987/3318/4084
f 1987/3318/4084 1979/3307/4077 1977/3063/3903 1985/3062/3903
s 1
f 1982/2888/3784 1990/2890/3786 1992/3319/4085 1984/3320/4078
s 0
f 1984/3321/4078 1992/3322/4085 1991/3323/4086 1983/3312/4079
f 1983/3312/4079 1991/3323/4087 1989/3324/4088 1981/3313/4080
s 1
f 1994/2889/3785 1986/2886/3783 1988/3325/4081 1996/3326/4089
s 0
f 1996/3327/4089 1988/3328/4082 1987/3318/4084 1995/3329/4090
f 1995/3329/4091 1987/3318/4084 1985/3062/3903 1993/3061/3902
s 1
f 1990/2891/3786 1998/2893/3788 2000/3330/4092 1992/3331/4085
s 0
f 1992/3332/4093 2000/3333/4094 1999/3334/4095 1991/3323/4086
f 1991/3323/4087 1999/3334/4096 1997/3335/4097 1989/3324/4097
s 1
f 2002/2892/3787 1994/2889/3785 1996/3336/4089 2004/3337/4098
s 0
f 2004/3338/4099 1996/3339/4100 1995/3329/4090 2003/3340/4101
f 2003/3340/4101 1995/3329/4090 1993/3061/3902 2001/3060/3901
s 1
f 1998/2894/3788 2006/2897/3790 2008/3341/4102 2000/3342/4092
s 0
f 2000/3343/4094 2008/3344/4102 2007/3345/4103 1999/3334/4096
f 1999/3334/4096 2007/3345/4103 2005/3346/4104 1997/3335/4097
s 1
f 2010/2896/3789 2002/2895/3787 2004/3347/4098 2012/3348/4105
s 0
f 2012/3349/4105 2004/3350/4099 2003/3340/4106 2011/3351/4107
f 2011/3351/4107 2003/3340/4101 2001/3060/3901 2009/3059/3900
s 1
f 2006/2897/3790 2014/2900/3792 2016/3352/4108 2008/3353/4102
s 0
f 2008/3354/4102 2016/3355/4109 2015/3356/4110 2007/3345/4103
f 2007/3345/4103 2015/3356/4111 2013/3357/4112 2005/3346/4104
s 1
f 2018/2899/3791 2010/2898/3789 2012/3358/4105 2020/3359/4113
s 0
f 2020/3360/4114 2012/3361/4105 2011/3351/4107 2019/3362/4115
f 2019/3362/4115 2011/3351/4107 2009/3059/3900 2017/3058/3899
s 1
f 2014/2900/3792 2022/2902/3794 2024/3363/4116 2016/3364/4108
s 0
f 2016/3365/4109 2024/3366/4117 2023/3367/4118 2015/3356/4111
f 2015/3356/4111 2023/3367/4119 2021/3368/4120 2013/3357/4112
s 1
f 2026/2901/3793 2018/2899/3791 2020/3369/4113 2028/3370/4121
s 0
f 2028/3371/4122 2020/3372/4114 2019/3362/4123 2027/3373/4124
f 2027/3373/4125 2019/3362/4115 2017/3058/3899 2025/3057/3899
s 1
f 2022/2903/3794 2030/2905/3796 2032/3374/4126 2024/3375/4116
s 0
f 2024/3376/4116 2032/3377/4127 2031/3378/4128 2023/3367/4118
f 2023/3367/4119 2031/3378/4128 2029/3379/4129 2021/3368/4120
s 1
f 2034/2904/3795 2026/2901/3793 2028/3380/4121 2036/3381/4130
s 0
f 2036/3382/4130 2028/3383/4121 2027/3373/4124 2035/3384/4131
f 2035/3384/4131 2027/3373/4124 2025/3057/3898 2033/3056/3897
s 1
f 2030/2906/3796 2038/2908/3798 2040/3385/4132 2032/3386/4126
s 0
f 2032/3387/4127 2040/3388/4133 2039/3389/4134 2031/3378/4128
f 2031/3378/4128 2039/3389/4135 2037/3390/4129 2029/3379/4129
s 1
f 2042/2907/3797 2034/2904/3795 2036/3391/4130 2044/3392/4136
s 0
f 2044/3393/4137 2036/3394/4130 2035/3384/4131 2043/3395/4138
f 2043/3395/4138 2035/3384/4131 2033/3056/3897 2041/3055/3897
s 1
f 2038/2909/3798 2046/2911/3800 2048/3396/4139 2040/3397/4132
s 0
f 2040/3398/4133 2048/3399/4139 2047/3400/4140 2039/3389/4135
f 2039/3389/4135 2047/3400/4141 2045/3401/4142 2037/3390/4142
s 1
f 2050/2910/3799 2042/2907/3797 2044/3402/4136 2052/3403/4143
s 0
f 2052/3404/4144 2044/3405/4137 2043/3395/4145 2051/3406/4146
f 2051/3406/4147 2043/3395/4138 2041/3055/3897 2049/3054/3896
s 1
f 2046/2912/3800 2054/2914/3802 2056/3407/4148 2048/3408/4139
s 0
f 2048/3409/4139 2056/3410/4149 2055/3411/4150 2047/3400/4140
f 2047/3400/4141 2055/3411/4150 2053/3412/4151 2045/3401/4142
s 1
f 2058/2913/3801 2050/2910/3799 2052/3413/4143 2060/3414/4152
s 0
f 2060/3415/4152 2052/3416/4144 2051/3406/4146 2059/3417/4153
f 2059/3417/4154 2051/3406/4147 2049/3054/3896 2057/3053/4155
s 1
f 2054/2915/3802 2062/2917/3804 2064/3418/4156 2056/3419/4148
s 0
f 2056/3420/4148 2064/3421/4156 2063/3422/4157 2055/3411/4150
f 2055/3411/4158 2063/3422/4159 2061/3423/4151 2053/3412/4151
s 1
f 2066/2916/3803 2058/2913/3801 2060/3424/4152 2068/3425/4160
s 0
f 2068/3426/4161 2060/3427/4152 2059/3417/4154 2067/3428/4162
f 2067/3428/4163 2059/3417/4154 2057/3053/3895 2065/3052/3895
s 1
f 2062/2918/3804 2070/2920/3806 2072/3429/4164 2064/3430/4156
s 0
f 2064/3431/4156 2072/3432/4164 2071/3433/4165 2063/3422/4157
f 2063/3422/4159 2071/3433/4165 2069/3434/4166 2061/3423/4166
s 1
f 2074/2919/3805 2066/2916/3803 2068/3435/4160 2076/3436/4167
s 0
f 2076/3437/4167 2068/3438/4161 2067/3428/4168 2075/3439/4169
f 2075/3439/4169 2067/3428/4168 2065/3052/3895 2073/3051/3894
s 1
f 2070/2921/3806 2078/2923/3808 2080/3440/4170 2072/3441/4164
s 0
f 2072/3442/4164 2080/3443/4171 2079/3444/4172 2071/3433/4165
f 2071/3433/4165 2079/3444/4172 2077/3445/4173 2069/3434/4166
s 1
f 2082/2922/3807 2074/2919/3805 2076/3446/4167 2084/3447/4174
s 0
f 2084/3448/4174 2076/3449/4167 2075/3439/4169 2083/3450/4175
f 2083/3450/4176 2075/3439/4169 2073/3051/3894 2081/3050/3894
s 1
f 2078/2924/3808 2086/2926/3810 2088/3451/4177 2080/3452/4170
s 0
f 2080/3453/4171 2088/3454/4177 2087/3455/4178 2079/3444/4179
f 2079/3444/4180 2087/3455/4178 2085/3456/4173 2077/3445/4173
s 1
f 2090/2925/3809 2082/2922/3807 2084/3457/4174 2092/3458/4181
s 0
f 2092/3459/4181 2084/3460/4174 2083/3450/4175 2091/3461/4182
f 2091/3461/4183 2083/3450/4176 2081/3050/3893 2089/3049/3893
s 1
f 2086/2927/3810 2094/2929/3812 2096/3462/4184 2088/3463/4177
s 0
f 2088/3464/4177 2096/3465/4185 2095/3466/4186 2087/3455/4187
f 2087/3455/4178 2095/3466/4188 2093/3467/4189 2085/3456/4190
s 1
f 2098/2928/3811 2090/2925/3809 2092/3468/4181 2100/3469/4191
s 0
f 2100/3470/4191 2092/3471/4192 2091/3461/4182 2099/3472/4193
f 2099/3472/4194 2091/3461/4182 2089/3049/3893 2097/3048/3892
s 1
f 2094/2930/3812 2102/2932/3814 2104/3473/4195 2096/3474/4184
s 0
f 2096/3475/4185 2104/3476/4196 2103/3477/4197 2095/3466/4186
f 2095/3466/4188 2103/3477/4198 2101/3478/4199 2093/3467/4189
s 1
f 2106/2931/3813 2098/2928/3811 2100/3479/4191 2108/3480/4200
s 0
f 2108/3481/4201 2100/3482/4191 2099/3472/4193 2107/3483/4202
f 2107/3483/4202 2099/3472/4194 2097/3048/3892 2105/3047/3892
s 1
f 2102/2933/3814 2110/2935/3816 2112/3484/4203 2104/3485/4195
s 0
f 2104/3486/4196 2112/3487/4203 2111/3488/4204 2103/3477/4198
f 2103/3477/4198 2111/3488/4204 2109/3489/4199 2101/3478/4199
s 1
f 2114/2934/3815 2106/2931/3813 2108/3490/4200 2116/3491/4205
s 0
f 2116/3492/4206 2108/3493/4201 2107/3483/4207 2115/3494/4208
f 2115/3494/4208 2107/3483/4202 2105/3047/3891 2113/3046/3891
s 1
f 2110/2936/3816 2118/2938/3818 2120/3495/4209 2112/3496/4203
s 0
f 2112/3497/4203 2120/3498/4209 2119/3499/4210 2111/3488/4204
f 2111/3488/4204 2119/3499/4210 2117/3500/4211 2109/3489/4199
s 1
f 2122/2937/3817 2114/2934/3815 2116/3501/4205 2124/3502/4212
s 0
f 2124/3503/4212 2116/3504/4206 2115/3494/4208 2123/3505/4213
f 2123/3505/4214 2115/3494/4208 2113/3046/3891 2121/3045/3890
s 1
f 2118/2939/3818 2126/2941/3820 2128/3506/4215 2120/3507/4209
s 0
f 2120/3508/4216 2128/3509/4217 2127/3510/4218 2119/3499/4210
f 2119/3499/4219 2127/3510/4220 2125/3511/4221 2117/3500/4221
s 1
f 2130/2940/3819 2122/2937/3817 2124/3512/4212 2132/3513/4222
s 0
f 2132/3514/4223 2124/3515/4224 2123/3505/4213 2131/3516/4225
f 2131/3516/4225 2123/3505/4214 2121/3045/3890 2129/3044/3889
s 1
f 2126/2942/3820 2134/2945/3822 2136/3517/4226 2128/3518/4215
s 0
f 2128/3519/4217 2136/3520/4226 2135/3521/4227 2127/3510/4220
f 2127/3510/4220 2135/3521/4227 2133/3522/4228 2125/3511/4221
s 1
f 2138/2944/3821 2130/2943/3819 2132/3523/4222 2140/3524/4229
s 0
f 2140/3525/4229 2132/3526/4223 2131/3516/4230 2139/3527/4231
f 2139/3527/4231 2131/3516/4225 2129/3044/3889 2137/3043/3888
s 1
f 2134/2945/3822 2142/2948/3824 2144/3528/4232 2136/3529/4226
s 0
f 2136/3530/4226 2144/3531/4233 2143/3532/4234 2135/3521/4227
f 2135/3521/4227 2143/3532/4235 2141/3533/4236 2133/3522/4228
s 1
f 2146/2947/3823 2138/2946/3821 2140/3534/4229 2148/3535/4237
s 0
f 2148/3536/4238 2140/3537/4229 2139/3527/4231 2147/3538/4239
f 2147/3538/4239 2139/3527/4231 2137/3043/3888 2145/3042/3887
s 1
f 2142/2948/3824 2150/2950/3826 2152/3539/4240 2144/3540/4232
s 0
f 2144/3541/4233 2152/3542/4241 2151/3543/4242 2143/3532/4235
f 2143/3532/4235 2151/3543/4242 2149/3544/4243 2141/3533/4236
s 1
f 2154/2949/3825 2146/2947/3823 2148/3545/4237 2156/3546/4244
s 0
f 2156/3547/4245 2148/3548/4238 2147/3538/4246 2155/3549/4247
f 2155/3549/4248 2147/3538/4239 2145/3042/3887 2153/3041/3887
s 1
f 2150/2951/3826 2158/2954/3828 2160/3550/4249 2152/3551/4240
s 0
f 2152/3552/4240 2160/3553/4250 2159/3554/4251 2151/3543/4242
f 2151/3543/4252 2159/3554/4251 2157/3555/4253 2149/3544/4243
s 1
f 2162/2953/3827 2154/2952/3825 2156/3556/4244 2164/3557/4254
s 0
f 2164/3558/4254 2156/3559/4244 2155/3549/4247 2163/3560/4255
f 2163/3560/4255 2155/3549/4248 2153/3041/3886 2161/3040/3885
s 1
f 2158/2955/3828 2166/2957/3830 2168/3561/4256 2160/3562/4249
s 0
f 2160/3563/4250 2168/3564/4257 2167/3565/4258 2159/3554/4251
f 2159/3554/4251 2167/3565/4259 2165/3566/4253 2157/3555/4253
s 1
f 2170/2956/3829 2162/2953/3827 2164/3567/4254 2172/3568/4260
s 0
f 2172/3569/4261 2164/3570/4254 2163/3560/4255 2171/3571/4262
f 2171/3571/4262 2163/3560/4255 2161/3040/3885 2169/3039/3885
s 1
f 2166/2958/3830 2174/2960/3832 2176/3572/4263 2168/3573/4256
s 0
f 2168/3574/4257 2176/3575/4263 2175/3576/4264 2167/3565/4259
f 2167/3565/4259 2175/3576/4265 2173/3577/4266 2165/3566/4266
s 1
f 2178/2959/3831 2170/2956/3829 2172/3578/4260 2180/3579/4267
s 0
f 2180/3580/4268 2172/3581/4261 2171/3571/4269 2179/3582/4270
f 2179/3582/4271 2171/3571/4262 2169/3039/3884 2177/3038/3884
s 1
f 2174/2961/3832 2182/2963/3834 2184/3583/4272 2176/3584/4263
s 0
f 2176/3585/4263 2184/3586/4273 2183/3587/4274 2175/3576/4264
f 2175/3576/4265 2183/3587/4274 2181/3588/4275 2173/3577/4266
s 1
f 2186/2962/3833 2178/2959/3831 2180/3589/4267 2188/3590/4276
s 0
f 2188/3591/4276 2180/3592/4268 2179/3582/4270 2187/3593/4277
f 2187/3593/4278 2179/3582/4271 2177/3038/3884 2185/3037/4279
s 1
f 2182/2964/3834 2190/2966/3836 2192/3594/4280 2184/3595/4272
s 0
f 2184/3596/4272 2192/3597/4280 2191/3598/4281 2183/3587/4274
f 2183/3587/4282 2191/3598/4283 2189/3599/4275 2181/3588/4275
s 1
f 2194/2965/3835 2186/2962/3833 2188/3600/4276 2196/3601/4284
s 0
f 2196/3602/4285 2188/3603/4276 2187/3593/4278 2195/3604/4286
f 2195/3604/4286 2187/3593/4278 2185/3037/3883 2193/3036/3883
s 1
f 2190/2967/3836 2198/2969/3838 2200/3605/4287 2192/3606/4280
s 0
f 2192/3607/4280 2200/3608/4287 2199/3609/4288 2191/3598/4281
f 2191/3598/4281 2199/3609/4288 2197/3610/4289 2189/3599/4275
s 1
f 2202/2968/3837 2194/2965/3835 2196/3611/4284 2204/3612/4290
s 0
f 2204/3613/4290 2196/3614/4285 2195/3604/4291 2203/3615/4292
f 2203/3615/4292 2195/3604/4293 2193/3036/3883 2201/3035/3882
s 1
f 2198/2970/3838 2206/2972/3840 2208/3616/4294 2200/3617/4287
s 0
f 2200/3618/4287 2208/3619/4295 2207/3620/4296 2199/3609/4288
f 2199/3609/4288 2207/3620/4297 2205/3621/4298 2197/3610/4289
s 1
f 2210/2971/3839 2202/2968/3837 2204/3622/4290 2212/3623/4299
s 0
f 2212/3624/4299 2204/3625/4290 2203/3615/4292 2211/3626/4300
f 2211/3626/4300 2203/3615/4292 2201/3035/3882 2209/3034/3881
s 1
f 2206/2973/3840 2214/2975/3842 2216/3627/4301 2208/3628/4294
s 0
f 2208/3629/4295 2216/3630/4301 2215/3631/4302 2207/3620/4303
f 2207/3620/4303 2215/3631/4302 2213/3632/4298 2205/3621/4298
s 1
f 2218/2974/3841 2210/2971/3839 2212/3633/4299 2220/3634/4304
s 0
f 2220/3635/4304 2212/3636/4299 2211/3626/4300 2219/3637/4305
f 2219/3637/4306 2211/3626/4307 2209/3034/3881 2217/3033/3881
s 1
f 2214/2976/3842 2222/2978/3844 2224/3638/4308 2216/3639/4301
s 0
f 2216/3640/4301 2224/3641/4309 2223/3642/4310 2215/3631/4311
f 2215/3631/4302 2223/3642/4312 2221/3643/4313 2213/3632/4314
s 1
f 2226/2977/3843 2218/2974/3841 2220/3644/4304 2228/3645/4315
s 0
f 2228/3646/4315 2220/3647/4316 2219/3637/4305 2227/3648/4317
f 2227/3648/4318 2219/3637/4305 2217/3033/3881 2225/3032/3880
s 1
f 2222/2979/3844 2230/2981/3846 2232/3649/4319 2224/3650/4308
s 0
f 2224/3651/4309 2232/3652/4320 2231/3653/4321 2223/3642/4310
f 2223/3642/4312 2231/3653/4322 2229/3654/4313 2221/3643/4313
s 1
f 2234/2980/3845 2226/2977/3843 2228/3655/4315 2236/3656/4323
s 0
f 2236/3657/4324 2228/3658/4315 2227/3648/4317 2235/3659/4325
f 2235/3659/4325 2227/3648/4318 2225/3032/3880 2233/3031/3880
s 1
f 2230/2982/3846 2238/2984/3848 2240/3660/4326 2232/3661/4319
s 0
f 2232/3662/4320 2240/3663/4326 2239/3664/4327 2231/3653/4322
f 2231/3653/4322 2239/3664/4327 2237/3665/4328 2229/3654/4328
s 1
f 2242/2983/3847 2234/2980/3845 2236/3666/4323 2244/3667/4329
s 0
f 2244/3668/4330 2236/3669/4324 2235/3659/4331 2243/3670/4332
f 2243/3670/4332 2235/3659/4325 2233/3031/3879 2241/3030/3879
s 1
f 2238/2985/3848 2246/2988/3850 2248/3671/4333 2240/3672/4326
s 0
f 2240/3673/4326 2248/3674/4333 2247/3675/4334 2239/3664/4327
f 2239/3664/4327 2247/3675/4335 2245/3676/4336 2237/3665/4328
s 1
f 2250/2987/3849 2242/2986/3847 2244/3677/4329 2252/3678/4337
s 0
f 2252/3679/4337 2244/3680/4330 2243/3670/4332 2251/3681/4338
f 2251/3681/4339 2243/3670/4332 2241/3030/3879 2249/3029/3878
s 1
f 2246/2989/3850 2254/2991/3852 2256/3682/4340 2248/3683/4333
s 0
f 2248/3684/4341 2256/3685/4342 2255/3686/4343 2247/3675/4334
f 2247/3675/4335 2255/3686/4344 2253/3687/4345 2245/3676/4345
s 1
f 2258/2990/3851 2250/2987/3849 2252/3688/4337 2260/3689/4346
s 0
f 2260/3690/4347 2252/3691/4348 2251/3681/4338 2259/3692/4349
f 2259/3692/4349 2251/3681/4338 2249/3029/3878 2257/3028/3877
s 1
f 2254/2992/3852 2262/2995/3854 2264/3693/4350 2256/3694/4340
s 0
f 2256/3695/4342 2264/3696/4350 2263/3697/4351 2255/3686/4344
f 2255/3686/4344 2263/3697/4351 2261/3698/4352 2253/3687/4345
s 1
f 2266/2994/3853 2258/2993/3851 2260/3699/4346 2268/3700/4353
s 0
f 2268/3701/4353 2260/3702/4347 2259/3692/4354 2267/3703/4355
f 2267/3703/4355 2259/3692/4349 2257/3028/3877 2265/3027/3876
s 1
f 2262/2995/3854 2270/2998/3856 2272/3704/4356 2264/3705/4350
s 0
f 2264/3706/4350 2272/3707/4357 2271/3708/4358 2263/3697/4351
f 2263/3697/4351 2271/3708/4359 2269/3709/4360 2261/3698/4352
s 1
f 2274/2997/3855 2266/2996/3853 2268/3710/4353 2276/3711/4361
s 0
f 2276/3712/4362 2268/3713/4353 2267/3703/4355 2275/3714/4363
f 2275/3714/4363 2267/3703/4355 2265/3027/3876 2273/3026/3875
s 1
f 2270/2998/3856 2278/3000/3858 2280/3715/4364 2272/3716/4356
s 0
f 2272/3717/4357 2280/3718/4365 2279/3719/4366 2271/3708/4359
f 2271/3708/4359 2279/3719/4367 2277/3720/4368 2269/3709/4360
s 1
f 2282/2999/3857 2274/2997/3855 2276/3721/4361 2284/3722/4369
s 0
f 2284/3723/4370 2276/3724/4362 2275/3714/4371 2283/3725/4372
f 2283/3725/4373 2275/3714/4363 2273/3026/3875 2281/3025/3875
s 1
f 2278/3001/3858 2286/3003/3860 2288/3726/4374 2280/3727/4364
s 0
f 2280/3728/4364 2288/3729/4375 2287/3730/4376 2279/3719/4366
f 2279/3719/4367 2287/3730/4376 2285/3731/4377 2277/3720/4368
s 1
f 2290/3002/3859 2282/2999/3857 2284/3732/4369 2292/3733/4378
s 0
f 2292/3734/4378 2284/3735/4369 2283/3725/4372 2291/3736/4379
f 2291/3736/4379 2283/3725/4372 2281/3025/3874 2289/3024/3873
s 1
f 2286/3004/3860 2294/3006/3862 2296/3737/4380 2288/3738/4374
s 0
f 2288/3739/4375 2296/3740/4381 2295/3741/4382 2287/3730/4376
f 2287/3730/4376 2295/3741/4383 2293/3742/4377 2285/3731/4377
s 1
f 2298/3005/3861 2290/3002/3859 2292/3743/4378 2300/3744/4384
s 0
f 2300/3745/4385 2292/3746/4378 2291/3736/4379 2299/3747/4386
f 2299/3747/4386 2291/3736/4379 2289/3024/3873 2297/3023/3873
s 1
f 2294/3007/3862 2302/3009/3864 2304/3748/4387 2296/3749/4380
s 0
f 2296/3750/4381 2304/3751/4387 2303/3752/4388 2295/3741/4383
f 2295/3741/4383 2303/3752/4389 2301/3753/4390 2293/3742/4390
s 1
f 2306/3008/3863 2298/3005/3861 2300/3754/4384 2308/3755/4391
s 0
f 2308/3756/4392 2300/3757/4385 2299/3747/4393 2307/3758/4394
f 2307/3758/4395 2299/3747/4386 2297/3023/3873 2305/3022/3872
s 1
f 2302/3010/3864 2310/3012/3866 2312/3759/4396 2304/3760/4387
s 0
f 2304/3761/4387 2312/3762/4397 2311/3763/4398 2303/3752/4388
f 2303/3752/4389 2311/3763/4398 2309/3764/4399 2301/3753/4390
s 1
f 2314/3011/3865 2306/3008/3863 2308/3765/4391 2316/3766/4400
s 0
f 2316/3767/4400 2308/3768/4392 2307/3758/4394 2315/3769/4401
f 2315/3769/4402 2307/3758/4395 2305/3022/3872 2313/3021/4403
s 1
f 2310/3013/3866 2318/3014/3741 2320/3770/4404 2312/3771/4396
s 0
f 2312/3772/4396 2320/3773/4404 2319/3774/4405 2311/3763/4398
f 2311/3763/4406 2319/3774/4407 2317/3775/4399 2309/3764/4399
s 1
f 2322/2826/3742 2314/3011/3865 2316/3776/4400 2324/3777/4408
s 0
f 2324/3778/4409 2316/3779/4400 2315/3769/4402 2323/3780/4410
f 2323/3780/4411 2315/3769/4402 2313/3021/3871 2321/3020/3871
s 1
f 2318/2825/3741 1814/2828/3744 1816/3781/3918 2320/3782/4404
s 0
f 2320/3783/4404 1816/3784/3918 1815/3090/3921 2319/3774/4405
f 2319/3774/4407 1815/3090/3921 1813/3092/3923 2317/3775/3923
s 1
f 1818/2827/3743 2322/2826/3742 2324/3785/4408 1820/3786/3924
s 0
f 1820/3787/3924 2324/3788/4409 2323/3780/4412 1819/3097/3926
f 1819/3097/3926 2323/3780/4412 2321/3020/3871 1817/3019/3870
f 1813/3092/4413 1821/3091/3942 1829/3104/3942 1837/3115/3941 1845/3126/4414 1853/3137/4415 1861/3148/4415 1869/3159/4416 1877/3170/4416 1885/3181/4416 1893/3192/4417 1901/3203/4417 1909/3214/4418 1917/3225/4018 1925/3236/4419 1933/3247/4419 1941/3258/4420 1949/3269/4066 1957/3280/4066 1965/3291/4065 1973/3302/4421 1981/3313/4422 1989/3324/4422 1997/3335/4423 2005/3346/4423 2013/3357/4423 2021/3368/4424 2029/3379/4424 2037/3390/4425 2045/3401/4142 2053/3412/4426 2061/3423/4426 2069/3434/4427 2077/3445/4190 2085/3456/4190 2093/3467/4189 2101/3478/4428 2109/3489/4429 2117/3500/4429 2125/3511/4430 2133/3522/4430 2141/3533/4430 2149/3544/4431 2157/3555/4431 2165/3566/4432 2173/3577/4266 2181/3588/4433 2189/3599/4433 2197/3610/4434 2205/3621/4314 2213/3632/4314 2221/3643/4313 2229/3654/4435 2237/3665/4436 2245/3676/4436 2253/3687/4437 2261/3698/4437 2269/3709/4437 2277/3720/4438 2285/3731/4438 2293/3742/4439 2301/3753/4390 2309/3764/4440 2317/3775/4440
o Motor_base.003
v 0.295000 0.325000 -0.320998
v 0.295000 0.326000 -0.322000
v 0.295000 0.325293 -0.321706
v 0.295000 0.337000 -0.320998
v 0.295000 0.336000 -0.322000
v 0.295000 0.336707 -0.321706
v 0.298393 0.325000 -0.320775
v 0.298524 0.326000 -0.321769
v 0.298486 0.325293 -0.321478
v 0.298393 0.337000 -0.320775
v 0.298524 0.336000 -0.321769
v 0.298486 0.336707 -0.321478
v 0.301729 0.325000 -0.320112
v 0.301988 0.326000 -0.321080
v 0.301912 0.325293 -0.320796
v 0.301729 0.337000 -0.320112
v 0.301988 0.336000 -0.321080
v 0.301912 0.336707 -0.320796
v 0.304949 0.325000 -0.319019
v 0.305332 0.326000 -0.319945
v 0.305220 0.325293 -0.319674
v 0.304949 0.337000 -0.319019
v 0.305332 0.336000 -0.319945
v 0.305220 0.336707 -0.319674
v 0.307999 0.325000 -0.317515
v 0.308500 0.326000 -0.318383
v 0.308353 0.325293 -0.318128
v 0.307999 0.337000 -0.317515
v 0.308500 0.336000 -0.318383
v 0.308353 0.336707 -0.318128
v 0.310826 0.325000 -0.315625
v 0.311437 0.326000 -0.316421
v 0.311258 0.325293 -0.316188
v 0.310826 0.337000 -0.315625
v 0.311437 0.336000 -0.316421
v 0.311258 0.336707 -0.316188
v 0.313383 0.325000 -0.313383
v 0.314092 0.326000 -0.314092
v 0.313884 0.325293 -0.313884
v 0.313383 0.337000 -0.313383
v 0.314092 0.336000 -0.314092
v 0.313884 0.336707 -0.313884
v 0.315625 0.325000 -0.310826
v 0.316421 0.326000 -0.311437
v 0.316188 0.325293 -0.311258
v 0.315625 0.337000 -0.310826
v 0.316421 0.336000 -0.311437
v 0.316188 0.336707 -0.311258
v 0.317515 0.325000 -0.307999
v 0.318383 0.326000 -0.308500
v 0.318128 0.325293 -0.308353
v 0.317515 0.337000 -0.307999
v 0.318383 0.336000 -0.308500
v 0.318128 0.336707 -0.308353
v 0.319019 0.325000 -0.304949
v 0.319945 0.326000 -0.305332
v 0.319674 0.325293 -0.305220
v 0.319019 0.337000 -0.304949
v 0.319945 0.336000 -0.305332
v 0.319674 0.336707 -0.305220
v 0.320112 0.325000 -0.301729
v 0.321080 0.326000 -0.301988
v 0.320796 0.325293 -0.301912
v 0.320112 0.337000 -0.301729
v 0.321080 0.336000 -0.301988
v 0.320796 0.336707 -0.301912
v 0.320775 0.325000 -0.298393
v 0.321769 0.326000 -0.298524
v 0.321478 0.325293 -0.298486
v 0.320775 0.337000 -0.298393
v 0.321769 0.336000 -0.298524
v 0.321478 0.336707 -0.298486
v 0.320998 0.325000 -0.295000
v 0.322000 0.326000 -0.295000
v 0.321706 0.325293 -0.295000
v 0.320998 0.337000 -0.295000
v 0.322000 0.336000 -0.295000
v 0.321706 0.336707 -0.295000
v 0.320775 0.325000 -0.291607
v 0.321769 0.326000 -0.291476
v 0.321478 0.325293 -0.291514
v 0.320775 0.337000 -0.291607
v 0.321769 0.336000 -0.291476
v 0.321478 0.336707 -0.291514
v 0.320112 0.325000 -0.288271
v 0.321080 0.326000 -0.288012
v 0.320796 0.325293 -0.288088
v 0.320112 0.337000 -0.288271
v 0.321080 0.336000 -0.288012
v 0.320796 0.336707 -0.288088
v 0.319019 0.325000 -0.285051
v 0.319945 0.326000 -0.284668
v 0.319674 0.325293 -0.284780
v 0.319019 0.337000 -0.285051
v 0.319945 0.336000 -0.284668
v 0.319674 0.336707 -0.284780
v 0.317515 0.325000 -0.282001
v 0.318383 0.326000 -0.281500
v 0.318128 0.325293 -0.281647
v 0.317515 0.337000 -0.282001
v 0.318383 0.336000 -0.281500
v 0.318128 0.336707 -0.281647
v 0.315625 0.325000 -0.279173
v 0.316421 0.326000 -0.278563
v 0.316188 0.325293 -0.278742
v 0.315625 0.337000 -0.279173
v 0.316421 0.336000 -0.278563
v 0.316188 0.336707 -0.278742
v 0.313383 0.325000 -0.276617
v 0.314092 0.326000 -0.275908
v 0.313884 0.325293 -0.276116
v 0.313383 0.337000 -0.276617
v 0.314092 0.336000 -0.275908
v 0.313884 0.336707 -0.276116
v 0.310826 0.325000 -0.274375
v 0.311437 0.326000 -0.273579
v 0.311258 0.325293 -0.273812
v 0.310826 0.337000 -0.274375
v 0.311437 0.336000 -0.273579
v 0.311258 0.336707 -0.273812
v 0.307999 0.325000 -0.272485
v 0.308500 0.326000 -0.271617
v 0.308353 0.325293 -0.271872
v 0.307999 0.337000 -0.272485
v 0.308500 0.336000 -0.271617
v 0.308353 0.336707 -0.271872
v 0.304949 0.325000 -0.270981
v 0.305332 0.326000 -0.270055
v 0.305220 0.325293 -0.270326
v 0.304949 0.337000 -0.270981
v 0.305332 0.336000 -0.270055
v 0.305220 0.336707 -0.270326
v 0.301729 0.325000 -0.269888
v 0.301988 0.326000 -0.268920
v 0.301912 0.325293 -0.269204
v 0.301729 0.337000 -0.269888
v 0.301988 0.336000 -0.268920
v 0.301912 0.336707 -0.269204
v 0.298393 0.325000 -0.269225
v 0.298524 0.326000 -0.268231
v 0.298486 0.325293 -0.268522
v 0.298393 0.337000 -0.269225
v 0.298524 0.336000 -0.268231
v 0.298486 0.336707 -0.268522
v 0.295000 0.325000 -0.269002
v 0.295000 0.326000 -0.268000
v 0.295000 0.325293 -0.268293
v 0.295000 0.337000 -0.269002
v 0.295000 0.336000 -0.268000
v 0.295000 0.336707 -0.268293
v 0.291607 0.325000 -0.269225
v 0.291476 0.326000 -0.268231
v 0.291514 0.325293 -0.268522
v 0.291607 0.337000 -0.269225
v 0.291476 0.336000 -0.268231
v 0.291514 0.336707 -0.268522
v 0.288271 0.325000 -0.269888
v 0.288012 0.326000 -0.268920
v 0.288088 0.325293 -0.269204
v 0.288271 0.337000 -0.269888
v 0.288012 0.336000 -0.268920
v 0.288088 0.336707 -0.269204
v 0.285051 0.325000 -0.270981
v 0.284668 0.326000 -0.270055
v 0.284780 0.325293 -0.270326
v 0.285051 0.337000 -0.270981
v 0.284668 0.336000 -0.270055
v 0.284780 0.336707 -0.270326
v 0.282001 0.325000 -0.272485
v 0.281500 0.326000 -0.271617
v 0.281647 0.325293 -0.271872
v 0.282001 0.337000 -0.272485
v 0.281500 0.336000 -0.271617
v 0.281647 0.336707 -0.271872
v 0.279173 0.325000 -0.274375
v 0.278563 0.326000 -0.273579
v 0.278742 0.325293 -0.273812
v 0.279173 0.337000 -0.274375
v 0.278563 0.336000 -0.273579
v 0.278742 0.336707 -0.273812
v 0.276617 0.325000 -0.276617
v 0.275908 0.326000 -0.275908
v 0.276116 0.325293 -0.276116
v 0.276617 0.337000 -0.276617
v 0.275908 0.336000 -0.275908
v 0.276116 0.336707 -0.276116
v 0.274375 0.325000 -0.279173
v 0.273579 0.326000 -0.278563
v 0.273812 0.325293 -0.278742
v 0.274375 0.337000 -0.279173
v 0.273579 0.336000 -0.278563
v 0.273812 0.336707 -0.278742
v 0.272485 0.325000 -0.282001
v 0.271617 0.326000 -0.281500
v 0.271872 0.325293 -0.281647
v 0.272485 0.337000 -0.282001
v 0.271617 0.336000 -0.281500
v 0.271872 0.336707 -0.281647
v 0.270981 0.325000 -0.285051
v 0.270055 0.326000 -0.284668
v 0.270326 0.325293 -0.284780
v 0.270981 0.337000 -0.285051
v 0.270055 0.336000 -0.284668
v 0.270326 0.336707 -0.284780
v 0.269888 0.325000 -0.288271
v 0.268920 0.326000 -0.288012
v 0.269204 0.325293 -0.288088
v 0.269888 0.337000 -0.288271
v 0.268920 0.336000 -0.288012
v 0.269204 0.336707 -0.288088
v 0.269225 0.325000 -0.291607
v 0.268231 0.326000 -0.291476
v 0.268522 0.325293 -0.291514
v 0.269225 0.337000 -0.291607
v 0.268231 0.336000 -0.291476
v 0.268522 0.336707 -0.291514
v 0.269002 0.325000 -0.295000
v 0.268000 0.326000 -0.295000
v 0.268293 0.325293 -0.295000
v 0.269002 0.337000 -0.295000
v 0.268000 0.336000 -0.295000
v 0.268293 0.336707 -0.295000
v 0.269225 0.325000 -0.298393
v 0.268231 0.326000 -0.298524
v 0.268522 0.325293 -0.298486
v 0.269225 0.337000 -0.298393
v 0.268231 0.336000 -0.298524
v 0.268522 0.336707 -0.298486
v 0.269888 0.325000 -0.301729
v 0.268920 0.326000 -0.301988
v 0.269204 0.325293 -0.301912
v 0.269888 0.337000 -0.301729
v 0.268920 0.336000 -0.301988
v 0.269204 0.336707 -0.301912
v 0.270981 0.325000 -0.304949
v 0.270055 0.326000 -0.305332
v 0.270326 0.325293 -0.305220
v 0.270981 0.337000 -0.304949
v 0.270055 0.336000 -0.305332
v 0.270326 0.336707 -0.305220
v 0.272485 0.325000 -0.307999
v 0.271617 0.326000 -0.308500
v 0.271872 0.325293 -0.308353
v 0.272485 0.337000 -0.307999
v 0.271617 0.336000 -0.308500
v 0.271872 0.336707 -0.308353
v 0.274375 0.325000 -0.310826
v 0.273579 0.326000 -0.311437
v 0.273812 0.325293 -0.311258
v 0.274375 0.337000 -0.310826
v 0.273579 0.336000 -0.311437
v 0.273812 0.336707 -0.311258
v 0.276617 0.325000 -0.313383
v 0.275908 0.326000 -0.314092
v 0.276116 0.325293 -0.313884
v 0.276617 0.337000 -0.313383
v 0.275908 0.336000 -0.314092
v 0.276116 0.336707 -0.313884
v 0.279173 0.325000 -0.315625
v 0.278563 0.326000 -0.316421
v 0.278742 0.325293 -0.316188
v 0.279173 0.337000 -0.315625
v 0.278563 0.336000 -0.316421
v 0.278742 0.336707 -0.316188
v 0.282001 0.325000 -0.317515
v 0.281500 0.326000 -0.318383
v 0.281647 0.325293 -0.318128
v 0.282001 0.337000 -0.317515
v 0.281500 0.336000 -0.318383
v 0.281647 0.336707 -0.318128
v 0.285051 0.325000 -0.319019
v 0.284668 0.326000 -0.319945
v 0.284780 0.325293 -0.319674
v 0.285051 0.337000 -0.319019
v 0.284668 0.336000 -0.319945
v 0.284780 0.336707 -0.319674
v 0.288271 0.325000 -0.320112
v 0.288012 0.326000 -0.321080
v 0.288088 0.325293 -0.320796
v 0.288271 0.337000 -0.320112
v 0.288012 0.336000 -0.321080
v 0.288088 0.336707 -0.320796
v 0.291607 0.325000 -0.320775
v 0.291476 0.326000 -0.321769
v 0.291514 0.325293 -0.321478
v 0.291607 0.337000 -0.320775
v 0.291476 0.336000 -0.321769
v 0.291514 0.336707 -0.321478
vn -0.1305 -0.0273 -0.9911
vn -0.1305 0.0273 -0.9911
vn -0.0000 0.0273 -0.9996
vn -0.0000 -0.0273 -0.9996
vn 0.2587 -0.0273 -0.9656
vn 0.2587 0.0273 -0.9656
vn 0.3825 0.0273 -0.9235
vn 0.3825 -0.0273 -0.9235
vn 0.4998 0.0273 -0.8657
vn 0.4998 -0.0273 -0.8657
vn 0.6085 0.0273 -0.7931
vn 0.6085 -0.0273 -0.7931
vn 0.7068 0.0273 -0.7068
vn 0.7068 -0.0273 -0.7068
vn 0.7931 0.0273 -0.6085
vn 0.7931 -0.0273 -0.6085
vn 0.8657 0.0273 -0.4998
vn 0.8657 -0.0273 -0.4998
vn 0.9235 0.0273 -0.3825
vn 0.9235 -0.0273 -0.3825
vn 0.9656 0.0273 -0.2587
vn 0.9656 -0.0273 -0.2587
vn 0.9911 0.0273 -0.1305
vn 0.9911 -0.0273 -0.1305
vn 0.9996 0.0273 -0.0000
vn 0.9996 -0.0273 -0.0000
vn 0.9911 0.0273 0.1305
vn 0.9911 -0.0273 0.1305
vn 0.9656 0.0273 0.2587
vn 0.9656 -0.0273 0.2587
vn 0.9235 0.0273 0.3825
vn 0.9235 -0.0273 0.3825
vn 0.8657 0.0273 0.4998
vn 0.8657 -0.0273 0.4998
vn 0.7931 0.0273 0.6085
vn 0.7931 -0.0273 0.6085
vn 0.7068 0.0273 0.7068
vn 0.7068 -0.0273 0.7068
vn 0.6085 0.0273 0.7931
vn 0.6085 -0.0273 0.7931
vn 0.4998 0.0273 0.8657
vn 0.4998 -0.0273 0.8657
vn 0.3825 0.0273 0.9235
vn 0.3825 -0.0273 0.9235
vn 0.2587 0.0273 0.9656
vn 0.2587 -0.0273 0.9656
vn 0.1305 0.0273 0.9911
vn 0.1305 -0.0273 0.9911
vn -0.0000 0.0273 0.9996
vn -0.0000 -0.0273 0.9996
vn -0.1305 0.0273 0.9911
vn -0.1305 -0.0273 0.9911
vn -0.2587 0.0273 0.9656
vn -0.2587 -0.0273 0.9656
vn -0.3825 0.0273 0.9235
vn -0.3825 -0.0273 0.9235
vn -0.4998 0.0273 0.8657
vn -0.4998 -0.0273 0.8657
vn -0.6085 0.0273 0.7931
vn -0.6085 -0.0273 0.7931
vn -0.7068 0.0273 0.7068
vn -0.7068 -0.0273 0.7068
vn -0.7931 0.0273 0.6085
vn -0.7931 -0.0273 0.6085
vn -0.8657 0.0273 0.4998
vn -0.8657 -0.0273 0.4998
vn -0.9235 0.0273 0.3825
vn -0.9235 -0.0273 0.3825
vn -0.9656 0.0273 0.2587
vn -0.9656 -0.0273 0.2587
vn -0.9911 0.0273 0.1305
vn -0.9911 -0.0273 0.1305
vn -0.9996 0.0273 -0.0000
vn -0.9996 -0.0273 -0.0000
vn -0.9911 0.0273 -0.1305
vn -0.9911 -0.0273 -0.1305
vn -0.9656 0.0273 -0.2587
vn -0.9656 -0.0273 -0.2587
vn -0.9235 0.0273 -0.3825
vn -0.9235 -0.0273 -0.3825
vn -0.8657 0.0273 -0.4998
vn -0.8657 -0.0273 -0.4998
vn -0.7931 0.0273 -0.6085
vn -0.7931 -0.0273 -0.6085
vn -0.7068 0.0273 -0.7068
vn -0.7068 -0.0273 -0.7068
vn -0.6085 0.0273 -0.7931
vn -0.6085 -0.0273 -0.7931
vn -0.4998 0.0273 -0.8657
vn -0.4998 -0.0273 -0.8657
vn -0.3825 0.0273 -0.9235
vn -0.3825 -0.0273 -0.9235
vn -0.2587 0.0273 -0.9656
vn -0.2587 -0.0273 -0.9656
vn 0.1305 -0.0273 -0.9911
vn 0.1305 0.0273 -0.9911
vn 0.0001 1.0000 -0.0010
vn -0.0000 1.0000 -0.0010
vn -0.0001 1.0000 -0.0010
vn -0.0002 1.0000 -0.0009
vn -0.0004 1.0000 -0.0009
vn -0.0005 1.0000 -0.0008
vn -0.0006 1.0000 -0.0008
vn -0.0007 1.0000 -0.0007
vn -0.0008 1.0000 -0.0006
vn -0.0008 1.0000 -0.0005
vn -0.0009 1.0000 -0.0004
vn -0.0009 1.0000 -0.0003
vn -0.0010 1.0000 -0.0001
vn -0.0010 1.0000 -0.0000
vn -0.0010 1.0000 0.0001
vn -0.0009 1.0000 0.0002
vn -0.0009 1.0000 0.0004
vn -0.0008 1.0000 0.0005
vn -0.0008 1.0000 0.0006
vn -0.0007 1.0000 0.0007
vn -0.0006 1.0000 0.0008
vn -0.0005 1.0000 0.0008
vn -0.0004 1.0000 0.0009
vn -0.0003 1.0000 0.0009
vn -0.0001 1.0000 0.0010
vn -0.0000 1.0000 0.0010
vn 0.0001 1.0000 0.0010
vn 0.0002 1.0000 0.0009
vn 0.0004 1.0000 0.0009
vn 0.0005 1.0000 0.0008
vn 0.0006 1.0000 0.0008
vn 0.0007 1.0000 0.0007
vn 0.0008 1.0000 0.0006
vn 0.0008 1.0000 0.0005
vn 0.0009 1.0000 0.0004
vn 0.0009 1.0000 0.0003
vn 0.0010 1.0000 0.0001
vn 0.0010 1.0000 -0.0000
vn 0.0010 1.0000 -0.0001
vn 0.0009 1.0000 -0.0002
vn 0.0009 1.0000 -0.0004
vn 0.0008 1.0000 -0.0005
vn 0.0008 1.0000 -0.0006
vn 0.0007 1.0000 -0.0007
vn 0.0006 1.0000 -0.0008
vn 0.0005 1.0000 -0.0008
vn 0.0004 1.0000 -0.0009
vn 0.0003 1.0000 -0.0009
vn 0.0926 -0.7051 -0.7030
vn -0.0000 -0.7051 -0.7091
vn 0.0001 -1.0000 -0.0010
vn -0.0000 -1.0000 -0.0010
vn -0.0000 0.7051 -0.7091
vn 0.0926 0.7051 -0.7030
vn 0.1835 -0.7051 -0.6849
vn 0.0003 -1.0000 -0.0009
vn 0.1835 0.7051 -0.6849
vn 0.2714 -0.7051 -0.6551
vn 0.0004 -1.0000 -0.0009
vn 0.2714 0.7051 -0.6551
vn 0.3545 -0.7051 -0.6141
vn 0.0005 -1.0000 -0.0008
vn 0.3546 0.7051 -0.6141
vn 0.4317 -0.7051 -0.5626
vn 0.0006 -1.0000 -0.0008
vn 0.4317 0.7051 -0.5626
vn 0.5014 -0.7051 -0.5014
vn 0.0007 -1.0000 -0.0007
vn 0.5014 0.7051 -0.5014
vn 0.5626 -0.7051 -0.4317
vn 0.0008 -1.0000 -0.0006
vn 0.5626 0.7051 -0.4317
vn 0.6141 -0.7051 -0.3546
vn 0.0008 -1.0000 -0.0005
vn 0.6141 0.7051 -0.3546
vn 0.6551 -0.7051 -0.2714
vn 0.0009 -1.0000 -0.0004
vn 0.6551 0.7051 -0.2714
vn 0.6849 -0.7051 -0.1835
vn 0.0009 -1.0000 -0.0002
vn 0.6850 0.7051 -0.1835
vn 0.7030 -0.7051 -0.0926
vn 0.0010 -1.0000 -0.0001
vn 0.7030 0.7051 -0.0926
vn 0.7091 -0.7051 -0.0000
vn 0.0010 -1.0000 -0.0000
vn 0.7091 0.7051 -0.0000
vn 0.7030 -0.7051 0.0926
vn 0.0010 -1.0000 0.0001
vn 0.7030 0.7051 0.0926
vn 0.6849 -0.7051 0.1835
vn 0.0009 -1.0000 0.0003
vn 0.6849 0.7051 0.1835
vn 0.6551 -0.7051 0.2714
vn 0.0009 -1.0000 0.0004
vn 0.6551 0.7051 0.2714
vn 0.6141 -0.7051 0.3546
vn 0.0008 -1.0000 0.0005
vn 0.6141 0.7051 0.3546
vn 0.5626 -0.7051 0.4317
vn 0.0008 -1.0000 0.0006
vn 0.5626 0.7051 0.4317
vn 0.5014 -0.7051 0.5014
vn 0.0007 -1.0000 0.0007
vn 0.5014 0.7051 0.5014
vn 0.4317 -0.7051 0.5626
vn 0.0006 -1.0000 0.0008
vn 0.4317 0.7051 0.5626
vn 0.3546 -0.7051 0.6141
vn 0.0005 -1.0000 0.0008
vn 0.3545 0.7051 0.6141
vn 0.2714 -0.7051 0.6551
vn 0.0004 -1.0000 0.0009
vn 0.2714 0.7051 0.6551
vn 0.1835 -0.7051 0.6849
vn 0.0002 -1.0000 0.0009
vn 0.1835 0.7051 0.6849
vn 0.0926 -0.7051 0.7030
vn 0.0001 -1.0000 0.0010
vn 0.0926 0.7051 0.7030
vn -0.0000 -0.7051 0.7091
vn -0.0000 -1.0000 0.0010
vn -0.0000 0.7051 0.7091
vn -0.0926 -0.7051 0.7030
vn -0.0001 -1.0000 0.0010
vn -0.0926 0.7051 0.7030
vn -0.1835 -0.7051 0.6849
vn -0.0003 -1.0000 0.0009
vn -0.1835 0.7051 0.6849
vn -0.2714 -0.7051 0.6551
vn -0.0004 -1.0000 0.0009
vn -0.2714 0.7051 0.6551
vn -0.3545 -0.7051 0.6141
vn -0.0005 -1.0000 0.0008
vn -0.3546 0.7051 0.6141
vn -0.4317 -0.7051 0.5626
vn -0.0006 -1.0000 0.0008
vn -0.4317 0.7051 0.5626
vn -0.5014 -0.7051 0.5014
vn -0.0007 -1.0000 0.0007
vn -0.5014 0.7051 0.5014
vn -0.5626 -0.7051 0.4317
vn -0.0008 -1.0000 0.0006
vn -0.5626 0.7051 0.4317
vn -0.6141 -0.7051 0.3546
vn -0.0008 -1.0000 0.0005
vn -0.6141 0.7051 0.3546
vn -0.6551 -0.7051 0.2714
vn -0.0009 -1.0000 0.0004
vn -0.6551 0.7051 0.2714
vn -0.6849 -0.7051 0.1835
vn -0.0009 -1.0000 0.0002
vn -0.6850 0.7051 0.1835
vn -0.7030 -0.7051 0.0926
vn -0.0010 -1.0000 0.0001
vn -0.7030 0.7051 0.0926
vn -0.7091 -0.7051 -0.0000
vn -0.0010 -1.0000 -0.0000
vn -0.7091 0.7051 -0.0000
vn -0.7030 -0.7051 -0.0926
vn -0.0010 -1.0000 -0.0001
vn -0.7030 0.7051 -0.0926
vn -0.6849 -0.7051 -0.1835
vn -0.0009 -1.0000 -0.0003
vn -0.6849 0.7051 -0.1835
vn -0.6551 -0.7051 -0.2714
vn -0.0009 -1.0000 -0.0004
vn -0.6551 0.7051 -0.2714
vn -0.6141 -0.7051 -0.3546
vn -0.0008 -1.0000 -0.0005
vn -0.6141 0.7051 -0.3546
vn -0.5626 -0.7051 -0.4317
vn -0.0008 -1.0000 -0.0006
vn -0.5626 0.7051 -0.4317
vn -0.5014 -0.7051 -0.5014
vn -0.0007 -1.0000 -0.0007
vn -0.5014 0.7051 -0.5014
vn -0.4317 -0.7051 -0.5626
vn -0.0006 -1.0000 -0.0008
vn -0.4317 0.7051 -0.5626
vn -0.3546 -0.7051 -0.6141
vn -0.0005 -1.0000 -0.0008
vn -0.3545 0.7051 -0.6141
vn -0.2714 -0.7051 -0.6551
vn -0.0004 -1.0000 -0.0009
vn -0.2714 0.7051 -0.6551
vn -0.1835 -0.7051 -0.6849
vn -0.0002 -1.0000 -0.0009
vn -0.1835 0.7051 -0.6849
vn -0.0926 -0.7051 -0.7030
vn -0.0001 -1.0000 -0.0010
vn -0.0926 0.7051 -0.7030
vt 0.020834 0.541667
vt 0.020834 0.958333
vt 0.000000 0.958333
vt 0.000000 0.541667
vt 0.958333 0.541667
vt 0.958333 0.958333
vt 0.937500 0.958333
vt 0.937500 0.541667
vt 0.937500 0.958333
vt 0.916667 0.958333
vt 0.916667 0.541667
vt 0.916667 0.541667
vt 0.895833 0.958333
vt 0.895833 0.541667
vt 0.895833 0.541667
vt 0.875000 0.958333
vt 0.875000 0.541667
vt 0.875000 0.541667
vt 0.854167 0.958333
vt 0.854167 0.541667
vt 0.854167 0.541667
vt 0.833333 0.958333
vt 0.833333 0.541667
vt 0.833333 0.958333
vt 0.812500 0.958333
vt 0.812500 0.541667
vt 0.791667 0.958333
vt 0.791667 0.541667
vt 0.791667 0.541667
vt 0.770833 0.958333
vt 0.770834 0.541667
vt 0.770833 0.541667
vt 0.770834 0.958333
vt 0.750000 0.958333
vt 0.750000 0.541667
vt 0.750000 0.541667
vt 0.729167 0.958333
vt 0.729167 0.541667
vt 0.729167 0.541667
vt 0.729167 0.958333
vt 0.708334 0.958333
vt 0.708334 0.541667
vt 0.708334 0.541667
vt 0.708334 0.958333
vt 0.687500 0.958333
vt 0.687500 0.541667
vt 0.687500 0.958333
vt 0.666667 0.958333
vt 0.666667 0.541667
vt 0.645834 0.958333
vt 0.645834 0.541667
vt 0.645834 0.541667
vt 0.625000 0.958333
vt 0.625000 0.541667
vt 0.625000 0.541667
vt 0.604167 0.958333
vt 0.604167 0.541667
vt 0.604167 0.541667
vt 0.583334 0.958333
vt 0.583334 0.541667
vt 0.583334 0.958333
vt 0.562500 0.958333
vt 0.562500 0.541667
vt 0.541667 0.958333
vt 0.541667 0.541667
vt 0.541667 0.541667
vt 0.520834 0.958333
vt 0.520834 0.541667
vt 0.520834 0.541667
vt 0.520834 0.958333
vt 0.500000 0.958333
vt 0.500000 0.541667
vt 0.500000 0.541667
vt 0.479167 0.958333
vt 0.479167 0.541667
vt 0.479167 0.541667
vt 0.458334 0.958333
vt 0.458334 0.541667
vt 0.458334 0.541667
vt 0.458334 0.958333
vt 0.437500 0.958333
vt 0.437500 0.541667
vt 0.437500 0.958333
vt 0.416667 0.958333
vt 0.416667 0.541667
vt 0.395834 0.958333
vt 0.395834 0.541667
vt 0.395834 0.541667
vt 0.395834 0.958333
vt 0.375000 0.958333
vt 0.375000 0.541667
vt 0.375000 0.541667
vt 0.375000 0.958333
vt 0.354167 0.958333
vt 0.354167 0.541667
vt 0.354167 0.541667
vt 0.333334 0.958333
vt 0.333334 0.541667
vt 0.333334 0.958333
vt 0.312500 0.958333
vt 0.312500 0.541667
vt 0.312500 0.541667
vt 0.291667 0.958333
vt 0.291667 0.541667
vt 0.291667 0.541667
vt 0.291667 0.958333
vt 0.270834 0.958333
vt 0.270834 0.541667
vt 0.270834 0.541667
vt 0.270834 0.958333
vt 0.250000 0.958333
vt 0.250000 0.541667
vt 0.250000 0.541667
vt 0.229167 0.958333
vt 0.229167 0.541667
vt 0.229167 0.541667
vt 0.208334 0.958333
vt 0.208334 0.541667
vt 0.208334 0.541667
vt 0.187500 0.958333
vt 0.187500 0.541667
vt 0.187500 0.958333
vt 0.166667 0.958333
vt 0.166667 0.541667
vt 0.145834 0.958333
vt 0.145834 0.541667
vt 0.145834 0.541667
vt 0.145834 0.958333
vt 0.125000 0.958333
vt 0.125000 0.541667
vt 0.125000 0.541667
vt 0.104167 0.958333
vt 0.104167 0.541667
vt 0.104167 0.541667
vt 0.083334 0.958333
vt 0.083334 0.541667
vt 0.083334 0.958333
vt 0.062500 0.958333
vt 0.062500 0.541667
vt 0.062500 0.541667
vt 0.041667 0.958333
vt 0.041667 0.541667
vt 0.041667 0.541667
vt 0.020834 0.958333
vt 0.020834 0.541667
vt 0.979167 0.541667
vt 0.979167 0.958333
vt 0.958333 0.958333
vt 0.958333 0.541667
vt 0.280163 0.479115
vt 0.250000 0.481092
vt 0.219836 0.479115
vt 0.190189 0.473218
vt 0.161565 0.463501
vt 0.134454 0.450132
vt 0.109320 0.433338
vt 0.086593 0.413407
vt 0.066662 0.390680
vt 0.049868 0.365546
vt 0.036499 0.338435
vt 0.026782 0.309811
vt 0.020885 0.280163
vt 0.018908 0.250000
vt 0.020885 0.219836
vt 0.026782 0.190189
vt 0.036499 0.161565
vt 0.049868 0.134454
vt 0.066662 0.109320
vt 0.086593 0.086593
vt 0.109320 0.066662
vt 0.134454 0.049868
vt 0.161565 0.036499
vt 0.190189 0.026782
vt 0.219836 0.020885
vt 0.250000 0.018908
vt 0.280163 0.020885
vt 0.309811 0.026782
vt 0.338435 0.036499
vt 0.365546 0.049868
vt 0.390680 0.066662
vt 0.413407 0.086593
vt 0.433338 0.109320
vt 0.450132 0.134454
vt 0.463501 0.161565
vt 0.473218 0.190189
vt 0.479115 0.219836
vt 0.481092 0.250000
vt 0.479115 0.280163
vt 0.473218 0.309811
vt 0.463501 0.338435
vt 0.450132 0.365546
vt 0.433338 0.390680
vt 0.413407 0.413407
vt 0.390680 0.433338
vt 0.365546 0.450132
vt 0.338435 0.463501
vt 0.309811 0.473218
vt 1.000000 0.541667
vt 1.000000 0.958333
vt 0.979167 0.958333
vt 0.979167 0.541667
vt 0.979280 0.500000
vt 0.999887 0.500000
vt 0.750170 0.489989
vt 0.781156 0.487958
vt 0.780163 0.479115
vt 0.750000 0.481092
vt 0.999887 1.000000
vt 0.979280 1.000000
vt 0.281156 0.487958
vt 0.250170 0.489989
vt 0.958447 0.500000
vt 0.979053 0.500000
vt 0.781494 0.487913
vt 0.811949 0.481855
vt 0.809811 0.473218
vt 0.979053 1.000000
vt 0.958447 1.000000
vt 0.311949 0.481855
vt 0.281494 0.487913
vt 0.937613 0.500000
vt 0.958220 0.500000
vt 0.812278 0.481767
vt 0.841682 0.471786
vt 0.838435 0.463501
vt 0.958220 1.000000
vt 0.937613 1.000000
vt 0.341682 0.471786
vt 0.312278 0.481767
vt 0.916780 0.500000
vt 0.937387 0.500000
vt 0.841997 0.471656
vt 0.869847 0.457922
vt 0.865546 0.450132
vt 0.937387 1.000000
vt 0.916780 1.000000
vt 0.369847 0.457922
vt 0.341997 0.471656
vt 0.895947 0.500000
vt 0.916554 0.500000
vt 0.870142 0.457751
vt 0.895961 0.440500
vt 0.890680 0.433338
vt 0.916553 1.000000
vt 0.895947 1.000000
vt 0.395961 0.440500
vt 0.370142 0.457751
vt 0.875113 0.500000
vt 0.895720 0.500000
vt 0.896231 0.440292
vt 0.919577 0.419818
vt 0.913406 0.413407
vt 0.895720 1.000000
vt 0.875113 1.000000
vt 0.419577 0.419818
vt 0.396231 0.440292
vt 0.854280 0.500000
vt 0.874887 0.500000
vt 0.919818 0.419577
vt 0.940292 0.396231
vt 0.933337 0.390680
vt 0.874887 1.000000
vt 0.854280 1.000000
vt 0.440292 0.396231
vt 0.419818 0.419577
vt 0.833447 0.500000
vt 0.854054 0.500000
vt 0.940500 0.395961
vt 0.957751 0.370142
vt 0.950131 0.365546
vt 0.854054 1.000000
vt 0.833447 1.000000
vt 0.457751 0.370142
vt 0.440500 0.395961
vt 0.812613 0.500000
vt 0.833220 0.500000
vt 0.957922 0.369847
vt 0.971656 0.341997
vt 0.963501 0.338435
vt 0.833220 1.000000
vt 0.812613 1.000000
vt 0.471656 0.341997
vt 0.457922 0.369847
vt 0.791780 0.500000
vt 0.812387 0.500000
vt 0.971786 0.341682
vt 0.981767 0.312278
vt 0.973217 0.309811
vt 0.812387 1.000000
vt 0.791780 1.000000
vt 0.481767 0.312278
vt 0.471786 0.341682
vt 0.770947 0.500000
vt 0.791554 0.500000
vt 0.981856 0.311949
vt 0.987913 0.281494
vt 0.979115 0.280163
vt 0.791554 1.000000
vt 0.770947 1.000000
vt 0.487913 0.281494
vt 0.481855 0.311949
vt 0.750113 0.500000
vt 0.770720 0.500000
vt 0.987958 0.281156
vt 0.989989 0.250170
vt 0.981092 0.250000
vt 0.770720 1.000000
vt 0.750113 1.000000
vt 0.489989 0.250170
vt 0.487958 0.281156
vt 0.729280 0.500000
vt 0.749887 0.500000
vt 0.989989 0.249830
vt 0.987958 0.218844
vt 0.979115 0.219836
vt 0.749887 1.000000
vt 0.729280 1.000000
vt 0.487958 0.218844
vt 0.489989 0.249830
vt 0.708447 0.500000
vt 0.729054 0.500000
vt 0.987913 0.218506
vt 0.981856 0.188051
vt 0.973217 0.190189
vt 0.729054 1.000000
vt 0.708447 1.000000
vt 0.481855 0.188051
vt 0.487913 0.218506
vt 0.687614 0.500000
vt 0.708220 0.500000
vt 0.981767 0.187722
vt 0.971786 0.158318
vt 0.963501 0.161565
vt 0.708220 1.000000
vt 0.687614 1.000000
vt 0.471786 0.158318
vt 0.481767 0.187722
vt 0.666780 0.500000
vt 0.687387 0.500000
vt 0.971656 0.158003
vt 0.957922 0.130153
vt 0.950131 0.134454
vt 0.687387 1.000000
vt 0.666780 1.000000
vt 0.457922 0.130153
vt 0.471656 0.158003
vt 0.645947 0.500000
vt 0.666554 0.500000
vt 0.957751 0.129858
vt 0.940500 0.104039
vt 0.933338 0.109320
vt 0.666554 1.000000
vt 0.645947 1.000000
vt 0.440500 0.104039
vt 0.457751 0.129858
vt 0.625114 0.500000
vt 0.645720 0.500000
vt 0.940292 0.103769
vt 0.919818 0.080423
vt 0.913406 0.086593
vt 0.645720 1.000000
vt 0.625114 1.000000
vt 0.419818 0.080423
vt 0.440292 0.103769
vt 0.604280 0.500000
vt 0.624887 0.500000
vt 0.919577 0.080182
vt 0.896231 0.059708
vt 0.890680 0.066662
vt 0.624887 1.000000
vt 0.604280 1.000000
vt 0.396231 0.059708
vt 0.419577 0.080182
vt 0.583447 0.500000
vt 0.604054 0.500000
vt 0.895961 0.059500
vt 0.870142 0.042249
vt 0.865546 0.049868
vt 0.604054 1.000000
vt 0.583447 1.000000
vt 0.370142 0.042249
vt 0.395961 0.059500
vt 0.562614 0.500000
vt 0.583220 0.500000
vt 0.869847 0.042078
vt 0.841997 0.028344
vt 0.838435 0.036499
vt 0.583220 1.000000
vt 0.562614 1.000000
vt 0.341997 0.028344
vt 0.369847 0.042078
vt 0.541780 0.500000
vt 0.562387 0.500000
vt 0.841682 0.028214
vt 0.812278 0.018233
vt 0.809811 0.026782
vt 0.562387 1.000000
vt 0.541780 1.000000
vt 0.312278 0.018233
vt 0.341682 0.028214
vt 0.520947 0.500000
vt 0.541554 0.500000
vt 0.811949 0.018145
vt 0.781494 0.012087
vt 0.780163 0.020885
vt 0.541554 1.000000
vt 0.520947 1.000000
vt 0.281494 0.012087
vt 0.311949 0.018145
vt 0.500114 0.500000
vt 0.520721 0.500000
vt 0.781156 0.012042
vt 0.750170 0.010011
vt 0.750000 0.018908
vt 0.520721 1.000000
vt 0.500114 1.000000
vt 0.250170 0.010011
vt 0.281156 0.012042
vt 0.479280 0.500000
vt 0.499887 0.500000
vt 0.749830 0.010011
vt 0.718844 0.012042
vt 0.719836 0.020885
vt 0.499887 1.000000
vt 0.479280 1.000000
vt 0.218844 0.012042
vt 0.249830 0.010011
vt 0.458447 0.500000
vt 0.479054 0.500000
vt 0.718506 0.012087
vt 0.688051 0.018145
vt 0.690189 0.026782
vt 0.479054 1.000000
vt 0.458447 1.000000
vt 0.188051 0.018145
vt 0.218506 0.012087
vt 0.437614 0.500000
vt 0.458221 0.500000
vt 0.687722 0.018233
vt 0.658318 0.028214
vt 0.661565 0.036499
vt 0.458221 1.000000
vt 0.437614 1.000000
vt 0.158318 0.028214
vt 0.187722 0.018233
vt 0.416780 0.500000
vt 0.437387 0.500000
vt 0.658003 0.028344
vt 0.630153 0.042078
vt 0.634454 0.049868
vt 0.437387 1.000000
vt 0.416780 1.000000
vt 0.130153 0.042078
vt 0.158003 0.028344
vt 0.395947 0.500000
vt 0.416554 0.500000
vt 0.629858 0.042249
vt 0.604039 0.059500
vt 0.609320 0.066662
vt 0.416554 1.000000
vt 0.395947 1.000000
vt 0.104039 0.059500
vt 0.129858 0.042249
vt 0.375114 0.500000
vt 0.395721 0.500000
vt 0.603769 0.059708
vt 0.580423 0.080182
vt 0.586593 0.086593
vt 0.395721 1.000000
vt 0.375114 1.000000
vt 0.080423 0.080182
vt 0.103769 0.059708
vt 0.354280 0.500000
vt 0.374887 0.500000
vt 0.580182 0.080423
vt 0.559708 0.103769
vt 0.566662 0.109320
vt 0.374887 1.000000
vt 0.354280 1.000000
vt 0.059708 0.103769
vt 0.080182 0.080423
vt 0.333447 0.500000
vt 0.354054 0.500000
vt 0.559500 0.104039
vt 0.542249 0.129858
vt 0.549868 0.134454
vt 0.354054 1.000000
vt 0.333447 1.000000
vt 0.042249 0.129858
vt 0.059500 0.104039
vt 0.312614 0.500000
vt 0.333221 0.500000
vt 0.542078 0.130153
vt 0.528344 0.158003
vt 0.536499 0.161565
vt 0.333221 1.000000
vt 0.312614 1.000000
vt 0.028344 0.158003
vt 0.042078 0.130153
vt 0.291780 0.500000
vt 0.312387 0.500000
vt 0.528214 0.158318
vt 0.518233 0.187722
vt 0.526782 0.190189
vt 0.312387 1.000000
vt 0.291780 1.000000
vt 0.018233 0.187722
vt 0.028214 0.158318
vt 0.270947 0.500000
vt 0.291554 0.500000
vt 0.518145 0.188051
vt 0.512087 0.218506
vt 0.520885 0.219836
vt 0.291554 1.000000
vt 0.270947 1.000000
vt 0.012087 0.218506
vt 0.018145 0.188051
vt 0.250114 0.500000
vt 0.270720 0.500000
vt 0.512042 0.218844
vt 0.510011 0.249830
vt 0.518908 0.250000
vt 0.270720 1.000000
vt 0.250114 1.000000
vt 0.010011 0.249830
vt 0.012042 0.218844
vt 0.229280 0.500000
vt 0.249887 0.500000
vt 0.510011 0.250170
vt 0.512042 0.281156
vt 0.520885 0.280164
vt 0.249887 1.000000
vt 0.229280 1.000000
vt 0.012042 0.281156
vt 0.010011 0.250170
vt 0.208447 0.500000
vt 0.229054 0.500000
vt 0.512087 0.281494
vt 0.518144 0.311949
vt 0.526782 0.309811
vt 0.229054 1.000000
vt 0.208447 1.000000
vt 0.018145 0.311949
vt 0.012087 0.281494
vt 0.187614 0.500000
vt 0.208220 0.500000
vt 0.518233 0.312278
vt 0.528214 0.341682
vt 0.536499 0.338435
vt 0.208220 1.000000
vt 0.187614 1.000000
vt 0.028214 0.341682
vt 0.018233 0.312278
vt 0.166780 0.500000
vt 0.187387 0.500000
vt 0.528344 0.341997
vt 0.542078 0.369847
vt 0.549868 0.365546
vt 0.187387 1.000000
vt 0.166780 1.000000
vt 0.042078 0.369847
vt 0.028344 0.341997
vt 0.145947 0.500000
vt 0.166554 0.500000
vt 0.542249 0.370142
vt 0.559500 0.395961
vt 0.566662 0.390680
vt 0.166554 1.000000
vt 0.145947 1.000000
vt 0.059500 0.395961
vt 0.042249 0.370142
vt 0.125114 0.500000
vt 0.145720 0.500000
vt 0.559708 0.396231
vt 0.580182 0.419577
vt 0.586593 0.413407
vt 0.145720 1.000000
vt 0.125114 1.000000
vt 0.080182 0.419577
vt 0.059708 0.396231
vt 0.104280 0.500000
vt 0.124887 0.500000
vt 0.580423 0.419818
vt 0.603769 0.440292
vt 0.609320 0.433338
vt 0.124887 1.000000
vt 0.104280 1.000000
vt 0.103769 0.440292
vt 0.080423 0.419818
vt 0.083447 0.500000
vt 0.104054 0.500000
vt 0.604039 0.440500
vt 0.629858 0.457751
vt 0.634454 0.450132
vt 0.104054 1.000000
vt 0.083447 1.000000
vt 0.129858 0.457751
vt 0.104039 0.440500
vt 0.062614 0.500000
vt 0.083220 0.500000
vt 0.630153 0.457922
vt 0.658003 0.471656
vt 0.661565 0.463501
vt 0.083220 1.000000
vt 0.062614 1.000000
vt 0.158003 0.471656
vt 0.130153 0.457922
vt 0.041780 0.500000
vt 0.062387 0.500000
vt 0.658318 0.471786
vt 0.687722 0.481767
vt 0.690189 0.473218
vt 0.062387 1.000000
vt 0.041780 1.000000
vt 0.187722 0.481767
vt 0.158318 0.471786
vt 0.020947 0.500000
vt 0.041554 0.500000
vt 0.688051 0.481855
vt 0.718506 0.487913
vt 0.719837 0.479115
vt 0.041554 1.000000
vt 0.020947 1.000000
vt 0.218506 0.487913
vt 0.188051 0.481855
vt 0.000114 0.500000
vt 0.020720 0.500000
vt 0.718844 0.487958
vt 0.749830 0.489989
vt 0.020720 1.000000
vt 0.000114 1.000000
vt 0.249830 0.489989
vt 0.218844 0.487958
s 1
usemtl Anodized_graphite
f 2608/3789/4441 2611/3790/4442 2329/3791/4443 2326/3792/4444
f 2338/3793/4445 2341/3794/4446 2347/3795/4447 2344/3796/4448
f 2344/3796/4448 2347/3797/4447 2353/3798/4449 2350/3799/4450
f 2350/3800/4450 2353/3798/4449 2359/3801/4451 2356/3802/4452
f 2356/3803/4452 2359/3801/4451 2365/3804/4453 2362/3805/4454
f 2362/3806/4454 2365/3804/4453 2371/3807/4455 2368/3808/4456
f 2368/3809/4456 2371/3807/4455 2377/3810/4457 2374/3811/4458
f 2374/3811/4458 2377/3812/4457 2383/3813/4459 2380/3814/4460
f 2380/3814/4460 2383/3813/4459 2389/3815/4461 2386/3816/4462
f 2386/3817/4462 2389/3815/4461 2395/3818/4463 2392/3819/4464
f 2392/3820/4464 2395/3821/4463 2401/3822/4465 2398/3823/4466
f 2398/3824/4466 2401/3822/4465 2407/3825/4467 2404/3826/4468
f 2404/3827/4468 2407/3828/4467 2413/3829/4469 2410/3830/4470
f 2410/3831/4470 2413/3832/4469 2419/3833/4471 2416/3834/4472
f 2416/3834/4472 2419/3835/4471 2425/3836/4473 2422/3837/4474
f 2422/3837/4474 2425/3836/4473 2431/3838/4475 2428/3839/4476
f 2428/3840/4476 2431/3838/4475 2437/3841/4477 2434/3842/4478
f 2434/3843/4478 2437/3841/4477 2443/3844/4479 2440/3845/4480
f 2440/3846/4480 2443/3844/4479 2449/3847/4481 2446/3848/4482
f 2446/3848/4482 2449/3849/4481 2455/3850/4483 2452/3851/4484
f 2452/3851/4484 2455/3850/4483 2461/3852/4485 2458/3853/4486
f 2458/3854/4486 2461/3852/4485 2467/3855/4487 2464/3856/4488
f 2464/3857/4488 2467/3858/4487 2473/3859/4489 2470/3860/4490
f 2470/3861/4490 2473/3859/4489 2479/3862/4491 2476/3863/4492
f 2476/3864/4492 2479/3862/4491 2485/3865/4493 2482/3866/4494
f 2482/3867/4494 2485/3868/4493 2491/3869/4495 2488/3870/4496
f 2488/3870/4496 2491/3871/4495 2497/3872/4497 2494/3873/4498
f 2494/3873/4498 2497/3872/4497 2503/3874/4499 2500/3875/4500
f 2500/3876/4500 2503/3877/4499 2509/3878/4501 2506/3879/4502
f 2506/3880/4502 2509/3881/4501 2515/3882/4503 2512/3883/4504
f 2512/3884/4504 2515/3882/4503 2521/3885/4505 2518/3886/4506
f 2518/3886/4506 2521/3887/4505 2527/3888/4507 2524/3889/4508
f 2524/3890/4508 2527/3888/4507 2533/3891/4509 2530/3892/4510
f 2530/3893/4510 2533/3894/4509 2539/3895/4511 2536/3896/4512
f 2536/3897/4512 2539/3898/4511 2545/3899/4513 2542/3900/4514
f 2542/3901/4514 2545/3899/4513 2551/3902/4515 2548/3903/4516
f 2548/3904/4516 2551/3902/4515 2557/3905/4517 2554/3906/4518
f 2554/3907/4518 2557/3905/4517 2563/3908/4519 2560/3909/4520
f 2560/3909/4520 2563/3910/4519 2569/3911/4521 2566/3912/4522
f 2566/3912/4522 2569/3911/4521 2575/3913/4523 2572/3914/4524
f 2572/3915/4524 2575/3916/4523 2581/3917/4525 2578/3918/4526
f 2578/3919/4526 2581/3917/4525 2587/3920/4527 2584/3921/4528
f 2584/3922/4528 2587/3920/4527 2593/3923/4529 2590/3924/4530
f 2590/3924/4530 2593/3925/4529 2599/3926/4531 2596/3927/4532
f 2596/3928/4532 2599/3926/4531 2605/3929/4533 2602/3930/4534
f 2602/3931/4534 2605/3929/4533 2611/3932/4442 2608/3933/4441
f 2332/3934/4535 2335/3935/4536 2341/3936/4446 2338/3937/4445
f 2334/3938/4537 2328/3939/4538 2610/3940/4539 2604/3941/4540 2598/3942/4541 2592/3943/4542 2586/3944/4543 2580/3945/4544 2574/3946/4545 2568/3947/4546 2562/3948/4547 2556/3949/4548 2550/3950/4549 2544/3951/4550 2538/3952/4551 2532/3953/4552 2526/3954/4553 2520/3955/4554 2514/3956/4555 2508/3957/4556 2502/3958/4557 2496/3959/4558 2490/3960/4559 2484/3961/4560 2478/3962/4561 2472/3963/4562 2466/3964/4563 2460/3965/4564 2454/3966/4565 2448/3967/4566 2442/3968/4567 2436/3969/4568 2430/3970/4569 2424/3971/4570 2418/3972/4571 2412/3973/4572 2406/3974/4573 2400/3975/4574 2394/3976/4575 2388/3977/4576 2382/3978/4577 2376/3979/4578 2370/3980/4579 2364/3981/4580 2358/3982/4581 2352/3983/4582 2346/3984/4583 2340/3985/4584
f 2326/3986/4444 2329/3987/4443 2335/3988/4536 2332/3989/4535
f 2326/3986/4444 2332/3989/4535 2333/3990/4585 2327/3991/4586
f 2327/3992/4586 2333/3993/4585 2331/3994/4587 2325/3995/4588
f 2335/3988/4536 2329/3987/4443 2330/3996/4589 2336/3997/4590
f 2336/3998/4590 2330/3999/4589 2328/3939/4538 2334/3938/4537
f 2332/3934/4535 2338/3937/4445 2339/4000/4591 2333/4001/4585
f 2333/4002/4585 2339/4003/4591 2337/4004/4592 2331/3994/4587
f 2341/3936/4446 2335/3935/4536 2336/4005/4590 2342/4006/4593
f 2342/4007/4593 2336/4008/4590 2334/3938/4537 2340/3985/4584
f 2338/3793/4445 2344/3796/4448 2345/4009/4594 2339/4010/4591
f 2339/4011/4591 2345/4012/4594 2343/4013/4595 2337/4004/4592
f 2347/3795/4447 2341/3794/4446 2342/4014/4593 2348/4015/4596
f 2348/4016/4596 2342/4017/4593 2340/3985/4584 2346/3984/4583
f 2344/3796/4448 2350/3799/4450 2351/4018/4597 2345/4019/4594
f 2345/4020/4594 2351/4021/4597 2349/4022/4598 2343/4013/4595
f 2353/3798/4449 2347/3797/4447 2348/4023/4596 2354/4024/4599
f 2354/4025/4599 2348/4026/4596 2346/3984/4583 2352/3983/4582
f 2350/3800/4450 2356/3802/4452 2357/4027/4600 2351/4028/4597
f 2351/4029/4597 2357/4030/4600 2355/4031/4601 2349/4022/4598
f 2359/3801/4451 2353/3798/4449 2354/4032/4599 2360/4033/4602
f 2360/4034/4602 2354/4035/4599 2352/3983/4582 2358/3982/4581
f 2356/3803/4452 2362/3805/4454 2363/4036/4603 2357/4037/4600
f 2357/4038/4600 2363/4039/4603 2361/4040/4604 2355/4031/4601
f 2365/3804/4453 2359/3801/4451 2360/4041/4602 2366/4042/4605
f 2366/4043/4605 2360/4044/4602 2358/3982/4581 2364/3981/4580
f 2362/3806/4454 2368/3808/4456 2369/4045/4606 2363/4046/4603
f 2363/4047/4603 2369/4048/4606 2367/4049/4607 2361/4040/4604
f 2371/3807/4455 2365/3804/4453 2366/4050/4605 2372/4051/4608
f 2372/4052/4608 2366/4053/4605 2364/3981/4580 2370/3980/4579
f 2368/3809/4456 2374/3811/4458 2375/4054/4609 2369/4055/4606
f 2369/4056/4606 2375/4057/4609 2373/4058/4610 2367/4049/4607
f 2377/3810/4457 2371/3807/4455 2372/4059/4608 2378/4060/4611
f 2378/4061/4611 2372/4062/4608 2370/3980/4579 2376/3979/4578
f 2374/3811/4458 2380/3814/4460 2381/4063/4612 2375/4064/4609
f 2375/4065/4609 2381/4066/4612 2379/4067/4613 2373/4058/4610
f 2383/3813/4459 2377/3812/4457 2378/4068/4611 2384/4069/4614
f 2384/4070/4614 2378/4071/4611 2376/3979/4578 2382/3978/4577
f 2380/3814/4460 2386/3816/4462 2387/4072/4615 2381/4073/4612
f 2381/4074/4612 2387/4075/4615 2385/4076/4616 2379/4067/4613
f 2389/3815/4461 2383/3813/4459 2384/4077/4614 2390/4078/4617
f 2390/4079/4617 2384/4080/4614 2382/3978/4577 2388/3977/4576
f 2386/3817/4462 2392/3819/4464 2393/4081/4618 2387/4082/4615
f 2387/4083/4615 2393/4084/4618 2391/4085/4619 2385/4076/4616
f 2395/3818/4463 2389/3815/4461 2390/4086/4617 2396/4087/4620
f 2396/4088/4620 2390/4089/4617 2388/3977/4576 2394/3976/4575
f 2392/3820/4464 2398/3823/4466 2399/4090/4621 2393/4091/4618
f 2393/4092/4618 2399/4093/4621 2397/4094/4622 2391/4085/4619
f 2401/3822/4465 2395/3821/4463 2396/4095/4620 2402/4096/4623
f 2402/4097/4623 2396/4098/4620 2394/3976/4575 2400/3975/4574
f 2398/3824/4466 2404/3826/4468 2405/4099/4624 2399/4100/4621
f 2399/4101/4621 2405/4102/4624 2403/4103/4625 2397/4094/4622
f 2407/3825/4467 2401/3822/4465 2402/4104/4623 2408/4105/4626
f 2408/4106/4626 2402/4107/4623 2400/3975/4574 2406/3974/4573
f 2404/3827/4468 2410/3830/4470 2411/4108/4627 2405/4109/4624
f 2405/4110/4624 2411/4111/4627 2409/4112/4628 2403/4103/4625
f 2413/3829/4469 2407/3828/4467 2408/4113/4626 2414/4114/4629
f 2414/4115/4629 2408/4116/4626 2406/3974/4573 2412/3973/4572
f 2410/3831/4470 2416/3834/4472 2417/4117/4630 2411/4118/4627
f 2411/4119/4627 2417/4120/4630 2415/4121/4631 2409/4112/4628
f 2419/3833/4471 2413/3832/4469 2414/4122/4629 2420/4123/4632
f 2420/4124/4632 2414/4125/4629 2412/3973/4572 2418/3972/4571
f 2416/3834/4472 2422/3837/4474 2423/4126/4633 2417/4127/4630
f 2417/4128/4630 2423/4129/4633 2421/4130/4634 2415/4121/4631
f 2425/3836/4473 2419/3835/4471 2420/4131/4632 2426/4132/4635
f 2426/4133/4635 2420/4134/4632 2418/3972/4571 2424/3971/4570
f 2422/3837/4474 2428/3839/4476 2429/4135/4636 2423/4136/4633
f 2423/4137/4633 2429/4138/4636 2427/4139/4637 2421/4130/4634
f 2431/3838/4475 2425/3836/4473 2426/4140/4635 2432/4141/4638
f 2432/4142/4638 2426/4143/4635 2424/3971/4570 2430/3970/4569
f 2428/3840/4476 2434/3842/4478 2435/4144/4639 2429/4145/4636
f 2429/4146/4636 2435/4147/4639 2433/4148/4640 2427/4139/4637
f 2437/3841/4477 2431/3838/4475 2432/4149/4638 2438/4150/4641
f 2438/4151/4641 2432/4152/4638 2430/3970/4569 2436/3969/4568
f 2434/3843/4478 2440/3845/4480 2441/4153/4642 2435/4154/4639
f 2435/4155/4639 2441/4156/4642 2439/4157/4643 2433/4148/4640
f 2443/3844/4479 2437/3841/4477 2438/4158/4641 2444/4159/4644
f 2444/4160/4644 2438/4161/4641 2436/3969/4568 2442/3968/4567
f 2440/3846/4480 2446/3848/4482 2447/4162/4645 2441/4163/4642
f 2441/4164/4642 2447/4165/4645 2445/4166/4646 2439/4157/4643
f 2449/3847/4481 2443/3844/4479 2444/4167/4644 2450/4168/4647
f 2450/4169/4647 2444/4170/4644 2442/3968/4567 2448/3967/4566
f 2446/3848/4482 2452/3851/4484 2453/4171/4648 2447/4172/4645
f 2447/4173/4645 2453/4174/4648 2451/4175/4649 2445/4166/4646
f 2455/3850/4483 2449/3849/4481 2450/4176/4647 2456/4177/4650
f 2456/4178/4650 2450/4179/4647 2448/3967/4566 2454/3966/4565
f 2452/3851/4484 2458/3853/4486 2459/4180/4651 2453/4181/4648
f 2453/4182/4648 2459/4183/4651 2457/4184/4652 2451/4175/4649
f 2461/3852/4485 2455/3850/4483 2456/4185/4650 2462/4186/4653
f 2462/4187/4653 2456/4188/4650 2454/3966/4565 2460/3965/4564
f 2458/3854/4486 2464/3856/4488 2465/4189/4654 2459/4190/4651
f 2459/4191/4651 2465/4192/4654 2463/4193/4655 2457/4184/4652
f 2467/3855/4487 2461/3852/4485 2462/4194/4653 2468/4195/4656
f 2468/4196/4656 2462/4197/4653 2460/3965/4564 2466/3964/4563
f 2464/3857/4488 2470/3860/4490 2471/4198/4657 2465/4199/4654
f 2465/4200/4654 2471/4201/4657 2469/4202/4658 2463/4193/4655
f 2473/3859/4489 2467/3858/4487 2468/4203/4656 2474/4204/4659
f 2474/4205/4659 2468/4206/4656 2466/3964/4563 2472/3963/4562
f 2470/3861/4490 2476/3863/4492 2477/4207/4660 2471/4208/4657
f 2471/4209/4657 2477/4210/4660 2475/4211/4661 2469/4202/4658
f 2479/3862/4491 2473/3859/4489 2474/4212/4659 2480/4213/4662
f 2480/4214/4662 2474/4215/4659 2472/3963/4562 2478/3962/4561
f 2476/3864/4492 2482/3866/4494 2483/4216/4663 2477/4217/4660
f 2477/4218/4660 2483/4219/4663 2481/4220/4664 2475/4211/4661
f 2485/3865/4493 2479/3862/4491 2480/4221/4662 2486/4222/4665
f 2486/4223/4665 2480/4224/4662 2478/3962/4561 2484/3961/4560
f 2482/3867/4494 2488/3870/4496 2489/4225/4666 2483/4226/4663
f 2483/4227/4663 2489/4228/4666 2487/4229/4667 2481/4220/4664
f 2491/3869/4495 2485/3868/4493 2486/4230/4665 2492/4231/4668
f 2492/4232/4668 2486/4233/4665 2484/3961/4560 2490/3960/4559
f 2488/3870/4496 2494/3873/4498 2495/4234/4669 2489/4235/4666
f 2489/4236/4666 2495/4237/4669 2493/4238/4670 2487/4229/4667
f 2497/3872/4497 2491/3871/4495 2492/4239/4668 2498/4240/4671
f 2498/4241/4671 2492/4242/4668 2490/3960/4559 2496/3959/4558
f 2494/3873/4498 2500/3875/4500 2501/4243/4672 2495/4244/4669
f 2495/4245/4669 2501/4246/4672 2499/4247/4673 2493/4238/4670
f 2503/3874/4499 2497/3872/4497 2498/4248/4671 2504/4249/4674
f 2504/4250/4674 2498/4251/4671 2496/3959/4558 2502/3958/4557
f 2500/3876/4500 2506/3879/4502 2507/4252/4675 2501/4253/4672
f 2501/4254/4672 2507/4255/4675 2505/4256/4676 2499/4247/4673
f 2509/3878/4501 2503/3877/4499 2504/4257/4674 2510/4258/4677
f 2510/4259/4677 2504/4260/4674 2502/3958/4557 2508/3957/4556
f 2506/3880/4502 2512/3883/4504 2513/4261/4678 2507/4262/4675
f 2507/4263/4675 2513/4264/4678 2511/4265/4679 2505/4256/4676
f 2515/3882/4503 2509/3881/4501 2510/4266/4677 2516/4267/4680
f 2516/4268/4680 2510/4269/4677 2508/3957/4556 2514/3956/4555
f 2512/3884/4504 2518/3886/4506 2519/4270/4681 2513/4271/4678
f 2513/4272/4678 2519/4273/4681 2517/4274/4682 2511/4265/4679
f 2521/3885/4505 2515/3882/4503 2516/4275/4680 2522/4276/4683
f 2522/4277/4683 2516/4278/4680 2514/3956/4555 2520/3955/4554
f 2518/3886/4506 2524/3889/4508 2525/4279/4684 2519/4280/4681
f 2519/4281/4681 2525/4282/4684 2523/4283/4685 2517/4274/4682
f 2527/3888/4507 2521/3887/4505 2522/4284/4683 2528/4285/4686
f 2528/4286/4686 2522/4287/4683 2520/3955/4554 2526/3954/4553
f 2524/3890/4508 2530/3892/4510 2531/4288/4687 2525/4289/4684
f 2525/4290/4684 2531/4291/4687 2529/4292/4688 2523/4283/4685
f 2533/3891/4509 2527/3888/4507 2528/4293/4686 2534/4294/4689
f 2534/4295/4689 2528/4296/4686 2526/3954/4553 2532/3953/4552
f 2530/3893/4510 2536/3896/4512 2537/4297/4690 2531/4298/4687
f 2531/4299/4687 2537/4300/4690 2535/4301/4691 2529/4292/4688
f 2539/3895/4511 2533/3894/4509 2534/4302/4689 2540/4303/4692
f 2540/4304/4692 2534/4305/4689 2532/3953/4552 2538/3952/4551
f 2536/3897/4512 2542/3900/4514 2543/4306/4693 2537/4307/4690
f 2537/4308/4690 2543/4309/4693 2541/4310/4694 2535/4301/4691
f 2545/3899/4513 2539/3898/4511 2540/4311/4692 2546/4312/4695
f 2546/4313/4695 2540/4314/4692 2538/3952/4551 2544/3951/4550
f 2542/3901/4514 2548/3903/4516 2549/4315/4696 2543/4316/4693
f 2543/4317/4693 2549/4318/4696 2547/4319/4697 2541/4310/4694
f 2551/3902/4515 2545/3899/4513 2546/4320/4695 2552/4321/4698
f 2552/4322/4698 2546/4323/4695 2544/3951/4550 2550/3950/4549
f 2548/3904/4516 2554/3906/4518 2555/4324/4699 2549/4325/4696
f 2549/4326/4696 2555/4327/4699 2553/4328/4700 2547/4319/4697
f 2557/3905/4517 2551/3902/4515 2552/4329/4698 2558/4330/4701
f 2558/4331/4701 2552/4332/4698 2550/3950/4549 2556/3949/4548
f 2554/3907/4518 2560/3909/4520 2561/4333/4702 2555/4334/4699
f 2555/4335/4699 2561/4336/4702 2559/4337/4703 2553/4328/4700
f 2563/3908/4519 2557/3905/4517 2558/4338/4701 2564/4339/4704
f 2564/4340/4704 2558/4341/4701 2556/3949/4548 2562/3948/4547
f 2560/3909/4520 2566/3912/4522 2567/4342/4705 2561/4343/4702
f 2561/4344/4702 2567/4345/4705 2565/4346/4706 2559/4337/4703
f 2569/3911/4521 2563/3910/4519 2564/4347/4704 2570/4348/4707
f 2570/4349/4707 2564/4350/4704 2562/3948/4547 2568/3947/4546
f 2566/3912/4522 2572/3914/4524 2573/4351/4708 2567/4352/4705
f 2567/4353/4705 2573/4354/4708 2571/4355/4709 2565/4346/4706
f 2575/3913/4523 2569/3911/4521 2570/4356/4707 2576/4357/4710
f 2576/4358/4710 2570/4359/4707 2568/3947/4546 2574/3946/4545
f 2572/3915/4524 2578/3918/4526 2579/4360/4711 2573/4361/4708
f 2573/4362/4708 2579/4363/4711 2577/4364/4712 2571/4355/4709
f 2581/3917/4525 2575/3916/4523 2576/4365/4710 2582/4366/4713
f 2582/4367/4713 2576/4368/4710 2574/3946/4545 2580/3945/4544
f 2578/3919/4526 2584/3921/4528 2585/4369/4714 2579/4370/4711
f 2579/4371/4711 2585/4372/4714 2583/4373/4715 2577/4364/4712
f 2587/3920/4527 2581/3917/4525 2582/4374/4713 2588/4375/4716
f 2588/4376/4716 2582/4377/4713 2580/3945/4544 2586/3944/4543
f 2584/3922/4528 2590/3924/4530 2591/4378/4717 2585/4379/4714
f 2585/4380/4714 2591/4381/4717 2589/4382/4718 2583/4373/4715
f 2593/3923/4529 2587/3920/4527 2588/4383/4716 2594/4384/4719
f 2594/4385/4719 2588/4386/4716 2586/3944/4543 2592/3943/4542
f 2590/3924/4530 2596/3927/4532 2597/4387/4720 2591/4388/4717
f 2591/4389/4717 2597/4390/4720 2595/4391/4721 2589/4382/4718
f 2599/3926/4531 2593/3925/4529 2594/4392/4719 2600/4393/4722
f 2600/4394/4722 2594/4395/4719 2592/3943/4542 2598/3942/4541
f 2596/3928/4532 2602/3930/4534 2603/4396/4723 2597/4397/4720
f 2597/4398/4720 2603/4399/4723 2601/4400/4724 2595/4391/4721
f 2605/3929/4533 2599/3926/4531 2600/4401/4722 2606/4402/4725
f 2606/4403/4725 2600/4404/4722 2598/3942/4541 2604/3941/4540
f 2602/3931/4534 2608/3933/4441 2609/4405/4726 2603/4406/4723
f 2603/4407/4723 2609/4408/4726 2607/4409/4727 2601/4400/4724
f 2611/3932/4442 2605/3929/4533 2606/4410/4725 2612/4411/4728
f 2612/4412/4728 2606/4413/4725 2604/3941/4540 2610/3940/4539
f 2608/3789/4441 2326/3792/4444 2327/4414/4586 2609/4415/4726
f 2609/4416/4726 2327/4417/4586 2325/3995/4588 2607/4409/4727
f 2329/3791/4443 2611/3790/4442 2612/4418/4728 2330/4419/4589
f 2330/4420/4589 2612/4421/4728 2610/3940/4539 2328/3939/4538
f 2325/3995/4588 2331/3994/4587 2337/4004/4592 2343/4013/4595 2349/4022/4598 2355/4031/4601 2361/4040/4604 2367/4049/4607 2373/4058/4610 2379/4067/4613 2385/4076/4616 2391/4085/4619 2397/4094/4622 2403/4103/4625 2409/4112/4628 2415/4121/4631 2421/4130/4634 2427/4139/4637 2433/4148/4640 2439/4157/4643 2445/4166/4646 2451/4175/4649 2457/4184/4652 2463/4193/4655 2469/4202/4658 2475/4211/4661 2481/4220/4664 2487/4229/4667 2493/4238/4670 2499/4247/4673 2505/4256/4676 2511/4265/4679 2517/4274/4682 2523/4283/4685 2529/4292/4688 2535/4301/4691 2541/4310/4694 2547/4319/4697 2553/4328/4700 2559/4337/4703 2565/4346/4706 2571/4355/4709 2577/4364/4712 2583/4373/4715 2589/4382/4718 2595/4391/4721 2601/4400/4724 2607/4409/4727
o Copper_stator.003
v 0.295000 0.337000 -0.318498
v 0.295000 0.338000 -0.319500
v 0.295000 0.337293 -0.319206
v 0.295000 0.357000 -0.318498
v 0.295000 0.356000 -0.319500
v 0.295000 0.356707 -0.319206
v 0.298067 0.337000 -0.318297
v 0.298198 0.338000 -0.319290
v 0.298160 0.337293 -0.318999
v 0.298067 0.357000 -0.318297
v 0.298198 0.356000 -0.319290
v 0.298160 0.356707 -0.318999
v 0.301082 0.337000 -0.317697
v 0.301341 0.338000 -0.318665
v 0.301265 0.337293 -0.318382
v 0.301082 0.357000 -0.317697
v 0.301341 0.356000 -0.318665
v 0.301265 0.356707 -0.318382
v 0.303992 0.337000 -0.316709
v 0.304376 0.338000 -0.317635
v 0.304263 0.337293 -0.317364
v 0.303992 0.357000 -0.316709
v 0.304376 0.356000 -0.317635
v 0.304263 0.356707 -0.317364
v 0.306749 0.337000 -0.315350
v 0.307250 0.338000 -0.316218
v 0.307103 0.337293 -0.315963
v 0.306749 0.357000 -0.315350
v 0.307250 0.356000 -0.316218
v 0.307103 0.356707 -0.315963
v 0.309305 0.337000 -0.313642
v 0.309915 0.338000 -0.314437
v 0.309736 0.337293 -0.314204
v 0.309305 0.357000 -0.313642
v 0.309915 0.356000 -0.314437
v 0.309736 0.356707 -0.314204
v 0.311615 0.337000 -0.311615
v 0.312324 0.338000 -0.312324
v 0.312117 0.337293 -0.312117
v 0.311615 0.357000 -0.311615
v 0.312324 0.356000 -0.312324
v 0.312117 0.356707 -0.312117
v 0.313642 0.337000 -0.309305
v 0.314437 0.338000 -0.309915
v 0.314204 0.337293 -0.309736
v 0.313642 0.357000 -0.309305
v 0.314437 0.356000 -0.309915
v 0.314204 0.356707 -0.309736
v 0.315350 0.337000 -0.306749
v 0.316218 0.338000 -0.307250
v 0.315963 0.337293 -0.307103
v 0.315350 0.357000 -0.306749
v 0.316218 0.356000 -0.307250
v 0.315963 0.356707 -0.307103
v 0.316709 0.337000 -0.303992
v 0.317635 0.338000 -0.304376
v 0.317364 0.337293 -0.304263
v 0.316709 0.357000 -0.303992
v 0.317635 0.356000 -0.304376
v 0.317364 0.356707 -0.304263
v 0.317697 0.337000 -0.301082
v 0.318665 0.338000 -0.301341
v 0.318382 0.337293 -0.301265
v 0.317697 0.357000 -0.301082
v 0.318665 0.356000 -0.301341
v 0.318382 0.356707 -0.301265
v 0.318297 0.337000 -0.298067
v 0.319290 0.338000 -0.298198
v 0.318999 0.337293 -0.298160
v 0.318297 0.357000 -0.298067
v 0.319290 0.356000 -0.298198
v 0.318999 0.356707 -0.298160
v 0.318498 0.337000 -0.295000
v 0.319500 0.338000 -0.295000
v 0.319206 0.337293 -0.295000
v 0.318498 0.357000 -0.295000
v 0.319500 0.356000 -0.295000
v 0.319206 0.356707 -0.295000
v 0.318297 0.337000 -0.291933
v 0.319290 0.338000 -0.291802
v 0.318999 0.337293 -0.291840
v 0.318297 0.357000 -0.291933
v 0.319290 0.356000 -0.291802
v 0.318999 0.356707 -0.291840
v 0.317697 0.337000 -0.288918
v 0.318665 0.338000 -0.288659
v 0.318382 0.337293 -0.288735
v 0.317697 0.357000 -0.288918
v 0.318665 0.356000 -0.288659
v 0.318382 0.356707 -0.288735
v 0.316709 0.337000 -0.286008
v 0.317635 0.338000 -0.285624
v 0.317364 0.337293 -0.285737
v 0.316709 0.357000 -0.286008
v 0.317635 0.356000 -0.285624
v 0.317364 0.356707 -0.285737
v 0.315350 0.337000 -0.283251
v 0.316218 0.338000 -0.282750
v 0.315963 0.337293 -0.282897
v 0.315350 0.357000 -0.283251
v 0.316218 0.356000 -0.282750
v 0.315963 0.356707 -0.282897
v 0.313642 0.337000 -0.280695
v 0.314437 0.338000 -0.280085
v 0.314204 0.337293 -0.280264
v 0.313642 0.357000 -0.280695
v 0.314437 0.356000 -0.280085
v 0.314204 0.356707 -0.280264
v 0.311615 0.337000 -0.278385
v 0.312324 0.338000 -0.277676
v 0.312117 0.337293 -0.277883
v 0.311615 0.357000 -0.278385
v 0.312324 0.356000 -0.277676
v 0.312117 0.356707 -0.277883
v 0.309305 0.337000 -0.276358
v 0.309915 0.338000 -0.275563
v 0.309736 0.337293 -0.275796
v 0.309305 0.357000 -0.276358
v 0.309915 0.356000 -0.275563
v 0.309736 0.356707 -0.275796
v 0.306749 0.337000 -0.274650
v 0.307250 0.338000 -0.273782
v 0.307103 0.337293 -0.274037
v 0.306749 0.357000 -0.274650
v 0.307250 0.356000 -0.273782
v 0.307103 0.356707 -0.274037
v 0.303992 0.337000 -0.273291
v 0.304376 0.338000 -0.272365
v 0.304263 0.337293 -0.272636
v 0.303992 0.357000 -0.273291
v 0.304376 0.356000 -0.272365
v 0.304263 0.356707 -0.272636
v 0.301082 0.337000 -0.272303
v 0.301341 0.338000 -0.271335
v 0.301265 0.337293 -0.271618
v 0.301082 0.357000 -0.272303
v 0.301341 0.356000 -0.271335
v 0.301265 0.356707 -0.271618
v 0.298067 0.337000 -0.271703
v 0.298198 0.338000 -0.270710
v 0.298160 0.337293 -0.271001
v 0.298067 0.357000 -0.271703
v 0.298198 0.356000 -0.270710
v 0.298160 0.356707 -0.271001
v 0.295000 0.337000 -0.271502
v 0.295000 0.338000 -0.270500
v 0.295000 0.337293 -0.270793
v 0.295000 0.357000 -0.271502
v 0.295000 0.356000 -0.270500
v 0.295000 0.356707 -0.270793
v 0.291933 0.337000 -0.271703
v 0.291802 0.338000 -0.270710
v 0.291840 0.337293 -0.271001
v 0.291933 0.357000 -0.271703
v 0.291802 0.356000 -0.270710
v 0.291840 0.356707 -0.271001
v 0.288918 0.337000 -0.272303
v 0.288659 0.338000 -0.271335
v 0.288735 0.337293 -0.271618
v 0.288918 0.357000 -0.272303
v 0.288659 0.356000 -0.271335
v 0.288735 0.356707 -0.271618
v 0.286008 0.337000 -0.273291
v 0.285624 0.338000 -0.272365
v 0.285737 0.337293 -0.272636
v 0.286008 0.357000 -0.273291
v 0.285624 0.356000 -0.272365
v 0.285737 0.356707 -0.272636
v 0.283251 0.337000 -0.274650
v 0.282750 0.338000 -0.273782
v 0.282897 0.337293 -0.274037
v 0.283251 0.357000 -0.274650
v 0.282750 0.356000 -0.273782
v 0.282897 0.356707 -0.274037
v 0.280695 0.337000 -0.276358
v 0.280085 0.338000 -0.275563
v 0.280264 0.337293 -0.275796
v 0.280695 0.357000 -0.276358
v 0.280085 0.356000 -0.275563
v 0.280264 0.356707 -0.275796
v 0.278385 0.337000 -0.278385
v 0.277676 0.338000 -0.277676
v 0.277883 0.337293 -0.277883
v 0.278385 0.357000 -0.278385
v 0.277676 0.356000 -0.277676
v 0.277883 0.356707 -0.277883
v 0.276358 0.337000 -0.280695
v 0.275563 0.338000 -0.280085
v 0.275796 0.337293 -0.280264
v 0.276358 0.357000 -0.280695
v 0.275563 0.356000 -0.280085
v 0.275796 0.356707 -0.280264
v 0.274650 0.337000 -0.283251
v 0.273782 0.338000 -0.282750
v 0.274037 0.337293 -0.282897
v 0.274650 0.357000 -0.283251
v 0.273782 0.356000 -0.282750
v 0.274037 0.356707 -0.282897
v 0.273291 0.337000 -0.286008
v 0.272365 0.338000 -0.285624
v 0.272636 0.337293 -0.285737
v 0.273291 0.357000 -0.286008
v 0.272365 0.356000 -0.285624
v 0.272636 0.356707 -0.285737
v 0.272303 0.337000 -0.288918
v 0.271335 0.338000 -0.288659
v 0.271618 0.337293 -0.288735
v 0.272303 0.357000 -0.288918
v 0.271335 0.356000 -0.288659
v 0.271618 0.356707 -0.288735
v 0.271703 0.337000 -0.291933
v 0.270710 0.338000 -0.291802
v 0.271001 0.337293 -0.291840
v 0.271703 0.357000 -0.291933
v 0.270710 0.356000 -0.291802
v 0.271001 0.356707 -0.291840
v 0.271502 0.337000 -0.295000
v 0.270500 0.338000 -0.295000
v 0.270793 0.337293 -0.295000
v 0.271502 0.357000 -0.295000
v 0.270500 0.356000 -0.295000
v 0.270793 0.356707 -0.295000
v 0.271703 0.337000 -0.298067
v 0.270710 0.338000 -0.298198
v 0.271001 0.337293 -0.298160
v 0.271703 0.357000 -0.298067
v 0.270710 0.356000 -0.298198
v 0.271001 0.356707 -0.298160
v 0.272303 0.337000 -0.301082
v 0.271335 0.338000 -0.301341
v 0.271618 0.337293 -0.301265
v 0.272303 0.357000 -0.301082
v 0.271335 0.356000 -0.301341
v 0.271618 0.356707 -0.301265
v 0.273291 0.337000 -0.303992
v 0.272365 0.338000 -0.304376
v 0.272636 0.337293 -0.304263
v 0.273291 0.357000 -0.303992
v 0.272365 0.356000 -0.304376
v 0.272636 0.356707 -0.304263
v 0.274650 0.337000 -0.306749
v 0.273782 0.338000 -0.307250
v 0.274037 0.337293 -0.307103
v 0.274650 0.357000 -0.306749
v 0.273782 0.356000 -0.307250
v 0.274037 0.356707 -0.307103
v 0.276358 0.337000 -0.309305
v 0.275563 0.338000 -0.309915
v 0.275796 0.337293 -0.309736
v 0.276358 0.357000 -0.309305
v 0.275563 0.356000 -0.309915
v 0.275796 0.356707 -0.309736
v 0.278385 0.337000 -0.311615
v 0.277676 0.338000 -0.312324
v 0.277883 0.337293 -0.312117
v 0.278385 0.357000 -0.311615
v 0.277676 0.356000 -0.312324
v 0.277883 0.356707 -0.312117
v 0.280695 0.337000 -0.313642
v 0.280085 0.338000 -0.314437
v 0.280264 0.337293 -0.314204
v 0.280695 0.357000 -0.313642
v 0.280085 0.356000 -0.314437
v 0.280264 0.356707 -0.314204
v 0.283251 0.337000 -0.315350
v 0.282750 0.338000 -0.316218
v 0.282897 0.337293 -0.315963
v 0.283251 0.357000 -0.315350
v 0.282750 0.356000 -0.316218
v 0.282897 0.356707 -0.315963
v 0.286008 0.337000 -0.316709
v 0.285624 0.338000 -0.317635
v 0.285737 0.337293 -0.317364
v 0.286008 0.357000 -0.316709
v 0.285624 0.356000 -0.317635
v 0.285737 0.356707 -0.317364
v 0.288918 0.337000 -0.317697
v 0.288659 0.338000 -0.318665
v 0.288735 0.337293 -0.318382
v 0.288918 0.357000 -0.317697
v 0.288659 0.356000 -0.318665
v 0.288735 0.356707 -0.318382
v 0.291933 0.337000 -0.318297
v 0.291802 0.338000 -0.319290
v 0.291840 0.337293 -0.318999
v 0.291933 0.357000 -0.318297
v 0.291802 0.356000 -0.319290
v 0.291840 0.356707 -0.318999
vn -0.1305 -0.0156 -0.9913
vn -0.1305 0.0156 -0.9913
vn -0.0000 0.0156 -0.9999
vn -0.0000 -0.0156 -0.9999
vn 0.2588 -0.0156 -0.9658
vn 0.2588 0.0156 -0.9658
vn 0.3826 0.0156 -0.9238
vn 0.3826 -0.0156 -0.9238
vn 0.4999 0.0156 -0.8659
vn 0.4999 -0.0156 -0.8659
vn 0.6087 0.0156 -0.7933
vn 0.6087 -0.0156 -0.7933
vn 0.7070 0.0156 -0.7070
vn 0.7070 -0.0156 -0.7070
vn 0.7933 0.0156 -0.6087
vn 0.7933 -0.0156 -0.6087
vn 0.8659 0.0156 -0.4999
vn 0.8659 -0.0156 -0.4999
vn 0.9238 0.0156 -0.3826
vn 0.9238 -0.0156 -0.3826
vn 0.9658 0.0156 -0.2588
vn 0.9658 -0.0156 -0.2588
vn 0.9913 0.0156 -0.1305
vn 0.9913 -0.0156 -0.1305
vn 0.9999 0.0156 -0.0000
vn 0.9999 -0.0156 -0.0000
vn 0.9913 0.0156 0.1305
vn 0.9913 -0.0156 0.1305
vn 0.9658 0.0156 0.2588
vn 0.9658 -0.0156 0.2588
vn 0.9238 0.0156 0.3826
vn 0.9238 -0.0156 0.3826
vn 0.8659 0.0156 0.4999
vn 0.8659 -0.0156 0.4999
vn 0.7933 0.0156 0.6087
vn 0.7933 -0.0156 0.6087
vn 0.7070 0.0156 0.7070
vn 0.7070 -0.0156 0.7070
vn 0.6087 0.0156 0.7933
vn 0.6087 -0.0156 0.7933
vn 0.4999 0.0156 0.8659
vn 0.4999 -0.0156 0.8659
vn 0.3826 0.0156 0.9238
vn 0.3826 -0.0156 0.9238
vn 0.2588 0.0156 0.9658
vn 0.2588 -0.0156 0.9658
vn 0.1305 0.0156 0.9913
vn 0.1305 -0.0156 0.9913
vn -0.0000 0.0156 0.9999
vn -0.0000 -0.0156 0.9999
vn -0.1305 0.0156 0.9913
vn -0.1305 -0.0156 0.9913
vn -0.2588 0.0156 0.9658
vn -0.2588 -0.0156 0.9658
vn -0.3826 0.0156 0.9238
vn -0.3826 -0.0156 0.9238
vn -0.4999 0.0156 0.8659
vn -0.4999 -0.0156 0.8659
vn -0.6087 0.0156 0.7933
vn -0.6087 -0.0156 0.7933
vn -0.7070 0.0156 0.7070
vn -0.7070 -0.0156 0.7070
vn -0.7933 0.0156 0.6087
vn -0.7933 -0.0156 0.6087
vn -0.8659 0.0156 0.4999
vn -0.8659 -0.0156 0.4999
vn -0.9238 0.0156 0.3826
vn -0.9238 -0.0156 0.3826
vn -0.9658 0.0156 0.2588
vn -0.9658 -0.0156 0.2588
vn -0.9913 0.0156 0.1305
vn -0.9913 -0.0156 0.1305
vn -0.9999 0.0156 -0.0000
vn -0.9999 -0.0156 -0.0000
vn -0.9913 0.0156 -0.1305
vn -0.9913 -0.0156 -0.1305
vn -0.9658 0.0156 -0.2588
vn -0.9658 -0.0156 -0.2588
vn -0.9238 0.0156 -0.3826
vn -0.9238 -0.0156 -0.3826
vn -0.8659 0.0156 -0.4999
vn -0.8659 -0.0156 -0.4999
vn -0.7933 0.0156 -0.6087
vn -0.7933 -0.0156 -0.6087
vn -0.7070 0.0156 -0.7070
vn -0.7070 -0.0156 -0.7070
vn -0.6087 0.0156 -0.7933
vn -0.6087 -0.0156 -0.7933
vn -0.4999 0.0156 -0.8659
vn -0.4999 -0.0156 -0.8659
vn -0.3826 0.0156 -0.9238
vn -0.3826 -0.0156 -0.9238
vn -0.2588 0.0156 -0.9658
vn -0.2588 -0.0156 -0.9658
vn 0.1305 -0.0156 -0.9913
vn 0.1305 0.0156 -0.9913
vn 0.0002 1.0000 -0.0011
vn -0.0000 1.0000 -0.0011
vn -0.0001 1.0000 -0.0011
vn -0.0003 1.0000 -0.0010
vn -0.0004 1.0000 -0.0010
vn -0.0005 1.0000 -0.0009
vn -0.0006 1.0000 -0.0009
vn -0.0007 1.0000 -0.0008
vn -0.0008 1.0000 -0.0007
vn -0.0009 1.0000 -0.0006
vn -0.0010 1.0000 -0.0004
vn -0.0010 1.0000 -0.0003
vn -0.0011 1.0000 -0.0002
vn -0.0011 1.0000 -0.0000
vn -0.0011 1.0000 0.0001
vn -0.0010 1.0000 0.0003
vn -0.0010 1.0000 0.0004
vn -0.0009 1.0000 0.0005
vn -0.0009 1.0000 0.0006
vn -0.0008 1.0000 0.0007
vn -0.0007 1.0000 0.0008
vn -0.0006 1.0000 0.0009
vn -0.0004 1.0000 0.0010
vn -0.0003 1.0000 0.0010
vn -0.0002 1.0000 0.0011
vn -0.0000 1.0000 0.0011
vn 0.0001 1.0000 0.0011
vn 0.0003 1.0000 0.0010
vn 0.0004 1.0000 0.0010
vn 0.0005 1.0000 0.0009
vn 0.0006 1.0000 0.0009
vn 0.0007 1.0000 0.0008
vn 0.0008 1.0000 0.0007
vn 0.0009 1.0000 0.0006
vn 0.0010 1.0000 0.0004
vn 0.0010 1.0000 0.0003
vn 0.0011 1.0000 0.0002
vn 0.0011 1.0000 -0.0000
vn 0.0011 1.0000 -0.0001
vn 0.0010 1.0000 -0.0003
vn 0.0010 1.0000 -0.0004
vn 0.0009 1.0000 -0.0005
vn 0.0009 1.0000 -0.0006
vn 0.0008 1.0000 -0.0007
vn 0.0007 1.0000 -0.0008
vn 0.0006 1.0000 -0.0009
vn 0.0004 1.0000 -0.0010
vn 0.0003 1.0000 -0.0010
vn 0.0926 -0.7048 -0.7033
vn -0.0000 -0.7048 -0.7094
vn 0.0002 -1.0000 -0.0011
vn 0.0001 -1.0000 -0.0011
vn -0.0000 0.7048 -0.7094
vn 0.0926 0.7048 -0.7033
vn 0.1836 -0.7048 -0.6852
vn 0.0003 -1.0000 -0.0010
vn 0.1836 0.7048 -0.6852
vn 0.2715 -0.7048 -0.6554
vn 0.0004 -1.0000 -0.0010
vn 0.2715 0.7048 -0.6554
vn 0.3547 -0.7048 -0.6144
vn 0.0006 -1.0000 -0.0009
vn 0.3547 0.7048 -0.6143
vn 0.4318 -0.7048 -0.5628
vn 0.0007 -1.0000 -0.0008
vn 0.4318 0.7048 -0.5628
vn 0.5016 -0.7048 -0.5016
vn 0.0008 -1.0000 -0.0007
vn 0.5016 0.7048 -0.5016
vn 0.5628 -0.7048 -0.4318
vn 0.0009 -1.0000 -0.0006
vn 0.5628 0.7048 -0.4318
vn 0.6143 -0.7048 -0.3547
vn 0.0009 -1.0000 -0.0005
vn 0.6143 0.7048 -0.3547
vn 0.6554 -0.7048 -0.2715
vn 0.0010 -1.0000 -0.0004
vn 0.6554 0.7048 -0.2715
vn 0.6852 -0.7048 -0.1836
vn 0.0010 -1.0000 -0.0003
vn 0.6852 0.7048 -0.1836
vn 0.7033 -0.7048 -0.0926
vn 0.0011 -1.0000 -0.0001
vn 0.7033 0.7048 -0.0926
vn 0.7094 -0.7048 -0.0000
vn 0.0011 -1.0000 -0.0000
vn 0.7094 0.7048 -0.0000
vn 0.7033 -0.7048 0.0926
vn 0.0011 -1.0000 0.0002
vn 0.7033 0.7048 0.0926
vn 0.6852 -0.7048 0.1836
vn 0.0010 -1.0000 0.0003
vn 0.6852 0.7048 0.1836
vn 0.6554 -0.7048 0.2715
vn 0.0010 -1.0000 0.0004
vn 0.6554 0.7048 0.2715
vn 0.6143 -0.7048 0.3547
vn 0.0009 -1.0000 0.0006
vn 0.6143 0.7048 0.3547
vn 0.5628 -0.7048 0.4318
vn 0.0008 -1.0000 0.0007
vn 0.5628 0.7048 0.4318
vn 0.5016 -0.7048 0.5016
vn 0.0007 -1.0000 0.0008
vn 0.5016 0.7048 0.5016
vn 0.4318 -0.7048 0.5628
vn 0.0006 -1.0000 0.0009
vn 0.4318 0.7048 0.5628
vn 0.3547 -0.7048 0.6143
vn 0.0005 -1.0000 0.0009
vn 0.3547 0.7048 0.6144
vn 0.2715 -0.7048 0.6554
vn 0.0004 -1.0000 0.0010
vn 0.2715 0.7048 0.6554
vn 0.1836 -0.7048 0.6852
vn 0.0003 -1.0000 0.0010
vn 0.1836 0.7048 0.6852
vn 0.0926 -0.7048 0.7033
vn 0.0001 -1.0000 0.0011
vn 0.0926 0.7048 0.7033
vn -0.0000 -0.7048 0.7094
vn -0.0000 -1.0000 0.0011
vn -0.0000 0.7048 0.7094
vn -0.0926 -0.7048 0.7033
vn -0.0002 -1.0000 0.0011
vn -0.0926 0.7048 0.7033
vn -0.1836 -0.7048 0.6852
vn -0.0003 -1.0000 0.0010
vn -0.1836 0.7048 0.6852
vn -0.2715 -0.7048 0.6554
vn -0.0004 -1.0000 0.0010
vn -0.2715 0.7048 0.6554
vn -0.3547 -0.7048 0.6144
vn -0.0006 -1.0000 0.0009
vn -0.3547 0.7048 0.6143
vn -0.4318 -0.7048 0.5628
vn -0.0007 -1.0000 0.0008
vn -0.4318 0.7048 0.5628
vn -0.5016 -0.7048 0.5016
vn -0.0008 -1.0000 0.0007
vn -0.5016 0.7048 0.5016
vn -0.5628 -0.7048 0.4318
vn -0.0009 -1.0000 0.0006
vn -0.5628 0.7048 0.4318
vn -0.6143 -0.7048 0.3547
vn -0.0009 -1.0000 0.0005
vn -0.6143 0.7048 0.3547
vn -0.6554 -0.7048 0.2715
vn -0.0010 -1.0000 0.0004
vn -0.6554 0.7048 0.2715
vn -0.6852 -0.7048 0.1836
vn -0.0010 -1.0000 0.0003
vn -0.6852 0.7048 0.1836
vn -0.7033 -0.7048 0.0926
vn -0.0011 -1.0000 0.0001
vn -0.7033 0.7048 0.0926
vn -0.7094 -0.7048 -0.0000
vn -0.0011 -1.0000 -0.0000
vn -0.7094 0.7048 -0.0000
vn -0.7033 -0.7048 -0.0926
vn -0.0011 -1.0000 -0.0002
vn -0.7033 0.7048 -0.0926
vn -0.6852 -0.7048 -0.1836
vn -0.0010 -1.0000 -0.0003
vn -0.6852 0.7048 -0.1836
vn -0.6554 -0.7048 -0.2715
vn -0.0010 -1.0000 -0.0004
vn -0.6554 0.7048 -0.2715
vn -0.6143 -0.7048 -0.3547
vn -0.0009 -1.0000 -0.0006
vn -0.6143 0.7048 -0.3547
vn -0.5628 -0.7048 -0.4318
vn -0.0008 -1.0000 -0.0007
vn -0.5628 0.7048 -0.4318
vn -0.5016 -0.7048 -0.5016
vn -0.0007 -1.0000 -0.0008
vn -0.5016 0.7048 -0.5016
vn -0.4318 -0.7048 -0.5628
vn -0.0006 -1.0000 -0.0009
vn -0.4318 0.7048 -0.5628
vn -0.3547 -0.7048 -0.6143
vn -0.0005 -1.0000 -0.0009
vn -0.3547 0.7048 -0.6144
vn -0.2715 -0.7048 -0.6554
vn -0.0004 -1.0000 -0.0010
vn -0.2715 0.7048 -0.6554
vn -0.1836 -0.7048 -0.6852
vn -0.0003 -1.0000 -0.0010
vn -0.1836 0.7048 -0.6852
vn -0.0926 -0.7048 -0.7033
vn -0.0001 -1.0000 -0.0011
vn -0.0926 0.7048 -0.7033
vt 0.020834 0.525000
vt 0.020834 0.975000
vt 0.000000 0.975000
vt 0.000000 0.525000
vt 0.958333 0.525000
vt 0.958333 0.975000
vt 0.937500 0.975000
vt 0.937500 0.525000
vt 0.937500 0.975000
vt 0.916667 0.975000
vt 0.916667 0.525000
vt 0.916667 0.975000
vt 0.895833 0.975000
vt 0.895833 0.525000
vt 0.895833 0.975000
vt 0.875000 0.975000
vt 0.875000 0.525000
vt 0.875000 0.975000
vt 0.854167 0.975000
vt 0.854167 0.525000
vt 0.854167 0.975000
vt 0.833333 0.975000
vt 0.833333 0.525000
vt 0.833333 0.975000
vt 0.812500 0.975000
vt 0.812500 0.525000
vt 0.812500 0.975000
vt 0.791667 0.975000
vt 0.791667 0.525000
vt 0.791667 0.975000
vt 0.770834 0.975000
vt 0.770834 0.525000
vt 0.770834 0.975000
vt 0.750000 0.975000
vt 0.750000 0.525000
vt 0.750000 0.975000
vt 0.729167 0.975000
vt 0.729167 0.525000
vt 0.729167 0.975000
vt 0.708334 0.975000
vt 0.708334 0.525000
vt 0.708334 0.975000
vt 0.687500 0.975000
vt 0.687500 0.525000
vt 0.687500 0.975000
vt 0.666667 0.975000
vt 0.666667 0.525000
vt 0.666667 0.975000
vt 0.645834 0.975000
vt 0.645834 0.525000
vt 0.645834 0.975000
vt 0.625000 0.975000
vt 0.625000 0.525000
vt 0.625000 0.975000
vt 0.604167 0.975000
vt 0.604167 0.525000
vt 0.604167 0.975000
vt 0.583334 0.975000
vt 0.583334 0.525000
vt 0.583334 0.975000
vt 0.562500 0.975000
vt 0.562500 0.525000
vt 0.562500 0.975000
vt 0.541667 0.975000
vt 0.541667 0.525000
vt 0.541667 0.975000
vt 0.520834 0.975000
vt 0.520834 0.525000
vt 0.520834 0.975000
vt 0.500000 0.975000
vt 0.500000 0.525000
vt 0.500000 0.975000
vt 0.479167 0.975000
vt 0.479167 0.525000
vt 0.479167 0.975000
vt 0.458334 0.975000
vt 0.458334 0.525000
vt 0.458334 0.975000
vt 0.437500 0.975000
vt 0.437500 0.525000
vt 0.437500 0.975000
vt 0.416667 0.975000
vt 0.416667 0.525000
vt 0.416667 0.975000
vt 0.395834 0.975000
vt 0.395834 0.525000
vt 0.395834 0.975000
vt 0.375000 0.975000
vt 0.375000 0.525000
vt 0.375000 0.975000
vt 0.354167 0.975000
vt 0.354167 0.525000
vt 0.354167 0.975000
vt 0.333334 0.975000
vt 0.333334 0.525000
vt 0.333334 0.975000
vt 0.312500 0.975000
vt 0.312500 0.525000
vt 0.312500 0.975000
vt 0.291667 0.975000
vt 0.291667 0.525000
vt 0.291667 0.975000
vt 0.270834 0.975000
vt 0.270834 0.525000
vt 0.270834 0.975000
vt 0.250000 0.975000
vt 0.250000 0.525000
vt 0.250000 0.975000
vt 0.229167 0.975000
vt 0.229167 0.525000
vt 0.229167 0.975000
vt 0.208334 0.975000
vt 0.208334 0.525000
vt 0.208334 0.975000
vt 0.187500 0.975000
vt 0.187500 0.525000
vt 0.187500 0.975000
vt 0.166667 0.975000
vt 0.166667 0.525000
vt 0.166667 0.975000
vt 0.145834 0.975000
vt 0.145834 0.525000
vt 0.145834 0.975000
vt 0.125000 0.975000
vt 0.125000 0.525000
vt 0.125000 0.975000
vt 0.104167 0.975000
vt 0.104167 0.525000
vt 0.104167 0.975000
vt 0.083334 0.975000
vt 0.083334 0.525000
vt 0.083334 0.975000
vt 0.062500 0.975000
vt 0.062500 0.525000
vt 0.062500 0.975000
vt 0.041667 0.975000
vt 0.041667 0.525000
vt 0.041667 0.975000
vt 0.020834 0.975000
vt 0.979167 0.525000
vt 0.979167 0.975000
vt 0.958333 0.975000
vt 0.280045 0.478214
vt 0.250000 0.480183
vt 0.219955 0.478214
vt 0.190424 0.472340
vt 0.161913 0.462662
vt 0.134909 0.449345
vt 0.109873 0.432617
vt 0.087236 0.412764
vt 0.067383 0.390127
vt 0.050656 0.365092
vt 0.037339 0.338087
vt 0.027660 0.309576
vt 0.021786 0.280045
vt 0.019817 0.250000
vt 0.021786 0.219955
vt 0.027660 0.190424
vt 0.037339 0.161913
vt 0.050656 0.134909
vt 0.067383 0.109873
vt 0.087236 0.087236
vt 0.109873 0.067384
vt 0.134908 0.050656
vt 0.161913 0.037339
vt 0.190424 0.027660
vt 0.219955 0.021786
vt 0.250000 0.019817
vt 0.280045 0.021786
vt 0.309576 0.027660
vt 0.338087 0.037339
vt 0.365092 0.050656
vt 0.390127 0.067384
vt 0.412764 0.087236
vt 0.432617 0.109873
vt 0.449344 0.134909
vt 0.462661 0.161913
vt 0.472340 0.190424
vt 0.478214 0.219955
vt 0.480183 0.250000
vt 0.478214 0.280045
vt 0.472340 0.309576
vt 0.462661 0.338087
vt 0.449344 0.365092
vt 0.432616 0.390127
vt 0.412764 0.412764
vt 0.390127 0.432616
vt 0.365092 0.449344
vt 0.338087 0.462661
vt 0.309576 0.472340
vt 1.000000 0.525000
vt 1.000000 0.975000
vt 0.979167 0.975000
vt 0.979291 0.500000
vt 0.999875 0.500000
vt 0.750188 0.489988
vt 0.781139 0.487959
vt 0.780045 0.478214
vt 0.750000 0.480183
vt 0.999875 1.000000
vt 0.979291 1.000000
vt 0.281139 0.487959
vt 0.250188 0.489988
vt 0.958458 0.500000
vt 0.979042 0.500000
vt 0.781511 0.487910
vt 0.811932 0.481859
vt 0.809576 0.472340
vt 0.979042 1.000000
vt 0.958458 1.000000
vt 0.311932 0.481859
vt 0.281511 0.487910
vt 0.937625 0.500000
vt 0.958209 0.500000
vt 0.812295 0.481762
vt 0.841666 0.471792
vt 0.838088 0.462662
vt 0.958209 1.000000
vt 0.937625 1.000000
vt 0.341666 0.471792
vt 0.312295 0.481762
vt 0.916792 0.500000
vt 0.937375 0.500000
vt 0.842013 0.471648
vt 0.869831 0.457929
vt 0.865092 0.449345
vt 0.937375 1.000000
vt 0.916791 1.000000
vt 0.369831 0.457929
vt 0.342013 0.471648
vt 0.895958 0.500000
vt 0.916542 0.500000
vt 0.870156 0.457742
vt 0.895946 0.440509
vt 0.890127 0.432617
vt 0.916542 1.000000
vt 0.895958 1.000000
vt 0.395946 0.440509
vt 0.370156 0.457742
vt 0.875125 0.500000
vt 0.895709 0.500000
vt 0.896244 0.440281
vt 0.919564 0.419830
vt 0.912764 0.412764
vt 0.895709 1.000000
vt 0.875125 1.000000
vt 0.419564 0.419830
vt 0.396244 0.440281
vt 0.854292 0.500000
vt 0.874875 0.500000
vt 0.919830 0.419564
vt 0.940281 0.396244
vt 0.932617 0.390127
vt 0.874875 1.000000
vt 0.854292 1.000000
vt 0.440281 0.396244
vt 0.419830 0.419564
vt 0.833458 0.500000
vt 0.854042 0.500000
vt 0.940509 0.395946
vt 0.957742 0.370156
vt 0.949345 0.365092
vt 0.854042 1.000000
vt 0.833458 1.000000
vt 0.457742 0.370156
vt 0.440509 0.395946
vt 0.812625 0.500000
vt 0.833209 0.500000
vt 0.957929 0.369831
vt 0.971648 0.342013
vt 0.962662 0.338087
vt 0.833209 1.000000
vt 0.812625 1.000000
vt 0.471648 0.342013
vt 0.457929 0.369831
vt 0.791792 0.500000
vt 0.812375 0.500000
vt 0.971792 0.341666
vt 0.981762 0.312295
vt 0.972340 0.309576
vt 0.812375 1.000000
vt 0.791792 1.000000
vt 0.481762 0.312295
vt 0.471792 0.341666
vt 0.770958 0.500000
vt 0.791542 0.500000
vt 0.981859 0.311932
vt 0.987910 0.281511
vt 0.978214 0.280045
vt 0.791542 1.000000
vt 0.770958 1.000000
vt 0.487910 0.281511
vt 0.481859 0.311932
vt 0.750125 0.500000
vt 0.770709 0.500000
vt 0.987959 0.281139
vt 0.989988 0.250188
vt 0.980183 0.250000
vt 0.770709 1.000000
vt 0.750125 1.000000
vt 0.489988 0.250188
vt 0.487959 0.281139
vt 0.729292 0.500000
vt 0.749875 0.500000
vt 0.989988 0.249812
vt 0.987959 0.218861
vt 0.978214 0.219955
vt 0.749875 1.000000
vt 0.729292 1.000000
vt 0.487959 0.218861
vt 0.489988 0.249812
vt 0.708458 0.500000
vt 0.729042 0.500000
vt 0.987910 0.218489
vt 0.981859 0.188068
vt 0.972340 0.190424
vt 0.729042 1.000000
vt 0.708458 1.000000
vt 0.481859 0.188068
vt 0.487910 0.218489
vt 0.687625 0.500000
vt 0.708209 0.500000
vt 0.981762 0.187705
vt 0.971792 0.158334
vt 0.962662 0.161913
vt 0.708209 1.000000
vt 0.687625 1.000000
vt 0.471792 0.158334
vt 0.481762 0.187705
vt 0.666792 0.500000
vt 0.687375 0.500000
vt 0.971648 0.157987
vt 0.957929 0.130169
vt 0.949345 0.134909
vt 0.687376 1.000000
vt 0.666792 1.000000
vt 0.457929 0.130169
vt 0.471648 0.157987
vt 0.645958 0.500000
vt 0.666542 0.500000
vt 0.957742 0.129844
vt 0.940509 0.104054
vt 0.932617 0.109873
vt 0.666542 1.000000
vt 0.645958 1.000000
vt 0.440509 0.104054
vt 0.457742 0.129844
vt 0.625125 0.500000
vt 0.645709 0.500000
vt 0.940281 0.103756
vt 0.919830 0.080436
vt 0.912764 0.087236
vt 0.645709 1.000000
vt 0.625125 1.000000
vt 0.419830 0.080436
vt 0.440281 0.103756
vt 0.604292 0.500000
vt 0.624876 0.500000
vt 0.919564 0.080170
vt 0.896244 0.059719
vt 0.890127 0.067384
vt 0.624876 1.000000
vt 0.604292 1.000000
vt 0.396244 0.059719
vt 0.419564 0.080170
vt 0.583459 0.500000
vt 0.604042 0.500000
vt 0.895946 0.059491
vt 0.870156 0.042258
vt 0.865092 0.050656
vt 0.604042 1.000000
vt 0.583458 1.000000
vt 0.370156 0.042258
vt 0.395946 0.059491
vt 0.562625 0.500000
vt 0.583209 0.500000
vt 0.869831 0.042071
vt 0.842013 0.028352
vt 0.838087 0.037339
vt 0.583209 1.000000
vt 0.562625 1.000000
vt 0.342013 0.028352
vt 0.369831 0.042071
vt 0.541792 0.500000
vt 0.562376 0.500000
vt 0.841666 0.028208
vt 0.812295 0.018238
vt 0.809576 0.027660
vt 0.562376 1.000000
vt 0.541792 1.000000
vt 0.312295 0.018238
vt 0.341666 0.028208
vt 0.520959 0.500000
vt 0.541542 0.500000
vt 0.811932 0.018141
vt 0.781511 0.012090
vt 0.780045 0.021786
vt 0.541542 1.000000
vt 0.520959 1.000000
vt 0.281511 0.012090
vt 0.311932 0.018141
vt 0.500125 0.500000
vt 0.520709 0.500000
vt 0.781139 0.012041
vt 0.750188 0.010012
vt 0.750000 0.019817
vt 0.520709 1.000000
vt 0.500125 1.000000
vt 0.250188 0.010012
vt 0.281139 0.012041
vt 0.479292 0.500000
vt 0.499876 0.500000
vt 0.749812 0.010012
vt 0.718861 0.012041
vt 0.719955 0.021786
vt 0.499876 1.000000
vt 0.479292 1.000000
vt 0.218861 0.012041
vt 0.249812 0.010012
vt 0.458459 0.500000
vt 0.479042 0.500000
vt 0.718489 0.012090
vt 0.688068 0.018141
vt 0.690424 0.027660
vt 0.479042 1.000000
vt 0.458459 1.000000
vt 0.188068 0.018141
vt 0.218489 0.012090
vt 0.437625 0.500000
vt 0.458209 0.500000
vt 0.687705 0.018238
vt 0.658334 0.028208
vt 0.661913 0.037339
vt 0.458209 1.000000
vt 0.437625 1.000000
vt 0.158334 0.028208
vt 0.187705 0.018238
vt 0.416792 0.500000
vt 0.437376 0.500000
vt 0.657987 0.028352
vt 0.630169 0.042071
vt 0.634909 0.050656
vt 0.437376 1.000000
vt 0.416792 1.000000
vt 0.130169 0.042071
vt 0.157987 0.028352
vt 0.395959 0.500000
vt 0.416542 0.500000
vt 0.629844 0.042258
vt 0.604054 0.059491
vt 0.609874 0.067384
vt 0.416542 1.000000
vt 0.395959 1.000000
vt 0.104054 0.059491
vt 0.129844 0.042258
vt 0.375125 0.500000
vt 0.395709 0.500000
vt 0.603756 0.059719
vt 0.580436 0.080170
vt 0.587236 0.087236
vt 0.395709 1.000000
vt 0.375125 1.000000
vt 0.080436 0.080170
vt 0.103756 0.059719
vt 0.354292 0.500000
vt 0.374876 0.500000
vt 0.580170 0.080436
vt 0.559719 0.103756
vt 0.567384 0.109873
vt 0.374876 1.000000
vt 0.354292 1.000000
vt 0.059719 0.103756
vt 0.080170 0.080436
vt 0.333459 0.500000
vt 0.354042 0.500000
vt 0.559491 0.104054
vt 0.542258 0.129844
vt 0.550656 0.134909
vt 0.354042 1.000000
vt 0.333459 1.000000
vt 0.042258 0.129844
vt 0.059491 0.104054
vt 0.312625 0.500000
vt 0.333209 0.500000
vt 0.542071 0.130169
vt 0.528352 0.157987
vt 0.537339 0.161913
vt 0.333209 1.000000
vt 0.312625 1.000000
vt 0.028352 0.157987
vt 0.042071 0.130169
vt 0.291792 0.500000
vt 0.312376 0.500000
vt 0.528208 0.158334
vt 0.518238 0.187705
vt 0.527660 0.190424
vt 0.312376 1.000000
vt 0.291792 1.000000
vt 0.018238 0.187705
vt 0.028208 0.158334
vt 0.270958 0.500000
vt 0.291542 0.500000
vt 0.518141 0.188068
vt 0.512090 0.218489
vt 0.521786 0.219955
vt 0.291542 1.000000
vt 0.270958 1.000000
vt 0.012090 0.218489
vt 0.018141 0.188068
vt 0.250125 0.500000
vt 0.270709 0.500000
vt 0.512041 0.218861
vt 0.510012 0.249812
vt 0.519817 0.250000
vt 0.270709 1.000000
vt 0.250125 1.000000
vt 0.010012 0.249812
vt 0.012041 0.218861
vt 0.229292 0.500000
vt 0.249876 0.500000
vt 0.510012 0.250188
vt 0.512041 0.281139
vt 0.521786 0.280045
vt 0.249876 1.000000
vt 0.229292 1.000000
vt 0.012041 0.281139
vt 0.010012 0.250188
vt 0.208458 0.500000
vt 0.229042 0.500000
vt 0.512090 0.281511
vt 0.518141 0.311932
vt 0.527660 0.309576
vt 0.229042 1.000000
vt 0.208458 1.000000
vt 0.018141 0.311932
vt 0.012090 0.281511
vt 0.187625 0.500000
vt 0.208209 0.500000
vt 0.518238 0.312295
vt 0.528208 0.341666
vt 0.537339 0.338087
vt 0.208209 1.000000
vt 0.187625 1.000000
vt 0.028208 0.341666
vt 0.018238 0.312295
vt 0.166792 0.500000
vt 0.187376 0.500000
vt 0.528352 0.342013
vt 0.542071 0.369831
vt 0.550656 0.365092
vt 0.187376 1.000000
vt 0.166792 1.000000
vt 0.042071 0.369831
vt 0.028352 0.342013
vt 0.145959 0.500000
vt 0.166542 0.500000
vt 0.542258 0.370156
vt 0.559491 0.395946
vt 0.567383 0.390127
vt 0.166542 1.000000
vt 0.145959 1.000000
vt 0.059491 0.395946
vt 0.042258 0.370156
vt 0.125125 0.500000
vt 0.145709 0.500000
vt 0.559719 0.396244
vt 0.580170 0.419564
vt 0.587236 0.412764
vt 0.145709 1.000000
vt 0.125125 1.000000
vt 0.080170 0.419564
vt 0.059719 0.396244
vt 0.104292 0.500000
vt 0.124876 0.500000
vt 0.580436 0.419830
vt 0.603756 0.440281
vt 0.609873 0.432616
vt 0.124876 1.000000
vt 0.104292 1.000000
vt 0.103756 0.440281
vt 0.080436 0.419830
vt 0.083459 0.500000
vt 0.104042 0.500000
vt 0.604054 0.440509
vt 0.629844 0.457742
vt 0.634908 0.449344
vt 0.104042 1.000000
vt 0.083459 1.000000
vt 0.129844 0.457742
vt 0.104054 0.440509
vt 0.062625 0.500000
vt 0.083209 0.500000
vt 0.630169 0.457929
vt 0.657987 0.471648
vt 0.661913 0.462661
vt 0.083209 1.000000
vt 0.062625 1.000000
vt 0.157987 0.471648
vt 0.130169 0.457929
vt 0.041792 0.500000
vt 0.062376 0.500000
vt 0.658334 0.471792
vt 0.687705 0.481762
vt 0.690424 0.472340
vt 0.062376 1.000000
vt 0.041792 1.000000
vt 0.187705 0.481762
vt 0.158334 0.471792
vt 0.020958 0.500000
vt 0.041542 0.500000
vt 0.688068 0.481859
vt 0.718489 0.487910
vt 0.719955 0.478214
vt 0.041542 1.000000
vt 0.020958 1.000000
vt 0.218489 0.487910
vt 0.188068 0.481859
vt 0.000125 0.500000
vt 0.020709 0.500000
vt 0.718861 0.487959
vt 0.749812 0.489988
vt 0.020709 1.000000
vt 0.000125 1.000000
vt 0.249812 0.489988
vt 0.218861 0.487959
s 1
usemtl Motor_copper_windings
f 2896/4422/4729 2899/4423/4730 2617/4424/4731 2614/4425/4732
f 2626/4426/4733 2629/4427/4734 2635/4428/4735 2632/4429/4736
f 2632/4429/4736 2635/4430/4735 2641/4431/4737 2638/4432/4738
f 2638/4432/4738 2641/4433/4737 2647/4434/4739 2644/4435/4740
f 2644/4435/4740 2647/4436/4739 2653/4437/4741 2650/4438/4742
f 2650/4438/4742 2653/4439/4741 2659/4440/4743 2656/4441/4744
f 2656/4441/4744 2659/4442/4743 2665/4443/4745 2662/4444/4746
f 2662/4444/4746 2665/4445/4745 2671/4446/4747 2668/4447/4748
f 2668/4447/4748 2671/4448/4747 2677/4449/4749 2674/4450/4750
f 2674/4450/4750 2677/4451/4749 2683/4452/4751 2680/4453/4752
f 2680/4453/4752 2683/4454/4751 2689/4455/4753 2686/4456/4754
f 2686/4456/4754 2689/4457/4753 2695/4458/4755 2692/4459/4756
f 2692/4459/4756 2695/4460/4755 2701/4461/4757 2698/4462/4758
f 2698/4462/4758 2701/4463/4757 2707/4464/4759 2704/4465/4760
f 2704/4465/4760 2707/4466/4759 2713/4467/4761 2710/4468/4762
f 2710/4468/4762 2713/4469/4761 2719/4470/4763 2716/4471/4764
f 2716/4471/4764 2719/4472/4763 2725/4473/4765 2722/4474/4766
f 2722/4474/4766 2725/4475/4765 2731/4476/4767 2728/4477/4768
f 2728/4477/4768 2731/4478/4767 2737/4479/4769 2734/4480/4770
f 2734/4480/4770 2737/4481/4769 2743/4482/4771 2740/4483/4772
f 2740/4483/4772 2743/4484/4771 2749/4485/4773 2746/4486/4774
f 2746/4486/4774 2749/4487/4773 2755/4488/4775 2752/4489/4776
f 2752/4489/4776 2755/4490/4775 2761/4491/4777 2758/4492/4778
f 2758/4492/4778 2761/4493/4777 2767/4494/4779 2764/4495/4780
f 2764/4495/4780 2767/4496/4779 2773/4497/4781 2770/4498/4782
f 2770/4498/4782 2773/4499/4781 2779/4500/4783 2776/4501/4784
f 2776/4501/4784 2779/4502/4783 2785/4503/4785 2782/4504/4786
f 2782/4504/4786 2785/4505/4785 2791/4506/4787 2788/4507/4788
f 2788/4507/4788 2791/4508/4787 2797/4509/4789 2794/4510/4790
f 2794/4510/4790 2797/4511/4789 2803/4512/4791 2800/4513/4792
f 2800/4513/4792 2803/4514/4791 2809/4515/4793 2806/4516/4794
f 2806/4516/4794 2809/4517/4793 2815/4518/4795 2812/4519/4796
f 2812/4519/4796 2815/4520/4795 2821/4521/4797 2818/4522/4798
f 2818/4522/4798 2821/4523/4797 2827/4524/4799 2824/4525/4800
f 2824/4525/4800 2827/4526/4799 2833/4527/4801 2830/4528/4802
f 2830/4528/4802 2833/4529/4801 2839/4530/4803 2836/4531/4804
f 2836/4531/4804 2839/4532/4803 2845/4533/4805 2842/4534/4806
f 2842/4534/4806 2845/4535/4805 2851/4536/4807 2848/4537/4808
f 2848/4537/4808 2851/4538/4807 2857/4539/4809 2854/4540/4810
f 2854/4540/4810 2857/4541/4809 2863/4542/4811 2860/4543/4812
f 2860/4543/4812 2863/4544/4811 2869/4545/4813 2866/4546/4814
f 2866/4546/4814 2869/4547/4813 2875/4548/4815 2872/4549/4816
f 2872/4549/4816 2875/4550/4815 2881/4551/4817 2878/4552/4818
f 2878/4552/4818 2881/4553/4817 2887/4554/4819 2884/4555/4820
f 2884/4555/4820 2887/4556/4819 2893/4557/4821 2890/4558/4822
f 2890/4558/4822 2893/4559/4821 2899/4560/4730 2896/4422/4729
f 2620/4561/4823 2623/4562/4824 2629/4563/4734 2626/4426/4733
f 2622/4564/4825 2616/4565/4826 2898/4566/4827 2892/4567/4828 2886/4568/4829 2880/4569/4830 2874/4570/4831 2868/4571/4832 2862/4572/4833 2856/4573/4834 2850/4574/4835 2844/4575/4836 2838/4576/4837 2832/4577/4838 2826/4578/4839 2820/4579/4840 2814/4580/4841 2808/4581/4842 2802/4582/4843 2796/4583/4844 2790/4584/4845 2784/4585/4846 2778/4586/4847 2772/4587/4848 2766/4588/4849 2760/4589/4850 2754/4590/4851 2748/4591/4852 2742/4592/4853 2736/4593/4854 2730/4594/4855 2724/4595/4856 2718/4596/4857 2712/4597/4858 2706/4598/4859 2700/4599/4860 2694/4600/4861 2688/4601/4862 2682/4602/4863 2676/4603/4864 2670/4604/4865 2664/4605/4866 2658/4606/4867 2652/4607/4868 2646/4608/4869 2640/4609/4870 2634/4610/4871 2628/4611/4872
f 2614/4612/4732 2617/4613/4731 2623/4614/4824 2620/4561/4823
f 2614/4612/4732 2620/4561/4823 2621/4615/4873 2615/4616/4874
f 2615/4617/4874 2621/4618/4873 2619/4619/4875 2613/4620/4876
f 2623/4614/4824 2617/4613/4731 2618/4621/4877 2624/4622/4878
f 2624/4623/4878 2618/4624/4877 2616/4565/4826 2622/4564/4825
f 2620/4561/4823 2626/4426/4733 2627/4625/4879 2621/4626/4873
f 2621/4627/4873 2627/4628/4879 2625/4629/4880 2619/4619/4875
f 2629/4563/4734 2623/4562/4824 2624/4630/4878 2630/4631/4881
f 2630/4632/4881 2624/4633/4878 2622/4564/4825 2628/4611/4872
f 2626/4426/4733 2632/4429/4736 2633/4634/4882 2627/4635/4879
f 2627/4636/4879 2633/4637/4882 2631/4638/4883 2625/4629/4880
f 2635/4428/4735 2629/4427/4734 2630/4639/4881 2636/4640/4884
f 2636/4641/4884 2630/4642/4881 2628/4611/4872 2634/4610/4871
f 2632/4429/4736 2638/4432/4738 2639/4643/4885 2633/4644/4882
f 2633/4645/4882 2639/4646/4885 2637/4647/4886 2631/4638/4883
f 2641/4431/4737 2635/4430/4735 2636/4648/4884 2642/4649/4887
f 2642/4650/4887 2636/4651/4884 2634/4610/4871 2640/4609/4870
f 2638/4432/4738 2644/4435/4740 2645/4652/4888 2639/4653/4885
f 2639/4654/4885 2645/4655/4888 2643/4656/4889 2637/4647/4886
f 2647/4434/4739 2641/4433/4737 2642/4657/4887 2648/4658/4890
f 2648/4659/4890 2642/4660/4887 2640/4609/4870 2646/4608/4869
f 2644/4435/4740 2650/4438/4742 2651/4661/4891 2645/4662/4888
f 2645/4663/4888 2651/4664/4891 2649/4665/4892 2643/4656/4889
f 2653/4437/4741 2647/4436/4739 2648/4666/4890 2654/4667/4893
f 2654/4668/4893 2648/4669/4890 2646/4608/4869 2652/4607/4868
f 2650/4438/4742 2656/4441/4744 2657/4670/4894 2651/4671/4891
f 2651/4672/4891 2657/4673/4894 2655/4674/4895 2649/4665/4892
f 2659/4440/4743 2653/4439/4741 2654/4675/4893 2660/4676/4896
f 2660/4677/4896 2654/4678/4893 2652/4607/4868 2658/4606/4867
f 2656/4441/4744 2662/4444/4746 2663/4679/4897 2657/4680/4894
f 2657/4681/4894 2663/4682/4897 2661/4683/4898 2655/4674/4895
f 2665/4443/4745 2659/4442/4743 2660/4684/4896 2666/4685/4899
f 2666/4686/4899 2660/4687/4896 2658/4606/4867 2664/4605/4866
f 2662/4444/4746 2668/4447/4748 2669/4688/4900 2663/4689/4897
f 2663/4690/4897 2669/4691/4900 2667/4692/4901 2661/4683/4898
f 2671/4446/4747 2665/4445/4745 2666/4693/4899 2672/4694/4902
f 2672/4695/4902 2666/4696/4899 2664/4605/4866 2670/4604/4865
f 2668/4447/4748 2674/4450/4750 2675/4697/4903 2669/4698/4900
f 2669/4699/4900 2675/4700/4903 2673/4701/4904 2667/4692/4901
f 2677/4449/4749 2671/4448/4747 2672/4702/4902 2678/4703/4905
f 2678/4704/4905 2672/4705/4902 2670/4604/4865 2676/4603/4864
f 2674/4450/4750 2680/4453/4752 2681/4706/4906 2675/4707/4903
f 2675/4708/4903 2681/4709/4906 2679/4710/4907 2673/4701/4904
f 2683/4452/4751 2677/4451/4749 2678/4711/4905 2684/4712/4908
f 2684/4713/4908 2678/4714/4905 2676/4603/4864 2682/4602/4863
f 2680/4453/4752 2686/4456/4754 2687/4715/4909 2681/4716/4906
f 2681/4717/4906 2687/4718/4909 2685/4719/4910 2679/4710/4907
f 2689/4455/4753 2683/4454/4751 2684/4720/4908 2690/4721/4911
f 2690/4722/4911 2684/4723/4908 2682/4602/4863 2688/4601/4862
f 2686/4456/4754 2692/4459/4756 2693/4724/4912 2687/4725/4909
f 2687/4726/4909 2693/4727/4912 2691/4728/4913 2685/4719/4910
f 2695/4458/4755 2689/4457/4753 2690/4729/4911 2696/4730/4914
f 2696/4731/4914 2690/4732/4911 2688/4601/4862 2694/4600/4861
f 2692/4459/4756 2698/4462/4758 2699/4733/4915 2693/4734/4912
f 2693/4735/4912 2699/4736/4915 2697/4737/4916 2691/4728/4913
f 2701/4461/4757 2695/4460/4755 2696/4738/4914 2702/4739/4917
f 2702/4740/4917 2696/4741/4914 2694/4600/4861 2700/4599/4860
f 2698/4462/4758 2704/4465/4760 2705/4742/4918 2699/4743/4915
f 2699/4744/4915 2705/4745/4918 2703/4746/4919 2697/4737/4916
f 2707/4464/4759 2701/4463/4757 2702/4747/4917 2708/4748/4920
f 2708/4749/4920 2702/4750/4917 2700/4599/4860 2706/4598/4859
f 2704/4465/4760 2710/4468/4762 2711/4751/4921 2705/4752/4918
f 2705/4753/4918 2711/4754/4921 2709/4755/4922 2703/4746/4919
f 2713/4467/4761 2707/4466/4759 2708/4756/4920 2714/4757/4923
f 2714/4758/4923 2708/4759/4920 2706/4598/4859 2712/4597/4858
f 2710/4468/4762 2716/4471/4764 2717/4760/4924 2711/4761/4921
f 2711/4762/4921 2717/4763/4924 2715/4764/4925 2709/4755/4922
f 2719/4470/4763 2713/4469/4761 2714/4765/4923 2720/4766/4926
f 2720/4767/4926 2714/4768/4923 2712/4597/4858 2718/4596/4857
f 2716/4471/4764 2722/4474/4766 2723/4769/4927 2717/4770/4924
f 2717/4771/4924 2723/4772/4927 2721/4773/4928 2715/4764/4925
f 2725/4473/4765 2719/4472/4763 2720/4774/4926 2726/4775/4929
f 2726/4776/4929 2720/4777/4926 2718/4596/4857 2724/4595/4856
f 2722/4474/4766 2728/4477/4768 2729/4778/4930 2723/4779/4927
f 2723/4780/4927 2729/4781/4930 2727/4782/4931 2721/4773/4928
f 2731/4476/4767 2725/4475/4765 2726/4783/4929 2732/4784/4932
f 2732/4785/4932 2726/4786/4929 2724/4595/4856 2730/4594/4855
f 2728/4477/4768 2734/4480/4770 2735/4787/4933 2729/4788/4930
f 2729/4789/4930 2735/4790/4933 2733/4791/4934 2727/4782/4931
f 2737/4479/4769 2731/4478/4767 2732/4792/4932 2738/4793/4935
f 2738/4794/4935 2732/4795/4932 2730/4594/4855 2736/4593/4854
f 2734/4480/4770 2740/4483/4772 2741/4796/4936 2735/4797/4933
f 2735/4798/4933 2741/4799/4936 2739/4800/4937 2733/4791/4934
f 2743/4482/4771 2737/4481/4769 2738/4801/4935 2744/4802/4938
f 2744/4803/4938 2738/4804/4935 2736/4593/4854 2742/4592/4853
f 2740/4483/4772 2746/4486/4774 2747/4805/4939 2741/4806/4936
f 2741/4807/4936 2747/4808/4939 2745/4809/4940 2739/4800/4937
f 2749/4485/4773 2743/4484/4771 2744/4810/4938 2750/4811/4941
f 2750/4812/4941 2744/4813/4938 2742/4592/4853 2748/4591/4852
f 2746/4486/4774 2752/4489/4776 2753/4814/4942 2747/4815/4939
f 2747/4816/4939 2753/4817/4942 2751/4818/4943 2745/4809/4940
f 2755/4488/4775 2749/4487/4773 2750/4819/4941 2756/4820/4944
f 2756/4821/4944 2750/4822/4941 2748/4591/4852 2754/4590/4851
f 2752/4489/4776 2758/4492/4778 2759/4823/4945 2753/4824/4942
f 2753/4825/4942 2759/4826/4945 2757/4827/4946 2751/4818/4943
f 2761/4491/4777 2755/4490/4775 2756/4828/4944 2762/4829/4947
f 2762/4830/4947 2756/4831/4944 2754/4590/4851 2760/4589/4850
f 2758/4492/4778 2764/4495/4780 2765/4832/4948 2759/4833/4945
f 2759/4834/4945 2765/4835/4948 2763/4836/4949 2757/4827/4946
f 2767/4494/4779 2761/4493/4777 2762/4837/4947 2768/4838/4950
f 2768/4839/4950 2762/4840/4947 2760/4589/4850 2766/4588/4849
f 2764/4495/4780 2770/4498/4782 2771/4841/4951 2765/4842/4948
f 2765/4843/4948 2771/4844/4951 2769/4845/4952 2763/4836/4949
f 2773/4497/4781 2767/4496/4779 2768/4846/4950 2774/4847/4953
f 2774/4848/4953 2768/4849/4950 2766/4588/4849 2772/4587/4848
f 2770/4498/4782 2776/4501/4784 2777/4850/4954 2771/4851/4951
f 2771/4852/4951 2777/4853/4954 2775/4854/4955 2769/4845/4952
f 2779/4500/4783 2773/4499/4781 2774/4855/4953 2780/4856/4956
f 2780/4857/4956 2774/4858/4953 2772/4587/4848 2778/4586/4847
f 2776/4501/4784 2782/4504/4786 2783/4859/4957 2777/4860/4954
f 2777/4861/4954 2783/4862/4957 2781/4863/4958 2775/4854/4955
f 2785/4503/4785 2779/4502/4783 2780/4864/4956 2786/4865/4959
f 2786/4866/4959 2780/4867/4956 2778/4586/4847 2784/4585/4846
f 2782/4504/4786 2788/4507/4788 2789/4868/4960 2783/4869/4957
f 2783/4870/4957 2789/4871/4960 2787/4872/4961 2781/4863/4958
f 2791/4506/4787 2785/4505/4785 2786/4873/4959 2792/4874/4962
f 2792/4875/4962 2786/4876/4959 2784/4585/4846 2790/4584/4845
f 2788/4507/4788 2794/4510/4790 2795/4877/4963 2789/4878/4960
f 2789/4879/4960 2795/4880/4963 2793/4881/4964 2787/4872/4961
f 2797/4509/4789 2791/4508/4787 2792/4882/4962 2798/4883/4965
f 2798/4884/4965 2792/4885/4962 2790/4584/4845 2796/4583/4844
f 2794/4510/4790 2800/4513/4792 2801/4886/4966 2795/4887/4963
f 2795/4888/4963 2801/4889/4966 2799/4890/4967 2793/4881/4964
f 2803/4512/4791 2797/4511/4789 2798/4891/4965 2804/4892/4968
f 2804/4893/4968 2798/4894/4965 2796/4583/4844 2802/4582/4843
f 2800/4513/4792 2806/4516/4794 2807/4895/4969 2801/4896/4966
f 2801/4897/4966 2807/4898/4969 2805/4899/4970 2799/4890/4967
f 2809/4515/4793 2803/4514/4791 2804/4900/4968 2810/4901/4971
f 2810/4902/4971 2804/4903/4968 2802/4582/4843 2808/4581/4842
f 2806/4516/4794 2812/4519/4796 2813/4904/4972 2807/4905/4969
f 2807/4906/4969 2813/4907/4972 2811/4908/4973 2805/4899/4970
f 2815/4518/4795 2809/4517/4793 2810/4909/4971 2816/4910/4974
f 2816/4911/4974 2810/4912/4971 2808/4581/4842 2814/4580/4841
f 2812/4519/4796 2818/4522/4798 2819/4913/4975 2813/4914/4972
f 2813/4915/4972 2819/4916/4975 2817/4917/4976 2811/4908/4973
f 2821/4521/4797 2815/4520/4795 2816/4918/4974 2822/4919/4977
f 2822/4920/4977 2816/4921/4974 2814/4580/4841 2820/4579/4840
f 2818/4522/4798 2824/4525/4800 2825/4922/4978 2819/4923/4975
f 2819/4924/4975 2825/4925/4978 2823/4926/4979 2817/4917/4976
f 2827/4524/4799 2821/4523/4797 2822/4927/4977 2828/4928/4980
f 2828/4929/4980 2822/4930/4977 2820/4579/4840 2826/4578/4839
f 2824/4525/4800 2830/4528/4802 2831/4931/4981 2825/4932/4978
f 2825/4933/4978 2831/4934/4981 2829/4935/4982 2823/4926/4979
f 2833/4527/4801 2827/4526/4799 2828/4936/4980 2834/4937/4983
f 2834/4938/4983 2828/4939/4980 2826/4578/4839 2832/4577/4838
f 2830/4528/4802 2836/4531/4804 2837/4940/4984 2831/4941/4981
f 2831/4942/4981 2837/4943/4984 2835/4944/4985 2829/4935/4982
f 2839/4530/4803 2833/4529/4801 2834/4945/4983 2840/4946/4986
f 2840/4947/4986 2834/4948/4983 2832/4577/4838 2838/4576/4837
f 2836/4531/4804 2842/4534/4806 2843/4949/4987 2837/4950/4984
f 2837/4951/4984 2843/4952/4987 2841/4953/4988 2835/4944/4985
f 2845/4533/4805 2839/4532/4803 2840/4954/4986 2846/4955/4989
f 2846/4956/4989 2840/4957/4986 2838/4576/4837 2844/4575/4836
f 2842/4534/4806 2848/4537/4808 2849/4958/4990 2843/4959/4987
f 2843/4960/4987 2849/4961/4990 2847/4962/4991 2841/4953/4988
f 2851/4536/4807 2845/4535/4805 2846/4963/4989 2852/4964/4992
f 2852/4965/4992 2846/4966/4989 2844/4575/4836 2850/4574/4835
f 2848/4537/4808 2854/4540/4810 2855/4967/4993 2849/4968/4990
f 2849/4969/4990 2855/4970/4993 2853/4971/4994 2847/4962/4991
f 2857/4539/4809 2851/4538/4807 2852/4972/4992 2858/4973/4995
f 2858/4974/4995 2852/4975/4992 2850/4574/4835 2856/4573/4834
f 2854/4540/4810 2860/4543/4812 2861/4976/4996 2855/4977/4993
f 2855/4978/4993 2861/4979/4996 2859/4980/4997 2853/4971/4994
f 2863/4542/4811 2857/4541/4809 2858/4981/4995 2864/4982/4998
f 2864/4983/4998 2858/4984/4995 2856/4573/4834 2862/4572/4833
f 2860/4543/4812 2866/4546/4814 2867/4985/4999 2861/4986/4996
f 2861/4987/4996 2867/4988/4999 2865/4989/5000 2859/4980/4997
f 2869/4545/4813 2863/4544/4811 2864/4990/4998 2870/4991/5001
f 2870/4992/5001 2864/4993/4998 2862/4572/4833 2868/4571/4832
f 2866/4546/4814 2872/4549/4816 2873/4994/5002 2867/4995/4999
f 2867/4996/4999 2873/4997/5002 2871/4998/5003 2865/4989/5000
f 2875/4548/4815 2869/4547/4813 2870/4999/5001 2876/5000/5004
f 2876/5001/5004 2870/5002/5001 2868/4571/4832 2874/4570/4831
f 2872/4549/4816 2878/4552/4818 2879/5003/5005 2873/5004/5002
f 2873/5005/5002 2879/5006/5005 2877/5007/5006 2871/4998/5003
f 2881/4551/4817 2875/4550/4815 2876/5008/5004 2882/5009/5007
f 2882/5010/5007 2876/5011/5004 2874/4570/4831 2880/4569/4830
f 2878/4552/4818 2884/4555/4820 2885/5012/5008 2879/5013/5005
f 2879/5014/5005 2885/5015/5008 2883/5016/5009 2877/5007/5006
f 2887/4554/4819 2881/4553/4817 2882/5017/5007 2888/5018/5010
f 2888/5019/5010 2882/5020/5007 2880/4569/4830 2886/4568/4829
f 2884/4555/4820 2890/4558/4822 2891/5021/5011 2885/5022/5008
f 2885/5023/5008 2891/5024/5011 2889/5025/5012 2883/5016/5009
f 2893/4557/4821 2887/4556/4819 2888/5026/5010 2894/5027/5013
f 2894/5028/5013 2888/5029/5010 2886/4568/4829 2892/4567/4828
f 2890/4558/4822 2896/4422/4729 2897/5030/5014 2891/5031/5011
f 2891/5032/5011 2897/5033/5014 2895/5034/5015 2889/5025/5012
f 2899/4560/4730 2893/4559/4821 2894/5035/5013 2900/5036/5016
f 2900/5037/5016 2894/5038/5013 2892/4567/4828 2898/4566/4827
f 2896/4422/4729 2614/4425/4732 2615/5039/4874 2897/5040/5014
f 2897/5041/5014 2615/5042/4874 2613/4620/4876 2895/5034/5015
f 2617/4424/4731 2899/4423/4730 2900/5043/5016 2618/5044/4877
f 2618/5045/4877 2900/5046/5016 2898/4566/4827 2616/4565/4826
f 2613/4620/4876 2619/4619/4875 2625/4629/4880 2631/4638/4883 2637/4647/4886 2643/4656/4889 2649/4665/4892 2655/4674/4895 2661/4683/4898 2667/4692/4901 2673/4701/4904 2679/4710/4907 2685/4719/4910 2691/4728/4913 2697/4737/4916 2703/4746/4919 2709/4755/4922 2715/4764/4925 2721/4773/4928 2727/4782/4931 2733/4791/4934 2739/4800/4937 2745/4809/4940 2751/4818/4943 2757/4827/4946 2763/4836/4949 2769/4845/4952 2775/4854/4955 2781/4863/4958 2787/4872/4961 2793/4881/4964 2799/4890/4967 2805/4899/4970 2811/4908/4973 2817/4917/4976 2823/4926/4979 2829/4935/4982 2835/4944/4985 2841/4953/4988 2847/4962/4991 2853/4971/4994 2859/4980/4997 2865/4989/5000 2871/4998/5003 2877/5007/5006 2883/5016/5009 2889/5025/5012 2895/5034/5015
