# Blender 4.3.2
# www.blender.org
mtllib camera.mtl
o Stereo_camera_bracket
v -0.044500 0.369000 0.104500
v -0.044500 0.372000 0.107500
v -0.047500 0.372000 0.104500
v -0.044500 0.369401 0.105998
v -0.045998 0.369401 0.104500
v -0.045935 0.369790 0.105935
v -0.045998 0.372000 0.107099
v -0.044500 0.370502 0.107099
v -0.045935 0.370565 0.106710
v -0.047099 0.370502 0.104500
v -0.047099 0.372000 0.105998
v -0.046710 0.370565 0.105935
v -0.044500 0.376000 0.107500
v -0.044500 0.379000 0.104500
v -0.047500 0.376000 0.104500
v -0.044500 0.377498 0.107099
v -0.045998 0.376000 0.107099
v -0.045935 0.377435 0.106710
v -0.045998 0.378599 0.104500
v -0.044500 0.378599 0.105998
v -0.045935 0.378210 0.105935
v -0.047099 0.376000 0.105998
v -0.047099 0.377498 0.104500
v -0.046710 0.377435 0.105935
v -0.044500 0.369000 0.085500
v -0.047500 0.372000 0.085500
v -0.044500 0.372000 0.082500
v -0.045998 0.369401 0.085500
v -0.044500 0.369401 0.084002
v -0.045935 0.369790 0.084065
v -0.047099 0.372000 0.084002
v -0.047099 0.370502 0.085500
v -0.046710 0.370565 0.084065
v -0.044500 0.370502 0.082901
v -0.045998 0.372000 0.082901
v -0.045935 0.370565 0.083290
v -0.044500 0.379000 0.085500
v -0.044500 0.376000 0.082500
v -0.047500 0.376000 0.085500
v -0.044500 0.378599 0.084002
v -0.045998 0.378599 0.085500
v -0.045935 0.378210 0.084065
v -0.045998 0.376000 0.082901
v -0.044500 0.377498 0.082901
v -0.045935 0.377435 0.083290
v -0.047099 0.377498 0.085500
v -0.047099 0.376000 0.084002
v -0.046710 0.377435 0.084065
v 0.044500 0.369000 0.104500
v 0.047500 0.372000 0.104500
v 0.044500 0.372000 0.107500
v 0.045998 0.369401 0.104500
v 0.044500 0.369401 0.105998
v 0.045935 0.369790 0.105935
v 0.047099 0.372000 0.105998
v 0.047099 0.370502 0.104500
v 0.046710 0.370565 0.105935
v 0.044500 0.370502 0.107099
v 0.045998 0.372000 0.107099
v 0.045935 0.370565 0.106710
v 0.044500 0.379000 0.104500
v 0.044500 0.376000 0.107500
v 0.047500 0.376000 0.104500
v 0.044500 0.378599 0.105998
v 0.045998 0.378599 0.104500
v 0.045935 0.378210 0.105935
v 0.045998 0.376000 0.107099
v 0.044500 0.377498 0.107099
v 0.045935 0.377435 0.106710
v 0.047099 0.377498 0.104500
v 0.047099 0.376000 0.105998
v 0.046710 0.377435 0.105935
v 0.044500 0.369000 0.085500
v 0.044500 0.372000 0.082500
v 0.047500 0.372000 0.085500
v 0.044500 0.369401 0.084002
v 0.045998 0.369401 0.085500
v 0.045935 0.369790 0.084065
v 0.045998 0.372000 0.082901
v 0.044500 0.370502 0.082901
v 0.045935 0.370565 0.083290
v 0.047099 0.370502 0.085500
v 0.047099 0.372000 0.084002
v 0.046710 0.370565 0.084065
v 0.044500 0.379000 0.085500
v 0.047500 0.376000 0.085500
v 0.044500 0.376000 0.082500
v 0.045998 0.378599 0.085500
v 0.044500 0.378599 0.084002
v 0.045935 0.378210 0.084065
v 0.047099 0.376000 0.084002
v 0.047099 0.377498 0.085500
v 0.046710 0.377435 0.084065
v 0.044500 0.377498 0.082901
v 0.045998 0.376000 0.082901
v 0.045935 0.377435 0.083290
vn 0.0044 -0.0727 0.9973
vn 0.0044 0.0727 0.9973
vn -0.0044 0.0727 0.9973
vn -0.0044 -0.0727 0.9973
vn 0.9972 -0.0726 -0.0194
vn 0.9972 0.0726 -0.0194
vn 0.9972 0.0726 0.0194
vn 0.9972 -0.0726 0.0194
vn 0.0044 0.9998 -0.0195
vn -0.0044 0.9998 -0.0195
vn -0.0044 0.9998 0.0195
vn 0.0044 0.9998 0.0195
vn -0.9972 -0.0726 0.0194
vn -0.9972 0.0726 0.0194
vn -0.9972 0.0726 -0.0194
vn -0.9972 -0.0726 -0.0194
vn -0.0044 -0.0727 -0.9973
vn -0.0044 0.0727 -0.9973
vn 0.0044 0.0727 -0.9973
vn 0.0044 -0.0727 -0.9973
vn -0.0044 -0.9998 0.0196
vn -0.0038 -0.8660 0.5001
vn -0.4178 -0.8067 0.4178
vn -0.4992 -0.8663 0.0167
vn -0.0038 -0.8659 0.5001
vn -0.0038 -0.5001 0.8660
vn -0.4178 -0.4179 0.8067
vn -0.4178 -0.8067 0.4179
vn -0.0045 -0.0727 0.9973
vn -0.4955 -0.0634 0.8663
vn -0.4178 -0.4178 0.8067
vn -0.8663 -0.0634 0.4955
vn -0.8067 -0.4178 0.4179
vn -0.4179 -0.4178 0.8067
vn -0.9972 -0.0727 0.0195
vn -0.8663 -0.4992 0.0167
vn -0.8068 -0.4178 0.4178
vn -0.8663 -0.4993 0.0167
vn -0.4993 -0.8663 0.0167
vn -0.4179 -0.8067 0.4178
vn -0.8067 -0.4179 0.4178
vn -0.0045 0.0727 0.9973
vn -0.0038 0.5001 0.8660
vn -0.4178 0.4178 0.8067
vn -0.4955 0.0634 0.8663
vn -0.0038 0.5001 0.8659
vn -0.0038 0.8660 0.5001
vn -0.4178 0.8067 0.4179
vn -0.4178 0.4179 0.8067
vn -0.0044 0.9998 0.0196
vn -0.4992 0.8663 0.0167
vn -0.4178 0.8067 0.4178
vn -0.4993 0.8663 0.0167
vn -0.8663 0.4993 0.0167
vn -0.8067 0.4179 0.4178
vn -0.4179 0.8067 0.4178
vn -0.9972 0.0727 0.0195
vn -0.8663 0.0634 0.4955
vn -0.8067 0.4178 0.4178
vn -0.8663 0.4992 0.0166
vn -0.4179 0.4178 0.8067
vn -0.8067 0.4178 0.4179
vn -0.0044 -0.9998 -0.0196
vn -0.4992 -0.8663 -0.0167
vn -0.4178 -0.8067 -0.4178
vn -0.0038 -0.8660 -0.5001
vn -0.4993 -0.8663 -0.0167
vn -0.8663 -0.4993 -0.0167
vn -0.8067 -0.4179 -0.4178
vn -0.4179 -0.8067 -0.4178
vn -0.9972 -0.0727 -0.0195
vn -0.8663 -0.0634 -0.4955
vn -0.8067 -0.4178 -0.4178
vn -0.8663 -0.4992 -0.0166
vn -0.4955 -0.0634 -0.8663
vn -0.4179 -0.4178 -0.8067
vn -0.8067 -0.4178 -0.4179
vn -0.0045 -0.0727 -0.9973
vn -0.0038 -0.5001 -0.8660
vn -0.4178 -0.4178 -0.8067
vn -0.0038 -0.5001 -0.8659
vn -0.4178 -0.8067 -0.4179
vn -0.4178 -0.4179 -0.8067
vn -0.0044 0.9998 -0.0196
vn -0.0038 0.8660 -0.5001
vn -0.4178 0.8067 -0.4178
vn -0.4992 0.8663 -0.0167
vn -0.0038 0.8659 -0.5001
vn -0.0038 0.5001 -0.8660
vn -0.4178 0.4179 -0.8067
vn -0.4178 0.8067 -0.4179
vn -0.0045 0.0727 -0.9973
vn -0.4955 0.0634 -0.8663
vn -0.4178 0.4178 -0.8067
vn -0.8663 0.0634 -0.4955
vn -0.8067 0.4178 -0.4179
vn -0.4179 0.4178 -0.8067
vn -0.9972 0.0727 -0.0195
vn -0.8663 0.4992 -0.0167
vn -0.8068 0.4178 -0.4178
vn -0.8663 0.4993 -0.0167
vn -0.4993 0.8663 -0.0167
vn -0.4179 0.8067 -0.4178
vn -0.8067 0.4179 -0.4178
vn 0.0044 -0.9998 0.0196
vn 0.4992 -0.8663 0.0167
vn 0.4178 -0.8067 0.4178
vn 0.0038 -0.8660 0.5001
vn 0.4993 -0.8663 0.0167
vn 0.8663 -0.4993 0.0167
vn 0.8067 -0.4179 0.4178
vn 0.4179 -0.8067 0.4178
vn 0.9972 -0.0727 0.0195
vn 0.8663 -0.0634 0.4955
vn 0.8067 -0.4178 0.4178
vn 0.8663 -0.4992 0.0166
vn 0.4955 -0.0634 0.8663
vn 0.4179 -0.4178 0.8067
vn 0.8067 -0.4178 0.4179
vn 0.0045 -0.0727 0.9973
vn 0.0038 -0.5001 0.8660
vn 0.4178 -0.4178 0.8067
vn 0.0038 -0.5001 0.8659
vn 0.4178 -0.8067 0.4179
vn 0.4178 -0.4179 0.8067
vn 0.0044 0.9998 0.0196
vn 0.0038 0.8660 0.5001
vn 0.4178 0.8067 0.4178
vn 0.4992 0.8663 0.0167
vn 0.0038 0.8659 0.5001
vn 0.0038 0.5001 0.8660
vn 0.4178 0.4179 0.8067
vn 0.4178 0.8067 0.4179
vn 0.0045 0.0727 0.9973
vn 0.4955 0.0634 0.8663
vn 0.4178 0.4178 0.8067
vn 0.8663 0.0634 0.4955
vn 0.8067 0.4178 0.4179
vn 0.4179 0.4178 0.8067
vn 0.9972 0.0727 0.0195
vn 0.8663 0.4992 0.0167
vn 0.8068 0.4178 0.4178
vn 0.8663 0.4993 0.0167
vn 0.4993 0.8663 0.0167
vn 0.4179 0.8067 0.4178
vn 0.8067 0.4179 0.4178
vn 0.0044 -0.9998 -0.0196
vn 0.0038 -0.8660 -0.5001
vn 0.4178 -0.8067 -0.4178
vn 0.4992 -0.8663 -0.0167
vn 0.0038 -0.8659 -0.5001
vn 0.0038 -0.5001 -0.8660
vn 0.4178 -0.4179 -0.8067
vn 0.4178 -0.8067 -0.4179
vn 0.0045 -0.0727 -0.9973
vn 0.4955 -0.0634 -0.8663
vn 0.4178 -0.4178 -0.8067
vn 0.8663 -0.0634 -0.4955
vn 0.8067 -0.4178 -0.4179
vn 0.4179 -0.4178 -0.8067
vn 0.9972 -0.0727 -0.0195
vn 0.8663 -0.4992 -0.0167
vn 0.8068 -0.4178 -0.4178
vn 0.8663 -0.4993 -0.0167
vn 0.4993 -0.8663 -0.0167
vn 0.4179 -0.8067 -0.4178
vn 0.8067 -0.4179 -0.4178
vn 0.0044 0.9998 -0.0196
vn 0.4992 0.8663 -0.0167
vn 0.4178 0.8067 -0.4178
vn 0.0038 0.8660 -0.5001
vn 0.4993 0.8663 -0.0167
vn 0.8663 0.4993 -0.0167
vn 0.8067 0.4179 -0.4178
vn 0.4179 0.8067 -0.4178
vn 0.9972 0.0727 -0.0195
vn 0.8663 0.0634 -0.4955
vn 0.8067 0.4178 -0.4178
vn 0.8663 0.4992 -0.0166
vn 0.4955 0.0634 -0.8663
vn 0.4179 0.4178 -0.8067
vn 0.8067 0.4178 -0.4179
vn 0.0045 0.0727 -0.9973
vn 0.0038 0.5001 -0.8660
vn 0.4178 0.4178 -0.8067
vn 0.0038 0.5001 -0.8659
vn 0.4178 0.8067 -0.4179
vn 0.4178 0.4179 -0.8067
vn -0.0045 -0.9998 -0.0195
vn -0.0045 -0.9998 0.0195
vn -0.8663 -0.4992 -0.0167
vn -0.9972 -0.0727 0.0194
vn -0.9972 -0.0727 -0.0194
vn -0.4954 0.0634 0.8663
vn -0.4954 -0.0634 0.8663
vn -0.8663 -0.0634 0.4954
vn -0.8663 0.0634 0.4954
vn -0.0045 0.9998 0.0195
vn -0.0045 0.9998 -0.0195
vn -0.8663 0.4992 0.0167
vn -0.9972 0.0727 -0.0194
vn -0.9972 0.0727 0.0194
vn -0.4954 -0.0634 -0.8663
vn -0.4954 0.0634 -0.8663
vn -0.8663 0.0634 -0.4954
vn -0.8663 -0.0634 -0.4954
vn 0.0037 -0.8659 -0.5002
vn -0.0037 -0.8659 -0.5002
vn -0.0037 -0.5002 -0.8659
vn 0.0037 -0.5002 -0.8659
vn -0.0037 0.8659 -0.5002
vn 0.0037 0.8659 -0.5002
vn 0.0037 0.5002 -0.8659
vn -0.0037 0.5002 -0.8659
vn 0.8663 -0.0634 -0.4954
vn 0.8663 0.0634 -0.4954
vn 0.4954 0.0634 -0.8663
vn 0.4954 -0.0634 -0.8663
vn 0.0045 -0.9998 0.0195
vn 0.0045 -0.9998 -0.0195
vn 0.8663 -0.4992 0.0167
vn 0.9972 -0.0727 -0.0194
vn 0.9972 -0.0727 0.0194
vn 0.0045 0.9998 -0.0195
vn 0.0045 0.9998 0.0195
vn 0.8663 0.4992 -0.0167
vn 0.9972 0.0727 0.0194
vn 0.9972 0.0727 -0.0194
vn 0.4954 -0.0634 0.8663
vn 0.4954 0.0634 0.8663
vn 0.8663 0.0634 0.4954
vn 0.8663 -0.0634 0.4954
vn -0.0037 -0.8659 0.5002
vn 0.0037 -0.8659 0.5002
vn 0.0037 -0.5002 0.8659
vn -0.0037 -0.5002 0.8659
vn 0.0037 0.8659 0.5002
vn -0.0037 0.8659 0.5002
vn -0.0037 0.5002 0.8659
vn 0.0037 0.5002 0.8659
vn -0.0044 -0.9998 -0.0195
vn 0.0044 -0.9998 -0.0195
vn 0.0044 -0.9998 0.0195
vn -0.0044 -0.9998 0.0195
vt 0.450000 0.757895
vt 0.550000 0.757895
vt 0.550000 0.992105
vt 0.450000 0.992105
vt 0.450000 0.530000
vt 0.550000 0.530000
vt 0.550000 0.720000
vt 0.450000 0.720000
vt 0.632895 0.530000
vt 0.867105 0.530000
vt 0.867105 0.720000
vt 0.632895 0.720000
vt 0.450000 0.030000
vt 0.550000 0.030000
vt 0.550000 0.220000
vt 0.450000 0.220000
vt 0.450000 0.257895
vt 0.550000 0.257895
vt 0.550000 0.492105
vt 0.450000 0.492105
vt 0.132895 0.720000
vt 0.132895 0.734980
vt 0.129119 0.734346
vt 0.128953 0.720000
vt 0.132895 0.750000
vt 0.129119 0.750000
vt 0.450000 1.000000
vt 0.375000 0.995881
vt 0.375000 0.992105
vt 0.450000 0.000000
vt 0.450000 0.015020
vt 0.375000 0.015654
vt 0.375000 0.000000
vt 0.375000 0.030000
vt 0.125000 0.720000
vt 0.125000 0.734346
vt 0.587451 0.992105
vt 0.585866 0.995881
vt 0.550000 1.000000
vt 0.625000 0.992105
vt 0.625000 0.995881
vt 0.875000 0.720000
vt 0.870881 0.750000
vt 0.867105 0.750000
vt 0.625000 0.030000
vt 0.587451 0.030000
vt 0.585866 0.015654
vt 0.625000 0.000000
vt 0.550000 0.015020
vt 0.550000 0.000000
vt 0.585866 0.007901
vt 0.585866 0.997921
vt 0.132895 0.530000
vt 0.128953 0.530000
vt 0.129119 0.515654
vt 0.132895 0.515020
vt 0.125000 0.530000
vt 0.125000 0.515654
vt 0.450000 0.234980
vt 0.375000 0.234346
vt 0.375000 0.220000
vt 0.450000 0.253953
vt 0.375000 0.254119
vt 0.375000 0.257895
vt 0.132895 0.500000
vt 0.129119 0.500000
vt 0.867105 0.500000
vt 0.870881 0.500000
vt 0.875000 0.530000
vt 0.625000 0.257895
vt 0.587451 0.257895
vt 0.585866 0.254119
vt 0.625000 0.254119
vt 0.550000 0.253953
vt 0.550000 0.234980
vt 0.585866 0.234346
vt 0.587451 0.220000
vt 0.625000 0.220000
vt 0.625000 0.250000
vt 0.585866 0.252079
vt 0.367105 0.720000
vt 0.371047 0.720000
vt 0.370881 0.734346
vt 0.367105 0.734980
vt 0.412549 0.720000
vt 0.414134 0.734346
vt 0.450000 0.734980
vt 0.450000 0.753953
vt 0.375000 0.754119
vt 0.375000 0.757895
vt 0.367105 0.750000
vt 0.370881 0.750000
vt 0.372921 0.734346
vt 0.632895 0.750000
vt 0.629119 0.750000
vt 0.628953 0.720000
vt 0.625000 0.757895
vt 0.587451 0.757895
vt 0.585866 0.754119
vt 0.625000 0.754119
vt 0.550000 0.753953
vt 0.550000 0.734980
vt 0.585866 0.734346
vt 0.587451 0.720000
vt 0.585866 0.752079
vt 0.367105 0.530000
vt 0.367105 0.515020
vt 0.370881 0.515654
vt 0.371047 0.530000
vt 0.367105 0.500000
vt 0.370881 0.500000
vt 0.450000 0.496047
vt 0.375000 0.495881
vt 0.375000 0.492105
vt 0.450000 0.515020
vt 0.414134 0.515654
vt 0.412549 0.530000
vt 0.372921 0.515654
vt 0.628953 0.530000
vt 0.629119 0.515654
vt 0.632895 0.500000
vt 0.587451 0.530000
vt 0.585866 0.515654
vt 0.550000 0.515020
vt 0.550000 0.496047
vt 0.585866 0.495881
vt 0.587451 0.492105
vt 0.625000 0.492105
vt 0.605247 0.495881
vt 0.605247 0.515654
vt 0.585866 0.507901
s 0
usemtl Brushed_aluminum
f 51/1/1 62/2/2 13/3/3 2/4/4
f 75/5/5 86/6/6 63/7/7 50/8/8
f 85/9/9 37/10/10 14/11/11 61/12/12
f 3/13/13 15/14/14 39/15/15 26/16/16
f 27/17/17 38/18/18 87/19/19 74/20/20
f 1/21/21 4/22/22 6/23/23 5/24/24
f 4/22/25 8/25/26 9/26/27 6/23/28
f 2/4/29 7/27/30 9/28/31 8/29/26
f 7/30/30 11/31/32 12/32/33 9/33/34
f 3/13/35 10/34/36 12/32/37 11/31/32
f 10/35/38 5/24/39 6/23/40 12/36/41
f 6/23/28 9/26/34 12/36/41
f 13/3/42 16/37/43 18/38/44 17/39/45
f 16/37/46 20/40/47 21/41/48 18/38/49
f 14/11/50 19/42/51 21/43/52 20/44/47
f 19/45/53 23/46/54 24/47/55 21/48/56
f 15/14/57 22/49/58 24/47/59 23/46/60
f 22/49/58 17/50/45 18/51/61 24/47/62
f 18/38/49 21/41/56 24/52/62
f 25/53/63 28/54/64 30/55/65 29/56/66
f 28/54/67 32/57/68 33/58/69 30/55/70
f 26/16/71 31/59/72 33/60/73 32/61/74
f 31/59/72 35/62/75 36/63/76 33/60/77
f 27/17/78 34/64/79 36/63/80 35/62/75
f 34/65/81 29/56/66 30/55/82 36/66/83
f 30/55/70 33/58/77 36/66/83
f 37/10/84 40/67/85 42/68/86 41/69/87
f 40/70/88 44/71/89 45/72/90 42/73/91
f 38/18/92 43/74/93 45/72/94 44/71/89
f 43/74/93 47/75/95 48/76/96 45/72/97
f 39/15/98 46/77/99 48/76/100 47/75/95
f 46/77/101 41/78/102 42/79/103 48/76/104
f 42/73/91 45/72/97 48/80/104
f 49/81/105 52/82/106 54/83/107 53/84/108
f 52/82/109 56/85/110 57/86/111 54/83/112
f 50/8/113 55/87/114 57/86/115 56/85/116
f 55/87/114 59/88/117 60/89/118 57/86/119
f 51/1/120 58/90/121 60/89/122 59/88/117
f 58/91/123 53/84/108 54/83/124 60/92/125
f 54/83/112 57/93/119 60/92/125
f 61/12/126 64/94/127 66/95/128 65/96/129
f 64/97/130 68/98/131 69/99/132 66/100/133
f 62/2/134 67/101/135 69/99/136 68/98/131
f 67/101/135 71/102/137 72/103/138 69/99/139
f 63/7/140 70/104/141 72/103/142 71/102/137
f 70/104/143 65/96/144 66/95/145 72/103/146
f 66/100/133 69/99/139 72/105/146
f 73/106/147 76/107/148 78/108/149 77/109/150
f 76/107/151 80/110/152 81/111/153 78/108/154
f 74/20/155 79/112/156 81/113/157 80/114/152
f 79/112/156 83/115/158 84/116/159 81/113/160
f 75/5/161 82/117/162 84/116/163 83/115/158
f 82/117/164 77/109/165 78/108/166 84/116/167
f 78/108/154 81/111/160 84/118/167
f 85/9/168 88/119/169 90/120/170 89/121/171
f 88/119/172 92/122/173 93/123/174 90/120/175
f 86/6/176 91/124/177 93/123/178 92/122/179
f 91/124/177 95/125/180 96/126/181 93/123/182
f 87/19/183 94/127/184 96/126/185 95/125/180
f 94/127/186 89/128/171 90/129/187 96/126/188
f 90/130/175 93/123/182 96/131/188
f 25/53/189 1/21/190 5/24/24 28/54/64
f 28/54/67 5/24/39 10/35/38 32/57/68
f 32/61/191 10/34/36 3/13/192 26/16/193
f 2/4/29 13/3/42 17/39/194 7/27/195
f 7/30/30 17/50/45 22/49/58 11/31/32
f 11/31/196 22/49/197 15/14/57 3/13/35
f 14/11/198 37/10/199 41/69/87 19/42/51
f 19/45/53 41/78/102 46/77/101 23/46/54
f 23/46/200 46/77/99 39/15/201 15/14/202
f 38/18/92 27/17/78 35/62/203 43/74/204
f 43/74/93 35/62/75 31/59/72 47/75/95
f 47/75/205 31/59/206 26/16/71 39/15/98
f 73/106/147 25/53/63 29/56/66 76/107/148
f 76/107/207 29/56/208 34/65/209 80/110/210
f 80/114/152 34/64/79 27/17/17 74/20/20
f 37/10/84 85/9/168 89/121/171 40/67/85
f 40/70/211 89/128/212 94/127/213 44/71/214
f 44/71/89 94/127/184 87/19/19 38/18/18
f 86/6/176 75/5/161 83/115/215 91/124/216
f 91/124/177 83/115/158 79/112/156 95/125/180
f 95/125/217 79/112/218 74/20/155 87/19/183
f 49/81/219 73/106/220 77/109/150 52/82/106
f 52/82/109 77/109/165 82/117/164 56/85/110
f 56/85/221 82/117/162 75/5/222 50/8/223
f 85/9/224 61/12/225 65/96/129 88/119/169
f 88/119/172 65/96/144 70/104/143 92/122/173
f 92/122/226 70/104/141 63/7/227 86/6/228
f 62/2/134 51/1/120 59/88/229 67/101/230
f 67/101/135 59/88/117 55/87/114 71/102/137
f 71/102/231 55/87/232 50/8/113 63/7/140
f 1/21/21 49/81/105 53/84/108 4/22/22
f 4/22/233 53/84/234 58/91/235 8/25/236
f 8/29/26 58/90/121 51/1/1 2/4/4
f 61/12/126 14/11/50 20/44/47 64/94/127
f 64/97/237 20/40/238 16/37/239 68/98/240
f 68/98/131 16/37/43 13/3/3 62/2/2
f 25/53/241 73/106/242 49/81/243 1/21/244
o Stereo_camera_badge
v 0.009261 0.380000 0.138080
v 0.009261 0.382592 0.138080
v 0.009633 0.382592 0.138080
v 0.009633 0.380000 0.138080
v 0.008368 0.380000 0.138080
v 0.006635 0.381995 0.138080
v 0.006635 0.380000 0.138080
v 0.006285 0.380000 0.138080
v 0.006285 0.382592 0.138080
v 0.006582 0.382592 0.138080
v 0.008337 0.380585 0.138080
v 0.008337 0.382592 0.138080
v 0.008687 0.382592 0.138080
v 0.008687 0.380000 0.138080
v 0.005343 0.380000 0.138080
v 0.005343 0.382592 0.138080
v 0.005715 0.382592 0.138080
v 0.005715 0.380000 0.138080
v 0.004408 0.380000 0.138080
v 0.004408 0.382018 0.138080
v 0.004400 0.382018 0.138080
v 0.003602 0.381015 0.138080
v 0.003542 0.381015 0.138080
v 0.002744 0.382018 0.138080
v 0.002736 0.382018 0.138080
v 0.002736 0.380000 0.138080
v 0.002364 0.380000 0.138080
v 0.002364 0.382592 0.138080
v 0.002713 0.382592 0.138080
v 0.003572 0.381528 0.138080
v 0.004435 0.382592 0.138080
v 0.004780 0.382592 0.138080
v 0.004780 0.380000 0.138080
v 0.001022 0.380000 0.138080
v 0.000574 0.380000 0.138080
v -0.000308 0.381072 0.138080
v -0.001201 0.380000 0.138080
v -0.001653 0.380000 0.138080
v -0.000536 0.381341 0.138080
v -0.001573 0.382592 0.138080
v -0.001121 0.382592 0.138080
v -0.000308 0.381604 0.138080
v 0.000502 0.382592 0.138080
v 0.000950 0.382592 0.138080
v -0.000084 0.381341 0.138080
v -0.004271 0.382592 0.138080
v -0.004043 0.382578 0.138080
v -0.003837 0.382538 0.138080
v -0.003652 0.382475 0.138080
v -0.003488 0.382392 0.138080
v -0.003345 0.382290 0.138080
v -0.003222 0.382173 0.138080
v -0.003120 0.382043 0.138080
v -0.003037 0.381904 0.138080
v -0.002973 0.381756 0.138080
v -0.002927 0.381604 0.138080
v -0.002901 0.381450 0.138080
v -0.002892 0.381296 0.138080
v -0.002903 0.381131 0.138080
v -0.002934 0.380969 0.138080
v -0.002987 0.380813 0.138080
v -0.003058 0.380664 0.138080
v -0.003149 0.380526 0.138080
v -0.003259 0.380399 0.138080
v -0.003386 0.380285 0.138080
v -0.003531 0.380188 0.138080
v -0.003692 0.380109 0.138080
v -0.003869 0.380050 0.138080
v -0.004061 0.380013 0.138080
v -0.004267 0.380000 0.138080
v -0.005278 0.380000 0.138080
v -0.005278 0.382592 0.138080
v -0.004313 0.380334 0.138080
v -0.004115 0.380347 0.138080
v -0.003943 0.380383 0.138080
v -0.003795 0.380440 0.138080
v -0.003669 0.380513 0.138080
v -0.003564 0.380599 0.138080
v -0.003478 0.380695 0.138080
v -0.003410 0.380798 0.138080
v -0.003357 0.380905 0.138080
v -0.003319 0.381011 0.138080
v -0.003294 0.381114 0.138080
v -0.003280 0.381210 0.138080
v -0.003276 0.381296 0.138080
v -0.003283 0.381424 0.138080
v -0.003303 0.381548 0.138080
v -0.003339 0.381666 0.138080
v -0.003388 0.381776 0.138080
v -0.003452 0.381879 0.138080
v -0.003532 0.381972 0.138080
v -0.003626 0.382054 0.138080
v -0.003736 0.382124 0.138080
v -0.003861 0.382180 0.138080
v -0.004002 0.382222 0.138080
v -0.004159 0.382248 0.138080
v -0.004332 0.382257 0.138080
v -0.004906 0.382257 0.138080
v -0.004906 0.380334 0.138080
v -0.006810 0.382257 0.138080
v -0.006810 0.381474 0.138080
v -0.005749 0.381474 0.138080
v -0.005749 0.381140 0.138080
v -0.006810 0.381140 0.138080
v -0.006810 0.380334 0.138080
v -0.005677 0.380334 0.138080
v -0.005677 0.380000 0.138080
v -0.007182 0.380000 0.138080
v -0.007182 0.382592 0.138080
v -0.005711 0.382592 0.138080
v -0.005711 0.382257 0.138080
v -0.009758 0.382592 0.138080
v -0.007524 0.382592 0.138080
v -0.009173 0.380334 0.138080
v -0.007524 0.380334 0.138080
v -0.007524 0.380000 0.138080
v -0.009861 0.380000 0.138080
v -0.008212 0.382257 0.138080
v -0.009758 0.382257 0.138080
v 0.009261 0.380000 0.137920
v 0.009261 0.382592 0.137920
v 0.009633 0.382592 0.137920
v 0.009633 0.380000 0.137920
v 0.008368 0.380000 0.137920
v 0.006635 0.381995 0.137920
v 0.006635 0.380000 0.137920
v 0.006285 0.380000 0.137920
v 0.006285 0.382592 0.137920
v 0.006582 0.382592 0.137920
v 0.008337 0.380585 0.137920
v 0.008337 0.382592 0.137920
v 0.008687 0.382592 0.137920
v 0.008687 0.380000 0.137920
v 0.005343 0.380000 0.137920
v 0.005343 0.382592 0.137920
v 0.005715 0.382592 0.137920
v 0.005715 0.380000 0.137920
v 0.004408 0.380000 0.137920
v 0.004408 0.382018 0.137920
v 0.004400 0.382018 0.137920
v 0.003602 0.381015 0.137920
v 0.003542 0.381015 0.137920
v 0.002744 0.382018 0.137920
v 0.002736 0.382018 0.137920
v 0.002736 0.380000 0.137920
v 0.002364 0.380000 0.137920
v 0.002364 0.382592 0.137920
v 0.002713 0.382592 0.137920
v 0.003572 0.381528 0.137920
v 0.004435 0.382592 0.137920
v 0.004780 0.382592 0.137920
v 0.004780 0.380000 0.137920
v 0.001022 0.380000 0.137920
v 0.000574 0.380000 0.137920
v -0.000308 0.381072 0.137920
v -0.001201 0.380000 0.137920
v -0.001653 0.380000 0.137920
v -0.000536 0.381341 0.137920
v -0.001573 0.382592 0.137920
v -0.001121 0.382592 0.137920
v -0.000308 0.381604 0.137920
v 0.000502 0.382592 0.137920
v 0.000950 0.382592 0.137920
v -0.000084 0.381341 0.137920
v -0.004271 0.382592 0.137920
v -0.004043 0.382578 0.137920
v -0.003837 0.382538 0.137920
v -0.003652 0.382475 0.137920
v -0.003488 0.382392 0.137920
v -0.003345 0.382290 0.137920
v -0.003222 0.382173 0.137920
v -0.003120 0.382043 0.137920
v -0.003037 0.381904 0.137920
v -0.002973 0.381756 0.137920
v -0.002927 0.381604 0.137920
v -0.002901 0.381450 0.137920
v -0.002892 0.381296 0.137920
v -0.002903 0.381131 0.137920
v -0.002934 0.380969 0.137920
v -0.002987 0.380813 0.137920
v -0.003058 0.380664 0.137920
v -0.003149 0.380526 0.137920
v -0.003259 0.380399 0.137920
v -0.003386 0.380285 0.137920
v -0.003531 0.380188 0.137920
v -0.003692 0.380109 0.137920
v -0.003869 0.380050 0.137920
v -0.004061 0.380013 0.137920
v -0.004267 0.380000 0.137920
v -0.005278 0.380000 0.137920
v -0.005278 0.382592 0.137920
v -0.004313 0.380334 0.137920
v -0.004115 0.380347 0.137920
v -0.003943 0.380383 0.137920
v -0.003795 0.380440 0.137920
v -0.003669 0.380513 0.137920
v -0.003564 0.380599 0.137920
v -0.003478 0.380695 0.137920
v -0.003410 0.380798 0.137920
v -0.003357 0.380905 0.137920
v -0.003319 0.381011 0.137920
v -0.003294 0.381114 0.137920
v -0.003280 0.381210 0.137920
v -0.003276 0.381296 0.137920
v -0.003283 0.381424 0.137920
v -0.003303 0.381548 0.137920
v -0.003339 0.381666 0.137920
v -0.003388 0.381776 0.137920
v -0.003452 0.381879 0.137920
v -0.003532 0.381972 0.137920
v -0.003626 0.382054 0.137920
v -0.003736 0.382124 0.137920
v -0.003861 0.382180 0.137920
v -0.004002 0.382222 0.137920
v -0.004159 0.382248 0.137920
v -0.004332 0.382257 0.137920
v -0.004906 0.382257 0.137920
v -0.004906 0.380334 0.137920
v -0.006810 0.382257 0.137920
v -0.006810 0.381474 0.137920
v -0.005749 0.381474 0.137920
v -0.005749 0.381140 0.137920
v -0.006810 0.381140 0.137920
v -0.006810 0.380334 0.137920
v -0.005677 0.380334 0.137920
v -0.005677 0.380000 0.137920
v -0.007182 0.380000 0.137920
v -0.007182 0.382592 0.137920
v -0.005711 0.382592 0.137920
v -0.005711 0.382257 0.137920
v -0.009758 0.382592 0.137920
v -0.007524 0.382592 0.137920
v -0.009173 0.380334 0.137920
v -0.007524 0.380334 0.137920
v -0.007524 0.380000 0.137920
v -0.009861 0.380000 0.137920
v -0.008212 0.382257 0.137920
v -0.009758 0.382257 0.137920
v -0.009758 0.382592 0.137920
v -0.009758 0.382592 0.138080
v -0.007524 0.382592 0.137920
v -0.007524 0.382592 0.138080
v -0.009173 0.380334 0.137920
v -0.009173 0.380334 0.138080
v -0.007524 0.380334 0.137920
v -0.007524 0.380334 0.138080
v -0.007524 0.380000 0.137920
v -0.007524 0.380000 0.138080
v -0.009861 0.380000 0.137920
v -0.009861 0.380000 0.138080
v -0.008212 0.382257 0.137920
v -0.008212 0.382257 0.138080
v -0.009758 0.382257 0.137920
v -0.009758 0.382257 0.138080
v -0.006810 0.382257 0.137920
v -0.006810 0.382257 0.138080
v -0.006810 0.381474 0.137920
v -0.006810 0.381474 0.138080
v -0.005749 0.381474 0.137920
v -0.005749 0.381474 0.138080
v -0.005749 0.381140 0.137920
v -0.005749 0.381140 0.138080
v -0.006810 0.381140 0.137920
v -0.006810 0.381140 0.138080
v -0.006810 0.380334 0.137920
v -0.006810 0.380334 0.138080
v -0.005677 0.380334 0.137920
v -0.005677 0.380334 0.138080
v -0.005677 0.380000 0.137920
v -0.005677 0.380000 0.138080
v -0.007182 0.380000 0.137920
v -0.007182 0.380000 0.138080
v -0.007182 0.382592 0.137920
v -0.007182 0.382592 0.138080
v -0.005711 0.382592 0.137920
v -0.005711 0.382592 0.138080
v -0.005711 0.382257 0.137920
v -0.005711 0.382257 0.138080
v -0.004271 0.382592 0.137920
v -0.004271 0.382592 0.138080
v -0.004043 0.382578 0.137920
v -0.004043 0.382578 0.138080
v -0.003837 0.382538 0.137920
v -0.003837 0.382538 0.138080
v -0.003652 0.382475 0.137920
v -0.003652 0.382475 0.138080
v -0.003488 0.382392 0.137920
v -0.003488 0.382392 0.138080
v -0.003345 0.382290 0.137920
v -0.003345 0.382290 0.138080
v -0.003222 0.382173 0.137920
v -0.003222 0.382173 0.138080
v -0.003120 0.382043 0.137920
v -0.003120 0.382043 0.138080
v -0.003037 0.381904 0.137920
v -0.003037 0.381904 0.138080
v -0.002973 0.381756 0.137920
v -0.002973 0.381756 0.138080
v -0.002927 0.381604 0.137920
v -0.002927 0.381604 0.138080
v -0.002901 0.381450 0.137920
v -0.002901 0.381450 0.138080
v -0.002892 0.381296 0.137920
v -0.002892 0.381296 0.138080
v -0.002903 0.381131 0.137920
v -0.002903 0.381131 0.138080
v -0.002934 0.380969 0.137920
v -0.002934 0.380969 0.138080
v -0.002987 0.380813 0.137920
v -0.002987 0.380813 0.138080
v -0.003058 0.380664 0.137920
v -0.003058 0.380664 0.138080
v -0.003149 0.380526 0.137920
v -0.003149 0.380526 0.138080
v -0.003259 0.380399 0.137920
v -0.003259 0.380399 0.138080
v -0.003386 0.380285 0.137920
v -0.003386 0.380285 0.138080
v -0.003531 0.380188 0.137920
v -0.003531 0.380188 0.138080
v -0.003692 0.380109 0.137920
v -0.003692 0.380109 0.138080
v -0.003869 0.380050 0.137920
v -0.003869 0.380050 0.138080
v -0.004061 0.380013 0.137920
v -0.004061 0.380013 0.138080
v -0.004267 0.380000 0.137920
v -0.004267 0.380000 0.138080
v -0.005278 0.380000 0.137920
v -0.005278 0.380000 0.138080
v -0.005278 0.382592 0.137920
v -0.005278 0.382592 0.138080
v -0.004313 0.380334 0.137920
v -0.004313 0.380334 0.138080
v -0.004115 0.380347 0.137920
v -0.004115 0.380347 0.138080
v -0.003943 0.380383 0.137920
v -0.003943 0.380383 0.138080
v -0.003795 0.380440 0.137920
v -0.003795 0.380440 0.138080
v -0.003669 0.380513 0.137920
v -0.003669 0.380513 0.138080
v -0.003564 0.380599 0.137920
v -0.003564 0.380599 0.138080
v -0.003478 0.380695 0.137920
v -0.003478 0.380695 0.138080
v -0.003410 0.380798 0.137920
v -0.003410 0.380798 0.138080
v -0.003357 0.380905 0.137920
v -0.003357 0.380905 0.138080
v -0.003319 0.381011 0.137920
v -0.003319 0.381011 0.138080
v -0.003294 0.381114 0.137920
v -0.003294 0.381114 0.138080
v -0.003280 0.381210 0.137920
v -0.003280 0.381210 0.138080
v -0.003276 0.381296 0.137920
v -0.003276 0.381296 0.138080
v -0.003283 0.381424 0.137920
v -0.003283 0.381424 0.138080
v -0.003303 0.381548 0.137920
v -0.003303 0.381548 0.138080
v -0.003339 0.381666 0.137920
v -0.003339 0.381666 0.138080
v -0.003388 0.381776 0.137920
v -0.003388 0.381776 0.138080
v -0.003452 0.381879 0.137920
v -0.003452 0.381879 0.138080
v -0.003532 0.381972 0.137920
v -0.003532 0.381972 0.138080
v -0.003626 0.382054 0.137920
v -0.003626 0.382054 0.138080
v -0.003736 0.382124 0.137920
v -0.003736 0.382124 0.138080
v -0.003861 0.382180 0.137920
v -0.003861 0.382180 0.138080
v -0.004002 0.382222 0.137920
v -0.004002 0.382222 0.138080
v -0.004159 0.382248 0.137920
v -0.004159 0.382248 0.138080
v -0.004332 0.382257 0.137920
v -0.004332 0.382257 0.138080
v -0.004906 0.382257 0.137920
v -0.004906 0.382257 0.138080
v -0.004906 0.380334 0.137920
v -0.004906 0.380334 0.138080
v 0.001022 0.380000 0.137920
v 0.001022 0.380000 0.138080
v 0.000574 0.380000 0.137920
v 0.000574 0.380000 0.138080
v -0.000308 0.381072 0.137920
v -0.000308 0.381072 0.138080
v -0.001201 0.380000 0.137920
v -0.001201 0.380000 0.138080
v -0.001653 0.380000 0.137920
v -0.001653 0.380000 0.138080
v -0.000536 0.381341 0.137920
v -0.000536 0.381341 0.138080
v -0.001573 0.382592 0.137920
v -0.001573 0.382592 0.138080
v -0.001121 0.382592 0.137920
v -0.001121 0.382592 0.138080
v -0.000308 0.381604 0.137920
v -0.000308 0.381604 0.138080
v 0.000502 0.382592 0.137920
v 0.000502 0.382592 0.138080
v 0.000950 0.382592 0.137920
v 0.000950 0.382592 0.138080
v -0.000084 0.381341 0.137920
v -0.000084 0.381341 0.138080
v 0.004408 0.380000 0.137920
v 0.004408 0.380000 0.138080
v 0.004408 0.382018 0.137920
v 0.004408 0.382018 0.138080
v 0.004400 0.382018 0.137920
v 0.004400 0.382018 0.138080
v 0.003602 0.381015 0.137920
v 0.003602 0.381015 0.138080
v 0.003542 0.381015 0.137920
v 0.003542 0.381015 0.138080
v 0.002744 0.382018 0.137920
v 0.002744 0.382018 0.138080
v 0.002736 0.382018 0.137920
v 0.002736 0.382018 0.138080
v 0.002736 0.380000 0.137920
v 0.002736 0.380000 0.138080
v 0.002364 0.380000 0.137920
v 0.002364 0.380000 0.138080
v 0.002364 0.382592 0.137920
v 0.002364 0.382592 0.138080
v 0.002713 0.382592 0.137920
v 0.002713 0.382592 0.138080
v 0.003572 0.381528 0.137920
v 0.003572 0.381528 0.138080
v 0.004435 0.382592 0.137920
v 0.004435 0.382592 0.138080
v 0.004780 0.382592 0.137920
v 0.004780 0.382592 0.138080
v 0.004780 0.380000 0.137920
v 0.004780 0.380000 0.138080
v 0.005343 0.380000 0.137920
v 0.005343 0.380000 0.138080
v 0.005343 0.382592 0.137920
v 0.005343 0.382592 0.138080
v 0.005715 0.382592 0.137920
v 0.005715 0.382592 0.138080
v 0.005715 0.380000 0.137920
v 0.005715 0.380000 0.138080
v 0.008368 0.380000 0.137920
v 0.008368 0.380000 0.138080
v 0.006635 0.381995 0.137920
v 0.006635 0.381995 0.138080
v 0.006635 0.380000 0.137920
v 0.006635 0.380000 0.138080
v 0.006285 0.380000 0.137920
v 0.006285 0.380000 0.138080
v 0.006285 0.382592 0.137920
v 0.006285 0.382592 0.138080
v 0.006582 0.382592 0.137920
v 0.006582 0.382592 0.138080
v 0.008337 0.380585 0.137920
v 0.008337 0.380585 0.138080
v 0.008337 0.382592 0.137920
v 0.008337 0.382592 0.138080
v 0.008687 0.382592 0.137920
v 0.008687 0.382592 0.138080
v 0.008687 0.380000 0.137920
v 0.008687 0.380000 0.138080
v 0.009261 0.380000 0.137920
v 0.009261 0.380000 0.138080
v 0.009261 0.382592 0.137920
v 0.009261 0.382592 0.138080
v 0.009633 0.382592 0.137920
v 0.009633 0.382592 0.138080
v 0.009633 0.380000 0.137920
v 0.009633 0.380000 0.138080
vn -0.0000 -0.0000 1.0000
vn -0.0000 -0.0000 -1.0000
vn -0.7071 0.7071 -0.0000
vn 0.8916 0.4528 -0.0000
vn 0.7071 0.7071 -0.0000
vn 0.7071 -0.7071 -0.0000
vn -0.8916 -0.4528 -0.0000
vn -0.7071 -0.7071 -0.0000
vn 0.0302 0.9995 -0.0000
vn 0.1249 0.9922 -0.0000
vn 0.2562 0.9666 -0.0000
vn 0.3895 0.9210 -0.0000
vn 0.5182 0.8552 -0.0000
vn 0.6363 0.7715 -0.0000
vn 0.7389 0.6739 -0.0000
vn 0.8236 0.5671 -0.0000
vn 0.8902 0.4556 -0.0000
vn 0.9397 0.3421 -0.0000
vn 0.9736 0.2283 -0.0000
vn 0.9934 0.1145 -0.0000
vn 1.0000 -0.0037 -0.0000
vn 0.9916 -0.1291 -0.0000
vn 0.9668 -0.2555 -0.0000
vn 0.9261 -0.3773 -0.0000
vn 0.8699 -0.4933 -0.0000
vn 0.7985 -0.6021 -0.0000
vn 0.7124 -0.7018 -0.0000
vn 0.6126 -0.7904 -0.0000
vn 0.5010 -0.8654 -0.0000
vn 0.3802 -0.9249 -0.0000
vn 0.2537 -0.9673 -0.0000
vn 0.1257 -0.9921 -0.0000
vn 0.0309 -0.9995 -0.0000
vn -0.0324 0.9995 -0.0000
vn -0.1357 0.9908 -0.0000
vn -0.2813 0.9596 -0.0000
vn -0.4297 0.9030 -0.0000
vn -0.5699 0.8217 -0.0000
vn -0.6923 0.7216 -0.0000
vn -0.7915 0.6112 -0.0000
vn -0.8666 0.4989 -0.0000
vn -0.9207 0.3903 -0.0000
vn -0.9577 0.2879 -0.0000
vn -0.9816 0.1911 -0.0000
vn -0.9953 0.0970 -0.0000
vn -1.0000 -0.0020 -0.0000
vn -0.9939 -0.1105 -0.0000
vn -0.9740 -0.2267 -0.0000
vn -0.9375 -0.3479 -0.0000
vn -0.8820 -0.4712 -0.0000
vn -0.8062 -0.5917 -0.0000
vn -0.7106 -0.7036 -0.0000
vn -0.5986 -0.8010 -0.0000
vn -0.4759 -0.8795 -0.0000
vn -0.3492 -0.9370 -0.0000
vn -0.2250 -0.9744 -0.0000
vn -0.1080 -0.9942 -0.0000
vn -0.0259 -0.9997 -0.0000
vn 0.9045 -0.4266 -0.0000
vn -0.4270 -0.9042 -0.0000
vn -0.0032 -1.0000 -0.0000
vn 0.4242 -0.9056 -0.0000
vn -0.9055 -0.4243 -0.0000
vn -1.0000 0.0009 -0.0000
vn -0.9051 0.4251 -0.0000
vn 0.4269 0.9043 -0.0000
vn -0.0011 1.0000 -0.0000
vn -0.4279 0.9038 -0.0000
vn 0.9048 0.4259 -0.0000
vn 1.0000 -0.0007 -0.0000
vn 0.4344 -0.9007 -0.0000
vn -0.4344 -0.9007 -0.0000
vn 0.4312 0.9022 -0.0000
vn 0.0011 1.0000 -0.0000
vn -0.4303 0.9027 -0.0000
vn -0.4149 -0.9099 -0.0000
vn 0.3500 -0.9367 -0.0000
vn 0.4132 0.9106 -0.0000
vn -0.3517 0.9361 -0.0000
vt 0.000000 0.000000
vt 0.666667 0.000000
vt 0.333333 0.000000
vt 1.000000 0.000000
vt 0.555556 0.000000
vt 0.444444 0.000000
vt 0.111111 0.000000
vt 0.888889 0.000000
vt 0.777778 0.000000
vt 0.222222 0.000000
vt 0.571429 0.000000
vt 0.714286 0.000000
vt 0.642857 0.000000
vt 0.428571 0.000000
vt 0.357143 0.000000
vt 0.785714 0.000000
vt 0.928571 0.000000
vt 0.857143 0.000000
vt 0.142857 0.000000
vt 0.071429 0.000000
vt 0.500000 0.000000
vt 0.285714 0.000000
vt 0.214286 0.000000
vt 0.454545 0.000000
vt 0.636364 0.000000
vt 0.545455 0.000000
vt 0.727273 0.000000
vt 0.909091 0.000000
vt 0.818182 0.000000
vt 0.363636 0.000000
vt 0.181818 0.000000
vt 0.272727 0.000000
vt 0.090909 0.000000
vt 0.471698 0.000000
vt 0.981132 0.000000
vt 0.490566 0.000000
vt 0.018868 0.000000
vt 0.037736 0.000000
vt 0.056604 0.000000
vt 0.075472 0.000000
vt 0.094340 0.000000
vt 0.962264 0.000000
vt 0.943396 0.000000
vt 0.113208 0.000000
vt 0.924528 0.000000
vt 0.905660 0.000000
vt 0.886792 0.000000
vt 0.132075 0.000000
vt 0.867925 0.000000
vt 0.849057 0.000000
vt 0.150943 0.000000
vt 0.830189 0.000000
vt 0.169811 0.000000
vt 0.811321 0.000000
vt 0.792453 0.000000
vt 0.188679 0.000000
vt 0.773585 0.000000
vt 0.207547 0.000000
vt 0.754717 0.000000
vt 0.226415 0.000000
vt 0.735849 0.000000
vt 0.716981 0.000000
vt 0.245283 0.000000
vt 0.698113 0.000000
vt 0.264151 0.000000
vt 0.679245 0.000000
vt 0.660377 0.000000
vt 0.283019 0.000000
vt 0.641509 0.000000
vt 0.301887 0.000000
vt 0.622642 0.000000
vt 0.603774 0.000000
vt 0.320755 0.000000
vt 0.584906 0.000000
vt 0.339623 0.000000
vt 0.566038 0.000000
vt 0.547170 0.000000
vt 0.358491 0.000000
vt 0.528302 0.000000
vt 0.509434 0.000000
vt 0.377358 0.000000
vt 0.396226 0.000000
vt 0.415094 0.000000
vt 0.433962 0.000000
vt 0.452830 0.000000
vt 0.000000 1.000000
vt 0.125000 1.000000
vt 0.125000 0.000000
vt 0.250000 1.000000
vt 0.250000 0.000000
vt 0.375000 1.000000
vt 0.375000 0.000000
vt 0.500000 1.000000
vt 0.625000 1.000000
vt 0.625000 0.000000
vt 0.750000 1.000000
vt 0.750000 0.000000
vt 0.875000 1.000000
vt 0.875000 0.000000
vt 1.000000 1.000000
vt 0.083333 1.000000
vt 0.083333 0.000000
vt 0.166667 1.000000
vt 0.166667 0.000000
vt 0.333333 1.000000
vt 0.416667 1.000000
vt 0.416667 0.000000
vt 0.583333 1.000000
vt 0.583333 0.000000
vt 0.666667 1.000000
vt 0.833333 1.000000
vt 0.833333 0.000000
vt 0.916667 1.000000
vt 0.916667 0.000000
vt 0.037037 1.000000
vt 0.037037 0.000000
vt 0.074074 1.000000
vt 0.074074 0.000000
vt 0.111111 1.000000
vt 0.148148 1.000000
vt 0.148148 0.000000
vt 0.185185 1.000000
vt 0.185185 0.000000
vt 0.222222 1.000000
vt 0.259259 1.000000
vt 0.259259 0.000000
vt 0.296296 1.000000
vt 0.296296 0.000000
vt 0.370370 1.000000
vt 0.370370 0.000000
vt 0.407407 1.000000
vt 0.407407 0.000000
vt 0.444444 1.000000
vt 0.481481 1.000000
vt 0.481481 0.000000
vt 0.518519 1.000000
vt 0.518519 0.000000
vt 0.555556 1.000000
vt 0.592593 1.000000
vt 0.592593 0.000000
vt 0.629630 1.000000
vt 0.629630 0.000000
vt 0.703704 1.000000
vt 0.703704 0.000000
vt 0.740741 1.000000
vt 0.740741 0.000000
vt 0.777778 1.000000
vt 0.814815 1.000000
vt 0.814815 0.000000
vt 0.851852 1.000000
vt 0.851852 0.000000
vt 0.888889 1.000000
vt 0.925926 1.000000
vt 0.925926 0.000000
vt 0.962963 1.000000
vt 0.962963 0.000000
vt 0.066667 1.000000
vt 0.066667 0.000000
vt 0.133333 1.000000
vt 0.133333 0.000000
vt 0.200000 1.000000
vt 0.200000 0.000000
vt 0.266667 1.000000
vt 0.266667 0.000000
vt 0.400000 1.000000
vt 0.400000 0.000000
vt 0.466667 1.000000
vt 0.466667 0.000000
vt 0.533333 1.000000
vt 0.533333 0.000000
vt 0.600000 1.000000
vt 0.600000 0.000000
vt 0.733333 1.000000
vt 0.733333 0.000000
vt 0.800000 1.000000
vt 0.800000 0.000000
vt 0.866667 1.000000
vt 0.866667 0.000000
vt 0.933333 1.000000
vt 0.933333 0.000000
vt 0.100000 1.000000
vt 0.100000 0.000000
vt 0.300000 1.000000
vt 0.300000 0.000000
vt 0.700000 1.000000
vt 0.700000 0.000000
vt 0.900000 1.000000
vt 0.900000 0.000000
s 0
usemtl Warm_white_markings
f 97/132/245 99/133/245 98/134/245
f 97/132/245 100/135/245 99/133/245
f 104/134/245 106/136/245 105/137/245
f 104/134/245 102/138/245 106/136/245
f 102/138/245 107/133/245 106/136/245
f 107/133/245 109/139/245 108/140/245
f 107/133/245 110/135/245 109/139/245
f 104/134/245 103/141/245 102/138/245
f 101/132/245 107/133/245 102/138/245
f 101/132/245 110/135/245 107/133/245
f 111/132/245 113/133/245 112/134/245
f 111/132/245 114/135/245 113/133/245
f 123/142/245 125/143/245 124/144/245
f 123/142/245 121/145/245 125/143/245
f 121/145/245 120/146/245 125/143/245
f 120/146/245 126/147/245 125/143/245
f 126/147/245 128/148/245 127/149/245
f 126/147/245 117/150/245 128/148/245
f 117/150/245 116/151/245 128/148/245
f 116/151/245 129/135/245 128/148/245
f 123/142/245 122/152/245 121/145/245
f 119/153/245 126/147/245 120/146/245
f 126/147/245 118/154/245 117/150/245
f 115/132/245 129/135/245 116/151/245
f 119/153/245 118/154/245 126/147/245
f 135/155/245 137/156/245 136/157/245
f 135/155/245 138/158/245 137/156/245
f 138/158/245 140/159/245 139/160/245
f 138/158/245 141/135/245 140/159/245
f 135/155/245 141/135/245 138/158/245
f 134/161/245 141/135/245 135/155/245
f 134/161/245 132/162/245 141/135/245
f 132/162/245 130/132/245 141/135/245
f 134/161/245 133/163/245 132/162/245
f 131/164/245 130/132/245 132/162/245
f 167/165/245 194/166/245 168/167/245
f 194/166/245 142/132/245 168/167/245
f 194/166/245 143/168/245 142/132/245
f 194/166/245 144/169/245 143/168/245
f 194/166/245 145/170/245 144/169/245
f 194/166/245 146/171/245 145/170/245
f 194/166/245 147/172/245 146/171/245
f 194/166/245 193/173/245 147/172/245
f 193/173/245 192/174/245 147/172/245
f 192/174/245 148/175/245 147/172/245
f 167/165/245 195/135/245 194/166/245
f 191/176/245 148/175/245 192/174/245
f 190/177/245 148/175/245 191/176/245
f 189/178/245 148/175/245 190/177/245
f 189/178/245 149/179/245 148/175/245
f 188/180/245 149/179/245 189/178/245
f 187/181/245 149/179/245 188/180/245
f 187/181/245 150/182/245 149/179/245
f 186/183/245 150/182/245 187/181/245
f 186/183/245 151/184/245 150/182/245
f 185/185/245 151/184/245 186/183/245
f 184/186/245 151/184/245 185/185/245
f 184/186/245 152/187/245 151/184/245
f 183/188/245 152/187/245 184/186/245
f 183/188/245 153/189/245 152/187/245
f 182/190/245 153/189/245 183/188/245
f 182/190/245 154/191/245 153/189/245
f 181/192/245 154/191/245 182/190/245
f 180/193/245 154/191/245 181/192/245
f 180/193/245 155/194/245 154/191/245
f 179/195/245 155/194/245 180/193/245
f 179/195/245 156/196/245 155/194/245
f 178/197/245 156/196/245 179/195/245
f 177/198/245 156/196/245 178/197/245
f 177/198/245 157/199/245 156/196/245
f 176/200/245 157/199/245 177/198/245
f 176/200/245 158/201/245 157/199/245
f 175/202/245 158/201/245 176/200/245
f 174/203/245 158/201/245 175/202/245
f 174/203/245 159/204/245 158/201/245
f 173/205/245 159/204/245 174/203/245
f 173/205/245 160/206/245 159/204/245
f 172/207/245 160/206/245 173/205/245
f 171/208/245 160/206/245 172/207/245
f 171/208/245 161/209/245 160/206/245
f 170/210/245 161/209/245 171/208/245
f 169/211/245 161/209/245 170/210/245
f 167/165/245 169/211/245 195/135/245
f 167/165/245 161/209/245 169/211/245
f 167/165/245 162/212/245 161/209/245
f 167/165/245 163/213/245 162/212/245
f 167/165/245 164/214/245 163/213/245
f 167/165/245 165/215/245 164/214/245
f 167/165/245 166/216/245 165/215/245
f 204/158/245 196/132/245 205/160/245
f 196/132/245 206/159/245 205/160/245
f 196/132/245 207/135/245 206/159/245
f 204/158/245 197/164/245 196/132/245
f 204/158/245 200/161/245 197/164/245
f 200/161/245 198/162/245 197/164/245
f 200/161/245 199/163/245 198/162/245
f 204/158/245 201/155/245 200/161/245
f 204/158/245 202/157/245 201/155/245
f 204/158/245 203/156/245 202/157/245
f 215/135/245 209/150/245 208/132/245
f 215/135/245 214/149/245 209/150/245
f 214/149/245 210/153/245 209/150/245
f 213/143/245 210/153/245 214/149/245
f 213/143/245 211/145/245 210/153/245
f 213/143/245 212/142/245 211/145/245
f 216/132/246 217/134/246 218/133/246
f 216/132/246 218/133/246 219/135/246
f 223/134/246 224/137/246 225/136/246
f 223/134/246 225/136/246 221/138/246
f 221/138/246 225/136/246 226/133/246
f 226/133/246 227/140/246 228/139/246
f 226/133/246 228/139/246 229/135/246
f 223/134/246 221/138/246 222/141/246
f 220/132/246 221/138/246 226/133/246
f 220/132/246 226/133/246 229/135/246
f 230/132/246 231/134/246 232/133/246
f 230/132/246 232/133/246 233/135/246
f 242/142/246 243/144/246 244/143/246
f 242/142/246 244/143/246 240/145/246
f 240/145/246 244/143/246 239/146/246
f 239/146/246 244/143/246 245/147/246
f 245/147/246 246/149/246 247/148/246
f 245/147/246 247/148/246 236/150/246
f 236/150/246 247/148/246 235/151/246
f 235/151/246 247/148/246 248/135/246
f 242/142/246 240/145/246 241/152/246
f 238/153/246 239/146/246 245/147/246
f 245/147/246 236/150/246 237/154/246
f 234/132/246 235/151/246 248/135/246
f 238/153/246 245/147/246 237/154/246
f 254/155/246 255/157/246 256/156/246
f 254/155/246 256/156/246 257/158/246
f 257/158/246 258/160/246 259/159/246
f 257/158/246 259/159/246 260/135/246
f 254/155/246 257/158/246 260/135/246
f 253/161/246 254/155/246 260/135/246
f 253/161/246 260/135/246 251/162/246
f 251/162/246 260/135/246 249/132/246
f 253/161/246 251/162/246 252/163/246
f 250/164/246 251/162/246 249/132/246
f 286/165/246 287/167/246 313/166/246
f 313/166/246 287/167/246 261/132/246
f 313/166/246 261/132/246 262/168/246
f 313/166/246 262/168/246 263/169/246
f 313/166/246 263/169/246 264/170/246
f 313/166/246 264/170/246 265/171/246
f 313/166/246 265/171/246 266/172/246
f 313/166/246 266/172/246 312/173/246
f 312/173/246 266/172/246 311/174/246
f 311/174/246 266/172/246 267/175/246
f 286/165/246 313/166/246 314/135/246
f 310/176/246 311/174/246 267/175/246
f 309/177/246 310/176/246 267/175/246
f 308/178/246 309/177/246 267/175/246
f 308/178/246 267/175/246 268/179/246
f 307/180/246 308/178/246 268/179/246
f 306/181/246 307/180/246 268/179/246
f 306/181/246 268/179/246 269/182/246
f 305/183/246 306/181/246 269/182/246
f 305/183/246 269/182/246 270/184/246
f 304/185/246 305/183/246 270/184/246
f 303/186/246 304/185/246 270/184/246
f 303/186/246 270/184/246 271/187/246
f 302/188/246 303/186/246 271/187/246
f 302/188/246 271/187/246 272/189/246
f 301/190/246 302/188/246 272/189/246
f 301/190/246 272/189/246 273/191/246
f 300/192/246 301/190/246 273/191/246
f 299/193/246 300/192/246 273/191/246
f 299/193/246 273/191/246 274/194/246
f 298/195/246 299/193/246 274/194/246
f 298/195/246 274/194/246 275/196/246
f 297/197/246 298/195/246 275/196/246
f 296/198/246 297/197/246 275/196/246
f 296/198/246 275/196/246 276/199/246
f 295/200/246 296/198/246 276/199/246
f 295/200/246 276/199/246 277/201/246
f 294/202/246 295/200/246 277/201/246
f 293/203/246 294/202/246 277/201/246
f 293/203/246 277/201/246 278/204/246
f 292/205/246 293/203/246 278/204/246
f 292/205/246 278/204/246 279/206/246
f 291/207/246 292/205/246 279/206/246
f 290/208/246 291/207/246 279/206/246
f 290/208/246 279/206/246 280/209/246
f 289/210/246 290/208/246 280/209/246
f 288/211/246 289/210/246 280/209/246
f 286/165/246 314/135/246 288/211/246
f 286/165/246 288/211/246 280/209/246
f 286/165/246 280/209/246 281/212/246
f 286/165/246 281/212/246 282/213/246
f 286/165/246 282/213/246 283/214/246
f 286/165/246 283/214/246 284/215/246
f 286/165/246 284/215/246 285/216/246
f 323/158/246 324/160/246 315/132/246
f 315/132/246 324/160/246 325/159/246
f 315/132/246 325/159/246 326/135/246
f 323/158/246 315/132/246 316/164/246
f 323/158/246 316/164/246 319/161/246
f 319/161/246 316/164/246 317/162/246
f 319/161/246 317/162/246 318/163/246
f 323/158/246 319/161/246 320/155/246
f 323/158/246 320/155/246 321/157/246
f 323/158/246 321/157/246 322/156/246
f 334/135/246 327/132/246 328/150/246
f 334/135/246 328/150/246 333/149/246
f 333/149/246 328/150/246 329/153/246
f 332/143/246 333/149/246 329/153/246
f 332/143/246 329/153/246 330/145/246
f 332/143/246 330/145/246 331/142/246
s 1
f 336/217/247 338/218/248 337/219/248 335/132/247
f 338/218/248 340/220/248 339/221/248 337/219/248
f 340/220/248 342/222/249 341/223/249 339/221/248
f 342/222/249 344/224/250 343/152/250 341/223/249
f 344/224/250 346/225/251 345/226/251 343/152/250
f 346/225/251 348/227/251 347/228/251 345/226/251
f 348/227/251 350/229/252 349/230/252 347/228/251
f 350/229/252 336/231/247 335/135/247 349/230/252
f 352/217/250 354/232/249 353/233/249 351/132/250
f 354/232/249 356/234/249 355/235/249 353/233/249
f 356/234/249 358/220/250 357/221/250 355/235/249
f 358/220/250 360/236/250 359/134/250 357/221/250
f 360/236/250 362/237/249 361/238/249 359/134/250
f 362/237/249 364/224/249 363/152/249 361/238/249
f 364/224/249 366/239/250 365/240/250 363/152/249
f 366/239/250 368/241/252 367/133/252 365/240/250
f 368/241/252 370/227/247 369/228/247 367/133/252
f 370/227/247 372/242/249 371/243/249 369/228/247
f 372/242/249 374/244/250 373/245/250 371/243/249
f 374/244/250 352/231/250 351/135/250 373/245/250
f 376/217/253 378/246/254 377/247/254 375/132/253
f 378/246/254 380/248/255 379/249/255 377/247/254
f 380/248/255 382/250/256 381/138/256 379/249/255
f 382/250/256 384/251/257 383/252/257 381/138/256
f 384/251/257 386/253/258 385/254/258 383/252/257
f 386/253/258 388/255/259 387/141/259 385/254/258
f 388/255/259 390/256/260 389/257/260 387/141/259
f 390/256/260 392/258/261 391/259/261 389/257/260
f 392/258/261 394/236/262 393/134/262 391/259/261
f 394/236/262 396/260/263 395/261/263 393/134/262
f 396/260/263 398/262/264 397/263/264 395/261/263
f 398/262/264 400/264/265 399/137/265 397/263/264
f 400/264/265 402/265/266 401/266/266 399/137/265
f 402/265/266 404/267/267 403/268/267 401/266/266
f 404/267/267 406/269/268 405/136/268 403/268/267
f 406/269/268 408/270/269 407/271/269 405/136/268
f 408/270/269 410/272/270 409/273/270 407/271/269
f 410/272/270 412/241/271 411/133/271 409/273/270
f 412/241/271 414/274/272 413/275/272 411/133/271
f 414/274/272 416/276/273 415/277/273 413/275/272
f 416/276/273 418/278/274 417/140/274 415/277/273
f 418/278/274 420/279/275 419/280/275 417/140/274
f 420/279/275 422/281/276 421/282/276 419/280/275
f 422/281/276 424/283/277 423/139/277 421/282/276
f 424/283/277 426/284/252 425/285/252 423/139/277
f 426/284/252 428/286/247 427/287/247 425/285/252
f 428/286/247 376/231/253 375/135/253 427/287/247
f 430/217/278 432/246/279 431/247/279 429/132/278
f 432/246/279 434/248/280 433/249/280 431/247/279
f 434/248/280 436/250/281 435/138/281 433/249/280
f 436/250/281 438/251/282 437/252/282 435/138/281
f 438/251/282 440/253/283 439/254/283 437/252/282
f 440/253/283 442/255/284 441/141/284 439/254/283
f 442/255/284 444/256/285 443/257/285 441/141/284
f 444/256/285 446/258/286 445/259/286 443/257/285
f 446/258/286 448/236/287 447/134/287 445/259/286
f 448/236/287 450/260/288 449/261/288 447/134/287
f 450/260/288 452/262/289 451/263/289 449/261/288
f 452/262/289 454/264/290 453/137/290 451/263/289
f 454/264/290 456/265/291 455/266/291 453/137/290
f 456/265/291 458/267/292 457/268/292 455/266/291
f 458/267/292 460/269/293 459/136/293 457/268/292
f 460/269/293 462/270/294 461/271/294 459/136/293
f 462/270/294 464/272/295 463/273/295 461/271/294
f 464/272/295 466/241/296 465/133/296 463/273/295
f 466/241/296 468/274/297 467/275/297 465/133/296
f 468/274/297 470/276/298 469/277/298 467/275/297
f 470/276/298 472/278/299 471/140/299 469/277/298
f 472/278/299 474/279/300 473/280/300 471/140/299
f 474/279/300 476/281/301 475/282/301 473/280/300
f 476/281/301 478/283/302 477/139/302 475/282/301
f 478/283/302 480/284/250 479/285/250 477/139/302
f 480/284/250 482/286/249 481/287/249 479/285/250
f 482/286/249 430/231/278 429/135/278 481/287/249
f 484/217/303 486/232/304 485/233/304 483/132/303
f 486/232/304 488/234/305 487/235/305 485/233/304
f 488/234/305 490/220/306 489/221/306 487/235/305
f 490/220/306 492/236/307 491/134/307 489/221/306
f 492/236/307 494/237/308 493/238/308 491/134/307
f 494/237/308 496/224/309 495/152/309 493/238/308
f 496/224/309 498/239/310 497/240/310 495/152/309
f 498/239/310 500/241/311 499/133/311 497/240/310
f 500/241/311 502/227/312 501/228/312 499/133/311
f 502/227/312 504/242/313 503/243/313 501/228/312
f 504/242/313 506/244/314 505/245/314 503/243/313
f 506/244/314 484/231/303 483/135/303 505/245/314
f 508/217/252 510/288/252 509/289/252 507/132/252
f 510/288/252 512/290/315 511/291/315 509/289/252
f 512/290/315 514/292/315 513/293/315 511/291/315
f 514/292/315 516/294/316 515/295/316 513/293/315
f 516/294/316 518/236/316 517/134/316 515/295/316
f 518/236/316 520/296/250 519/297/250 517/134/316
f 520/296/250 522/298/250 521/299/250 519/297/250
f 522/298/250 524/300/252 523/301/252 521/299/250
f 524/300/252 526/302/247 525/303/247 523/301/252
f 526/302/247 528/241/317 527/133/317 525/303/247
f 528/241/317 530/304/318 529/305/318 527/133/317
f 530/304/318 532/306/319 531/307/319 529/305/318
f 532/306/319 534/308/249 533/309/249 531/307/319
f 534/308/249 536/310/250 535/311/250 533/309/249
f 536/310/250 508/231/252 507/135/252 535/311/250
f 538/217/252 540/220/247 539/221/247 537/132/252
f 540/220/247 542/224/249 541/152/249 539/221/247
f 542/224/249 544/227/250 543/228/250 541/152/249
f 544/227/250 538/231/252 537/135/252 543/228/250
f 546/217/320 548/312/321 547/313/321 545/132/320
f 548/312/321 550/292/250 549/293/250 547/313/321
f 550/292/250 552/314/252 551/315/252 549/293/250
f 552/314/252 554/296/247 553/297/247 551/315/252
f 554/296/247 556/224/322 555/152/322 553/297/247
f 556/224/322 558/302/323 557/303/323 555/152/322
f 558/302/323 560/316/247 559/317/247 557/303/323
f 560/316/247 562/306/249 561/307/249 559/317/247
f 562/306/249 564/318/250 563/319/250 561/307/249
f 564/318/250 546/231/320 545/135/320 563/319/250
f 566/217/252 568/220/247 567/221/247 565/132/252
f 568/220/247 570/224/249 569/152/249 567/221/247
f 570/224/249 572/227/250 571/228/250 569/152/249
f 572/227/250 566/231/252 565/135/252 571/228/250
o Lens_reflection.001
v 0.023000 0.388388 0.145161
v 0.023000 0.388352 0.145122
v 0.023000 0.388111 0.145017
v 0.023000 0.387852 0.144962
v 0.023000 0.387536 0.144923
v 0.023000 0.387362 0.144910
v 0.023000 0.387183 0.144903
v 0.023000 0.386817 0.144903
v 0.023000 0.386638 0.144910
v 0.023000 0.386300 0.144940
v 0.023000 0.386010 0.144988
v 0.023000 0.385889 0.145017
v 0.023000 0.385788 0.145050
v 0.023000 0.385612 0.145161
v 0.023024 0.388388 0.145161
v 0.023047 0.388352 0.145123
v 0.023070 0.388293 0.145086
v 0.023091 0.388212 0.145051
v 0.023111 0.388111 0.145019
v 0.023129 0.387990 0.144990
v 0.023145 0.387852 0.144964
v 0.023158 0.387700 0.144942
v 0.023169 0.387536 0.144925
v 0.023177 0.387362 0.144913
v 0.023181 0.387183 0.144905
v 0.023183 0.387000 0.144903
v 0.023181 0.386817 0.144905
v 0.023177 0.386638 0.144913
v 0.023169 0.386464 0.144925
v 0.023158 0.386300 0.144942
v 0.023145 0.386148 0.144964
v 0.023129 0.386010 0.144990
v 0.023111 0.385889 0.145019
v 0.023091 0.385788 0.145051
v 0.023070 0.385707 0.145086
v 0.023047 0.385648 0.145123
v 0.023024 0.385612 0.145161
v 0.023047 0.388388 0.145162
v 0.023094 0.388352 0.145125
v 0.023139 0.388293 0.145089
v 0.023181 0.388212 0.145055
v 0.023221 0.388111 0.145024
v 0.023256 0.387990 0.144995
v 0.023287 0.387852 0.144970
v 0.023314 0.387700 0.144949
v 0.023335 0.387536 0.144932
v 0.023350 0.387362 0.144920
v 0.023359 0.387183 0.144913
v 0.023362 0.387000 0.144910
v 0.023359 0.386817 0.144913
v 0.023350 0.386638 0.144920
v 0.023335 0.386464 0.144932
v 0.023314 0.386300 0.144949
v 0.023287 0.386148 0.144970
v 0.023256 0.386010 0.144995
v 0.023221 0.385889 0.145024
v 0.023181 0.385788 0.145055
v 0.023139 0.385707 0.145089
v 0.023094 0.385648 0.145125
v 0.023047 0.385612 0.145162
v 0.023070 0.388388 0.145164
v 0.023139 0.388352 0.145128
v 0.023205 0.388293 0.145094
v 0.023268 0.388212 0.145061
v 0.023326 0.388111 0.145031
v 0.023379 0.387990 0.145004
v 0.023425 0.387852 0.144980
v 0.023464 0.387700 0.144960
v 0.023495 0.387536 0.144944
v 0.023518 0.387362 0.144932
v 0.023531 0.387183 0.144925
v 0.023536 0.387000 0.144923
v 0.023531 0.386817 0.144925
v 0.023518 0.386638 0.144932
v 0.023495 0.386464 0.144944
v 0.023464 0.386300 0.144960
v 0.023425 0.386148 0.144980
v 0.023379 0.386010 0.145004
v 0.023326 0.385889 0.145031
v 0.023268 0.385788 0.145061
v 0.023205 0.385707 0.145094
v 0.023139 0.385648 0.145128
v 0.023070 0.385612 0.145164
v 0.023091 0.388388 0.145166
v 0.023181 0.388352 0.145133
v 0.023268 0.388293 0.145101
v 0.023350 0.388212 0.145070
v 0.023426 0.388111 0.145042
v 0.023495 0.387990 0.145016
v 0.023555 0.387852 0.144994
v 0.023606 0.387700 0.144975
v 0.023647 0.387536 0.144960
v 0.023676 0.387362 0.144949
v 0.023694 0.387183 0.144942
v 0.023700 0.387000 0.144940
v 0.023694 0.386817 0.144942
v 0.023676 0.386638 0.144949
v 0.023647 0.386464 0.144960
v 0.023606 0.386300 0.144975
v 0.023555 0.386148 0.144994
v 0.023495 0.386010 0.145016
v 0.023426 0.385889 0.145042
v 0.023350 0.385788 0.145070
v 0.023268 0.385707 0.145101
v 0.023181 0.385648 0.145133
v 0.023091 0.385612 0.145166
v 0.023111 0.388388 0.145169
v 0.023221 0.388352 0.145138
v 0.023326 0.388293 0.145109
v 0.023426 0.388212 0.145081
v 0.023519 0.388111 0.145055
v 0.023603 0.387990 0.145032
v 0.023676 0.387852 0.145011
v 0.023738 0.387700 0.144994
v 0.023787 0.387536 0.144980
v 0.023823 0.387362 0.144970
v 0.023845 0.387183 0.144964
v 0.023852 0.387000 0.144962
v 0.023845 0.386817 0.144964
v 0.023823 0.386638 0.144970
v 0.023787 0.386464 0.144980
v 0.023738 0.386300 0.144994
v 0.023676 0.386148 0.145011
v 0.023603 0.386010 0.145032
v 0.023519 0.385889 0.145055
v 0.023426 0.385788 0.145081
v 0.023326 0.385707 0.145109
v 0.023221 0.385648 0.145138
v 0.023111 0.385612 0.145169
v 0.023129 0.388388 0.145172
v 0.023256 0.388352 0.145145
v 0.023379 0.388293 0.145119
v 0.023495 0.388212 0.145094
v 0.023603 0.388111 0.145071
v 0.023700 0.387990 0.145050
v 0.023785 0.387852 0.145032
v 0.023857 0.387700 0.145016
v 0.023915 0.387536 0.145004
v 0.023956 0.387362 0.144995
v 0.023981 0.387183 0.144990
v 0.023990 0.387000 0.144988
v 0.023981 0.386817 0.144990
v 0.023956 0.386638 0.144995
v 0.023915 0.386464 0.145004
v 0.023857 0.386300 0.145016
v 0.023785 0.386148 0.145032
v 0.023700 0.386010 0.145050
v 0.023603 0.385889 0.145071
v 0.023495 0.385788 0.145094
v 0.023379 0.385707 0.145119
v 0.023256 0.385648 0.145145
v 0.023129 0.385612 0.145172
v 0.023145 0.388388 0.145176
v 0.023287 0.388352 0.145153
v 0.023425 0.388293 0.145130
v 0.023555 0.388212 0.145109
v 0.023676 0.388111 0.145089
v 0.023785 0.387990 0.145071
v 0.023881 0.387852 0.145055
v 0.023962 0.387700 0.145042
v 0.024026 0.387536 0.145031
v 0.024073 0.387362 0.145024
v 0.024101 0.387183 0.145019
v 0.024111 0.387000 0.145017
v 0.024101 0.386817 0.145019
v 0.024073 0.386638 0.145024
v 0.024026 0.386464 0.145031
v 0.023962 0.386300 0.145042
v 0.023881 0.386148 0.145055
v 0.023785 0.386010 0.145071
v 0.023676 0.385889 0.145089
v 0.023555 0.385788 0.145109
v 0.023425 0.385707 0.145130
v 0.023287 0.385648 0.145153
v 0.023145 0.385612 0.145176
v 0.023158 0.388388 0.145180
v 0.023314 0.388352 0.145161
v 0.023464 0.388293 0.145143
v 0.023606 0.388212 0.145125
v 0.023738 0.388111 0.145109
v 0.023857 0.387990 0.145094
v 0.023962 0.387852 0.145081
v 0.024050 0.387700 0.145070
v 0.024120 0.387536 0.145061
v 0.024171 0.387362 0.145055
v 0.024202 0.387183 0.145051
v 0.024212 0.387000 0.145050
v 0.024202 0.386817 0.145051
v 0.024171 0.386638 0.145055
v 0.024120 0.386464 0.145061
v 0.024050 0.386300 0.145070
v 0.023962 0.386148 0.145081
v 0.023857 0.386010 0.145094
v 0.023738 0.385889 0.145109
v 0.023606 0.385788 0.145125
v 0.023464 0.385707 0.145143
v 0.023314 0.385648 0.145161
v 0.023158 0.385612 0.145180
v 0.023169 0.388388 0.145185
v 0.023335 0.388352 0.145170
v 0.023495 0.388293 0.145156
v 0.023647 0.388212 0.145143
v 0.023787 0.388111 0.145130
v 0.023915 0.387990 0.145119
v 0.024026 0.387852 0.145109
v 0.024120 0.387700 0.145101
v 0.024195 0.387536 0.145094
v 0.024249 0.387362 0.145089
v 0.024282 0.387183 0.145086
v 0.024293 0.387000 0.145085
v 0.024282 0.386817 0.145086
v 0.024249 0.386638 0.145089
v 0.024195 0.386464 0.145094
v 0.024120 0.386300 0.145101
v 0.024026 0.386148 0.145109
v 0.023915 0.386010 0.145119
v 0.023787 0.385889 0.145130
v 0.023647 0.385788 0.145143
v 0.023495 0.385707 0.145156
v 0.023335 0.385648 0.145170
v 0.023169 0.385612 0.145185
v 0.023177 0.388388 0.145190
v 0.023350 0.388352 0.145180
v 0.023518 0.388293 0.145170
v 0.023676 0.388212 0.145161
v 0.023823 0.388111 0.145153
v 0.023956 0.387990 0.145145
v 0.024073 0.387852 0.145138
v 0.024171 0.387700 0.145133
v 0.024249 0.387536 0.145128
v 0.024306 0.387362 0.145125
v 0.024341 0.387183 0.145123
v 0.024352 0.387000 0.145122
v 0.024341 0.386817 0.145123
v 0.024306 0.386638 0.145125
v 0.024249 0.386464 0.145128
v 0.024171 0.386300 0.145133
v 0.024073 0.386148 0.145138
v 0.023956 0.386010 0.145145
v 0.023823 0.385889 0.145153
v 0.023676 0.385788 0.145161
v 0.023518 0.385707 0.145170
v 0.023350 0.385648 0.145180
v 0.023177 0.385612 0.145190
v 0.023181 0.388388 0.145195
v 0.023359 0.388352 0.145190
v 0.023531 0.388293 0.145185
v 0.023694 0.388212 0.145180
v 0.023845 0.388111 0.145176
v 0.023981 0.387990 0.145172
v 0.024101 0.387852 0.145169
v 0.024202 0.387700 0.145166
v 0.024282 0.387536 0.145164
v 0.024341 0.387362 0.145162
v 0.024376 0.387183 0.145161
v 0.024388 0.387000 0.145161
v 0.024376 0.386817 0.145161
v 0.024341 0.386638 0.145162
v 0.024282 0.386464 0.145164
v 0.024202 0.386300 0.145166
v 0.024101 0.386148 0.145169
v 0.023981 0.386010 0.145172
v 0.023845 0.385889 0.145176
v 0.023694 0.385788 0.145180
v 0.023531 0.385707 0.145185
v 0.023359 0.385648 0.145190
v 0.023181 0.385612 0.145195
v 0.023183 0.388388 0.145200
v 0.023362 0.388352 0.145200
v 0.023536 0.388293 0.145200
v 0.023700 0.388212 0.145200
v 0.023852 0.388111 0.145200
v 0.023990 0.387990 0.145200
v 0.024111 0.387852 0.145200
v 0.024212 0.387700 0.145200
v 0.024293 0.387536 0.145200
v 0.024352 0.387362 0.145200
v 0.024388 0.387183 0.145200
v 0.024400 0.387000 0.145200
v 0.024388 0.386817 0.145200
v 0.024352 0.386638 0.145200
v 0.024293 0.386464 0.145200
v 0.024212 0.386300 0.145200
v 0.024111 0.386148 0.145200
v 0.023990 0.386010 0.145200
v 0.023852 0.385889 0.145200
v 0.023700 0.385788 0.145200
v 0.023536 0.385707 0.145200
v 0.023362 0.385648 0.145200
v 0.023183 0.385612 0.145200
v 0.023181 0.388388 0.145205
v 0.023359 0.388352 0.145210
v 0.023531 0.388293 0.145215
v 0.023694 0.388212 0.145220
v 0.023845 0.388111 0.145224
v 0.023981 0.387990 0.145228
v 0.024101 0.387852 0.145231
v 0.024202 0.387700 0.145234
v 0.024282 0.387536 0.145236
v 0.024341 0.387362 0.145238
v 0.024376 0.387183 0.145239
v 0.024388 0.387000 0.145239
v 0.024376 0.386817 0.145239
v 0.024341 0.386638 0.145238
v 0.024282 0.386464 0.145236
v 0.024202 0.386300 0.145234
v 0.024101 0.386148 0.145231
v 0.023981 0.386010 0.145228
v 0.023845 0.385889 0.145224
v 0.023694 0.385788 0.145220
v 0.023531 0.385707 0.145215
v 0.023359 0.385648 0.145210
v 0.023181 0.385612 0.145205
v 0.023177 0.388388 0.145210
v 0.023350 0.388352 0.145220
v 0.023518 0.388293 0.145230
v 0.023676 0.388212 0.145239
v 0.023823 0.388111 0.145247
v 0.023956 0.387990 0.145255
v 0.024073 0.387852 0.145262
v 0.024171 0.387700 0.145267
v 0.024249 0.387536 0.145272
v 0.024306 0.387362 0.145275
v 0.024341 0.387183 0.145277
v 0.024352 0.387000 0.145278
v 0.024341 0.386817 0.145277
v 0.024306 0.386638 0.145275
v 0.024249 0.386464 0.145272
v 0.024171 0.386300 0.145267
v 0.024073 0.386148 0.145262
v 0.023956 0.386010 0.145255
v 0.023823 0.385889 0.145247
v 0.023676 0.385788 0.145239
v 0.023518 0.385707 0.145230
v 0.023350 0.385648 0.145220
v 0.023177 0.385612 0.145210
v 0.023169 0.388388 0.145215
v 0.023335 0.388352 0.145230
v 0.023495 0.388293 0.145244
v 0.023647 0.388212 0.145257
v 0.023787 0.388111 0.145270
v 0.023915 0.387990 0.145281
v 0.024026 0.387852 0.145291
v 0.024120 0.387700 0.145299
v 0.024195 0.387536 0.145306
v 0.024249 0.387362 0.145311
v 0.024282 0.387183 0.145314
v 0.024293 0.387000 0.145315
v 0.024282 0.386817 0.145314
v 0.024249 0.386638 0.145311
v 0.024195 0.386464 0.145306
v 0.024120 0.386300 0.145299
v 0.024026 0.386148 0.145291
v 0.023915 0.386010 0.145281
v 0.023787 0.385889 0.145270
v 0.023647 0.385788 0.145257
v 0.023495 0.385707 0.145244
v 0.023335 0.385648 0.145230
v 0.023169 0.385612 0.145215
v 0.023158 0.388388 0.145220
v 0.023314 0.388352 0.145239
v 0.023464 0.388293 0.145257
v 0.023606 0.388212 0.145275
v 0.023738 0.388111 0.145291
v 0.023857 0.387990 0.145306
v 0.023962 0.387852 0.145319
v 0.024050 0.387700 0.145330
v 0.024120 0.387536 0.145339
v 0.024171 0.387362 0.145345
v 0.024202 0.387183 0.145349
v 0.024212 0.387000 0.145350
v 0.024202 0.386817 0.145349
v 0.024171 0.386638 0.145345
v 0.024120 0.386464 0.145339
v 0.024050 0.386300 0.145330
v 0.023962 0.386148 0.145319
v 0.023857 0.386010 0.145306
v 0.023738 0.385889 0.145291
v 0.023606 0.385788 0.145275
v 0.023464 0.385707 0.145257
v 0.023314 0.385648 0.145239
v 0.023158 0.385612 0.145220
v 0.023145 0.388388 0.145224
v 0.023287 0.388352 0.145247
v 0.023425 0.388293 0.145270
v 0.023555 0.388212 0.145291
v 0.023676 0.388111 0.145311
v 0.023785 0.387990 0.145329
v 0.023881 0.387852 0.145345
v 0.023962 0.387700 0.145358
v 0.024026 0.387536 0.145369
v 0.024073 0.387362 0.145376
v 0.024101 0.387183 0.145381
v 0.024111 0.387000 0.145383
v 0.024101 0.386817 0.145381
v 0.024073 0.386638 0.145376
v 0.024026 0.386464 0.145369
v 0.023962 0.386300 0.145358
v 0.023881 0.386148 0.145345
v 0.023785 0.386010 0.145329
v 0.023676 0.385889 0.145311
v 0.023555 0.385788 0.145291
v 0.023425 0.385707 0.145270
v 0.023287 0.385648 0.145247
v 0.023145 0.385612 0.145224
v 0.023129 0.388388 0.145228
v 0.023256 0.388352 0.145255
v 0.023379 0.388293 0.145281
v 0.023495 0.388212 0.145306
v 0.023603 0.388111 0.145329
v 0.023700 0.387990 0.145350
v 0.023785 0.387852 0.145368
v 0.023857 0.387700 0.145384
v 0.023915 0.387536 0.145396
v 0.023956 0.387362 0.145405
v 0.023981 0.387183 0.145410
v 0.023990 0.387000 0.145412
v 0.023981 0.386817 0.145410
v 0.023956 0.386638 0.145405
v 0.023915 0.386464 0.145396
v 0.023857 0.386300 0.145384
v 0.023785 0.386148 0.145368
v 0.023700 0.386010 0.145350
v 0.023603 0.385889 0.145329
v 0.023495 0.385788 0.145306
v 0.023379 0.385707 0.145281
v 0.023256 0.385648 0.145255
v 0.023129 0.385612 0.145228
v 0.023111 0.388388 0.145231
v 0.023221 0.388352 0.145262
v 0.023326 0.388293 0.145291
v 0.023426 0.388212 0.145319
v 0.023519 0.388111 0.145345
v 0.023603 0.387990 0.145368
v 0.023676 0.387852 0.145389
v 0.023738 0.387700 0.145406
v 0.023787 0.387536 0.145420
v 0.023823 0.387362 0.145430
v 0.023845 0.387183 0.145436
v 0.023852 0.387000 0.145438
v 0.023845 0.386817 0.145436
v 0.023823 0.386638 0.145430
v 0.023787 0.386464 0.145420
v 0.023738 0.386300 0.145406
v 0.023676 0.386148 0.145389
v 0.023603 0.386010 0.145368
v 0.023519 0.385889 0.145345
v 0.023426 0.385788 0.145319
v 0.023326 0.385707 0.145291
v 0.023221 0.385648 0.145262
v 0.023111 0.385612 0.145231
v 0.023091 0.388388 0.145234
v 0.023181 0.388352 0.145267
v 0.023268 0.388293 0.145299
v 0.023350 0.388212 0.145330
v 0.023426 0.388111 0.145358
v 0.023495 0.387990 0.145384
v 0.023555 0.387852 0.145406
v 0.023606 0.387700 0.145425
v 0.023647 0.387536 0.145440
v 0.023676 0.387362 0.145451
v 0.023694 0.387183 0.145458
v 0.023700 0.387000 0.145460
v 0.023694 0.386817 0.145458
v 0.023676 0.386638 0.145451
v 0.023647 0.386464 0.145440
v 0.023606 0.386300 0.145425
v 0.023555 0.386148 0.145406
v 0.023495 0.386010 0.145384
v 0.023426 0.385889 0.145358
v 0.023350 0.385788 0.145330
v 0.023268 0.385707 0.145299
v 0.023181 0.385648 0.145267
v 0.023091 0.385612 0.145234
v 0.023070 0.388388 0.145236
v 0.023139 0.388352 0.145272
v 0.023205 0.388293 0.145306
v 0.023268 0.388212 0.145339
v 0.023326 0.388111 0.145369
v 0.023379 0.387990 0.145396
v 0.023425 0.387852 0.145420
v 0.023464 0.387700 0.145440
v 0.023495 0.387536 0.145456
v 0.023518 0.387362 0.145468
v 0.023531 0.387183 0.145475
v 0.023536 0.387000 0.145477
v 0.023531 0.386817 0.145475
v 0.023518 0.386638 0.145468
v 0.023495 0.386464 0.145456
v 0.023464 0.386300 0.145440
v 0.023425 0.386148 0.145420
v 0.023379 0.386010 0.145396
v 0.023326 0.385889 0.145369
v 0.023268 0.385788 0.145339
v 0.023205 0.385707 0.145306
v 0.023139 0.385648 0.145272
v 0.023070 0.385612 0.145236
v 0.023047 0.388388 0.145238
v 0.023094 0.388352 0.145275
v 0.023139 0.388293 0.145311
v 0.023181 0.388212 0.145345
v 0.023221 0.388111 0.145376
v 0.023256 0.387990 0.145405
v 0.023287 0.387852 0.145430
v 0.023314 0.387700 0.145451
v 0.023335 0.387536 0.145468
v 0.023350 0.387362 0.145480
v 0.023359 0.387183 0.145487
v 0.023362 0.387000 0.145490
v 0.023359 0.386817 0.145487
v 0.023350 0.386638 0.145480
v 0.023335 0.386464 0.145468
v 0.023314 0.386300 0.145451
v 0.023287 0.386148 0.145430
v 0.023256 0.386010 0.145405
v 0.023221 0.385889 0.145376
v 0.023181 0.385788 0.145345
v 0.023139 0.385707 0.145311
v 0.023094 0.385648 0.145275
v 0.023047 0.385612 0.145238
v 0.023024 0.388388 0.145239
v 0.023047 0.388352 0.145277
v 0.023070 0.388293 0.145314
v 0.023091 0.388212 0.145349
v 0.023111 0.388111 0.145381
v 0.023129 0.387990 0.145410
v 0.023145 0.387852 0.145436
v 0.023158 0.387700 0.145458
v 0.023169 0.387536 0.145475
v 0.023177 0.387362 0.145487
v 0.023181 0.387183 0.145495
v 0.023183 0.387000 0.145497
v 0.023181 0.386817 0.145495
v 0.023177 0.386638 0.145487
v 0.023169 0.386464 0.145475
v 0.023158 0.386300 0.145458
v 0.023145 0.386148 0.145436
v 0.023129 0.386010 0.145410
v 0.023111 0.385889 0.145381
v 0.023091 0.385788 0.145349
v 0.023070 0.385707 0.145314
v 0.023047 0.385648 0.145277
v 0.023024 0.385612 0.145239
v 0.023000 0.388388 0.145239
v 0.023000 0.388352 0.145278
v 0.023000 0.388293 0.145315
v 0.023000 0.388212 0.145350
v 0.023000 0.388111 0.145383
v 0.023000 0.387990 0.145412
v 0.023000 0.387852 0.145438
v 0.023000 0.387700 0.145460
v 0.023000 0.387536 0.145477
v 0.023000 0.387362 0.145490
v 0.023000 0.387183 0.145497
v 0.023000 0.387000 0.145500
v 0.023000 0.386817 0.145497
v 0.023000 0.386638 0.145490
v 0.023000 0.386464 0.145477
v 0.023000 0.386300 0.145460
v 0.023000 0.386148 0.145438
v 0.023000 0.386010 0.145412
v 0.023000 0.385889 0.145383
v 0.023000 0.385788 0.145350
v 0.023000 0.385707 0.145315
v 0.023000 0.385648 0.145278
v 0.023000 0.385612 0.145239
v 0.022976 0.388388 0.145239
v 0.022953 0.388352 0.145277
v 0.022930 0.388293 0.145314
v 0.022909 0.388212 0.145349
v 0.022889 0.388111 0.145381
v 0.022871 0.387990 0.145410
v 0.022855 0.387852 0.145436
v 0.022842 0.387700 0.145458
v 0.022831 0.387536 0.145475
v 0.022823 0.387362 0.145487
v 0.022819 0.387183 0.145495
v 0.022817 0.387000 0.145497
v 0.022819 0.386817 0.145495
v 0.022823 0.386638 0.145487
v 0.022831 0.386464 0.145475
v 0.022842 0.386300 0.145458
v 0.022855 0.386148 0.145436
v 0.022871 0.386010 0.145410
v 0.022889 0.385889 0.145381
v 0.022909 0.385788 0.145349
v 0.022930 0.385707 0.145314
v 0.022953 0.385648 0.145277
v 0.022976 0.385612 0.145239
v 0.022953 0.388388 0.145238
v 0.022906 0.388352 0.145275
v 0.022861 0.388293 0.145311
v 0.022819 0.388212 0.145345
v 0.022779 0.388111 0.145376
v 0.022744 0.387990 0.145405
v 0.022713 0.387852 0.145430
v 0.022686 0.387700 0.145451
v 0.022665 0.387536 0.145468
v 0.022650 0.387362 0.145480
v 0.022641 0.387183 0.145487
v 0.022638 0.387000 0.145490
v 0.022641 0.386817 0.145487
v 0.022650 0.386638 0.145480
v 0.022665 0.386464 0.145468
v 0.022686 0.386300 0.145451
v 0.022713 0.386148 0.145430
v 0.022744 0.386010 0.145405
v 0.022779 0.385889 0.145376
v 0.022819 0.385788 0.145345
v 0.022861 0.385707 0.145311
v 0.022906 0.385648 0.145275
v 0.022953 0.385612 0.145238
v 0.022930 0.388388 0.145236
v 0.022861 0.388352 0.145272
v 0.022795 0.388293 0.145306
v 0.022732 0.388212 0.145339
v 0.022674 0.388111 0.145369
v 0.022621 0.387990 0.145396
v 0.022575 0.387852 0.145420
v 0.022536 0.387700 0.145440
v 0.022505 0.387536 0.145456
v 0.022482 0.387362 0.145468
v 0.022469 0.387183 0.145475
v 0.022464 0.387000 0.145477
v 0.022469 0.386817 0.145475
v 0.022482 0.386638 0.145468
v 0.022505 0.386464 0.145456
v 0.022536 0.386300 0.145440
v 0.022575 0.386148 0.145420
v 0.022621 0.386010 0.145396
v 0.022674 0.385889 0.145369
v 0.022732 0.385788 0.145339
v 0.022795 0.385707 0.145306
v 0.022861 0.385648 0.145272
v 0.022930 0.385612 0.145236
v 0.022909 0.388388 0.145234
v 0.022819 0.388352 0.145267
v 0.022732 0.388293 0.145299
v 0.022650 0.388212 0.145330
v 0.022574 0.388111 0.145358
v 0.022505 0.387990 0.145384
v 0.022445 0.387852 0.145406
v 0.022394 0.387700 0.145425
v 0.022353 0.387536 0.145440
v 0.022324 0.387362 0.145451
v 0.022306 0.387183 0.145458
v 0.022300 0.387000 0.145460
v 0.022306 0.386817 0.145458
v 0.022324 0.386638 0.145451
v 0.022353 0.386464 0.145440
v 0.022394 0.386300 0.145425
v 0.022445 0.386148 0.145406
v 0.022505 0.386010 0.145384
v 0.022574 0.385889 0.145358
v 0.022650 0.385788 0.145330
v 0.022732 0.385707 0.145299
v 0.022819 0.385648 0.145267
v 0.022909 0.385612 0.145234
v 0.023000 0.385600 0.145200
v 0.022889 0.388388 0.145231
v 0.022779 0.388352 0.145262
v 0.022674 0.388293 0.145291
v 0.022574 0.388212 0.145319
v 0.022481 0.388111 0.145345
v 0.022397 0.387990 0.145368
v 0.022324 0.387852 0.145389
v 0.022262 0.387700 0.145406
v 0.022213 0.387536 0.145420
v 0.022177 0.387362 0.145430
v 0.022155 0.387183 0.145436
v 0.022148 0.387000 0.145438
v 0.022155 0.386817 0.145436
v 0.022177 0.386638 0.145430
v 0.022213 0.386464 0.145420
v 0.022262 0.386300 0.145406
v 0.022324 0.386148 0.145389
v 0.022397 0.386010 0.145368
v 0.022481 0.385889 0.145345
v 0.022574 0.385788 0.145319
v 0.022674 0.385707 0.145291
v 0.022779 0.385648 0.145262
v 0.022889 0.385612 0.145231
v 0.022871 0.388388 0.145228
v 0.022744 0.388352 0.145255
v 0.022621 0.388293 0.145281
v 0.022505 0.388212 0.145306
v 0.022397 0.388111 0.145329
v 0.022300 0.387990 0.145350
v 0.022215 0.387852 0.145368
v 0.022143 0.387700 0.145384
v 0.022085 0.387536 0.145396
v 0.022044 0.387362 0.145405
v 0.022019 0.387183 0.145410
v 0.022010 0.387000 0.145412
v 0.022019 0.386817 0.145410
v 0.022044 0.386638 0.145405
v 0.022085 0.386464 0.145396
v 0.022143 0.386300 0.145384
v 0.022215 0.386148 0.145368
v 0.022300 0.386010 0.145350
v 0.022397 0.385889 0.145329
v 0.022505 0.385788 0.145306
v 0.022621 0.385707 0.145281
v 0.022744 0.385648 0.145255
v 0.022871 0.385612 0.145228
v 0.023000 0.388400 0.145200
v 0.022855 0.388388 0.145224
v 0.022713 0.388352 0.145247
v 0.022575 0.388293 0.145270
v 0.022445 0.388212 0.145291
v 0.022324 0.388111 0.145311
v 0.022215 0.387990 0.145329
v 0.022119 0.387852 0.145345
v 0.022038 0.387700 0.145358
v 0.021974 0.387536 0.145369
v 0.021927 0.387362 0.145376
v 0.021899 0.387183 0.145381
v 0.021889 0.387000 0.145383
v 0.021899 0.386817 0.145381
v 0.021927 0.386638 0.145376
v 0.021974 0.386464 0.145369
v 0.022038 0.386300 0.145358
v 0.022119 0.386148 0.145345
v 0.022215 0.386010 0.145329
v 0.022324 0.385889 0.145311
v 0.022445 0.385788 0.145291
v 0.022575 0.385707 0.145270
v 0.022713 0.385648 0.145247
v 0.022855 0.385612 0.145224
v 0.022842 0.388388 0.145220
v 0.022686 0.388352 0.145239
v 0.022536 0.388293 0.145257
v 0.022394 0.388212 0.145275
v 0.022262 0.388111 0.145291
v 0.022143 0.387990 0.145306
v 0.022038 0.387852 0.145319
v 0.021950 0.387700 0.145330
v 0.021880 0.387536 0.145339
v 0.021829 0.387362 0.145345
v 0.021798 0.387183 0.145349
v 0.021788 0.387000 0.145350
v 0.021798 0.386817 0.145349
v 0.021829 0.386638 0.145345
v 0.021880 0.386464 0.145339
v 0.021950 0.386300 0.145330
v 0.022038 0.386148 0.145319
v 0.022143 0.386010 0.145306
v 0.022262 0.385889 0.145291
v 0.022394 0.385788 0.145275
v 0.022536 0.385707 0.145257
v 0.022686 0.385648 0.145239
v 0.022842 0.385612 0.145220
v 0.022831 0.388388 0.145215
v 0.022665 0.388352 0.145230
v 0.022505 0.388293 0.145244
v 0.022353 0.388212 0.145257
v 0.022213 0.388111 0.145270
v 0.022085 0.387990 0.145281
v 0.021974 0.387852 0.145291
v 0.021880 0.387700 0.145299
v 0.021805 0.387536 0.145306
v 0.021751 0.387362 0.145311
v 0.021718 0.387183 0.145314
v 0.021707 0.387000 0.145315
v 0.021718 0.386817 0.145314
v 0.021751 0.386638 0.145311
v 0.021805 0.386464 0.145306
v 0.021880 0.386300 0.145299
v 0.021974 0.386148 0.145291
v 0.022085 0.386010 0.145281
v 0.022213 0.385889 0.145270
v 0.022353 0.385788 0.145257
v 0.022505 0.385707 0.145244
v 0.022665 0.385648 0.145230
v 0.022831 0.385612 0.145215
v 0.022823 0.388388 0.145210
v 0.022650 0.388352 0.145220
v 0.022482 0.388293 0.145230
v 0.022324 0.388212 0.145239
v 0.022177 0.388111 0.145247
v 0.022044 0.387990 0.145255
v 0.021927 0.387852 0.145262
v 0.021829 0.387700 0.145267
v 0.021751 0.387536 0.145272
v 0.021694 0.387362 0.145275
v 0.021659 0.387183 0.145277
v 0.021648 0.387000 0.145278
v 0.021659 0.386817 0.145277
v 0.021694 0.386638 0.145275
v 0.021751 0.386464 0.145272
v 0.021829 0.386300 0.145267
v 0.021927 0.386148 0.145262
v 0.022044 0.386010 0.145255
v 0.022177 0.385889 0.145247
v 0.022324 0.385788 0.145239
v 0.022482 0.385707 0.145230
v 0.022650 0.385648 0.145220
v 0.022823 0.385612 0.145210
v 0.022819 0.388388 0.145205
v 0.022641 0.388352 0.145210
v 0.022469 0.388293 0.145215
v 0.022306 0.388212 0.145220
v 0.022155 0.388111 0.145224
v 0.022019 0.387990 0.145228
v 0.021899 0.387852 0.145231
v 0.021798 0.387700 0.145234
v 0.021718 0.387536 0.145236
v 0.021659 0.387362 0.145238
v 0.021624 0.387183 0.145239
v 0.021612 0.387000 0.145239
v 0.021624 0.386817 0.145239
v 0.021659 0.386638 0.145238
v 0.021718 0.386464 0.145236
v 0.021798 0.386300 0.145234
v 0.021899 0.386148 0.145231
v 0.022019 0.386010 0.145228
v 0.022155 0.385889 0.145224
v 0.022306 0.385788 0.145220
v 0.022469 0.385707 0.145215
v 0.022641 0.385648 0.145210
v 0.022819 0.385612 0.145205
v 0.022817 0.388388 0.145200
v 0.022638 0.388352 0.145200
v 0.022464 0.388293 0.145200
v 0.022300 0.388212 0.145200
v 0.022148 0.388111 0.145200
v 0.022010 0.387990 0.145200
v 0.021889 0.387852 0.145200
v 0.021788 0.387700 0.145200
v 0.021707 0.387536 0.145200
v 0.021648 0.387362 0.145200
v 0.021612 0.387183 0.145200
v 0.021600 0.387000 0.145200
v 0.021612 0.386817 0.145200
v 0.021648 0.386638 0.145200
v 0.021707 0.386464 0.145200
v 0.021788 0.386300 0.145200
v 0.021889 0.386148 0.145200
v 0.022010 0.386010 0.145200
v 0.022148 0.385889 0.145200
v 0.022300 0.385788 0.145200
v 0.022464 0.385707 0.145200
v 0.022638 0.385648 0.145200
v 0.022817 0.385612 0.145200
v 0.022819 0.388388 0.145195
v 0.022641 0.388352 0.145190
v 0.022469 0.388293 0.145185
v 0.022306 0.388212 0.145180
v 0.022155 0.388111 0.145176
v 0.022019 0.387990 0.145172
v 0.021899 0.387852 0.145169
v 0.021798 0.387700 0.145166
v 0.021718 0.387536 0.145164
v 0.021659 0.387362 0.145162
v 0.021624 0.387183 0.145161
v 0.021612 0.387000 0.145161
v 0.021624 0.386817 0.145161
v 0.021659 0.386638 0.145162
v 0.021718 0.386464 0.145164
v 0.021798 0.386300 0.145166
v 0.021899 0.386148 0.145169
v 0.022019 0.386010 0.145172
v 0.022155 0.385889 0.145176
v 0.022306 0.385788 0.145180
v 0.022469 0.385707 0.145185
v 0.022641 0.385648 0.145190
v 0.022819 0.385612 0.145195
v 0.022823 0.388388 0.145190
v 0.022650 0.388352 0.145180
v 0.022482 0.388293 0.145170
v 0.022324 0.388212 0.145161
v 0.022177 0.388111 0.145153
v 0.022044 0.387990 0.145145
v 0.021927 0.387852 0.145138
v 0.021829 0.387700 0.145133
v 0.021751 0.387536 0.145128
v 0.021694 0.387362 0.145125
v 0.021659 0.387183 0.145123
v 0.021648 0.387000 0.145122
v 0.021659 0.386817 0.145123
v 0.021694 0.386638 0.145125
v 0.021751 0.386464 0.145128
v 0.021829 0.386300 0.145133
v 0.021927 0.386148 0.145138
v 0.022044 0.386010 0.145145
v 0.022177 0.385889 0.145153
v 0.022324 0.385788 0.145161
v 0.022482 0.385707 0.145170
v 0.022650 0.385648 0.145180
v 0.022823 0.385612 0.145190
v 0.022831 0.388388 0.145185
v 0.022665 0.388352 0.145170
v 0.022505 0.388293 0.145156
v 0.022353 0.388212 0.145143
v 0.022213 0.388111 0.145130
v 0.022085 0.387990 0.145119
v 0.021974 0.387852 0.145109
v 0.021880 0.387700 0.145101
v 0.021805 0.387536 0.145094
v 0.021751 0.387362 0.145089
v 0.021718 0.387183 0.145086
v 0.021707 0.387000 0.145085
v 0.021718 0.386817 0.145086
v 0.021751 0.386638 0.145089
v 0.021805 0.386464 0.145094
v 0.021880 0.386300 0.145101
v 0.021974 0.386148 0.145109
v 0.022085 0.386010 0.145119
v 0.022213 0.385889 0.145130
v 0.022353 0.385788 0.145143
v 0.022505 0.385707 0.145156
v 0.022665 0.385648 0.145170
v 0.022831 0.385612 0.145185
v 0.022842 0.388388 0.145180
v 0.022686 0.388352 0.145161
v 0.022536 0.388293 0.145143
v 0.022394 0.388212 0.145125
v 0.022262 0.388111 0.145109
v 0.022143 0.387990 0.145094
v 0.022038 0.387852 0.145081
v 0.021950 0.387700 0.145070
v 0.021880 0.387536 0.145061
v 0.021829 0.387362 0.145055
v 0.021798 0.387183 0.145051
v 0.021788 0.387000 0.145050
v 0.021798 0.386817 0.145051
v 0.021829 0.386638 0.145055
v 0.021880 0.386464 0.145061
v 0.021950 0.386300 0.145070
v 0.022038 0.386148 0.145081
v 0.022143 0.386010 0.145094
v 0.022262 0.385889 0.145109
v 0.022394 0.385788 0.145125
v 0.022536 0.385707 0.145143
v 0.022686 0.385648 0.145161
v 0.022842 0.385612 0.145180
v 0.022855 0.388388 0.145176
v 0.022713 0.388352 0.145153
v 0.022575 0.388293 0.145130
v 0.022445 0.388212 0.145109
v 0.022324 0.388111 0.145089
v 0.022215 0.387990 0.145071
v 0.022119 0.387852 0.145055
v 0.022038 0.387700 0.145042
v 0.021974 0.387536 0.145031
v 0.021927 0.387362 0.145024
v 0.021899 0.387183 0.145019
v 0.021889 0.387000 0.145017
v 0.021899 0.386817 0.145019
v 0.021927 0.386638 0.145024
v 0.021974 0.386464 0.145031
v 0.022038 0.386300 0.145042
v 0.022119 0.386148 0.145055
v 0.022215 0.386010 0.145071
v 0.022324 0.385889 0.145089
v 0.022445 0.385788 0.145109
v 0.022575 0.385707 0.145130
v 0.022713 0.385648 0.145153
v 0.022855 0.385612 0.145176
v 0.022871 0.388388 0.145172
v 0.022744 0.388352 0.145145
v 0.022621 0.388293 0.145119
v 0.022505 0.388212 0.145094
v 0.022397 0.388111 0.145071
v 0.022300 0.387990 0.145050
v 0.022215 0.387852 0.145032
v 0.022143 0.387700 0.145016
v 0.022085 0.387536 0.145004
v 0.022044 0.387362 0.144995
v 0.022019 0.387183 0.144990
v 0.022010 0.387000 0.144988
v 0.022019 0.386817 0.144990
v 0.022044 0.386638 0.144995
v 0.022085 0.386464 0.145004
v 0.022143 0.386300 0.145016
v 0.022215 0.386148 0.145032
v 0.022300 0.386010 0.145050
v 0.022397 0.385889 0.145071
v 0.022505 0.385788 0.145094
v 0.022621 0.385707 0.145119
v 0.022744 0.385648 0.145145
v 0.022871 0.385612 0.145172
v 0.022889 0.388388 0.145169
v 0.022779 0.388352 0.145138
v 0.022674 0.388293 0.145109
v 0.022574 0.388212 0.145081
v 0.022481 0.388111 0.145055
v 0.022397 0.387990 0.145032
v 0.022324 0.387852 0.145011
v 0.022262 0.387700 0.144994
v 0.022213 0.387536 0.144980
v 0.022177 0.387362 0.144970
v 0.022155 0.387183 0.144964
v 0.022148 0.387000 0.144962
v 0.022155 0.386817 0.144964
v 0.022177 0.386638 0.144970
v 0.022213 0.386464 0.144980
v 0.022262 0.386300 0.144994
v 0.022324 0.386148 0.145011
v 0.022397 0.386010 0.145032
v 0.022481 0.385889 0.145055
v 0.022574 0.385788 0.145081
v 0.022674 0.385707 0.145109
v 0.022779 0.385648 0.145138
v 0.022889 0.385612 0.145169
v 0.022909 0.388388 0.145166
v 0.022819 0.388352 0.145133
v 0.022732 0.388293 0.145101
v 0.022650 0.388212 0.145070
v 0.022574 0.388111 0.145042
v 0.022505 0.387990 0.145016
v 0.022445 0.387852 0.144994
v 0.022394 0.387700 0.144975
v 0.022353 0.387536 0.144960
v 0.022324 0.387362 0.144949
v 0.022306 0.387183 0.144942
v 0.022300 0.387000 0.144940
v 0.022306 0.386817 0.144942
v 0.022324 0.386638 0.144949
v 0.022353 0.386464 0.144960
v 0.022394 0.386300 0.144975
v 0.022445 0.386148 0.144994
v 0.022505 0.386010 0.145016
v 0.022574 0.385889 0.145042
v 0.022650 0.385788 0.145070
v 0.022732 0.385707 0.145101
v 0.022819 0.385648 0.145133
v 0.022909 0.385612 0.145166
v 0.022930 0.388388 0.145164
v 0.022861 0.388352 0.145128
v 0.022795 0.388293 0.145094
v 0.022732 0.388212 0.145061
v 0.022674 0.388111 0.145031
v 0.022621 0.387990 0.145004
v 0.022575 0.387852 0.144980
v 0.022536 0.387700 0.144960
v 0.022505 0.387536 0.144944
v 0.022482 0.387362 0.144932
v 0.022469 0.387183 0.144925
v 0.022464 0.387000 0.144923
v 0.022469 0.386817 0.144925
v 0.022482 0.386638 0.144932
v 0.022505 0.386464 0.144944
v 0.022536 0.386300 0.144960
v 0.022575 0.386148 0.144980
v 0.022621 0.386010 0.145004
v 0.022674 0.385889 0.145031
v 0.022732 0.385788 0.145061
v 0.022795 0.385707 0.145094
v 0.022861 0.385648 0.145128
v 0.022930 0.385612 0.145164
v 0.022953 0.388388 0.145162
v 0.022906 0.388352 0.145125
v 0.022861 0.388293 0.145089
v 0.022819 0.388212 0.145055
v 0.022779 0.388111 0.145024
v 0.022744 0.387990 0.144995
v 0.022713 0.387852 0.144970
v 0.022686 0.387700 0.144949
v 0.022665 0.387536 0.144932
v 0.022650 0.387362 0.144920
v 0.022641 0.387183 0.144913
v 0.022638 0.387000 0.144910
v 0.022641 0.386817 0.144913
v 0.022650 0.386638 0.144920
v 0.022665 0.386464 0.144932
v 0.022686 0.386300 0.144949
v 0.022713 0.386148 0.144970
v 0.022744 0.386010 0.144995
v 0.022779 0.385889 0.145024
v 0.022819 0.385788 0.145055
v 0.022861 0.385707 0.145089
v 0.022906 0.385648 0.145125
v 0.022953 0.385612 0.145162
v 0.022976 0.388388 0.145161
v 0.022953 0.388352 0.145123
v 0.022930 0.388293 0.145086
v 0.022909 0.388212 0.145051
v 0.022889 0.388111 0.145019
v 0.022871 0.387990 0.144990
v 0.022855 0.387852 0.144964
v 0.022842 0.387700 0.144942
v 0.022831 0.387536 0.144925
v 0.022823 0.387362 0.144913
v 0.022819 0.387183 0.144905
v 0.022817 0.387000 0.144903
v 0.022819 0.386817 0.144905
v 0.022823 0.386638 0.144913
v 0.022831 0.386464 0.144925
v 0.022842 0.386300 0.144942
v 0.022855 0.386148 0.144964
v 0.022871 0.386010 0.144990
v 0.022889 0.385889 0.145019
v 0.022909 0.385788 0.145051
v 0.022930 0.385707 0.145086
v 0.022953 0.385648 0.145123
v 0.022976 0.385612 0.145161
v 0.023000 0.388293 0.145085
v 0.023000 0.388212 0.145050
v 0.023000 0.387990 0.144988
v 0.023000 0.387700 0.144940
v 0.023000 0.387000 0.144900
v 0.023000 0.386464 0.144923
v 0.023000 0.386148 0.144962
v 0.023000 0.385707 0.145085
v 0.023000 0.385648 0.145122
vn -0.0000 0.8472 -0.5313
vn -0.0000 0.6206 -0.7841
vn -0.0000 0.2679 -0.9635
vn -0.0000 0.1617 -0.9868
vn -0.0000 0.0882 -0.9961
vn -0.0000 0.0572 -0.9984
vn -0.0000 0.0281 -0.9996
vn -0.0000 -0.0281 -0.9996
vn -0.0000 -0.0572 -0.9984
vn -0.0000 -0.1224 -0.9925
vn -0.0000 -0.2088 -0.9780
vn -0.0000 -0.2679 -0.9635
vn -0.0000 -0.3463 -0.9381
vn -0.0000 -0.8472 -0.5313
vn 0.0149 0.8491 -0.5280
vn 0.0220 0.6237 -0.7814
vn 0.0250 0.4599 -0.8876
vn 0.0264 0.3488 -0.9368
vn 0.0272 0.2699 -0.9625
vn 0.0276 0.2104 -0.9772
vn 0.0278 0.1630 -0.9862
vn 0.0280 0.1234 -0.9920
vn 0.0281 0.0889 -0.9956
vn 0.0282 0.0576 -0.9979
vn 0.0282 0.0284 -0.9992
vn 0.0282 -0.0000 -0.9996
vn 0.0282 -0.0284 -0.9992
vn 0.0282 -0.0576 -0.9979
vn 0.0281 -0.0889 -0.9956
vn 0.0280 -0.1234 -0.9920
vn 0.0278 -0.1630 -0.9862
vn 0.0276 -0.2104 -0.9772
vn 0.0272 -0.2699 -0.9625
vn 0.0264 -0.3488 -0.9368
vn 0.0250 -0.4599 -0.8876
vn 0.0220 -0.6237 -0.7814
vn 0.0149 -0.8491 -0.5280
vn 0.0297 0.8549 -0.5179
vn 0.0444 0.6331 -0.7728
vn 0.0506 0.4689 -0.8818
vn 0.0536 0.3565 -0.9328
vn 0.0551 0.2762 -0.9595
vn 0.0560 0.2154 -0.9749
vn 0.0565 0.1670 -0.9843
vn 0.0569 0.1264 -0.9903
vn 0.0571 0.0911 -0.9942
vn 0.0572 0.0591 -0.9966
vn 0.0573 0.0291 -0.9979
vn 0.0573 -0.0000 -0.9984
vn 0.0573 -0.0291 -0.9979
vn 0.0572 -0.0591 -0.9966
vn 0.0571 -0.0911 -0.9942
vn 0.0569 -0.1264 -0.9903
vn 0.0565 -0.1670 -0.9843
vn 0.0560 -0.2154 -0.9749
vn 0.0551 -0.2762 -0.9595
vn 0.0536 -0.3565 -0.9328
vn 0.0506 -0.4689 -0.8818
vn 0.0444 -0.6331 -0.7728
vn 0.0297 -0.8549 -0.5179
vn 0.0445 0.8644 -0.5009
vn 0.0673 0.6491 -0.7577
vn 0.0773 0.4845 -0.8714
vn 0.0821 0.3698 -0.9255
vn 0.0847 0.2871 -0.9541
vn 0.0862 0.2243 -0.9707
vn 0.0871 0.1740 -0.9809
vn 0.0876 0.1318 -0.9874
vn 0.0880 0.0950 -0.9916
vn 0.0882 0.0616 -0.9942
vn 0.0884 0.0303 -0.9956
vn 0.0884 -0.0000 -0.9961
vn 0.0884 -0.0303 -0.9956
vn 0.0882 -0.0616 -0.9942
vn 0.0880 -0.0950 -0.9916
vn 0.0876 -0.1318 -0.9874
vn 0.0871 -0.1740 -0.9809
vn 0.0862 -0.2243 -0.9707
vn 0.0847 -0.2871 -0.9541
vn 0.0821 -0.3698 -0.9255
vn 0.0773 -0.4845 -0.8714
vn 0.0673 -0.6491 -0.7577
vn 0.0445 -0.8644 -0.5009
vn 0.0589 0.8772 -0.4765
vn 0.0909 0.6718 -0.7351
vn 0.1058 0.5073 -0.8553
vn 0.1131 0.3896 -0.9140
vn 0.1170 0.3036 -0.9456
vn 0.1193 0.2376 -0.9640
vn 0.1207 0.1846 -0.9754
vn 0.1216 0.1399 -0.9827
vn 0.1222 0.1009 -0.9874
vn 0.1225 0.0655 -0.9903
vn 0.1227 0.0322 -0.9919
vn 0.1228 -0.0000 -0.9924
vn 0.1227 -0.0322 -0.9919
vn 0.1225 -0.0655 -0.9903
vn 0.1222 -0.1009 -0.9874
vn 0.1216 -0.1399 -0.9827
vn 0.1207 -0.1846 -0.9754
vn 0.1193 -0.2376 -0.9640
vn 0.1170 -0.3036 -0.9456
vn 0.1131 -0.3896 -0.9140
vn 0.1058 -0.5073 -0.8553
vn 0.0909 -0.6718 -0.7351
vn 0.0589 -0.8772 -0.4765
vn 0.0731 0.8929 -0.4443
vn 0.1156 0.7015 -0.7032
vn 0.1367 0.5384 -0.8315
vn 0.1474 0.4173 -0.8967
vn 0.1533 0.3268 -0.9326
vn 0.1568 0.2566 -0.9537
vn 0.1590 0.1997 -0.9669
vn 0.1604 0.1516 -0.9753
vn 0.1613 0.1094 -0.9808
vn 0.1618 0.0710 -0.9843
vn 0.1621 0.0350 -0.9861
vn 0.1622 -0.0000 -0.9867
vn 0.1621 -0.0350 -0.9861
vn 0.1618 -0.0710 -0.9843
vn 0.1613 -0.1094 -0.9808
vn 0.1604 -0.1516 -0.9753
vn 0.1590 -0.1997 -0.9669
vn 0.1568 -0.2566 -0.9537
vn 0.1533 -0.3268 -0.9326
vn 0.1474 -0.4173 -0.8967
vn 0.1367 -0.5384 -0.8315
vn 0.1156 -0.7015 -0.7032
vn 0.0731 -0.8929 -0.4443
vn 0.0865 0.9107 -0.4039
vn 0.1413 0.7382 -0.6596
vn 0.1708 0.5791 -0.7972
vn 0.1866 0.4547 -0.8709
vn 0.1956 0.3588 -0.9127
vn 0.2010 0.2831 -0.9378
vn 0.2043 0.2210 -0.9536
vn 0.2065 0.1681 -0.9639
vn 0.2080 0.1215 -0.9706
vn 0.2089 0.0789 -0.9748
vn 0.2094 0.0389 -0.9771
vn 0.2095 -0.0000 -0.9778
vn 0.2094 -0.0389 -0.9771
vn 0.2089 -0.0789 -0.9748
vn 0.2080 -0.1215 -0.9706
vn 0.2065 -0.1681 -0.9639
vn 0.2043 -0.2210 -0.9536
vn 0.2010 -0.2831 -0.9378
vn 0.1956 -0.3588 -0.9127
vn 0.1866 -0.4547 -0.8709
vn 0.1708 -0.5791 -0.7972
vn 0.1413 -0.7382 -0.6596
vn 0.0865 -0.9107 -0.4039
vn 0.0991 0.9296 -0.3549
vn 0.1679 0.7814 -0.6011
vn 0.2087 0.6307 -0.7474
vn 0.2323 0.5043 -0.8317
vn 0.2462 0.4026 -0.8816
vn 0.2548 0.3200 -0.9125
vn 0.2604 0.2510 -0.9323
vn 0.2640 0.1915 -0.9453
vn 0.2664 0.1387 -0.9538
vn 0.2679 0.0902 -0.9592
vn 0.2687 0.0445 -0.9622
vn 0.2690 -0.0000 -0.9631
vn 0.2687 -0.0445 -0.9622
vn 0.2679 -0.0902 -0.9592
vn 0.2664 -0.1387 -0.9538
vn 0.2640 -0.1915 -0.9453
vn 0.2604 -0.2510 -0.9323
vn 0.2548 -0.3200 -0.9125
vn 0.2462 -0.4026 -0.8816
vn 0.2323 -0.5043 -0.8317
vn 0.2087 -0.6307 -0.7474
vn 0.1679 -0.7814 -0.6011
vn 0.0991 -0.9296 -0.3549
vn 0.1104 0.9484 -0.2974
vn 0.1945 0.8293 -0.5239
vn 0.2506 0.6937 -0.6752
vn 0.2861 0.5691 -0.7709
vn 0.3086 0.4623 -0.8313
vn 0.3230 0.3716 -0.8704
vn 0.3326 0.2937 -0.8962
vn 0.3390 0.2253 -0.9134
vn 0.3433 0.1637 -0.9249
vn 0.3460 0.1067 -0.9322
vn 0.3475 0.0527 -0.9362
vn 0.3480 -0.0000 -0.9375
vn 0.3475 -0.0527 -0.9362
vn 0.3460 -0.1067 -0.9322
vn 0.3433 -0.1637 -0.9249
vn 0.3390 -0.2253 -0.9134
vn 0.3326 -0.2937 -0.8962
vn 0.3230 -0.3716 -0.8704
vn 0.3086 -0.4623 -0.8313
vn 0.2861 -0.5691 -0.7709
vn 0.2506 -0.6937 -0.6752
vn 0.1945 -0.8293 -0.5239
vn 0.1104 -0.9484 -0.2974
vn 0.1199 0.9654 -0.2317
vn 0.2197 0.8783 -0.4247
vn 0.2953 0.7662 -0.5708
vn 0.3489 0.6506 -0.6745
vn 0.3861 0.5422 -0.7463
vn 0.4117 0.4439 -0.7959
vn 0.4295 0.3555 -0.8302
vn 0.4417 0.2752 -0.8539
vn 0.4501 0.2012 -0.8700
vn 0.4555 0.1317 -0.8804
vn 0.4585 0.0652 -0.8863
vn 0.4595 -0.0000 -0.8882
vn 0.4585 -0.0652 -0.8863
vn 0.4555 -0.1317 -0.8804
vn 0.4501 -0.2012 -0.8700
vn 0.4417 -0.2752 -0.8539
vn 0.4295 -0.3555 -0.8302
vn 0.4117 -0.4439 -0.7959
vn 0.3861 -0.5422 -0.7463
vn 0.3489 -0.6506 -0.6745
vn 0.2953 -0.7662 -0.5708
vn 0.2197 -0.8783 -0.4247
vn 0.1199 -0.9654 -0.2317
vn 0.1271 0.9791 -0.1589
vn 0.2412 0.9224 -0.3017
vn 0.3386 0.8403 -0.4234
vn 0.4172 0.7441 -0.5217
vn 0.4785 0.6427 -0.5983
vn 0.5251 0.5415 -0.6566
vn 0.5599 0.4432 -0.7001
vn 0.5853 0.3488 -0.7319
vn 0.6034 0.2580 -0.7545
vn 0.6154 0.1702 -0.7696
vn 0.6223 0.0846 -0.7782
vn 0.6246 -0.0000 -0.7810
vn 0.6223 -0.0846 -0.7782
vn 0.6154 -0.1702 -0.7696
vn 0.6034 -0.2580 -0.7545
vn 0.5853 -0.3488 -0.7319
vn 0.5599 -0.4432 -0.7001
vn 0.5251 -0.5415 -0.6566
vn 0.4785 -0.6427 -0.5983
vn 0.4172 -0.7441 -0.5217
vn 0.3386 -0.8403 -0.4234
vn 0.2412 -0.9224 -0.3017
vn 0.1271 -0.9791 -0.1589
vn 0.1316 0.9880 -0.0809
vn 0.2560 0.9538 -0.1573
vn 0.3721 0.8996 -0.2286
vn 0.4769 0.8287 -0.2930
vn 0.5689 0.7445 -0.3495
vn 0.6473 0.6503 -0.3977
vn 0.7120 0.5492 -0.4375
vn 0.7637 0.4434 -0.4692
vn 0.8030 0.3345 -0.4933
vn 0.8304 0.2238 -0.5102
vn 0.8467 0.1121 -0.5202
vn 0.8520 -0.0000 -0.5235
vn 0.8467 -0.1121 -0.5202
vn 0.8304 -0.2238 -0.5102
vn 0.8030 -0.3345 -0.4933
vn 0.7637 -0.4434 -0.4692
vn 0.7120 -0.5492 -0.4375
vn 0.6473 -0.6503 -0.3977
vn 0.5689 -0.7445 -0.3495
vn 0.4769 -0.8287 -0.2930
vn 0.3721 -0.8996 -0.2286
vn 0.2560 -0.9538 -0.1573
vn 0.1316 -0.9880 -0.0809
vn 0.1332 0.9911 -0.0000
vn 0.2614 0.9652 -0.0000
vn 0.3850 0.9229 -0.0000
vn 0.5020 0.8648 -0.0000
vn 0.6105 0.7920 -0.0000
vn 0.7085 0.7057 -0.0000
vn 0.7944 0.6075 -0.0000
vn 0.8667 0.4988 -0.0000
vn 0.9243 0.3817 -0.0000
vn 0.9661 0.2581 -0.0000
vn 0.9915 0.1302 -0.0000
vn 1.0000 -0.0000 -0.0000
vn 0.9915 -0.1302 -0.0000
vn 0.9661 -0.2581 -0.0000
vn 0.9243 -0.3817 -0.0000
vn 0.8667 -0.4988 -0.0000
vn 0.7944 -0.6075 -0.0000
vn 0.7085 -0.7057 -0.0000
vn 0.6105 -0.7920 -0.0000
vn 0.5020 -0.8648 -0.0000
vn 0.3850 -0.9229 -0.0000
vn 0.2614 -0.9652 -0.0000
vn 0.1332 -0.9911 -0.0000
vn 0.1316 0.9880 0.0809
vn 0.2560 0.9538 0.1573
vn 0.3721 0.8996 0.2286
vn 0.4769 0.8287 0.2930
vn 0.5689 0.7445 0.3495
vn 0.6473 0.6503 0.3977
vn 0.7120 0.5492 0.4375
vn 0.7637 0.4434 0.4692
vn 0.8030 0.3345 0.4933
vn 0.8304 0.2238 0.5102
vn 0.8467 0.1121 0.5202
vn 0.8520 -0.0000 0.5235
vn 0.8467 -0.1121 0.5202
vn 0.8304 -0.2238 0.5102
vn 0.8030 -0.3345 0.4933
vn 0.7637 -0.4434 0.4692
vn 0.7120 -0.5492 0.4375
vn 0.6473 -0.6503 0.3977
vn 0.5689 -0.7445 0.3495
vn 0.4769 -0.8287 0.2930
vn 0.3721 -0.8996 0.2286
vn 0.2560 -0.9538 0.1573
vn 0.1316 -0.9880 0.0809
vn 0.1271 0.9791 0.1589
vn 0.2412 0.9224 0.3017
vn 0.3386 0.8403 0.4234
vn 0.4172 0.7441 0.5217
vn 0.4785 0.6427 0.5983
vn 0.5251 0.5415 0.6566
vn 0.5599 0.4432 0.7001
vn 0.5853 0.3488 0.7319
vn 0.6034 0.2580 0.7545
vn 0.6154 0.1702 0.7696
vn 0.6223 0.0846 0.7782
vn 0.6246 -0.0000 0.7810
vn 0.6223 -0.0846 0.7782
vn 0.6154 -0.1702 0.7696
vn 0.6034 -0.2580 0.7545
vn 0.5853 -0.3488 0.7319
vn 0.5599 -0.4432 0.7001
vn 0.5251 -0.5415 0.6566
vn 0.4785 -0.6427 0.5983
vn 0.4172 -0.7441 0.5217
vn 0.3386 -0.8403 0.4234
vn 0.2412 -0.9224 0.3017
vn 0.1271 -0.9791 0.1589
vn 0.1199 0.9654 0.2317
vn 0.2197 0.8783 0.4247
vn 0.2953 0.7662 0.5708
vn 0.3489 0.6506 0.6745
vn 0.3861 0.5422 0.7463
vn 0.4117 0.4439 0.7959
vn 0.4295 0.3555 0.8302
vn 0.4417 0.2752 0.8539
vn 0.4501 0.2012 0.8700
vn 0.4555 0.1317 0.8804
vn 0.4585 0.0652 0.8863
vn 0.4595 -0.0000 0.8882
vn 0.4585 -0.0652 0.8863
vn 0.4555 -0.1317 0.8804
vn 0.4501 -0.2012 0.8700
vn 0.4417 -0.2752 0.8539
vn 0.4295 -0.3555 0.8302
vn 0.4117 -0.4439 0.7959
vn 0.3861 -0.5422 0.7463
vn 0.3489 -0.6506 0.6745
vn 0.2953 -0.7662 0.5708
vn 0.2197 -0.8783 0.4247
vn 0.1199 -0.9654 0.2317
vn 0.1104 0.9484 0.2974
vn 0.1945 0.8293 0.5239
vn 0.2506 0.6937 0.6752
vn 0.2861 0.5691 0.7709
vn 0.3086 0.4623 0.8313
vn 0.3230 0.3716 0.8704
vn 0.3326 0.2937 0.8962
vn 0.3390 0.2253 0.9134
vn 0.3433 0.1637 0.9249
vn 0.3460 0.1067 0.9322
vn 0.3475 0.0527 0.9362
vn 0.3480 -0.0000 0.9375
vn 0.3475 -0.0527 0.9362
vn 0.3460 -0.1067 0.9322
vn 0.3433 -0.1637 0.9249
vn 0.3390 -0.2253 0.9134
vn 0.3326 -0.2937 0.8962
vn 0.3230 -0.3716 0.8704
vn 0.3086 -0.4623 0.8313
vn 0.2861 -0.5691 0.7709
vn 0.2506 -0.6937 0.6752
vn 0.1945 -0.8293 0.5239
vn 0.1104 -0.9484 0.2974
vn 0.0991 0.9296 0.3549
vn 0.1679 0.7814 0.6011
vn 0.2087 0.6307 0.7474
vn 0.2323 0.5043 0.8317
vn 0.2462 0.4026 0.8816
vn 0.2548 0.3200 0.9125
vn 0.2604 0.2510 0.9323
vn 0.2640 0.1915 0.9453
vn 0.2664 0.1387 0.9538
vn 0.2679 0.0902 0.9592
vn 0.2687 0.0445 0.9622
vn 0.2690 -0.0000 0.9631
vn 0.2687 -0.0445 0.9622
vn 0.2679 -0.0902 0.9592
vn 0.2664 -0.1387 0.9538
vn 0.2640 -0.1915 0.9453
vn 0.2604 -0.2510 0.9323
vn 0.2548 -0.3200 0.9125
vn 0.2462 -0.4026 0.8816
vn 0.2323 -0.5043 0.8317
vn 0.2087 -0.6307 0.7474
vn 0.1679 -0.7814 0.6011
vn 0.0991 -0.9296 0.3549
vn 0.0865 0.9107 0.4039
vn 0.1413 0.7382 0.6596
vn 0.1708 0.5791 0.7972
vn 0.1866 0.4547 0.8709
vn 0.1956 0.3588 0.9127
vn 0.2010 0.2831 0.9378
vn 0.2043 0.2210 0.9536
vn 0.2065 0.1681 0.9639
vn 0.2080 0.1215 0.9706
vn 0.2089 0.0789 0.9748
vn 0.2094 0.0389 0.9771
vn 0.2095 -0.0000 0.9778
vn 0.2094 -0.0389 0.9771
vn 0.2089 -0.0789 0.9748
vn 0.2080 -0.1215 0.9706
vn 0.2065 -0.1681 0.9639
vn 0.2043 -0.2210 0.9536
vn 0.2010 -0.2831 0.9378
vn 0.1956 -0.3588 0.9127
vn 0.1866 -0.4547 0.8709
vn 0.1708 -0.5791 0.7972
vn 0.1413 -0.7382 0.6596
vn 0.0865 -0.9107 0.4039
vn 0.0731 0.8929 0.4443
vn 0.1156 0.7015 0.7032
vn 0.1367 0.5384 0.8315
vn 0.1474 0.4173 0.8967
vn 0.1533 0.3268 0.9326
vn 0.1568 0.2566 0.9537
vn 0.1590 0.1997 0.9669
vn 0.1604 0.1516 0.9753
vn 0.1613 0.1094 0.9808
vn 0.1618 0.0710 0.9843
vn 0.1621 0.0350 0.9861
vn 0.1622 -0.0000 0.9867
vn 0.1621 -0.0350 0.9861
vn 0.1618 -0.0710 0.9843
vn 0.1613 -0.1094 0.9808
vn 0.1604 -0.1516 0.9753
vn 0.1590 -0.1997 0.9669
vn 0.1568 -0.2566 0.9537
vn 0.1533 -0.3268 0.9326
vn 0.1474 -0.4173 0.8967
vn 0.1367 -0.5384 0.8315
vn 0.1156 -0.7015 0.7032
vn 0.0731 -0.8929 0.4443
vn 0.0589 0.8772 0.4765
vn 0.0909 0.6718 0.7351
vn 0.1058 0.5073 0.8553
vn 0.1131 0.3896 0.9140
vn 0.1170 0.3036 0.9456
vn 0.1193 0.2376 0.9640
vn 0.1207 0.1846 0.9754
vn 0.1216 0.1399 0.9827
vn 0.1222 0.1009 0.9874
vn 0.1225 0.0655 0.9903
vn 0.1227 0.0322 0.9919
vn 0.1228 -0.0000 0.9924
vn 0.1227 -0.0322 0.9919
vn 0.1225 -0.0655 0.9903
vn 0.1222 -0.1009 0.9874
vn 0.1216 -0.1399 0.9827
vn 0.1207 -0.1846 0.9754
vn 0.1193 -0.2376 0.9640
vn 0.1170 -0.3036 0.9456
vn 0.1131 -0.3896 0.9140
vn 0.1058 -0.5073 0.8553
vn 0.0909 -0.6718 0.7351
vn 0.0589 -0.8772 0.4765
vn 0.0445 0.8644 0.5009
vn 0.0673 0.6491 0.7577
vn 0.0773 0.4845 0.8714
vn 0.0821 0.3698 0.9255
vn 0.0847 0.2871 0.9541
vn 0.0862 0.2243 0.9707
vn 0.0871 0.1740 0.9809
vn 0.0876 0.1318 0.9874
vn 0.0880 0.0950 0.9916
vn 0.0882 0.0616 0.9942
vn 0.0884 0.0303 0.9956
vn 0.0884 -0.0000 0.9961
vn 0.0884 -0.0303 0.9956
vn 0.0882 -0.0616 0.9942
vn 0.0880 -0.0950 0.9916
vn 0.0876 -0.1318 0.9874
vn 0.0871 -0.1740 0.9809
vn 0.0862 -0.2243 0.9707
vn 0.0847 -0.2871 0.9541
vn 0.0821 -0.3698 0.9255
vn 0.0773 -0.4845 0.8714
vn 0.0673 -0.6491 0.7577
vn 0.0445 -0.8644 0.5009
vn 0.0297 0.8549 0.5179
vn 0.0444 0.6331 0.7728
vn 0.0506 0.4689 0.8818
vn 0.0536 0.3565 0.9328
vn 0.0551 0.2762 0.9595
vn 0.0560 0.2154 0.9749
vn 0.0565 0.1670 0.9843
vn 0.0569 0.1264 0.9903
vn 0.0571 0.0911 0.9942
vn 0.0572 0.0591 0.9966
vn 0.0573 0.0291 0.9979
vn 0.0573 -0.0000 0.9984
vn 0.0573 -0.0291 0.9979
vn 0.0572 -0.0591 0.9966
vn 0.0571 -0.0911 0.9942
vn 0.0569 -0.1264 0.9903
vn 0.0565 -0.1670 0.9843
vn 0.0560 -0.2154 0.9749
vn 0.0551 -0.2762 0.9595
vn 0.0536 -0.3565 0.9328
vn 0.0506 -0.4689 0.8818
vn 0.0444 -0.6331 0.7728
vn 0.0297 -0.8549 0.5179
vn 0.0149 0.8491 0.5280
vn 0.0220 0.6237 0.7814
vn 0.0250 0.4599 0.8876
vn 0.0264 0.3488 0.9368
vn 0.0272 0.2699 0.9625
vn 0.0276 0.2104 0.9772
vn 0.0278 0.1630 0.9862
vn 0.0280 0.1234 0.9920
vn 0.0281 0.0889 0.9956
vn 0.0282 0.0576 0.9979
vn 0.0282 0.0284 0.9992
vn 0.0282 -0.0000 0.9996
vn 0.0282 -0.0284 0.9992
vn 0.0282 -0.0576 0.9979
vn 0.0281 -0.0889 0.9956
vn 0.0280 -0.1234 0.9920
vn 0.0278 -0.1630 0.9862
vn 0.0276 -0.2104 0.9772
vn 0.0272 -0.2699 0.9625
vn 0.0264 -0.3488 0.9368
vn 0.0250 -0.4599 0.8876
vn 0.0220 -0.6237 0.7814
vn 0.0149 -0.8491 0.5280
vn -0.0000 0.8472 0.5313
vn -0.0000 0.6206 0.7841
vn -0.0000 0.4569 0.8895
vn -0.0000 0.3463 0.9381
vn -0.0000 0.2679 0.9635
vn -0.0000 0.2088 0.9780
vn -0.0000 0.1617 0.9868
vn -0.0000 0.1224 0.9925
vn -0.0000 0.0882 0.9961
vn -0.0000 0.0572 0.9984
vn -0.0000 0.0281 0.9996
vn -0.0000 -0.0000 1.0000
vn -0.0000 -0.0281 0.9996
vn -0.0000 -0.0572 0.9984
vn -0.0000 -0.0882 0.9961
vn -0.0000 -0.1224 0.9925
vn -0.0000 -0.1617 0.9868
vn -0.0000 -0.2088 0.9780
vn -0.0000 -0.2679 0.9635
vn -0.0000 -0.3463 0.9381
vn -0.0000 -0.4569 0.8895
vn -0.0000 -0.6206 0.7841
vn -0.0000 -0.8472 0.5313
vn -0.0149 0.8491 0.5280
vn -0.0220 0.6237 0.7814
vn -0.0250 0.4599 0.8876
vn -0.0264 0.3488 0.9368
vn -0.0272 0.2699 0.9625
vn -0.0276 0.2104 0.9772
vn -0.0278 0.1630 0.9862
vn -0.0280 0.1234 0.9920
vn -0.0281 0.0889 0.9956
vn -0.0282 0.0576 0.9979
vn -0.0282 0.0284 0.9992
vn -0.0282 -0.0000 0.9996
vn -0.0282 -0.0284 0.9992
vn -0.0282 -0.0576 0.9979
vn -0.0281 -0.0889 0.9956
vn -0.0280 -0.1234 0.9920
vn -0.0278 -0.1630 0.9862
vn -0.0276 -0.2104 0.9772
vn -0.0272 -0.2699 0.9625
vn -0.0264 -0.3488 0.9368
vn -0.0250 -0.4599 0.8876
vn -0.0220 -0.6237 0.7814
vn -0.0149 -0.8491 0.5280
vn -0.0297 0.8549 0.5179
vn -0.0444 0.6331 0.7728
vn -0.0506 0.4689 0.8818
vn -0.0536 0.3565 0.9328
vn -0.0551 0.2762 0.9595
vn -0.0560 0.2154 0.9749
vn -0.0565 0.1670 0.9843
vn -0.0569 0.1264 0.9903
vn -0.0571 0.0911 0.9942
vn -0.0572 0.0591 0.9966
vn -0.0573 0.0291 0.9979
vn -0.0573 -0.0000 0.9984
vn -0.0573 -0.0291 0.9979
vn -0.0572 -0.0591 0.9966
vn -0.0571 -0.0911 0.9942
vn -0.0569 -0.1264 0.9903
vn -0.0565 -0.1670 0.9843
vn -0.0560 -0.2154 0.9749
vn -0.0551 -0.2762 0.9595
vn -0.0536 -0.3565 0.9328
vn -0.0506 -0.4689 0.8818
vn -0.0444 -0.6331 0.7728
vn -0.0297 -0.8549 0.5179
vn -0.0445 0.8644 0.5009
vn -0.0673 0.6491 0.7577
vn -0.0773 0.4845 0.8714
vn -0.0821 0.3698 0.9255
vn -0.0847 0.2871 0.9541
vn -0.0862 0.2243 0.9707
vn -0.0871 0.1740 0.9809
vn -0.0876 0.1318 0.9874
vn -0.0880 0.0950 0.9916
vn -0.0882 0.0616 0.9942
vn -0.0884 0.0303 0.9956
vn -0.0884 -0.0000 0.9961
vn -0.0884 -0.0303 0.9956
vn -0.0882 -0.0616 0.9942
vn -0.0880 -0.0950 0.9916
vn -0.0876 -0.1318 0.9874
vn -0.0871 -0.1740 0.9809
vn -0.0862 -0.2243 0.9707
vn -0.0847 -0.2871 0.9541
vn -0.0821 -0.3698 0.9255
vn -0.0773 -0.4845 0.8714
vn -0.0673 -0.6491 0.7577
vn -0.0445 -0.8644 0.5009
vn -0.0589 0.8772 0.4765
vn -0.0909 0.6718 0.7351
vn -0.1058 0.5073 0.8553
vn -0.1131 0.3896 0.9140
vn -0.1170 0.3036 0.9456
vn -0.1193 0.2376 0.9640
vn -0.1207 0.1846 0.9754
vn -0.1216 0.1399 0.9827
vn -0.1222 0.1009 0.9874
vn -0.1225 0.0655 0.9903
vn -0.1227 0.0322 0.9919
vn -0.1228 -0.0000 0.9924
vn -0.1227 -0.0322 0.9919
vn -0.1225 -0.0655 0.9903
vn -0.1222 -0.1009 0.9874
vn -0.1216 -0.1399 0.9827
vn -0.1207 -0.1846 0.9754
vn -0.1193 -0.2376 0.9640
vn -0.1170 -0.3036 0.9456
vn -0.1131 -0.3896 0.9140
vn -0.1058 -0.5073 0.8553
vn -0.0909 -0.6718 0.7351
vn -0.0589 -0.8772 0.4765
vn -0.0000 -1.0000 -0.0000
vn -0.0731 0.8929 0.4443
vn -0.1156 0.7015 0.7032
vn -0.1367 0.5384 0.8315
vn -0.1475 0.4173 0.8967
vn -0.1533 0.3268 0.9326
vn -0.1568 0.2566 0.9537
vn -0.1590 0.1997 0.9669
vn -0.1604 0.1516 0.9753
vn -0.1613 0.1094 0.9808
vn -0.1618 0.0710 0.9843
vn -0.1621 0.0350 0.9861
vn -0.1622 -0.0000 0.9867
vn -0.1621 -0.0350 0.9861
vn -0.1618 -0.0710 0.9843
vn -0.1613 -0.1094 0.9808
vn -0.1604 -0.1516 0.9753
vn -0.1590 -0.1997 0.9669
vn -0.1568 -0.2566 0.9537
vn -0.1533 -0.3268 0.9326
vn -0.1474 -0.4173 0.8967
vn -0.1367 -0.5384 0.8315
vn -0.1156 -0.7015 0.7032
vn -0.0731 -0.8929 0.4443
vn -0.0865 0.9107 0.4039
vn -0.1413 0.7382 0.6596
vn -0.1708 0.5791 0.7972
vn -0.1866 0.4547 0.8709
vn -0.1956 0.3588 0.9127
vn -0.2010 0.2831 0.9378
vn -0.2043 0.2210 0.9536
vn -0.2065 0.1681 0.9639
vn -0.2080 0.1215 0.9706
vn -0.2089 0.0789 0.9748
vn -0.2094 0.0389 0.9771
vn -0.2095 -0.0000 0.9778
vn -0.2094 -0.0389 0.9771
vn -0.2089 -0.0789 0.9748
vn -0.2080 -0.1215 0.9706
vn -0.2065 -0.1681 0.9639
vn -0.2043 -0.2210 0.9536
vn -0.2010 -0.2831 0.9378
vn -0.1956 -0.3588 0.9127
vn -0.1866 -0.4547 0.8709
vn -0.1708 -0.5791 0.7972
vn -0.1413 -0.7382 0.6596
vn -0.0865 -0.9107 0.4039
vn -0.0000 1.0000 -0.0000
vn -0.0991 0.9296 0.3549
vn -0.1679 0.7814 0.6011
vn -0.2087 0.6307 0.7474
vn -0.2323 0.5043 0.8317
vn -0.2462 0.4026 0.8816
vn -0.2548 0.3200 0.9125
vn -0.2604 0.2510 0.9323
vn -0.2640 0.1915 0.9453
vn -0.2664 0.1387 0.9538
vn -0.2679 0.0902 0.9592
vn -0.2687 0.0445 0.9622
vn -0.2690 -0.0000 0.9631
vn -0.2687 -0.0445 0.9622
vn -0.2679 -0.0902 0.9592
vn -0.2664 -0.1387 0.9538
vn -0.2640 -0.1915 0.9453
vn -0.2604 -0.2510 0.9323
vn -0.2548 -0.3200 0.9125
vn -0.2462 -0.4026 0.8816
vn -0.2323 -0.5043 0.8317
vn -0.2087 -0.6307 0.7474
vn -0.1679 -0.7814 0.6011
vn -0.0991 -0.9296 0.3549
vn -0.1104 0.9484 0.2974
vn -0.1945 0.8293 0.5239
vn -0.2506 0.6937 0.6752
vn -0.2861 0.5691 0.7709
vn -0.3086 0.4623 0.8313
vn -0.3230 0.3716 0.8704
vn -0.3326 0.2937 0.8962
vn -0.3390 0.2253 0.9134
vn -0.3433 0.1637 0.9249
vn -0.3460 0.1067 0.9322
vn -0.3475 0.0527 0.9362
vn -0.3480 -0.0000 0.9375
vn -0.3475 -0.0527 0.9362
vn -0.3460 -0.1067 0.9322
vn -0.3433 -0.1637 0.9249
vn -0.3390 -0.2253 0.9134
vn -0.3326 -0.2937 0.8962
vn -0.3230 -0.3716 0.8704
vn -0.3086 -0.4623 0.8313
vn -0.2861 -0.5691 0.7709
vn -0.2506 -0.6937 0.6752
vn -0.1945 -0.8293 0.5239
vn -0.1104 -0.9484 0.2974
vn -0.1199 0.9654 0.2317
vn -0.2197 0.8783 0.4247
vn -0.2953 0.7662 0.5708
vn -0.3489 0.6506 0.6745
vn -0.3861 0.5422 0.7463
vn -0.4117 0.4439 0.7959
vn -0.4295 0.3555 0.8302
vn -0.4417 0.2752 0.8539
vn -0.4501 0.2012 0.8700
vn -0.4555 0.1317 0.8804
vn -0.4585 0.0652 0.8863
vn -0.4595 -0.0000 0.8882
vn -0.4585 -0.0652 0.8863
vn -0.4555 -0.1317 0.8804
vn -0.4501 -0.2012 0.8700
vn -0.4417 -0.2752 0.8539
vn -0.4295 -0.3555 0.8302
vn -0.4117 -0.4439 0.7959
vn -0.3861 -0.5422 0.7463
vn -0.3489 -0.6506 0.6745
vn -0.2953 -0.7662 0.5708
vn -0.2197 -0.8783 0.4247
vn -0.1199 -0.9654 0.2317
vn -0.1271 0.9791 0.1589
vn -0.2412 0.9224 0.3017
vn -0.3386 0.8403 0.4234
vn -0.4172 0.7441 0.5217
vn -0.4785 0.6427 0.5983
vn -0.5251 0.5415 0.6566
vn -0.5599 0.4432 0.7001
vn -0.5853 0.3488 0.7319
vn -0.6034 0.2580 0.7545
vn -0.6154 0.1702 0.7696
vn -0.6223 0.0846 0.7782
vn -0.6246 -0.0000 0.7810
vn -0.6223 -0.0846 0.7782
vn -0.6154 -0.1702 0.7696
vn -0.6034 -0.2580 0.7545
vn -0.5853 -0.3488 0.7319
vn -0.5599 -0.4432 0.7001
vn -0.5251 -0.5415 0.6566
vn -0.4785 -0.6427 0.5983
vn -0.4172 -0.7441 0.5217
vn -0.3386 -0.8403 0.4234
vn -0.2412 -0.9224 0.3017
vn -0.1271 -0.9791 0.1589
vn -0.1316 0.9880 0.0809
vn -0.2560 0.9538 0.1573
vn -0.3721 0.8996 0.2286
vn -0.4769 0.8287 0.2930
vn -0.5689 0.7445 0.3495
vn -0.6473 0.6503 0.3977
vn -0.7120 0.5492 0.4375
vn -0.7637 0.4434 0.4692
vn -0.8030 0.3345 0.4933
vn -0.8304 0.2238 0.5102
vn -0.8467 0.1121 0.5202
vn -0.8520 -0.0000 0.5235
vn -0.8467 -0.1121 0.5202
vn -0.8304 -0.2238 0.5102
vn -0.8030 -0.3345 0.4933
vn -0.7637 -0.4434 0.4692
vn -0.7120 -0.5492 0.4375
vn -0.6473 -0.6503 0.3977
vn -0.5689 -0.7445 0.3495
vn -0.4769 -0.8287 0.2930
vn -0.3721 -0.8996 0.2286
vn -0.2560 -0.9538 0.1573
vn -0.1316 -0.9880 0.0809
vn -0.1332 0.9911 -0.0000
vn -0.2614 0.9652 -0.0000
vn -0.3850 0.9229 -0.0000
vn -0.5020 0.8648 -0.0000
vn -0.6105 0.7920 -0.0000
vn -0.7085 0.7057 -0.0000
vn -0.7944 0.6075 -0.0000
vn -0.8667 0.4988 -0.0000
vn -0.9243 0.3817 -0.0000
vn -0.9661 0.2581 -0.0000
vn -0.9915 0.1302 -0.0000
vn -1.0000 -0.0000 -0.0000
vn -0.9915 -0.1302 -0.0000
vn -0.9661 -0.2581 -0.0000
vn -0.9243 -0.3817 -0.0000
vn -0.8667 -0.4988 -0.0000
vn -0.7944 -0.6075 -0.0000
vn -0.7085 -0.7057 -0.0000
vn -0.6105 -0.7920 -0.0000
vn -0.5020 -0.8648 -0.0000
vn -0.3850 -0.9229 -0.0000
vn -0.2614 -0.9652 -0.0000
vn -0.1332 -0.9911 -0.0000
vn -0.1316 0.9880 -0.0809
vn -0.2560 0.9538 -0.1573
vn -0.3721 0.8996 -0.2286
vn -0.4769 0.8287 -0.2930
vn -0.5689 0.7445 -0.3495
vn -0.6473 0.6503 -0.3977
vn -0.7120 0.5492 -0.4375
vn -0.7637 0.4434 -0.4692
vn -0.8030 0.3345 -0.4933
vn -0.8304 0.2238 -0.5102
vn -0.8467 0.1121 -0.5202
vn -0.8520 -0.0000 -0.5235
vn -0.8467 -0.1121 -0.5202
vn -0.8304 -0.2238 -0.5102
vn -0.8030 -0.3345 -0.4933
vn -0.7637 -0.4434 -0.4692
vn -0.7120 -0.5492 -0.4375
vn -0.6473 -0.6503 -0.3977
vn -0.5689 -0.7445 -0.3495
vn -0.4769 -0.8287 -0.2930
vn -0.3721 -0.8996 -0.2286
vn -0.2560 -0.9538 -0.1573
vn -0.1316 -0.9880 -0.0809
vn -0.1271 0.9791 -0.1589
vn -0.2412 0.9224 -0.3017
vn -0.3386 0.8403 -0.4234
vn -0.4172 0.7441 -0.5217
vn -0.4785 0.6427 -0.5983
vn -0.5251 0.5415 -0.6566
vn -0.5599 0.4432 -0.7001
vn -0.5853 0.3488 -0.7319
vn -0.6034 0.2580 -0.7545
vn -0.6154 0.1702 -0.7696
vn -0.6223 0.0846 -0.7782
vn -0.6246 -0.0000 -0.7810
vn -0.6223 -0.0846 -0.7782
vn -0.6154 -0.1702 -0.7696
vn -0.6034 -0.2580 -0.7545
vn -0.5853 -0.3488 -0.7319
vn -0.5599 -0.4432 -0.7001
vn -0.5251 -0.5415 -0.6566
vn -0.4785 -0.6427 -0.5983
vn -0.4172 -0.7441 -0.5217
vn -0.3386 -0.8403 -0.4234
vn -0.2412 -0.9224 -0.3017
vn -0.1271 -0.9791 -0.1589
vn -0.1199 0.9654 -0.2317
vn -0.2197 0.8783 -0.4247
vn -0.2953 0.7662 -0.5708
vn -0.3489 0.6506 -0.6745
vn -0.3861 0.5422 -0.7463
vn -0.4117 0.4439 -0.7959
vn -0.4295 0.3555 -0.8302
vn -0.4417 0.2752 -0.8539
vn -0.4501 0.2012 -0.8700
vn -0.4555 0.1317 -0.8804
vn -0.4585 0.0652 -0.8863
vn -0.4595 -0.0000 -0.8882
vn -0.4585 -0.0652 -0.8863
vn -0.4555 -0.1317 -0.8804
vn -0.4501 -0.2012 -0.8700
vn -0.4417 -0.2752 -0.8539
vn -0.4295 -0.3555 -0.8302
vn -0.4117 -0.4439 -0.7959
vn -0.3861 -0.5422 -0.7463
vn -0.3489 -0.6506 -0.6745
vn -0.2953 -0.7662 -0.5708
vn -0.2197 -0.8783 -0.4247
vn -0.1199 -0.9654 -0.2317
vn -0.1104 0.9484 -0.2974
vn -0.1945 0.8293 -0.5239
vn -0.2506 0.6937 -0.6752
vn -0.2861 0.5691 -0.7709
vn -0.3086 0.4623 -0.8313
vn -0.3230 0.3716 -0.8704
vn -0.3326 0.2937 -0.8962
vn -0.3390 0.2253 -0.9134
vn -0.3433 0.1637 -0.9249
vn -0.3460 0.1067 -0.9322
vn -0.3475 0.0527 -0.9362
vn -0.3480 -0.0000 -0.9375
vn -0.3475 -0.0527 -0.9362
vn -0.3460 -0.1067 -0.9322
vn -0.3433 -0.1637 -0.9249
vn -0.3390 -0.2253 -0.9134
vn -0.3326 -0.2937 -0.8962
vn -0.3230 -0.3716 -0.8704
vn -0.3086 -0.4623 -0.8313
vn -0.2861 -0.5691 -0.7709
vn -0.2506 -0.6937 -0.6752
vn -0.1945 -0.8293 -0.5239
vn -0.1104 -0.9484 -0.2974
vn -0.0991 0.9296 -0.3549
vn -0.1679 0.7814 -0.6011
vn -0.2087 0.6307 -0.7474
vn -0.2323 0.5043 -0.8317
vn -0.2462 0.4026 -0.8816
vn -0.2548 0.3200 -0.9125
vn -0.2604 0.2510 -0.9323
vn -0.2640 0.1915 -0.9453
vn -0.2664 0.1387 -0.9538
vn -0.2679 0.0902 -0.9592
vn -0.2687 0.0445 -0.9622
vn -0.2690 -0.0000 -0.9631
vn -0.2687 -0.0445 -0.9622
vn -0.2679 -0.0902 -0.9592
vn -0.2664 -0.1387 -0.9538
vn -0.2640 -0.1915 -0.9453
vn -0.2604 -0.2510 -0.9323
vn -0.2548 -0.3200 -0.9125
vn -0.2462 -0.4026 -0.8816
vn -0.2323 -0.5043 -0.8317
vn -0.2087 -0.6307 -0.7474
vn -0.1679 -0.7814 -0.6011
vn -0.0991 -0.9296 -0.3549
vn -0.0865 0.9107 -0.4039
vn -0.1413 0.7382 -0.6596
vn -0.1708 0.5791 -0.7972
vn -0.1866 0.4547 -0.8709
vn -0.1956 0.3588 -0.9127
vn -0.2010 0.2831 -0.9378
vn -0.2043 0.2210 -0.9536
vn -0.2065 0.1681 -0.9639
vn -0.2080 0.1215 -0.9706
vn -0.2089 0.0789 -0.9748
vn -0.2094 0.0389 -0.9771
vn -0.2095 -0.0000 -0.9778
vn -0.2094 -0.0389 -0.9771
vn -0.2089 -0.0789 -0.9748
vn -0.2080 -0.1215 -0.9706
vn -0.2065 -0.1681 -0.9639
vn -0.2043 -0.2210 -0.9536
vn -0.2010 -0.2831 -0.9378
vn -0.1956 -0.3588 -0.9127
vn -0.1866 -0.4547 -0.8709
vn -0.1708 -0.5791 -0.7972
vn -0.1413 -0.7382 -0.6596
vn -0.0865 -0.9107 -0.4039
vn -0.0731 0.8929 -0.4443
vn -0.1156 0.7015 -0.7032
vn -0.1367 0.5384 -0.8315
vn -0.1474 0.4173 -0.8967
vn -0.1533 0.3268 -0.9326
vn -0.1568 0.2566 -0.9537
vn -0.1590 0.1997 -0.9669
vn -0.1604 0.1516 -0.9753
vn -0.1613 0.1094 -0.9808
vn -0.1618 0.0710 -0.9843
vn -0.1621 0.0350 -0.9861
vn -0.1622 -0.0000 -0.9867
vn -0.1621 -0.0350 -0.9861
vn -0.1618 -0.0710 -0.9843
vn -0.1613 -0.1094 -0.9808
vn -0.1604 -0.1516 -0.9753
vn -0.1590 -0.1997 -0.9669
vn -0.1568 -0.2566 -0.9537
vn -0.1533 -0.3268 -0.9326
vn -0.1474 -0.4173 -0.8967
vn -0.1367 -0.5384 -0.8315
vn -0.1156 -0.7015 -0.7032
vn -0.0731 -0.8929 -0.4443
vn -0.0589 0.8772 -0.4765
vn -0.0909 0.6718 -0.7351
vn -0.1058 0.5073 -0.8553
vn -0.1131 0.3896 -0.9140
vn -0.1170 0.3036 -0.9456
vn -0.1193 0.2376 -0.9640
vn -0.1207 0.1846 -0.9754
vn -0.1216 0.1399 -0.9827
vn -0.1222 0.1009 -0.9874
vn -0.1225 0.0655 -0.9903
vn -0.1227 0.0322 -0.9919
vn -0.1228 -0.0000 -0.9924
vn -0.1227 -0.0322 -0.9919
vn -0.1225 -0.0655 -0.9903
vn -0.1222 -0.1009 -0.9874
vn -0.1216 -0.1399 -0.9827
vn -0.1207 -0.1846 -0.9754
vn -0.1193 -0.2376 -0.9640
vn -0.1170 -0.3036 -0.9456
vn -0.1131 -0.3896 -0.9140
vn -0.1058 -0.5073 -0.8553
vn -0.0909 -0.6718 -0.7351
vn -0.0589 -0.8772 -0.4765
vn -0.0445 0.8644 -0.5009
vn -0.0673 0.6491 -0.7577
vn -0.0773 0.4845 -0.8714
vn -0.0821 0.3698 -0.9255
vn -0.0847 0.2871 -0.9541
vn -0.0862 0.2243 -0.9707
vn -0.0871 0.1740 -0.9809
vn -0.0876 0.1318 -0.9874
vn -0.0880 0.0950 -0.9916
vn -0.0882 0.0616 -0.9942
vn -0.0884 0.0303 -0.9956
vn -0.0884 -0.0000 -0.9961
vn -0.0884 -0.0303 -0.9956
vn -0.0882 -0.0616 -0.9942
vn -0.0880 -0.0950 -0.9916
vn -0.0876 -0.1318 -0.9874
vn -0.0871 -0.1740 -0.9809
vn -0.0862 -0.2243 -0.9707
vn -0.0847 -0.2871 -0.9541
vn -0.0821 -0.3698 -0.9255
vn -0.0773 -0.4845 -0.8714
vn -0.0673 -0.6491 -0.7577
vn -0.0445 -0.8644 -0.5009
vn -0.0297 0.8549 -0.5179
vn -0.0444 0.6331 -0.7728
vn -0.0506 0.4689 -0.8818
vn -0.0536 0.3565 -0.9328
vn -0.0551 0.2762 -0.9595
vn -0.0560 0.2154 -0.9749
vn -0.0565 0.1670 -0.9843
vn -0.0569 0.1264 -0.9903
vn -0.0571 0.0911 -0.9942
vn -0.0572 0.0591 -0.9966
vn -0.0573 0.0291 -0.9979
vn -0.0573 -0.0000 -0.9984
vn -0.0573 -0.0291 -0.9979
vn -0.0572 -0.0591 -0.9966
vn -0.0571 -0.0911 -0.9942
vn -0.0569 -0.1264 -0.9903
vn -0.0565 -0.1670 -0.9843
vn -0.0560 -0.2154 -0.9749
vn -0.0551 -0.2762 -0.9595
vn -0.0536 -0.3565 -0.9328
vn -0.0506 -0.4689 -0.8818
vn -0.0444 -0.6331 -0.7728
vn -0.0297 -0.8549 -0.5179
vn -0.0149 0.8491 -0.5280
vn -0.0220 0.6237 -0.7814
vn -0.0250 0.4599 -0.8876
vn -0.0264 0.3488 -0.9368
vn -0.0272 0.2699 -0.9625
vn -0.0276 0.2104 -0.9772
vn -0.0278 0.1630 -0.9862
vn -0.0280 0.1234 -0.9920
vn -0.0281 0.0889 -0.9956
vn -0.0282 0.0576 -0.9979
vn -0.0282 0.0284 -0.9992
vn -0.0282 -0.0000 -0.9996
vn -0.0282 -0.0284 -0.9992
vn -0.0282 -0.0576 -0.9979
vn -0.0281 -0.0889 -0.9956
vn -0.0280 -0.1234 -0.9920
vn -0.0278 -0.1630 -0.9862
vn -0.0276 -0.2104 -0.9772
vn -0.0272 -0.2699 -0.9625
vn -0.0264 -0.3488 -0.9368
vn -0.0250 -0.4599 -0.8876
vn -0.0220 -0.6237 -0.7814
vn -0.0149 -0.8491 -0.5280
vn -0.0000 0.4569 -0.8895
vn -0.0000 0.3463 -0.9381
vn -0.0000 0.2088 -0.9780
vn -0.0000 0.1224 -0.9925
vn -0.0000 -0.0000 -1.0000
vn -0.0000 -0.0882 -0.9961
vn -0.0000 -0.1617 -0.9868
vn -0.0000 -0.4569 -0.8895
vn -0.0000 -0.6206 -0.7841
vt 0.750000 0.541667
vt 0.750000 0.583333
vt 0.729167 0.583333
vt 0.729167 0.541667
vt 0.750000 0.833333
vt 0.750000 0.875000
vt 0.729167 0.875000
vt 0.729167 0.833333
vt 0.750000 0.208333
vt 0.750000 0.250000
vt 0.729167 0.250000
vt 0.729167 0.208333
vt 0.750000 0.500000
vt 0.729167 0.500000
vt 0.750000 0.791667
vt 0.729167 0.791667
vt 0.750000 0.166667
vt 0.729167 0.166667
vt 0.750000 0.458333
vt 0.729167 0.458333
vt 0.750000 0.750000
vt 0.729167 0.750000
vt 0.750000 0.125000
vt 0.729167 0.125000
vt 0.750000 0.416667
vt 0.729167 0.416667
vt 0.750000 0.708333
vt 0.729167 0.708333
vt 0.750000 0.083333
vt 0.729167 0.083333
vt 0.750000 0.375000
vt 0.729167 0.375000
vt 0.750000 0.666667
vt 0.729167 0.666667
vt 0.750000 0.041667
vt 0.729167 0.041667
vt 0.750000 0.958333
vt 0.739583 1.000000
vt 0.729167 0.958333
vt 0.750000 0.333333
vt 0.729167 0.333333
vt 0.750000 0.625000
vt 0.729167 0.625000
vt 0.739583 0.000000
vt 0.750000 0.916667
vt 0.729167 0.916667
vt 0.750000 0.291667
vt 0.729167 0.291667
vt 0.718750 0.000000
vt 0.708333 0.041667
vt 0.708333 0.958333
vt 0.708333 0.916667
vt 0.708333 0.333333
vt 0.708333 0.291667
vt 0.708333 0.625000
vt 0.708333 0.583333
vt 0.708333 0.875000
vt 0.708333 0.250000
vt 0.708333 0.541667
vt 0.708333 0.833333
vt 0.708333 0.208333
vt 0.708333 0.500000
vt 0.708333 0.791667
vt 0.708333 0.166667
vt 0.708333 0.458333
vt 0.708333 0.750000
vt 0.708333 0.125000
vt 0.708333 0.416667
vt 0.708333 0.708333
vt 0.708333 0.083333
vt 0.708333 0.375000
vt 0.708333 0.666667
vt 0.718750 1.000000
vt 0.687500 0.541667
vt 0.687500 0.500000
vt 0.687500 0.833333
vt 0.687500 0.791667
vt 0.687500 0.208333
vt 0.687500 0.166667
vt 0.687500 0.458333
vt 0.687500 0.750000
vt 0.687500 0.125000
vt 0.687500 0.416667
vt 0.687500 0.708333
vt 0.687500 0.083333
vt 0.687500 0.375000
vt 0.687500 0.666667
vt 0.687500 0.041667
vt 0.697917 1.000000
vt 0.687500 0.958333
vt 0.687500 0.333333
vt 0.687500 0.625000
vt 0.697917 0.000000
vt 0.687500 0.916667
vt 0.687500 0.291667
vt 0.687500 0.583333
vt 0.687500 0.875000
vt 0.687500 0.250000
vt 0.666667 0.416667
vt 0.666667 0.375000
vt 0.666667 0.708333
vt 0.666667 0.666667
vt 0.666667 0.083333
vt 0.666667 0.041667
vt 0.677083 1.000000
vt 0.666667 0.958333
vt 0.666667 0.333333
vt 0.666667 0.625000
vt 0.677083 0.000000
vt 0.666667 0.916667
vt 0.666667 0.291667
vt 0.666667 0.583333
vt 0.666667 0.875000
vt 0.666667 0.250000
vt 0.666667 0.541667
vt 0.666667 0.833333
vt 0.666667 0.208333
vt 0.666667 0.500000
vt 0.666667 0.791667
vt 0.666667 0.166667
vt 0.666667 0.458333
vt 0.666667 0.750000
vt 0.666667 0.125000
vt 0.645833 0.916667
vt 0.645833 0.875000
vt 0.645833 0.291667
vt 0.645833 0.250000
vt 0.645833 0.583333
vt 0.645833 0.541667
vt 0.645833 0.833333
vt 0.645833 0.208333
vt 0.645833 0.500000
vt 0.645833 0.791667
vt 0.645833 0.166667
vt 0.645833 0.458333
vt 0.645833 0.750000
vt 0.645833 0.125000
vt 0.645833 0.416667
vt 0.645833 0.708333
vt 0.645833 0.083333
vt 0.645833 0.375000
vt 0.645833 0.666667
vt 0.645833 0.041667
vt 0.656250 1.000000
vt 0.645833 0.958333
vt 0.645833 0.333333
vt 0.645833 0.625000
vt 0.656250 0.000000
vt 0.625000 0.500000
vt 0.625000 0.458333
vt 0.625000 0.791667
vt 0.625000 0.750000
vt 0.625000 0.166667
vt 0.625000 0.125000
vt 0.625000 0.416667
vt 0.625000 0.708333
vt 0.625000 0.083333
vt 0.625000 0.375000
vt 0.625000 0.666667
vt 0.625000 0.041667
vt 0.635417 1.000000
vt 0.625000 0.958333
vt 0.625000 0.333333
vt 0.625000 0.625000
vt 0.635417 0.000000
vt 0.625000 0.916667
vt 0.625000 0.291667
vt 0.625000 0.583333
vt 0.625000 0.875000
vt 0.625000 0.250000
vt 0.625000 0.541667
vt 0.625000 0.833333
vt 0.625000 0.208333
vt 0.614583 1.000000
vt 0.604167 0.958333
vt 0.604167 0.375000
vt 0.604167 0.333333
vt 0.604167 0.666667
vt 0.604167 0.625000
vt 0.614583 0.000000
vt 0.604167 0.041667
vt 0.604167 0.916667
vt 0.604167 0.291667
vt 0.604167 0.583333
vt 0.604167 0.875000
vt 0.604167 0.250000
vt 0.604167 0.541667
vt 0.604167 0.833333
vt 0.604167 0.208333
vt 0.604167 0.500000
vt 0.604167 0.791667
vt 0.604167 0.166667
vt 0.604167 0.458333
vt 0.604167 0.750000
vt 0.604167 0.125000
vt 0.604167 0.416667
vt 0.604167 0.708333
vt 0.604167 0.083333
vt 0.583333 0.875000
vt 0.583333 0.833333
vt 0.583333 0.250000
vt 0.583333 0.208333
vt 0.583333 0.541667
vt 0.583333 0.500000
vt 0.583333 0.791667
vt 0.583333 0.166667
vt 0.583333 0.458333
vt 0.583333 0.750000
vt 0.583333 0.125000
vt 0.583333 0.416667
vt 0.583333 0.708333
vt 0.583333 0.083333
vt 0.583333 0.375000
vt 0.583333 0.666667
vt 0.583333 0.041667
vt 0.593750 1.000000
vt 0.583333 0.958333
vt 0.583333 0.333333
vt 0.583333 0.625000
vt 0.593750 0.000000
vt 0.583333 0.916667
vt 0.583333 0.291667
vt 0.583333 0.583333
vt 0.562500 0.458333
vt 0.562500 0.416667
vt 0.562500 0.750000
vt 0.562500 0.708333
vt 0.562500 0.125000
vt 0.562500 0.083333
vt 0.562500 0.375000
vt 0.562500 0.666667
vt 0.562500 0.041667
vt 0.572917 1.000000
vt 0.562500 0.958333
vt 0.562500 0.333333
vt 0.562500 0.625000
vt 0.572917 0.000000
vt 0.562500 0.916667
vt 0.562500 0.291667
vt 0.562500 0.583333
vt 0.562500 0.875000
vt 0.562500 0.250000
vt 0.562500 0.541667
vt 0.562500 0.833333
vt 0.562500 0.208333
vt 0.562500 0.500000
vt 0.562500 0.791667
vt 0.562500 0.166667
vt 0.541667 0.958333
vt 0.541667 0.916667
vt 0.541667 0.333333
vt 0.541667 0.291667
vt 0.541667 0.625000
vt 0.541667 0.583333
vt 0.541667 0.875000
vt 0.541667 0.250000
vt 0.541667 0.541667
vt 0.541667 0.833333
vt 0.541667 0.208333
vt 0.541667 0.500000
vt 0.541667 0.791667
vt 0.541667 0.166667
vt 0.541667 0.458333
vt 0.541667 0.750000
vt 0.541667 0.125000
vt 0.541667 0.416667
vt 0.541667 0.708333
vt 0.541667 0.083333
vt 0.541667 0.375000
vt 0.541667 0.666667
vt 0.541667 0.041667
vt 0.552083 1.000000
vt 0.552083 0.000000
vt 0.520833 0.833333
vt 0.520833 0.791667
vt 0.520833 0.208333
vt 0.520833 0.166667
vt 0.520833 0.500000
vt 0.520833 0.458333
vt 0.520833 0.750000
vt 0.520833 0.125000
vt 0.520833 0.416667
vt 0.520833 0.708333
vt 0.520833 0.083333
vt 0.520833 0.375000
vt 0.520833 0.666667
vt 0.520833 0.041667
vt 0.531250 1.000000
vt 0.520833 0.958333
vt 0.520833 0.333333
vt 0.520833 0.625000
vt 0.531250 0.000000
vt 0.520833 0.916667
vt 0.520833 0.291667
vt 0.520833 0.583333
vt 0.520833 0.875000
vt 0.520833 0.250000
vt 0.520833 0.541667
vt 0.500000 0.416667
vt 0.500000 0.375000
vt 0.500000 0.708333
vt 0.500000 0.666667
vt 0.500000 0.083333
vt 0.500000 0.041667
vt 0.510417 1.000000
vt 0.500000 0.958333
vt 0.500000 0.333333
vt 0.500000 0.625000
vt 0.510417 0.000000
vt 0.500000 0.916667
vt 0.500000 0.291667
vt 0.500000 0.583333
vt 0.500000 0.875000
vt 0.500000 0.250000
vt 0.500000 0.541667
vt 0.500000 0.833333
vt 0.500000 0.208333
vt 0.500000 0.500000
vt 0.500000 0.791667
vt 0.500000 0.166667
vt 0.500000 0.458333
vt 0.500000 0.750000
vt 0.500000 0.125000
vt 0.479167 0.916667
vt 0.479167 0.875000
vt 0.479167 0.291667
vt 0.479167 0.250000
vt 0.479167 0.583333
vt 0.479167 0.541667
vt 0.479167 0.833333
vt 0.479167 0.208333
vt 0.479167 0.500000
vt 0.479167 0.791667
vt 0.479167 0.166667
vt 0.479167 0.458333
vt 0.479167 0.750000
vt 0.479167 0.125000
vt 0.479167 0.416667
vt 0.479167 0.708333
vt 0.479167 0.083333
vt 0.479167 0.375000
vt 0.479167 0.666667
vt 0.479167 0.041667
vt 0.489583 1.000000
vt 0.479167 0.958333
vt 0.479167 0.333333
vt 0.479167 0.625000
vt 0.489583 0.000000
vt 0.458333 0.791667
vt 0.458333 0.750000
vt 0.458333 0.166667
vt 0.458333 0.125000
vt 0.458333 0.458333
vt 0.458333 0.416667
vt 0.458333 0.708333
vt 0.458333 0.083333
vt 0.458333 0.375000
vt 0.458333 0.666667
vt 0.458333 0.041667
vt 0.468750 1.000000
vt 0.458333 0.958333
vt 0.458333 0.333333
vt 0.458333 0.625000
vt 0.468750 0.000000
vt 0.458333 0.916667
vt 0.458333 0.291667
vt 0.458333 0.583333
vt 0.458333 0.875000
vt 0.458333 0.250000
vt 0.458333 0.541667
vt 0.458333 0.833333
vt 0.458333 0.208333
vt 0.458333 0.500000
vt 0.437500 0.375000
vt 0.437500 0.333333
vt 0.437500 0.666667
vt 0.437500 0.625000
vt 0.447917 0.000000
vt 0.437500 0.041667
vt 0.437500 0.958333
vt 0.437500 0.916667
vt 0.437500 0.291667
vt 0.437500 0.583333
vt 0.437500 0.875000
vt 0.437500 0.250000
vt 0.437500 0.541667
vt 0.437500 0.833333
vt 0.437500 0.208333
vt 0.437500 0.500000
vt 0.437500 0.791667
vt 0.437500 0.166667
vt 0.437500 0.458333
vt 0.437500 0.750000
vt 0.437500 0.125000
vt 0.437500 0.416667
vt 0.437500 0.708333
vt 0.437500 0.083333
vt 0.447917 1.000000
vt 0.416667 0.875000
vt 0.416667 0.833333
vt 0.416667 0.250000
vt 0.416667 0.208333
vt 0.416667 0.541667
vt 0.416667 0.500000
vt 0.416667 0.791667
vt 0.416667 0.166667
vt 0.416667 0.458333
vt 0.416667 0.750000
vt 0.416667 0.125000
vt 0.416667 0.416667
vt 0.416667 0.708333
vt 0.416667 0.083333
vt 0.416667 0.375000
vt 0.416667 0.666667
vt 0.416667 0.041667
vt 0.427083 1.000000
vt 0.416667 0.958333
vt 0.416667 0.333333
vt 0.416667 0.625000
vt 0.427083 0.000000
vt 0.416667 0.916667
vt 0.416667 0.291667
vt 0.416667 0.583333
vt 0.395833 0.750000
vt 0.395833 0.708333
vt 0.395833 0.125000
vt 0.395833 0.083333
vt 0.395833 0.416667
vt 0.395833 0.375000
vt 0.395833 0.666667
vt 0.395833 0.041667
vt 0.406250 1.000000
vt 0.395833 0.958333
vt 0.395833 0.333333
vt 0.395833 0.625000
vt 0.406250 0.000000
vt 0.395833 0.916667
vt 0.395833 0.291667
vt 0.395833 0.583333
vt 0.395833 0.875000
vt 0.395833 0.250000
vt 0.395833 0.541667
vt 0.395833 0.833333
vt 0.395833 0.208333
vt 0.395833 0.500000
vt 0.395833 0.791667
vt 0.395833 0.166667
vt 0.395833 0.458333
vt 0.375000 0.333333
vt 0.375000 0.291667
vt 0.375000 0.625000
vt 0.375000 0.583333
vt 0.375000 0.916667
vt 0.375000 0.875000
vt 0.375000 0.250000
vt 0.375000 0.541667
vt 0.375000 0.833333
vt 0.375000 0.208333
vt 0.375000 0.500000
vt 0.375000 0.791667
vt 0.375000 0.166667
vt 0.375000 0.458333
vt 0.375000 0.750000
vt 0.375000 0.125000
vt 0.375000 0.416667
vt 0.375000 0.708333
vt 0.375000 0.083333
vt 0.375000 0.375000
vt 0.375000 0.666667
vt 0.375000 0.041667
vt 0.385417 1.000000
vt 0.375000 0.958333
vt 0.385417 0.000000
vt 0.354167 0.833333
vt 0.354167 0.791667
vt 0.354167 0.208333
vt 0.354167 0.166667
vt 0.354167 0.500000
vt 0.354167 0.458333
vt 0.354167 0.750000
vt 0.354167 0.125000
vt 0.354167 0.416667
vt 0.354167 0.708333
vt 0.354167 0.083333
vt 0.354167 0.375000
vt 0.354167 0.666667
vt 0.354167 0.041667
vt 0.364583 1.000000
vt 0.354167 0.958333
vt 0.354167 0.333333
vt 0.354167 0.625000
vt 0.364583 0.000000
vt 0.354167 0.916667
vt 0.354167 0.291667
vt 0.354167 0.583333
vt 0.354167 0.875000
vt 0.354167 0.250000
vt 0.354167 0.541667
vt 0.333333 0.708333
vt 0.333333 0.666667
vt 0.333333 0.083333
vt 0.333333 0.041667
vt 0.343750 1.000000
vt 0.333333 0.958333
vt 0.333333 0.375000
vt 0.333333 0.333333
vt 0.333333 0.625000
vt 0.343750 0.000000
vt 0.333333 0.916667
vt 0.333333 0.291667
vt 0.333333 0.583333
vt 0.333333 0.875000
vt 0.333333 0.250000
vt 0.333333 0.541667
vt 0.333333 0.833333
vt 0.333333 0.208333
vt 0.333333 0.500000
vt 0.333333 0.791667
vt 0.333333 0.166667
vt 0.333333 0.458333
vt 0.333333 0.750000
vt 0.333333 0.125000
vt 0.333333 0.416667
vt 0.312500 0.291667
vt 0.312500 0.250000
vt 0.312500 0.583333
vt 0.312500 0.541667
vt 0.312500 0.875000
vt 0.312500 0.833333
vt 0.312500 0.208333
vt 0.312500 0.500000
vt 0.312500 0.791667
vt 0.312500 0.166667
vt 0.312500 0.458333
vt 0.312500 0.750000
vt 0.312500 0.125000
vt 0.312500 0.416667
vt 0.312500 0.708333
vt 0.312500 0.083333
vt 0.312500 0.375000
vt 0.312500 0.666667
vt 0.312500 0.041667
vt 0.322917 1.000000
vt 0.312500 0.958333
vt 0.312500 0.333333
vt 0.312500 0.625000
vt 0.322917 0.000000
vt 0.312500 0.916667
vt 0.291667 0.791667
vt 0.291667 0.750000
vt 0.291667 0.166667
vt 0.291667 0.125000
vt 0.291667 0.458333
vt 0.291667 0.416667
vt 0.291667 0.708333
vt 0.291667 0.083333
vt 0.291667 0.375000
vt 0.291667 0.666667
vt 0.291667 0.041667
vt 0.302083 1.000000
vt 0.291667 0.958333
vt 0.291667 0.333333
vt 0.291667 0.625000
vt 0.302083 0.000000
vt 0.291667 0.916667
vt 0.291667 0.291667
vt 0.291667 0.583333
vt 0.291667 0.875000
vt 0.291667 0.250000
vt 0.291667 0.541667
vt 0.291667 0.833333
vt 0.291667 0.208333
vt 0.291667 0.500000
vt 0.270833 0.666667
vt 0.270833 0.625000
vt 0.281250 0.000000
vt 0.270833 0.041667
vt 0.270833 0.958333
vt 0.270833 0.916667
vt 0.270833 0.333333
vt 0.270833 0.291667
vt 0.270833 0.583333
vt 0.270833 0.875000
vt 0.270833 0.250000
vt 0.270833 0.541667
vt 0.270833 0.833333
vt 0.270833 0.208333
vt 0.270833 0.500000
vt 0.270833 0.791667
vt 0.270833 0.166667
vt 0.270833 0.458333
vt 0.270833 0.750000
vt 0.270833 0.125000
vt 0.270833 0.416667
vt 0.270833 0.708333
vt 0.270833 0.083333
vt 0.270833 0.375000
vt 0.281250 1.000000
vt 0.250000 0.250000
vt 0.250000 0.208333
vt 0.250000 0.541667
vt 0.250000 0.500000
vt 0.250000 0.833333
vt 0.250000 0.791667
vt 0.250000 0.166667
vt 0.250000 0.458333
vt 0.250000 0.750000
vt 0.250000 0.125000
vt 0.250000 0.416667
vt 0.250000 0.708333
vt 0.250000 0.083333
vt 0.250000 0.375000
vt 0.250000 0.666667
vt 0.250000 0.041667
vt 0.260417 1.000000
vt 0.250000 0.958333
vt 0.250000 0.333333
vt 0.250000 0.625000
vt 0.260417 0.000000
vt 0.250000 0.916667
vt 0.250000 0.291667
vt 0.250000 0.583333
vt 0.250000 0.875000
vt 0.229167 0.750000
vt 0.229167 0.708333
vt 0.229167 0.125000
vt 0.229167 0.083333
vt 0.229167 0.416667
vt 0.229167 0.375000
vt 0.229167 0.666667
vt 0.229167 0.041667
vt 0.239583 1.000000
vt 0.229167 0.958333
vt 0.229167 0.333333
vt 0.229167 0.625000
vt 0.239583 0.000000
vt 0.229167 0.916667
vt 0.229167 0.291667
vt 0.229167 0.583333
vt 0.229167 0.875000
vt 0.229167 0.250000
vt 0.229167 0.541667
vt 0.229167 0.833333
vt 0.229167 0.208333
vt 0.229167 0.500000
vt 0.229167 0.791667
vt 0.229167 0.166667
vt 0.229167 0.458333
vt 0.208333 0.625000
vt 0.208333 0.583333
vt 0.208333 0.916667
vt 0.208333 0.875000
vt 0.208333 0.291667
vt 0.208333 0.250000
vt 0.208333 0.541667
vt 0.208333 0.833333
vt 0.208333 0.208333
vt 0.208333 0.500000
vt 0.208333 0.791667
vt 0.208333 0.166667
vt 0.208333 0.458333
vt 0.208333 0.750000
vt 0.208333 0.125000
vt 0.208333 0.416667
vt 0.208333 0.708333
vt 0.208333 0.083333
vt 0.208333 0.375000
vt 0.208333 0.666667
vt 0.208333 0.041667
vt 0.218750 1.000000
vt 0.208333 0.958333
vt 0.208333 0.333333
vt 0.218750 0.000000
vt 0.187500 0.208333
vt 0.187500 0.166667
vt 0.187500 0.500000
vt 0.187500 0.458333
vt 0.187500 0.791667
vt 0.187500 0.750000
vt 0.187500 0.125000
vt 0.187500 0.416667
vt 0.187500 0.708333
vt 0.187500 0.083333
vt 0.187500 0.375000
vt 0.187500 0.666667
vt 0.187500 0.041667
vt 0.197917 1.000000
vt 0.187500 0.958333
vt 0.187500 0.333333
vt 0.187500 0.625000
vt 0.197917 0.000000
vt 0.187500 0.916667
vt 0.187500 0.291667
vt 0.187500 0.583333
vt 0.187500 0.875000
vt 0.187500 0.250000
vt 0.187500 0.541667
vt 0.187500 0.833333
vt 0.166667 0.708333
vt 0.166667 0.666667
vt 0.166667 0.083333
vt 0.166667 0.041667
vt 0.177083 1.000000
vt 0.166667 0.958333
vt 0.166667 0.375000
vt 0.166667 0.333333
vt 0.166667 0.625000
vt 0.177083 0.000000
vt 0.166667 0.916667
vt 0.166667 0.291667
vt 0.166667 0.583333
vt 0.166667 0.875000
vt 0.166667 0.250000
vt 0.166667 0.541667
vt 0.166667 0.833333
vt 0.166667 0.208333
vt 0.166667 0.500000
vt 0.166667 0.791667
vt 0.166667 0.166667
vt 0.166667 0.458333
vt 0.166667 0.750000
vt 0.166667 0.125000
vt 0.166667 0.416667
vt 0.145833 0.583333
vt 0.145833 0.541667
vt 0.145833 0.875000
vt 0.145833 0.833333
vt 0.145833 0.250000
vt 0.145833 0.208333
vt 0.145833 0.500000
vt 0.145833 0.791667
vt 0.145833 0.166667
vt 0.145833 0.458333
vt 0.145833 0.750000
vt 0.145833 0.125000
vt 0.145833 0.416667
vt 0.145833 0.708333
vt 0.145833 0.083333
vt 0.145833 0.375000
vt 0.145833 0.666667
vt 0.145833 0.041667
vt 0.156250 1.000000
vt 0.145833 0.958333
vt 0.145833 0.333333
vt 0.145833 0.625000
vt 0.156250 0.000000
vt 0.145833 0.916667
vt 0.145833 0.291667
vt 0.125000 0.166667
vt 0.125000 0.125000
vt 0.125000 0.458333
vt 0.125000 0.416667
vt 0.125000 0.750000
vt 0.125000 0.708333
vt 0.125000 0.083333
vt 0.125000 0.375000
vt 0.125000 0.666667
vt 0.125000 0.041667
vt 0.135417 1.000000
vt 0.125000 0.958333
vt 0.125000 0.333333
vt 0.125000 0.625000
vt 0.135417 0.000000
vt 0.125000 0.916667
vt 0.125000 0.291667
vt 0.125000 0.583333
vt 0.125000 0.875000
vt 0.125000 0.250000
vt 0.125000 0.541667
vt 0.125000 0.833333
vt 0.125000 0.208333
vt 0.125000 0.500000
vt 0.125000 0.791667
vt 0.104167 0.666667
vt 0.104167 0.625000
vt 0.114583 0.000000
vt 0.104167 0.041667
vt 0.104167 0.958333
vt 0.104167 0.916667
vt 0.104167 0.333333
vt 0.104167 0.291667
vt 0.104167 0.583333
vt 0.104167 0.875000
vt 0.104167 0.250000
vt 0.104167 0.541667
vt 0.104167 0.833333
vt 0.104167 0.208333
vt 0.104167 0.500000
vt 0.104167 0.791667
vt 0.104167 0.166667
vt 0.104167 0.458333
vt 0.104167 0.750000
vt 0.104167 0.125000
vt 0.104167 0.416667
vt 0.104167 0.708333
vt 0.104167 0.083333
vt 0.104167 0.375000
vt 0.114583 1.000000
vt 0.083333 0.541667
vt 0.083333 0.500000
vt 0.083333 0.833333
vt 0.083333 0.791667
vt 0.083333 0.208333
vt 0.083333 0.166667
vt 0.083333 0.458333
vt 0.083333 0.750000
vt 0.083333 0.125000
vt 0.083333 0.416667
vt 0.083333 0.708333
vt 0.083333 0.083333
vt 0.083333 0.375000
vt 0.083333 0.666667
vt 0.083333 0.041667
vt 0.093750 1.000000
vt 0.083333 0.958333
vt 0.083333 0.333333
vt 0.083333 0.625000
vt 0.093750 0.000000
vt 0.083333 0.916667
vt 0.083333 0.291667
vt 0.083333 0.583333
vt 0.083333 0.875000
vt 0.083333 0.250000
vt 0.062500 0.125000
vt 0.062500 0.083333
vt 0.062500 0.416667
vt 0.062500 0.375000
vt 0.062500 0.708333
vt 0.062500 0.666667
vt 0.062500 0.041667
vt 0.072917 1.000000
vt 0.062500 0.958333
vt 0.062500 0.333333
vt 0.062500 0.625000
vt 0.072917 0.000000
vt 0.062500 0.916667
vt 0.062500 0.291667
vt 0.062500 0.583333
vt 0.062500 0.875000
vt 0.062500 0.250000
vt 0.062500 0.541667
vt 0.062500 0.833333
vt 0.062500 0.208333
vt 0.062500 0.500000
vt 0.062500 0.791667
vt 0.062500 0.166667
vt 0.062500 0.458333
vt 0.062500 0.750000
vt 0.041667 0.625000
vt 0.041667 0.583333
vt 0.041667 0.916667
vt 0.041667 0.875000
vt 0.041667 0.291667
vt 0.041667 0.250000
vt 0.041667 0.541667
vt 0.041667 0.833333
vt 0.041667 0.208333
vt 0.041667 0.500000
vt 0.041667 0.791667
vt 0.041667 0.166667
vt 0.041667 0.458333
vt 0.041667 0.750000
vt 0.041667 0.125000
vt 0.041667 0.416667
vt 0.041667 0.708333
vt 0.041667 0.083333
vt 0.041667 0.375000
vt 0.041667 0.666667
vt 0.041667 0.041667
vt 0.052083 1.000000
vt 0.041667 0.958333
vt 0.041667 0.333333
vt 0.052083 0.000000
vt 0.020833 0.416667
vt 0.020833 0.375000
vt 0.020833 0.708333
vt 0.020833 0.666667
vt 0.020833 0.083333
vt 0.020833 0.041667
vt 0.031250 1.000000
vt 0.020833 0.958333
vt 0.020833 0.333333
vt 0.020833 0.625000
vt 0.031250 0.000000
vt 0.020833 0.916667
vt 0.020833 0.291667
vt 0.020833 0.583333
vt 0.020833 0.875000
vt 0.020833 0.250000
vt 0.020833 0.541667
vt 0.020833 0.833333
vt 0.020833 0.208333
vt 0.020833 0.500000
vt 0.020833 0.791667
vt 0.020833 0.166667
vt 0.020833 0.458333
vt 0.020833 0.750000
vt 0.020833 0.125000
vt 0.000000 0.916667
vt 0.000000 0.875000
vt 0.000000 0.291667
vt 0.000000 0.250000
vt 0.000000 0.583333
vt 0.000000 0.541667
vt 0.000000 0.833333
vt 0.000000 0.208333
vt 0.000000 0.500000
vt 0.000000 0.791667
vt 0.000000 0.166667
vt 0.000000 0.458333
vt 0.000000 0.750000
vt 0.000000 0.125000
vt 0.000000 0.416667
vt 0.000000 0.708333
vt 0.000000 0.083333
vt 0.000000 0.375000
vt 0.000000 0.666667
vt 0.000000 0.041667
vt 0.010417 1.000000
vt 0.000000 0.958333
vt 0.000000 0.333333
vt 0.000000 0.625000
vt 0.010417 0.000000
vt 1.000000 0.750000
vt 1.000000 0.791667
vt 0.979167 0.791667
vt 0.979167 0.750000
vt 1.000000 0.125000
vt 1.000000 0.166667
vt 0.979167 0.166667
vt 0.979167 0.125000
vt 1.000000 0.416667
vt 1.000000 0.458333
vt 0.979167 0.458333
vt 0.979167 0.416667
vt 1.000000 0.708333
vt 0.979167 0.708333
vt 1.000000 0.083333
vt 0.979167 0.083333
vt 1.000000 0.375000
vt 0.979167 0.375000
vt 1.000000 0.666667
vt 0.979167 0.666667
vt 1.000000 0.041667
vt 0.979167 0.041667
vt 1.000000 0.958333
vt 0.989583 1.000000
vt 0.979167 0.958333
vt 1.000000 0.333333
vt 0.979167 0.333333
vt 1.000000 0.625000
vt 0.979167 0.625000
vt 0.989583 0.000000
vt 1.000000 0.916667
vt 0.979167 0.916667
vt 1.000000 0.291667
vt 0.979167 0.291667
vt 1.000000 0.583333
vt 0.979167 0.583333
vt 1.000000 0.875000
vt 0.979167 0.875000
vt 1.000000 0.250000
vt 0.979167 0.250000
vt 1.000000 0.541667
vt 0.979167 0.541667
vt 1.000000 0.833333
vt 0.979167 0.833333
vt 1.000000 0.208333
vt 0.979167 0.208333
vt 1.000000 0.500000
vt 0.979167 0.500000
vt 0.958333 0.375000
vt 0.958333 0.333333
vt 0.958333 0.666667
vt 0.958333 0.625000
vt 0.968750 0.000000
vt 0.958333 0.041667
vt 0.958333 0.958333
vt 0.958333 0.916667
vt 0.958333 0.291667
vt 0.958333 0.583333
vt 0.958333 0.875000
vt 0.958333 0.250000
vt 0.958333 0.541667
vt 0.958333 0.833333
vt 0.958333 0.208333
vt 0.958333 0.500000
vt 0.958333 0.791667
vt 0.958333 0.166667
vt 0.958333 0.458333
vt 0.958333 0.750000
vt 0.958333 0.125000
vt 0.958333 0.416667
vt 0.958333 0.708333
vt 0.958333 0.083333
vt 0.968750 1.000000
vt 0.937500 0.875000
vt 0.937500 0.833333
vt 0.937500 0.250000
vt 0.937500 0.208333
vt 0.937500 0.541667
vt 0.937500 0.500000
vt 0.937500 0.791667
vt 0.937500 0.166667
vt 0.937500 0.458333
vt 0.937500 0.750000
vt 0.937500 0.125000
vt 0.937500 0.416667
vt 0.937500 0.708333
vt 0.937500 0.083333
vt 0.937500 0.375000
vt 0.937500 0.666667
vt 0.937500 0.041667
vt 0.947917 1.000000
vt 0.937500 0.958333
vt 0.937500 0.333333
vt 0.937500 0.625000
vt 0.947917 0.000000
vt 0.937500 0.916667
vt 0.937500 0.291667
vt 0.937500 0.583333
vt 0.916667 0.750000
vt 0.916667 0.708333
vt 0.916667 0.125000
vt 0.916667 0.083333
vt 0.916667 0.416667
vt 0.916667 0.375000
vt 0.916667 0.666667
vt 0.916667 0.041667
vt 0.927083 1.000000
vt 0.916667 0.958333
vt 0.916667 0.333333
vt 0.916667 0.625000
vt 0.927083 0.000000
vt 0.916667 0.916667
vt 0.916667 0.291667
vt 0.916667 0.583333
vt 0.916667 0.875000
vt 0.916667 0.250000
vt 0.916667 0.541667
vt 0.916667 0.833333
vt 0.916667 0.208333
vt 0.916667 0.500000
vt 0.916667 0.791667
vt 0.916667 0.166667
vt 0.916667 0.458333
vt 0.895833 0.333333
vt 0.895833 0.291667
vt 0.895833 0.625000
vt 0.895833 0.583333
vt 0.895833 0.916667
vt 0.895833 0.875000
vt 0.895833 0.250000
vt 0.895833 0.541667
vt 0.895833 0.833333
vt 0.895833 0.208333
vt 0.895833 0.500000
vt 0.895833 0.791667
vt 0.895833 0.166667
vt 0.895833 0.458333
vt 0.895833 0.750000
vt 0.895833 0.125000
vt 0.895833 0.416667
vt 0.895833 0.708333
vt 0.895833 0.083333
vt 0.895833 0.375000
vt 0.895833 0.666667
vt 0.895833 0.041667
vt 0.906250 1.000000
vt 0.895833 0.958333
vt 0.906250 0.000000
vt 0.875000 0.833333
vt 0.875000 0.791667
vt 0.875000 0.208333
vt 0.875000 0.166667
vt 0.875000 0.500000
vt 0.875000 0.458333
vt 0.875000 0.750000
vt 0.875000 0.125000
vt 0.875000 0.416667
vt 0.875000 0.708333
vt 0.875000 0.083333
vt 0.875000 0.375000
vt 0.875000 0.666667
vt 0.875000 0.041667
vt 0.885417 1.000000
vt 0.875000 0.958333
vt 0.875000 0.333334
vt 0.875000 0.625000
vt 0.885417 0.000000
vt 0.875000 0.916667
vt 0.875000 0.291667
vt 0.875000 0.583333
vt 0.875000 0.875000
vt 0.875000 0.250000
vt 0.875000 0.541667
vt 0.854167 0.708333
vt 0.854167 0.666667
vt 0.854167 0.083333
vt 0.854167 0.041667
vt 0.864583 1.000000
vt 0.854167 0.958333
vt 0.854167 0.375000
vt 0.854167 0.333333
vt 0.854167 0.625000
vt 0.864583 0.000000
vt 0.854167 0.916667
vt 0.854167 0.291667
vt 0.854167 0.583333
vt 0.854167 0.875000
vt 0.854167 0.250000
vt 0.854167 0.541667
vt 0.854167 0.833333
vt 0.854167 0.208333
vt 0.854167 0.500000
vt 0.854167 0.791667
vt 0.854167 0.166667
vt 0.854167 0.458333
vt 0.854167 0.750000
vt 0.854167 0.125000
vt 0.854167 0.416667
vt 0.833333 0.291667
vt 0.833333 0.250000
vt 0.833333 0.583333
vt 0.833333 0.541667
vt 0.833333 0.875000
vt 0.833333 0.833333
vt 0.833333 0.208333
vt 0.833333 0.500000
vt 0.833333 0.791667
vt 0.833333 0.166667
vt 0.833333 0.458333
vt 0.833333 0.750000
vt 0.833333 0.125000
vt 0.833333 0.416667
vt 0.833333 0.708333
vt 0.833333 0.083333
vt 0.833333 0.375000
vt 0.833333 0.666667
vt 0.833333 0.041667
vt 0.843750 1.000000
vt 0.833333 0.958333
vt 0.833333 0.333334
vt 0.833333 0.625000
vt 0.843750 0.000000
vt 0.833333 0.916667
vt 0.812500 0.791667
vt 0.812500 0.750000
vt 0.812500 0.166667
vt 0.812500 0.125000
vt 0.812500 0.458333
vt 0.812500 0.416667
vt 0.812500 0.708333
vt 0.812500 0.083333
vt 0.812500 0.375000
vt 0.812500 0.666667
vt 0.812500 0.041667
vt 0.822917 1.000000
vt 0.812500 0.958333
vt 0.812500 0.333334
vt 0.812500 0.625000
vt 0.822917 0.000000
vt 0.812500 0.916667
vt 0.812500 0.291667
vt 0.812500 0.583333
vt 0.812500 0.875000
vt 0.812500 0.250000
vt 0.812500 0.541667
vt 0.812500 0.833333
vt 0.812500 0.208333
vt 0.812500 0.500000
vt 0.791667 0.666667
vt 0.791667 0.625000
vt 0.802083 0.000000
vt 0.791667 0.041667
vt 0.791667 0.958333
vt 0.791667 0.916667
vt 0.791667 0.333334
vt 0.791667 0.291667
vt 0.791667 0.583333
vt 0.791667 0.875000
vt 0.791667 0.250000
vt 0.791667 0.541667
vt 0.791667 0.833333
vt 0.791667 0.208333
vt 0.791667 0.500000
vt 0.791667 0.791667
vt 0.791667 0.166667
vt 0.791667 0.458333
vt 0.791667 0.750000
vt 0.791667 0.125000
vt 0.791667 0.416667
vt 0.791667 0.708333
vt 0.791667 0.083333
vt 0.791667 0.375000
vt 0.802083 1.000000
vt 0.770833 0.250000
vt 0.770833 0.208333
vt 0.770833 0.541667
vt 0.770833 0.500000
vt 0.770833 0.833333
vt 0.770833 0.791667
vt 0.770833 0.166667
vt 0.770833 0.458333
vt 0.770833 0.750000
vt 0.770833 0.125000
vt 0.770833 0.416667
vt 0.770833 0.708333
vt 0.770833 0.083333
vt 0.770833 0.375000
vt 0.770833 0.666667
vt 0.770833 0.041667
vt 0.781250 1.000000
vt 0.770833 0.958333
vt 0.770833 0.333334
vt 0.770833 0.625000
vt 0.781250 0.000000
vt 0.770833 0.916667
vt 0.770833 0.291667
vt 0.770833 0.583333
vt 0.770833 0.875000
vt 0.760417 1.000000
vt 0.760417 0.000000
s 1
usemtl Warm_white_markings
f 579/320/330 578/321/329 596/322/347 597/323/348
f 1671/324/1422 1670/325/1421 589/326/340 590/327/341
f 584/328/335 583/329/334 604/330/355 605/331/356
f 1674/332/1425 579/320/330 597/323/348 598/333/349
f 575/334/326 1671/324/1422 590/327/341 591/335/342
f 585/336/336 584/328/335 605/331/356 606/337/357
f 580/338/331 1674/332/1425 598/333/349 599/339/350
f 1672/340/1423 575/334/326 591/335/342 592/341/343
f 1677/342/1428 585/336/336 606/337/357 607/343/358
f 581/344/332 580/338/331 599/339/350 600/345/351
f 576/346/327 1672/340/1423 592/341/343 593/347/344
f 1678/348/1429 1677/342/1428 607/343/358 608/349/359
f 1675/350/1426 581/344/332 600/345/351 601/351/352
f 1673/352/1424 576/346/327 593/347/344 594/353/345
f 586/354/337 1678/348/1429 608/349/359 609/355/360
f 573/356/324 1278/357/1029 587/358/338
f 582/359/333 1675/350/1426 601/351/352 602/360/353
f 577/361/328 1673/352/1424 594/353/345 595/362/346
f 1231/363/982 586/354/337 609/355/360
f 574/364/325 573/356/324 587/358/338 588/365/339
f 1676/366/1427 582/359/333 602/360/353 603/367/354
f 578/321/329 577/361/328 595/362/346 596/322/347
f 1670/325/1421 574/364/325 588/365/339 589/326/340
f 583/329/334 1676/366/1427 603/367/354 604/330/355
f 1231/368/982 609/355/360 632/369/383
f 588/365/339 587/358/338 610/370/361 611/371/362
f 603/367/354 602/360/353 625/372/376 626/373/377
f 596/322/347 595/362/346 618/374/369 619/375/370
f 589/326/340 588/365/339 611/371/362 612/376/363
f 604/330/355 603/367/354 626/373/377 627/377/378
f 597/323/348 596/322/347 619/375/370 620/378/371
f 590/327/341 589/326/340 612/376/363 613/379/364
f 605/331/356 604/330/355 627/377/378 628/380/379
f 598/333/349 597/323/348 620/378/371 621/381/372
f 591/335/342 590/327/341 613/379/364 614/382/365
f 606/337/357 605/331/356 628/380/379 629/383/380
f 599/339/350 598/333/349 621/381/372 622/384/373
f 592/341/343 591/335/342 614/382/365 615/385/366
f 607/343/358 606/337/357 629/383/380 630/386/381
f 600/345/351 599/339/350 622/384/373 623/387/374
f 593/347/344 592/341/343 615/385/366 616/388/367
f 608/349/359 607/343/358 630/386/381 631/389/382
f 601/351/352 600/345/351 623/387/374 624/390/375
f 594/353/345 593/347/344 616/388/367 617/391/368
f 609/355/360 608/349/359 631/389/382 632/369/383
f 587/358/338 1278/392/1029 610/370/361
f 602/360/353 601/351/352 624/390/375 625/372/376
f 595/362/346 594/353/345 617/391/368 618/374/369
f 621/381/372 620/378/371 643/393/394 644/394/395
f 614/382/365 613/379/364 636/395/387 637/396/388
f 629/383/380 628/380/379 651/397/402 652/398/403
f 622/384/373 621/381/372 644/394/395 645/399/396
f 615/385/366 614/382/365 637/396/388 638/400/389
f 630/386/381 629/383/380 652/398/403 653/401/404
f 623/387/374 622/384/373 645/399/396 646/402/397
f 616/388/367 615/385/366 638/400/389 639/403/390
f 631/389/382 630/386/381 653/401/404 654/404/405
f 624/390/375 623/387/374 646/402/397 647/405/398
f 617/391/368 616/388/367 639/403/390 640/406/391
f 632/369/383 631/389/382 654/404/405 655/407/406
f 610/370/361 1278/408/1029 633/409/384
f 625/372/376 624/390/375 647/405/398 648/410/399
f 618/374/369 617/391/368 640/406/391 641/411/392
f 1231/412/982 632/369/383 655/407/406
f 611/371/362 610/370/361 633/409/384 634/413/385
f 626/373/377 625/372/376 648/410/399 649/414/400
f 619/375/370 618/374/369 641/411/392 642/415/393
f 612/376/363 611/371/362 634/413/385 635/416/386
f 627/377/378 626/373/377 649/414/400 650/417/401
f 620/378/371 619/375/370 642/415/393 643/393/394
f 613/379/364 612/376/363 635/416/386 636/395/387
f 628/380/379 627/377/378 650/417/401 651/397/402
f 647/405/398 646/402/397 669/418/420 670/419/421
f 640/406/391 639/403/390 662/420/413 663/421/414
f 655/407/406 654/404/405 677/422/428 678/423/429
f 633/409/384 1278/424/1029 656/425/407
f 648/410/399 647/405/398 670/419/421 671/426/422
f 641/411/392 640/406/391 663/421/414 664/427/415
f 1231/428/982 655/407/406 678/423/429
f 634/413/385 633/409/384 656/425/407 657/429/408
f 649/414/400 648/410/399 671/426/422 672/430/423
f 642/415/393 641/411/392 664/427/415 665/431/416
f 635/416/386 634/413/385 657/429/408 658/432/409
f 650/417/401 649/414/400 672/430/423 673/433/424
f 643/393/394 642/415/393 665/431/416 666/434/417
f 636/395/387 635/416/386 658/432/409 659/435/410
f 651/397/402 650/417/401 673/433/424 674/436/425
f 644/394/395 643/393/394 666/434/417 667/437/418
f 637/396/388 636/395/387 659/435/410 660/438/411
f 652/398/403 651/397/402 674/436/425 675/439/426
f 645/399/396 644/394/395 667/437/418 668/440/419
f 638/400/389 637/396/388 660/438/411 661/441/412
f 653/401/404 652/398/403 675/439/426 676/442/427
f 646/402/397 645/399/396 668/440/419 669/418/420
f 639/403/390 638/400/389 661/441/412 662/420/413
f 654/404/405 653/401/404 676/442/427 677/422/428
f 658/432/409 657/429/408 680/443/431 681/444/432
f 673/433/424 672/430/423 695/445/446 696/446/447
f 666/434/417 665/431/416 688/447/439 689/448/440
f 659/435/410 658/432/409 681/444/432 682/449/433
f 674/436/425 673/433/424 696/446/447 697/450/448
f 667/437/418 666/434/417 689/448/440 690/451/441
f 660/438/411 659/435/410 682/449/433 683/452/434
f 675/439/426 674/436/425 697/450/448 698/453/449
f 668/440/419 667/437/418 690/451/441 691/454/442
f 661/441/412 660/438/411 683/452/434 684/455/435
f 676/442/427 675/439/426 698/453/449 699/456/450
f 669/418/420 668/440/419 691/454/442 692/457/443
f 662/420/413 661/441/412 684/455/435 685/458/436
f 677/422/428 676/442/427 699/456/450 700/459/451
f 670/419/421 669/418/420 692/457/443 693/460/444
f 663/421/414 662/420/413 685/458/436 686/461/437
f 678/423/429 677/422/428 700/459/451 701/462/452
f 656/425/407 1278/463/1029 679/464/430
f 671/426/422 670/419/421 693/460/444 694/465/445
f 664/427/415 663/421/414 686/461/437 687/466/438
f 1231/467/982 678/423/429 701/462/452
f 657/429/408 656/425/407 679/464/430 680/443/431
f 672/430/423 671/426/422 694/465/445 695/445/446
f 665/431/416 664/427/415 687/466/438 688/447/439
f 691/454/442 690/451/441 713/468/464 714/469/465
f 684/455/435 683/452/434 706/470/457 707/471/458
f 699/456/450 698/453/449 721/472/472 722/473/473
f 692/457/443 691/454/442 714/469/465 715/474/466
f 685/458/436 684/455/435 707/471/458 708/475/459
f 700/459/451 699/456/450 722/473/473 723/476/474
f 693/460/444 692/457/443 715/474/466 716/477/467
f 686/461/437 685/458/436 708/475/459 709/478/460
f 701/462/452 700/459/451 723/476/474 724/479/475
f 679/464/430 1278/480/1029 702/481/453
f 694/465/445 693/460/444 716/477/467 717/482/468
f 687/466/438 686/461/437 709/478/460 710/483/461
f 1231/484/982 701/462/452 724/479/475
f 680/443/431 679/464/430 702/481/453 703/485/454
f 695/445/446 694/465/445 717/482/468 718/486/469
f 688/447/439 687/466/438 710/483/461 711/487/462
f 681/444/432 680/443/431 703/485/454 704/488/455
f 696/446/447 695/445/446 718/486/469 719/489/470
f 689/448/440 688/447/439 711/487/462 712/490/463
f 682/449/433 681/444/432 704/488/455 705/491/456
f 697/450/448 696/446/447 719/489/470 720/492/471
f 690/451/441 689/448/440 712/490/463 713/468/464
f 683/452/434 682/449/433 705/491/456 706/470/457
f 698/453/449 697/450/448 720/492/471 721/472/472
f 702/481/453 1278/493/1029 725/494/476
f 717/482/468 716/477/467 739/495/490 740/496/491
f 710/483/461 709/478/460 732/497/483 733/498/484
f 1231/499/982 724/479/475 747/500/498
f 703/485/454 702/481/453 725/494/476 726/501/477
f 718/486/469 717/482/468 740/496/491 741/502/492
f 711/487/462 710/483/461 733/498/484 734/503/485
f 704/488/455 703/485/454 726/501/477 727/504/478
f 719/489/470 718/486/469 741/502/492 742/505/493
f 712/490/463 711/487/462 734/503/485 735/506/486
f 705/491/456 704/488/455 727/504/478 728/507/479
f 720/492/471 719/489/470 742/505/493 743/508/494
f 713/468/464 712/490/463 735/506/486 736/509/487
f 706/470/457 705/491/456 728/507/479 729/510/480
f 721/472/472 720/492/471 743/508/494 744/511/495
f 714/469/465 713/468/464 736/509/487 737/512/488
f 707/471/458 706/470/457 729/510/480 730/513/481
f 722/473/473 721/472/472 744/511/495 745/514/496
f 715/474/466 714/469/465 737/512/488 738/515/489
f 708/475/459 707/471/458 730/513/481 731/516/482
f 723/476/474 722/473/473 745/514/496 746/517/497
f 716/477/467 715/474/466 738/515/489 739/495/490
f 709/478/460 708/475/459 731/516/482 732/497/483
f 724/479/475 723/476/474 746/517/497 747/500/498
f 728/507/479 727/504/478 750/518/501 751/519/502
f 743/508/494 742/505/493 765/520/516 766/521/517
f 736/509/487 735/506/486 758/522/509 759/523/510
f 729/510/480 728/507/479 751/519/502 752/524/503
f 744/511/495 743/508/494 766/521/517 767/525/518
f 737/512/488 736/509/487 759/523/510 760/526/511
f 730/513/481 729/510/480 752/524/503 753/527/504
f 745/514/496 744/511/495 767/525/518 768/528/519
f 738/515/489 737/512/488 760/526/511 761/529/512
f 731/516/482 730/513/481 753/527/504 754/530/505
f 746/517/497 745/514/496 768/528/519 769/531/520
f 739/495/490 738/515/489 761/529/512 762/532/513
f 732/497/483 731/516/482 754/530/505 755/533/506
f 747/500/498 746/517/497 769/531/520 770/534/521
f 725/494/476 1278/535/1029 748/536/499
f 740/496/491 739/495/490 762/532/513 763/537/514
f 733/498/484 732/497/483 755/533/506 756/538/507
f 1231/539/982 747/500/498 770/534/521
f 726/501/477 725/494/476 748/536/499 749/540/500
f 741/502/492 740/496/491 763/537/514 764/541/515
f 734/503/485 733/498/484 756/538/507 757/542/508
f 727/504/478 726/501/477 749/540/500 750/518/501
f 742/505/493 741/502/492 764/541/515 765/520/516
f 735/506/486 734/503/485 757/542/508 758/522/509
f 761/529/512 760/526/511 783/543/534 784/544/535
f 754/530/505 753/527/504 776/545/527 777/546/528
f 769/531/520 768/528/519 791/547/542 792/548/543
f 762/532/513 761/529/512 784/544/535 785/549/536
f 755/533/506 754/530/505 777/546/528 778/550/529
f 770/534/521 769/531/520 792/548/543 793/551/544
f 748/536/499 1278/552/1029 771/553/522
f 763/537/514 762/532/513 785/549/536 786/554/537
f 756/538/507 755/533/506 778/550/529 779/555/530
f 1231/556/982 770/534/521 793/551/544
f 749/540/500 748/536/499 771/553/522 772/557/523
f 764/541/515 763/537/514 786/554/537 787/558/538
f 757/542/508 756/538/507 779/555/530 780/559/531
f 750/518/501 749/540/500 772/557/523 773/560/524
f 765/520/516 764/541/515 787/558/538 788/561/539
f 758/522/509 757/542/508 780/559/531 781/562/532
f 751/519/502 750/518/501 773/560/524 774/563/525
f 766/521/517 765/520/516 788/561/539 789/564/540
f 759/523/510 758/522/509 781/562/532 782/565/533
f 752/524/503 751/519/502 774/563/525 775/566/526
f 767/525/518 766/521/517 789/564/540 790/567/541
f 760/526/511 759/523/510 782/565/533 783/543/534
f 753/527/504 752/524/503 775/566/526 776/545/527
f 768/528/519 767/525/518 790/567/541 791/547/542
f 772/557/523 771/553/522 794/568/545 795/569/546
f 787/558/538 786/554/537 809/570/560 810/571/561
f 780/559/531 779/555/530 802/572/553 803/573/554
f 773/560/524 772/557/523 795/569/546 796/574/547
f 788/561/539 787/558/538 810/571/561 811/575/562
f 781/562/532 780/559/531 803/573/554 804/576/555
f 774/563/525 773/560/524 796/574/547 797/577/548
f 789/564/540 788/561/539 811/575/562 812/578/563
f 782/565/533 781/562/532 804/576/555 805/579/556
f 775/566/526 774/563/525 797/577/548 798/580/549
f 790/567/541 789/564/540 812/578/563 813/581/564
f 783/543/534 782/565/533 805/579/556 806/582/557
f 776/545/527 775/566/526 798/580/549 799/583/550
f 791/547/542 790/567/541 813/581/564 814/584/565
f 784/544/535 783/543/534 806/582/557 807/585/558
f 777/546/528 776/545/527 799/583/550 800/586/551
f 792/548/543 791/547/542 814/584/565 815/587/566
f 785/549/536 784/544/535 807/585/558 808/588/559
f 778/550/529 777/546/528 800/586/551 801/589/552
f 793/551/544 792/548/543 815/587/566 816/590/567
f 771/553/522 1278/591/1029 794/568/545
f 786/554/537 785/549/536 808/588/559 809/570/560
f 779/555/530 778/550/529 801/589/552 802/572/553
f 1231/592/982 793/551/544 816/590/567
f 798/580/549 797/577/548 820/593/571 821/594/572
f 813/581/564 812/578/563 835/595/586 836/596/587
f 806/582/557 805/579/556 828/597/579 829/598/580
f 799/583/550 798/580/549 821/594/572 822/599/573
f 814/584/565 813/581/564 836/596/587 837/600/588
f 807/585/558 806/582/557 829/598/580 830/601/581
f 800/586/551 799/583/550 822/599/573 823/602/574
f 815/587/566 814/584/565 837/600/588 838/603/589
f 808/588/559 807/585/558 830/601/581 831/604/582
f 801/589/552 800/586/551 823/602/574 824/605/575
f 816/590/567 815/587/566 838/603/589 839/606/590
f 794/568/545 1278/607/1029 817/608/568
f 809/570/560 808/588/559 831/604/582 832/609/583
f 802/572/553 801/589/552 824/605/575 825/610/576
f 1231/611/982 816/590/567 839/606/590
f 795/569/546 794/568/545 817/608/568 818/612/569
f 810/571/561 809/570/560 832/609/583 833/613/584
f 803/573/554 802/572/553 825/610/576 826/614/577
f 796/574/547 795/569/546 818/612/569 819/615/570
f 811/575/562 810/571/561 833/613/584 834/616/585
f 804/576/555 803/573/554 826/614/577 827/617/578
f 797/577/548 796/574/547 819/615/570 820/593/571
f 812/578/563 811/575/562 834/616/585 835/595/586
f 805/579/556 804/576/555 827/617/578 828/597/579
f 831/604/582 830/601/581 853/618/604 854/619/605
f 824/605/575 823/602/574 846/620/597 847/621/598
f 839/606/590 838/603/589 861/622/612 862/623/613
f 817/608/568 1278/624/1029 840/625/591
f 832/609/583 831/604/582 854/619/605 855/626/606
f 825/610/576 824/605/575 847/621/598 848/627/599
f 1231/628/982 839/606/590 862/623/613
f 818/612/569 817/608/568 840/625/591 841/629/592
f 833/613/584 832/609/583 855/626/606 856/630/607
f 826/614/577 825/610/576 848/627/599 849/631/600
f 819/615/570 818/612/569 841/629/592 842/632/593
f 834/616/585 833/613/584 856/630/607 857/633/608
f 827/617/578 826/614/577 849/631/600 850/634/601
f 820/593/571 819/615/570 842/632/593 843/635/594
f 835/595/586 834/616/585 857/633/608 858/636/609
f 828/597/579 827/617/578 850/634/601 851/637/602
f 821/594/572 820/593/571 843/635/594 844/638/595
f 836/596/587 835/595/586 858/636/609 859/639/610
f 829/598/580 828/597/579 851/637/602 852/640/603
f 822/599/573 821/594/572 844/638/595 845/641/596
f 837/600/588 836/596/587 859/639/610 860/642/611
f 830/601/581 829/598/580 852/640/603 853/618/604
f 823/602/574 822/599/573 845/641/596 846/620/597
f 838/603/589 837/600/588 860/642/611 861/622/612
f 842/632/593 841/629/592 864/643/615 865/644/616
f 857/633/608 856/630/607 879/645/630 880/646/631
f 850/634/601 849/631/600 872/647/623 873/648/624
f 843/635/594 842/632/593 865/644/616 866/649/617
f 858/636/609 857/633/608 880/646/631 881/650/632
f 851/637/602 850/634/601 873/648/624 874/651/625
f 844/638/595 843/635/594 866/649/617 867/652/618
f 859/639/610 858/636/609 881/650/632 882/653/633
f 852/640/603 851/637/602 874/651/625 875/654/626
f 845/641/596 844/638/595 867/652/618 868/655/619
f 860/642/611 859/639/610 882/653/633 883/656/634
f 853/618/604 852/640/603 875/654/626 876/657/627
f 846/620/597 845/641/596 868/655/619 869/658/620
f 861/622/612 860/642/611 883/656/634 884/659/635
f 854/619/605 853/618/604 876/657/627 877/660/628
f 847/621/598 846/620/597 869/658/620 870/661/621
f 862/623/613 861/622/612 884/659/635 885/662/636
f 840/625/591 1278/663/1029 863/664/614
f 855/626/606 854/619/605 877/660/628 878/665/629
f 848/627/599 847/621/598 870/661/621 871/666/622
f 1231/667/982 862/623/613 885/662/636
f 841/629/592 840/625/591 863/664/614 864/643/615
f 856/630/607 855/626/606 878/665/629 879/645/630
f 849/631/600 848/627/599 871/666/622 872/647/623
f 868/655/619 867/652/618 890/668/641 891/669/642
f 883/656/634 882/653/633 905/670/656 906/671/657
f 876/657/627 875/654/626 898/672/649 899/673/650
f 869/658/620 868/655/619 891/669/642 892/674/643
f 884/659/635 883/656/634 906/671/657 907/675/658
f 877/660/628 876/657/627 899/673/650 900/676/651
f 870/661/621 869/658/620 892/674/643 893/677/644
f 885/662/636 884/659/635 907/675/658 908/678/659
f 863/664/614 1278/679/1029 886/680/637
f 878/665/629 877/660/628 900/676/651 901/681/652
f 871/666/622 870/661/621 893/677/644 894/682/645
f 1231/683/982 885/662/636 908/678/659
f 864/643/615 863/664/614 886/680/637 887/684/638
f 879/645/630 878/665/629 901/681/652 902/685/653
f 872/647/623 871/666/622 894/682/645 895/686/646
f 865/644/616 864/643/615 887/684/638 888/687/639
f 880/646/631 879/645/630 902/685/653 903/688/654
f 873/648/624 872/647/623 895/686/646 896/689/647
f 866/649/617 865/644/616 888/687/639 889/690/640
f 881/650/632 880/646/631 903/688/654 904/691/655
f 874/651/625 873/648/624 896/689/647 897/692/648
f 867/652/618 866/649/617 889/690/640 890/668/641
f 882/653/633 881/650/632 904/691/655 905/670/656
f 875/654/626 874/651/625 897/692/648 898/672/649
f 901/681/652 900/676/651 923/693/674 924/694/675
f 894/682/645 893/677/644 916/695/667 917/696/668
f 1231/697/982 908/678/659 931/698/682
f 887/684/638 886/680/637 909/699/660 910/700/661
f 902/685/653 901/681/652 924/694/675 925/701/676
f 895/686/646 894/682/645 917/696/668 918/702/669
f 888/687/639 887/684/638 910/700/661 911/703/662
f 903/688/654 902/685/653 925/701/676 926/704/677
f 896/689/647 895/686/646 918/702/669 919/705/670
f 889/690/640 888/687/639 911/703/662 912/706/663
f 904/691/655 903/688/654 926/704/677 927/707/678
f 897/692/648 896/689/647 919/705/670 920/708/671
f 890/668/641 889/690/640 912/706/663 913/709/664
f 905/670/656 904/691/655 927/707/678 928/710/679
f 898/672/649 897/692/648 920/708/671 921/711/672
f 891/669/642 890/668/641 913/709/664 914/712/665
f 906/671/657 905/670/656 928/710/679 929/713/680
f 899/673/650 898/672/649 921/711/672 922/714/673
f 892/674/643 891/669/642 914/712/665 915/715/666
f 907/675/658 906/671/657 929/713/680 930/716/681
f 900/676/651 899/673/650 922/714/673 923/693/674
f 893/677/644 892/674/643 915/715/666 916/695/667
f 908/678/659 907/675/658 930/716/681 931/698/682
f 886/680/637 1278/717/1029 909/699/660
f 912/706/663 911/703/662 934/718/685 935/719/686
f 927/707/678 926/704/677 949/720/700 950/721/701
f 920/708/671 919/705/670 942/722/693 943/723/694
f 913/709/664 912/706/663 935/719/686 936/724/687
f 928/710/679 927/707/678 950/721/701 951/725/702
f 921/711/672 920/708/671 943/723/694 944/726/695
f 914/712/665 913/709/664 936/724/687 937/727/688
f 929/713/680 928/710/679 951/725/702 952/728/703
f 922/714/673 921/711/672 944/726/695 945/729/696
f 915/715/666 914/712/665 937/727/688 938/730/689
f 930/716/681 929/713/680 952/728/703 953/731/704
f 923/693/674 922/714/673 945/729/696 946/732/697
f 916/695/667 915/715/666 938/730/689 939/733/690
f 931/698/682 930/716/681 953/731/704 954/734/705
f 909/699/660 1278/735/1029 932/736/683
f 924/694/675 923/693/674 946/732/697 947/737/698
f 917/696/668 916/695/667 939/733/690 940/738/691
f 1231/739/982 931/698/682 954/734/705
f 910/700/661 909/699/660 932/736/683 933/740/684
f 925/701/676 924/694/675 947/737/698 948/741/699
f 918/702/669 917/696/668 940/738/691 941/742/692
f 911/703/662 910/700/661 933/740/684 934/718/685
f 926/704/677 925/701/676 948/741/699 949/720/700
f 919/705/670 918/702/669 941/742/692 942/722/693
f 938/730/689 937/727/688 960/743/711 961/744/712
f 953/731/704 952/728/703 975/745/726 976/746/727
f 946/732/697 945/729/696 968/747/719 969/748/720
f 939/733/690 938/730/689 961/744/712 962/749/713
f 954/734/705 953/731/704 976/746/727 977/750/728
f 932/736/683 1278/751/1029 955/752/706
f 947/737/698 946/732/697 969/748/720 970/753/721
f 940/738/691 939/733/690 962/749/713 963/754/714
f 1231/755/982 954/734/705 977/750/728
f 933/740/684 932/736/683 955/752/706 956/756/707
f 948/741/699 947/737/698 970/753/721 971/757/722
f 941/742/692 940/738/691 963/754/714 964/758/715
f 934/718/685 933/740/684 956/756/707 957/759/708
f 949/720/700 948/741/699 971/757/722 972/760/723
f 942/722/693 941/742/692 964/758/715 965/761/716
f 935/719/686 934/718/685 957/759/708 958/762/709
f 950/721/701 949/720/700 972/760/723 973/763/724
f 943/723/694 942/722/693 965/761/716 966/764/717
f 936/724/687 935/719/686 958/762/709 959/765/710
f 951/725/702 950/721/701 973/763/724 974/766/725
f 944/726/695 943/723/694 966/764/717 967/767/718
f 937/727/688 936/724/687 959/765/710 960/743/711
f 952/728/703 951/725/702 974/766/725 975/745/726
f 945/729/696 944/726/695 967/767/718 968/747/719
f 971/757/722 970/753/721 993/768/744 994/769/745
f 964/758/715 963/754/714 986/770/737 987/771/738
f 957/759/708 956/756/707 979/772/730 980/773/731
f 972/760/723 971/757/722 994/769/745 995/774/746
f 965/761/716 964/758/715 987/771/738 988/775/739
f 958/762/709 957/759/708 980/773/731 981/776/732
f 973/763/724 972/760/723 995/774/746 996/777/747
f 966/764/717 965/761/716 988/775/739 989/778/740
f 959/765/710 958/762/709 981/776/732 982/779/733
f 974/766/725 973/763/724 996/777/747 997/780/748
f 967/767/718 966/764/717 989/778/740 990/781/741
f 960/743/711 959/765/710 982/779/733 983/782/734
f 975/745/726 974/766/725 997/780/748 998/783/749
f 968/747/719 967/767/718 990/781/741 991/784/742
f 961/744/712 960/743/711 983/782/734 984/785/735
f 976/746/727 975/745/726 998/783/749 999/786/750
f 969/748/720 968/747/719 991/784/742 992/787/743
f 962/749/713 961/744/712 984/785/735 985/788/736
f 977/750/728 976/746/727 999/786/750 1000/789/751
f 955/752/706 1278/790/1029 978/791/729
f 970/753/721 969/748/720 992/787/743 993/768/744
f 963/754/714 962/749/713 985/788/736 986/770/737
f 1231/792/982 977/750/728 1000/789/751
f 956/756/707 955/752/706 978/791/729 979/772/730
f 982/779/733 981/776/732 1004/793/755 1005/794/756
f 997/780/748 996/777/747 1019/795/770 1020/796/771
f 990/781/741 989/778/740 1012/797/763 1013/798/764
f 983/782/734 982/779/733 1005/794/756 1006/799/757
f 998/783/749 997/780/748 1020/796/771 1021/800/772
f 991/784/742 990/781/741 1013/798/764 1014/801/765
f 984/785/735 983/782/734 1006/799/757 1007/802/758
f 999/786/750 998/783/749 1021/800/772 1022/803/773
f 992/787/743 991/784/742 1014/801/765 1015/804/766
f 985/788/736 984/785/735 1007/802/758 1008/805/759
f 1000/789/751 999/786/750 1022/803/773 1023/806/774
f 978/791/729 1278/807/1029 1001/808/752
f 993/768/744 992/787/743 1015/804/766 1016/809/767
f 986/770/737 985/788/736 1008/805/759 1009/810/760
f 1231/811/982 1000/789/751 1023/806/774
f 979/772/730 978/791/729 1001/808/752 1002/812/753
f 994/769/745 993/768/744 1016/809/767 1017/813/768
f 987/771/738 986/770/737 1009/810/760 1010/814/761
f 980/773/731 979/772/730 1002/812/753 1003/815/754
f 995/774/746 994/769/745 1017/813/768 1018/816/769
f 988/775/739 987/771/738 1010/814/761 1011/817/762
f 981/776/732 980/773/731 1003/815/754 1004/793/755
f 996/777/747 995/774/746 1018/816/769 1019/795/770
f 989/778/740 988/775/739 1011/817/762 1012/797/763
f 1008/805/759 1007/802/758 1030/818/781 1031/819/782
f 1023/806/774 1022/803/773 1045/820/796 1046/821/797
f 1001/808/752 1278/822/1029 1024/823/775
f 1016/809/767 1015/804/766 1038/824/789 1039/825/790
f 1009/810/760 1008/805/759 1031/819/782 1032/826/783
f 1231/827/982 1023/806/774 1046/821/797
f 1002/812/753 1001/808/752 1024/823/775 1025/828/776
f 1017/813/768 1016/809/767 1039/825/790 1040/829/791
f 1010/814/761 1009/810/760 1032/826/783 1033/830/784
f 1003/815/754 1002/812/753 1025/828/776 1026/831/777
f 1018/816/769 1017/813/768 1040/829/791 1041/832/792
f 1011/817/762 1010/814/761 1033/830/784 1034/833/785
f 1004/793/755 1003/815/754 1026/831/777 1027/834/778
f 1019/795/770 1018/816/769 1041/832/792 1042/835/793
f 1012/797/763 1011/817/762 1034/833/785 1035/836/786
f 1005/794/756 1004/793/755 1027/834/778 1028/837/779
f 1020/796/771 1019/795/770 1042/835/793 1043/838/794
f 1013/798/764 1012/797/763 1035/836/786 1036/839/787
f 1006/799/757 1005/794/756 1028/837/779 1029/840/780
f 1021/800/772 1020/796/771 1043/838/794 1044/841/795
f 1014/801/765 1013/798/764 1036/839/787 1037/842/788
f 1007/802/758 1006/799/757 1029/840/780 1030/818/781
f 1022/803/773 1021/800/772 1044/841/795 1045/820/796
f 1015/804/766 1014/801/765 1037/842/788 1038/824/789
f 1041/832/792 1040/829/791 1063/843/814 1064/844/815
f 1034/833/785 1033/830/784 1056/845/807 1057/846/808
f 1027/834/778 1026/831/777 1049/847/800 1050/848/801
f 1042/835/793 1041/832/792 1064/844/815 1065/849/816
f 1035/836/786 1034/833/785 1057/846/808 1058/850/809
f 1028/837/779 1027/834/778 1050/848/801 1051/851/802
f 1043/838/794 1042/835/793 1065/849/816 1066/852/817
f 1036/839/787 1035/836/786 1058/850/809 1059/853/810
f 1029/840/780 1028/837/779 1051/851/802 1052/854/803
f 1044/841/795 1043/838/794 1066/852/817 1067/855/818
f 1037/842/788 1036/839/787 1059/853/810 1060/856/811
f 1030/818/781 1029/840/780 1052/854/803 1053/857/804
f 1045/820/796 1044/841/795 1067/855/818 1068/858/819
f 1038/824/789 1037/842/788 1060/856/811 1061/859/812
f 1031/819/782 1030/818/781 1053/857/804 1054/860/805
f 1046/821/797 1045/820/796 1068/858/819 1069/861/820
f 1024/823/775 1278/862/1029 1047/863/798
f 1039/825/790 1038/824/789 1061/859/812 1062/864/813
f 1032/826/783 1031/819/782 1054/860/805 1055/865/806
f 1231/866/982 1046/821/797 1069/861/820
f 1025/828/776 1024/823/775 1047/863/798 1048/867/799
f 1040/829/791 1039/825/790 1062/864/813 1063/843/814
f 1033/830/784 1032/826/783 1055/865/806 1056/845/807
f 1026/831/777 1025/828/776 1048/867/799 1049/847/800
f 1052/854/803 1051/851/802 1074/868/825 1075/869/826
f 1067/855/818 1066/852/817 1089/870/840 1090/871/841
f 1060/856/811 1059/853/810 1082/872/833 1083/873/834
f 1053/857/804 1052/854/803 1075/869/826 1076/874/827
f 1068/858/819 1067/855/818 1090/871/841 1091/875/842
f 1061/859/812 1060/856/811 1083/873/834 1084/876/835
f 1054/860/805 1053/857/804 1076/874/827 1077/877/828
f 1069/861/820 1068/858/819 1091/875/842 1092/878/843
f 1047/863/798 1278/879/1029 1070/880/821
f 1062/864/813 1061/859/812 1084/876/835 1085/881/836
f 1055/865/806 1054/860/805 1077/877/828 1078/882/829
f 1231/883/982 1069/861/820 1092/878/843
f 1048/867/799 1047/863/798 1070/880/821 1071/884/822
f 1063/843/814 1062/864/813 1085/881/836 1086/885/837
f 1056/845/807 1055/865/806 1078/882/829 1079/886/830
f 1049/847/800 1048/867/799 1071/884/822 1072/887/823
f 1064/844/815 1063/843/814 1086/885/837 1087/888/838
f 1057/846/808 1056/845/807 1079/886/830 1080/889/831
f 1050/848/801 1049/847/800 1072/887/823 1073/890/824
f 1065/849/816 1064/844/815 1087/888/838 1088/891/839
f 1058/850/809 1057/846/808 1080/889/831 1081/892/832
f 1051/851/802 1050/848/801 1073/890/824 1074/868/825
f 1066/852/817 1065/849/816 1088/891/839 1089/870/840
f 1059/853/810 1058/850/809 1081/892/832 1082/872/833
f 1078/882/829 1077/877/828 1100/893/851 1101/894/852
f 1231/895/982 1092/878/843 1115/896/866
f 1071/884/822 1070/880/821 1093/897/844 1094/898/845
f 1086/885/837 1085/881/836 1108/899/859 1109/900/860
f 1079/886/830 1078/882/829 1101/894/852 1102/901/853
f 1072/887/823 1071/884/822 1094/898/845 1095/902/846
f 1087/888/838 1086/885/837 1109/900/860 1110/903/861
f 1080/889/831 1079/886/830 1102/901/853 1103/904/854
f 1073/890/824 1072/887/823 1095/902/846 1096/905/847
f 1088/891/839 1087/888/838 1110/903/861 1111/906/862
f 1081/892/832 1080/889/831 1103/904/854 1104/907/855
f 1074/868/825 1073/890/824 1096/905/847 1097/908/848
f 1089/870/840 1088/891/839 1111/906/862 1112/909/863
f 1082/872/833 1081/892/832 1104/907/855 1105/910/856
f 1075/869/826 1074/868/825 1097/908/848 1098/911/849
f 1090/871/841 1089/870/840 1112/909/863 1113/912/864
f 1083/873/834 1082/872/833 1105/910/856 1106/913/857
f 1076/874/827 1075/869/826 1098/911/849 1099/914/850
f 1091/875/842 1090/871/841 1113/912/864 1114/915/865
f 1084/876/835 1083/873/834 1106/913/857 1107/916/858
f 1077/877/828 1076/874/827 1099/914/850 1100/893/851
f 1092/878/843 1091/875/842 1114/915/865 1115/896/866
f 1070/880/821 1278/917/1029 1093/897/844
f 1085/881/836 1084/876/835 1107/916/858 1108/899/859
f 1111/906/862 1110/903/861 1133/918/884 1134/919/885
f 1104/907/855 1103/904/854 1126/920/877 1127/921/878
f 1097/908/848 1096/905/847 1119/922/870 1120/923/871
f 1112/909/863 1111/906/862 1134/919/885 1135/924/886
f 1105/910/856 1104/907/855 1127/921/878 1128/925/879
f 1098/911/849 1097/908/848 1120/923/871 1121/926/872
f 1113/912/864 1112/909/863 1135/924/886 1136/927/887
f 1106/913/857 1105/910/856 1128/925/879 1129/928/880
f 1099/914/850 1098/911/849 1121/926/872 1122/929/873
f 1114/915/865 1113/912/864 1136/927/887 1137/930/888
f 1107/916/858 1106/913/857 1129/928/880 1130/931/881
f 1100/893/851 1099/914/850 1122/929/873 1123/932/874
f 1115/896/866 1114/915/865 1137/930/888 1138/933/889
f 1093/897/844 1278/934/1029 1116/935/867
f 1108/899/859 1107/916/858 1130/931/881 1131/936/882
f 1101/894/852 1100/893/851 1123/932/874 1124/937/875
f 1231/938/982 1115/896/866 1138/933/889
f 1094/898/845 1093/897/844 1116/935/867 1117/939/868
f 1109/900/860 1108/899/859 1131/936/882 1132/940/883
f 1102/901/853 1101/894/852 1124/937/875 1125/941/876
f 1095/902/846 1094/898/845 1117/939/868 1118/942/869
f 1110/903/861 1109/900/860 1132/940/883 1133/918/884
f 1103/904/854 1102/901/853 1125/941/876 1126/920/877
f 1096/905/847 1095/902/846 1118/942/869 1119/922/870
f 1122/929/873 1121/926/872 1144/943/895 1145/944/896
f 1137/930/888 1136/927/887 1159/945/910 1160/946/911
f 1130/931/881 1129/928/880 1152/947/903 1153/948/904
f 1123/932/874 1122/929/873 1145/944/896 1146/949/897
f 1138/933/889 1137/930/888 1160/946/911 1161/950/912
f 1116/935/867 1278/951/1029 1139/952/890
f 1131/936/882 1130/931/881 1153/948/904 1154/953/905
f 1124/937/875 1123/932/874 1146/949/897 1147/954/898
f 1231/955/982 1138/933/889 1161/950/912
f 1117/939/868 1116/935/867 1139/952/890 1140/956/891
f 1132/940/883 1131/936/882 1154/953/905 1155/957/906
f 1125/941/876 1124/937/875 1147/954/898 1148/958/899
f 1118/942/869 1117/939/868 1140/956/891 1141/959/892
f 1133/918/884 1132/940/883 1155/957/906 1156/960/907
f 1126/920/877 1125/941/876 1148/958/899 1149/961/900
f 1119/922/870 1118/942/869 1141/959/892 1142/962/893
f 1134/919/885 1133/918/884 1156/960/907 1157/963/908
f 1127/921/878 1126/920/877 1149/961/900 1150/964/901
f 1120/923/871 1119/922/870 1142/962/893 1143/965/894
f 1135/924/886 1134/919/885 1157/963/908 1158/966/909
f 1128/925/879 1127/921/878 1150/964/901 1151/967/902
f 1121/926/872 1120/923/871 1143/965/894 1144/943/895
f 1136/927/887 1135/924/886 1158/966/909 1159/945/910
f 1129/928/880 1128/925/879 1151/967/902 1152/947/903
f 1148/958/899 1147/954/898 1170/968/921 1171/969/922
f 1141/959/892 1140/956/891 1163/970/914 1164/971/915
f 1156/960/907 1155/957/906 1178/972/929 1179/973/930
f 1149/961/900 1148/958/899 1171/969/922 1172/974/923
f 1142/962/893 1141/959/892 1164/971/915 1165/975/916
f 1157/963/908 1156/960/907 1179/973/930 1180/976/931
f 1150/964/901 1149/961/900 1172/974/923 1173/977/924
f 1143/965/894 1142/962/893 1165/975/916 1166/978/917
f 1158/966/909 1157/963/908 1180/976/931 1181/979/932
f 1151/967/902 1150/964/901 1173/977/924 1174/980/925
f 1144/943/895 1143/965/894 1166/978/917 1167/981/918
f 1159/945/910 1158/966/909 1181/979/932 1182/982/933
f 1152/947/903 1151/967/902 1174/980/925 1175/983/926
f 1145/944/896 1144/943/895 1167/981/918 1168/984/919
f 1160/946/911 1159/945/910 1182/982/933 1183/985/934
f 1153/948/904 1152/947/903 1175/983/926 1176/986/927
f 1146/949/897 1145/944/896 1168/984/919 1169/987/920
f 1161/950/912 1160/946/911 1183/985/934 1184/988/935
f 1139/952/890 1278/989/1029 1162/990/913
f 1154/953/905 1153/948/904 1176/986/927 1177/991/928
f 1147/954/898 1146/949/897 1169/987/920 1170/968/921
f 1231/992/982 1161/950/912 1184/988/935
f 1140/956/891 1139/952/890 1162/990/913 1163/970/914
f 1155/957/906 1154/953/905 1177/991/928 1178/972/929
f 1181/979/932 1180/976/931 1203/993/954 1204/994/955
f 1174/980/925 1173/977/924 1196/995/947 1197/996/948
f 1167/981/918 1166/978/917 1189/997/940 1190/998/941
f 1182/982/933 1181/979/932 1204/994/955 1205/999/956
f 1175/983/926 1174/980/925 1197/996/948 1198/1000/949
f 1168/984/919 1167/981/918 1190/998/941 1191/1001/942
f 1183/985/934 1182/982/933 1205/999/956 1206/1002/957
f 1176/986/927 1175/983/926 1198/1000/949 1199/1003/950
f 1169/987/920 1168/984/919 1191/1001/942 1192/1004/943
f 1184/988/935 1183/985/934 1206/1002/957 1207/1005/958
f 1162/990/913 1278/1006/1029 1185/1007/936
f 1177/991/928 1176/986/927 1199/1003/950 1200/1008/951
f 1170/968/921 1169/987/920 1192/1004/943 1193/1009/944
f 1231/1010/982 1184/988/935 1207/1005/958
f 1163/970/914 1162/990/913 1185/1007/936 1186/1011/937
f 1178/972/929 1177/991/928 1200/1008/951 1201/1012/952
f 1171/969/922 1170/968/921 1193/1009/944 1194/1013/945
f 1164/971/915 1163/970/914 1186/1011/937 1187/1014/938
f 1179/973/930 1178/972/929 1201/1012/952 1202/1015/953
f 1172/974/923 1171/969/922 1194/1013/945 1195/1016/946
f 1165/975/916 1164/971/915 1187/1014/938 1188/1017/939
f 1180/976/931 1179/973/930 1202/1015/953 1203/993/954
f 1173/977/924 1172/974/923 1195/1016/946 1196/995/947
f 1166/978/917 1165/975/916 1188/1017/939 1189/997/940
f 1192/1004/943 1191/1001/942 1214/1018/965 1215/1019/966
f 1207/1005/958 1206/1002/957 1229/1020/980 1230/1021/981
f 1185/1007/936 1278/1022/1029 1208/1023/959
f 1200/1008/951 1199/1003/950 1222/1024/973 1223/1025/974
f 1193/1009/944 1192/1004/943 1215/1019/966 1216/1026/967
f 1231/1027/982 1207/1005/958 1230/1021/981
f 1186/1011/937 1185/1007/936 1208/1023/959 1209/1028/960
f 1201/1012/952 1200/1008/951 1223/1025/974 1224/1029/975
f 1194/1013/945 1193/1009/944 1216/1026/967 1217/1030/968
f 1187/1014/938 1186/1011/937 1209/1028/960 1210/1031/961
f 1202/1015/953 1201/1012/952 1224/1029/975 1225/1032/976
f 1195/1016/946 1194/1013/945 1217/1030/968 1218/1033/969
f 1188/1017/939 1187/1014/938 1210/1031/961 1211/1034/962
f 1203/993/954 1202/1015/953 1225/1032/976 1226/1035/977
f 1196/995/947 1195/1016/946 1218/1033/969 1219/1036/970
f 1189/997/940 1188/1017/939 1211/1034/962 1212/1037/963
f 1204/994/955 1203/993/954 1226/1035/977 1227/1038/978
f 1197/996/948 1196/995/947 1219/1036/970 1220/1039/971
f 1190/998/941 1189/997/940 1212/1037/963 1213/1040/964
f 1205/999/956 1204/994/955 1227/1038/978 1228/1041/979
f 1198/1000/949 1197/996/948 1220/1039/971 1221/1042/972
f 1191/1001/942 1190/998/941 1213/1040/964 1214/1018/965
f 1206/1002/957 1205/999/956 1228/1041/979 1229/1020/980
f 1199/1003/950 1198/1000/949 1221/1042/972 1222/1024/973
f 1218/1033/969 1217/1030/968 1241/1043/992 1242/1044/993
f 1211/1034/962 1210/1031/961 1234/1045/985 1235/1046/986
f 1226/1035/977 1225/1032/976 1249/1047/1000 1250/1048/1001
f 1219/1036/970 1218/1033/969 1242/1044/993 1243/1049/994
f 1212/1037/963 1211/1034/962 1235/1046/986 1236/1050/987
f 1227/1038/978 1226/1035/977 1250/1048/1001 1251/1051/1002
f 1220/1039/971 1219/1036/970 1243/1049/994 1244/1052/995
f 1213/1040/964 1212/1037/963 1236/1050/987 1237/1053/988
f 1228/1041/979 1227/1038/978 1251/1051/1002 1252/1054/1003
f 1221/1042/972 1220/1039/971 1244/1052/995 1245/1055/996
f 1214/1018/965 1213/1040/964 1237/1053/988 1238/1056/989
f 1229/1020/980 1228/1041/979 1252/1054/1003 1253/1057/1004
f 1222/1024/973 1221/1042/972 1245/1055/996 1246/1058/997
f 1215/1019/966 1214/1018/965 1238/1056/989 1239/1059/990
f 1230/1021/981 1229/1020/980 1253/1057/1004 1254/1060/1005
f 1208/1023/959 1278/1061/1029 1232/1062/983
f 1223/1025/974 1222/1024/973 1246/1058/997 1247/1063/998
f 1216/1026/967 1215/1019/966 1239/1059/990 1240/1064/991
f 1231/1065/982 1230/1021/981 1254/1060/1005
f 1209/1028/960 1208/1023/959 1232/1062/983 1233/1066/984
f 1224/1029/975 1223/1025/974 1247/1063/998 1248/1067/999
f 1217/1030/968 1216/1026/967 1240/1064/991 1241/1043/992
f 1210/1031/961 1209/1028/960 1233/1066/984 1234/1045/985
f 1225/1032/976 1224/1029/975 1248/1067/999 1249/1047/1000
f 1252/1054/1003 1251/1051/1002 1274/1068/1025 1275/1069/1026
f 1245/1055/996 1244/1052/995 1267/1070/1018 1268/1071/1019
f 1238/1056/989 1237/1053/988 1260/1072/1011 1261/1073/1012
f 1253/1057/1004 1252/1054/1003 1275/1069/1026 1276/1074/1027
f 1246/1058/997 1245/1055/996 1268/1071/1019 1269/1075/1020
f 1239/1059/990 1238/1056/989 1261/1073/1012 1262/1076/1013
f 1254/1060/1005 1253/1057/1004 1276/1074/1027 1277/1077/1028
f 1232/1062/983 1278/1078/1029 1255/1079/1006
f 1247/1063/998 1246/1058/997 1269/1075/1020 1270/1080/1021
f 1240/1064/991 1239/1059/990 1262/1076/1013 1263/1081/1014
f 1231/1082/982 1254/1060/1005 1277/1077/1028
f 1233/1066/984 1232/1062/983 1255/1079/1006 1256/1083/1007
f 1248/1067/999 1247/1063/998 1270/1080/1021 1271/1084/1022
f 1241/1043/992 1240/1064/991 1263/1081/1014 1264/1085/1015
f 1234/1045/985 1233/1066/984 1256/1083/1007 1257/1086/1008
f 1249/1047/1000 1248/1067/999 1271/1084/1022 1272/1087/1023
f 1242/1044/993 1241/1043/992 1264/1085/1015 1265/1088/1016
f 1235/1046/986 1234/1045/985 1257/1086/1008 1258/1089/1009
f 1250/1048/1001 1249/1047/1000 1272/1087/1023 1273/1090/1024
f 1243/1049/994 1242/1044/993 1265/1088/1016 1266/1091/1017
f 1236/1050/987 1235/1046/986 1258/1089/1009 1259/1092/1010
f 1251/1051/1002 1250/1048/1001 1273/1090/1024 1274/1068/1025
f 1244/1052/995 1243/1049/994 1266/1091/1017 1267/1070/1018
f 1237/1053/988 1236/1050/987 1259/1092/1010 1260/1072/1011
f 1263/1081/1014 1262/1076/1013 1286/1093/1037 1287/1094/1038
f 1231/1095/982 1277/1077/1028 1301/1096/1052
f 1256/1083/1007 1255/1079/1006 1279/1097/1030 1280/1098/1031
f 1271/1084/1022 1270/1080/1021 1294/1099/1045 1295/1100/1046
f 1264/1085/1015 1263/1081/1014 1287/1094/1038 1288/1101/1039
f 1257/1086/1008 1256/1083/1007 1280/1098/1031 1281/1102/1032
f 1272/1087/1023 1271/1084/1022 1295/1100/1046 1296/1103/1047
f 1265/1088/1016 1264/1085/1015 1288/1101/1039 1289/1104/1040
f 1258/1089/1009 1257/1086/1008 1281/1102/1032 1282/1105/1033
f 1273/1090/1024 1272/1087/1023 1296/1103/1047 1297/1106/1048
f 1266/1091/1017 1265/1088/1016 1289/1104/1040 1290/1107/1041
f 1259/1092/1010 1258/1089/1009 1282/1105/1033 1283/1108/1034
f 1274/1068/1025 1273/1090/1024 1297/1106/1048 1298/1109/1049
f 1267/1070/1018 1266/1091/1017 1290/1107/1041 1291/1110/1042
f 1260/1072/1011 1259/1092/1010 1283/1108/1034 1284/1111/1035
f 1275/1069/1026 1274/1068/1025 1298/1109/1049 1299/1112/1050
f 1268/1071/1019 1267/1070/1018 1291/1110/1042 1292/1113/1043
f 1261/1073/1012 1260/1072/1011 1284/1111/1035 1285/1114/1036
f 1276/1074/1027 1275/1069/1026 1299/1112/1050 1300/1115/1051
f 1269/1075/1020 1268/1071/1019 1292/1113/1043 1293/1116/1044
f 1262/1076/1013 1261/1073/1012 1285/1114/1036 1286/1093/1037
f 1277/1077/1028 1276/1074/1027 1300/1115/1051 1301/1096/1052
f 1255/1079/1006 1278/1117/1029 1279/1097/1030
f 1270/1080/1021 1269/1075/1020 1293/1116/1044 1294/1099/1045
f 1290/1107/1041 1289/1104/1040 1312/1118/1063 1313/1119/1064
f 1283/1108/1034 1282/1105/1033 1305/1120/1056 1306/1121/1057
f 1298/1109/1049 1297/1106/1048 1320/1122/1071 1321/1123/1072
f 1291/1110/1042 1290/1107/1041 1313/1119/1064 1314/1124/1065
f 1284/1111/1035 1283/1108/1034 1306/1121/1057 1307/1125/1058
f 1299/1112/1050 1298/1109/1049 1321/1123/1072 1322/1126/1073
f 1292/1113/1043 1291/1110/1042 1314/1124/1065 1315/1127/1066
f 1285/1114/1036 1284/1111/1035 1307/1125/1058 1308/1128/1059
f 1300/1115/1051 1299/1112/1050 1322/1126/1073 1323/1129/1074
f 1293/1116/1044 1292/1113/1043 1315/1127/1066 1316/1130/1067
f 1286/1093/1037 1285/1114/1036 1308/1128/1059 1309/1131/1060
f 1301/1096/1052 1300/1115/1051 1323/1129/1074 1324/1132/1075
f 1279/1097/1030 1278/1133/1029 1302/1134/1053
f 1294/1099/1045 1293/1116/1044 1316/1130/1067 1317/1135/1068
f 1287/1094/1038 1286/1093/1037 1309/1131/1060 1310/1136/1061
f 1231/1137/982 1301/1096/1052 1324/1132/1075
f 1280/1098/1031 1279/1097/1030 1302/1134/1053 1303/1138/1054
f 1295/1100/1046 1294/1099/1045 1317/1135/1068 1318/1139/1069
f 1288/1101/1039 1287/1094/1038 1310/1136/1061 1311/1140/1062
f 1281/1102/1032 1280/1098/1031 1303/1138/1054 1304/1141/1055
f 1296/1103/1047 1295/1100/1046 1318/1139/1069 1319/1142/1070
f 1289/1104/1040 1288/1101/1039 1311/1140/1062 1312/1118/1063
f 1282/1105/1033 1281/1102/1032 1304/1141/1055 1305/1120/1056
f 1297/1106/1048 1296/1103/1047 1319/1142/1070 1320/1122/1071
f 1323/1129/1074 1322/1126/1073 1345/1143/1096 1346/1144/1097
f 1316/1130/1067 1315/1127/1066 1338/1145/1089 1339/1146/1090
f 1309/1131/1060 1308/1128/1059 1331/1147/1082 1332/1148/1083
f 1324/1132/1075 1323/1129/1074 1346/1144/1097 1347/1149/1098
f 1302/1134/1053 1278/1150/1029 1325/1151/1076
f 1317/1135/1068 1316/1130/1067 1339/1146/1090 1340/1152/1091
f 1310/1136/1061 1309/1131/1060 1332/1148/1083 1333/1153/1084
f 1231/1154/982 1324/1132/1075 1347/1149/1098
f 1303/1138/1054 1302/1134/1053 1325/1151/1076 1326/1155/1077
f 1318/1139/1069 1317/1135/1068 1340/1152/1091 1341/1156/1092
f 1311/1140/1062 1310/1136/1061 1333/1153/1084 1334/1157/1085
f 1304/1141/1055 1303/1138/1054 1326/1155/1077 1327/1158/1078
f 1319/1142/1070 1318/1139/1069 1341/1156/1092 1342/1159/1093
f 1312/1118/1063 1311/1140/1062 1334/1157/1085 1335/1160/1086
f 1305/1120/1056 1304/1141/1055 1327/1158/1078 1328/1161/1079
f 1320/1122/1071 1319/1142/1070 1342/1159/1093 1343/1162/1094
f 1313/1119/1064 1312/1118/1063 1335/1160/1086 1336/1163/1087
f 1306/1121/1057 1305/1120/1056 1328/1161/1079 1329/1164/1080
f 1321/1123/1072 1320/1122/1071 1343/1162/1094 1344/1165/1095
f 1314/1124/1065 1313/1119/1064 1336/1163/1087 1337/1166/1088
f 1307/1125/1058 1306/1121/1057 1329/1164/1080 1330/1167/1081
f 1322/1126/1073 1321/1123/1072 1344/1165/1095 1345/1143/1096
f 1315/1127/1066 1314/1124/1065 1337/1166/1088 1338/1145/1089
f 1308/1128/1059 1307/1125/1058 1330/1167/1081 1331/1147/1082
f 1334/1157/1085 1333/1153/1084 1356/1168/1107 1357/1169/1108
f 1327/1158/1078 1326/1155/1077 1349/1170/1100 1350/1171/1101
f 1342/1159/1093 1341/1156/1092 1364/1172/1115 1365/1173/1116
f 1335/1160/1086 1334/1157/1085 1357/1169/1108 1358/1174/1109
f 1328/1161/1079 1327/1158/1078 1350/1171/1101 1351/1175/1102
f 1343/1162/1094 1342/1159/1093 1365/1173/1116 1366/1176/1117
f 1336/1163/1087 1335/1160/1086 1358/1174/1109 1359/1177/1110
f 1329/1164/1080 1328/1161/1079 1351/1175/1102 1352/1178/1103
f 1344/1165/1095 1343/1162/1094 1366/1176/1117 1367/1179/1118
f 1337/1166/1088 1336/1163/1087 1359/1177/1110 1360/1180/1111
f 1330/1167/1081 1329/1164/1080 1352/1178/1103 1353/1181/1104
f 1345/1143/1096 1344/1165/1095 1367/1179/1118 1368/1182/1119
f 1338/1145/1089 1337/1166/1088 1360/1180/1111 1361/1183/1112
f 1331/1147/1082 1330/1167/1081 1353/1181/1104 1354/1184/1105
f 1346/1144/1097 1345/1143/1096 1368/1182/1119 1369/1185/1120
f 1339/1146/1090 1338/1145/1089 1361/1183/1112 1362/1186/1113
f 1332/1148/1083 1331/1147/1082 1354/1184/1105 1355/1187/1106
f 1347/1149/1098 1346/1144/1097 1369/1185/1120 1370/1188/1121
f 1325/1151/1076 1278/1189/1029 1348/1190/1099
f 1340/1152/1091 1339/1146/1090 1362/1186/1113 1363/1191/1114
f 1333/1153/1084 1332/1148/1083 1355/1187/1106 1356/1168/1107
f 1231/1192/982 1347/1149/1098 1370/1188/1121
f 1326/1155/1077 1325/1151/1076 1348/1190/1099 1349/1170/1100
f 1341/1156/1092 1340/1152/1091 1363/1191/1114 1364/1172/1115
f 1362/1186/1113 1361/1183/1112 1384/1193/1135 1385/1194/1136
f 1355/1187/1106 1354/1184/1105 1377/1195/1128 1378/1196/1129
f 1370/1188/1121 1369/1185/1120 1392/1197/1143 1393/1198/1144
f 1348/1190/1099 1278/1199/1029 1371/1200/1122
f 1363/1191/1114 1362/1186/1113 1385/1194/1136 1386/1201/1137
f 1356/1168/1107 1355/1187/1106 1378/1196/1129 1379/1202/1130
f 1231/1203/982 1370/1188/1121 1393/1198/1144
f 1349/1170/1100 1348/1190/1099 1371/1200/1122 1372/1204/1123
f 1364/1172/1115 1363/1191/1114 1386/1201/1137 1387/1205/1138
f 1357/1169/1108 1356/1168/1107 1379/1202/1130 1380/1206/1131
f 1350/1171/1101 1349/1170/1100 1372/1204/1123 1373/1207/1124
f 1365/1173/1116 1364/1172/1115 1387/1205/1138 1388/1208/1139
f 1358/1174/1109 1357/1169/1108 1380/1206/1131 1381/1209/1132
f 1351/1175/1102 1350/1171/1101 1373/1207/1124 1374/1210/1125
f 1366/1176/1117 1365/1173/1116 1388/1208/1139 1389/1211/1140
f 1359/1177/1110 1358/1174/1109 1381/1209/1132 1382/1212/1133
f 1352/1178/1103 1351/1175/1102 1374/1210/1125 1375/1213/1126
f 1367/1179/1118 1366/1176/1117 1389/1211/1140 1390/1214/1141
f 1360/1180/1111 1359/1177/1110 1382/1212/1133 1383/1215/1134
f 1353/1181/1104 1352/1178/1103 1375/1213/1126 1376/1216/1127
f 1368/1182/1119 1367/1179/1118 1390/1214/1141 1391/1217/1142
f 1361/1183/1112 1360/1180/1111 1383/1215/1134 1384/1193/1135
f 1354/1184/1105 1353/1181/1104 1376/1216/1127 1377/1195/1128
f 1369/1185/1120 1368/1182/1119 1391/1217/1142 1392/1197/1143
f 1373/1207/1124 1372/1204/1123 1395/1218/1146 1396/1219/1147
f 1388/1208/1139 1387/1205/1138 1410/1220/1161 1411/1221/1162
f 1381/1209/1132 1380/1206/1131 1403/1222/1154 1404/1223/1155
f 1374/1210/1125 1373/1207/1124 1396/1219/1147 1397/1224/1148
f 1389/1211/1140 1388/1208/1139 1411/1221/1162 1412/1225/1163
f 1382/1212/1133 1381/1209/1132 1404/1223/1155 1405/1226/1156
f 1375/1213/1126 1374/1210/1125 1397/1224/1148 1398/1227/1149
f 1390/1214/1141 1389/1211/1140 1412/1225/1163 1413/1228/1164
f 1383/1215/1134 1382/1212/1133 1405/1226/1156 1406/1229/1157
f 1376/1216/1127 1375/1213/1126 1398/1227/1149 1399/1230/1150
f 1391/1217/1142 1390/1214/1141 1413/1228/1164 1414/1231/1165
f 1384/1193/1135 1383/1215/1134 1406/1229/1157 1407/1232/1158
f 1377/1195/1128 1376/1216/1127 1399/1230/1150 1400/1233/1151
f 1392/1197/1143 1391/1217/1142 1414/1231/1165 1415/1234/1166
f 1385/1194/1136 1384/1193/1135 1407/1232/1158 1408/1235/1159
f 1378/1196/1129 1377/1195/1128 1400/1233/1151 1401/1236/1152
f 1393/1198/1144 1392/1197/1143 1415/1234/1166 1416/1237/1167
f 1371/1200/1122 1278/1238/1029 1394/1239/1145
f 1386/1201/1137 1385/1194/1136 1408/1235/1159 1409/1240/1160
f 1379/1202/1130 1378/1196/1129 1401/1236/1152 1402/1241/1153
f 1231/1242/982 1393/1198/1144 1416/1237/1167
f 1372/1204/1123 1371/1200/1122 1394/1239/1145 1395/1218/1146
f 1387/1205/1138 1386/1201/1137 1409/1240/1160 1410/1220/1161
f 1380/1206/1131 1379/1202/1130 1402/1241/1153 1403/1222/1154
f 1399/1243/1150 1398/1244/1149 1421/1245/1172 1422/1246/1173
f 1414/1247/1165 1413/1248/1164 1436/1249/1187 1437/1250/1188
f 1407/1251/1158 1406/1252/1157 1429/1253/1180 1430/1254/1181
f 1400/1255/1151 1399/1243/1150 1422/1246/1173 1423/1256/1174
f 1415/1257/1166 1414/1247/1165 1437/1250/1188 1438/1258/1189
f 1408/1259/1159 1407/1251/1158 1430/1254/1181 1431/1260/1182
f 1401/1261/1152 1400/1255/1151 1423/1256/1174 1424/1262/1175
f 1416/1263/1167 1415/1257/1166 1438/1258/1189 1439/1264/1190
f 1394/1265/1145 1278/1266/1029 1417/1267/1168
f 1409/1268/1160 1408/1259/1159 1431/1260/1182 1432/1269/1183
f 1402/1270/1153 1401/1261/1152 1424/1262/1175 1425/1271/1176
f 1231/1272/982 1416/1263/1167 1439/1264/1190
f 1395/1273/1146 1394/1265/1145 1417/1267/1168 1418/1274/1169
f 1410/1275/1161 1409/1268/1160 1432/1269/1183 1433/1276/1184
f 1403/1277/1154 1402/1270/1153 1425/1271/1176 1426/1278/1177
f 1396/1279/1147 1395/1273/1146 1418/1274/1169 1419/1280/1170
f 1411/1281/1162 1410/1275/1161 1433/1276/1184 1434/1282/1185
f 1404/1283/1155 1403/1277/1154 1426/1278/1177 1427/1284/1178
f 1397/1285/1148 1396/1279/1147 1419/1280/1170 1420/1286/1171
f 1412/1287/1163 1411/1281/1162 1434/1282/1185 1435/1288/1186
f 1405/1289/1156 1404/1283/1155 1427/1284/1178 1428/1290/1179
f 1398/1244/1149 1397/1285/1148 1420/1286/1171 1421/1245/1172
f 1413/1248/1164 1412/1287/1163 1435/1288/1186 1436/1249/1187
f 1406/1252/1157 1405/1289/1156 1428/1290/1179 1429/1253/1180
f 1432/1269/1183 1431/1260/1182 1454/1291/1205 1455/1292/1206
f 1425/1271/1176 1424/1262/1175 1447/1293/1198 1448/1294/1199
f 1231/1295/982 1439/1264/1190 1462/1296/1213
f 1418/1274/1169 1417/1267/1168 1440/1297/1191 1441/1298/1192
f 1433/1276/1184 1432/1269/1183 1455/1292/1206 1456/1299/1207
f 1426/1278/1177 1425/1271/1176 1448/1294/1199 1449/1300/1200
f 1419/1280/1170 1418/1274/1169 1441/1298/1192 1442/1301/1193
f 1434/1282/1185 1433/1276/1184 1456/1299/1207 1457/1302/1208
f 1427/1284/1178 1426/1278/1177 1449/1300/1200 1450/1303/1201
f 1420/1286/1171 1419/1280/1170 1442/1301/1193 1443/1304/1194
f 1435/1288/1186 1434/1282/1185 1457/1302/1208 1458/1305/1209
f 1428/1290/1179 1427/1284/1178 1450/1303/1201 1451/1306/1202
f 1421/1245/1172 1420/1286/1171 1443/1304/1194 1444/1307/1195
f 1436/1249/1187 1435/1288/1186 1458/1305/1209 1459/1308/1210
f 1429/1253/1180 1428/1290/1179 1451/1306/1202 1452/1309/1203
f 1422/1246/1173 1421/1245/1172 1444/1307/1195 1445/1310/1196
f 1437/1250/1188 1436/1249/1187 1459/1308/1210 1460/1311/1211
f 1430/1254/1181 1429/1253/1180 1452/1309/1203 1453/1312/1204
f 1423/1256/1174 1422/1246/1173 1445/1310/1196 1446/1313/1197
f 1438/1258/1189 1437/1250/1188 1460/1311/1211 1461/1314/1212
f 1431/1260/1182 1430/1254/1181 1453/1312/1204 1454/1291/1205
f 1424/1262/1175 1423/1256/1174 1446/1313/1197 1447/1293/1198
f 1439/1264/1190 1438/1258/1189 1461/1314/1212 1462/1296/1213
f 1417/1267/1168 1278/1315/1029 1440/1297/1191
f 1443/1304/1194 1442/1301/1193 1465/1316/1216 1466/1317/1217
f 1458/1305/1209 1457/1302/1208 1480/1318/1231 1481/1319/1232
f 1451/1306/1202 1450/1303/1201 1473/1320/1224 1474/1321/1225
f 1444/1307/1195 1443/1304/1194 1466/1317/1217 1467/1322/1218
f 1459/1308/1210 1458/1305/1209 1481/1319/1232 1482/1323/1233
f 1452/1309/1203 1451/1306/1202 1474/1321/1225 1475/1324/1226
f 1445/1310/1196 1444/1307/1195 1467/1322/1218 1468/1325/1219
f 1460/1311/1211 1459/1308/1210 1482/1323/1233 1483/1326/1234
f 1453/1312/1204 1452/1309/1203 1475/1324/1226 1476/1327/1227
f 1446/1313/1197 1445/1310/1196 1468/1325/1219 1469/1328/1220
f 1461/1314/1212 1460/1311/1211 1483/1326/1234 1484/1329/1235
f 1454/1291/1205 1453/1312/1204 1476/1327/1227 1477/1330/1228
f 1447/1293/1198 1446/1313/1197 1469/1328/1220 1470/1331/1221
f 1462/1296/1213 1461/1314/1212 1484/1329/1235 1485/1332/1236
f 1440/1297/1191 1278/1333/1029 1463/1334/1214
f 1455/1292/1206 1454/1291/1205 1477/1330/1228 1478/1335/1229
f 1448/1294/1199 1447/1293/1198 1470/1331/1221 1471/1336/1222
f 1231/1337/982 1462/1296/1213 1485/1332/1236
f 1441/1298/1192 1440/1297/1191 1463/1334/1214 1464/1338/1215
f 1456/1299/1207 1455/1292/1206 1478/1335/1229 1479/1339/1230
f 1449/1300/1200 1448/1294/1199 1471/1336/1222 1472/1340/1223
f 1442/1301/1193 1441/1298/1192 1464/1338/1215 1465/1316/1216
f 1457/1302/1208 1456/1299/1207 1479/1339/1230 1480/1318/1231
f 1450/1303/1201 1449/1300/1200 1472/1340/1223 1473/1320/1224
f 1469/1328/1220 1468/1325/1219 1491/1341/1242 1492/1342/1243
f 1484/1329/1235 1483/1326/1234 1506/1343/1257 1507/1344/1258
f 1477/1330/1228 1476/1327/1227 1499/1345/1250 1500/1346/1251
f 1470/1331/1221 1469/1328/1220 1492/1342/1243 1493/1347/1244
f 1485/1332/1236 1484/1329/1235 1507/1344/1258 1508/1348/1259
f 1463/1334/1214 1278/1349/1029 1486/1350/1237
f 1478/1335/1229 1477/1330/1228 1500/1346/1251 1501/1351/1252
f 1471/1336/1222 1470/1331/1221 1493/1347/1244 1494/1352/1245
f 1231/1353/982 1485/1332/1236 1508/1348/1259
f 1464/1338/1215 1463/1334/1214 1486/1350/1237 1487/1354/1238
f 1479/1339/1230 1478/1335/1229 1501/1351/1252 1502/1355/1253
f 1472/1340/1223 1471/1336/1222 1494/1352/1245 1495/1356/1246
f 1465/1316/1216 1464/1338/1215 1487/1354/1238 1488/1357/1239
f 1480/1318/1231 1479/1339/1230 1502/1355/1253 1503/1358/1254
f 1473/1320/1224 1472/1340/1223 1495/1356/1246 1496/1359/1247
f 1466/1317/1217 1465/1316/1216 1488/1357/1239 1489/1360/1240
f 1481/1319/1232 1480/1318/1231 1503/1358/1254 1504/1361/1255
f 1474/1321/1225 1473/1320/1224 1496/1359/1247 1497/1362/1248
f 1467/1322/1218 1466/1317/1217 1489/1360/1240 1490/1363/1241
f 1482/1323/1233 1481/1319/1232 1504/1361/1255 1505/1364/1256
f 1475/1324/1226 1474/1321/1225 1497/1362/1248 1498/1365/1249
f 1468/1325/1219 1467/1322/1218 1490/1363/1241 1491/1341/1242
f 1483/1326/1234 1482/1323/1233 1505/1364/1256 1506/1343/1257
f 1476/1327/1227 1475/1324/1226 1498/1365/1249 1499/1345/1250
f 1502/1355/1253 1501/1351/1252 1524/1366/1275 1525/1367/1276
f 1495/1356/1246 1494/1352/1245 1517/1368/1268 1518/1369/1269
f 1488/1357/1239 1487/1354/1238 1510/1370/1261 1511/1371/1262
f 1503/1358/1254 1502/1355/1253 1525/1367/1276 1526/1372/1277
f 1496/1359/1247 1495/1356/1246 1518/1369/1269 1519/1373/1270
f 1489/1360/1240 1488/1357/1239 1511/1371/1262 1512/1374/1263
f 1504/1361/1255 1503/1358/1254 1526/1372/1277 1527/1375/1278
f 1497/1362/1248 1496/1359/1247 1519/1373/1270 1520/1376/1271
f 1490/1363/1241 1489/1360/1240 1512/1374/1263 1513/1377/1264
f 1505/1364/1256 1504/1361/1255 1527/1375/1278 1528/1378/1279
f 1498/1365/1249 1497/1362/1248 1520/1376/1271 1521/1379/1272
f 1491/1341/1242 1490/1363/1241 1513/1377/1264 1514/1380/1265
f 1506/1343/1257 1505/1364/1256 1528/1378/1279 1529/1381/1280
f 1499/1345/1250 1498/1365/1249 1521/1379/1272 1522/1382/1273
f 1492/1342/1243 1491/1341/1242 1514/1380/1265 1515/1383/1266
f 1507/1344/1258 1506/1343/1257 1529/1381/1280 1530/1384/1281
f 1500/1346/1251 1499/1345/1250 1522/1382/1273 1523/1385/1274
f 1493/1347/1244 1492/1342/1243 1515/1383/1266 1516/1386/1267
f 1508/1348/1259 1507/1344/1258 1530/1384/1281 1531/1387/1282
f 1486/1350/1237 1278/1388/1029 1509/1389/1260
f 1501/1351/1252 1500/1346/1251 1523/1385/1274 1524/1366/1275
f 1494/1352/1245 1493/1347/1244 1516/1386/1267 1517/1368/1268
f 1231/1390/982 1508/1348/1259 1531/1387/1282
f 1487/1354/1238 1486/1350/1237 1509/1389/1260 1510/1370/1261
f 1513/1377/1264 1512/1374/1263 1535/1391/1286 1536/1392/1287
f 1528/1378/1279 1527/1375/1278 1550/1393/1301 1551/1394/1302
f 1521/1379/1272 1520/1376/1271 1543/1395/1294 1544/1396/1295
f 1514/1380/1265 1513/1377/1264 1536/1392/1287 1537/1397/1288
f 1529/1381/1280 1528/1378/1279 1551/1394/1302 1552/1398/1303
f 1522/1382/1273 1521/1379/1272 1544/1396/1295 1545/1399/1296
f 1515/1383/1266 1514/1380/1265 1537/1397/1288 1538/1400/1289
f 1530/1384/1281 1529/1381/1280 1552/1398/1303 1553/1401/1304
f 1523/1385/1274 1522/1382/1273 1545/1399/1296 1546/1402/1297
f 1516/1386/1267 1515/1383/1266 1538/1400/1289 1539/1403/1290
f 1531/1387/1282 1530/1384/1281 1553/1401/1304 1554/1404/1305
f 1509/1389/1260 1278/1405/1029 1532/1406/1283
f 1524/1366/1275 1523/1385/1274 1546/1402/1297 1547/1407/1298
f 1517/1368/1268 1516/1386/1267 1539/1403/1290 1540/1408/1291
f 1231/1409/982 1531/1387/1282 1554/1404/1305
f 1510/1370/1261 1509/1389/1260 1532/1406/1283 1533/1410/1284
f 1525/1367/1276 1524/1366/1275 1547/1407/1298 1548/1411/1299
f 1518/1369/1269 1517/1368/1268 1540/1408/1291 1541/1412/1292
f 1511/1371/1262 1510/1370/1261 1533/1410/1284 1534/1413/1285
f 1526/1372/1277 1525/1367/1276 1548/1411/1299 1549/1414/1300
f 1519/1373/1270 1518/1369/1269 1541/1412/1292 1542/1415/1293
f 1512/1374/1263 1511/1371/1262 1534/1413/1285 1535/1391/1286
f 1527/1375/1278 1526/1372/1277 1549/1414/1300 1550/1393/1301
f 1520/1376/1271 1519/1373/1270 1542/1415/1293 1543/1395/1294
f 1539/1403/1290 1538/1400/1289 1561/1416/1312 1562/1417/1313
f 1554/1404/1305 1553/1401/1304 1576/1418/1327 1577/1419/1328
f 1532/1406/1283 1278/1420/1029 1555/1421/1306
f 1547/1407/1298 1546/1402/1297 1569/1422/1320 1570/1423/1321
f 1540/1408/1291 1539/1403/1290 1562/1417/1313 1563/1424/1314
f 1231/1425/982 1554/1404/1305 1577/1419/1328
f 1533/1410/1284 1532/1406/1283 1555/1421/1306 1556/1426/1307
f 1548/1411/1299 1547/1407/1298 1570/1423/1321 1571/1427/1322
f 1541/1412/1292 1540/1408/1291 1563/1424/1314 1564/1428/1315
f 1534/1413/1285 1533/1410/1284 1556/1426/1307 1557/1429/1308
f 1549/1414/1300 1548/1411/1299 1571/1427/1322 1572/1430/1323
f 1542/1415/1293 1541/1412/1292 1564/1428/1315 1565/1431/1316
f 1535/1391/1286 1534/1413/1285 1557/1429/1308 1558/1432/1309
f 1550/1393/1301 1549/1414/1300 1572/1430/1323 1573/1433/1324
f 1543/1395/1294 1542/1415/1293 1565/1431/1316 1566/1434/1317
f 1536/1392/1287 1535/1391/1286 1558/1432/1309 1559/1435/1310
f 1551/1394/1302 1550/1393/1301 1573/1433/1324 1574/1436/1325
f 1544/1396/1295 1543/1395/1294 1566/1434/1317 1567/1437/1318
f 1537/1397/1288 1536/1392/1287 1559/1435/1310 1560/1438/1311
f 1552/1398/1303 1551/1394/1302 1574/1436/1325 1575/1439/1326
f 1545/1399/1296 1544/1396/1295 1567/1437/1318 1568/1440/1319
f 1538/1400/1289 1537/1397/1288 1560/1438/1311 1561/1416/1312
f 1553/1401/1304 1552/1398/1303 1575/1439/1326 1576/1418/1327
f 1546/1402/1297 1545/1399/1296 1568/1440/1319 1569/1422/1320
f 1572/1430/1323 1571/1427/1322 1594/1441/1345 1595/1442/1346
f 1565/1431/1316 1564/1428/1315 1587/1443/1338 1588/1444/1339
f 1558/1432/1309 1557/1429/1308 1580/1445/1331 1581/1446/1332
f 1573/1433/1324 1572/1430/1323 1595/1442/1346 1596/1447/1347
f 1566/1434/1317 1565/1431/1316 1588/1444/1339 1589/1448/1340
f 1559/1435/1310 1558/1432/1309 1581/1446/1332 1582/1449/1333
f 1574/1436/1325 1573/1433/1324 1596/1447/1347 1597/1450/1348
f 1567/1437/1318 1566/1434/1317 1589/1448/1340 1590/1451/1341
f 1560/1438/1311 1559/1435/1310 1582/1449/1333 1583/1452/1334
f 1575/1439/1326 1574/1436/1325 1597/1450/1348 1598/1453/1349
f 1568/1440/1319 1567/1437/1318 1590/1451/1341 1591/1454/1342
f 1561/1416/1312 1560/1438/1311 1583/1452/1334 1584/1455/1335
f 1576/1418/1327 1575/1439/1326 1598/1453/1349 1599/1456/1350
f 1569/1422/1320 1568/1440/1319 1591/1454/1342 1592/1457/1343
f 1562/1417/1313 1561/1416/1312 1584/1455/1335 1585/1458/1336
f 1577/1419/1328 1576/1418/1327 1599/1456/1350 1600/1459/1351
f 1555/1421/1306 1278/1460/1029 1578/1461/1329
f 1570/1423/1321 1569/1422/1320 1592/1457/1343 1593/1462/1344
f 1563/1424/1314 1562/1417/1313 1585/1458/1336 1586/1463/1337
f 1231/1464/982 1577/1419/1328 1600/1459/1351
f 1556/1426/1307 1555/1421/1306 1578/1461/1329 1579/1465/1330
f 1571/1427/1322 1570/1423/1321 1593/1462/1344 1594/1441/1345
f 1564/1428/1315 1563/1424/1314 1586/1463/1337 1587/1443/1338
f 1557/1429/1308 1556/1426/1307 1579/1465/1330 1580/1445/1331
f 1583/1452/1334 1582/1449/1333 1605/1466/1356 1606/1467/1357
f 1598/1453/1349 1597/1450/1348 1620/1468/1371 1621/1469/1372
f 1591/1454/1342 1590/1451/1341 1613/1470/1364 1614/1471/1365
f 1584/1455/1335 1583/1452/1334 1606/1467/1357 1607/1472/1358
f 1599/1456/1350 1598/1453/1349 1621/1469/1372 1622/1473/1373
f 1592/1457/1343 1591/1454/1342 1614/1471/1365 1615/1474/1366
f 1585/1458/1336 1584/1455/1335 1607/1472/1358 1608/1475/1359
f 1600/1459/1351 1599/1456/1350 1622/1473/1373 1623/1476/1374
f 1578/1461/1329 1278/1477/1029 1601/1478/1352
f 1593/1462/1344 1592/1457/1343 1615/1474/1366 1616/1479/1367
f 1586/1463/1337 1585/1458/1336 1608/1475/1359 1609/1480/1360
f 1231/1481/982 1600/1459/1351 1623/1476/1374
f 1579/1465/1330 1578/1461/1329 1601/1478/1352 1602/1482/1353
f 1594/1441/1345 1593/1462/1344 1616/1479/1367 1617/1483/1368
f 1587/1443/1338 1586/1463/1337 1609/1480/1360 1610/1484/1361
f 1580/1445/1331 1579/1465/1330 1602/1482/1353 1603/1485/1354
f 1595/1442/1346 1594/1441/1345 1617/1483/1368 1618/1486/1369
f 1588/1444/1339 1587/1443/1338 1610/1484/1361 1611/1487/1362
f 1581/1446/1332 1580/1445/1331 1603/1485/1354 1604/1488/1355
f 1596/1447/1347 1595/1442/1346 1618/1486/1369 1619/1489/1370
f 1589/1448/1340 1588/1444/1339 1611/1487/1362 1612/1490/1363
f 1582/1449/1333 1581/1446/1332 1604/1488/1355 1605/1466/1356
f 1597/1450/1348 1596/1447/1347 1619/1489/1370 1620/1468/1371
f 1590/1451/1341 1589/1448/1340 1612/1490/1363 1613/1470/1364
f 1609/1480/1360 1608/1475/1359 1631/1491/1382 1632/1492/1383
f 1231/1493/982 1623/1476/1374 1646/1494/1397
f 1602/1482/1353 1601/1478/1352 1624/1495/1375 1625/1496/1376
f 1617/1483/1368 1616/1479/1367 1639/1497/1390 1640/1498/1391
f 1610/1484/1361 1609/1480/1360 1632/1492/1383 1633/1499/1384
f 1603/1485/1354 1602/1482/1353 1625/1496/1376 1626/1500/1377
f 1618/1486/1369 1617/1483/1368 1640/1498/1391 1641/1501/1392
f 1611/1487/1362 1610/1484/1361 1633/1499/1384 1634/1502/1385
f 1604/1488/1355 1603/1485/1354 1626/1500/1377 1627/1503/1378
f 1619/1489/1370 1618/1486/1369 1641/1501/1392 1642/1504/1393
f 1612/1490/1363 1611/1487/1362 1634/1502/1385 1635/1505/1386
f 1605/1466/1356 1604/1488/1355 1627/1503/1378 1628/1506/1379
f 1620/1468/1371 1619/1489/1370 1642/1504/1393 1643/1507/1394
f 1613/1470/1364 1612/1490/1363 1635/1505/1386 1636/1508/1387
f 1606/1467/1357 1605/1466/1356 1628/1506/1379 1629/1509/1380
f 1621/1469/1372 1620/1468/1371 1643/1507/1394 1644/1510/1395
f 1614/1471/1365 1613/1470/1364 1636/1508/1387 1637/1511/1388
f 1607/1472/1358 1606/1467/1357 1629/1509/1380 1630/1512/1381
f 1622/1473/1373 1621/1469/1372 1644/1510/1395 1645/1513/1396
f 1615/1474/1366 1614/1471/1365 1637/1511/1388 1638/1514/1389
f 1608/1475/1359 1607/1472/1358 1630/1512/1381 1631/1491/1382
f 1623/1476/1374 1622/1473/1373 1645/1513/1396 1646/1494/1397
f 1601/1478/1352 1278/1515/1029 1624/1495/1375
f 1616/1479/1367 1615/1474/1366 1638/1514/1389 1639/1497/1390
f 1642/1504/1393 1641/1501/1392 1664/1516/1415 1665/1517/1416
f 1635/1505/1386 1634/1502/1385 1657/1518/1408 1658/1519/1409
f 1628/1506/1379 1627/1503/1378 1650/1520/1401 1651/1521/1402
f 1643/1507/1394 1642/1504/1393 1665/1517/1416 1666/1522/1417
f 1636/1508/1387 1635/1505/1386 1658/1519/1409 1659/1523/1410
f 1629/1509/1380 1628/1506/1379 1651/1521/1402 1652/1524/1403
f 1644/1510/1395 1643/1507/1394 1666/1522/1417 1667/1525/1418
f 1637/1511/1388 1636/1508/1387 1659/1523/1410 1660/1526/1411
f 1630/1512/1381 1629/1509/1380 1652/1524/1403 1653/1527/1404
f 1645/1513/1396 1644/1510/1395 1667/1525/1418 1668/1528/1419
f 1638/1514/1389 1637/1511/1388 1660/1526/1411 1661/1529/1412
f 1631/1491/1382 1630/1512/1381 1653/1527/1404 1654/1530/1405
f 1646/1494/1397 1645/1513/1396 1668/1528/1419 1669/1531/1420
f 1624/1495/1375 1278/1532/1029 1647/1533/1398
f 1639/1497/1390 1638/1514/1389 1661/1529/1412 1662/1534/1413
f 1632/1492/1383 1631/1491/1382 1654/1530/1405 1655/1535/1406
f 1231/1536/982 1646/1494/1397 1669/1531/1420
f 1625/1496/1376 1624/1495/1375 1647/1533/1398 1648/1537/1399
f 1640/1498/1391 1639/1497/1390 1662/1534/1413 1663/1538/1414
f 1633/1499/1384 1632/1492/1383 1655/1535/1406 1656/1539/1407
f 1626/1500/1377 1625/1496/1376 1648/1537/1399 1649/1540/1400
f 1641/1501/1392 1640/1498/1391 1663/1538/1414 1664/1516/1415
f 1634/1502/1385 1633/1499/1384 1656/1539/1407 1657/1518/1408
f 1627/1503/1378 1626/1500/1377 1649/1540/1400 1650/1520/1401
f 1653/1527/1404 1652/1524/1403 1672/340/1423 576/346/327
f 1668/1528/1419 1667/1525/1418 1677/342/1428 1678/348/1429
f 1661/1529/1412 1660/1526/1411 581/344/332 1675/350/1426
f 1654/1530/1405 1653/1527/1404 576/346/327 1673/352/1424
f 1669/1531/1420 1668/1528/1419 1678/348/1429 586/354/337
f 1647/1533/1398 1278/1541/1029 573/356/324
f 1662/1534/1413 1661/1529/1412 1675/350/1426 582/359/333
f 1655/1535/1406 1654/1530/1405 1673/352/1424 577/361/328
f 1231/1542/982 1669/1531/1420 586/354/337
f 1648/1537/1399 1647/1533/1398 573/356/324 574/364/325
f 1663/1538/1414 1662/1534/1413 582/359/333 1676/366/1427
f 1656/1539/1407 1655/1535/1406 577/361/328 578/321/329
f 1649/1540/1400 1648/1537/1399 574/364/325 1670/325/1421
f 1664/1516/1415 1663/1538/1414 1676/366/1427 583/329/334
f 1657/1518/1408 1656/1539/1407 578/321/329 579/320/330
f 1650/1520/1401 1649/1540/1400 1670/325/1421 1671/324/1422
f 1665/1517/1416 1664/1516/1415 583/329/334 584/328/335
f 1658/1519/1409 1657/1518/1408 579/320/330 1674/332/1425
f 1651/1521/1402 1650/1520/1401 1671/324/1422 575/334/326
f 1666/1522/1417 1665/1517/1416 584/328/335 585/336/336
f 1659/1523/1410 1658/1519/1409 1674/332/1425 580/338/331
f 1652/1524/1403 1651/1521/1402 575/334/326 1672/340/1423
f 1667/1525/1418 1666/1522/1417 585/336/336 1677/342/1428
f 1660/1526/1411 1659/1523/1410 580/338/331 581/344/332
o Lens_reflection
v -0.027000 0.388388 0.145161
v -0.027000 0.388352 0.145122
v -0.027000 0.388111 0.145017
v -0.027000 0.387852 0.144962
v -0.027000 0.387536 0.144923
v -0.027000 0.387362 0.144910
v -0.027000 0.387183 0.144903
v -0.027000 0.386817 0.144903
v -0.027000 0.386638 0.144910
v -0.027000 0.386300 0.144940
v -0.027000 0.386010 0.144988
v -0.027000 0.385889 0.145017
v -0.027000 0.385788 0.145050
v -0.027000 0.385612 0.145161
v -0.026976 0.388388 0.145161
v -0.026953 0.388352 0.145123
v -0.026930 0.388293 0.145086
v -0.026909 0.388212 0.145051
v -0.026889 0.388111 0.145019
v -0.026871 0.387990 0.144990
v -0.026855 0.387852 0.144964
v -0.026842 0.387700 0.144942
v -0.026831 0.387536 0.144925
v -0.026823 0.387362 0.144913
v -0.026819 0.387183 0.144905
v -0.026817 0.387000 0.144903
v -0.026819 0.386817 0.144905
v -0.026823 0.386638 0.144913
v -0.026831 0.386464 0.144925
v -0.026842 0.386300 0.144942
v -0.026855 0.386148 0.144964
v -0.026871 0.386010 0.144990
v -0.026889 0.385889 0.145019
v -0.026909 0.385788 0.145051
v -0.026930 0.385707 0.145086
v -0.026953 0.385648 0.145123
v -0.026976 0.385612 0.145161
v -0.026953 0.388388 0.145162
v -0.026906 0.388352 0.145125
v -0.026861 0.388293 0.145089
v -0.026819 0.388212 0.145055
v -0.026779 0.388111 0.145024
v -0.026744 0.387990 0.144995
v -0.026713 0.387852 0.144970
v -0.026686 0.387700 0.144949
v -0.026665 0.387536 0.144932
v -0.026650 0.387362 0.144920
v -0.026641 0.387183 0.144913
v -0.026638 0.387000 0.144910
v -0.026641 0.386817 0.144913
v -0.026650 0.386638 0.144920
v -0.026665 0.386464 0.144932
v -0.026686 0.386300 0.144949
v -0.026713 0.386148 0.144970
v -0.026744 0.386010 0.144995
v -0.026779 0.385889 0.145024
v -0.026819 0.385788 0.145055
v -0.026861 0.385707 0.145089
v -0.026906 0.385648 0.145125
v -0.026953 0.385612 0.145162
v -0.026930 0.388388 0.145164
v -0.026861 0.388352 0.145128
v -0.026795 0.388293 0.145094
v -0.026732 0.388212 0.145061
v -0.026674 0.388111 0.145031
v -0.026621 0.387990 0.145004
v -0.026575 0.387852 0.144980
v -0.026536 0.387700 0.144960
v -0.026505 0.387536 0.144944
v -0.026483 0.387362 0.144932
v -0.026469 0.387183 0.144925
v -0.026464 0.387000 0.144923
v -0.026469 0.386817 0.144925
v -0.026483 0.386638 0.144932
v -0.026505 0.386464 0.144944
v -0.026536 0.386300 0.144960
v -0.026575 0.386148 0.144980
v -0.026621 0.386010 0.145004
v -0.026674 0.385889 0.145031
v -0.026732 0.385788 0.145061
v -0.026795 0.385707 0.145094
v -0.026861 0.385648 0.145128
v -0.026930 0.385612 0.145164
v -0.026909 0.388388 0.145166
v -0.026819 0.388352 0.145133
v -0.026732 0.388293 0.145101
v -0.026650 0.388212 0.145070
v -0.026574 0.388111 0.145042
v -0.026505 0.387990 0.145016
v -0.026445 0.387852 0.144994
v -0.026394 0.387700 0.144975
v -0.026353 0.387536 0.144960
v -0.026324 0.387362 0.144949
v -0.026306 0.387183 0.144942
v -0.026300 0.387000 0.144940
v -0.026306 0.386817 0.144942
v -0.026324 0.386638 0.144949
v -0.026353 0.386464 0.144960
v -0.026394 0.386300 0.144975
v -0.026445 0.386148 0.144994
v -0.026505 0.386010 0.145016
v -0.026574 0.385889 0.145042
v -0.026650 0.385788 0.145070
v -0.026732 0.385707 0.145101
v -0.026819 0.385648 0.145133
v -0.026909 0.385612 0.145166
v -0.026889 0.388388 0.145169
v -0.026779 0.388352 0.145138
v -0.026674 0.388293 0.145109
v -0.026574 0.388212 0.145081
v -0.026481 0.388111 0.145055
v -0.026397 0.387990 0.145032
v -0.026324 0.387852 0.145011
v -0.026262 0.387700 0.144994
v -0.026213 0.387536 0.144980
v -0.026177 0.387362 0.144970
v -0.026155 0.387183 0.144964
v -0.026148 0.387000 0.144962
v -0.026155 0.386817 0.144964
v -0.026177 0.386638 0.144970
v -0.026213 0.386464 0.144980
v -0.026262 0.386300 0.144994
v -0.026324 0.386148 0.145011
v -0.026397 0.386010 0.145032
v -0.026481 0.385889 0.145055
v -0.026574 0.385788 0.145081
v -0.026674 0.385707 0.145109
v -0.026779 0.385648 0.145138
v -0.026889 0.385612 0.145169
v -0.026871 0.388388 0.145172
v -0.026744 0.388352 0.145145
v -0.026621 0.388293 0.145119
v -0.026505 0.388212 0.145094
v -0.026397 0.388111 0.145071
v -0.026300 0.387990 0.145050
v -0.026215 0.387852 0.145032
v -0.026143 0.387700 0.145016
v -0.026085 0.387536 0.145004
v -0.026044 0.387362 0.144995
v -0.026019 0.387183 0.144990
v -0.026010 0.387000 0.144988
v -0.026019 0.386817 0.144990
v -0.026044 0.386638 0.144995
v -0.026085 0.386464 0.145004
v -0.026143 0.386300 0.145016
v -0.026215 0.386148 0.145032
v -0.026300 0.386010 0.145050
v -0.026397 0.385889 0.145071
v -0.026505 0.385788 0.145094
v -0.026621 0.385707 0.145119
v -0.026744 0.385648 0.145145
v -0.026871 0.385612 0.145172
v -0.026855 0.388388 0.145176
v -0.026713 0.388352 0.145153
v -0.026575 0.388293 0.145130
v -0.026445 0.388212 0.145109
v -0.026324 0.388111 0.145089
v -0.026215 0.387990 0.145071
v -0.026119 0.387852 0.145055
v -0.026038 0.387700 0.145042
v -0.025974 0.387536 0.145031
v -0.025927 0.387362 0.145024
v -0.025899 0.387183 0.145019
v -0.025889 0.387000 0.145017
v -0.025899 0.386817 0.145019
v -0.025927 0.386638 0.145024
v -0.025974 0.386464 0.145031
v -0.026038 0.386300 0.145042
v -0.026119 0.386148 0.145055
v -0.026215 0.386010 0.145071
v -0.026324 0.385889 0.145089
v -0.026445 0.385788 0.145109
v -0.026575 0.385707 0.145130
v -0.026713 0.385648 0.145153
v -0.026855 0.385612 0.145176
v -0.026842 0.388388 0.145180
v -0.026686 0.388352 0.145161
v -0.026536 0.388293 0.145143
v -0.026394 0.388212 0.145125
v -0.026262 0.388111 0.145109
v -0.026143 0.387990 0.145094
v -0.026038 0.387852 0.145081
v -0.025950 0.387700 0.145070
v -0.025880 0.387536 0.145061
v -0.025829 0.387362 0.145055
v -0.025798 0.387183 0.145051
v -0.025788 0.387000 0.145050
v -0.025798 0.386817 0.145051
v -0.025829 0.386638 0.145055
v -0.025880 0.386464 0.145061
v -0.025950 0.386300 0.145070
v -0.026038 0.386148 0.145081
v -0.026143 0.386010 0.145094
v -0.026262 0.385889 0.145109
v -0.026394 0.385788 0.145125
v -0.026536 0.385707 0.145143
v -0.026686 0.385648 0.145161
v -0.026842 0.385612 0.145180
v -0.026831 0.388388 0.145185
v -0.026665 0.388352 0.145170
v -0.026505 0.388293 0.145156
v -0.026353 0.388212 0.145143
v -0.026213 0.388111 0.145130
v -0.026085 0.387990 0.145119
v -0.025974 0.387852 0.145109
v -0.025880 0.387700 0.145101
v -0.025805 0.387536 0.145094
v -0.025751 0.387362 0.145089
v -0.025718 0.387183 0.145086
v -0.025707 0.387000 0.145085
v -0.025718 0.386817 0.145086
v -0.025751 0.386638 0.145089
v -0.025805 0.386464 0.145094
v -0.025880 0.386300 0.145101
v -0.025974 0.386148 0.145109
v -0.026085 0.386010 0.145119
v -0.026213 0.385889 0.145130
v -0.026353 0.385788 0.145143
v -0.026505 0.385707 0.145156
v -0.026665 0.385648 0.145170
v -0.026831 0.385612 0.145185
v -0.026823 0.388388 0.145190
v -0.026650 0.388352 0.145180
v -0.026483 0.388293 0.145170
v -0.026324 0.388212 0.145161
v -0.026177 0.388111 0.145153
v -0.026044 0.387990 0.145145
v -0.025927 0.387852 0.145138
v -0.025829 0.387700 0.145133
v -0.025751 0.387536 0.145128
v -0.025694 0.387362 0.145125
v -0.025659 0.387183 0.145123
v -0.025648 0.387000 0.145122
v -0.025659 0.386817 0.145123
v -0.025694 0.386638 0.145125
v -0.025751 0.386464 0.145128
v -0.025829 0.386300 0.145133
v -0.025927 0.386148 0.145138
v -0.026044 0.386010 0.145145
v -0.026177 0.385889 0.145153
v -0.026324 0.385788 0.145161
v -0.026483 0.385707 0.145170
v -0.026650 0.385648 0.145180
v -0.026823 0.385612 0.145190
v -0.026819 0.388388 0.145195
v -0.026641 0.388352 0.145190
v -0.026469 0.388293 0.145185
v -0.026306 0.388212 0.145180
v -0.026155 0.388111 0.145176
v -0.026019 0.387990 0.145172
v -0.025899 0.387852 0.145169
v -0.025798 0.387700 0.145166
v -0.025718 0.387536 0.145164
v -0.025659 0.387362 0.145162
v -0.025624 0.387183 0.145161
v -0.025612 0.387000 0.145161
v -0.025624 0.386817 0.145161
v -0.025659 0.386638 0.145162
v -0.025718 0.386464 0.145164
v -0.025798 0.386300 0.145166
v -0.025899 0.386148 0.145169
v -0.026019 0.386010 0.145172
v -0.026155 0.385889 0.145176
v -0.026306 0.385788 0.145180
v -0.026469 0.385707 0.145185
v -0.026641 0.385648 0.145190
v -0.026819 0.385612 0.145195
v -0.026817 0.388388 0.145200
v -0.026638 0.388352 0.145200
v -0.026464 0.388293 0.145200
v -0.026300 0.388212 0.145200
v -0.026148 0.388111 0.145200
v -0.026010 0.387990 0.145200
v -0.025889 0.387852 0.145200
v -0.025788 0.387700 0.145200
v -0.025707 0.387536 0.145200
v -0.025648 0.387362 0.145200
v -0.025612 0.387183 0.145200
v -0.025600 0.387000 0.145200
v -0.025612 0.386817 0.145200
v -0.025648 0.386638 0.145200
v -0.025707 0.386464 0.145200
v -0.025788 0.386300 0.145200
v -0.025889 0.386148 0.145200
v -0.026010 0.386010 0.145200
v -0.026148 0.385889 0.145200
v -0.026300 0.385788 0.145200
v -0.026464 0.385707 0.145200
v -0.026638 0.385648 0.145200
v -0.026817 0.385612 0.145200
v -0.026819 0.388388 0.145205
v -0.026641 0.388352 0.145210
v -0.026469 0.388293 0.145215
v -0.026306 0.388212 0.145220
v -0.026155 0.388111 0.145224
v -0.026019 0.387990 0.145228
v -0.025899 0.387852 0.145231
v -0.025798 0.387700 0.145234
v -0.025718 0.387536 0.145236
v -0.025659 0.387362 0.145238
v -0.025624 0.387183 0.145239
v -0.025612 0.387000 0.145239
v -0.025624 0.386817 0.145239
v -0.025659 0.386638 0.145238
v -0.025718 0.386464 0.145236
v -0.025798 0.386300 0.145234
v -0.025899 0.386148 0.145231
v -0.026019 0.386010 0.145228
v -0.026155 0.385889 0.145224
v -0.026306 0.385788 0.145220
v -0.026469 0.385707 0.145215
v -0.026641 0.385648 0.145210
v -0.026819 0.385612 0.145205
v -0.026823 0.388388 0.145210
v -0.026650 0.388352 0.145220
v -0.026483 0.388293 0.145230
v -0.026324 0.388212 0.145239
v -0.026177 0.388111 0.145247
v -0.026044 0.387990 0.145255
v -0.025927 0.387852 0.145262
v -0.025829 0.387700 0.145267
v -0.025751 0.387536 0.145272
v -0.025694 0.387362 0.145275
v -0.025659 0.387183 0.145277
v -0.025648 0.387000 0.145278
v -0.025659 0.386817 0.145277
v -0.025694 0.386638 0.145275
v -0.025751 0.386464 0.145272
v -0.025829 0.386300 0.145267
v -0.025927 0.386148 0.145262
v -0.026044 0.386010 0.145255
v -0.026177 0.385889 0.145247
v -0.026324 0.385788 0.145239
v -0.026483 0.385707 0.145230
v -0.026650 0.385648 0.145220
v -0.026823 0.385612 0.145210
v -0.026831 0.388388 0.145215
v -0.026665 0.388352 0.145230
v -0.026505 0.388293 0.145244
v -0.026353 0.388212 0.145257
v -0.026213 0.388111 0.145270
v -0.026085 0.387990 0.145281
v -0.025974 0.387852 0.145291
v -0.025880 0.387700 0.145299
v -0.025805 0.387536 0.145306
v -0.025751 0.387362 0.145311
v -0.025718 0.387183 0.145314
v -0.025707 0.387000 0.145315
v -0.025718 0.386817 0.145314
v -0.025751 0.386638 0.145311
v -0.025805 0.386464 0.145306
v -0.025880 0.386300 0.145299
v -0.025974 0.386148 0.145291
v -0.026085 0.386010 0.145281
v -0.026213 0.385889 0.145270
v -0.026353 0.385788 0.145257
v -0.026505 0.385707 0.145244
v -0.026665 0.385648 0.145230
v -0.026831 0.385612 0.145215
v -0.026842 0.388388 0.145220
v -0.026686 0.388352 0.145239
v -0.026536 0.388293 0.145257
v -0.026394 0.388212 0.145275
v -0.026262 0.388111 0.145291
v -0.026143 0.387990 0.145306
v -0.026038 0.387852 0.145319
v -0.025950 0.387700 0.145330
v -0.025880 0.387536 0.145339
v -0.025829 0.387362 0.145345
v -0.025798 0.387183 0.145349
v -0.025788 0.387000 0.145350
v -0.025798 0.386817 0.145349
v -0.025829 0.386638 0.145345
v -0.025880 0.386464 0.145339
v -0.025950 0.386300 0.145330
v -0.026038 0.386148 0.145319
v -0.026143 0.386010 0.145306
v -0.026262 0.385889 0.145291
v -0.026394 0.385788 0.145275
v -0.026536 0.385707 0.145257
v -0.026686 0.385648 0.145239
v -0.026842 0.385612 0.145220
v -0.026855 0.388388 0.145224
v -0.026713 0.388352 0.145247
v -0.026575 0.388293 0.145270
v -0.026445 0.388212 0.145291
v -0.026324 0.388111 0.145311
v -0.026215 0.387990 0.145329
v -0.026119 0.387852 0.145345
v -0.026038 0.387700 0.145358
v -0.025974 0.387536 0.145369
v -0.025927 0.387362 0.145376
v -0.025899 0.387183 0.145381
v -0.025889 0.387000 0.145383
v -0.025899 0.386817 0.145381
v -0.025927 0.386638 0.145376
v -0.025974 0.386464 0.145369
v -0.026038 0.386300 0.145358
v -0.026119 0.386148 0.145345
v -0.026215 0.386010 0.145329
v -0.026324 0.385889 0.145311
v -0.026445 0.385788 0.145291
v -0.026575 0.385707 0.145270
v -0.026713 0.385648 0.145247
v -0.026855 0.385612 0.145224
v -0.026871 0.388388 0.145228
v -0.026744 0.388352 0.145255
v -0.026621 0.388293 0.145281
v -0.026505 0.388212 0.145306
v -0.026397 0.388111 0.145329
v -0.026300 0.387990 0.145350
v -0.026215 0.387852 0.145368
v -0.026143 0.387700 0.145384
v -0.026085 0.387536 0.145396
v -0.026044 0.387362 0.145405
v -0.026019 0.387183 0.145410
v -0.026010 0.387000 0.145412
v -0.026019 0.386817 0.145410
v -0.026044 0.386638 0.145405
v -0.026085 0.386464 0.145396
v -0.026143 0.386300 0.145384
v -0.026215 0.386148 0.145368
v -0.026300 0.386010 0.145350
v -0.026397 0.385889 0.145329
v -0.026505 0.385788 0.145306
v -0.026621 0.385707 0.145281
v -0.026744 0.385648 0.145255
v -0.026871 0.385612 0.145228
v -0.026889 0.388388 0.145231
v -0.026779 0.388352 0.145262
v -0.026674 0.388293 0.145291
v -0.026574 0.388212 0.145319
v -0.026481 0.388111 0.145345
v -0.026397 0.387990 0.145368
v -0.026324 0.387852 0.145389
v -0.026262 0.387700 0.145406
v -0.026213 0.387536 0.145420
v -0.026177 0.387362 0.145430
v -0.026155 0.387183 0.145436
v -0.026148 0.387000 0.145438
v -0.026155 0.386817 0.145436
v -0.026177 0.386638 0.145430
v -0.026213 0.386464 0.145420
v -0.026262 0.386300 0.145406
v -0.026324 0.386148 0.145389
v -0.026397 0.386010 0.145368
v -0.026481 0.385889 0.145345
v -0.026574 0.385788 0.145319
v -0.026674 0.385707 0.145291
v -0.026779 0.385648 0.145262
v -0.026889 0.385612 0.145231
v -0.026909 0.388388 0.145234
v -0.026819 0.388352 0.145267
v -0.026732 0.388293 0.145299
v -0.026650 0.388212 0.145330
v -0.026574 0.388111 0.145358
v -0.026505 0.387990 0.145384
v -0.026445 0.387852 0.145406
v -0.026394 0.387700 0.145425
v -0.026353 0.387536 0.145440
v -0.026324 0.387362 0.145451
v -0.026306 0.387183 0.145458
v -0.026300 0.387000 0.145460
v -0.026306 0.386817 0.145458
v -0.026324 0.386638 0.145451
v -0.026353 0.386464 0.145440
v -0.026394 0.386300 0.145425
v -0.026445 0.386148 0.145406
v -0.026505 0.386010 0.145384
v -0.026574 0.385889 0.145358
v -0.026650 0.385788 0.145330
v -0.026732 0.385707 0.145299
v -0.026819 0.385648 0.145267
v -0.026909 0.385612 0.145234
v -0.026930 0.388388 0.145236
v -0.026861 0.388352 0.145272
v -0.026795 0.388293 0.145306
v -0.026732 0.388212 0.145339
v -0.026674 0.388111 0.145369
v -0.026621 0.387990 0.145396
v -0.026575 0.387852 0.145420
v -0.026536 0.387700 0.145440
v -0.026505 0.387536 0.145456
v -0.026483 0.387362 0.145468
v -0.026469 0.387183 0.145475
v -0.026464 0.387000 0.145477
v -0.026469 0.386817 0.145475
v -0.026483 0.386638 0.145468
v -0.026505 0.386464 0.145456
v -0.026536 0.386300 0.145440
v -0.026575 0.386148 0.145420
v -0.026621 0.386010 0.145396
v -0.026674 0.385889 0.145369
v -0.026732 0.385788 0.145339
v -0.026795 0.385707 0.145306
v -0.026861 0.385648 0.145272
v -0.026930 0.385612 0.145236
v -0.026953 0.388388 0.145238
v -0.026906 0.388352 0.145275
v -0.026861 0.388293 0.145311
v -0.026819 0.388212 0.145345
v -0.026779 0.388111 0.145376
v -0.026744 0.387990 0.145405
v -0.026713 0.387852 0.145430
v -0.026686 0.387700 0.145451
v -0.026665 0.387536 0.145468
v -0.026650 0.387362 0.145480
v -0.026641 0.387183 0.145487
v -0.026638 0.387000 0.145490
v -0.026641 0.386817 0.145487
v -0.026650 0.386638 0.145480
v -0.026665 0.386464 0.145468
v -0.026686 0.386300 0.145451
v -0.026713 0.386148 0.145430
v -0.026744 0.386010 0.145405
v -0.026779 0.385889 0.145376
v -0.026819 0.385788 0.145345
v -0.026861 0.385707 0.145311
v -0.026906 0.385648 0.145275
v -0.026953 0.385612 0.145238
v -0.026976 0.388388 0.145239
v -0.026953 0.388352 0.145277
v -0.026930 0.388293 0.145314
v -0.026909 0.388212 0.145349
v -0.026889 0.388111 0.145381
v -0.026871 0.387990 0.145410
v -0.026855 0.387852 0.145436
v -0.026842 0.387700 0.145458
v -0.026831 0.387536 0.145475
v -0.026823 0.387362 0.145487
v -0.026819 0.387183 0.145495
v -0.026817 0.387000 0.145497
v -0.026819 0.386817 0.145495
v -0.026823 0.386638 0.145487
v -0.026831 0.386464 0.145475
v -0.026842 0.386300 0.145458
v -0.026855 0.386148 0.145436
v -0.026871 0.386010 0.145410
v -0.026889 0.385889 0.145381
v -0.026909 0.385788 0.145349
v -0.026930 0.385707 0.145314
v -0.026953 0.385648 0.145277
v -0.026976 0.385612 0.145239
v -0.027000 0.388388 0.145239
v -0.027000 0.388352 0.145278
v -0.027000 0.388293 0.145315
v -0.027000 0.388212 0.145350
v -0.027000 0.388111 0.145383
v -0.027000 0.387990 0.145412
v -0.027000 0.387852 0.145438
v -0.027000 0.387700 0.145460
v -0.027000 0.387536 0.145477
v -0.027000 0.387362 0.145490
v -0.027000 0.387183 0.145497
v -0.027000 0.387000 0.145500
v -0.027000 0.386817 0.145497
v -0.027000 0.386638 0.145490
v -0.027000 0.386464 0.145477
v -0.027000 0.386300 0.145460
v -0.027000 0.386148 0.145438
v -0.027000 0.386010 0.145412
v -0.027000 0.385889 0.145383
v -0.027000 0.385788 0.145350
v -0.027000 0.385707 0.145315
v -0.027000 0.385648 0.145278
v -0.027000 0.385612 0.145239
v -0.027024 0.388388 0.145239
v -0.027047 0.388352 0.145277
v -0.027070 0.388293 0.145314
v -0.027091 0.388212 0.145349
v -0.027111 0.388111 0.145381
v -0.027129 0.387990 0.145410
v -0.027145 0.387852 0.145436
v -0.027158 0.387700 0.145458
v -0.027169 0.387536 0.145475
v -0.027177 0.387362 0.145487
v -0.027181 0.387183 0.145495
v -0.027183 0.387000 0.145497
v -0.027181 0.386817 0.145495
v -0.027177 0.386638 0.145487
v -0.027169 0.386464 0.145475
v -0.027158 0.386300 0.145458
v -0.027145 0.386148 0.145436
v -0.027129 0.386010 0.145410
v -0.027111 0.385889 0.145381
v -0.027091 0.385788 0.145349
v -0.027070 0.385707 0.145314
v -0.027047 0.385648 0.145277
v -0.027024 0.385612 0.145239
v -0.027047 0.388388 0.145238
v -0.027094 0.388352 0.145275
v -0.027139 0.388293 0.145311
v -0.027181 0.388212 0.145345
v -0.027221 0.388111 0.145376
v -0.027256 0.387990 0.145405
v -0.027287 0.387852 0.145430
v -0.027314 0.387700 0.145451
v -0.027335 0.387536 0.145468
v -0.027350 0.387362 0.145480
v -0.027359 0.387183 0.145487
v -0.027362 0.387000 0.145490
v -0.027359 0.386817 0.145487
v -0.027350 0.386638 0.145480
v -0.027335 0.386464 0.145468
v -0.027314 0.386300 0.145451
v -0.027287 0.386148 0.145430
v -0.027256 0.386010 0.145405
v -0.027221 0.385889 0.145376
v -0.027181 0.385788 0.145345
v -0.027139 0.385707 0.145311
v -0.027094 0.385648 0.145275
v -0.027047 0.385612 0.145238
v -0.027070 0.388388 0.145236
v -0.027139 0.388352 0.145272
v -0.027205 0.388293 0.145306
v -0.027268 0.388212 0.145339
v -0.027326 0.388111 0.145369
v -0.027379 0.387990 0.145396
v -0.027425 0.387852 0.145420
v -0.027464 0.387700 0.145440
v -0.027495 0.387536 0.145456
v -0.027518 0.387362 0.145468
v -0.027531 0.387183 0.145475
v -0.027536 0.387000 0.145477
v -0.027531 0.386817 0.145475
v -0.027518 0.386638 0.145468
v -0.027495 0.386464 0.145456
v -0.027464 0.386300 0.145440
v -0.027425 0.386148 0.145420
v -0.027379 0.386010 0.145396
v -0.027326 0.385889 0.145369
v -0.027268 0.385788 0.145339
v -0.027205 0.385707 0.145306
v -0.027139 0.385648 0.145272
v -0.027070 0.385612 0.145236
v -0.027091 0.388388 0.145234
v -0.027181 0.388352 0.145267
v -0.027268 0.388293 0.145299
v -0.027350 0.388212 0.145330
v -0.027426 0.388111 0.145358
v -0.027495 0.387990 0.145384
v -0.027555 0.387852 0.145406
v -0.027606 0.387700 0.145425
v -0.027647 0.387536 0.145440
v -0.027676 0.387362 0.145451
v -0.027694 0.387183 0.145458
v -0.027700 0.387000 0.145460
v -0.027694 0.386817 0.145458
v -0.027676 0.386638 0.145451
v -0.027647 0.386464 0.145440
v -0.027606 0.386300 0.145425
v -0.027555 0.386148 0.145406
v -0.027495 0.386010 0.145384
v -0.027426 0.385889 0.145358
v -0.027350 0.385788 0.145330
v -0.027268 0.385707 0.145299
v -0.027181 0.385648 0.145267
v -0.027091 0.385612 0.145234
v -0.027000 0.385600 0.145200
v -0.027111 0.388388 0.145231
v -0.027221 0.388352 0.145262
v -0.027326 0.388293 0.145291
v -0.027426 0.388212 0.145319
v -0.027519 0.388111 0.145345
v -0.027603 0.387990 0.145368
v -0.027676 0.387852 0.145389
v -0.027738 0.387700 0.145406
v -0.027787 0.387536 0.145420
v -0.027823 0.387362 0.145430
v -0.027845 0.387183 0.145436
v -0.027852 0.387000 0.145438
v -0.027845 0.386817 0.145436
v -0.027823 0.386638 0.145430
v -0.027787 0.386464 0.145420
v -0.027738 0.386300 0.145406
v -0.027676 0.386148 0.145389
v -0.027603 0.386010 0.145368
v -0.027519 0.385889 0.145345
v -0.027426 0.385788 0.145319
v -0.027326 0.385707 0.145291
v -0.027221 0.385648 0.145262
v -0.027111 0.385612 0.145231
v -0.027129 0.388388 0.145228
v -0.027256 0.388352 0.145255
v -0.027379 0.388293 0.145281
v -0.027495 0.388212 0.145306
v -0.027603 0.388111 0.145329
v -0.027700 0.387990 0.145350
v -0.027785 0.387852 0.145368
v -0.027857 0.387700 0.145384
v -0.027915 0.387536 0.145396
v -0.027956 0.387362 0.145405
v -0.027981 0.387183 0.145410
v -0.027990 0.387000 0.145412
v -0.027981 0.386817 0.145410
v -0.027956 0.386638 0.145405
v -0.027915 0.386464 0.145396
v -0.027857 0.386300 0.145384
v -0.027785 0.386148 0.145368
v -0.027700 0.386010 0.145350
v -0.027603 0.385889 0.145329
v -0.027495 0.385788 0.145306
v -0.027379 0.385707 0.145281
v -0.027256 0.385648 0.145255
v -0.027129 0.385612 0.145228
v -0.027000 0.388400 0.145200
v -0.027145 0.388388 0.145224
v -0.027287 0.388352 0.145247
v -0.027425 0.388293 0.145270
v -0.027555 0.388212 0.145291
v -0.027676 0.388111 0.145311
v -0.027785 0.387990 0.145329
v -0.027881 0.387852 0.145345
v -0.027962 0.387700 0.145358
v -0.028026 0.387536 0.145369
v -0.028073 0.387362 0.145376
v -0.028101 0.387183 0.145381
v -0.028111 0.387000 0.145383
v -0.028101 0.386817 0.145381
v -0.028073 0.386638 0.145376
v -0.028026 0.386464 0.145369
v -0.027962 0.386300 0.145358
v -0.027881 0.386148 0.145345
v -0.027785 0.386010 0.145329
v -0.027676 0.385889 0.145311
v -0.027555 0.385788 0.145291
v -0.027425 0.385707 0.145270
v -0.027287 0.385648 0.145247
v -0.027145 0.385612 0.145224
v -0.027158 0.388388 0.145220
v -0.027314 0.388352 0.145239
v -0.027464 0.388293 0.145257
v -0.027606 0.388212 0.145275
v -0.027738 0.388111 0.145291
v -0.027857 0.387990 0.145306
v -0.027962 0.387852 0.145319
v -0.028050 0.387700 0.145330
v -0.028120 0.387536 0.145339
v -0.028171 0.387362 0.145345
v -0.028202 0.387183 0.145349
v -0.028212 0.387000 0.145350
v -0.028202 0.386817 0.145349
v -0.028171 0.386638 0.145345
v -0.028120 0.386464 0.145339
v -0.028050 0.386300 0.145330
v -0.027962 0.386148 0.145319
v -0.027857 0.386010 0.145306
v -0.027738 0.385889 0.145291
v -0.027606 0.385788 0.145275
v -0.027464 0.385707 0.145257
v -0.027314 0.385648 0.145239
v -0.027158 0.385612 0.145220
v -0.027169 0.388388 0.145215
v -0.027335 0.388352 0.145230
v -0.027495 0.388293 0.145244
v -0.027647 0.388212 0.145257
v -0.027787 0.388111 0.145270
v -0.027915 0.387990 0.145281
v -0.028026 0.387852 0.145291
v -0.028120 0.387700 0.145299
v -0.028195 0.387536 0.145306
v -0.028249 0.387362 0.145311
v -0.028282 0.387183 0.145314
v -0.028293 0.387000 0.145315
v -0.028282 0.386817 0.145314
v -0.028249 0.386638 0.145311
v -0.028195 0.386464 0.145306
v -0.028120 0.386300 0.145299
v -0.028026 0.386148 0.145291
v -0.027915 0.386010 0.145281
v -0.027787 0.385889 0.145270
v -0.027647 0.385788 0.145257
v -0.027495 0.385707 0.145244
v -0.027335 0.385648 0.145230
v -0.027169 0.385612 0.145215
v -0.027177 0.388388 0.145210
v -0.027350 0.388352 0.145220
v -0.027518 0.388293 0.145230
v -0.027676 0.388212 0.145239
v -0.027823 0.388111 0.145247
v -0.027956 0.387990 0.145255
v -0.028073 0.387852 0.145262
v -0.028171 0.387700 0.145267
v -0.028249 0.387536 0.145272
v -0.028306 0.387362 0.145275
v -0.028341 0.387183 0.145277
v -0.028352 0.387000 0.145278
v -0.028341 0.386817 0.145277
v -0.028306 0.386638 0.145275
v -0.028249 0.386464 0.145272
v -0.028171 0.386300 0.145267
v -0.028073 0.386148 0.145262
v -0.027956 0.386010 0.145255
v -0.027823 0.385889 0.145247
v -0.027676 0.385788 0.145239
v -0.027518 0.385707 0.145230
v -0.027350 0.385648 0.145220
v -0.027177 0.385612 0.145210
v -0.027181 0.388388 0.145205
v -0.027359 0.388352 0.145210
v -0.027531 0.388293 0.145215
v -0.027694 0.388212 0.145220
v -0.027845 0.388111 0.145224
v -0.027981 0.387990 0.145228
v -0.028101 0.387852 0.145231
v -0.028202 0.387700 0.145234
v -0.028282 0.387536 0.145236
v -0.028341 0.387362 0.145238
v -0.028376 0.387183 0.145239
v -0.028388 0.387000 0.145239
v -0.028376 0.386817 0.145239
v -0.028341 0.386638 0.145238
v -0.028282 0.386464 0.145236
v -0.028202 0.386300 0.145234
v -0.028101 0.386148 0.145231
v -0.027981 0.386010 0.145228
v -0.027845 0.385889 0.145224
v -0.027694 0.385788 0.145220
v -0.027531 0.385707 0.145215
v -0.027359 0.385648 0.145210
v -0.027181 0.385612 0.145205
v -0.027183 0.388388 0.145200
v -0.027362 0.388352 0.145200
v -0.027536 0.388293 0.145200
v -0.027700 0.388212 0.145200
v -0.027852 0.388111 0.145200
v -0.027990 0.387990 0.145200
v -0.028111 0.387852 0.145200
v -0.028212 0.387700 0.145200
v -0.028293 0.387536 0.145200
v -0.028352 0.387362 0.145200
v -0.028388 0.387183 0.145200
v -0.028400 0.387000 0.145200
v -0.028388 0.386817 0.145200
v -0.028352 0.386638 0.145200
v -0.028293 0.386464 0.145200
v -0.028212 0.386300 0.145200
v -0.028111 0.386148 0.145200
v -0.027990 0.386010 0.145200
v -0.027852 0.385889 0.145200
v -0.027700 0.385788 0.145200
v -0.027536 0.385707 0.145200
v -0.027362 0.385648 0.145200
v -0.027183 0.385612 0.145200
v -0.027181 0.388388 0.145195
v -0.027359 0.388352 0.145190
v -0.027531 0.388293 0.145185
v -0.027694 0.388212 0.145180
v -0.027845 0.388111 0.145176
v -0.027981 0.387990 0.145172
v -0.028101 0.387852 0.145169
v -0.028202 0.387700 0.145166
v -0.028282 0.387536 0.145164
v -0.028341 0.387362 0.145162
v -0.028376 0.387183 0.145161
v -0.028388 0.387000 0.145161
v -0.028376 0.386817 0.145161
v -0.028341 0.386638 0.145162
v -0.028282 0.386464 0.145164
v -0.028202 0.386300 0.145166
v -0.028101 0.386148 0.145169
v -0.027981 0.386010 0.145172
v -0.027845 0.385889 0.145176
v -0.027694 0.385788 0.145180
v -0.027531 0.385707 0.145185
v -0.027359 0.385648 0.145190
v -0.027181 0.385612 0.145195
v -0.027177 0.388388 0.145190
v -0.027350 0.388352 0.145180
v -0.027518 0.388293 0.145170
v -0.027676 0.388212 0.145161
v -0.027823 0.388111 0.145153
v -0.027956 0.387990 0.145145
v -0.028073 0.387852 0.145138
v -0.028171 0.387700 0.145133
v -0.028249 0.387536 0.145128
v -0.028306 0.387362 0.145125
v -0.028341 0.387183 0.145123
v -0.028352 0.387000 0.145122
v -0.028341 0.386817 0.145123
v -0.028306 0.386638 0.145125
v -0.028249 0.386464 0.145128
v -0.028171 0.386300 0.145133
v -0.028073 0.386148 0.145138
v -0.027956 0.386010 0.145145
v -0.027823 0.385889 0.145153
v -0.027676 0.385788 0.145161
v -0.027518 0.385707 0.145170
v -0.027350 0.385648 0.145180
v -0.027177 0.385612 0.145190
v -0.027169 0.388388 0.145185
v -0.027335 0.388352 0.145170
v -0.027495 0.388293 0.145156
v -0.027647 0.388212 0.145143
v -0.027787 0.388111 0.145130
v -0.027915 0.387990 0.145119
v -0.028026 0.387852 0.145109
v -0.028120 0.387700 0.145101
v -0.028195 0.387536 0.145094
v -0.028249 0.387362 0.145089
v -0.028282 0.387183 0.145086
v -0.028293 0.387000 0.145085
v -0.028282 0.386817 0.145086
v -0.028249 0.386638 0.145089
v -0.028195 0.386464 0.145094
v -0.028120 0.386300 0.145101
v -0.028026 0.386148 0.145109
v -0.027915 0.386010 0.145119
v -0.027787 0.385889 0.145130
v -0.027647 0.385788 0.145143
v -0.027495 0.385707 0.145156
v -0.027335 0.385648 0.145170
v -0.027169 0.385612 0.145185
v -0.027158 0.388388 0.145180
v -0.027314 0.388352 0.145161
v -0.027464 0.388293 0.145143
v -0.027606 0.388212 0.145125
v -0.027738 0.388111 0.145109
v -0.027857 0.387990 0.145094
v -0.027962 0.387852 0.145081
v -0.028050 0.387700 0.145070
v -0.028120 0.387536 0.145061
v -0.028171 0.387362 0.145055
v -0.028202 0.387183 0.145051
v -0.028212 0.387000 0.145050
v -0.028202 0.386817 0.145051
v -0.028171 0.386638 0.145055
v -0.028120 0.386464 0.145061
v -0.028050 0.386300 0.145070
v -0.027962 0.386148 0.145081
v -0.027857 0.386010 0.145094
v -0.027738 0.385889 0.145109
v -0.027606 0.385788 0.145125
v -0.027464 0.385707 0.145143
v -0.027314 0.385648 0.145161
v -0.027158 0.385612 0.145180
v -0.027145 0.388388 0.145176
v -0.027287 0.388352 0.145153
v -0.027425 0.388293 0.145130
v -0.027555 0.388212 0.145109
v -0.027676 0.388111 0.145089
v -0.027785 0.387990 0.145071
v -0.027881 0.387852 0.145055
v -0.027962 0.387700 0.145042
v -0.028026 0.387536 0.145031
v -0.028073 0.387362 0.145024
v -0.028101 0.387183 0.145019
v -0.028111 0.387000 0.145017
v -0.028101 0.386817 0.145019
v -0.028073 0.386638 0.145024
v -0.028026 0.386464 0.145031
v -0.027962 0.386300 0.145042
v -0.027881 0.386148 0.145055
v -0.027785 0.386010 0.145071
v -0.027676 0.385889 0.145089
v -0.027555 0.385788 0.145109
v -0.027425 0.385707 0.145130
v -0.027287 0.385648 0.145153
v -0.027145 0.385612 0.145176
v -0.027129 0.388388 0.145172
v -0.027256 0.388352 0.145145
v -0.027379 0.388293 0.145119
v -0.027495 0.388212 0.145094
v -0.027603 0.388111 0.145071
v -0.027700 0.387990 0.145050
v -0.027785 0.387852 0.145032
v -0.027857 0.387700 0.145016
v -0.027915 0.387536 0.145004
v -0.027956 0.387362 0.144995
v -0.027981 0.387183 0.144990
v -0.027990 0.387000 0.144988
v -0.027981 0.386817 0.144990
v -0.027956 0.386638 0.144995
v -0.027915 0.386464 0.145004
v -0.027857 0.386300 0.145016
v -0.027785 0.386148 0.145032
v -0.027700 0.386010 0.145050
v -0.027603 0.385889 0.145071
v -0.027495 0.385788 0.145094
v -0.027379 0.385707 0.145119
v -0.027256 0.385648 0.145145
v -0.027129 0.385612 0.145172
v -0.027111 0.388388 0.145169
v -0.027221 0.388352 0.145138
v -0.027326 0.388293 0.145109
v -0.027426 0.388212 0.145081
v -0.027519 0.388111 0.145055
v -0.027603 0.387990 0.145032
v -0.027676 0.387852 0.145011
v -0.027738 0.387700 0.144994
v -0.027787 0.387536 0.144980
v -0.027823 0.387362 0.144970
v -0.027845 0.387183 0.144964
v -0.027852 0.387000 0.144962
v -0.027845 0.386817 0.144964
v -0.027823 0.386638 0.144970
v -0.027787 0.386464 0.144980
v -0.027738 0.386300 0.144994
v -0.027676 0.386148 0.145011
v -0.027603 0.386010 0.145032
v -0.027519 0.385889 0.145055
v -0.027426 0.385788 0.145081
v -0.027326 0.385707 0.145109
v -0.027221 0.385648 0.145138
v -0.027111 0.385612 0.145169
v -0.027091 0.388388 0.145166
v -0.027181 0.388352 0.145133
v -0.027268 0.388293 0.145101
v -0.027350 0.388212 0.145070
v -0.027426 0.388111 0.145042
v -0.027495 0.387990 0.145016
v -0.027555 0.387852 0.144994
v -0.027606 0.387700 0.144975
v -0.027647 0.387536 0.144960
v -0.027676 0.387362 0.144949
v -0.027694 0.387183 0.144942
v -0.027700 0.387000 0.144940
v -0.027694 0.386817 0.144942
v -0.027676 0.386638 0.144949
v -0.027647 0.386464 0.144960
v -0.027606 0.386300 0.144975
v -0.027555 0.386148 0.144994
v -0.027495 0.386010 0.145016
v -0.027426 0.385889 0.145042
v -0.027350 0.385788 0.145070
v -0.027268 0.385707 0.145101
v -0.027181 0.385648 0.145133
v -0.027091 0.385612 0.145166
v -0.027070 0.388388 0.145164
v -0.027139 0.388352 0.145128
v -0.027205 0.388293 0.145094
v -0.027268 0.388212 0.145061
v -0.027326 0.388111 0.145031
v -0.027379 0.387990 0.145004
v -0.027425 0.387852 0.144980
v -0.027464 0.387700 0.144960
v -0.027495 0.387536 0.144944
v -0.027518 0.387362 0.144932
v -0.027531 0.387183 0.144925
v -0.027536 0.387000 0.144923
v -0.027531 0.386817 0.144925
v -0.027518 0.386638 0.144932
v -0.027495 0.386464 0.144944
v -0.027464 0.386300 0.144960
v -0.027425 0.386148 0.144980
v -0.027379 0.386010 0.145004
v -0.027326 0.385889 0.145031
v -0.027268 0.385788 0.145061
v -0.027205 0.385707 0.145094
v -0.027139 0.385648 0.145128
v -0.027070 0.385612 0.145164
v -0.027047 0.388388 0.145162
v -0.027094 0.388352 0.145125
v -0.027139 0.388293 0.145089
v -0.027181 0.388212 0.145055
v -0.027221 0.388111 0.145024
v -0.027256 0.387990 0.144995
v -0.027287 0.387852 0.144970
v -0.027314 0.387700 0.144949
v -0.027335 0.387536 0.144932
v -0.027350 0.387362 0.144920
v -0.027359 0.387183 0.144913
v -0.027362 0.387000 0.144910
v -0.027359 0.386817 0.144913
v -0.027350 0.386638 0.144920
v -0.027335 0.386464 0.144932
v -0.027314 0.386300 0.144949
v -0.027287 0.386148 0.144970
v -0.027256 0.386010 0.144995
v -0.027221 0.385889 0.145024
v -0.027181 0.385788 0.145055
v -0.027139 0.385707 0.145089
v -0.027094 0.385648 0.145125
v -0.027047 0.385612 0.145162
v -0.027024 0.388388 0.145161
v -0.027047 0.388352 0.145123
v -0.027070 0.388293 0.145086
v -0.027091 0.388212 0.145051
v -0.027111 0.388111 0.145019
v -0.027129 0.387990 0.144990
v -0.027145 0.387852 0.144964
v -0.027158 0.387700 0.144942
v -0.027169 0.387536 0.144925
v -0.027177 0.387362 0.144913
v -0.027181 0.387183 0.144905
v -0.027183 0.387000 0.144903
v -0.027181 0.386817 0.144905
v -0.027177 0.386638 0.144913
v -0.027169 0.386464 0.144925
v -0.027158 0.386300 0.144942
v -0.027145 0.386148 0.144964
v -0.027129 0.386010 0.144990
v -0.027111 0.385889 0.145019
v -0.027091 0.385788 0.145051
v -0.027070 0.385707 0.145086
v -0.027047 0.385648 0.145123
v -0.027024 0.385612 0.145161
v -0.027000 0.388293 0.145085
v -0.027000 0.388212 0.145050
v -0.027000 0.387990 0.144988
v -0.027000 0.387700 0.144940
v -0.027000 0.387000 0.144900
v -0.027000 0.386464 0.144923
v -0.027000 0.386148 0.144962
v -0.027000 0.385707 0.145085
v -0.027000 0.385648 0.145122
vn -0.0000 0.8472 -0.5313
vn -0.0000 0.6206 -0.7841
vn -0.0000 0.2679 -0.9635
vn -0.0000 0.1617 -0.9868
vn -0.0000 0.0882 -0.9961
vn -0.0000 0.0572 -0.9984
vn -0.0000 0.0281 -0.9996
vn -0.0000 -0.0281 -0.9996
vn -0.0000 -0.0572 -0.9984
vn -0.0000 -0.1224 -0.9925
vn -0.0000 -0.2088 -0.9780
vn -0.0000 -0.2679 -0.9635
vn -0.0000 -0.3463 -0.9381
vn -0.0000 -0.8472 -0.5313
vn 0.0149 0.8491 -0.5280
vn 0.0220 0.6237 -0.7814
vn 0.0250 0.4599 -0.8876
vn 0.0264 0.3488 -0.9368
vn 0.0272 0.2699 -0.9625
vn 0.0276 0.2104 -0.9772
vn 0.0278 0.1630 -0.9862
vn 0.0280 0.1234 -0.9920
vn 0.0281 0.0889 -0.9956
vn 0.0282 0.0576 -0.9979
vn 0.0282 0.0284 -0.9992
vn 0.0282 -0.0000 -0.9996
vn 0.0282 -0.0284 -0.9992
vn 0.0282 -0.0576 -0.9979
vn 0.0281 -0.0889 -0.9956
vn 0.0280 -0.1234 -0.9920
vn 0.0278 -0.1630 -0.9862
vn 0.0276 -0.2104 -0.9772
vn 0.0272 -0.2699 -0.9625
vn 0.0264 -0.3488 -0.9368
vn 0.0250 -0.4599 -0.8876
vn 0.0220 -0.6237 -0.7814
vn 0.0149 -0.8491 -0.5280
vn 0.0297 0.8549 -0.5179
vn 0.0444 0.6331 -0.7728
vn 0.0506 0.4689 -0.8818
vn 0.0536 0.3565 -0.9328
vn 0.0551 0.2762 -0.9595
vn 0.0560 0.2154 -0.9749
vn 0.0565 0.1670 -0.9843
vn 0.0569 0.1264 -0.9903
vn 0.0571 0.0911 -0.9942
vn 0.0572 0.0591 -0.9966
vn 0.0573 0.0291 -0.9979
vn 0.0573 -0.0000 -0.9984
vn 0.0573 -0.0291 -0.9979
vn 0.0572 -0.0591 -0.9966
vn 0.0571 -0.0911 -0.9942
vn 0.0569 -0.1264 -0.9903
vn 0.0565 -0.1670 -0.9843
vn 0.0560 -0.2154 -0.9749
vn 0.0551 -0.2762 -0.9595
vn 0.0536 -0.3565 -0.9328
vn 0.0506 -0.4689 -0.8818
vn 0.0444 -0.6331 -0.7728
vn 0.0297 -0.8549 -0.5179
vn 0.0445 0.8644 -0.5009
vn 0.0673 0.6491 -0.7577
vn 0.0773 0.4845 -0.8714
vn 0.0821 0.3698 -0.9255
vn 0.0847 0.2871 -0.9541
vn 0.0862 0.2243 -0.9707
vn 0.0871 0.1740 -0.9809
vn 0.0876 0.1318 -0.9874
vn 0.0880 0.0950 -0.9916
vn 0.0882 0.0616 -0.9942
vn 0.0884 0.0303 -0.9956
vn 0.0884 -0.0000 -0.9961
vn 0.0884 -0.0303 -0.9956
vn 0.0882 -0.0616 -0.9942
vn 0.0880 -0.0950 -0.9916
vn 0.0876 -0.1318 -0.9874
vn 0.0871 -0.1740 -0.9809
vn 0.0862 -0.2243 -0.9707
vn 0.0847 -0.2871 -0.9541
vn 0.0821 -0.3698 -0.9255
vn 0.0773 -0.4845 -0.8714
vn 0.0673 -0.6491 -0.7577
vn 0.0445 -0.8644 -0.5009
vn 0.0589 0.8772 -0.4765
vn 0.0909 0.6718 -0.7351
vn 0.1058 0.5073 -0.8553
vn 0.1131 0.3896 -0.9140
vn 0.1170 0.3036 -0.9456
vn 0.1193 0.2376 -0.9640
vn 0.1207 0.1846 -0.9754
vn 0.1216 0.1399 -0.9827
vn 0.1222 0.1009 -0.9874
vn 0.1225 0.0655 -0.9903
vn 0.1227 0.0322 -0.9919
vn 0.1228 -0.0000 -0.9924
vn 0.1227 -0.0322 -0.9919
vn 0.1225 -0.0655 -0.9903
vn 0.1222 -0.1009 -0.9874
vn 0.1216 -0.1399 -0.9827
vn 0.1207 -0.1846 -0.9754
vn 0.1193 -0.2376 -0.9640
vn 0.1170 -0.3036 -0.9456
vn 0.1131 -0.3896 -0.9140
vn 0.1058 -0.5073 -0.8553
vn 0.0909 -0.6718 -0.7351
vn 0.0589 -0.8772 -0.4765
vn 0.0731 0.8929 -0.4443
vn 0.1156 0.7015 -0.7032
vn 0.1367 0.5384 -0.8315
vn 0.1474 0.4173 -0.8967
vn 0.1533 0.3268 -0.9326
vn 0.1568 0.2566 -0.9537
vn 0.1590 0.1997 -0.9669
vn 0.1604 0.1516 -0.9753
vn 0.1613 0.1094 -0.9808
vn 0.1618 0.0710 -0.9843
vn 0.1621 0.0350 -0.9861
vn 0.1622 -0.0000 -0.9867
vn 0.1621 -0.0350 -0.9861
vn 0.1618 -0.0710 -0.9843
vn 0.1613 -0.1094 -0.9808
vn 0.1604 -0.1516 -0.9753
vn 0.1590 -0.1997 -0.9669
vn 0.1568 -0.2566 -0.9537
vn 0.1533 -0.3268 -0.9326
vn 0.1474 -0.4173 -0.8967
vn 0.1367 -0.5384 -0.8315
vn 0.1156 -0.7015 -0.7032
vn 0.0731 -0.8929 -0.4443
vn 0.0865 0.9107 -0.4039
vn 0.1413 0.7382 -0.6596
vn 0.1708 0.5791 -0.7972
vn 0.1866 0.4547 -0.8709
vn 0.1956 0.3588 -0.9127
vn 0.2010 0.2831 -0.9378
vn 0.2043 0.2210 -0.9536
vn 0.2065 0.1681 -0.9639
vn 0.2080 0.1215 -0.9706
vn 0.2089 0.0789 -0.9748
vn 0.2094 0.0389 -0.9771
vn 0.2095 -0.0000 -0.9778
vn 0.2094 -0.0389 -0.9771
vn 0.2089 -0.0789 -0.9748
vn 0.2080 -0.1215 -0.9706
vn 0.2065 -0.1681 -0.9639
vn 0.2043 -0.2210 -0.9536
vn 0.2010 -0.2831 -0.9378
vn 0.1956 -0.3588 -0.9127
vn 0.1866 -0.4547 -0.8709
vn 0.1708 -0.5791 -0.7972
vn 0.1413 -0.7382 -0.6596
vn 0.0865 -0.9107 -0.4039
vn 0.0991 0.9296 -0.3549
vn 0.1679 0.7814 -0.6011
vn 0.2087 0.6307 -0.7474
vn 0.2323 0.5043 -0.8317
vn 0.2462 0.4026 -0.8816
vn 0.2548 0.3200 -0.9125
vn 0.2604 0.2510 -0.9323
vn 0.2640 0.1915 -0.9453
vn 0.2664 0.1387 -0.9538
vn 0.2679 0.0902 -0.9592
vn 0.2687 0.0445 -0.9622
vn 0.2690 -0.0000 -0.9631
vn 0.2687 -0.0445 -0.9622
vn 0.2679 -0.0902 -0.9592
vn 0.2664 -0.1387 -0.9538
vn 0.2640 -0.1915 -0.9453
vn 0.2604 -0.2510 -0.9323
vn 0.2548 -0.3200 -0.9125
vn 0.2462 -0.4026 -0.8816
vn 0.2323 -0.5043 -0.8317
vn 0.2087 -0.6307 -0.7474
vn 0.1679 -0.7814 -0.6011
vn 0.0991 -0.9296 -0.3549
vn 0.1104 0.9484 -0.2974
vn 0.1945 0.8293 -0.5239
vn 0.2506 0.6937 -0.6752
vn 0.2861 0.5691 -0.7709
vn 0.3086 0.4623 -0.8313
vn 0.3230 0.3716 -0.8704
vn 0.3326 0.2937 -0.8962
vn 0.3390 0.2253 -0.9134
vn 0.3433 0.1637 -0.9249
vn 0.3460 0.1067 -0.9322
vn 0.3475 0.0527 -0.9362
vn 0.3480 -0.0000 -0.9375
vn 0.3475 -0.0527 -0.9362
vn 0.3460 -0.1067 -0.9322
vn 0.3433 -0.1637 -0.9249
vn 0.3390 -0.2253 -0.9134
vn 0.3326 -0.2937 -0.8962
vn 0.3230 -0.3716 -0.8704
vn 0.3086 -0.4623 -0.8313
vn 0.2861 -0.5691 -0.7709
vn 0.2506 -0.6937 -0.6752
vn 0.1945 -0.8293 -0.5239
vn 0.1104 -0.9484 -0.2974
vn 0.1199 0.9654 -0.2317
vn 0.2197 0.8783 -0.4247
vn 0.2953 0.7662 -0.5708
vn 0.3489 0.6506 -0.6745
vn 0.3861 0.5422 -0.7463
vn 0.4117 0.4439 -0.7959
vn 0.4295 0.3555 -0.8302
vn 0.4417 0.2752 -0.8539
vn 0.4501 0.2012 -0.8700
vn 0.4555 0.1317 -0.8804
vn 0.4585 0.0652 -0.8863
vn 0.4595 -0.0000 -0.8882
vn 0.4585 -0.0652 -0.8863
vn 0.4555 -0.1317 -0.8804
vn 0.4501 -0.2012 -0.8700
vn 0.4417 -0.2752 -0.8539
vn 0.4295 -0.3555 -0.8302
vn 0.4117 -0.4439 -0.7959
vn 0.3861 -0.5422 -0.7463
vn 0.3489 -0.6506 -0.6745
vn 0.2953 -0.7662 -0.5708
vn 0.2197 -0.8783 -0.4247
vn 0.1199 -0.9654 -0.2317
vn 0.1271 0.9791 -0.1589
vn 0.2412 0.9224 -0.3017
vn 0.3386 0.8403 -0.4234
vn 0.4172 0.7441 -0.5217
vn 0.4785 0.6427 -0.5983
vn 0.5251 0.5415 -0.6566
vn 0.5599 0.4432 -0.7001
vn 0.5853 0.3488 -0.7319
vn 0.6034 0.2580 -0.7545
vn 0.6154 0.1702 -0.7696
vn 0.6223 0.0846 -0.7782
vn 0.6246 -0.0000 -0.7810
vn 0.6223 -0.0846 -0.7782
vn 0.6154 -0.1702 -0.7696
vn 0.6034 -0.2580 -0.7545
vn 0.5853 -0.3488 -0.7319
vn 0.5599 -0.4432 -0.7001
vn 0.5251 -0.5415 -0.6566
vn 0.4785 -0.6427 -0.5983
vn 0.4172 -0.7441 -0.5217
vn 0.3386 -0.8403 -0.4234
vn 0.2412 -0.9224 -0.3017
vn 0.1271 -0.9791 -0.1589
vn 0.1316 0.9880 -0.0809
vn 0.2560 0.9538 -0.1573
vn 0.3721 0.8996 -0.2286
vn 0.4769 0.8287 -0.2930
vn 0.5689 0.7445 -0.3495
vn 0.6473 0.6503 -0.3977
vn 0.7120 0.5492 -0.4375
vn 0.7637 0.4434 -0.4692
vn 0.8030 0.3345 -0.4933
vn 0.8304 0.2238 -0.5102
vn 0.8467 0.1121 -0.5202
vn 0.8520 -0.0000 -0.5235
vn 0.8467 -0.1121 -0.5202
vn 0.8304 -0.2238 -0.5102
vn 0.8030 -0.3345 -0.4933
vn 0.7637 -0.4434 -0.4692
vn 0.7120 -0.5492 -0.4375
vn 0.6473 -0.6503 -0.3977
vn 0.5689 -0.7445 -0.3495
vn 0.4769 -0.8287 -0.2930
vn 0.3721 -0.8996 -0.2286
vn 0.2560 -0.9538 -0.1573
vn 0.1316 -0.9880 -0.0809
vn 0.1332 0.9911 -0.0000
vn 0.2614 0.9652 -0.0000
vn 0.3850 0.9229 -0.0000
vn 0.5020 0.8648 -0.0000
vn 0.6105 0.7920 -0.0000
vn 0.7085 0.7057 -0.0000
vn 0.7944 0.6075 -0.0000
vn 0.8667 0.4988 -0.0000
vn 0.9243 0.3817 -0.0000
vn 0.9661 0.2581 -0.0000
vn 0.9915 0.1302 -0.0000
vn 1.0000 -0.0000 -0.0000
vn 0.9915 -0.1302 -0.0000
vn 0.9661 -0.2581 -0.0000
vn 0.9243 -0.3817 -0.0000
vn 0.8667 -0.4988 -0.0000
vn 0.7944 -0.6075 -0.0000
vn 0.7085 -0.7057 -0.0000
vn 0.6105 -0.7920 -0.0000
vn 0.5020 -0.8648 -0.0000
vn 0.3850 -0.9229 -0.0000
vn 0.2614 -0.9652 -0.0000
vn 0.1332 -0.9911 -0.0000
vn 0.1316 0.9880 0.0809
vn 0.2560 0.9538 0.1573
vn 0.3721 0.8996 0.2286
vn 0.4769 0.8287 0.2930
vn 0.5689 0.7445 0.3495
vn 0.6473 0.6503 0.3977
vn 0.7120 0.5492 0.4375
vn 0.7637 0.4434 0.4692
vn 0.8030 0.3345 0.4933
vn 0.8304 0.2238 0.5102
vn 0.8467 0.1121 0.5202
vn 0.8520 -0.0000 0.5235
vn 0.8467 -0.1121 0.5202
vn 0.8304 -0.2238 0.5102
vn 0.8030 -0.3345 0.4933
vn 0.7637 -0.4434 0.4692
vn 0.7120 -0.5492 0.4375
vn 0.6473 -0.6503 0.3977
vn 0.5689 -0.7445 0.3495
vn 0.4769 -0.8287 0.2930
vn 0.3721 -0.8996 0.2286
vn 0.2560 -0.9538 0.1573
vn 0.1316 -0.9880 0.0809
vn 0.1271 0.9791 0.1589
vn 0.2412 0.9224 0.3017
vn 0.3386 0.8403 0.4234
vn 0.4172 0.7441 0.5217
vn 0.4785 0.6427 0.5983
vn 0.5251 0.5415 0.6566
vn 0.5599 0.4432 0.7001
vn 0.5853 0.3488 0.7319
vn 0.6034 0.2580 0.7545
vn 0.6154 0.1702 0.7696
vn 0.6223 0.0846 0.7782
vn 0.6246 -0.0000 0.7810
vn 0.6223 -0.0846 0.7782
vn 0.6154 -0.1702 0.7696
vn 0.6034 -0.2580 0.7545
vn 0.5853 -0.3488 0.7319
vn 0.5599 -0.4432 0.7001
vn 0.5251 -0.5415 0.6566
vn 0.4785 -0.6427 0.5983
vn 0.4172 -0.7441 0.5217
vn 0.3386 -0.8403 0.4234
vn 0.2412 -0.9224 0.3017
vn 0.1271 -0.9791 0.1589
vn 0.1199 0.9654 0.2317
vn 0.2197 0.8783 0.4247
vn 0.2953 0.7662 0.5708
vn 0.3489 0.6506 0.6745
vn 0.3861 0.5422 0.7463
vn 0.4117 0.4439 0.7959
vn 0.4295 0.3555 0.8302
vn 0.4417 0.2752 0.8539
vn 0.4501 0.2012 0.8700
vn 0.4555 0.1317 0.8804
vn 0.4585 0.0652 0.8863
vn 0.4595 -0.0000 0.8882
vn 0.4585 -0.0652 0.8863
vn 0.4555 -0.1317 0.8804
vn 0.4501 -0.2012 0.8700
vn 0.4417 -0.2752 0.8539
vn 0.4295 -0.3555 0.8302
vn 0.4117 -0.4439 0.7959
vn 0.3861 -0.5422 0.7463
vn 0.3489 -0.6506 0.6745
vn 0.2953 -0.7662 0.5708
vn 0.2197 -0.8783 0.4247
vn 0.1199 -0.9654 0.2317
vn 0.1104 0.9484 0.2974
vn 0.1945 0.8293 0.5239
vn 0.2506 0.6937 0.6752
vn 0.2861 0.5691 0.7709
vn 0.3086 0.4623 0.8313
vn 0.3230 0.3716 0.8704
vn 0.3326 0.2937 0.8962
vn 0.3390 0.2253 0.9134
vn 0.3433 0.1637 0.9249
vn 0.3460 0.1067 0.9322
vn 0.3475 0.0527 0.9362
vn 0.3480 -0.0000 0.9375
vn 0.3475 -0.0527 0.9362
vn 0.3460 -0.1067 0.9322
vn 0.3433 -0.1637 0.9249
vn 0.3390 -0.2253 0.9134
vn 0.3326 -0.2937 0.8962
vn 0.3230 -0.3716 0.8704
vn 0.3086 -0.4623 0.8313
vn 0.2861 -0.5691 0.7709
vn 0.2506 -0.6937 0.6752
vn 0.1945 -0.8293 0.5239
vn 0.1104 -0.9484 0.2974
vn 0.0991 0.9296 0.3549
vn 0.1679 0.7814 0.6011
vn 0.2087 0.6307 0.7474
vn 0.2323 0.5043 0.8317
vn 0.2462 0.4026 0.8816
vn 0.2548 0.3200 0.9125
vn 0.2604 0.2510 0.9323
vn 0.2640 0.1915 0.9453
vn 0.2664 0.1387 0.9538
vn 0.2679 0.0902 0.9592
vn 0.2687 0.0445 0.9622
vn 0.2690 -0.0000 0.9631
vn 0.2687 -0.0445 0.9622
vn 0.2679 -0.0902 0.9592
vn 0.2664 -0.1387 0.9538
vn 0.2640 -0.1915 0.9453
vn 0.2604 -0.2510 0.9323
vn 0.2548 -0.3200 0.9125
vn 0.2462 -0.4026 0.8816
vn 0.2323 -0.5043 0.8317
vn 0.2087 -0.6307 0.7474
vn 0.1679 -0.7814 0.6011
vn 0.0991 -0.9296 0.3549
vn 0.0865 0.9107 0.4039
vn 0.1413 0.7382 0.6596
vn 0.1708 0.5791 0.7972
vn 0.1866 0.4547 0.8709
vn 0.1956 0.3588 0.9127
vn 0.2010 0.2831 0.9378
vn 0.2043 0.2210 0.9536
vn 0.2065 0.1681 0.9639
vn 0.2080 0.1215 0.9706
vn 0.2089 0.0789 0.9748
vn 0.2094 0.0389 0.9771
vn 0.2095 -0.0000 0.9778
vn 0.2094 -0.0389 0.9771
vn 0.2089 -0.0789 0.9748
vn 0.2080 -0.1215 0.9706
vn 0.2065 -0.1681 0.9639
vn 0.2043 -0.2210 0.9536
vn 0.2010 -0.2831 0.9378
vn 0.1956 -0.3588 0.9127
vn 0.1866 -0.4547 0.8709
vn 0.1708 -0.5791 0.7972
vn 0.1413 -0.7382 0.6596
vn 0.0865 -0.9107 0.4039
vn 0.0731 0.8929 0.4443
vn 0.1156 0.7015 0.7032
vn 0.1367 0.5384 0.8315
vn 0.1474 0.4173 0.8967
vn 0.1533 0.3268 0.9326
vn 0.1568 0.2566 0.9537
vn 0.1590 0.1997 0.9669
vn 0.1604 0.1516 0.9753
vn 0.1613 0.1094 0.9808
vn 0.1618 0.0710 0.9843
vn 0.1621 0.0350 0.9861
vn 0.1622 -0.0000 0.9867
vn 0.1621 -0.0350 0.9861
vn 0.1618 -0.0710 0.9843
vn 0.1613 -0.1094 0.9808
vn 0.1604 -0.1516 0.9753
vn 0.1590 -0.1997 0.9669
vn 0.1568 -0.2566 0.9537
vn 0.1533 -0.3268 0.9326
vn 0.1474 -0.4173 0.8967
vn 0.1367 -0.5384 0.8315
vn 0.1156 -0.7015 0.7032
vn 0.0731 -0.8929 0.4443
vn 0.0589 0.8772 0.4765
vn 0.0909 0.6718 0.7351
vn 0.1058 0.5073 0.8553
vn 0.1131 0.3896 0.9140
vn 0.1170 0.3036 0.9456
vn 0.1193 0.2376 0.9640
vn 0.1207 0.1846 0.9754
vn 0.1216 0.1399 0.9827
vn 0.1222 0.1009 0.9874
vn 0.1225 0.0655 0.9903
vn 0.1227 0.0322 0.9919
vn 0.1228 -0.0000 0.9924
vn 0.1227 -0.0322 0.9919
vn 0.1225 -0.0655 0.9903
vn 0.1222 -0.1009 0.9874
vn 0.1216 -0.1399 0.9827
vn 0.1207 -0.1846 0.9754
vn 0.1193 -0.2376 0.9640
vn 0.1170 -0.3036 0.9456
vn 0.1131 -0.3896 0.9140
vn 0.1058 -0.5073 0.8553
vn 0.0909 -0.6718 0.7351
vn 0.0589 -0.8772 0.4765
vn 0.0445 0.8644 0.5009
vn 0.0673 0.6491 0.7577
vn 0.0773 0.4845 0.8714
vn 0.0821 0.3698 0.9255
vn 0.0847 0.2871 0.9541
vn 0.0862 0.2243 0.9707
vn 0.0871 0.1740 0.9809
vn 0.0876 0.1318 0.9874
vn 0.0880 0.0950 0.9916
vn 0.0882 0.0616 0.9942
vn 0.0884 0.0303 0.9956
vn 0.0884 -0.0000 0.9961
vn 0.0884 -0.0303 0.9956
vn 0.0882 -0.0616 0.9942
vn 0.0880 -0.0950 0.9916
vn 0.0876 -0.1318 0.9874
vn 0.0871 -0.1740 0.9809
vn 0.0862 -0.2243 0.9707
vn 0.0847 -0.2871 0.9541
vn 0.0821 -0.3698 0.9255
vn 0.0773 -0.4845 0.8714
vn 0.0673 -0.6491 0.7577
vn 0.0445 -0.8644 0.5009
vn 0.0297 0.8549 0.5179
vn 0.0444 0.6331 0.7728
vn 0.0506 0.4689 0.8818
vn 0.0536 0.3565 0.9328
vn 0.0551 0.2762 0.9595
vn 0.0560 0.2154 0.9749
vn 0.0565 0.1670 0.9843
vn 0.0569 0.1264 0.9903
vn 0.0571 0.0911 0.9942
vn 0.0572 0.0591 0.9966
vn 0.0573 0.0291 0.9979
vn 0.0573 -0.0000 0.9984
vn 0.0573 -0.0291 0.9979
vn 0.0572 -0.0591 0.9966
vn 0.0571 -0.0911 0.9942
vn 0.0569 -0.1264 0.9903
vn 0.0565 -0.1670 0.9843
vn 0.0560 -0.2154 0.9749
vn 0.0551 -0.2762 0.9595
vn 0.0536 -0.3565 0.9328
vn 0.0506 -0.4689 0.8818
vn 0.0444 -0.6331 0.7728
vn 0.0297 -0.8549 0.5179
vn 0.0149 0.8491 0.5280
vn 0.0220 0.6237 0.7814
vn 0.0250 0.4599 0.8876
vn 0.0264 0.3488 0.9368
vn 0.0272 0.2699 0.9625
vn 0.0276 0.2104 0.9772
vn 0.0278 0.1630 0.9862
vn 0.0280 0.1234 0.9920
vn 0.0281 0.0889 0.9956
vn 0.0282 0.0576 0.9979
vn 0.0282 0.0284 0.9992
vn 0.0282 -0.0000 0.9996
vn 0.0282 -0.0284 0.9992
vn 0.0282 -0.0576 0.9979
vn 0.0281 -0.0889 0.9956
vn 0.0280 -0.1234 0.9920
vn 0.0278 -0.1630 0.9862
vn 0.0276 -0.2104 0.9772
vn 0.0272 -0.2699 0.9625
vn 0.0264 -0.3488 0.9368
vn 0.0250 -0.4599 0.8876
vn 0.0220 -0.6237 0.7814
vn 0.0149 -0.8491 0.5280
vn -0.0000 0.8472 0.5313
vn -0.0000 0.6206 0.7841
vn -0.0000 0.4569 0.8895
vn -0.0000 0.3463 0.9381
vn -0.0000 0.2679 0.9635
vn -0.0000 0.2088 0.9780
vn -0.0000 0.1617 0.9868
vn -0.0000 0.1224 0.9925
vn -0.0000 0.0882 0.9961
vn -0.0000 0.0572 0.9984
vn -0.0000 0.0281 0.9996
vn -0.0000 -0.0000 1.0000
vn -0.0000 -0.0281 0.9996
vn -0.0000 -0.0572 0.9984
vn -0.0000 -0.0882 0.9961
vn -0.0000 -0.1224 0.9925
vn -0.0000 -0.1617 0.9868
vn -0.0000 -0.2088 0.9780
vn -0.0000 -0.2679 0.9635
vn -0.0000 -0.3463 0.9381
vn -0.0000 -0.4569 0.8895
vn -0.0000 -0.6206 0.7841
vn -0.0000 -0.8472 0.5313
vn -0.0149 0.8491 0.5280
vn -0.0220 0.6237 0.7814
vn -0.0250 0.4599 0.8876
vn -0.0264 0.3488 0.9368
vn -0.0272 0.2699 0.9625
vn -0.0276 0.2104 0.9772
vn -0.0278 0.1630 0.9862
vn -0.0280 0.1234 0.9920
vn -0.0281 0.0889 0.9956
vn -0.0282 0.0576 0.9979
vn -0.0282 0.0284 0.9992
vn -0.0282 -0.0000 0.9996
vn -0.0282 -0.0284 0.9992
vn -0.0282 -0.0576 0.9979
vn -0.0281 -0.0889 0.9956
vn -0.0280 -0.1234 0.9920
vn -0.0278 -0.1630 0.9862
vn -0.0276 -0.2104 0.9772
vn -0.0272 -0.2699 0.9625
vn -0.0264 -0.3488 0.9368
vn -0.0250 -0.4599 0.8876
vn -0.0220 -0.6237 0.7814
vn -0.0149 -0.8491 0.5280
vn -0.0297 0.8549 0.5179
vn -0.0444 0.6331 0.7728
vn -0.0506 0.4689 0.8818
vn -0.0536 0.3565 0.9328
vn -0.0551 0.2762 0.9595
vn -0.0560 0.2154 0.9749
vn -0.0565 0.1670 0.9843
vn -0.0569 0.1264 0.9903
vn -0.0571 0.0911 0.9942
vn -0.0572 0.0591 0.9966
vn -0.0573 0.0291 0.9979
vn -0.0573 -0.0000 0.9984
vn -0.0573 -0.0291 0.9979
vn -0.0572 -0.0591 0.9966
vn -0.0571 -0.0911 0.9942
vn -0.0569 -0.1264 0.9903
vn -0.0565 -0.1670 0.9843
vn -0.0560 -0.2154 0.9749
vn -0.0551 -0.2762 0.9595
vn -0.0536 -0.3565 0.9328
vn -0.0506 -0.4689 0.8818
vn -0.0444 -0.6331 0.7728
vn -0.0297 -0.8549 0.5179
vn -0.0445 0.8644 0.5009
vn -0.0673 0.6491 0.7577
vn -0.0773 0.4845 0.8714
vn -0.0821 0.3698 0.9255
vn -0.0847 0.2871 0.9541
vn -0.0862 0.2243 0.9707
vn -0.0871 0.1740 0.9809
vn -0.0876 0.1318 0.9874
vn -0.0880 0.0950 0.9916
vn -0.0882 0.0616 0.9942
vn -0.0884 0.0303 0.9956
vn -0.0884 -0.0000 0.9961
vn -0.0884 -0.0303 0.9956
vn -0.0882 -0.0616 0.9942
vn -0.0880 -0.0950 0.9916
vn -0.0876 -0.1318 0.9874
vn -0.0871 -0.1740 0.9809
vn -0.0862 -0.2243 0.9707
vn -0.0847 -0.2871 0.9541
vn -0.0821 -0.3698 0.9255
vn -0.0773 -0.4845 0.8714
vn -0.0673 -0.6491 0.7577
vn -0.0445 -0.8644 0.5009
vn -0.0589 0.8772 0.4765
vn -0.0909 0.6718 0.7351
vn -0.1058 0.5073 0.8553
vn -0.1131 0.3896 0.9140
vn -0.1170 0.3036 0.9456
vn -0.1193 0.2376 0.9640
vn -0.1207 0.1846 0.9754
vn -0.1216 0.1399 0.9827
vn -0.1222 0.1009 0.9874
vn -0.1225 0.0655 0.9903
vn -0.1227 0.0322 0.9919
vn -0.1228 -0.0000 0.9924
vn -0.1227 -0.0322 0.9919
vn -0.1225 -0.0655 0.9903
vn -0.1222 -0.1009 0.9874
vn -0.1216 -0.1399 0.9827
vn -0.1207 -0.1846 0.9754
vn -0.1193 -0.2376 0.9640
vn -0.1170 -0.3036 0.9456
vn -0.1131 -0.3896 0.9140
vn -0.1058 -0.5073 0.8553
vn -0.0909 -0.6718 0.7351
vn -0.0589 -0.8772 0.4765
vn -0.0000 -1.0000 -0.0000
vn -0.0731 0.8929 0.4443
vn -0.1156 0.7015 0.7032
vn -0.1367 0.5384 0.8315
vn -0.1475 0.4173 0.8967
vn -0.1533 0.3268 0.9326
vn -0.1568 0.2566 0.9537
vn -0.1590 0.1997 0.9669
vn -0.1604 0.1516 0.9753
vn -0.1613 0.1094 0.9808
vn -0.1618 0.0710 0.9843
vn -0.1621 0.0350 0.9861
vn -0.1622 -0.0000 0.9867
vn -0.1621 -0.0350 0.9861
vn -0.1618 -0.0710 0.9843
vn -0.1613 -0.1094 0.9808
vn -0.1604 -0.1516 0.9753
vn -0.1590 -0.1997 0.9669
vn -0.1568 -0.2566 0.9537
vn -0.1533 -0.3268 0.9326
vn -0.1474 -0.4173 0.8967
vn -0.1367 -0.5384 0.8315
vn -0.1156 -0.7015 0.7032
vn -0.0731 -0.8929 0.4443
vn -0.0865 0.9107 0.4039
vn -0.1413 0.7382 0.6596
vn -0.1708 0.5791 0.7972
vn -0.1866 0.4547 0.8709
vn -0.1956 0.3588 0.9127
vn -0.2010 0.2831 0.9378
vn -0.2043 0.2210 0.9536
vn -0.2065 0.1681 0.9639
vn -0.2080 0.1215 0.9706
vn -0.2089 0.0789 0.9748
vn -0.2094 0.0389 0.9771
vn -0.2095 -0.0000 0.9778
vn -0.2094 -0.0389 0.9771
vn -0.2089 -0.0789 0.9748
vn -0.2080 -0.1215 0.9706
vn -0.2065 -0.1681 0.9639
vn -0.2043 -0.2210 0.9536
vn -0.2010 -0.2831 0.9378
vn -0.1956 -0.3588 0.9127
vn -0.1866 -0.4547 0.8709
vn -0.1708 -0.5791 0.7972
vn -0.1413 -0.7382 0.6596
vn -0.0865 -0.9107 0.4039
vn -0.0000 1.0000 -0.0000
vn -0.0991 0.9296 0.3549
vn -0.1679 0.7814 0.6011
vn -0.2087 0.6307 0.7474
vn -0.2323 0.5043 0.8317
vn -0.2462 0.4026 0.8816
vn -0.2548 0.3200 0.9125
vn -0.2604 0.2510 0.9323
vn -0.2640 0.1915 0.9453
vn -0.2664 0.1387 0.9538
vn -0.2679 0.0902 0.9592
vn -0.2687 0.0445 0.9622
vn -0.2690 -0.0000 0.9631
vn -0.2687 -0.0445 0.9622
vn -0.2679 -0.0902 0.9592
vn -0.2664 -0.1387 0.9538
vn -0.2640 -0.1915 0.9453
vn -0.2604 -0.2510 0.9323
vn -0.2548 -0.3200 0.9125
vn -0.2462 -0.4026 0.8816
vn -0.2323 -0.5043 0.8317
vn -0.2087 -0.6307 0.7474
vn -0.1679 -0.7814 0.6011
vn -0.0991 -0.9296 0.3549
vn -0.1104 0.9484 0.2974
vn -0.1945 0.8293 0.5239
vn -0.2506 0.6937 0.6752
vn -0.2861 0.5691 0.7709
vn -0.3086 0.4623 0.8313
vn -0.3230 0.3716 0.8704
vn -0.3326 0.2937 0.8962
vn -0.3390 0.2253 0.9134
vn -0.3433 0.1637 0.9249
vn -0.3460 0.1067 0.9322
vn -0.3475 0.0527 0.9362
vn -0.3480 -0.0000 0.9375
vn -0.3475 -0.0527 0.9362
vn -0.3460 -0.1067 0.9322
vn -0.3433 -0.1637 0.9249
vn -0.3390 -0.2253 0.9134
vn -0.3326 -0.2937 0.8962
vn -0.3230 -0.3716 0.8704
vn -0.3086 -0.4623 0.8313
vn -0.2861 -0.5691 0.7709
vn -0.2506 -0.6937 0.6752
vn -0.1945 -0.8293 0.5239
vn -0.1104 -0.9484 0.2974
vn -0.1199 0.9654 0.2317
vn -0.2197 0.8783 0.4247
vn -0.2953 0.7662 0.5708
vn -0.3489 0.6506 0.6745
vn -0.3861 0.5422 0.7463
vn -0.4117 0.4439 0.7959
vn -0.4295 0.3555 0.8302
vn -0.4417 0.2752 0.8539
vn -0.4501 0.2012 0.8700
vn -0.4555 0.1317 0.8804
vn -0.4585 0.0652 0.8863
vn -0.4595 -0.0000 0.8882
vn -0.4585 -0.0652 0.8863
vn -0.4555 -0.1317 0.8804
vn -0.4501 -0.2012 0.8700
vn -0.4417 -0.2752 0.8539
vn -0.4295 -0.3555 0.8302
vn -0.4117 -0.4439 0.7959
vn -0.3861 -0.5422 0.7463
vn -0.3489 -0.6506 0.6745
vn -0.2953 -0.7662 0.5708
vn -0.2197 -0.8783 0.4247
vn -0.1199 -0.9654 0.2317
vn -0.1271 0.9791 0.1589
vn -0.2412 0.9224 0.3017
vn -0.3386 0.8403 0.4234
vn -0.4172 0.7441 0.5217
vn -0.4785 0.6427 0.5983
vn -0.5251 0.5415 0.6566
vn -0.5599 0.4432 0.7001
vn -0.5853 0.3488 0.7319
vn -0.6034 0.2580 0.7545
vn -0.6154 0.1702 0.7696
vn -0.6223 0.0846 0.7782
vn -0.6246 -0.0000 0.7810
vn -0.6223 -0.0846 0.7782
vn -0.6154 -0.1702 0.7696
vn -0.6034 -0.2580 0.7545
vn -0.5853 -0.3488 0.7319
vn -0.5599 -0.4432 0.7001
vn -0.5251 -0.5415 0.6566
vn -0.4785 -0.6427 0.5983
vn -0.4172 -0.7441 0.5217
vn -0.3386 -0.8403 0.4234
vn -0.2412 -0.9224 0.3017
vn -0.1271 -0.9791 0.1589
vn -0.1316 0.9880 0.0809
vn -0.2560 0.9538 0.1573
vn -0.3721 0.8996 0.2286
vn -0.4769 0.8287 0.2930
vn -0.5689 0.7445 0.3495
vn -0.6473 0.6503 0.3977
vn -0.7120 0.5492 0.4375
vn -0.7637 0.4434 0.4692
vn -0.8030 0.3345 0.4933
vn -0.8304 0.2238 0.5102
vn -0.8467 0.1121 0.5202
vn -0.8520 -0.0000 0.5235
vn -0.8467 -0.1121 0.5202
vn -0.8304 -0.2238 0.5102
vn -0.8030 -0.3345 0.4933
vn -0.7637 -0.4434 0.4692
vn -0.7120 -0.5492 0.4375
vn -0.6473 -0.6503 0.3977
vn -0.5689 -0.7445 0.3495
vn -0.4769 -0.8287 0.2930
vn -0.3721 -0.8996 0.2286
vn -0.2560 -0.9538 0.1573
vn -0.1316 -0.9880 0.0809
vn -0.1332 0.9911 -0.0000
vn -0.2614 0.9652 -0.0000
vn -0.3850 0.9229 -0.0000
vn -0.5020 0.8648 -0.0000
vn -0.6105 0.7920 -0.0000
vn -0.7085 0.7057 -0.0000
vn -0.7944 0.6075 -0.0000
vn -0.8667 0.4988 -0.0000
vn -0.9243 0.3817 -0.0000
vn -0.9661 0.2581 -0.0000
vn -0.9915 0.1302 -0.0000
vn -1.0000 -0.0000 -0.0000
vn -0.9915 -0.1302 -0.0000
vn -0.9661 -0.2581 -0.0000
vn -0.9243 -0.3817 -0.0000
vn -0.8667 -0.4988 -0.0000
vn -0.7944 -0.6075 -0.0000
vn -0.7085 -0.7057 -0.0000
vn -0.6105 -0.7920 -0.0000
vn -0.5020 -0.8648 -0.0000
vn -0.3850 -0.9229 -0.0000
vn -0.2614 -0.9652 -0.0000
vn -0.1332 -0.9911 -0.0000
vn -0.1316 0.9880 -0.0809
vn -0.2560 0.9538 -0.1573
vn -0.3721 0.8996 -0.2286
vn -0.4769 0.8287 -0.2930
vn -0.5689 0.7445 -0.3495
vn -0.6473 0.6503 -0.3977
vn -0.7120 0.5492 -0.4375
vn -0.7637 0.4434 -0.4692
vn -0.8030 0.3345 -0.4933
vn -0.8304 0.2238 -0.5102
vn -0.8467 0.1121 -0.5202
vn -0.8520 -0.0000 -0.5235
vn -0.8467 -0.1121 -0.5202
vn -0.8304 -0.2238 -0.5102
vn -0.8030 -0.3345 -0.4933
vn -0.7637 -0.4434 -0.4692
vn -0.7120 -0.5492 -0.4375
vn -0.6473 -0.6503 -0.3977
vn -0.5689 -0.7445 -0.3495
vn -0.4769 -0.8287 -0.2930
vn -0.3721 -0.8996 -0.2286
vn -0.2560 -0.9538 -0.1573
vn -0.1316 -0.9880 -0.0809
vn -0.1271 0.9791 -0.1589
vn -0.2412 0.9224 -0.3017
vn -0.3386 0.8403 -0.4234
vn -0.4172 0.7441 -0.5217
vn -0.4785 0.6427 -0.5983
vn -0.5251 0.5415 -0.6566
vn -0.5599 0.4432 -0.7001
vn -0.5853 0.3488 -0.7319
vn -0.6034 0.2580 -0.7545
vn -0.6154 0.1702 -0.7696
vn -0.6223 0.0846 -0.7782
vn -0.6246 -0.0000 -0.7810
vn -0.6223 -0.0846 -0.7782
vn -0.6154 -0.1702 -0.7696
vn -0.6034 -0.2580 -0.7545
vn -0.5853 -0.3488 -0.7319
vn -0.5599 -0.4432 -0.7001
vn -0.5251 -0.5415 -0.6566
vn -0.4785 -0.6427 -0.5983
vn -0.4172 -0.7441 -0.5217
vn -0.3386 -0.8403 -0.4234
vn -0.2412 -0.9224 -0.3017
vn -0.1271 -0.9791 -0.1589
vn -0.1199 0.9654 -0.2317
vn -0.2197 0.8783 -0.4247
vn -0.2953 0.7662 -0.5708
vn -0.3489 0.6506 -0.6745
vn -0.3861 0.5422 -0.7463
vn -0.4117 0.4439 -0.7959
vn -0.4295 0.3555 -0.8302
vn -0.4417 0.2752 -0.8539
vn -0.4501 0.2012 -0.8700
vn -0.4555 0.1317 -0.8804
vn -0.4585 0.0652 -0.8863
vn -0.4595 -0.0000 -0.8882
vn -0.4585 -0.0652 -0.8863
vn -0.4555 -0.1317 -0.8804
vn -0.4501 -0.2012 -0.8700
vn -0.4417 -0.2752 -0.8539
vn -0.4295 -0.3555 -0.8302
vn -0.4117 -0.4439 -0.7959
vn -0.3861 -0.5422 -0.7463
vn -0.3489 -0.6506 -0.6745
vn -0.2953 -0.7662 -0.5708
vn -0.2197 -0.8783 -0.4247
vn -0.1199 -0.9654 -0.2317
vn -0.1104 0.9484 -0.2974
vn -0.1945 0.8293 -0.5239
vn -0.2506 0.6937 -0.6752
vn -0.2861 0.5691 -0.7709
vn -0.3086 0.4623 -0.8313
vn -0.3230 0.3716 -0.8704
vn -0.3326 0.2937 -0.8962
vn -0.3390 0.2253 -0.9134
vn -0.3433 0.1637 -0.9249
vn -0.3460 0.1067 -0.9322
vn -0.3475 0.0527 -0.9362
vn -0.3480 -0.0000 -0.9375
vn -0.3475 -0.0527 -0.9362
vn -0.3460 -0.1067 -0.9322
vn -0.3433 -0.1637 -0.9249
vn -0.3390 -0.2253 -0.9134
vn -0.3326 -0.2937 -0.8962
vn -0.3230 -0.3716 -0.8704
vn -0.3086 -0.4623 -0.8313
vn -0.2861 -0.5691 -0.7709
vn -0.2506 -0.6937 -0.6752
vn -0.1945 -0.8293 -0.5239
vn -0.1104 -0.9484 -0.2974
vn -0.0991 0.9296 -0.3549
vn -0.1679 0.7814 -0.6011
vn -0.2087 0.6307 -0.7474
vn -0.2323 0.5043 -0.8317
vn -0.2462 0.4026 -0.8816
vn -0.2548 0.3200 -0.9125
vn -0.2604 0.2510 -0.9323
vn -0.2640 0.1915 -0.9453
vn -0.2664 0.1387 -0.9538
vn -0.2679 0.0902 -0.9592
vn -0.2687 0.0445 -0.9622
vn -0.2690 -0.0000 -0.9631
vn -0.2687 -0.0445 -0.9622
vn -0.2679 -0.0902 -0.9592
vn -0.2664 -0.1387 -0.9538
vn -0.2640 -0.1915 -0.9453
vn -0.2604 -0.2510 -0.9323
vn -0.2548 -0.3200 -0.9125
vn -0.2462 -0.4026 -0.8816
vn -0.2323 -0.5043 -0.8317
vn -0.2087 -0.6307 -0.7474
vn -0.1679 -0.7814 -0.6011
vn -0.0991 -0.9296 -0.3549
vn -0.0865 0.9107 -0.4039
vn -0.1413 0.7382 -0.6596
vn -0.1708 0.5791 -0.7972
vn -0.1866 0.4547 -0.8709
vn -0.1956 0.3588 -0.9127
vn -0.2010 0.2831 -0.9378
vn -0.2043 0.2210 -0.9536
vn -0.2065 0.1681 -0.9639
vn -0.2080 0.1215 -0.9706
vn -0.2089 0.0789 -0.9748
vn -0.2094 0.0389 -0.9771
vn -0.2095 -0.0000 -0.9778
vn -0.2094 -0.0389 -0.9771
vn -0.2089 -0.0789 -0.9748
vn -0.2080 -0.1215 -0.9706
vn -0.2065 -0.1681 -0.9639
vn -0.2043 -0.2210 -0.9536
vn -0.2010 -0.2831 -0.9378
vn -0.1956 -0.3588 -0.9127
vn -0.1866 -0.4547 -0.8709
vn -0.1708 -0.5791 -0.7972
vn -0.1413 -0.7382 -0.6596
vn -0.0865 -0.9107 -0.4039
vn -0.0731 0.8929 -0.4443
vn -0.1156 0.7015 -0.7032
vn -0.1367 0.5384 -0.8315
vn -0.1474 0.4173 -0.8967
vn -0.1533 0.3268 -0.9326
vn -0.1568 0.2566 -0.9537
vn -0.1590 0.1997 -0.9669
vn -0.1604 0.1516 -0.9753
vn -0.1613 0.1094 -0.9808
vn -0.1618 0.0710 -0.9843
vn -0.1621 0.0350 -0.9861
vn -0.1622 -0.0000 -0.9867
vn -0.1621 -0.0350 -0.9861
vn -0.1618 -0.0710 -0.9843
vn -0.1613 -0.1094 -0.9808
vn -0.1604 -0.1516 -0.9753
vn -0.1590 -0.1997 -0.9669
vn -0.1568 -0.2566 -0.9537
vn -0.1533 -0.3268 -0.9326
vn -0.1474 -0.4173 -0.8967
vn -0.1367 -0.5384 -0.8315
vn -0.1156 -0.7015 -0.7032
vn -0.0731 -0.8929 -0.4443
vn -0.0589 0.8772 -0.4765
vn -0.0909 0.6718 -0.7351
vn -0.1058 0.5073 -0.8553
vn -0.1131 0.3896 -0.9140
vn -0.1170 0.3036 -0.9456
vn -0.1193 0.2376 -0.9640
vn -0.1207 0.1846 -0.9754
vn -0.1216 0.1399 -0.9827
vn -0.1222 0.1009 -0.9874
vn -0.1225 0.0655 -0.9903
vn -0.1227 0.0322 -0.9919
vn -0.1228 -0.0000 -0.9924
vn -0.1227 -0.0322 -0.9919
vn -0.1225 -0.0655 -0.9903
vn -0.1222 -0.1009 -0.9874
vn -0.1216 -0.1399 -0.9827
vn -0.1207 -0.1846 -0.9754
vn -0.1193 -0.2376 -0.9640
vn -0.1170 -0.3036 -0.9456
vn -0.1131 -0.3896 -0.9140
vn -0.1058 -0.5073 -0.8553
vn -0.0909 -0.6718 -0.7351
vn -0.0589 -0.8772 -0.4765
vn -0.0445 0.8644 -0.5009
vn -0.0673 0.6491 -0.7577
vn -0.0773 0.4845 -0.8714
vn -0.0821 0.3698 -0.9255
vn -0.0847 0.2871 -0.9541
vn -0.0862 0.2243 -0.9707
vn -0.0871 0.1740 -0.9809
vn -0.0876 0.1318 -0.9874
vn -0.0880 0.0950 -0.9916
vn -0.0882 0.0616 -0.9942
vn -0.0884 0.0303 -0.9956
vn -0.0884 -0.0000 -0.9961
vn -0.0884 -0.0303 -0.9956
vn -0.0882 -0.0616 -0.9942
vn -0.0880 -0.0950 -0.9916
vn -0.0876 -0.1318 -0.9874
vn -0.0871 -0.1740 -0.9809
vn -0.0862 -0.2243 -0.9707
vn -0.0847 -0.2871 -0.9541
vn -0.0821 -0.3698 -0.9255
vn -0.0773 -0.4845 -0.8714
vn -0.0673 -0.6491 -0.7577
vn -0.0445 -0.8644 -0.5009
vn -0.0297 0.8549 -0.5179
vn -0.0444 0.6331 -0.7728
vn -0.0506 0.4689 -0.8818
vn -0.0536 0.3565 -0.9328
vn -0.0551 0.2762 -0.9595
vn -0.0560 0.2154 -0.9749
vn -0.0565 0.1670 -0.9843
vn -0.0569 0.1264 -0.9903
vn -0.0571 0.0911 -0.9942
vn -0.0572 0.0591 -0.9966
vn -0.0573 0.0291 -0.9979
vn -0.0573 -0.0000 -0.9984
vn -0.0573 -0.0291 -0.9979
vn -0.0572 -0.0591 -0.9966
vn -0.0571 -0.0911 -0.9942
vn -0.0569 -0.1264 -0.9903
vn -0.0565 -0.1670 -0.9843
vn -0.0560 -0.2154 -0.9749
vn -0.0551 -0.2762 -0.9595
vn -0.0536 -0.3565 -0.9328
vn -0.0506 -0.4689 -0.8818
vn -0.0444 -0.6331 -0.7728
vn -0.0297 -0.8549 -0.5179
vn -0.0149 0.8491 -0.5280
vn -0.0220 0.6237 -0.7814
vn -0.0250 0.4599 -0.8876
vn -0.0264 0.3488 -0.9368
vn -0.0272 0.2699 -0.9625
vn -0.0276 0.2104 -0.9772
vn -0.0278 0.1630 -0.9862
vn -0.0280 0.1234 -0.9920
vn -0.0281 0.0889 -0.9956
vn -0.0282 0.0576 -0.9979
vn -0.0282 0.0284 -0.9992
vn -0.0282 -0.0000 -0.9996
vn -0.0282 -0.0284 -0.9992
vn -0.0282 -0.0576 -0.9979
vn -0.0281 -0.0889 -0.9956
vn -0.0280 -0.1234 -0.9920
vn -0.0278 -0.1630 -0.9862
vn -0.0276 -0.2104 -0.9772
vn -0.0272 -0.2699 -0.9625
vn -0.0264 -0.3488 -0.9368
vn -0.0250 -0.4599 -0.8876
vn -0.0220 -0.6237 -0.7814
vn -0.0149 -0.8491 -0.5280
vn -0.0000 0.4569 -0.8895
vn -0.0000 0.3463 -0.9381
vn -0.0000 0.2088 -0.9780
vn -0.0000 0.1224 -0.9925
vn -0.0000 -0.0000 -1.0000
vn -0.0000 -0.0882 -0.9961
vn -0.0000 -0.1617 -0.9868
vn -0.0000 -0.4569 -0.8895
vn -0.0000 -0.6206 -0.7841
vt 0.750000 0.666667
vt 0.750000 0.708333
vt 0.729167 0.708333
vt 0.729167 0.666667
vt 0.750000 0.041667
vt 0.750000 0.083333
vt 0.729167 0.083333
vt 0.729167 0.041667
vt 0.750000 0.958333
vt 0.739583 1.000000
vt 0.729167 0.958333
vt 0.750000 0.333333
vt 0.750000 0.375000
vt 0.729167 0.375000
vt 0.729167 0.333333
vt 0.750000 0.625000
vt 0.729167 0.625000
vt 0.739583 0.000000
vt 0.750000 0.916667
vt 0.729167 0.916667
vt 0.750000 0.291667
vt 0.729167 0.291667
vt 0.750000 0.583333
vt 0.729167 0.583333
vt 0.750000 0.875000
vt 0.729167 0.875000
vt 0.750000 0.250000
vt 0.729167 0.250000
vt 0.750000 0.541667
vt 0.729167 0.541667
vt 0.750000 0.833333
vt 0.729167 0.833333
vt 0.750000 0.208333
vt 0.729167 0.208333
vt 0.750000 0.500000
vt 0.729167 0.500000
vt 0.750000 0.791667
vt 0.729167 0.791667
vt 0.750000 0.166667
vt 0.729167 0.166667
vt 0.750000 0.458333
vt 0.729167 0.458333
vt 0.750000 0.750000
vt 0.729167 0.750000
vt 0.750000 0.125000
vt 0.729167 0.125000
vt 0.750000 0.416667
vt 0.729167 0.416667
vt 0.708333 0.166667
vt 0.708333 0.125000
vt 0.708333 0.458333
vt 0.708333 0.416667
vt 0.708333 0.750000
vt 0.708333 0.708333
vt 0.708333 0.083333
vt 0.708333 0.375000
vt 0.708333 0.666667
vt 0.708333 0.041667
vt 0.718750 1.000000
vt 0.708333 0.958333
vt 0.708333 0.333333
vt 0.708333 0.625000
vt 0.718750 0.000000
vt 0.708333 0.916667
vt 0.708333 0.291667
vt 0.708333 0.583333
vt 0.708333 0.875000
vt 0.708333 0.250000
vt 0.708333 0.541667
vt 0.708333 0.833333
vt 0.708333 0.208333
vt 0.708333 0.500000
vt 0.708333 0.791667
vt 0.687500 0.666667
vt 0.687500 0.625000
vt 0.697917 0.000000
vt 0.687500 0.041667
vt 0.687500 0.958333
vt 0.687500 0.916667
vt 0.687500 0.333333
vt 0.687500 0.291667
vt 0.687500 0.583333
vt 0.687500 0.875000
vt 0.687500 0.250000
vt 0.687500 0.541667
vt 0.687500 0.833333
vt 0.687500 0.208333
vt 0.687500 0.500000
vt 0.687500 0.791667
vt 0.687500 0.166667
vt 0.687500 0.458333
vt 0.687500 0.750000
vt 0.687500 0.125000
vt 0.687500 0.416667
vt 0.687500 0.708333
vt 0.687500 0.083333
vt 0.687500 0.375000
vt 0.697917 1.000000
vt 0.666667 0.541667
vt 0.666667 0.500000
vt 0.666667 0.833333
vt 0.666667 0.791667
vt 0.666667 0.208333
vt 0.666667 0.166667
vt 0.666667 0.458333
vt 0.666667 0.750000
vt 0.666667 0.125000
vt 0.666667 0.416667
vt 0.666667 0.708333
vt 0.666667 0.083333
vt 0.666667 0.375000
vt 0.666667 0.666667
vt 0.666667 0.041667
vt 0.677083 1.000000
vt 0.666667 0.958333
vt 0.666667 0.333333
vt 0.666667 0.625000
vt 0.677083 0.000000
vt 0.666667 0.916667
vt 0.666667 0.291667
vt 0.666667 0.583333
vt 0.666667 0.875000
vt 0.666667 0.250000
vt 0.645833 0.125000
vt 0.645833 0.083333
vt 0.645833 0.416667
vt 0.645833 0.375000
vt 0.645833 0.708333
vt 0.645833 0.666667
vt 0.645833 0.041667
vt 0.656250 1.000000
vt 0.645833 0.958333
vt 0.645833 0.333333
vt 0.645833 0.625000
vt 0.656250 0.000000
vt 0.645833 0.916667
vt 0.645833 0.291667
vt 0.645833 0.583333
vt 0.645833 0.875000
vt 0.645833 0.250000
vt 0.645833 0.541667
vt 0.645833 0.833333
vt 0.645833 0.208333
vt 0.645833 0.500000
vt 0.645833 0.791667
vt 0.645833 0.166667
vt 0.645833 0.458333
vt 0.645833 0.750000
vt 0.625000 0.625000
vt 0.625000 0.583333
vt 0.625000 0.916667
vt 0.625000 0.875000
vt 0.625000 0.291667
vt 0.625000 0.250000
vt 0.625000 0.541667
vt 0.625000 0.833333
vt 0.625000 0.208333
vt 0.625000 0.500000
vt 0.625000 0.791667
vt 0.625000 0.166667
vt 0.625000 0.458333
vt 0.625000 0.750000
vt 0.625000 0.125000
vt 0.625000 0.416667
vt 0.625000 0.708333
vt 0.625000 0.083333
vt 0.625000 0.375000
vt 0.625000 0.666667
vt 0.625000 0.041667
vt 0.635417 1.000000
vt 0.625000 0.958333
vt 0.625000 0.333333
vt 0.635417 0.000000
vt 0.604167 0.500000
vt 0.604167 0.458333
vt 0.604167 0.791667
vt 0.604167 0.750000
vt 0.604167 0.166667
vt 0.604167 0.125000
vt 0.604167 0.416667
vt 0.604167 0.708333
vt 0.604167 0.083333
vt 0.604167 0.375000
vt 0.604167 0.666667
vt 0.604167 0.041667
vt 0.614583 1.000000
vt 0.604167 0.958333
vt 0.604167 0.333333
vt 0.604167 0.625000
vt 0.614583 0.000000
vt 0.604167 0.916667
vt 0.604167 0.291667
vt 0.604167 0.583333
vt 0.604167 0.875000
vt 0.604167 0.250000
vt 0.604167 0.541667
vt 0.604167 0.833333
vt 0.604167 0.208333
vt 0.583333 0.083333
vt 0.583333 0.041667
vt 0.593750 1.000000
vt 0.583333 0.958333
vt 0.583333 0.375000
vt 0.583333 0.333333
vt 0.583333 0.666667
vt 0.583333 0.625000
vt 0.593750 0.000000
vt 0.583333 0.916667
vt 0.583333 0.291667
vt 0.583333 0.583333
vt 0.583333 0.875000
vt 0.583333 0.250000
vt 0.583333 0.541667
vt 0.583333 0.833333
vt 0.583333 0.208333
vt 0.583333 0.500000
vt 0.583333 0.791667
vt 0.583333 0.166667
vt 0.583333 0.458333
vt 0.583333 0.750000
vt 0.583333 0.125000
vt 0.583333 0.416667
vt 0.583333 0.708333
vt 0.562500 0.583333
vt 0.562500 0.541667
vt 0.562500 0.875000
vt 0.562500 0.833333
vt 0.562500 0.250000
vt 0.562500 0.208333
vt 0.562500 0.500000
vt 0.562500 0.791667
vt 0.562500 0.166667
vt 0.562500 0.458333
vt 0.562500 0.750000
vt 0.562500 0.125000
vt 0.562500 0.416667
vt 0.562500 0.708333
vt 0.562500 0.083333
vt 0.562500 0.375000
vt 0.562500 0.666667
vt 0.562500 0.041667
vt 0.572917 1.000000
vt 0.562500 0.958333
vt 0.562500 0.333333
vt 0.562500 0.625000
vt 0.572917 0.000000
vt 0.562500 0.916667
vt 0.562500 0.291667
vt 0.541667 0.458333
vt 0.541667 0.416667
vt 0.541667 0.750000
vt 0.541667 0.708333
vt 0.541667 0.125000
vt 0.541667 0.083333
vt 0.541667 0.375000
vt 0.541667 0.666667
vt 0.541667 0.041667
vt 0.552083 1.000000
vt 0.541667 0.958333
vt 0.541667 0.333333
vt 0.541667 0.625000
vt 0.552083 0.000000
vt 0.541667 0.916667
vt 0.541667 0.291667
vt 0.541667 0.583333
vt 0.541667 0.875000
vt 0.541667 0.250000
vt 0.541667 0.541667
vt 0.541667 0.833333
vt 0.541667 0.208333
vt 0.541667 0.500000
vt 0.541667 0.791667
vt 0.541667 0.166667
vt 0.531250 0.000000
vt 0.520833 0.041667
vt 0.520833 0.958333
vt 0.520833 0.916667
vt 0.520833 0.333333
vt 0.520833 0.291667
vt 0.520833 0.625000
vt 0.520833 0.583333
vt 0.520833 0.875000
vt 0.520833 0.250000
vt 0.520833 0.541667
vt 0.520833 0.833333
vt 0.520833 0.208333
vt 0.520833 0.500000
vt 0.520833 0.791667
vt 0.520833 0.166667
vt 0.520833 0.458333
vt 0.520833 0.750000
vt 0.520833 0.125000
vt 0.520833 0.416667
vt 0.520833 0.708333
vt 0.520833 0.083333
vt 0.520833 0.375000
vt 0.520833 0.666667
vt 0.531250 1.000000
vt 0.500000 0.541667
vt 0.500000 0.500000
vt 0.500000 0.833333
vt 0.500000 0.791667
vt 0.500000 0.208333
vt 0.500000 0.166667
vt 0.500000 0.458333
vt 0.500000 0.750000
vt 0.500000 0.125000
vt 0.500000 0.416667
vt 0.500000 0.708333
vt 0.500000 0.083333
vt 0.500000 0.375000
vt 0.500000 0.666667
vt 0.500000 0.041667
vt 0.510417 1.000000
vt 0.500000 0.958333
vt 0.500000 0.333333
vt 0.500000 0.625000
vt 0.510417 0.000000
vt 0.500000 0.916667
vt 0.500000 0.291667
vt 0.500000 0.583333
vt 0.500000 0.875000
vt 0.500000 0.250000
vt 0.479167 0.416667
vt 0.479167 0.375000
vt 0.479167 0.708333
vt 0.479167 0.666667
vt 0.479167 0.083333
vt 0.479167 0.041667
vt 0.489583 1.000000
vt 0.479167 0.958333
vt 0.479167 0.333333
vt 0.479167 0.625000
vt 0.489583 0.000000
vt 0.479167 0.916667
vt 0.479167 0.291667
vt 0.479167 0.583333
vt 0.479167 0.875000
vt 0.479167 0.250000
vt 0.479167 0.541667
vt 0.479167 0.833333
vt 0.479167 0.208333
vt 0.479167 0.500000
vt 0.479167 0.791667
vt 0.479167 0.166667
vt 0.479167 0.458333
vt 0.479167 0.750000
vt 0.479167 0.125000
vt 0.458333 0.916667
vt 0.458333 0.875000
vt 0.458333 0.291667
vt 0.458333 0.250000
vt 0.458333 0.583333
vt 0.458333 0.541667
vt 0.458333 0.833333
vt 0.458333 0.208333
vt 0.458333 0.500000
vt 0.458333 0.791667
vt 0.458333 0.166667
vt 0.458333 0.458333
vt 0.458333 0.750000
vt 0.458333 0.125000
vt 0.458333 0.416667
vt 0.458333 0.708333
vt 0.458333 0.083333
vt 0.458333 0.375000
vt 0.458333 0.666667
vt 0.458333 0.041667
vt 0.468750 1.000000
vt 0.458333 0.958333
vt 0.458333 0.333333
vt 0.458333 0.625000
vt 0.468750 0.000000
vt 0.437500 0.500000
vt 0.437500 0.458333
vt 0.437500 0.791667
vt 0.437500 0.750000
vt 0.437500 0.166667
vt 0.437500 0.125000
vt 0.437500 0.416667
vt 0.437500 0.708333
vt 0.437500 0.083333
vt 0.437500 0.375000
vt 0.437500 0.666667
vt 0.437500 0.041667
vt 0.447917 1.000000
vt 0.437500 0.958333
vt 0.437500 0.333333
vt 0.437500 0.625000
vt 0.447917 0.000000
vt 0.437500 0.916667
vt 0.437500 0.291667
vt 0.437500 0.583333
vt 0.437500 0.875000
vt 0.437500 0.250000
vt 0.437500 0.541667
vt 0.437500 0.833333
vt 0.437500 0.208333
vt 0.427083 1.000000
vt 0.416667 0.958333
vt 0.416667 0.375000
vt 0.416667 0.333333
vt 0.416667 0.666667
vt 0.416667 0.625000
vt 0.427083 0.000000
vt 0.416667 0.041667
vt 0.416667 0.916667
vt 0.416667 0.291667
vt 0.416667 0.583333
vt 0.416667 0.875000
vt 0.416667 0.250000
vt 0.416667 0.541667
vt 0.416667 0.833333
vt 0.416667 0.208333
vt 0.416667 0.500000
vt 0.416667 0.791667
vt 0.416667 0.166667
vt 0.416667 0.458333
vt 0.416667 0.750000
vt 0.416667 0.125000
vt 0.416667 0.416667
vt 0.416667 0.708333
vt 0.416667 0.083333
vt 0.395833 0.875000
vt 0.395833 0.833333
vt 0.395833 0.250000
vt 0.395833 0.208333
vt 0.395833 0.541667
vt 0.395833 0.500000
vt 0.395833 0.791667
vt 0.395833 0.166667
vt 0.395833 0.458333
vt 0.395833 0.750000
vt 0.395833 0.125000
vt 0.395833 0.416667
vt 0.395833 0.708333
vt 0.395833 0.083333
vt 0.395833 0.375000
vt 0.395833 0.666667
vt 0.395833 0.041667
vt 0.406250 1.000000
vt 0.395833 0.958333
vt 0.395833 0.333333
vt 0.395833 0.625000
vt 0.406250 0.000000
vt 0.395833 0.916667
vt 0.395833 0.291667
vt 0.395833 0.583333
vt 0.375000 0.458333
vt 0.375000 0.416667
vt 0.375000 0.750000
vt 0.375000 0.708333
vt 0.375000 0.125000
vt 0.375000 0.083333
vt 0.375000 0.375000
vt 0.375000 0.666667
vt 0.375000 0.041667
vt 0.385417 1.000000
vt 0.375000 0.958333
vt 0.375000 0.333333
vt 0.375000 0.625000
vt 0.385417 0.000000
vt 0.375000 0.916667
vt 0.375000 0.291667
vt 0.375000 0.583333
vt 0.375000 0.875000
vt 0.375000 0.250000
vt 0.375000 0.541667
vt 0.375000 0.833333
vt 0.375000 0.208333
vt 0.375000 0.500000
vt 0.375000 0.791667
vt 0.375000 0.166667
vt 0.354167 0.958333
vt 0.354167 0.916667
vt 0.354167 0.333333
vt 0.354167 0.291667
vt 0.354167 0.625000
vt 0.354167 0.583333
vt 0.354167 0.875000
vt 0.354167 0.250000
vt 0.354167 0.541667
vt 0.354167 0.833333
vt 0.354167 0.208333
vt 0.354167 0.500000
vt 0.354167 0.791667
vt 0.354167 0.166667
vt 0.354167 0.458333
vt 0.354167 0.750000
vt 0.354167 0.125000
vt 0.354167 0.416667
vt 0.354167 0.708333
vt 0.354167 0.083333
vt 0.354167 0.375000
vt 0.354167 0.666667
vt 0.354167 0.041667
vt 0.364583 1.000000
vt 0.364583 0.000000
vt 0.333333 0.833333
vt 0.333333 0.791667
vt 0.333333 0.208333
vt 0.333333 0.166667
vt 0.333333 0.500000
vt 0.333333 0.458333
vt 0.333333 0.750000
vt 0.333333 0.125000
vt 0.333333 0.416667
vt 0.333333 0.708333
vt 0.333333 0.083333
vt 0.333333 0.375000
vt 0.333333 0.666667
vt 0.333333 0.041667
vt 0.343750 1.000000
vt 0.333333 0.958333
vt 0.333333 0.333333
vt 0.333333 0.625000
vt 0.343750 0.000000
vt 0.333333 0.916667
vt 0.333333 0.291667
vt 0.333333 0.583333
vt 0.333333 0.875000
vt 0.333333 0.250000
vt 0.333333 0.541667
vt 0.312500 0.416667
vt 0.312500 0.375000
vt 0.312500 0.708333
vt 0.312500 0.666667
vt 0.312500 0.083333
vt 0.312500 0.041667
vt 0.322917 1.000000
vt 0.312500 0.958333
vt 0.312500 0.333333
vt 0.312500 0.625000
vt 0.322917 0.000000
vt 0.312500 0.916667
vt 0.312500 0.291667
vt 0.312500 0.583333
vt 0.312500 0.875000
vt 0.312500 0.250000
vt 0.312500 0.541667
vt 0.312500 0.833333
vt 0.312500 0.208333
vt 0.312500 0.500000
vt 0.312500 0.791667
vt 0.312500 0.166667
vt 0.312500 0.458333
vt 0.312500 0.750000
vt 0.312500 0.125000
vt 0.291667 0.916667
vt 0.291667 0.875000
vt 0.291667 0.291667
vt 0.291667 0.250000
vt 0.291667 0.583333
vt 0.291667 0.541667
vt 0.291667 0.833333
vt 0.291667 0.208333
vt 0.291667 0.500000
vt 0.291667 0.791667
vt 0.291667 0.166667
vt 0.291667 0.458333
vt 0.291667 0.750000
vt 0.291667 0.125000
vt 0.291667 0.416667
vt 0.291667 0.708333
vt 0.291667 0.083333
vt 0.291667 0.375000
vt 0.291667 0.666667
vt 0.291667 0.041667
vt 0.302083 1.000000
vt 0.291667 0.958333
vt 0.291667 0.333333
vt 0.291667 0.625000
vt 0.302083 0.000000
vt 0.270833 0.791667
vt 0.270833 0.750000
vt 0.270833 0.166667
vt 0.270833 0.125000
vt 0.270833 0.458333
vt 0.270833 0.416667
vt 0.270833 0.708333
vt 0.270833 0.083333
vt 0.270833 0.375000
vt 0.270833 0.666667
vt 0.270833 0.041667
vt 0.281250 1.000000
vt 0.270833 0.958333
vt 0.270833 0.333333
vt 0.270833 0.625000
vt 0.281250 0.000000
vt 0.270833 0.916667
vt 0.270833 0.291667
vt 0.270833 0.583333
vt 0.270833 0.875000
vt 0.270833 0.250000
vt 0.270833 0.541667
vt 0.270833 0.833333
vt 0.270833 0.208333
vt 0.270833 0.500000
vt 0.250000 0.375000
vt 0.250000 0.333333
vt 0.250000 0.666667
vt 0.250000 0.625000
vt 0.260417 0.000000
vt 0.250000 0.041667
vt 0.250000 0.958333
vt 0.250000 0.916667
vt 0.250000 0.291667
vt 0.250000 0.583333
vt 0.250000 0.875000
vt 0.250000 0.250000
vt 0.250000 0.541667
vt 0.250000 0.833333
vt 0.250000 0.208333
vt 0.250000 0.500000
vt 0.250000 0.791667
vt 0.250000 0.166667
vt 0.250000 0.458333
vt 0.250000 0.750000
vt 0.250000 0.125000
vt 0.250000 0.416667
vt 0.250000 0.708333
vt 0.250000 0.083333
vt 0.260417 1.000000
vt 0.229167 0.875000
vt 0.229167 0.833333
vt 0.229167 0.250000
vt 0.229167 0.208333
vt 0.229167 0.541667
vt 0.229167 0.500000
vt 0.229167 0.791667
vt 0.229167 0.166667
vt 0.229167 0.458333
vt 0.229167 0.750000
vt 0.229167 0.125000
vt 0.229167 0.416667
vt 0.229167 0.708333
vt 0.229167 0.083333
vt 0.229167 0.375000
vt 0.229167 0.666667
vt 0.229167 0.041667
vt 0.239583 1.000000
vt 0.229167 0.958333
vt 0.229167 0.333333
vt 0.229167 0.625000
vt 0.239583 0.000000
vt 0.229167 0.916667
vt 0.229167 0.291667
vt 0.229167 0.583333
vt 0.208333 0.750000
vt 0.208333 0.708333
vt 0.208333 0.125000
vt 0.208333 0.083333
vt 0.208333 0.416667
vt 0.208333 0.375000
vt 0.208333 0.666667
vt 0.208333 0.041667
vt 0.218750 1.000000
vt 0.208333 0.958333
vt 0.208333 0.333333
vt 0.208333 0.625000
vt 0.218750 0.000000
vt 0.208333 0.916667
vt 0.208333 0.291667
vt 0.208333 0.583333
vt 0.208333 0.875000
vt 0.208333 0.250000
vt 0.208333 0.541667
vt 0.208333 0.833333
vt 0.208333 0.208333
vt 0.208333 0.500000
vt 0.208333 0.791667
vt 0.208333 0.166667
vt 0.208333 0.458333
vt 0.187500 0.333333
vt 0.187500 0.291667
vt 0.187500 0.625000
vt 0.187500 0.583333
vt 0.187500 0.916667
vt 0.187500 0.875000
vt 0.187500 0.250000
vt 0.187500 0.541667
vt 0.187500 0.833333
vt 0.187500 0.208333
vt 0.187500 0.500000
vt 0.187500 0.791667
vt 0.187500 0.166667
vt 0.187500 0.458333
vt 0.187500 0.750000
vt 0.187500 0.125000
vt 0.187500 0.416667
vt 0.187500 0.708333
vt 0.187500 0.083333
vt 0.187500 0.375000
vt 0.187500 0.666667
vt 0.187500 0.041667
vt 0.197917 1.000000
vt 0.187500 0.958333
vt 0.197917 0.000000
vt 0.166667 0.833333
vt 0.166667 0.791667
vt 0.166667 0.208333
vt 0.166667 0.166667
vt 0.166667 0.500000
vt 0.166667 0.458333
vt 0.166667 0.750000
vt 0.166667 0.125000
vt 0.166667 0.416667
vt 0.166667 0.708333
vt 0.166667 0.083333
vt 0.166667 0.375000
vt 0.166667 0.666667
vt 0.166667 0.041667
vt 0.177083 1.000000
vt 0.166667 0.958333
vt 0.166667 0.333333
vt 0.166667 0.625000
vt 0.177083 0.000000
vt 0.166667 0.916667
vt 0.166667 0.291667
vt 0.166667 0.583333
vt 0.166667 0.875000
vt 0.166667 0.250000
vt 0.166667 0.541667
vt 0.145833 0.708333
vt 0.145833 0.666667
vt 0.145833 0.083333
vt 0.145833 0.041667
vt 0.156250 1.000000
vt 0.145833 0.958333
vt 0.145833 0.375000
vt 0.145833 0.333333
vt 0.145833 0.625000
vt 0.156250 0.000000
vt 0.145833 0.916667
vt 0.145833 0.291667
vt 0.145833 0.583333
vt 0.145833 0.875000
vt 0.145833 0.250000
vt 0.145833 0.541667
vt 0.145833 0.833333
vt 0.145833 0.208333
vt 0.145833 0.500000
vt 0.145833 0.791667
vt 0.145833 0.166667
vt 0.145833 0.458333
vt 0.145833 0.750000
vt 0.145833 0.125000
vt 0.145833 0.416667
vt 0.125000 0.291667
vt 0.125000 0.250000
vt 0.125000 0.583333
vt 0.125000 0.541667
vt 0.125000 0.875000
vt 0.125000 0.833333
vt 0.125000 0.208333
vt 0.125000 0.500000
vt 0.125000 0.791667
vt 0.125000 0.166667
vt 0.125000 0.458333
vt 0.125000 0.750000
vt 0.125000 0.125000
vt 0.125000 0.416667
vt 0.125000 0.708333
vt 0.125000 0.083333
vt 0.125000 0.375000
vt 0.125000 0.666667
vt 0.125000 0.041667
vt 0.135417 1.000000
vt 0.125000 0.958333
vt 0.125000 0.333333
vt 0.125000 0.625000
vt 0.135417 0.000000
vt 0.125000 0.916667
vt 0.104167 0.791667
vt 0.104167 0.750000
vt 0.104167 0.166667
vt 0.104167 0.125000
vt 0.104167 0.458333
vt 0.104167 0.416667
vt 0.104167 0.708333
vt 0.104167 0.083333
vt 0.104167 0.375000
vt 0.104167 0.666667
vt 0.104167 0.041667
vt 0.114583 1.000000
vt 0.104167 0.958333
vt 0.104167 0.333333
vt 0.104167 0.625000
vt 0.114583 0.000000
vt 0.104167 0.916667
vt 0.104167 0.291667
vt 0.104167 0.583333
vt 0.104167 0.875000
vt 0.104167 0.250000
vt 0.104167 0.541667
vt 0.104167 0.833333
vt 0.104167 0.208333
vt 0.104167 0.500000
vt 0.083333 0.666667
vt 0.083333 0.625000
vt 0.093750 0.000000
vt 0.083333 0.041667
vt 0.083333 0.958333
vt 0.083333 0.916667
vt 0.083333 0.333333
vt 0.083333 0.291667
vt 0.083333 0.583333
vt 0.083333 0.875000
vt 0.083333 0.250000
vt 0.083333 0.541667
vt 0.083333 0.833333
vt 0.083333 0.208333
vt 0.083333 0.500000
vt 0.083333 0.791667
vt 0.083333 0.166667
vt 0.083333 0.458333
vt 0.083333 0.750000
vt 0.083333 0.125000
vt 0.083333 0.416667
vt 0.083333 0.708333
vt 0.083333 0.083333
vt 0.083333 0.375000
vt 0.093750 1.000000
vt 0.062500 0.250000
vt 0.062500 0.208333
vt 0.062500 0.541667
vt 0.062500 0.500000
vt 0.062500 0.833333
vt 0.062500 0.791667
vt 0.062500 0.166667
vt 0.062500 0.458333
vt 0.062500 0.750000
vt 0.062500 0.125000
vt 0.062500 0.416667
vt 0.062500 0.708333
vt 0.062500 0.083333
vt 0.062500 0.375000
vt 0.062500 0.666667
vt 0.062500 0.041667
vt 0.072917 1.000000
vt 0.062500 0.958333
vt 0.062500 0.333333
vt 0.062500 0.625000
vt 0.072917 0.000000
vt 0.062500 0.916667
vt 0.062500 0.291667
vt 0.062500 0.583333
vt 0.062500 0.875000
vt 0.041667 0.750000
vt 0.041667 0.708333
vt 0.041667 0.125000
vt 0.041667 0.083333
vt 0.041667 0.416667
vt 0.041667 0.375000
vt 0.041667 0.666667
vt 0.041667 0.041667
vt 0.052083 1.000000
vt 0.041667 0.958333
vt 0.041667 0.333333
vt 0.041667 0.625000
vt 0.052083 0.000000
vt 0.041667 0.916667
vt 0.041667 0.291667
vt 0.041667 0.583333
vt 0.041667 0.875000
vt 0.041667 0.250000
vt 0.041667 0.541667
vt 0.041667 0.833333
vt 0.041667 0.208333
vt 0.041667 0.500000
vt 0.041667 0.791667
vt 0.041667 0.166667
vt 0.041667 0.458333
vt 0.020833 0.458333
vt 0.020833 0.416667
vt 0.020833 0.750000
vt 0.020833 0.708333
vt 0.020833 0.125000
vt 0.020833 0.083333
vt 0.020833 0.375000
vt 0.020833 0.666667
vt 0.020833 0.041667
vt 0.031250 1.000000
vt 0.020833 0.958333
vt 0.020833 0.333333
vt 0.020833 0.625000
vt 0.031250 0.000000
vt 0.020833 0.916667
vt 0.020833 0.291667
vt 0.020833 0.583333
vt 0.020833 0.875000
vt 0.020833 0.250000
vt 0.020833 0.541667
vt 0.020833 0.833333
vt 0.020833 0.208333
vt 0.020833 0.500000
vt 0.020833 0.791667
vt 0.020833 0.166667
vt 0.010417 0.000000
vt 0.000000 0.041667
vt 0.000000 0.958333
vt 0.000000 0.916667
vt 0.000000 0.333333
vt 0.000000 0.291667
vt 0.000000 0.625000
vt 0.000000 0.583333
vt 0.000000 0.875000
vt 0.000000 0.250000
vt 0.000000 0.541667
vt 0.000000 0.833333
vt 0.000000 0.208333
vt 0.000000 0.500000
vt 0.000000 0.791667
vt 0.000000 0.166667
vt 0.000000 0.458333
vt 0.000000 0.750000
vt 0.000000 0.125000
vt 0.000000 0.416667
vt 0.000000 0.708333
vt 0.000000 0.083333
vt 0.000000 0.375000
vt 0.000000 0.666667
vt 0.010417 1.000000
vt 1.000000 0.500000
vt 1.000000 0.541667
vt 0.979167 0.541667
vt 0.979167 0.500000
vt 1.000000 0.791667
vt 1.000000 0.833333
vt 0.979167 0.833333
vt 0.979167 0.791667
vt 1.000000 0.166667
vt 1.000000 0.208333
vt 0.979167 0.208333
vt 0.979167 0.166667
vt 1.000000 0.458333
vt 0.979167 0.458333
vt 1.000000 0.750000
vt 0.979167 0.750000
vt 1.000000 0.125000
vt 0.979167 0.125000
vt 1.000000 0.416667
vt 0.979167 0.416667
vt 1.000000 0.708333
vt 0.979167 0.708333
vt 1.000000 0.083333
vt 0.979167 0.083333
vt 1.000000 0.375000
vt 0.979167 0.375000
vt 1.000000 0.666667
vt 0.979167 0.666667
vt 1.000000 0.041667
vt 0.979167 0.041667
vt 1.000000 0.958333
vt 0.989583 1.000000
vt 0.979167 0.958333
vt 1.000000 0.333333
vt 0.979167 0.333333
vt 1.000000 0.625000
vt 0.979167 0.625000
vt 0.989583 0.000000
vt 1.000000 0.916667
vt 0.979167 0.916667
vt 1.000000 0.291667
vt 0.979167 0.291667
vt 1.000000 0.583333
vt 0.979167 0.583333
vt 1.000000 0.875000
vt 0.979167 0.875000
vt 1.000000 0.250000
vt 0.979167 0.250000
vt 0.958333 0.416667
vt 0.958333 0.375000
vt 0.958333 0.708333
vt 0.958333 0.666667
vt 0.958333 0.083333
vt 0.958333 0.041667
vt 0.968750 1.000000
vt 0.958333 0.958333
vt 0.958333 0.333333
vt 0.958333 0.625000
vt 0.968750 0.000000
vt 0.958333 0.916667
vt 0.958333 0.291667
vt 0.958333 0.583333
vt 0.958333 0.875000
vt 0.958333 0.250000
vt 0.958333 0.541667
vt 0.958333 0.833333
vt 0.958333 0.208333
vt 0.958333 0.500000
vt 0.958333 0.791667
vt 0.958333 0.166667
vt 0.958333 0.458333
vt 0.958333 0.750000
vt 0.958333 0.125000
vt 0.937500 0.916667
vt 0.937500 0.875000
vt 0.937500 0.291667
vt 0.937500 0.250000
vt 0.937500 0.583333
vt 0.937500 0.541667
vt 0.937500 0.833333
vt 0.937500 0.208333
vt 0.937500 0.500000
vt 0.937500 0.791667
vt 0.937500 0.166667
vt 0.937500 0.458333
vt 0.937500 0.750000
vt 0.937500 0.125000
vt 0.937500 0.416667
vt 0.937500 0.708333
vt 0.937500 0.083333
vt 0.937500 0.375000
vt 0.937500 0.666667
vt 0.937500 0.041667
vt 0.947917 1.000000
vt 0.937500 0.958333
vt 0.937500 0.333333
vt 0.937500 0.625000
vt 0.947917 0.000000
vt 0.916667 0.500000
vt 0.916667 0.458333
vt 0.916667 0.791667
vt 0.916667 0.750000
vt 0.916667 0.166667
vt 0.916667 0.125000
vt 0.916667 0.416667
vt 0.916667 0.708333
vt 0.916667 0.083333
vt 0.916667 0.375000
vt 0.916667 0.666667
vt 0.916667 0.041667
vt 0.927083 1.000000
vt 0.916667 0.958333
vt 0.916667 0.333333
vt 0.916667 0.625000
vt 0.927083 0.000000
vt 0.916667 0.916667
vt 0.916667 0.291667
vt 0.916667 0.583333
vt 0.916667 0.875000
vt 0.916667 0.250000
vt 0.916667 0.541667
vt 0.916667 0.833333
vt 0.916667 0.208333
vt 0.906250 1.000000
vt 0.895833 0.958333
vt 0.895833 0.375000
vt 0.895833 0.333333
vt 0.895833 0.666667
vt 0.895833 0.625000
vt 0.906250 0.000000
vt 0.895833 0.041667
vt 0.895833 0.916667
vt 0.895833 0.291667
vt 0.895833 0.583333
vt 0.895833 0.875000
vt 0.895833 0.250000
vt 0.895833 0.541667
vt 0.895833 0.833333
vt 0.895833 0.208333
vt 0.895833 0.500000
vt 0.895833 0.791667
vt 0.895833 0.166667
vt 0.895833 0.458333
vt 0.895833 0.750000
vt 0.895833 0.125000
vt 0.895833 0.416667
vt 0.895833 0.708333
vt 0.895833 0.083333
vt 0.875000 0.875000
vt 0.875000 0.833333
vt 0.875000 0.250000
vt 0.875000 0.208333
vt 0.875000 0.541667
vt 0.875000 0.500000
vt 0.875000 0.791667
vt 0.875000 0.166667
vt 0.875000 0.458333
vt 0.875000 0.750000
vt 0.875000 0.125000
vt 0.875000 0.416667
vt 0.875000 0.708333
vt 0.875000 0.083333
vt 0.875000 0.375000
vt 0.875000 0.666667
vt 0.875000 0.041667
vt 0.885417 1.000000
vt 0.875000 0.958333
vt 0.875000 0.333334
vt 0.875000 0.625000
vt 0.885417 0.000000
vt 0.875000 0.916667
vt 0.875000 0.291667
vt 0.875000 0.583333
vt 0.854167 0.458333
vt 0.854167 0.416667
vt 0.854167 0.750000
vt 0.854167 0.708333
vt 0.854167 0.125000
vt 0.854167 0.083333
vt 0.854167 0.375000
vt 0.854167 0.666667
vt 0.854167 0.041667
vt 0.864583 1.000000
vt 0.854167 0.958333
vt 0.854167 0.333333
vt 0.854167 0.625000
vt 0.864583 0.000000
vt 0.854167 0.916667
vt 0.854167 0.291667
vt 0.854167 0.583333
vt 0.854167 0.875000
vt 0.854167 0.250000
vt 0.854167 0.541667
vt 0.854167 0.833333
vt 0.854167 0.208333
vt 0.854167 0.500000
vt 0.854167 0.791667
vt 0.854167 0.166667
vt 0.833333 0.958333
vt 0.833333 0.916667
vt 0.833333 0.333334
vt 0.833333 0.291667
vt 0.833333 0.625000
vt 0.833333 0.583333
vt 0.833333 0.875000
vt 0.833333 0.250000
vt 0.833333 0.541667
vt 0.833333 0.833333
vt 0.833333 0.208333
vt 0.833333 0.500000
vt 0.833333 0.791667
vt 0.833333 0.166667
vt 0.833333 0.458333
vt 0.833333 0.750000
vt 0.833333 0.125000
vt 0.833333 0.416667
vt 0.833333 0.708333
vt 0.833333 0.083333
vt 0.833333 0.375000
vt 0.833333 0.666667
vt 0.833333 0.041667
vt 0.843750 1.000000
vt 0.843750 0.000000
vt 0.812500 0.833333
vt 0.812500 0.791667
vt 0.812500 0.208333
vt 0.812500 0.166667
vt 0.812500 0.500000
vt 0.812500 0.458333
vt 0.812500 0.750000
vt 0.812500 0.125000
vt 0.812500 0.416667
vt 0.812500 0.708333
vt 0.812500 0.083333
vt 0.812500 0.375000
vt 0.812500 0.666667
vt 0.812500 0.041667
vt 0.822917 1.000000
vt 0.812500 0.958333
vt 0.812500 0.333334
vt 0.812500 0.625000
vt 0.822917 0.000000
vt 0.812500 0.916667
vt 0.812500 0.291667
vt 0.812500 0.583333
vt 0.812500 0.875000
vt 0.812500 0.250000
vt 0.812500 0.541667
vt 0.791667 0.416667
vt 0.791667 0.375000
vt 0.791667 0.708333
vt 0.791667 0.666667
vt 0.791667 0.083333
vt 0.791667 0.041667
vt 0.802083 1.000000
vt 0.791667 0.958333
vt 0.791667 0.333334
vt 0.791667 0.625000
vt 0.802083 0.000000
vt 0.791667 0.916667
vt 0.791667 0.291667
vt 0.791667 0.583333
vt 0.791667 0.875000
vt 0.791667 0.250000
vt 0.791667 0.541667
vt 0.791667 0.833333
vt 0.791667 0.208333
vt 0.791667 0.500000
vt 0.791667 0.791667
vt 0.791667 0.166667
vt 0.791667 0.458333
vt 0.791667 0.750000
vt 0.791667 0.125000
vt 0.770833 0.916667
vt 0.770833 0.875000
vt 0.770833 0.291667
vt 0.770833 0.250000
vt 0.770833 0.583333
vt 0.770833 0.541667
vt 0.770833 0.833333
vt 0.770833 0.208333
vt 0.770833 0.500000
vt 0.770833 0.791667
vt 0.770833 0.166667
vt 0.770833 0.458333
vt 0.770833 0.750000
vt 0.770833 0.125000
vt 0.770833 0.416667
vt 0.770833 0.708333
vt 0.770833 0.083333
vt 0.770833 0.375000
vt 0.770833 0.666667
vt 0.770833 0.041667
vt 0.781250 1.000000
vt 0.770833 0.958333
vt 0.770833 0.333334
vt 0.770833 0.625000
vt 0.781250 0.000000
vt 0.760417 1.000000
vt 0.760417 0.000000
s 1
usemtl Warm_white_markings
f 2779/1543/2530 1682/1544/1433 1699/1545/1450 1700/1546/1451
f 1692/1547/1443 2784/1548/2535 1714/1549/1465 1715/1550/1466
f 1679/1551/1430 2384/1552/2135 1693/1553/1444
f 1688/1554/1439 2781/1555/2532 1707/1556/1458 1708/1557/1459
f 1683/1558/1434 2779/1543/2530 1700/1546/1451 1701/1559/1452
f 2337/1560/2088 1692/1547/1443 1715/1550/1466
f 1680/1561/1431 1679/1551/1430 1693/1553/1444 1694/1562/1445
f 2782/1563/2533 1688/1554/1439 1708/1557/1459 1709/1564/1460
f 1684/1565/1435 1683/1558/1434 1701/1559/1452 1702/1566/1453
f 2776/1567/2527 1680/1561/1431 1694/1562/1445 1695/1568/1446
f 1689/1569/1440 2782/1563/2533 1709/1564/1460 1710/1570/1461
f 1685/1571/1436 1684/1565/1435 1702/1566/1453 1703/1572/1454
f 2777/1573/2528 2776/1567/2527 1695/1568/1446 1696/1574/1447
f 1690/1575/1441 1689/1569/1440 1710/1570/1461 1711/1576/1462
f 2780/1577/2531 1685/1571/1436 1703/1572/1454 1704/1578/1455
f 1681/1579/1432 2777/1573/2528 1696/1574/1447 1697/1580/1448
f 1691/1581/1442 1690/1575/1441 1711/1576/1462 1712/1582/1463
f 1686/1583/1437 2780/1577/2531 1704/1578/1455 1705/1584/1456
f 2778/1585/2529 1681/1579/1432 1697/1580/1448 1698/1586/1449
f 2783/1587/2534 1691/1581/1442 1712/1582/1463 1713/1588/1464
f 1687/1589/1438 1686/1583/1437 1705/1584/1456 1706/1590/1457
f 1682/1544/1433 2778/1585/2529 1698/1586/1449 1699/1545/1450
f 2784/1548/2535 2783/1587/2534 1713/1588/1464 1714/1549/1465
f 2781/1555/2532 1687/1589/1438 1706/1590/1457 1707/1556/1458
f 1713/1588/1464 1712/1582/1463 1735/1591/1486 1736/1592/1487
f 1706/1590/1457 1705/1584/1456 1728/1593/1479 1729/1594/1480
f 1699/1545/1450 1698/1586/1449 1721/1595/1472 1722/1596/1473
f 1714/1549/1465 1713/1588/1464 1736/1592/1487 1737/1597/1488
f 1707/1556/1458 1706/1590/1457 1729/1594/1480 1730/1598/1481
f 1700/1546/1451 1699/1545/1450 1722/1596/1473 1723/1599/1474
f 1715/1550/1466 1714/1549/1465 1737/1597/1488 1738/1600/1489
f 1693/1553/1444 2384/1601/2135 1716/1602/1467
f 1708/1557/1459 1707/1556/1458 1730/1598/1481 1731/1603/1482
f 1701/1559/1452 1700/1546/1451 1723/1599/1474 1724/1604/1475
f 2337/1605/2088 1715/1550/1466 1738/1600/1489
f 1694/1562/1445 1693/1553/1444 1716/1602/1467 1717/1606/1468
f 1709/1564/1460 1708/1557/1459 1731/1603/1482 1732/1607/1483
f 1702/1566/1453 1701/1559/1452 1724/1604/1475 1725/1608/1476
f 1695/1568/1446 1694/1562/1445 1717/1606/1468 1718/1609/1469
f 1710/1570/1461 1709/1564/1460 1732/1607/1483 1733/1610/1484
f 1703/1572/1454 1702/1566/1453 1725/1608/1476 1726/1611/1477
f 1696/1574/1447 1695/1568/1446 1718/1609/1469 1719/1612/1470
f 1711/1576/1462 1710/1570/1461 1733/1610/1484 1734/1613/1485
f 1704/1578/1455 1703/1572/1454 1726/1611/1477 1727/1614/1478
f 1697/1580/1448 1696/1574/1447 1719/1612/1470 1720/1615/1471
f 1712/1582/1463 1711/1576/1462 1734/1613/1485 1735/1591/1486
f 1705/1584/1456 1704/1578/1455 1727/1614/1478 1728/1593/1479
f 1698/1586/1449 1697/1580/1448 1720/1615/1471 1721/1595/1472
f 1724/1604/1475 1723/1599/1474 1746/1616/1497 1747/1617/1498
f 2337/1618/2088 1738/1600/1489 1761/1619/1512
f 1717/1606/1468 1716/1602/1467 1739/1620/1490 1740/1621/1491
f 1732/1607/1483 1731/1603/1482 1754/1622/1505 1755/1623/1506
f 1725/1608/1476 1724/1604/1475 1747/1617/1498 1748/1624/1499
f 1718/1609/1469 1717/1606/1468 1740/1621/1491 1741/1625/1492
f 1733/1610/1484 1732/1607/1483 1755/1623/1506 1756/1626/1507
f 1726/1611/1477 1725/1608/1476 1748/1624/1499 1749/1627/1500
f 1719/1612/1470 1718/1609/1469 1741/1625/1492 1742/1628/1493
f 1734/1613/1485 1733/1610/1484 1756/1626/1507 1757/1629/1508
f 1727/1614/1478 1726/1611/1477 1749/1627/1500 1750/1630/1501
f 1720/1615/1471 1719/1612/1470 1742/1628/1493 1743/1631/1494
f 1735/1591/1486 1734/1613/1485 1757/1629/1508 1758/1632/1509
f 1728/1593/1479 1727/1614/1478 1750/1630/1501 1751/1633/1502
f 1721/1595/1472 1720/1615/1471 1743/1631/1494 1744/1634/1495
f 1736/1592/1487 1735/1591/1486 1758/1632/1509 1759/1635/1510
f 1729/1594/1480 1728/1593/1479 1751/1633/1502 1752/1636/1503
f 1722/1596/1473 1721/1595/1472 1744/1634/1495 1745/1637/1496
f 1737/1597/1488 1736/1592/1487 1759/1635/1510 1760/1638/1511
f 1730/1598/1481 1729/1594/1480 1752/1636/1503 1753/1639/1504
f 1723/1599/1474 1722/1596/1473 1745/1637/1496 1746/1616/1497
f 1738/1600/1489 1737/1597/1488 1760/1638/1511 1761/1619/1512
f 1716/1602/1467 2384/1640/2135 1739/1620/1490
f 1731/1603/1482 1730/1598/1481 1753/1639/1504 1754/1622/1505
f 1750/1630/1501 1749/1627/1500 1772/1641/1523 1773/1642/1524
f 1743/1631/1494 1742/1628/1493 1765/1643/1516 1766/1644/1517
f 1758/1632/1509 1757/1629/1508 1780/1645/1531 1781/1646/1532
f 1751/1633/1502 1750/1630/1501 1773/1642/1524 1774/1647/1525
f 1744/1634/1495 1743/1631/1494 1766/1644/1517 1767/1648/1518
f 1759/1635/1510 1758/1632/1509 1781/1646/1532 1782/1649/1533
f 1752/1636/1503 1751/1633/1502 1774/1647/1525 1775/1650/1526
f 1745/1637/1496 1744/1634/1495 1767/1648/1518 1768/1651/1519
f 1760/1638/1511 1759/1635/1510 1782/1649/1533 1783/1652/1534
f 1753/1639/1504 1752/1636/1503 1775/1650/1526 1776/1653/1527
f 1746/1616/1497 1745/1637/1496 1768/1651/1519 1769/1654/1520
f 1761/1619/1512 1760/1638/1511 1783/1652/1534 1784/1655/1535
f 1739/1620/1490 2384/1656/2135 1762/1657/1513
f 1754/1622/1505 1753/1639/1504 1776/1653/1527 1777/1658/1528
f 1747/1617/1498 1746/1616/1497 1769/1654/1520 1770/1659/1521
f 2337/1660/2088 1761/1619/1512 1784/1655/1535
f 1740/1621/1491 1739/1620/1490 1762/1657/1513 1763/1661/1514
f 1755/1623/1506 1754/1622/1505 1777/1658/1528 1778/1662/1529
f 1748/1624/1499 1747/1617/1498 1770/1659/1521 1771/1663/1522
f 1741/1625/1492 1740/1621/1491 1763/1661/1514 1764/1664/1515
f 1756/1626/1507 1755/1623/1506 1778/1662/1529 1779/1665/1530
f 1749/1627/1500 1748/1624/1499 1771/1663/1522 1772/1641/1523
f 1742/1628/1493 1741/1625/1492 1764/1664/1515 1765/1643/1516
f 1757/1629/1508 1756/1626/1507 1779/1665/1530 1780/1645/1531
f 1783/1652/1534 1782/1649/1533 1805/1666/1556 1806/1667/1557
f 1776/1653/1527 1775/1650/1526 1798/1668/1549 1799/1669/1550
f 1769/1654/1520 1768/1651/1519 1791/1670/1542 1792/1671/1543
f 1784/1655/1535 1783/1652/1534 1806/1667/1557 1807/1672/1558
f 1762/1657/1513 2384/1673/2135 1785/1674/1536
f 1777/1658/1528 1776/1653/1527 1799/1669/1550 1800/1675/1551
f 1770/1659/1521 1769/1654/1520 1792/1671/1543 1793/1676/1544
f 2337/1677/2088 1784/1655/1535 1807/1672/1558
f 1763/1661/1514 1762/1657/1513 1785/1674/1536 1786/1678/1537
f 1778/1662/1529 1777/1658/1528 1800/1675/1551 1801/1679/1552
f 1771/1663/1522 1770/1659/1521 1793/1676/1544 1794/1680/1545
f 1764/1664/1515 1763/1661/1514 1786/1678/1537 1787/1681/1538
f 1779/1665/1530 1778/1662/1529 1801/1679/1552 1802/1682/1553
f 1772/1641/1523 1771/1663/1522 1794/1680/1545 1795/1683/1546
f 1765/1643/1516 1764/1664/1515 1787/1681/1538 1788/1684/1539
f 1780/1645/1531 1779/1665/1530 1802/1682/1553 1803/1685/1554
f 1773/1642/1524 1772/1641/1523 1795/1683/1546 1796/1686/1547
f 1766/1644/1517 1765/1643/1516 1788/1684/1539 1789/1687/1540
f 1781/1646/1532 1780/1645/1531 1803/1685/1554 1804/1688/1555
f 1774/1647/1525 1773/1642/1524 1796/1686/1547 1797/1689/1548
f 1767/1648/1518 1766/1644/1517 1789/1687/1540 1790/1690/1541
f 1782/1649/1533 1781/1646/1532 1804/1688/1555 1805/1666/1556
f 1775/1650/1526 1774/1647/1525 1797/1689/1548 1798/1668/1549
f 1768/1651/1519 1767/1648/1518 1790/1690/1541 1791/1670/1542
f 1794/1680/1545 1793/1676/1544 1816/1691/1567 1817/1692/1568
f 1787/1681/1538 1786/1678/1537 1809/1693/1560 1810/1694/1561
f 1802/1682/1553 1801/1679/1552 1824/1695/1575 1825/1696/1576
f 1795/1683/1546 1794/1680/1545 1817/1692/1568 1818/1697/1569
f 1788/1684/1539 1787/1681/1538 1810/1694/1561 1811/1698/1562
f 1803/1685/1554 1802/1682/1553 1825/1696/1576 1826/1699/1577
f 1796/1686/1547 1795/1683/1546 1818/1697/1569 1819/1700/1570
f 1789/1687/1540 1788/1684/1539 1811/1698/1562 1812/1701/1563
f 1804/1688/1555 1803/1685/1554 1826/1699/1577 1827/1702/1578
f 1797/1689/1548 1796/1686/1547 1819/1700/1570 1820/1703/1571
f 1790/1690/1541 1789/1687/1540 1812/1701/1563 1813/1704/1564
f 1805/1666/1556 1804/1688/1555 1827/1702/1578 1828/1705/1579
f 1798/1668/1549 1797/1689/1548 1820/1703/1571 1821/1706/1572
f 1791/1670/1542 1790/1690/1541 1813/1704/1564 1814/1707/1565
f 1806/1667/1557 1805/1666/1556 1828/1705/1579 1829/1708/1580
f 1799/1669/1550 1798/1668/1549 1821/1706/1572 1822/1709/1573
f 1792/1671/1543 1791/1670/1542 1814/1707/1565 1815/1710/1566
f 1807/1672/1558 1806/1667/1557 1829/1708/1580 1830/1711/1581
f 1785/1674/1536 2384/1712/2135 1808/1713/1559
f 1800/1675/1551 1799/1669/1550 1822/1709/1573 1823/1714/1574
f 1793/1676/1544 1792/1671/1543 1815/1710/1566 1816/1691/1567
f 2337/1715/2088 1807/1672/1558 1830/1711/1581
f 1786/1678/1537 1785/1674/1536 1808/1713/1559 1809/1693/1560
f 1801/1679/1552 1800/1675/1551 1823/1714/1574 1824/1695/1575
f 1820/1703/1571 1819/1700/1570 1842/1716/1593 1843/1717/1594
f 1813/1704/1564 1812/1701/1563 1835/1718/1586 1836/1719/1587
f 1828/1705/1579 1827/1702/1578 1850/1720/1601 1851/1721/1602
f 1821/1706/1572 1820/1703/1571 1843/1717/1594 1844/1722/1595
f 1814/1707/1565 1813/1704/1564 1836/1719/1587 1837/1723/1588
f 1829/1708/1580 1828/1705/1579 1851/1721/1602 1852/1724/1603
f 1822/1709/1573 1821/1706/1572 1844/1722/1595 1845/1725/1596
f 1815/1710/1566 1814/1707/1565 1837/1723/1588 1838/1726/1589
f 1830/1711/1581 1829/1708/1580 1852/1724/1603 1853/1727/1604
f 1808/1713/1559 2384/1728/2135 1831/1729/1582
f 1823/1714/1574 1822/1709/1573 1845/1725/1596 1846/1730/1597
f 1816/1691/1567 1815/1710/1566 1838/1726/1589 1839/1731/1590
f 2337/1732/2088 1830/1711/1581 1853/1727/1604
f 1809/1693/1560 1808/1713/1559 1831/1729/1582 1832/1733/1583
f 1824/1695/1575 1823/1714/1574 1846/1730/1597 1847/1734/1598
f 1817/1692/1568 1816/1691/1567 1839/1731/1590 1840/1735/1591
f 1810/1694/1561 1809/1693/1560 1832/1733/1583 1833/1736/1584
f 1825/1696/1576 1824/1695/1575 1847/1734/1598 1848/1737/1599
f 1818/1697/1569 1817/1692/1568 1840/1735/1591 1841/1738/1592
f 1811/1698/1562 1810/1694/1561 1833/1736/1584 1834/1739/1585
f 1826/1699/1577 1825/1696/1576 1848/1737/1599 1849/1740/1600
f 1819/1700/1570 1818/1697/1569 1841/1738/1592 1842/1716/1593
f 1812/1701/1563 1811/1698/1562 1834/1739/1585 1835/1718/1586
f 1827/1702/1578 1826/1699/1577 1849/1740/1600 1850/1720/1601
f 1853/1727/1604 1852/1724/1603 1875/1741/1626 1876/1742/1627
f 1831/1729/1582 2384/1743/2135 1854/1744/1605
f 1846/1730/1597 1845/1725/1596 1868/1745/1619 1869/1746/1620
f 1839/1731/1590 1838/1726/1589 1861/1747/1612 1862/1748/1613
f 2337/1749/2088 1853/1727/1604 1876/1742/1627
f 1832/1733/1583 1831/1729/1582 1854/1744/1605 1855/1750/1606
f 1847/1734/1598 1846/1730/1597 1869/1746/1620 1870/1751/1621
f 1840/1735/1591 1839/1731/1590 1862/1748/1613 1863/1752/1614
f 1833/1736/1584 1832/1733/1583 1855/1750/1606 1856/1753/1607
f 1848/1737/1599 1847/1734/1598 1870/1751/1621 1871/1754/1622
f 1841/1738/1592 1840/1735/1591 1863/1752/1614 1864/1755/1615
f 1834/1739/1585 1833/1736/1584 1856/1753/1607 1857/1756/1608
f 1849/1740/1600 1848/1737/1599 1871/1754/1622 1872/1757/1623
f 1842/1716/1593 1841/1738/1592 1864/1755/1615 1865/1758/1616
f 1835/1718/1586 1834/1739/1585 1857/1756/1608 1858/1759/1609
f 1850/1720/1601 1849/1740/1600 1872/1757/1623 1873/1760/1624
f 1843/1717/1594 1842/1716/1593 1865/1758/1616 1866/1761/1617
f 1836/1719/1587 1835/1718/1586 1858/1759/1609 1859/1762/1610
f 1851/1721/1602 1850/1720/1601 1873/1760/1624 1874/1763/1625
f 1844/1722/1595 1843/1717/1594 1866/1761/1617 1867/1764/1618
f 1837/1723/1588 1836/1719/1587 1859/1762/1610 1860/1765/1611
f 1852/1724/1603 1851/1721/1602 1874/1763/1625 1875/1741/1626
f 1845/1725/1596 1844/1722/1595 1867/1764/1618 1868/1745/1619
f 1838/1726/1589 1837/1723/1588 1860/1765/1611 1861/1747/1612
f 1864/1755/1615 1863/1752/1614 1886/1766/1637 1887/1767/1638
f 1857/1756/1608 1856/1753/1607 1879/1768/1630 1880/1769/1631
f 1872/1757/1623 1871/1754/1622 1894/1770/1645 1895/1771/1646
f 1865/1758/1616 1864/1755/1615 1887/1767/1638 1888/1772/1639
f 1858/1759/1609 1857/1756/1608 1880/1769/1631 1881/1773/1632
f 1873/1760/1624 1872/1757/1623 1895/1771/1646 1896/1774/1647
f 1866/1761/1617 1865/1758/1616 1888/1772/1639 1889/1775/1640
f 1859/1762/1610 1858/1759/1609 1881/1773/1632 1882/1776/1633
f 1874/1763/1625 1873/1760/1624 1896/1774/1647 1897/1777/1648
f 1867/1764/1618 1866/1761/1617 1889/1775/1640 1890/1778/1641
f 1860/1765/1611 1859/1762/1610 1882/1776/1633 1883/1779/1634
f 1875/1741/1626 1874/1763/1625 1897/1777/1648 1898/1780/1649
f 1868/1745/1619 1867/1764/1618 1890/1778/1641 1891/1781/1642
f 1861/1747/1612 1860/1765/1611 1883/1779/1634 1884/1782/1635
f 1876/1742/1627 1875/1741/1626 1898/1780/1649 1899/1783/1650
f 1854/1744/1605 2384/1784/2135 1877/1785/1628
f 1869/1746/1620 1868/1745/1619 1891/1781/1642 1892/1786/1643
f 1862/1748/1613 1861/1747/1612 1884/1782/1635 1885/1787/1636
f 2337/1788/2088 1876/1742/1627 1899/1783/1650
f 1855/1750/1606 1854/1744/1605 1877/1785/1628 1878/1789/1629
f 1870/1751/1621 1869/1746/1620 1892/1786/1643 1893/1790/1644
f 1863/1752/1614 1862/1748/1613 1885/1787/1636 1886/1766/1637
f 1856/1753/1607 1855/1750/1606 1878/1789/1629 1879/1768/1630
f 1871/1754/1622 1870/1751/1621 1893/1790/1644 1894/1770/1645
f 1890/1778/1641 1889/1775/1640 1912/1791/1663 1913/1792/1664
f 1883/1779/1634 1882/1776/1633 1905/1793/1656 1906/1794/1657
f 1898/1780/1649 1897/1777/1648 1920/1795/1671 1921/1796/1672
f 1891/1781/1642 1890/1778/1641 1913/1792/1664 1914/1797/1665
f 1884/1782/1635 1883/1779/1634 1906/1794/1657 1907/1798/1658
f 1899/1783/1650 1898/1780/1649 1921/1796/1672 1922/1799/1673
f 1877/1785/1628 2384/1800/2135 1900/1801/1651
f 1892/1786/1643 1891/1781/1642 1914/1797/1665 1915/1802/1666
f 1885/1787/1636 1884/1782/1635 1907/1798/1658 1908/1803/1659
f 2337/1804/2088 1899/1783/1650 1922/1799/1673
f 1878/1789/1629 1877/1785/1628 1900/1801/1651 1901/1805/1652
f 1893/1790/1644 1892/1786/1643 1915/1802/1666 1916/1806/1667
f 1886/1766/1637 1885/1787/1636 1908/1803/1659 1909/1807/1660
f 1879/1768/1630 1878/1789/1629 1901/1805/1652 1902/1808/1653
f 1894/1770/1645 1893/1790/1644 1916/1806/1667 1917/1809/1668
f 1887/1767/1638 1886/1766/1637 1909/1807/1660 1910/1810/1661
f 1880/1769/1631 1879/1768/1630 1902/1808/1653 1903/1811/1654
f 1895/1771/1646 1894/1770/1645 1917/1809/1668 1918/1812/1669
f 1888/1772/1639 1887/1767/1638 1910/1810/1661 1911/1813/1662
f 1881/1773/1632 1880/1769/1631 1903/1811/1654 1904/1814/1655
f 1896/1774/1647 1895/1771/1646 1918/1812/1669 1919/1815/1670
f 1889/1775/1640 1888/1772/1639 1911/1813/1662 1912/1791/1663
f 1882/1776/1633 1881/1773/1632 1904/1814/1655 1905/1793/1656
f 1897/1777/1648 1896/1774/1647 1919/1815/1670 1920/1795/1671
f 2337/1816/2088 1922/1799/1673 1945/1817/1696
f 1901/1805/1652 1900/1801/1651 1923/1818/1674 1924/1819/1675
f 1916/1806/1667 1915/1802/1666 1938/1820/1689 1939/1821/1690
f 1909/1807/1660 1908/1803/1659 1931/1822/1682 1932/1823/1683
f 1902/1808/1653 1901/1805/1652 1924/1819/1675 1925/1824/1676
f 1917/1809/1668 1916/1806/1667 1939/1821/1690 1940/1825/1691
f 1910/1810/1661 1909/1807/1660 1932/1823/1683 1933/1826/1684
f 1903/1811/1654 1902/1808/1653 1925/1824/1676 1926/1827/1677
f 1918/1812/1669 1917/1809/1668 1940/1825/1691 1941/1828/1692
f 1911/1813/1662 1910/1810/1661 1933/1826/1684 1934/1829/1685
f 1904/1814/1655 1903/1811/1654 1926/1827/1677 1927/1830/1678
f 1919/1815/1670 1918/1812/1669 1941/1828/1692 1942/1831/1693
f 1912/1791/1663 1911/1813/1662 1934/1829/1685 1935/1832/1686
f 1905/1793/1656 1904/1814/1655 1927/1830/1678 1928/1833/1679
f 1920/1795/1671 1919/1815/1670 1942/1831/1693 1943/1834/1694
f 1913/1792/1664 1912/1791/1663 1935/1832/1686 1936/1835/1687
f 1906/1794/1657 1905/1793/1656 1928/1833/1679 1929/1836/1680
f 1921/1796/1672 1920/1795/1671 1943/1834/1694 1944/1837/1695
f 1914/1797/1665 1913/1792/1664 1936/1835/1687 1937/1838/1688
f 1907/1798/1658 1906/1794/1657 1929/1836/1680 1930/1839/1681
f 1922/1799/1673 1921/1796/1672 1944/1837/1695 1945/1817/1696
f 1900/1801/1651 2384/1840/2135 1923/1818/1674
f 1915/1802/1666 1914/1797/1665 1937/1838/1688 1938/1820/1689
f 1908/1803/1659 1907/1798/1658 1930/1839/1681 1931/1822/1682
f 1934/1829/1685 1933/1826/1684 1956/1841/1707 1957/1842/1708
f 1927/1830/1678 1926/1827/1677 1949/1843/1700 1950/1844/1701
f 1942/1831/1693 1941/1828/1692 1964/1845/1715 1965/1846/1716
f 1935/1832/1686 1934/1829/1685 1957/1842/1708 1958/1847/1709
f 1928/1833/1679 1927/1830/1678 1950/1844/1701 1951/1848/1702
f 1943/1834/1694 1942/1831/1693 1965/1846/1716 1966/1849/1717
f 1936/1835/1687 1935/1832/1686 1958/1847/1709 1959/1850/1710
f 1929/1836/1680 1928/1833/1679 1951/1848/1702 1952/1851/1703
f 1944/1837/1695 1943/1834/1694 1966/1849/1717 1967/1852/1718
f 1937/1838/1688 1936/1835/1687 1959/1850/1710 1960/1853/1711
f 1930/1839/1681 1929/1836/1680 1952/1851/1703 1953/1854/1704
f 1945/1817/1696 1944/1837/1695 1967/1852/1718 1968/1855/1719
f 1923/1818/1674 2384/1856/2135 1946/1857/1697
f 1938/1820/1689 1937/1838/1688 1960/1853/1711 1961/1858/1712
f 1931/1822/1682 1930/1839/1681 1953/1854/1704 1954/1859/1705
f 2337/1860/2088 1945/1817/1696 1968/1855/1719
f 1924/1819/1675 1923/1818/1674 1946/1857/1697 1947/1861/1698
f 1939/1821/1690 1938/1820/1689 1961/1858/1712 1962/1862/1713
f 1932/1823/1683 1931/1822/1682 1954/1859/1705 1955/1863/1706
f 1925/1824/1676 1924/1819/1675 1947/1861/1698 1948/1864/1699
f 1940/1825/1691 1939/1821/1690 1962/1862/1713 1963/1865/1714
f 1933/1826/1684 1932/1823/1683 1955/1863/1706 1956/1841/1707
f 1926/1827/1677 1925/1824/1676 1948/1864/1699 1949/1843/1700
f 1941/1828/1692 1940/1825/1691 1963/1865/1714 1964/1845/1715
f 1960/1853/1711 1959/1850/1710 1982/1866/1733 1983/1867/1734
f 1953/1854/1704 1952/1851/1703 1975/1868/1726 1976/1869/1727
f 1968/1855/1719 1967/1852/1718 1990/1870/1741 1991/1871/1742
f 1946/1857/1697 2384/1872/2135 1969/1873/1720
f 1961/1858/1712 1960/1853/1711 1983/1867/1734 1984/1874/1735
f 1954/1859/1705 1953/1854/1704 1976/1869/1727 1977/1875/1728
f 2337/1876/2088 1968/1855/1719 1991/1871/1742
f 1947/1861/1698 1946/1857/1697 1969/1873/1720 1970/1877/1721
f 1962/1862/1713 1961/1858/1712 1984/1874/1735 1985/1878/1736
f 1955/1863/1706 1954/1859/1705 1977/1875/1728 1978/1879/1729
f 1948/1864/1699 1947/1861/1698 1970/1877/1721 1971/1880/1722
f 1963/1865/1714 1962/1862/1713 1985/1878/1736 1986/1881/1737
f 1956/1841/1707 1955/1863/1706 1978/1879/1729 1979/1882/1730
f 1949/1843/1700 1948/1864/1699 1971/1880/1722 1972/1883/1723
f 1964/1845/1715 1963/1865/1714 1986/1881/1737 1987/1884/1738
f 1957/1842/1708 1956/1841/1707 1979/1882/1730 1980/1885/1731
f 1950/1844/1701 1949/1843/1700 1972/1883/1723 1973/1886/1724
f 1965/1846/1716 1964/1845/1715 1987/1884/1738 1988/1887/1739
f 1958/1847/1709 1957/1842/1708 1980/1885/1731 1981/1888/1732
f 1951/1848/1702 1950/1844/1701 1973/1886/1724 1974/1889/1725
f 1966/1849/1717 1965/1846/1716 1988/1887/1739 1989/1890/1740
f 1959/1850/1710 1958/1847/1709 1981/1888/1732 1982/1866/1733
f 1952/1851/1703 1951/1848/1702 1974/1889/1725 1975/1868/1726
f 1967/1852/1718 1966/1849/1717 1989/1890/1740 1990/1870/1741
f 1971/1880/1722 1970/1877/1721 1993/1891/1744 1994/1892/1745
f 1986/1881/1737 1985/1878/1736 2008/1893/1759 2009/1894/1760
f 1979/1882/1730 1978/1879/1729 2001/1895/1752 2002/1896/1753
f 1972/1883/1723 1971/1880/1722 1994/1892/1745 1995/1897/1746
f 1987/1884/1738 1986/1881/1737 2009/1894/1760 2010/1898/1761
f 1980/1885/1731 1979/1882/1730 2002/1896/1753 2003/1899/1754
f 1973/1886/1724 1972/1883/1723 1995/1897/1746 1996/1900/1747
f 1988/1887/1739 1987/1884/1738 2010/1898/1761 2011/1901/1762
f 1981/1888/1732 1980/1885/1731 2003/1899/1754 2004/1902/1755
f 1974/1889/1725 1973/1886/1724 1996/1900/1747 1997/1903/1748
f 1989/1890/1740 1988/1887/1739 2011/1901/1762 2012/1904/1763
f 1982/1866/1733 1981/1888/1732 2004/1902/1755 2005/1905/1756
f 1975/1868/1726 1974/1889/1725 1997/1903/1748 1998/1906/1749
f 1990/1870/1741 1989/1890/1740 2012/1904/1763 2013/1907/1764
f 1983/1867/1734 1982/1866/1733 2005/1905/1756 2006/1908/1757
f 1976/1869/1727 1975/1868/1726 1998/1906/1749 1999/1909/1750
f 1991/1871/1742 1990/1870/1741 2013/1907/1764 2014/1910/1765
f 1969/1873/1720 2384/1911/2135 1992/1912/1743
f 1984/1874/1735 1983/1867/1734 2006/1908/1757 2007/1913/1758
f 1977/1875/1728 1976/1869/1727 1999/1909/1750 2000/1914/1751
f 2337/1915/2088 1991/1871/1742 2014/1910/1765
f 1970/1877/1721 1969/1873/1720 1992/1912/1743 1993/1891/1744
f 1985/1878/1736 1984/1874/1735 2007/1913/1758 2008/1893/1759
f 1978/1879/1729 1977/1875/1728 2000/1914/1751 2001/1895/1752
f 2004/1902/1755 2003/1899/1754 2026/1916/1777 2027/1917/1778
f 1997/1903/1748 1996/1900/1747 2019/1918/1770 2020/1919/1771
f 2012/1904/1763 2011/1901/1762 2034/1920/1785 2035/1921/1786
f 2005/1905/1756 2004/1902/1755 2027/1917/1778 2028/1922/1779
f 1998/1906/1749 1997/1903/1748 2020/1919/1771 2021/1923/1772
f 2013/1907/1764 2012/1904/1763 2035/1921/1786 2036/1924/1787
f 2006/1908/1757 2005/1905/1756 2028/1922/1779 2029/1925/1780
f 1999/1909/1750 1998/1906/1749 2021/1923/1772 2022/1926/1773
f 2014/1910/1765 2013/1907/1764 2036/1924/1787 2037/1927/1788
f 1992/1912/1743 2384/1928/2135 2015/1929/1766
f 2007/1913/1758 2006/1908/1757 2029/1925/1780 2030/1930/1781
f 2000/1914/1751 1999/1909/1750 2022/1926/1773 2023/1931/1774
f 2337/1932/2088 2014/1910/1765 2037/1927/1788
f 1993/1891/1744 1992/1912/1743 2015/1929/1766 2016/1933/1767
f 2008/1893/1759 2007/1913/1758 2030/1930/1781 2031/1934/1782
f 2001/1895/1752 2000/1914/1751 2023/1931/1774 2024/1935/1775
f 1994/1892/1745 1993/1891/1744 2016/1933/1767 2017/1936/1768
f 2009/1894/1760 2008/1893/1759 2031/1934/1782 2032/1937/1783
f 2002/1896/1753 2001/1895/1752 2024/1935/1775 2025/1938/1776
f 1995/1897/1746 1994/1892/1745 2017/1936/1768 2018/1939/1769
f 2010/1898/1761 2009/1894/1760 2032/1937/1783 2033/1940/1784
f 2003/1899/1754 2002/1896/1753 2025/1938/1776 2026/1916/1777
f 1996/1900/1747 1995/1897/1746 2018/1939/1769 2019/1918/1770
f 2011/1901/1762 2010/1898/1761 2033/1940/1784 2034/1920/1785
f 2015/1929/1766 2384/1941/2135 2038/1942/1789
f 2030/1930/1781 2029/1925/1780 2052/1943/1803 2053/1944/1804
f 2023/1931/1774 2022/1926/1773 2045/1945/1796 2046/1946/1797
f 2337/1947/2088 2037/1927/1788 2060/1948/1811
f 2016/1933/1767 2015/1929/1766 2038/1942/1789 2039/1949/1790
f 2031/1934/1782 2030/1930/1781 2053/1944/1804 2054/1950/1805
f 2024/1935/1775 2023/1931/1774 2046/1946/1797 2047/1951/1798
f 2017/1936/1768 2016/1933/1767 2039/1949/1790 2040/1952/1791
f 2032/1937/1783 2031/1934/1782 2054/1950/1805 2055/1953/1806
f 2025/1938/1776 2024/1935/1775 2047/1951/1798 2048/1954/1799
f 2018/1939/1769 2017/1936/1768 2040/1952/1791 2041/1955/1792
f 2033/1940/1784 2032/1937/1783 2055/1953/1806 2056/1956/1807
f 2026/1916/1777 2025/1938/1776 2048/1954/1799 2049/1957/1800
f 2019/1918/1770 2018/1939/1769 2041/1955/1792 2042/1958/1793
f 2034/1920/1785 2033/1940/1784 2056/1956/1807 2057/1959/1808
f 2027/1917/1778 2026/1916/1777 2049/1957/1800 2050/1960/1801
f 2020/1919/1771 2019/1918/1770 2042/1958/1793 2043/1961/1794
f 2035/1921/1786 2034/1920/1785 2057/1959/1808 2058/1962/1809
f 2028/1922/1779 2027/1917/1778 2050/1960/1801 2051/1963/1802
f 2021/1923/1772 2020/1919/1771 2043/1961/1794 2044/1964/1795
f 2036/1924/1787 2035/1921/1786 2058/1962/1809 2059/1965/1810
f 2029/1925/1780 2028/1922/1779 2051/1963/1802 2052/1943/1803
f 2022/1926/1773 2021/1923/1772 2044/1964/1795 2045/1945/1796
f 2037/1927/1788 2036/1924/1787 2059/1965/1810 2060/1948/1811
f 2041/1955/1792 2040/1952/1791 2063/1966/1814 2064/1967/1815
f 2056/1956/1807 2055/1953/1806 2078/1968/1829 2079/1969/1830
f 2049/1957/1800 2048/1954/1799 2071/1970/1822 2072/1971/1823
f 2042/1958/1793 2041/1955/1792 2064/1967/1815 2065/1972/1816
f 2057/1959/1808 2056/1956/1807 2079/1969/1830 2080/1973/1831
f 2050/1960/1801 2049/1957/1800 2072/1971/1823 2073/1974/1824
f 2043/1961/1794 2042/1958/1793 2065/1972/1816 2066/1975/1817
f 2058/1962/1809 2057/1959/1808 2080/1973/1831 2081/1976/1832
f 2051/1963/1802 2050/1960/1801 2073/1974/1824 2074/1977/1825
f 2044/1964/1795 2043/1961/1794 2066/1975/1817 2067/1978/1818
f 2059/1965/1810 2058/1962/1809 2081/1976/1832 2082/1979/1833
f 2052/1943/1803 2051/1963/1802 2074/1977/1825 2075/1980/1826
f 2045/1945/1796 2044/1964/1795 2067/1978/1818 2068/1981/1819
f 2060/1948/1811 2059/1965/1810 2082/1979/1833 2083/1982/1834
f 2038/1942/1789 2384/1983/2135 2061/1984/1812
f 2053/1944/1804 2052/1943/1803 2075/1980/1826 2076/1985/1827
f 2046/1946/1797 2045/1945/1796 2068/1981/1819 2069/1986/1820
f 2337/1987/2088 2060/1948/1811 2083/1982/1834
f 2039/1949/1790 2038/1942/1789 2061/1984/1812 2062/1988/1813
f 2054/1950/1805 2053/1944/1804 2076/1985/1827 2077/1989/1828
f 2047/1951/1798 2046/1946/1797 2069/1986/1820 2070/1990/1821
f 2040/1952/1791 2039/1949/1790 2062/1988/1813 2063/1966/1814
f 2055/1953/1806 2054/1950/1805 2077/1989/1828 2078/1968/1829
f 2048/1954/1799 2047/1951/1798 2070/1990/1821 2071/1970/1822
f 2074/1977/1825 2073/1974/1824 2096/1991/1847 2097/1992/1848
f 2067/1978/1818 2066/1975/1817 2089/1993/1840 2090/1994/1841
f 2082/1979/1833 2081/1976/1832 2104/1995/1855 2105/1996/1856
f 2075/1980/1826 2074/1977/1825 2097/1992/1848 2098/1997/1849
f 2068/1981/1819 2067/1978/1818 2090/1994/1841 2091/1998/1842
f 2083/1982/1834 2082/1979/1833 2105/1996/1856 2106/1999/1857
f 2061/1984/1812 2384/2000/2135 2084/2001/1835
f 2076/1985/1827 2075/1980/1826 2098/1997/1849 2099/2002/1850
f 2069/1986/1820 2068/1981/1819 2091/1998/1842 2092/2003/1843
f 2337/2004/2088 2083/1982/1834 2106/1999/1857
f 2062/1988/1813 2061/1984/1812 2084/2001/1835 2085/2005/1836
f 2077/1989/1828 2076/1985/1827 2099/2002/1850 2100/2006/1851
f 2070/1990/1821 2069/1986/1820 2092/2003/1843 2093/2007/1844
f 2063/1966/1814 2062/1988/1813 2085/2005/1836 2086/2008/1837
f 2078/1968/1829 2077/1989/1828 2100/2006/1851 2101/2009/1852
f 2071/1970/1822 2070/1990/1821 2093/2007/1844 2094/2010/1845
f 2064/1967/1815 2063/1966/1814 2086/2008/1837 2087/2011/1838
f 2079/1969/1830 2078/1968/1829 2101/2009/1852 2102/2012/1853
f 2072/1971/1823 2071/1970/1822 2094/2010/1845 2095/2013/1846
f 2065/1972/1816 2064/1967/1815 2087/2011/1838 2088/2014/1839
f 2080/1973/1831 2079/1969/1830 2102/2012/1853 2103/2015/1854
f 2073/1974/1824 2072/1971/1823 2095/2013/1846 2096/1991/1847
f 2066/1975/1817 2065/1972/1816 2088/2014/1839 2089/1993/1840
f 2081/1976/1832 2080/1973/1831 2103/2015/1854 2104/1995/1855
f 2085/2005/1836 2084/2001/1835 2107/2016/1858 2108/2017/1859
f 2100/2006/1851 2099/2002/1850 2122/2018/1873 2123/2019/1874
f 2093/2007/1844 2092/2003/1843 2115/2020/1866 2116/2021/1867
f 2086/2008/1837 2085/2005/1836 2108/2017/1859 2109/2022/1860
f 2101/2009/1852 2100/2006/1851 2123/2019/1874 2124/2023/1875
f 2094/2010/1845 2093/2007/1844 2116/2021/1867 2117/2024/1868
f 2087/2011/1838 2086/2008/1837 2109/2022/1860 2110/2025/1861
f 2102/2012/1853 2101/2009/1852 2124/2023/1875 2125/2026/1876
f 2095/2013/1846 2094/2010/1845 2117/2024/1868 2118/2027/1869
f 2088/2014/1839 2087/2011/1838 2110/2025/1861 2111/2028/1862
f 2103/2015/1854 2102/2012/1853 2125/2026/1876 2126/2029/1877
f 2096/1991/1847 2095/2013/1846 2118/2027/1869 2119/2030/1870
f 2089/1993/1840 2088/2014/1839 2111/2028/1862 2112/2031/1863
f 2104/1995/1855 2103/2015/1854 2126/2029/1877 2127/2032/1878
f 2097/1992/1848 2096/1991/1847 2119/2030/1870 2120/2033/1871
f 2090/1994/1841 2089/1993/1840 2112/2031/1863 2113/2034/1864
f 2105/1996/1856 2104/1995/1855 2127/2032/1878 2128/2035/1879
f 2098/1997/1849 2097/1992/1848 2120/2033/1871 2121/2036/1872
f 2091/1998/1842 2090/1994/1841 2113/2034/1864 2114/2037/1865
f 2106/1999/1857 2105/1996/1856 2128/2035/1879 2129/2038/1880
f 2084/2001/1835 2384/2039/2135 2107/2016/1858
f 2099/2002/1850 2098/1997/1849 2121/2036/1872 2122/2018/1873
f 2092/2003/1843 2091/1998/1842 2114/2037/1865 2115/2020/1866
f 2337/2040/2088 2106/1999/1857 2129/2038/1880
f 2111/2028/1862 2110/2025/1861 2133/2041/1884 2134/2042/1885
f 2126/2029/1877 2125/2026/1876 2148/2043/1899 2149/2044/1900
f 2119/2030/1870 2118/2027/1869 2141/2045/1892 2142/2046/1893
f 2112/2031/1863 2111/2028/1862 2134/2042/1885 2135/2047/1886
f 2127/2032/1878 2126/2029/1877 2149/2044/1900 2150/2048/1901
f 2120/2033/1871 2119/2030/1870 2142/2046/1893 2143/2049/1894
f 2113/2034/1864 2112/2031/1863 2135/2047/1886 2136/2050/1887
f 2128/2035/1879 2127/2032/1878 2150/2048/1901 2151/2051/1902
f 2121/2036/1872 2120/2033/1871 2143/2049/1894 2144/2052/1895
f 2114/2037/1865 2113/2034/1864 2136/2050/1887 2137/2053/1888
f 2129/2038/1880 2128/2035/1879 2151/2051/1902 2152/2054/1903
f 2107/2016/1858 2384/2055/2135 2130/2056/1881
f 2122/2018/1873 2121/2036/1872 2144/2052/1895 2145/2057/1896
f 2115/2020/1866 2114/2037/1865 2137/2053/1888 2138/2058/1889
f 2337/2059/2088 2129/2038/1880 2152/2054/1903
f 2108/2017/1859 2107/2016/1858 2130/2056/1881 2131/2060/1882
f 2123/2019/1874 2122/2018/1873 2145/2057/1896 2146/2061/1897
f 2116/2021/1867 2115/2020/1866 2138/2058/1889 2139/2062/1890
f 2109/2022/1860 2108/2017/1859 2131/2060/1882 2132/2063/1883
f 2124/2023/1875 2123/2019/1874 2146/2061/1897 2147/2064/1898
f 2117/2024/1868 2116/2021/1867 2139/2062/1890 2140/2065/1891
f 2110/2025/1861 2109/2022/1860 2132/2063/1883 2133/2041/1884
f 2125/2026/1876 2124/2023/1875 2147/2064/1898 2148/2043/1899
f 2118/2027/1869 2117/2024/1868 2140/2065/1891 2141/2045/1892
f 2144/2052/1895 2143/2049/1894 2166/2066/1917 2167/2067/1918
f 2137/2053/1888 2136/2050/1887 2159/2068/1910 2160/2069/1911
f 2152/2054/1903 2151/2051/1902 2174/2070/1925 2175/2071/1926
f 2130/2056/1881 2384/2072/2135 2153/2073/1904
f 2145/2057/1896 2144/2052/1895 2167/2067/1918 2168/2074/1919
f 2138/2058/1889 2137/2053/1888 2160/2069/1911 2161/2075/1912
f 2337/2076/2088 2152/2054/1903 2175/2071/1926
f 2131/2060/1882 2130/2056/1881 2153/2073/1904 2154/2077/1905
f 2146/2061/1897 2145/2057/1896 2168/2074/1919 2169/2078/1920
f 2139/2062/1890 2138/2058/1889 2161/2075/1912 2162/2079/1913
f 2132/2063/1883 2131/2060/1882 2154/2077/1905 2155/2080/1906
f 2147/2064/1898 2146/2061/1897 2169/2078/1920 2170/2081/1921
f 2140/2065/1891 2139/2062/1890 2162/2079/1913 2163/2082/1914
f 2133/2041/1884 2132/2063/1883 2155/2080/1906 2156/2083/1907
f 2148/2043/1899 2147/2064/1898 2170/2081/1921 2171/2084/1922
f 2141/2045/1892 2140/2065/1891 2163/2082/1914 2164/2085/1915
f 2134/2042/1885 2133/2041/1884 2156/2083/1907 2157/2086/1908
f 2149/2044/1900 2148/2043/1899 2171/2084/1922 2172/2087/1923
f 2142/2046/1893 2141/2045/1892 2164/2085/1915 2165/2088/1916
f 2135/2047/1886 2134/2042/1885 2157/2086/1908 2158/2089/1909
f 2150/2048/1901 2149/2044/1900 2172/2087/1923 2173/2090/1924
f 2143/2049/1894 2142/2046/1893 2165/2088/1916 2166/2066/1917
f 2136/2050/1887 2135/2047/1886 2158/2089/1909 2159/2068/1910
f 2151/2051/1902 2150/2048/1901 2173/2090/1924 2174/2070/1925
f 2155/2080/1906 2154/2077/1905 2177/2091/1928 2178/2092/1929
f 2170/2081/1921 2169/2078/1920 2192/2093/1943 2193/2094/1944
f 2163/2082/1914 2162/2079/1913 2185/2095/1936 2186/2096/1937
f 2156/2083/1907 2155/2080/1906 2178/2092/1929 2179/2097/1930
f 2171/2084/1922 2170/2081/1921 2193/2094/1944 2194/2098/1945
f 2164/2085/1915 2163/2082/1914 2186/2096/1937 2187/2099/1938
f 2157/2086/1908 2156/2083/1907 2179/2097/1930 2180/2100/1931
f 2172/2087/1923 2171/2084/1922 2194/2098/1945 2195/2101/1946
f 2165/2088/1916 2164/2085/1915 2187/2099/1938 2188/2102/1939
f 2158/2089/1909 2157/2086/1908 2180/2100/1931 2181/2103/1932
f 2173/2090/1924 2172/2087/1923 2195/2101/1946 2196/2104/1947
f 2166/2066/1917 2165/2088/1916 2188/2102/1939 2189/2105/1940
f 2159/2068/1910 2158/2089/1909 2181/2103/1932 2182/2106/1933
f 2174/2070/1925 2173/2090/1924 2196/2104/1947 2197/2107/1948
f 2167/2067/1918 2166/2066/1917 2189/2105/1940 2190/2108/1941
f 2160/2069/1911 2159/2068/1910 2182/2106/1933 2183/2109/1934
f 2175/2071/1926 2174/2070/1925 2197/2107/1948 2198/2110/1949
f 2153/2073/1904 2384/2111/2135 2176/2112/1927
f 2168/2074/1919 2167/2067/1918 2190/2108/1941 2191/2113/1942
f 2161/2075/1912 2160/2069/1911 2183/2109/1934 2184/2114/1935
f 2337/2115/2088 2175/2071/1926 2198/2110/1949
f 2154/2077/1905 2153/2073/1904 2176/2112/1927 2177/2091/1928
f 2169/2078/1920 2168/2074/1919 2191/2113/1942 2192/2093/1943
f 2162/2079/1913 2161/2075/1912 2184/2114/1935 2185/2095/1936
f 2181/2103/1932 2180/2100/1931 2203/2116/1954 2204/2117/1955
f 2196/2104/1947 2195/2101/1946 2218/2118/1969 2219/2119/1970
f 2189/2105/1940 2188/2102/1939 2211/2120/1962 2212/2121/1963
f 2182/2106/1933 2181/2103/1932 2204/2117/1955 2205/2122/1956
f 2197/2107/1948 2196/2104/1947 2219/2119/1970 2220/2123/1971
f 2190/2108/1941 2189/2105/1940 2212/2121/1963 2213/2124/1964
f 2183/2109/1934 2182/2106/1933 2205/2122/1956 2206/2125/1957
f 2198/2110/1949 2197/2107/1948 2220/2123/1971 2221/2126/1972
f 2176/2112/1927 2384/2127/2135 2199/2128/1950
f 2191/2113/1942 2190/2108/1941 2213/2124/1964 2214/2129/1965
f 2184/2114/1935 2183/2109/1934 2206/2125/1957 2207/2130/1958
f 2337/2131/2088 2198/2110/1949 2221/2126/1972
f 2177/2091/1928 2176/2112/1927 2199/2128/1950 2200/2132/1951
f 2192/2093/1943 2191/2113/1942 2214/2129/1965 2215/2133/1966
f 2185/2095/1936 2184/2114/1935 2207/2130/1958 2208/2134/1959
f 2178/2092/1929 2177/2091/1928 2200/2132/1951 2201/2135/1952
f 2193/2094/1944 2192/2093/1943 2215/2133/1966 2216/2136/1967
f 2186/2096/1937 2185/2095/1936 2208/2134/1959 2209/2137/1960
f 2179/2097/1930 2178/2092/1929 2201/2135/1952 2202/2138/1953
f 2194/2098/1945 2193/2094/1944 2216/2136/1967 2217/2139/1968
f 2187/2099/1938 2186/2096/1937 2209/2137/1960 2210/2140/1961
f 2180/2100/1931 2179/2097/1930 2202/2138/1953 2203/2116/1954
f 2195/2101/1946 2194/2098/1945 2217/2139/1968 2218/2118/1969
f 2188/2102/1939 2187/2099/1938 2210/2140/1961 2211/2120/1962
f 2214/2129/1965 2213/2124/1964 2236/2141/1987 2237/2142/1988
f 2207/2130/1958 2206/2125/1957 2229/2143/1980 2230/2144/1981
f 2337/2145/2088 2221/2126/1972 2244/2146/1995
f 2200/2132/1951 2199/2128/1950 2222/2147/1973 2223/2148/1974
f 2215/2133/1966 2214/2129/1965 2237/2142/1988 2238/2149/1989
f 2208/2134/1959 2207/2130/1958 2230/2144/1981 2231/2150/1982
f 2201/2135/1952 2200/2132/1951 2223/2148/1974 2224/2151/1975
f 2216/2136/1967 2215/2133/1966 2238/2149/1989 2239/2152/1990
f 2209/2137/1960 2208/2134/1959 2231/2150/1982 2232/2153/1983
f 2202/2138/1953 2201/2135/1952 2224/2151/1975 2225/2154/1976
f 2217/2139/1968 2216/2136/1967 2239/2152/1990 2240/2155/1991
f 2210/2140/1961 2209/2137/1960 2232/2153/1983 2233/2156/1984
f 2203/2116/1954 2202/2138/1953 2225/2154/1976 2226/2157/1977
f 2218/2118/1969 2217/2139/1968 2240/2155/1991 2241/2158/1992
f 2211/2120/1962 2210/2140/1961 2233/2156/1984 2234/2159/1985
f 2204/2117/1955 2203/2116/1954 2226/2157/1977 2227/2160/1978
f 2219/2119/1970 2218/2118/1969 2241/2158/1992 2242/2161/1993
f 2212/2121/1963 2211/2120/1962 2234/2159/1985 2235/2162/1986
f 2205/2122/1956 2204/2117/1955 2227/2160/1978 2228/2163/1979
f 2220/2123/1971 2219/2119/1970 2242/2161/1993 2243/2164/1994
f 2213/2124/1964 2212/2121/1963 2235/2162/1986 2236/2141/1987
f 2206/2125/1957 2205/2122/1956 2228/2163/1979 2229/2143/1980
f 2221/2126/1972 2220/2123/1971 2243/2164/1994 2244/2146/1995
f 2199/2128/1950 2384/2165/2135 2222/2147/1973
f 2225/2154/1976 2224/2151/1975 2247/2166/1998 2248/2167/1999
f 2240/2155/1991 2239/2152/1990 2262/2168/2013 2263/2169/2014
f 2233/2156/1984 2232/2153/1983 2255/2170/2006 2256/2171/2007
f 2226/2157/1977 2225/2154/1976 2248/2167/1999 2249/2172/2000
f 2241/2158/1992 2240/2155/1991 2263/2169/2014 2264/2173/2015
f 2234/2159/1985 2233/2156/1984 2256/2171/2007 2257/2174/2008
f 2227/2160/1978 2226/2157/1977 2249/2172/2000 2250/2175/2001
f 2242/2161/1993 2241/2158/1992 2264/2173/2015 2265/2176/2016
f 2235/2162/1986 2234/2159/1985 2257/2174/2008 2258/2177/2009
f 2228/2163/1979 2227/2160/1978 2250/2175/2001 2251/2178/2002
f 2243/2164/1994 2242/2161/1993 2265/2176/2016 2266/2179/2017
f 2236/2141/1987 2235/2162/1986 2258/2177/2009 2259/2180/2010
f 2229/2143/1980 2228/2163/1979 2251/2178/2002 2252/2181/2003
f 2244/2146/1995 2243/2164/1994 2266/2179/2017 2267/2182/2018
f 2222/2147/1973 2384/2183/2135 2245/2184/1996
f 2237/2142/1988 2236/2141/1987 2259/2180/2010 2260/2185/2011
f 2230/2144/1981 2229/2143/1980 2252/2181/2003 2253/2186/2004
f 2337/2187/2088 2244/2146/1995 2267/2182/2018
f 2223/2148/1974 2222/2147/1973 2245/2184/1996 2246/2188/1997
f 2238/2149/1989 2237/2142/1988 2260/2185/2011 2261/2189/2012
f 2231/2150/1982 2230/2144/1981 2253/2186/2004 2254/2190/2005
f 2224/2151/1975 2223/2148/1974 2246/2188/1997 2247/2166/1998
f 2239/2152/1990 2238/2149/1989 2261/2189/2012 2262/2168/2013
f 2232/2153/1983 2231/2150/1982 2254/2190/2005 2255/2170/2006
f 2251/2178/2002 2250/2175/2001 2273/2191/2024 2274/2192/2025
f 2266/2179/2017 2265/2176/2016 2288/2193/2039 2289/2194/2040
f 2259/2180/2010 2258/2177/2009 2281/2195/2032 2282/2196/2033
f 2252/2181/2003 2251/2178/2002 2274/2192/2025 2275/2197/2026
f 2267/2182/2018 2266/2179/2017 2289/2194/2040 2290/2198/2041
f 2245/2184/1996 2384/2199/2135 2268/2200/2019
f 2260/2185/2011 2259/2180/2010 2282/2196/2033 2283/2201/2034
f 2253/2186/2004 2252/2181/2003 2275/2197/2026 2276/2202/2027
f 2337/2203/2088 2267/2182/2018 2290/2198/2041
f 2246/2188/1997 2245/2184/1996 2268/2200/2019 2269/2204/2020
f 2261/2189/2012 2260/2185/2011 2283/2201/2034 2284/2205/2035
f 2254/2190/2005 2253/2186/2004 2276/2202/2027 2277/2206/2028
f 2247/2166/1998 2246/2188/1997 2269/2204/2020 2270/2207/2021
f 2262/2168/2013 2261/2189/2012 2284/2205/2035 2285/2208/2036
f 2255/2170/2006 2254/2190/2005 2277/2206/2028 2278/2209/2029
f 2248/2167/1999 2247/2166/1998 2270/2207/2021 2271/2210/2022
f 2263/2169/2014 2262/2168/2013 2285/2208/2036 2286/2211/2037
f 2256/2171/2007 2255/2170/2006 2278/2209/2029 2279/2212/2030
f 2249/2172/2000 2248/2167/1999 2271/2210/2022 2272/2213/2023
f 2264/2173/2015 2263/2169/2014 2286/2211/2037 2287/2214/2038
f 2257/2174/2008 2256/2171/2007 2279/2212/2030 2280/2215/2031
f 2250/2175/2001 2249/2172/2000 2272/2213/2023 2273/2191/2024
f 2265/2176/2016 2264/2173/2015 2287/2214/2038 2288/2193/2039
f 2258/2177/2009 2257/2174/2008 2280/2215/2031 2281/2195/2032
f 2284/2205/2035 2283/2201/2034 2306/2216/2057 2307/2217/2058
f 2277/2206/2028 2276/2202/2027 2299/2218/2050 2300/2219/2051
f 2270/2207/2021 2269/2204/2020 2292/2220/2043 2293/2221/2044
f 2285/2208/2036 2284/2205/2035 2307/2217/2058 2308/2222/2059
f 2278/2209/2029 2277/2206/2028 2300/2219/2051 2301/2223/2052
f 2271/2210/2022 2270/2207/2021 2293/2221/2044 2294/2224/2045
f 2286/2211/2037 2285/2208/2036 2308/2222/2059 2309/2225/2060
f 2279/2212/2030 2278/2209/2029 2301/2223/2052 2302/2226/2053
f 2272/2213/2023 2271/2210/2022 2294/2224/2045 2295/2227/2046
f 2287/2214/2038 2286/2211/2037 2309/2225/2060 2310/2228/2061
f 2280/2215/2031 2279/2212/2030 2302/2226/2053 2303/2229/2054
f 2273/2191/2024 2272/2213/2023 2295/2227/2046 2296/2230/2047
f 2288/2193/2039 2287/2214/2038 2310/2228/2061 2311/2231/2062
f 2281/2195/2032 2280/2215/2031 2303/2229/2054 2304/2232/2055
f 2274/2192/2025 2273/2191/2024 2296/2230/2047 2297/2233/2048
f 2289/2194/2040 2288/2193/2039 2311/2231/2062 2312/2234/2063
f 2282/2196/2033 2281/2195/2032 2304/2232/2055 2305/2235/2056
f 2275/2197/2026 2274/2192/2025 2297/2233/2048 2298/2236/2049
f 2290/2198/2041 2289/2194/2040 2312/2234/2063 2313/2237/2064
f 2268/2200/2019 2384/2238/2135 2291/2239/2042
f 2283/2201/2034 2282/2196/2033 2305/2235/2056 2306/2216/2057
f 2276/2202/2027 2275/2197/2026 2298/2236/2049 2299/2218/2050
f 2337/2240/2088 2290/2198/2041 2313/2237/2064
f 2269/2204/2020 2268/2200/2019 2291/2239/2042 2292/2220/2043
f 2295/2227/2046 2294/2224/2045 2317/2241/2068 2318/2242/2069
f 2310/2228/2061 2309/2225/2060 2332/2243/2083 2333/2244/2084
f 2303/2229/2054 2302/2226/2053 2325/2245/2076 2326/2246/2077
f 2296/2230/2047 2295/2227/2046 2318/2242/2069 2319/2247/2070
f 2311/2231/2062 2310/2228/2061 2333/2244/2084 2334/2248/2085
f 2304/2232/2055 2303/2229/2054 2326/2246/2077 2327/2249/2078
f 2297/2233/2048 2296/2230/2047 2319/2247/2070 2320/2250/2071
f 2312/2234/2063 2311/2231/2062 2334/2248/2085 2335/2251/2086
f 2305/2235/2056 2304/2232/2055 2327/2249/2078 2328/2252/2079
f 2298/2236/2049 2297/2233/2048 2320/2250/2071 2321/2253/2072
f 2313/2237/2064 2312/2234/2063 2335/2251/2086 2336/2254/2087
f 2291/2239/2042 2384/2255/2135 2314/2256/2065
f 2306/2216/2057 2305/2235/2056 2328/2252/2079 2329/2257/2080
f 2299/2218/2050 2298/2236/2049 2321/2253/2072 2322/2258/2073
f 2337/2259/2088 2313/2237/2064 2336/2254/2087
f 2292/2220/2043 2291/2239/2042 2314/2256/2065 2315/2260/2066
f 2307/2217/2058 2306/2216/2057 2329/2257/2080 2330/2261/2081
f 2300/2219/2051 2299/2218/2050 2322/2258/2073 2323/2262/2074
f 2293/2221/2044 2292/2220/2043 2315/2260/2066 2316/2263/2067
f 2308/2222/2059 2307/2217/2058 2330/2261/2081 2331/2264/2082
f 2301/2223/2052 2300/2219/2051 2323/2262/2074 2324/2265/2075
f 2294/2224/2045 2293/2221/2044 2316/2263/2067 2317/2241/2068
f 2309/2225/2060 2308/2222/2059 2331/2264/2082 2332/2243/2083
f 2302/2226/2053 2301/2223/2052 2324/2265/2075 2325/2245/2076
f 2321/2253/2072 2320/2250/2071 2344/2266/2095 2345/2267/2096
f 2336/2254/2087 2335/2251/2086 2359/2268/2110 2360/2269/2111
f 2314/2256/2065 2384/2270/2135 2338/2271/2089
f 2329/2257/2080 2328/2252/2079 2352/2272/2103 2353/2273/2104
f 2322/2258/2073 2321/2253/2072 2345/2267/2096 2346/2274/2097
f 2337/2275/2088 2336/2254/2087 2360/2269/2111
f 2315/2260/2066 2314/2256/2065 2338/2271/2089 2339/2276/2090
f 2330/2261/2081 2329/2257/2080 2353/2273/2104 2354/2277/2105
f 2323/2262/2074 2322/2258/2073 2346/2274/2097 2347/2278/2098
f 2316/2263/2067 2315/2260/2066 2339/2276/2090 2340/2279/2091
f 2331/2264/2082 2330/2261/2081 2354/2277/2105 2355/2280/2106
f 2324/2265/2075 2323/2262/2074 2347/2278/2098 2348/2281/2099
f 2317/2241/2068 2316/2263/2067 2340/2279/2091 2341/2282/2092
f 2332/2243/2083 2331/2264/2082 2355/2280/2106 2356/2283/2107
f 2325/2245/2076 2324/2265/2075 2348/2281/2099 2349/2284/2100
f 2318/2242/2069 2317/2241/2068 2341/2282/2092 2342/2285/2093
f 2333/2244/2084 2332/2243/2083 2356/2283/2107 2357/2286/2108
f 2326/2246/2077 2325/2245/2076 2349/2284/2100 2350/2287/2101
f 2319/2247/2070 2318/2242/2069 2342/2285/2093 2343/2288/2094
f 2334/2248/2085 2333/2244/2084 2357/2286/2108 2358/2289/2109
f 2327/2249/2078 2326/2246/2077 2350/2287/2101 2351/2290/2102
f 2320/2250/2071 2319/2247/2070 2343/2288/2094 2344/2266/2095
f 2335/2251/2086 2334/2248/2085 2358/2289/2109 2359/2268/2110
f 2328/2252/2079 2327/2249/2078 2351/2290/2102 2352/2272/2103
f 2355/2280/2106 2354/2277/2105 2377/2291/2128 2378/2292/2129
f 2348/2281/2099 2347/2278/2098 2370/2293/2121 2371/2294/2122
f 2341/2282/2092 2340/2279/2091 2363/2295/2114 2364/2296/2115
f 2356/2283/2107 2355/2280/2106 2378/2292/2129 2379/2297/2130
f 2349/2284/2100 2348/2281/2099 2371/2294/2122 2372/2298/2123
f 2342/2285/2093 2341/2282/2092 2364/2296/2115 2365/2299/2116
f 2357/2286/2108 2356/2283/2107 2379/2297/2130 2380/2300/2131
f 2350/2287/2101 2349/2284/2100 2372/2298/2123 2373/2301/2124
f 2343/2288/2094 2342/2285/2093 2365/2299/2116 2366/2302/2117
f 2358/2289/2109 2357/2286/2108 2380/2300/2131 2381/2303/2132
f 2351/2290/2102 2350/2287/2101 2373/2301/2124 2374/2304/2125
f 2344/2266/2095 2343/2288/2094 2366/2302/2117 2367/2305/2118
f 2359/2268/2110 2358/2289/2109 2381/2303/2132 2382/2306/2133
f 2352/2272/2103 2351/2290/2102 2374/2304/2125 2375/2307/2126
f 2345/2267/2096 2344/2266/2095 2367/2305/2118 2368/2308/2119
f 2360/2269/2111 2359/2268/2110 2382/2306/2133 2383/2309/2134
f 2338/2271/2089 2384/2310/2135 2361/2311/2112
f 2353/2273/2104 2352/2272/2103 2375/2307/2126 2376/2312/2127
f 2346/2274/2097 2345/2267/2096 2368/2308/2119 2369/2313/2120
f 2337/2314/2088 2360/2269/2111 2383/2309/2134
f 2339/2276/2090 2338/2271/2089 2361/2311/2112 2362/2315/2113
f 2354/2277/2105 2353/2273/2104 2376/2312/2127 2377/2291/2128
f 2347/2278/2098 2346/2274/2097 2369/2313/2120 2370/2293/2121
f 2340/2279/2091 2339/2276/2090 2362/2315/2113 2363/2295/2114
f 2366/2302/2117 2365/2299/2116 2389/2316/2140 2390/2317/2141
f 2381/2303/2132 2380/2300/2131 2404/2318/2155 2405/2319/2156
f 2374/2304/2125 2373/2301/2124 2397/2320/2148 2398/2321/2149
f 2367/2305/2118 2366/2302/2117 2390/2317/2141 2391/2322/2142
f 2382/2306/2133 2381/2303/2132 2405/2319/2156 2406/2323/2157
f 2375/2307/2126 2374/2304/2125 2398/2321/2149 2399/2324/2150
f 2368/2308/2119 2367/2305/2118 2391/2322/2142 2392/2325/2143
f 2383/2309/2134 2382/2306/2133 2406/2323/2157 2407/2326/2158
f 2361/2311/2112 2384/2327/2135 2385/2328/2136
f 2376/2312/2127 2375/2307/2126 2399/2324/2150 2400/2329/2151
f 2369/2313/2120 2368/2308/2119 2392/2325/2143 2393/2330/2144
f 2337/2331/2088 2383/2309/2134 2407/2326/2158
f 2362/2315/2113 2361/2311/2112 2385/2328/2136 2386/2332/2137
f 2377/2291/2128 2376/2312/2127 2400/2329/2151 2401/2333/2152
f 2370/2293/2121 2369/2313/2120 2393/2330/2144 2394/2334/2145
f 2363/2295/2114 2362/2315/2113 2386/2332/2137 2387/2335/2138
f 2378/2292/2129 2377/2291/2128 2401/2333/2152 2402/2336/2153
f 2371/2294/2122 2370/2293/2121 2394/2334/2145 2395/2337/2146
f 2364/2296/2115 2363/2295/2114 2387/2335/2138 2388/2338/2139
f 2379/2297/2130 2378/2292/2129 2402/2336/2153 2403/2339/2154
f 2372/2298/2123 2371/2294/2122 2395/2337/2146 2396/2340/2147
f 2365/2299/2116 2364/2296/2115 2388/2338/2139 2389/2316/2140
f 2380/2300/2131 2379/2297/2130 2403/2339/2154 2404/2318/2155
f 2373/2301/2124 2372/2298/2123 2396/2340/2147 2397/2320/2148
f 2393/2330/2144 2392/2325/2143 2415/2341/2166 2416/2342/2167
f 2337/2343/2088 2407/2326/2158 2430/2344/2181
f 2386/2332/2137 2385/2328/2136 2408/2345/2159 2409/2346/2160
f 2401/2333/2152 2400/2329/2151 2423/2347/2174 2424/2348/2175
f 2394/2334/2145 2393/2330/2144 2416/2342/2167 2417/2349/2168
f 2387/2335/2138 2386/2332/2137 2409/2346/2160 2410/2350/2161
f 2402/2336/2153 2401/2333/2152 2424/2348/2175 2425/2351/2176
f 2395/2337/2146 2394/2334/2145 2417/2349/2168 2418/2352/2169
f 2388/2338/2139 2387/2335/2138 2410/2350/2161 2411/2353/2162
f 2403/2339/2154 2402/2336/2153 2425/2351/2176 2426/2354/2177
f 2396/2340/2147 2395/2337/2146 2418/2352/2169 2419/2355/2170
f 2389/2316/2140 2388/2338/2139 2411/2353/2162 2412/2356/2163
f 2404/2318/2155 2403/2339/2154 2426/2354/2177 2427/2357/2178
f 2397/2320/2148 2396/2340/2147 2419/2355/2170 2420/2358/2171
f 2390/2317/2141 2389/2316/2140 2412/2356/2163 2413/2359/2164
f 2405/2319/2156 2404/2318/2155 2427/2357/2178 2428/2360/2179
f 2398/2321/2149 2397/2320/2148 2420/2358/2171 2421/2361/2172
f 2391/2322/2142 2390/2317/2141 2413/2359/2164 2414/2362/2165
f 2406/2323/2157 2405/2319/2156 2428/2360/2179 2429/2363/2180
f 2399/2324/2150 2398/2321/2149 2421/2361/2172 2422/2364/2173
f 2392/2325/2143 2391/2322/2142 2414/2362/2165 2415/2341/2166
f 2407/2326/2158 2406/2323/2157 2429/2363/2180 2430/2344/2181
f 2385/2328/2136 2384/2365/2135 2408/2345/2159
f 2400/2329/2151 2399/2324/2150 2422/2364/2173 2423/2347/2174
f 2426/2354/2177 2425/2351/2176 2448/2366/2199 2449/2367/2200
f 2419/2355/2170 2418/2352/2169 2441/2368/2192 2442/2369/2193
f 2412/2356/2163 2411/2353/2162 2434/2370/2185 2435/2371/2186
f 2427/2357/2178 2426/2354/2177 2449/2367/2200 2450/2372/2201
f 2420/2358/2171 2419/2355/2170 2442/2369/2193 2443/2373/2194
f 2413/2359/2164 2412/2356/2163 2435/2371/2186 2436/2374/2187
f 2428/2360/2179 2427/2357/2178 2450/2372/2201 2451/2375/2202
f 2421/2361/2172 2420/2358/2171 2443/2373/2194 2444/2376/2195
f 2414/2362/2165 2413/2359/2164 2436/2374/2187 2437/2377/2188
f 2429/2363/2180 2428/2360/2179 2451/2375/2202 2452/2378/2203
f 2422/2364/2173 2421/2361/2172 2444/2376/2195 2445/2379/2196
f 2415/2341/2166 2414/2362/2165 2437/2377/2188 2438/2380/2189
f 2430/2344/2181 2429/2363/2180 2452/2378/2203 2453/2381/2204
f 2408/2345/2159 2384/2382/2135 2431/2383/2182
f 2423/2347/2174 2422/2364/2173 2445/2379/2196 2446/2384/2197
f 2416/2342/2167 2415/2341/2166 2438/2380/2189 2439/2385/2190
f 2337/2386/2088 2430/2344/2181 2453/2381/2204
f 2409/2346/2160 2408/2345/2159 2431/2383/2182 2432/2387/2183
f 2424/2348/2175 2423/2347/2174 2446/2384/2197 2447/2388/2198
f 2417/2349/2168 2416/2342/2167 2439/2385/2190 2440/2389/2191
f 2410/2350/2161 2409/2346/2160 2432/2387/2183 2433/2390/2184
f 2425/2351/2176 2424/2348/2175 2447/2388/2198 2448/2366/2199
f 2418/2352/2169 2417/2349/2168 2440/2389/2191 2441/2368/2192
f 2411/2353/2162 2410/2350/2161 2433/2390/2184 2434/2370/2185
f 2437/2377/2188 2436/2374/2187 2459/2391/2210 2460/2392/2211
f 2452/2378/2203 2451/2375/2202 2474/2393/2225 2475/2394/2226
f 2445/2379/2196 2444/2376/2195 2467/2395/2218 2468/2396/2219
f 2438/2380/2189 2437/2377/2188 2460/2392/2211 2461/2397/2212
f 2453/2381/2204 2452/2378/2203 2475/2394/2226 2476/2398/2227
f 2431/2383/2182 2384/2399/2135 2454/2400/2205
f 2446/2384/2197 2445/2379/2196 2468/2396/2219 2469/2401/2220
f 2439/2385/2190 2438/2380/2189 2461/2397/2212 2462/2402/2213
f 2337/2403/2088 2453/2381/2204 2476/2398/2227
f 2432/2387/2183 2431/2383/2182 2454/2400/2205 2455/2404/2206
f 2447/2388/2198 2446/2384/2197 2469/2401/2220 2470/2405/2221
f 2440/2389/2191 2439/2385/2190 2462/2402/2213 2463/2406/2214
f 2433/2390/2184 2432/2387/2183 2455/2404/2206 2456/2407/2207
f 2448/2366/2199 2447/2388/2198 2470/2405/2221 2471/2408/2222
f 2441/2368/2192 2440/2389/2191 2463/2406/2214 2464/2409/2215
f 2434/2370/2185 2433/2390/2184 2456/2407/2207 2457/2410/2208
f 2449/2367/2200 2448/2366/2199 2471/2408/2222 2472/2411/2223
f 2442/2369/2193 2441/2368/2192 2464/2409/2215 2465/2412/2216
f 2435/2371/2186 2434/2370/2185 2457/2410/2208 2458/2413/2209
f 2450/2372/2201 2449/2367/2200 2472/2411/2223 2473/2414/2224
f 2443/2373/2194 2442/2369/2193 2465/2412/2216 2466/2415/2217
f 2436/2374/2187 2435/2371/2186 2458/2413/2209 2459/2391/2210
f 2451/2375/2202 2450/2372/2201 2473/2414/2224 2474/2393/2225
f 2444/2376/2195 2443/2373/2194 2466/2415/2217 2467/2395/2218
f 2467/2395/2218 2466/2415/2217 2489/2416/2240 2490/2417/2241
f 2460/2392/2211 2459/2391/2210 2482/2418/2233 2483/2419/2234
f 2475/2394/2226 2474/2393/2225 2497/2420/2248 2498/2421/2249
f 2468/2396/2219 2467/2395/2218 2490/2417/2241 2491/2422/2242
f 2461/2397/2212 2460/2392/2211 2483/2419/2234 2484/2423/2235
f 2476/2398/2227 2475/2394/2226 2498/2421/2249 2499/2424/2250
f 2454/2400/2205 2384/2425/2135 2477/2426/2228
f 2469/2401/2220 2468/2396/2219 2491/2422/2242 2492/2427/2243
f 2462/2402/2213 2461/2397/2212 2484/2423/2235 2485/2428/2236
f 2337/2429/2088 2476/2398/2227 2499/2424/2250
f 2455/2404/2206 2454/2400/2205 2477/2426/2228 2478/2430/2229
f 2470/2405/2221 2469/2401/2220 2492/2427/2243 2493/2431/2244
f 2463/2406/2214 2462/2402/2213 2485/2428/2236 2486/2432/2237
f 2456/2407/2207 2455/2404/2206 2478/2430/2229 2479/2433/2230
f 2471/2408/2222 2470/2405/2221 2493/2431/2244 2494/2434/2245
f 2464/2409/2215 2463/2406/2214 2486/2432/2237 2487/2435/2238
f 2457/2410/2208 2456/2407/2207 2479/2433/2230 2480/2436/2231
f 2472/2411/2223 2471/2408/2222 2494/2434/2245 2495/2437/2246
f 2465/2412/2216 2464/2409/2215 2487/2435/2238 2488/2438/2239
f 2458/2413/2209 2457/2410/2208 2480/2436/2231 2481/2439/2232
f 2473/2414/2224 2472/2411/2223 2495/2437/2246 2496/2440/2247
f 2466/2415/2217 2465/2412/2216 2488/2438/2239 2489/2416/2240
f 2459/2391/2210 2458/2413/2209 2481/2439/2232 2482/2418/2233
f 2474/2393/2225 2473/2414/2224 2496/2440/2247 2497/2420/2248
f 2337/2441/2088 2499/2424/2250 2522/2442/2273
f 2478/2430/2229 2477/2426/2228 2500/2443/2251 2501/2444/2252
f 2493/2431/2244 2492/2427/2243 2515/2445/2266 2516/2446/2267
f 2486/2432/2237 2485/2428/2236 2508/2447/2259 2509/2448/2260
f 2479/2433/2230 2478/2430/2229 2501/2444/2252 2502/2449/2253
f 2494/2434/2245 2493/2431/2244 2516/2446/2267 2517/2450/2268
f 2487/2435/2238 2486/2432/2237 2509/2448/2260 2510/2451/2261
f 2480/2436/2231 2479/2433/2230 2502/2449/2253 2503/2452/2254
f 2495/2437/2246 2494/2434/2245 2517/2450/2268 2518/2453/2269
f 2488/2438/2239 2487/2435/2238 2510/2451/2261 2511/2454/2262
f 2481/2439/2232 2480/2436/2231 2503/2452/2254 2504/2455/2255
f 2496/2440/2247 2495/2437/2246 2518/2453/2269 2519/2456/2270
f 2489/2416/2240 2488/2438/2239 2511/2454/2262 2512/2457/2263
f 2482/2418/2233 2481/2439/2232 2504/2455/2255 2505/2458/2256
f 2497/2420/2248 2496/2440/2247 2519/2456/2270 2520/2459/2271
f 2490/2417/2241 2489/2416/2240 2512/2457/2263 2513/2460/2264
f 2483/2419/2234 2482/2418/2233 2505/2458/2256 2506/2461/2257
f 2498/2421/2249 2497/2420/2248 2520/2459/2271 2521/2462/2272
f 2491/2422/2242 2490/2417/2241 2513/2460/2264 2514/2463/2265
f 2484/2423/2235 2483/2419/2234 2506/2461/2257 2507/2464/2258
f 2499/2424/2250 2498/2421/2249 2521/2462/2272 2522/2442/2273
f 2477/2426/2228 2384/2465/2135 2500/2443/2251
f 2492/2427/2243 2491/2422/2242 2514/2463/2265 2515/2445/2266
f 2485/2428/2236 2484/2423/2235 2507/2464/2258 2508/2447/2259
f 2511/2466/2262 2510/2467/2261 2533/2468/2284 2534/2469/2285
f 2504/2470/2255 2503/2471/2254 2526/2472/2277 2527/2473/2278
f 2519/2474/2270 2518/2475/2269 2541/2476/2292 2542/2477/2293
f 2512/2478/2263 2511/2466/2262 2534/2469/2285 2535/2479/2286
f 2505/2480/2256 2504/2470/2255 2527/2473/2278 2528/2481/2279
f 2520/2482/2271 2519/2474/2270 2542/2477/2293 2543/2483/2294
f 2513/2484/2264 2512/2478/2263 2535/2479/2286 2536/2485/2287
f 2506/2486/2257 2505/2480/2256 2528/2481/2279 2529/2487/2280
f 2521/2488/2272 2520/2482/2271 2543/2483/2294 2544/2489/2295
f 2514/2490/2265 2513/2484/2264 2536/2485/2287 2537/2491/2288
f 2507/2492/2258 2506/2486/2257 2529/2487/2280 2530/2493/2281
f 2522/2494/2273 2521/2488/2272 2544/2489/2295 2545/2495/2296
f 2500/2496/2251 2384/2497/2135 2523/2498/2274
f 2515/2499/2266 2514/2490/2265 2537/2491/2288 2538/2500/2289
f 2508/2501/2259 2507/2492/2258 2530/2493/2281 2531/2502/2282
f 2337/2503/2088 2522/2494/2273 2545/2495/2296
f 2501/2504/2252 2500/2496/2251 2523/2498/2274 2524/2505/2275
f 2516/2506/2267 2515/2499/2266 2538/2500/2289 2539/2507/2290
f 2509/2508/2260 2508/2501/2259 2531/2502/2282 2532/2509/2283
f 2502/2510/2253 2501/2504/2252 2524/2505/2275 2525/2511/2276
f 2517/2512/2268 2516/2506/2267 2539/2507/2290 2540/2513/2291
f 2510/2467/2261 2509/2508/2260 2532/2509/2283 2533/2468/2284
f 2503/2471/2254 2502/2510/2253 2525/2511/2276 2526/2472/2277
f 2518/2475/2269 2517/2512/2268 2540/2513/2291 2541/2476/2292
f 2537/2491/2288 2536/2485/2287 2559/2514/2310 2560/2515/2311
f 2530/2493/2281 2529/2487/2280 2552/2516/2303 2553/2517/2304
f 2545/2495/2296 2544/2489/2295 2567/2518/2318 2568/2519/2319
f 2523/2498/2274 2384/2520/2135 2546/2521/2297
f 2538/2500/2289 2537/2491/2288 2560/2515/2311 2561/2522/2312
f 2531/2502/2282 2530/2493/2281 2553/2517/2304 2554/2523/2305
f 2337/2524/2088 2545/2495/2296 2568/2519/2319
f 2524/2505/2275 2523/2498/2274 2546/2521/2297 2547/2525/2298
f 2539/2507/2290 2538/2500/2289 2561/2522/2312 2562/2526/2313
f 2532/2509/2283 2531/2502/2282 2554/2523/2305 2555/2527/2306
f 2525/2511/2276 2524/2505/2275 2547/2525/2298 2548/2528/2299
f 2540/2513/2291 2539/2507/2290 2562/2526/2313 2563/2529/2314
f 2533/2468/2284 2532/2509/2283 2555/2527/2306 2556/2530/2307
f 2526/2472/2277 2525/2511/2276 2548/2528/2299 2549/2531/2300
f 2541/2476/2292 2540/2513/2291 2563/2529/2314 2564/2532/2315
f 2534/2469/2285 2533/2468/2284 2556/2530/2307 2557/2533/2308
f 2527/2473/2278 2526/2472/2277 2549/2531/2300 2550/2534/2301
f 2542/2477/2293 2541/2476/2292 2564/2532/2315 2565/2535/2316
f 2535/2479/2286 2534/2469/2285 2557/2533/2308 2558/2536/2309
f 2528/2481/2279 2527/2473/2278 2550/2534/2301 2551/2537/2302
f 2543/2483/2294 2542/2477/2293 2565/2535/2316 2566/2538/2317
f 2536/2485/2287 2535/2479/2286 2558/2536/2309 2559/2514/2310
f 2529/2487/2280 2528/2481/2279 2551/2537/2302 2552/2516/2303
f 2544/2489/2295 2543/2483/2294 2566/2538/2317 2567/2518/2318
f 2548/2528/2299 2547/2525/2298 2570/2539/2321 2571/2540/2322
f 2563/2529/2314 2562/2526/2313 2585/2541/2336 2586/2542/2337
f 2556/2530/2307 2555/2527/2306 2578/2543/2329 2579/2544/2330
f 2549/2531/2300 2548/2528/2299 2571/2540/2322 2572/2545/2323
f 2564/2532/2315 2563/2529/2314 2586/2542/2337 2587/2546/2338
f 2557/2533/2308 2556/2530/2307 2579/2544/2330 2580/2547/2331
f 2550/2534/2301 2549/2531/2300 2572/2545/2323 2573/2548/2324
f 2565/2535/2316 2564/2532/2315 2587/2546/2338 2588/2549/2339
f 2558/2536/2309 2557/2533/2308 2580/2547/2331 2581/2550/2332
f 2551/2537/2302 2550/2534/2301 2573/2548/2324 2574/2551/2325
f 2566/2538/2317 2565/2535/2316 2588/2549/2339 2589/2552/2340
f 2559/2514/2310 2558/2536/2309 2581/2550/2332 2582/2553/2333
f 2552/2516/2303 2551/2537/2302 2574/2551/2325 2575/2554/2326
f 2567/2518/2318 2566/2538/2317 2589/2552/2340 2590/2555/2341
f 2560/2515/2311 2559/2514/2310 2582/2553/2333 2583/2556/2334
f 2553/2517/2304 2552/2516/2303 2575/2554/2326 2576/2557/2327
f 2568/2519/2319 2567/2518/2318 2590/2555/2341 2591/2558/2342
f 2546/2521/2297 2384/2559/2135 2569/2560/2320
f 2561/2522/2312 2560/2515/2311 2583/2556/2334 2584/2561/2335
f 2554/2523/2305 2553/2517/2304 2576/2557/2327 2577/2562/2328
f 2337/2563/2088 2568/2519/2319 2591/2558/2342
f 2547/2525/2298 2546/2521/2297 2569/2560/2320 2570/2539/2321
f 2562/2526/2313 2561/2522/2312 2584/2561/2335 2585/2541/2336
f 2555/2527/2306 2554/2523/2305 2577/2562/2328 2578/2543/2329
f 2581/2550/2332 2580/2547/2331 2603/2564/2354 2604/2565/2355
f 2574/2551/2325 2573/2548/2324 2596/2566/2347 2597/2567/2348
f 2589/2552/2340 2588/2549/2339 2611/2568/2362 2612/2569/2363
f 2582/2553/2333 2581/2550/2332 2604/2565/2355 2605/2570/2356
f 2575/2554/2326 2574/2551/2325 2597/2567/2348 2598/2571/2349
f 2590/2555/2341 2589/2552/2340 2612/2569/2363 2613/2572/2364
f 2583/2556/2334 2582/2553/2333 2605/2570/2356 2606/2573/2357
f 2576/2557/2327 2575/2554/2326 2598/2571/2349 2599/2574/2350
f 2591/2558/2342 2590/2555/2341 2613/2572/2364 2614/2575/2365
f 2569/2560/2320 2384/2576/2135 2592/2577/2343
f 2584/2561/2335 2583/2556/2334 2606/2573/2357 2607/2578/2358
f 2577/2562/2328 2576/2557/2327 2599/2574/2350 2600/2579/2351
f 2337/2580/2088 2591/2558/2342 2614/2575/2365
f 2570/2539/2321 2569/2560/2320 2592/2577/2343 2593/2581/2344
f 2585/2541/2336 2584/2561/2335 2607/2578/2358 2608/2582/2359
f 2578/2543/2329 2577/2562/2328 2600/2579/2351 2601/2583/2352
f 2571/2540/2322 2570/2539/2321 2593/2581/2344 2594/2584/2345
f 2586/2542/2337 2585/2541/2336 2608/2582/2359 2609/2585/2360
f 2579/2544/2330 2578/2543/2329 2601/2583/2352 2602/2586/2353
f 2572/2545/2323 2571/2540/2322 2594/2584/2345 2595/2587/2346
f 2587/2546/2338 2586/2542/2337 2609/2585/2360 2610/2588/2361
f 2580/2547/2331 2579/2544/2330 2602/2586/2353 2603/2564/2354
f 2573/2548/2324 2572/2545/2323 2595/2587/2346 2596/2566/2347
f 2588/2549/2339 2587/2546/2338 2610/2588/2361 2611/2568/2362
f 2592/2577/2343 2384/2589/2135 2615/2590/2366
f 2607/2578/2358 2606/2573/2357 2629/2591/2380 2630/2592/2381
f 2600/2579/2351 2599/2574/2350 2622/2593/2373 2623/2594/2374
f 2337/2595/2088 2614/2575/2365 2637/2596/2388
f 2593/2581/2344 2592/2577/2343 2615/2590/2366 2616/2597/2367
f 2608/2582/2359 2607/2578/2358 2630/2592/2381 2631/2598/2382
f 2601/2583/2352 2600/2579/2351 2623/2594/2374 2624/2599/2375
f 2594/2584/2345 2593/2581/2344 2616/2597/2367 2617/2600/2368
f 2609/2585/2360 2608/2582/2359 2631/2598/2382 2632/2601/2383
f 2602/2586/2353 2601/2583/2352 2624/2599/2375 2625/2602/2376
f 2595/2587/2346 2594/2584/2345 2617/2600/2368 2618/2603/2369
f 2610/2588/2361 2609/2585/2360 2632/2601/2383 2633/2604/2384
f 2603/2564/2354 2602/2586/2353 2625/2602/2376 2626/2605/2377
f 2596/2566/2347 2595/2587/2346 2618/2603/2369 2619/2606/2370
f 2611/2568/2362 2610/2588/2361 2633/2604/2384 2634/2607/2385
f 2604/2565/2355 2603/2564/2354 2626/2605/2377 2627/2608/2378
f 2597/2567/2348 2596/2566/2347 2619/2606/2370 2620/2609/2371
f 2612/2569/2363 2611/2568/2362 2634/2607/2385 2635/2610/2386
f 2605/2570/2356 2604/2565/2355 2627/2608/2378 2628/2611/2379
f 2598/2571/2349 2597/2567/2348 2620/2609/2371 2621/2612/2372
f 2613/2572/2364 2612/2569/2363 2635/2610/2386 2636/2613/2387
f 2606/2573/2357 2605/2570/2356 2628/2611/2379 2629/2591/2380
f 2599/2574/2350 2598/2571/2349 2621/2612/2372 2622/2593/2373
f 2614/2575/2365 2613/2572/2364 2636/2613/2387 2637/2596/2388
f 2618/2603/2369 2617/2600/2368 2640/2614/2391 2641/2615/2392
f 2633/2604/2384 2632/2601/2383 2655/2616/2406 2656/2617/2407
f 2626/2605/2377 2625/2602/2376 2648/2618/2399 2649/2619/2400
f 2619/2606/2370 2618/2603/2369 2641/2615/2392 2642/2620/2393
f 2634/2607/2385 2633/2604/2384 2656/2617/2407 2657/2621/2408
f 2627/2608/2378 2626/2605/2377 2649/2619/2400 2650/2622/2401
f 2620/2609/2371 2619/2606/2370 2642/2620/2393 2643/2623/2394
f 2635/2610/2386 2634/2607/2385 2657/2621/2408 2658/2624/2409
f 2628/2611/2379 2627/2608/2378 2650/2622/2401 2651/2625/2402
f 2621/2612/2372 2620/2609/2371 2643/2623/2394 2644/2626/2395
f 2636/2613/2387 2635/2610/2386 2658/2624/2409 2659/2627/2410
f 2629/2591/2380 2628/2611/2379 2651/2625/2402 2652/2628/2403
f 2622/2593/2373 2621/2612/2372 2644/2626/2395 2645/2629/2396
f 2637/2596/2388 2636/2613/2387 2659/2627/2410 2660/2630/2411
f 2615/2590/2366 2384/2631/2135 2638/2632/2389
f 2630/2592/2381 2629/2591/2380 2652/2628/2403 2653/2633/2404
f 2623/2594/2374 2622/2593/2373 2645/2629/2396 2646/2634/2397
f 2337/2635/2088 2637/2596/2388 2660/2630/2411
f 2616/2597/2367 2615/2590/2366 2638/2632/2389 2639/2636/2390
f 2631/2598/2382 2630/2592/2381 2653/2633/2404 2654/2637/2405
f 2624/2599/2375 2623/2594/2374 2646/2634/2397 2647/2638/2398
f 2617/2600/2368 2616/2597/2367 2639/2636/2390 2640/2614/2391
f 2632/2601/2383 2631/2598/2382 2654/2637/2405 2655/2616/2406
f 2625/2602/2376 2624/2599/2375 2647/2638/2398 2648/2618/2399
f 2651/2625/2402 2650/2622/2401 2673/2639/2424 2674/2640/2425
f 2644/2626/2395 2643/2623/2394 2666/2641/2417 2667/2642/2418
f 2659/2627/2410 2658/2624/2409 2681/2643/2432 2682/2644/2433
f 2652/2628/2403 2651/2625/2402 2674/2640/2425 2675/2645/2426
f 2645/2629/2396 2644/2626/2395 2667/2642/2418 2668/2646/2419
f 2660/2630/2411 2659/2627/2410 2682/2644/2433 2683/2647/2434
f 2638/2632/2389 2384/2648/2135 2661/2649/2412
f 2653/2633/2404 2652/2628/2403 2675/2645/2426 2676/2650/2427
f 2646/2634/2397 2645/2629/2396 2668/2646/2419 2669/2651/2420
f 2337/2652/2088 2660/2630/2411 2683/2647/2434
f 2639/2636/2390 2638/2632/2389 2661/2649/2412 2662/2653/2413
f 2654/2637/2405 2653/2633/2404 2676/2650/2427 2677/2654/2428
f 2647/2638/2398 2646/2634/2397 2669/2651/2420 2670/2655/2421
f 2640/2614/2391 2639/2636/2390 2662/2653/2413 2663/2656/2414
f 2655/2616/2406 2654/2637/2405 2677/2654/2428 2678/2657/2429
f 2648/2618/2399 2647/2638/2398 2670/2655/2421 2671/2658/2422
f 2641/2615/2392 2640/2614/2391 2663/2656/2414 2664/2659/2415
f 2656/2617/2407 2655/2616/2406 2678/2657/2429 2679/2660/2430
f 2649/2619/2400 2648/2618/2399 2671/2658/2422 2672/2661/2423
f 2642/2620/2393 2641/2615/2392 2664/2659/2415 2665/2662/2416
f 2657/2621/2408 2656/2617/2407 2679/2660/2430 2680/2663/2431
f 2650/2622/2401 2649/2619/2400 2672/2661/2423 2673/2639/2424
f 2643/2623/2394 2642/2620/2393 2665/2662/2416 2666/2641/2417
f 2658/2624/2409 2657/2621/2408 2680/2663/2431 2681/2643/2432
f 2662/2653/2413 2661/2649/2412 2684/2664/2435 2685/2665/2436
f 2677/2654/2428 2676/2650/2427 2699/2666/2450 2700/2667/2451
f 2670/2655/2421 2669/2651/2420 2692/2668/2443 2693/2669/2444
f 2663/2656/2414 2662/2653/2413 2685/2665/2436 2686/2670/2437
f 2678/2657/2429 2677/2654/2428 2700/2667/2451 2701/2671/2452
f 2671/2658/2422 2670/2655/2421 2693/2669/2444 2694/2672/2445
f 2664/2659/2415 2663/2656/2414 2686/2670/2437 2687/2673/2438
f 2679/2660/2430 2678/2657/2429 2701/2671/2452 2702/2674/2453
f 2672/2661/2423 2671/2658/2422 2694/2672/2445 2695/2675/2446
f 2665/2662/2416 2664/2659/2415 2687/2673/2438 2688/2676/2439
f 2680/2663/2431 2679/2660/2430 2702/2674/2453 2703/2677/2454
f 2673/2639/2424 2672/2661/2423 2695/2675/2446 2696/2678/2447
f 2666/2641/2417 2665/2662/2416 2688/2676/2439 2689/2679/2440
f 2681/2643/2432 2680/2663/2431 2703/2677/2454 2704/2680/2455
f 2674/2640/2425 2673/2639/2424 2696/2678/2447 2697/2681/2448
f 2667/2642/2418 2666/2641/2417 2689/2679/2440 2690/2682/2441
f 2682/2644/2433 2681/2643/2432 2704/2680/2455 2705/2683/2456
f 2675/2645/2426 2674/2640/2425 2697/2681/2448 2698/2684/2449
f 2668/2646/2419 2667/2642/2418 2690/2682/2441 2691/2685/2442
f 2683/2647/2434 2682/2644/2433 2705/2683/2456 2706/2686/2457
f 2661/2649/2412 2384/2687/2135 2684/2664/2435
f 2676/2650/2427 2675/2645/2426 2698/2684/2449 2699/2666/2450
f 2669/2651/2420 2668/2646/2419 2691/2685/2442 2692/2668/2443
f 2337/2688/2088 2683/2647/2434 2706/2686/2457
f 2688/2676/2439 2687/2673/2438 2710/2689/2461 2711/2690/2462
f 2703/2677/2454 2702/2674/2453 2725/2691/2476 2726/2692/2477
f 2696/2678/2447 2695/2675/2446 2718/2693/2469 2719/2694/2470
f 2689/2679/2440 2688/2676/2439 2711/2690/2462 2712/2695/2463
f 2704/2680/2455 2703/2677/2454 2726/2692/2477 2727/2696/2478
f 2697/2681/2448 2696/2678/2447 2719/2694/2470 2720/2697/2471
f 2690/2682/2441 2689/2679/2440 2712/2695/2463 2713/2698/2464
f 2705/2683/2456 2704/2680/2455 2727/2696/2478 2728/2699/2479
f 2698/2684/2449 2697/2681/2448 2720/2697/2471 2721/2700/2472
f 2691/2685/2442 2690/2682/2441 2713/2698/2464 2714/2701/2465
f 2706/2686/2457 2705/2683/2456 2728/2699/2479 2729/2702/2480
f 2684/2664/2435 2384/2703/2135 2707/2704/2458
f 2699/2666/2450 2698/2684/2449 2721/2700/2472 2722/2705/2473
f 2692/2668/2443 2691/2685/2442 2714/2701/2465 2715/2706/2466
f 2337/2707/2088 2706/2686/2457 2729/2702/2480
f 2685/2665/2436 2684/2664/2435 2707/2704/2458 2708/2708/2459
f 2700/2667/2451 2699/2666/2450 2722/2705/2473 2723/2709/2474
f 2693/2669/2444 2692/2668/2443 2715/2706/2466 2716/2710/2467
f 2686/2670/2437 2685/2665/2436 2708/2708/2459 2709/2711/2460
f 2701/2671/2452 2700/2667/2451 2723/2709/2474 2724/2712/2475
f 2694/2672/2445 2693/2669/2444 2716/2710/2467 2717/2713/2468
f 2687/2673/2438 2686/2670/2437 2709/2711/2460 2710/2689/2461
f 2702/2674/2453 2701/2671/2452 2724/2712/2475 2725/2691/2476
f 2695/2675/2446 2694/2672/2445 2717/2713/2468 2718/2693/2469
f 2721/2700/2472 2720/2697/2471 2743/2714/2494 2744/2715/2495
f 2714/2701/2465 2713/2698/2464 2736/2716/2487 2737/2717/2488
f 2729/2702/2480 2728/2699/2479 2751/2718/2502 2752/2719/2503
f 2707/2704/2458 2384/2720/2135 2730/2721/2481
f 2722/2705/2473 2721/2700/2472 2744/2715/2495 2745/2722/2496
f 2715/2706/2466 2714/2701/2465 2737/2717/2488 2738/2723/2489
f 2337/2724/2088 2729/2702/2480 2752/2719/2503
f 2708/2708/2459 2707/2704/2458 2730/2721/2481 2731/2725/2482
f 2723/2709/2474 2722/2705/2473 2745/2722/2496 2746/2726/2497
f 2716/2710/2467 2715/2706/2466 2738/2723/2489 2739/2727/2490
f 2709/2711/2460 2708/2708/2459 2731/2725/2482 2732/2728/2483
f 2724/2712/2475 2723/2709/2474 2746/2726/2497 2747/2729/2498
f 2717/2713/2468 2716/2710/2467 2739/2727/2490 2740/2730/2491
f 2710/2689/2461 2709/2711/2460 2732/2728/2483 2733/2731/2484
f 2725/2691/2476 2724/2712/2475 2747/2729/2498 2748/2732/2499
f 2718/2693/2469 2717/2713/2468 2740/2730/2491 2741/2733/2492
f 2711/2690/2462 2710/2689/2461 2733/2731/2484 2734/2734/2485
f 2726/2692/2477 2725/2691/2476 2748/2732/2499 2749/2735/2500
f 2719/2694/2470 2718/2693/2469 2741/2733/2492 2742/2736/2493
f 2712/2695/2463 2711/2690/2462 2734/2734/2485 2735/2737/2486
f 2727/2696/2478 2726/2692/2477 2749/2735/2500 2750/2738/2501
f 2720/2697/2471 2719/2694/2470 2742/2736/2493 2743/2714/2494
f 2713/2698/2464 2712/2695/2463 2735/2737/2486 2736/2716/2487
f 2728/2699/2479 2727/2696/2478 2750/2738/2501 2751/2718/2502
f 2732/2728/2483 2731/2725/2482 2754/2739/2505 2755/2740/2506
f 2747/2729/2498 2746/2726/2497 2769/2741/2520 2770/2742/2521
f 2740/2730/2491 2739/2727/2490 2762/2743/2513 2763/2744/2514
f 2733/2731/2484 2732/2728/2483 2755/2740/2506 2756/2745/2507
f 2748/2732/2499 2747/2729/2498 2770/2742/2521 2771/2746/2522
f 2741/2733/2492 2740/2730/2491 2763/2744/2514 2764/2747/2515
f 2734/2734/2485 2733/2731/2484 2756/2745/2507 2757/2748/2508
f 2749/2735/2500 2748/2732/2499 2771/2746/2522 2772/2749/2523
f 2742/2736/2493 2741/2733/2492 2764/2747/2515 2765/2750/2516
f 2735/2737/2486 2734/2734/2485 2757/2748/2508 2758/2751/2509
f 2750/2738/2501 2749/2735/2500 2772/2749/2523 2773/2752/2524
f 2743/2714/2494 2742/2736/2493 2765/2750/2516 2766/2753/2517
f 2736/2716/2487 2735/2737/2486 2758/2751/2509 2759/2754/2510
f 2751/2718/2502 2750/2738/2501 2773/2752/2524 2774/2755/2525
f 2744/2715/2495 2743/2714/2494 2766/2753/2517 2767/2756/2518
f 2737/2717/2488 2736/2716/2487 2759/2754/2510 2760/2757/2511
f 2752/2719/2503 2751/2718/2502 2774/2755/2525 2775/2758/2526
f 2730/2721/2481 2384/2759/2135 2753/2760/2504
f 2745/2722/2496 2744/2715/2495 2767/2756/2518 2768/2761/2519
f 2738/2723/2489 2737/2717/2488 2760/2757/2511 2761/2762/2512
f 2337/2763/2088 2752/2719/2503 2775/2758/2526
f 2731/2725/2482 2730/2721/2481 2753/2760/2504 2754/2739/2505
f 2746/2726/2497 2745/2722/2496 2768/2761/2519 2769/2741/2520
f 2739/2727/2490 2738/2723/2489 2761/2762/2512 2762/2743/2513
f 2758/2751/2509 2757/2748/2508 1681/1579/1432 2778/1585/2529
f 2773/2752/2524 2772/2749/2523 1691/1581/1442 2783/1587/2534
f 2766/2753/2517 2765/2750/2516 1686/1583/1437 1687/1589/1438
f 2759/2754/2510 2758/2751/2509 2778/1585/2529 1682/1544/1433
f 2774/2755/2525 2773/2752/2524 2783/1587/2534 2784/1548/2535
f 2767/2756/2518 2766/2753/2517 1687/1589/1438 2781/1555/2532
f 2760/2757/2511 2759/2754/2510 1682/1544/1433 2779/1543/2530
f 2775/2758/2526 2774/2755/2525 2784/1548/2535 1692/1547/1443
f 2753/2760/2504 2384/2764/2135 1679/1551/1430
f 2768/2761/2519 2767/2756/2518 2781/1555/2532 1688/1554/1439
f 2761/2762/2512 2760/2757/2511 2779/1543/2530 1683/1558/1434
f 2337/2765/2088 2775/2758/2526 1692/1547/1443
f 2754/2739/2505 2753/2760/2504 1679/1551/1430 1680/1561/1431
f 2769/2741/2520 2768/2761/2519 1688/1554/1439 2782/1563/2533
f 2762/2743/2513 2761/2762/2512 1683/1558/1434 1684/1565/1435
f 2755/2740/2506 2754/2739/2505 1680/1561/1431 2776/1567/2527
f 2770/2742/2521 2769/2741/2520 2782/1563/2533 1689/1569/1440
f 2763/2744/2514 2762/2743/2513 1684/1565/1435 1685/1571/1436
f 2756/2745/2507 2755/2740/2506 2776/1567/2527 2777/1573/2528
f 2771/2746/2522 2770/2742/2521 1689/1569/1440 1690/1575/1441
f 2764/2747/2515 2763/2744/2514 1685/1571/1436 2780/1577/2531
f 2757/2748/2508 2756/2745/2507 2777/1573/2528 1681/1579/1432
f 2772/2749/2523 2771/2746/2522 1690/1575/1441 1691/1581/1442
f 2765/2750/2516 2764/2747/2515 2780/1577/2531 1686/1583/1437
o Lens_bezel.001
v 0.025000 0.392624 0.140500
v 0.025000 0.393000 0.140875
v 0.025000 0.392890 0.140610
v 0.025000 0.392624 0.143500
v 0.025000 0.393000 0.143125
v 0.025000 0.392890 0.143390
v 0.026126 0.392550 0.140500
v 0.026175 0.392923 0.140875
v 0.026160 0.392814 0.140610
v 0.026126 0.392550 0.143500
v 0.026175 0.392923 0.143125
v 0.026160 0.392814 0.143390
v 0.027232 0.392330 0.140500
v 0.027329 0.392693 0.140875
v 0.027301 0.392587 0.140610
v 0.027232 0.392330 0.143500
v 0.027329 0.392693 0.143125
v 0.027301 0.392587 0.143390
v 0.028300 0.391968 0.140500
v 0.028444 0.392315 0.140875
v 0.028402 0.392213 0.140610
v 0.028300 0.391968 0.143500
v 0.028444 0.392315 0.143125
v 0.028402 0.392213 0.143390
v 0.029312 0.391469 0.140500
v 0.029500 0.391794 0.140875
v 0.029445 0.391699 0.140610
v 0.029312 0.391469 0.143500
v 0.029500 0.391794 0.143125
v 0.029445 0.391699 0.143390
v 0.030250 0.390842 0.140500
v 0.030479 0.391140 0.140875
v 0.030412 0.391053 0.140610
v 0.030250 0.390842 0.143500
v 0.030479 0.391140 0.143125
v 0.030412 0.391053 0.143390
v 0.031098 0.390098 0.140500
v 0.031364 0.390364 0.140875
v 0.031286 0.390286 0.140610
v 0.031098 0.390098 0.143500
v 0.031364 0.390364 0.143125
v 0.031286 0.390286 0.143390
v 0.031842 0.389250 0.140500
v 0.032140 0.389479 0.140875
v 0.032053 0.389412 0.140610
v 0.031842 0.389250 0.143500
v 0.032140 0.389479 0.143125
v 0.032053 0.389412 0.143390
v 0.032469 0.388312 0.140500
v 0.032794 0.388500 0.140875
v 0.032699 0.388445 0.140610
v 0.032469 0.388312 0.143500
v 0.032794 0.388500 0.143125
v 0.032699 0.388445 0.143390
v 0.032968 0.387300 0.140500
v 0.033315 0.387444 0.140875
v 0.033213 0.387402 0.140610
v 0.032968 0.387300 0.143500
v 0.033315 0.387444 0.143125
v 0.033213 0.387402 0.143390
v 0.033330 0.386232 0.140500
v 0.033693 0.386329 0.140875
v 0.033587 0.386301 0.140610
v 0.033330 0.386232 0.143500
v 0.033693 0.386329 0.143125
v 0.033587 0.386301 0.143390
v 0.033550 0.385126 0.140500
v 0.033923 0.385175 0.140875
v 0.033814 0.385160 0.140610
v 0.033550 0.385126 0.143500
v 0.033923 0.385175 0.143125
v 0.033814 0.385160 0.143390
v 0.033624 0.384000 0.140500
v 0.034000 0.384000 0.140875
v 0.033890 0.384000 0.140610
v 0.033624 0.384000 0.143500
v 0.034000 0.384000 0.143125
v 0.033890 0.384000 0.143390
v 0.033550 0.382874 0.140500
v 0.033923 0.382825 0.140875
v 0.033814 0.382840 0.140610
v 0.033550 0.382874 0.143500
v 0.033923 0.382825 0.143125
v 0.033814 0.382840 0.143390
v 0.033330 0.381768 0.140500
v 0.033693 0.381671 0.140875
v 0.033587 0.381699 0.140610
v 0.033330 0.381768 0.143500
v 0.033693 0.381671 0.143125
v 0.033587 0.381699 0.143390
v 0.032968 0.380700 0.140500
v 0.033315 0.380556 0.140875
v 0.033213 0.380598 0.140610
v 0.032968 0.380700 0.143500
v 0.033315 0.380556 0.143125
v 0.033213 0.380598 0.143390
v 0.032469 0.379688 0.140500
v 0.032794 0.379500 0.140875
v 0.032699 0.379555 0.140610
v 0.032469 0.379688 0.143500
v 0.032794 0.379500 0.143125
v 0.032699 0.379555 0.143390
v 0.031842 0.378750 0.140500
v 0.032140 0.378521 0.140875
v 0.032053 0.378588 0.140610
v 0.031842 0.378750 0.143500
v 0.032140 0.378521 0.143125
v 0.032053 0.378588 0.143390
v 0.031098 0.377902 0.140500
v 0.031364 0.377636 0.140875
v 0.031286 0.377714 0.140610
v 0.031098 0.377902 0.143500
v 0.031364 0.377636 0.143125
v 0.031286 0.377714 0.143390
v 0.030250 0.377158 0.140500
v 0.030479 0.376860 0.140875
v 0.030412 0.376947 0.140610
v 0.030250 0.377158 0.143500
v 0.030479 0.376860 0.143125
v 0.030412 0.376947 0.143390
v 0.029312 0.376531 0.140500
v 0.029500 0.376206 0.140875
v 0.029445 0.376301 0.140610
v 0.029312 0.376531 0.143500
v 0.029500 0.376206 0.143125
v 0.029445 0.376301 0.143390
v 0.028300 0.376032 0.140500
v 0.028444 0.375685 0.140875
v 0.028402 0.375787 0.140610
v 0.028300 0.376032 0.143500
v 0.028444 0.375685 0.143125
v 0.028402 0.375787 0.143390
v 0.027232 0.375670 0.140500
v 0.027329 0.375307 0.140875
v 0.027301 0.375413 0.140610
v 0.027232 0.375670 0.143500
v 0.027329 0.375307 0.143125
v 0.027301 0.375413 0.143390
v 0.026126 0.375450 0.140500
v 0.026175 0.375077 0.140875
v 0.026160 0.375186 0.140610
v 0.026126 0.375450 0.143500
v 0.026175 0.375077 0.143125
v 0.026160 0.375186 0.143390
v 0.025000 0.375376 0.140500
v 0.025000 0.375000 0.140875
v 0.025000 0.375110 0.140610
v 0.025000 0.375376 0.143500
v 0.025000 0.375000 0.143125
v 0.025000 0.375110 0.143390
v 0.023874 0.375450 0.140500
v 0.023825 0.375077 0.140875
v 0.023840 0.375186 0.140610
v 0.023874 0.375450 0.143500
v 0.023825 0.375077 0.143125
v 0.023840 0.375186 0.143390
v 0.022768 0.375670 0.140500
v 0.022671 0.375307 0.140875
v 0.022699 0.375413 0.140610
v 0.022768 0.375670 0.143500
v 0.022671 0.375307 0.143125
v 0.022699 0.375413 0.143390
v 0.021700 0.376032 0.140500
v 0.021556 0.375685 0.140875
v 0.021598 0.375787 0.140610
v 0.021700 0.376032 0.143500
v 0.021556 0.375685 0.143125
v 0.021598 0.375787 0.143390
v 0.020688 0.376531 0.140500
v 0.020500 0.376206 0.140875
v 0.020555 0.376301 0.140610
v 0.020688 0.376531 0.143500
v 0.020500 0.376206 0.143125
v 0.020555 0.376301 0.143390
v 0.019750 0.377158 0.140500
v 0.019521 0.376860 0.140875
v 0.019588 0.376947 0.140610
v 0.019750 0.377158 0.143500
v 0.019521 0.376860 0.143125
v 0.019588 0.376947 0.143390
v 0.018902 0.377902 0.140500
v 0.018636 0.377636 0.140875
v 0.018714 0.377714 0.140610
v 0.018902 0.377902 0.143500
v 0.018636 0.377636 0.143125
v 0.018714 0.377714 0.143390
v 0.018158 0.378750 0.140500
v 0.017860 0.378521 0.140875
v 0.017947 0.378588 0.140610
v 0.018158 0.378750 0.143500
v 0.017860 0.378521 0.143125
v 0.017947 0.378588 0.143390
v 0.017531 0.379688 0.140500
v 0.017206 0.379500 0.140875
v 0.017301 0.379555 0.140610
v 0.017531 0.379688 0.143500
v 0.017206 0.379500 0.143125
v 0.017301 0.379555 0.143390
v 0.017032 0.380700 0.140500
v 0.016685 0.380556 0.140875
v 0.016787 0.380598 0.140610
v 0.017032 0.380700 0.143500
v 0.016685 0.380556 0.143125
v 0.016787 0.380598 0.143390
v 0.016670 0.381768 0.140500
v 0.016307 0.381671 0.140875
v 0.016413 0.381699 0.140610
v 0.016670 0.381768 0.143500
v 0.016307 0.381671 0.143125
v 0.016413 0.381699 0.143390
v 0.016450 0.382874 0.140500
v 0.016077 0.382825 0.140875
v 0.016186 0.382840 0.140610
v 0.016450 0.382874 0.143500
v 0.016077 0.382825 0.143125
v 0.016186 0.382840 0.143390
v 0.016376 0.384000 0.140500
v 0.016000 0.384000 0.140875
v 0.016110 0.384000 0.140610
v 0.016376 0.384000 0.143500
v 0.016000 0.384000 0.143125
v 0.016110 0.384000 0.143390
v 0.016450 0.385126 0.140500
v 0.016077 0.385175 0.140875
v 0.016186 0.385160 0.140610
v 0.016450 0.385126 0.143500
v 0.016077 0.385175 0.143125
v 0.016186 0.385160 0.143390
v 0.016670 0.386232 0.140500
v 0.016307 0.386329 0.140875
v 0.016413 0.386301 0.140610
v 0.016670 0.386232 0.143500
v 0.016307 0.386329 0.143125
v 0.016413 0.386301 0.143390
v 0.017032 0.387300 0.140500
v 0.016685 0.387444 0.140875
v 0.016787 0.387402 0.140610
v 0.017032 0.387300 0.143500
v 0.016685 0.387444 0.143125
v 0.016787 0.387402 0.143390
v 0.017531 0.388312 0.140500
v 0.017206 0.388500 0.140875
v 0.017301 0.388445 0.140610
v 0.017531 0.388312 0.143500
v 0.017206 0.388500 0.143125
v 0.017301 0.388445 0.143390
v 0.018158 0.389250 0.140500
v 0.017860 0.389479 0.140875
v 0.017947 0.389412 0.140610
v 0.018158 0.389250 0.143500
v 0.017860 0.389479 0.143125
v 0.017947 0.389412 0.143390
v 0.018902 0.390098 0.140500
v 0.018636 0.390364 0.140875
v 0.018714 0.390286 0.140610
v 0.018902 0.390098 0.143500
v 0.018636 0.390364 0.143125
v 0.018714 0.390286 0.143390
v 0.019750 0.390842 0.140500
v 0.019521 0.391140 0.140875
v 0.019588 0.391053 0.140610
v 0.019750 0.390842 0.143500
v 0.019521 0.391140 0.143125
v 0.019588 0.391053 0.143390
v 0.020688 0.391469 0.140500
v 0.020500 0.391794 0.140875
v 0.020555 0.391699 0.140610
v 0.020688 0.391469 0.143500
v 0.020500 0.391794 0.143125
v 0.020555 0.391699 0.143390
v 0.021700 0.391968 0.140500
v 0.021556 0.392315 0.140875
v 0.021598 0.392213 0.140610
v 0.021700 0.391968 0.143500
v 0.021556 0.392315 0.143125
v 0.021598 0.392213 0.143390
v 0.022768 0.392330 0.140500
v 0.022671 0.392693 0.140875
v 0.022699 0.392587 0.140610
v 0.022768 0.392330 0.143500
v 0.022671 0.392693 0.143125
v 0.022699 0.392587 0.143390
v 0.023874 0.392550 0.140500
v 0.023825 0.392923 0.140875
v 0.023840 0.392814 0.140610
v 0.023874 0.392550 0.143500
v 0.023825 0.392923 0.143125
v 0.023840 0.392814 0.143390
vn -0.1304 0.9905 -0.0436
vn -0.1304 0.9905 0.0436
vn -0.0000 0.9990 0.0436
vn -0.0000 0.9990 -0.0436
vn 0.2586 0.9650 -0.0436
vn 0.2586 0.9650 0.0436
vn 0.3823 0.9230 0.0436
vn 0.3823 0.9230 -0.0436
vn 0.4995 0.8652 0.0436
vn 0.4995 0.8652 -0.0436
vn 0.6082 0.7926 0.0436
vn 0.6082 0.7926 -0.0436
vn 0.7064 0.7064 0.0436
vn 0.7064 0.7064 -0.0436
vn 0.7926 0.6082 0.0436
vn 0.7926 0.6082 -0.0436
vn 0.8652 0.4995 0.0436
vn 0.8652 0.4995 -0.0436
vn 0.9230 0.3823 0.0436
vn 0.9230 0.3823 -0.0436
vn 0.9650 0.2586 0.0436
vn 0.9650 0.2586 -0.0436
vn 0.9905 0.1304 0.0436
vn 0.9905 0.1304 -0.0436
vn 0.9990 -0.0000 0.0436
vn 0.9990 -0.0000 -0.0436
vn 0.9905 -0.1304 0.0436
vn 0.9905 -0.1304 -0.0436
vn 0.9650 -0.2586 0.0436
vn 0.9650 -0.2586 -0.0436
vn 0.9230 -0.3823 0.0436
vn 0.9230 -0.3823 -0.0436
vn 0.8652 -0.4995 0.0436
vn 0.8652 -0.4995 -0.0436
vn 0.7926 -0.6082 0.0436
vn 0.7926 -0.6082 -0.0436
vn 0.7064 -0.7064 0.0436
vn 0.7064 -0.7064 -0.0436
vn 0.6082 -0.7926 0.0436
vn 0.6082 -0.7926 -0.0436
vn 0.4995 -0.8652 0.0436
vn 0.4995 -0.8652 -0.0436
vn 0.3823 -0.9230 0.0436
vn 0.3823 -0.9230 -0.0436
vn 0.2586 -0.9650 0.0436
vn 0.2586 -0.9650 -0.0436
vn 0.1304 -0.9905 0.0436
vn 0.1304 -0.9905 -0.0436
vn -0.0000 -0.9990 0.0436
vn -0.0000 -0.9990 -0.0436
vn -0.1304 -0.9905 0.0436
vn -0.1304 -0.9905 -0.0436
vn -0.2586 -0.9650 0.0436
vn -0.2586 -0.9650 -0.0436
vn -0.3823 -0.9230 0.0436
vn -0.3823 -0.9230 -0.0436
vn -0.4995 -0.8652 0.0436
vn -0.4995 -0.8652 -0.0436
vn -0.6082 -0.7926 0.0436
vn -0.6082 -0.7926 -0.0436
vn -0.7064 -0.7064 0.0436
vn -0.7064 -0.7064 -0.0436
vn -0.7926 -0.6082 0.0436
vn -0.7926 -0.6082 -0.0436
vn -0.8652 -0.4995 0.0436
vn -0.8652 -0.4995 -0.0436
vn -0.9230 -0.3823 0.0436
vn -0.9230 -0.3823 -0.0436
vn -0.9650 -0.2586 0.0436
vn -0.9650 -0.2586 -0.0436
vn -0.9905 -0.1304 0.0436
vn -0.9905 -0.1304 -0.0436
vn -0.9990 -0.0000 0.0436
vn -0.9990 -0.0000 -0.0436
vn -0.9905 0.1304 0.0436
vn -0.9905 0.1304 -0.0436
vn -0.9650 0.2586 0.0436
vn -0.9650 0.2586 -0.0436
vn -0.9230 0.3823 0.0436
vn -0.9230 0.3823 -0.0436
vn -0.8652 0.4995 0.0436
vn -0.8652 0.4995 -0.0436
vn -0.7926 0.6082 0.0436
vn -0.7926 0.6082 -0.0436
vn -0.7064 0.7064 0.0436
vn -0.7064 0.7064 -0.0436
vn -0.6082 0.7926 0.0436
vn -0.6082 0.7926 -0.0436
vn -0.4995 0.8652 0.0436
vn -0.4995 0.8652 -0.0436
vn -0.3823 0.9230 0.0436
vn -0.3823 0.9230 -0.0436
vn -0.2586 0.9650 0.0436
vn -0.2586 0.9650 -0.0436
vn 0.1304 0.9905 -0.0436
vn 0.1304 0.9905 0.0436
vn 0.0002 0.0011 1.0000
vn -0.0000 0.0011 1.0000
vn -0.0001 0.0011 1.0000
vn -0.0003 0.0011 1.0000
vn -0.0004 0.0011 1.0000
vn -0.0006 0.0010 1.0000
vn -0.0007 0.0009 1.0000
vn -0.0008 0.0008 1.0000
vn -0.0009 0.0007 1.0000
vn -0.0010 0.0006 1.0000
vn -0.0010 0.0005 1.0000
vn -0.0011 0.0003 1.0000
vn -0.0011 0.0002 1.0000
vn -0.0011 -0.0000 1.0000
vn -0.0011 -0.0001 1.0000
vn -0.0011 -0.0003 1.0000
vn -0.0011 -0.0004 1.0000
vn -0.0010 -0.0006 1.0000
vn -0.0009 -0.0007 1.0000
vn -0.0008 -0.0008 1.0000
vn -0.0007 -0.0009 1.0000
vn -0.0006 -0.0010 1.0000
vn -0.0005 -0.0010 1.0000
vn -0.0003 -0.0011 1.0000
vn -0.0002 -0.0011 1.0000
vn -0.0000 -0.0011 1.0000
vn 0.0001 -0.0011 1.0000
vn 0.0003 -0.0011 1.0000
vn 0.0004 -0.0011 1.0000
vn 0.0006 -0.0010 1.0000
vn 0.0007 -0.0009 1.0000
vn 0.0008 -0.0008 1.0000
vn 0.0009 -0.0007 1.0000
vn 0.0010 -0.0006 1.0000
vn 0.0010 -0.0005 1.0000
vn 0.0011 -0.0003 1.0000
vn 0.0011 -0.0002 1.0000
vn 0.0011 -0.0000 1.0000
vn 0.0011 0.0001 1.0000
vn 0.0011 0.0003 1.0000
vn 0.0011 0.0004 1.0000
vn 0.0010 0.0006 1.0000
vn 0.0009 0.0007 1.0000
vn 0.0008 0.0008 1.0000
vn 0.0007 0.0009 1.0000
vn 0.0006 0.0010 1.0000
vn 0.0005 0.0010 1.0000
vn 0.0003 0.0011 1.0000
vn 0.0926 0.7034 -0.7048
vn -0.0000 0.7095 -0.7047
vn 0.0002 0.0011 -1.0000
vn -0.0000 0.0011 -1.0000
vn -0.0000 0.7095 0.7047
vn 0.0926 0.7034 0.7047
vn 0.1836 0.6853 -0.7047
vn 0.0003 0.0011 -1.0000
vn 0.1836 0.6853 0.7047
vn 0.2715 0.6554 -0.7048
vn 0.0005 0.0010 -1.0000
vn 0.2715 0.6555 0.7047
vn 0.3547 0.6144 -0.7047
vn 0.0006 0.0010 -1.0000
vn 0.3547 0.6144 0.7047
vn 0.4319 0.5628 -0.7048
vn 0.0007 0.0009 -1.0000
vn 0.4319 0.5629 0.7047
vn 0.5016 0.5016 -0.7048
vn 0.0008 0.0008 -1.0000
vn 0.5016 0.5016 0.7048
vn 0.5629 0.4319 -0.7047
vn 0.0009 0.0007 -1.0000
vn 0.5629 0.4319 0.7047
vn 0.6144 0.3547 -0.7047
vn 0.0010 0.0006 -1.0000
vn 0.6144 0.3547 0.7048
vn 0.6555 0.2715 -0.7047
vn 0.0011 0.0004 -1.0000
vn 0.6555 0.2715 0.7047
vn 0.6853 0.1836 -0.7047
vn 0.0011 0.0003 -1.0000
vn 0.6852 0.1836 0.7048
vn 0.7034 0.0926 -0.7047
vn 0.0011 0.0001 -1.0000
vn 0.7034 0.0926 0.7047
vn 0.7095 -0.0000 -0.7047
vn 0.0011 -0.0000 -1.0000
vn 0.7095 -0.0000 0.7047
vn 0.7034 -0.0926 -0.7047
vn 0.0011 -0.0002 -1.0000
vn 0.7034 -0.0926 0.7047
vn 0.6852 -0.1836 -0.7048
vn 0.0011 -0.0003 -1.0000
vn 0.6853 -0.1836 0.7047
vn 0.6555 -0.2715 -0.7047
vn 0.0010 -0.0005 -1.0000
vn 0.6555 -0.2715 0.7047
vn 0.6144 -0.3547 -0.7047
vn 0.0010 -0.0006 -1.0000
vn 0.6144 -0.3547 0.7047
vn 0.5629 -0.4319 -0.7047
vn 0.0009 -0.0007 -1.0000
vn 0.5629 -0.4319 0.7047
vn 0.5016 -0.5016 -0.7048
vn 0.0008 -0.0008 -1.0000
vn 0.5016 -0.5016 0.7048
vn 0.4319 -0.5629 -0.7047
vn 0.0007 -0.0009 -1.0000
vn 0.4319 -0.5628 0.7048
vn 0.3547 -0.6144 -0.7047
vn 0.0006 -0.0010 -1.0000
vn 0.3547 -0.6144 0.7047
vn 0.2715 -0.6554 -0.7048
vn 0.0004 -0.0011 -1.0000
vn 0.2715 -0.6555 0.7047
vn 0.1836 -0.6853 -0.7047
vn 0.0003 -0.0011 -1.0000
vn 0.1836 -0.6853 0.7047
vn 0.0926 -0.7034 -0.7047
vn 0.0001 -0.0011 -1.0000
vn 0.0926 -0.7034 0.7047
vn -0.0000 -0.7095 -0.7047
vn -0.0000 -0.0011 -1.0000
vn -0.0000 -0.7095 0.7047
vn -0.0926 -0.7034 -0.7048
vn -0.0002 -0.0011 -1.0000
vn -0.0926 -0.7034 0.7047
vn -0.1836 -0.6853 -0.7047
vn -0.0003 -0.0011 -1.0000
vn -0.1836 -0.6853 0.7047
vn -0.2715 -0.6554 -0.7048
vn -0.0005 -0.0010 -1.0000
vn -0.2715 -0.6555 0.7047
vn -0.3547 -0.6144 -0.7047
vn -0.0006 -0.0010 -1.0000
vn -0.3547 -0.6144 0.7047
vn -0.4319 -0.5628 -0.7048
vn -0.0007 -0.0009 -1.0000
vn -0.4319 -0.5629 0.7047
vn -0.5016 -0.5016 -0.7048
vn -0.0008 -0.0008 -1.0000
vn -0.5016 -0.5016 0.7048
vn -0.5629 -0.4319 -0.7047
vn -0.0009 -0.0007 -1.0000
vn -0.5629 -0.4319 0.7047
vn -0.6144 -0.3547 -0.7047
vn -0.0010 -0.0006 -1.0000
vn -0.6144 -0.3547 0.7048
vn -0.6555 -0.2715 -0.7047
vn -0.0011 -0.0004 -1.0000
vn -0.6555 -0.2715 0.7047
vn -0.6853 -0.1836 -0.7047
vn -0.0011 -0.0003 -1.0000
vn -0.6852 -0.1836 0.7048
vn -0.7034 -0.0926 -0.7047
vn -0.0011 -0.0001 -1.0000
vn -0.7034 -0.0926 0.7047
vn -0.7095 -0.0000 -0.7047
vn -0.0011 -0.0000 -1.0000
vn -0.7095 -0.0000 0.7047
vn -0.7034 0.0926 -0.7047
vn -0.0011 0.0002 -1.0000
vn -0.7034 0.0926 0.7047
vn -0.6852 0.1836 -0.7048
vn -0.0011 0.0003 -1.0000
vn -0.6853 0.1836 0.7047
vn -0.6555 0.2715 -0.7047
vn -0.0010 0.0005 -1.0000
vn -0.6555 0.2715 0.7047
vn -0.6144 0.3547 -0.7047
vn -0.0010 0.0006 -1.0000
vn -0.6144 0.3547 0.7047
vn -0.5629 0.4319 -0.7047
vn -0.0009 0.0007 -1.0000
vn -0.5629 0.4319 0.7047
vn -0.5016 0.5016 -0.7048
vn -0.0008 0.0008 -1.0000
vn -0.5016 0.5016 0.7048
vn -0.4319 0.5629 -0.7047
vn -0.0007 0.0009 -1.0000
vn -0.4319 0.5628 0.7048
vn -0.3547 0.6144 -0.7047
vn -0.0006 0.0010 -1.0000
vn -0.3547 0.6144 0.7047
vn -0.2715 0.6554 -0.7048
vn -0.0004 0.0011 -1.0000
vn -0.2715 0.6555 0.7047
vn -0.1836 0.6853 -0.7047
vn -0.0003 0.0011 -1.0000
vn -0.1836 0.6853 0.7047
vn -0.0926 0.7034 -0.7047
vn -0.0001 0.0011 -1.0000
vn -0.0926 0.7034 0.7047
vt 0.020834 0.562500
vt 0.020834 0.937500
vt 0.000000 0.937500
vt 0.000000 0.562500
vt 0.958333 0.562500
vt 0.958333 0.937500
vt 0.937500 0.937500
vt 0.937500 0.562500
vt 0.937500 0.562500
vt 0.916667 0.937500
vt 0.916667 0.562500
vt 0.916667 0.562500
vt 0.895833 0.937500
vt 0.895833 0.562500
vt 0.895833 0.562500
vt 0.895833 0.937500
vt 0.875000 0.937500
vt 0.875000 0.562500
vt 0.854167 0.937500
vt 0.854167 0.562500
vt 0.854167 0.562500
vt 0.854167 0.937500
vt 0.833333 0.937500
vt 0.833333 0.562500
vt 0.833333 0.562500
vt 0.812500 0.937500
vt 0.812500 0.562500
vt 0.812500 0.562500
vt 0.791667 0.937500
vt 0.791667 0.562500
vt 0.791667 0.562500
vt 0.791667 0.937500
vt 0.770834 0.937500
vt 0.770834 0.562500
vt 0.750000 0.937500
vt 0.750000 0.562500
vt 0.750000 0.562500
vt 0.750000 0.937500
vt 0.729167 0.937500
vt 0.729167 0.562500
vt 0.708334 0.937500
vt 0.708334 0.562500
vt 0.708334 0.937500
vt 0.687500 0.937500
vt 0.687500 0.562500
vt 0.687500 0.562500
vt 0.666667 0.937500
vt 0.666667 0.562500
vt 0.666667 0.562500
vt 0.645834 0.937500
vt 0.645834 0.562500
vt 0.645834 0.562500
vt 0.645834 0.937500
vt 0.625000 0.937500
vt 0.625000 0.562500
vt 0.604167 0.937500
vt 0.604167 0.562500
vt 0.604167 0.937500
vt 0.583334 0.937500
vt 0.583334 0.562500
vt 0.583334 0.562500
vt 0.562500 0.937500
vt 0.562500 0.562500
vt 0.562500 0.562500
vt 0.541667 0.937500
vt 0.541667 0.562500
vt 0.541667 0.562500
vt 0.541667 0.937500
vt 0.520834 0.937500
vt 0.520834 0.562500
vt 0.500000 0.937500
vt 0.500000 0.562500
vt 0.479167 0.937500
vt 0.479167 0.562500
vt 0.458334 0.937500
vt 0.458334 0.562500
vt 0.458334 0.937500
vt 0.437500 0.937500
vt 0.437500 0.562500
vt 0.437500 0.562500
vt 0.437500 0.937500
vt 0.416667 0.937500
vt 0.416667 0.562500
vt 0.416667 0.562500
vt 0.395834 0.937500
vt 0.395834 0.562500
vt 0.395834 0.562500
vt 0.395834 0.937500
vt 0.375000 0.937500
vt 0.375000 0.562500
vt 0.354167 0.937500
vt 0.354167 0.562500
vt 0.354167 0.937500
vt 0.333334 0.937500
vt 0.333334 0.562500
vt 0.333334 0.562500
vt 0.312500 0.937500
vt 0.312500 0.562500
vt 0.312500 0.562500
vt 0.291667 0.937500
vt 0.291667 0.562500
vt 0.291667 0.562500
vt 0.291667 0.937500
vt 0.270834 0.937500
vt 0.270834 0.562500
vt 0.250000 0.937500
vt 0.250000 0.562500
vt 0.229167 0.937500
vt 0.229167 0.562500
vt 0.229167 0.562500
vt 0.229167 0.937500
vt 0.208334 0.937500
vt 0.208334 0.562500
vt 0.208334 0.562500
vt 0.208334 0.937500
vt 0.187500 0.937500
vt 0.187500 0.562500
vt 0.187500 0.562500
vt 0.166667 0.937500
vt 0.166667 0.562500
vt 0.166667 0.562500
vt 0.145834 0.937500
vt 0.145834 0.562500
vt 0.145834 0.562500
vt 0.145834 0.937500
vt 0.125000 0.937500
vt 0.125000 0.562500
vt 0.104167 0.937500
vt 0.104167 0.562500
vt 0.104167 0.937500
vt 0.083334 0.937500
vt 0.083334 0.562500
vt 0.083334 0.562500
vt 0.062500 0.937500
vt 0.062500 0.562500
vt 0.062500 0.562500
vt 0.041667 0.937500
vt 0.041667 0.562500
vt 0.041667 0.562500
vt 0.041667 0.937500
vt 0.979167 0.562500
vt 0.979167 0.937500
vt 0.958333 0.937500
vt 0.280018 0.478011
vt 0.250000 0.479978
vt 0.219982 0.478011
vt 0.190477 0.472142
vt 0.161991 0.462473
vt 0.135011 0.449167
vt 0.109998 0.432454
vt 0.087381 0.412619
vt 0.067546 0.390002
vt 0.050833 0.364989
vt 0.037527 0.338009
vt 0.027858 0.309523
vt 0.021989 0.280018
vt 0.020021 0.250000
vt 0.021989 0.219982
vt 0.027858 0.190477
vt 0.037527 0.161991
vt 0.050833 0.135011
vt 0.067546 0.109998
vt 0.087381 0.087381
vt 0.109998 0.067546
vt 0.135011 0.050833
vt 0.161991 0.037527
vt 0.190477 0.027858
vt 0.219982 0.021989
vt 0.250000 0.020021
vt 0.280018 0.021989
vt 0.309523 0.027858
vt 0.338009 0.037527
vt 0.364989 0.050833
vt 0.390002 0.067546
vt 0.412619 0.087381
vt 0.432454 0.109998
vt 0.449167 0.135011
vt 0.462472 0.161991
vt 0.472142 0.190477
vt 0.478011 0.219982
vt 0.479979 0.250000
vt 0.478011 0.280018
vt 0.472142 0.309523
vt 0.462473 0.338009
vt 0.449167 0.364989
vt 0.432454 0.390002
vt 0.412619 0.412619
vt 0.390002 0.432454
vt 0.364989 0.449167
vt 0.338009 0.462472
vt 0.309523 0.472142
vt 1.000000 0.562500
vt 1.000000 0.937500
vt 0.979167 0.937500
vt 0.979167 0.562500
vt 0.979294 0.500000
vt 0.999872 0.500000
vt 0.750192 0.489987
vt 0.781134 0.487959
vt 0.780018 0.478011
vt 0.750000 0.479978
vt 0.999872 1.000000
vt 0.979294 1.000000
vt 0.281134 0.487959
vt 0.250192 0.489987
vt 0.958461 0.500000
vt 0.979039 0.500000
vt 0.781515 0.487909
vt 0.811928 0.481860
vt 0.809523 0.472142
vt 0.979039 1.000000
vt 0.958461 1.000000
vt 0.311928 0.481860
vt 0.281515 0.487909
vt 0.937628 0.500000
vt 0.958206 0.500000
vt 0.812299 0.481760
vt 0.841662 0.471793
vt 0.838009 0.462473
vt 0.958206 1.000000
vt 0.937628 1.000000
vt 0.341662 0.471793
vt 0.312299 0.481760
vt 0.916794 0.500000
vt 0.937372 0.500000
vt 0.842017 0.471646
vt 0.869827 0.457931
vt 0.864989 0.449167
vt 0.937372 1.000000
vt 0.916795 1.000000
vt 0.369827 0.457931
vt 0.342017 0.471646
vt 0.895961 0.500000
vt 0.916539 0.500000
vt 0.870160 0.457739
vt 0.895943 0.440512
vt 0.890002 0.432454
vt 0.916539 1.000000
vt 0.895961 1.000000
vt 0.395943 0.440512
vt 0.370160 0.457739
vt 0.875128 0.500000
vt 0.895706 0.500000
vt 0.896248 0.440278
vt 0.919561 0.419833
vt 0.912619 0.412619
vt 0.895706 1.000000
vt 0.875128 1.000000
vt 0.419561 0.419833
vt 0.396247 0.440278
vt 0.854295 0.500000
vt 0.874872 0.500000
vt 0.919833 0.419561
vt 0.940278 0.396247
vt 0.932454 0.390002
vt 0.874872 1.000000
vt 0.854295 1.000000
vt 0.440278 0.396248
vt 0.419833 0.419561
vt 0.833461 0.500000
vt 0.854039 0.500000
vt 0.940512 0.395943
vt 0.957739 0.370160
vt 0.949167 0.364989
vt 0.854039 1.000000
vt 0.833461 1.000000
vt 0.457739 0.370160
vt 0.440512 0.395943
vt 0.812628 0.500000
vt 0.833206 0.500000
vt 0.957931 0.369827
vt 0.971646 0.342017
vt 0.962472 0.338009
vt 0.833206 1.000000
vt 0.812628 1.000000
vt 0.471646 0.342017
vt 0.457931 0.369827
vt 0.791795 0.500000
vt 0.812372 0.500000
vt 0.971793 0.341662
vt 0.981760 0.312299
vt 0.972142 0.309523
vt 0.812372 1.000000
vt 0.791795 1.000000
vt 0.481760 0.312299
vt 0.471793 0.341662
vt 0.770961 0.500000
vt 0.791539 0.500000
vt 0.981860 0.311928
vt 0.987909 0.281515
vt 0.978011 0.280018
vt 0.791539 1.000000
vt 0.770961 1.000000
vt 0.487909 0.281515
vt 0.481860 0.311928
vt 0.750128 0.500000
vt 0.770706 0.500000
vt 0.987959 0.281134
vt 0.989987 0.250192
vt 0.979978 0.250000
vt 0.770706 1.000000
vt 0.750128 1.000000
vt 0.489987 0.250192
vt 0.487959 0.281134
vt 0.729295 0.500000
vt 0.749872 0.500000
vt 0.989987 0.249808
vt 0.987959 0.218866
vt 0.978011 0.219982
vt 0.749872 1.000000
vt 0.729295 1.000000
vt 0.487959 0.218866
vt 0.489987 0.249808
vt 0.708461 0.500000
vt 0.729039 0.500000
vt 0.987909 0.218485
vt 0.981860 0.188072
vt 0.972142 0.190477
vt 0.729039 1.000000
vt 0.708461 1.000000
vt 0.481860 0.188072
vt 0.487909 0.218485
vt 0.687628 0.500000
vt 0.708206 0.500000
vt 0.981760 0.187701
vt 0.971793 0.158338
vt 0.962472 0.161991
vt 0.708206 1.000000
vt 0.687628 1.000000
vt 0.471793 0.158338
vt 0.481760 0.187701
vt 0.666795 0.500000
vt 0.687373 0.500000
vt 0.971646 0.157983
vt 0.957931 0.130173
vt 0.949167 0.135011
vt 0.687373 1.000000
vt 0.666795 1.000000
vt 0.457931 0.130173
vt 0.471646 0.157983
vt 0.645961 0.500000
vt 0.666539 0.500000
vt 0.957739 0.129840
vt 0.940512 0.104057
vt 0.932454 0.109998
vt 0.666539 1.000000
vt 0.645961 1.000000
vt 0.440512 0.104057
vt 0.457739 0.129840
vt 0.625128 0.500000
vt 0.645706 0.500000
vt 0.940278 0.103752
vt 0.919833 0.080439
vt 0.912619 0.087381
vt 0.645706 1.000000
vt 0.625128 1.000000
vt 0.419833 0.080439
vt 0.440278 0.103752
vt 0.604295 0.500000
vt 0.624873 0.500000
vt 0.919561 0.080167
vt 0.896248 0.059722
vt 0.890002 0.067546
vt 0.624873 1.000000
vt 0.604295 1.000000
vt 0.396248 0.059722
vt 0.419561 0.080167
vt 0.583462 0.500000
vt 0.604039 0.500000
vt 0.895943 0.059488
vt 0.870160 0.042261
vt 0.864989 0.050833
vt 0.604039 1.000000
vt 0.583462 1.000000
vt 0.370160 0.042261
vt 0.395943 0.059488
vt 0.562628 0.500000
vt 0.583206 0.500000
vt 0.869827 0.042069
vt 0.842017 0.028354
vt 0.838009 0.037527
vt 0.583206 1.000000
vt 0.562628 1.000000
vt 0.342017 0.028354
vt 0.369827 0.042069
vt 0.541795 0.500000
vt 0.562373 0.500000
vt 0.841662 0.028207
vt 0.812299 0.018240
vt 0.809523 0.027858
vt 0.562373 1.000000
vt 0.541795 1.000000
vt 0.312299 0.018240
vt 0.341662 0.028207
vt 0.520962 0.500000
vt 0.541539 0.500000
vt 0.811928 0.018140
vt 0.781515 0.012091
vt 0.780018 0.021989
vt 0.541539 1.000000
vt 0.520962 1.000000
vt 0.281515 0.012091
vt 0.311928 0.018140
vt 0.500128 0.500000
vt 0.520706 0.500000
vt 0.781134 0.012041
vt 0.750192 0.010013
vt 0.750000 0.020021
vt 0.520706 1.000000
vt 0.500128 1.000000
vt 0.250192 0.010013
vt 0.281134 0.012041
vt 0.479295 0.500000
vt 0.499873 0.500000
vt 0.749808 0.010013
vt 0.718866 0.012041
vt 0.719982 0.021989
vt 0.499873 1.000000
vt 0.479295 1.000000
vt 0.218866 0.012041
vt 0.249808 0.010013
vt 0.458462 0.500000
vt 0.479039 0.500000
vt 0.718485 0.012091
vt 0.688072 0.018140
vt 0.690477 0.027858
vt 0.479039 1.000000
vt 0.458462 1.000000
vt 0.188072 0.018140
vt 0.218485 0.012091
vt 0.437628 0.500000
vt 0.458206 0.500000
vt 0.687701 0.018240
vt 0.658338 0.028207
vt 0.661991 0.037527
vt 0.458206 1.000000
vt 0.437628 1.000000
vt 0.158338 0.028207
vt 0.187701 0.018240
vt 0.416795 0.500000
vt 0.437373 0.500000
vt 0.657983 0.028354
vt 0.630173 0.042069
vt 0.635011 0.050833
vt 0.437373 1.000000
vt 0.416795 1.000000
vt 0.130173 0.042069
vt 0.157983 0.028354
vt 0.395962 0.500000
vt 0.416539 0.500000
vt 0.629840 0.042261
vt 0.604057 0.059488
vt 0.609998 0.067546
vt 0.416539 1.000000
vt 0.395962 1.000000
vt 0.104057 0.059488
vt 0.129840 0.042261
vt 0.375128 0.500000
vt 0.395706 0.500000
vt 0.603752 0.059722
vt 0.580439 0.080167
vt 0.587380 0.087381
vt 0.395706 1.000000
vt 0.375128 1.000000
vt 0.080439 0.080167
vt 0.103752 0.059722
vt 0.354295 0.500000
vt 0.374873 0.500000
vt 0.580167 0.080439
vt 0.559722 0.103752
vt 0.567546 0.109998
vt 0.374873 1.000000
vt 0.354295 1.000000
vt 0.059722 0.103752
vt 0.080167 0.080439
vt 0.333462 0.500000
vt 0.354039 0.500000
vt 0.559488 0.104057
vt 0.542261 0.129840
vt 0.550833 0.135011
vt 0.354039 1.000000
vt 0.333462 1.000000
vt 0.042261 0.129840
vt 0.059488 0.104057
vt 0.312628 0.500000
vt 0.333206 0.500000
vt 0.542069 0.130173
vt 0.528354 0.157983
vt 0.537527 0.161991
vt 0.333206 1.000000
vt 0.312628 1.000000
vt 0.028354 0.157983
vt 0.042069 0.130173
vt 0.291795 0.500000
vt 0.312373 0.500000
vt 0.528207 0.158338
vt 0.518240 0.187701
vt 0.527858 0.190477
vt 0.312373 1.000000
vt 0.291795 1.000000
vt 0.018240 0.187701
vt 0.028207 0.158338
vt 0.270961 0.500000
vt 0.291539 0.500000
vt 0.518140 0.188072
vt 0.512091 0.218485
vt 0.521989 0.219982
vt 0.291539 1.000000
vt 0.270961 1.000000
vt 0.012091 0.218485
vt 0.018140 0.188072
vt 0.250128 0.500000
vt 0.270706 0.500000
vt 0.512041 0.218866
vt 0.510013 0.249808
vt 0.520021 0.250000
vt 0.270706 1.000000
vt 0.250128 1.000000
vt 0.010013 0.249808
vt 0.012041 0.218866
vt 0.229295 0.500000
vt 0.249873 0.500000
vt 0.510013 0.250192
vt 0.512041 0.281134
vt 0.521989 0.280018
vt 0.249873 1.000000
vt 0.229295 1.000000
vt 0.012041 0.281134
vt 0.010013 0.250192
vt 0.208461 0.500000
vt 0.229039 0.500000
vt 0.512091 0.281515
vt 0.518140 0.311928
vt 0.527858 0.309523
vt 0.229039 1.000000
vt 0.208461 1.000000
vt 0.018140 0.311928
vt 0.012091 0.281515
vt 0.187628 0.500000
vt 0.208206 0.500000
vt 0.518240 0.312299
vt 0.528207 0.341662
vt 0.537528 0.338009
vt 0.208206 1.000000
vt 0.187628 1.000000
vt 0.028207 0.341662
vt 0.018240 0.312299
vt 0.166795 0.500000
vt 0.187373 0.500000
vt 0.528354 0.342017
vt 0.542069 0.369827
vt 0.550833 0.364989
vt 0.187373 1.000000
vt 0.166795 1.000000
vt 0.042069 0.369827
vt 0.028354 0.342017
vt 0.145962 0.500000
vt 0.166539 0.500000
vt 0.542261 0.370160
vt 0.559488 0.395943
vt 0.567546 0.390002
vt 0.166539 1.000000
vt 0.145961 1.000000
vt 0.059488 0.395943
vt 0.042261 0.370160
vt 0.125128 0.500000
vt 0.145706 0.500000
vt 0.559722 0.396248
vt 0.580167 0.419561
vt 0.587381 0.412619
vt 0.145706 1.000000
vt 0.125128 1.000000
vt 0.080167 0.419561
vt 0.059722 0.396247
vt 0.104295 0.500000
vt 0.124873 0.500000
vt 0.580439 0.419833
vt 0.603752 0.440278
vt 0.609998 0.432454
vt 0.124873 1.000000
vt 0.104295 1.000000
vt 0.103752 0.440278
vt 0.080439 0.419833
vt 0.083462 0.500000
vt 0.104039 0.500000
vt 0.604057 0.440512
vt 0.629840 0.457739
vt 0.635011 0.449167
vt 0.104039 1.000000
vt 0.083462 1.000000
vt 0.129840 0.457739
vt 0.104057 0.440512
vt 0.062628 0.500000
vt 0.083206 0.500000
vt 0.630173 0.457931
vt 0.657983 0.471646
vt 0.661991 0.462472
vt 0.083206 1.000000
vt 0.062628 1.000000
vt 0.157983 0.471646
vt 0.130173 0.457931
vt 0.041795 0.500000
vt 0.062373 0.500000
vt 0.658338 0.471793
vt 0.687701 0.481760
vt 0.690477 0.472142
vt 0.062373 1.000000
vt 0.041795 1.000000
vt 0.187701 0.481760
vt 0.158338 0.471793
vt 0.020962 0.500000
vt 0.041539 0.500000
vt 0.688072 0.481860
vt 0.718485 0.487909
vt 0.719982 0.478011
vt 0.041539 1.000000
vt 0.020962 1.000000
vt 0.218485 0.487909
vt 0.188072 0.481860
vt 0.000128 0.500000
vt 0.020706 0.500000
vt 0.718866 0.487959
vt 0.749808 0.489987
vt 0.020706 1.000000
vt 0.000128 1.000000
vt 0.249808 0.489987
vt 0.218866 0.487959
s 1
usemtl Anodized_graphite
f 3068/2766/2536 3071/2767/2537 2789/2768/2538 2786/2769/2539
f 2798/2770/2540 2801/2771/2541 2807/2772/2542 2804/2773/2543
f 2804/2774/2543 2807/2772/2542 2813/2775/2544 2810/2776/2545
f 2810/2777/2545 2813/2775/2544 2819/2778/2546 2816/2779/2547
f 2816/2780/2547 2819/2781/2546 2825/2782/2548 2822/2783/2549
f 2822/2783/2549 2825/2782/2548 2831/2784/2550 2828/2785/2551
f 2828/2786/2551 2831/2787/2550 2837/2788/2552 2834/2789/2553
f 2834/2790/2553 2837/2788/2552 2843/2791/2554 2840/2792/2555
f 2840/2793/2555 2843/2791/2554 2849/2794/2556 2846/2795/2557
f 2846/2796/2557 2849/2797/2556 2855/2798/2558 2852/2799/2559
f 2852/2799/2559 2855/2798/2558 2861/2800/2560 2858/2801/2561
f 2858/2802/2561 2861/2803/2560 2867/2804/2562 2864/2805/2563
f 2864/2805/2563 2867/2804/2562 2873/2806/2564 2870/2807/2565
f 2870/2807/2565 2873/2808/2564 2879/2809/2566 2876/2810/2567
f 2876/2811/2567 2879/2809/2566 2885/2812/2568 2882/2813/2569
f 2882/2814/2569 2885/2812/2568 2891/2815/2570 2888/2816/2571
f 2888/2817/2571 2891/2818/2570 2897/2819/2572 2894/2820/2573
f 2894/2820/2573 2897/2819/2572 2903/2821/2574 2900/2822/2575
f 2900/2822/2575 2903/2823/2574 2909/2824/2576 2906/2825/2577
f 2906/2826/2577 2909/2824/2576 2915/2827/2578 2912/2828/2579
f 2912/2829/2579 2915/2827/2578 2921/2830/2580 2918/2831/2581
f 2918/2832/2581 2921/2833/2580 2927/2834/2582 2924/2835/2583
f 2924/2835/2583 2927/2834/2582 2933/2836/2584 2930/2837/2585
f 2930/2837/2585 2933/2836/2584 2939/2838/2586 2936/2839/2587
f 2936/2839/2587 2939/2838/2586 2945/2840/2588 2942/2841/2589
f 2942/2841/2589 2945/2842/2588 2951/2843/2590 2948/2844/2591
f 2948/2845/2591 2951/2846/2590 2957/2847/2592 2954/2848/2593
f 2954/2849/2593 2957/2847/2592 2963/2850/2594 2960/2851/2595
f 2960/2852/2595 2963/2853/2594 2969/2854/2596 2966/2855/2597
f 2966/2855/2597 2969/2854/2596 2975/2856/2598 2972/2857/2599
f 2972/2857/2599 2975/2858/2598 2981/2859/2600 2978/2860/2601
f 2978/2861/2601 2981/2859/2600 2987/2862/2602 2984/2863/2603
f 2984/2864/2603 2987/2862/2602 2993/2865/2604 2990/2866/2605
f 2990/2867/2605 2993/2868/2604 2999/2869/2606 2996/2870/2607
f 2996/2870/2607 2999/2869/2606 3005/2871/2608 3002/2872/2609
f 3002/2872/2609 3005/2871/2608 3011/2873/2610 3008/2874/2611
f 3008/2875/2611 3011/2876/2610 3017/2877/2612 3014/2878/2613
f 3014/2879/2613 3017/2880/2612 3023/2881/2614 3020/2882/2615
f 3020/2883/2615 3023/2881/2614 3029/2884/2616 3026/2885/2617
f 3026/2886/2617 3029/2884/2616 3035/2887/2618 3032/2888/2619
f 3032/2889/2619 3035/2890/2618 3041/2891/2620 3038/2892/2621
f 3038/2892/2621 3041/2891/2620 3047/2893/2622 3044/2894/2623
f 3044/2894/2623 3047/2895/2622 3053/2896/2624 3050/2897/2625
f 3050/2898/2625 3053/2896/2624 3059/2899/2626 3056/2900/2627
f 3056/2901/2627 3059/2899/2626 3065/2902/2628 3062/2903/2629
f 3062/2904/2629 3065/2905/2628 3071/2767/2537 3068/2766/2536
f 2792/2906/2630 2795/2907/2631 2801/2908/2541 2798/2770/2540
f 2794/2909/2632 2788/2910/2633 3070/2911/2634 3064/2912/2635 3058/2913/2636 3052/2914/2637 3046/2915/2638 3040/2916/2639 3034/2917/2640 3028/2918/2641 3022/2919/2642 3016/2920/2643 3010/2921/2644 3004/2922/2645 2998/2923/2646 2992/2924/2647 2986/2925/2648 2980/2926/2649 2974/2927/2650 2968/2928/2651 2962/2929/2652 2956/2930/2653 2950/2931/2654 2944/2932/2655 2938/2933/2656 2932/2934/2657 2926/2935/2658 2920/2936/2659 2914/2937/2660 2908/2938/2661 2902/2939/2662 2896/2940/2663 2890/2941/2664 2884/2942/2665 2878/2943/2666 2872/2944/2667 2866/2945/2668 2860/2946/2669 2854/2947/2670 2848/2948/2671 2842/2949/2672 2836/2950/2673 2830/2951/2674 2824/2952/2675 2818/2953/2676 2812/2954/2677 2806/2955/2678 2800/2956/2679
f 2786/2957/2539 2789/2958/2538 2795/2959/2631 2792/2960/2630
f 2786/2957/2539 2792/2960/2630 2793/2961/2680 2787/2962/2681
f 2787/2963/2681 2793/2964/2680 2791/2965/2682 2785/2966/2683
f 2795/2959/2631 2789/2958/2538 2790/2967/2684 2796/2968/2685
f 2796/2969/2685 2790/2970/2684 2788/2910/2633 2794/2909/2632
f 2792/2906/2630 2798/2770/2540 2799/2971/2686 2793/2972/2680
f 2793/2973/2680 2799/2974/2686 2797/2975/2687 2791/2965/2682
f 2801/2908/2541 2795/2907/2631 2796/2976/2685 2802/2977/2688
f 2802/2978/2688 2796/2979/2685 2794/2909/2632 2800/2956/2679
f 2798/2770/2540 2804/2773/2543 2805/2980/2689 2799/2981/2686
f 2799/2982/2686 2805/2983/2689 2803/2984/2690 2797/2975/2687
f 2807/2772/2542 2801/2771/2541 2802/2985/2688 2808/2986/2691
f 2808/2987/2691 2802/2988/2688 2800/2956/2679 2806/2955/2678
f 2804/2774/2543 2810/2776/2545 2811/2989/2692 2805/2990/2689
f 2805/2991/2689 2811/2992/2692 2809/2993/2693 2803/2984/2690
f 2813/2775/2544 2807/2772/2542 2808/2994/2691 2814/2995/2694
f 2814/2996/2694 2808/2997/2691 2806/2955/2678 2812/2954/2677
f 2810/2777/2545 2816/2779/2547 2817/2998/2695 2811/2999/2692
f 2811/3000/2692 2817/3001/2695 2815/3002/2696 2809/2993/2693
f 2819/2778/2546 2813/2775/2544 2814/3003/2694 2820/3004/2697
f 2820/3005/2697 2814/3006/2694 2812/2954/2677 2818/2953/2676
f 2816/2780/2547 2822/2783/2549 2823/3007/2698 2817/3008/2695
f 2817/3009/2695 2823/3010/2698 2821/3011/2699 2815/3002/2696
f 2825/2782/2548 2819/2781/2546 2820/3012/2697 2826/3013/2700
f 2826/3014/2700 2820/3015/2697 2818/2953/2676 2824/2952/2675
f 2822/2783/2549 2828/2785/2551 2829/3016/2701 2823/3017/2698
f 2823/3018/2698 2829/3019/2701 2827/3020/2702 2821/3011/2699
f 2831/2784/2550 2825/2782/2548 2826/3021/2700 2832/3022/2703
f 2832/3023/2703 2826/3024/2700 2824/2952/2675 2830/2951/2674
f 2828/2786/2551 2834/2789/2553 2835/3025/2704 2829/3026/2701
f 2829/3027/2701 2835/3028/2704 2833/3029/2705 2827/3020/2702
f 2837/2788/2552 2831/2787/2550 2832/3030/2703 2838/3031/2706
f 2838/3032/2706 2832/3033/2703 2830/2951/2674 2836/2950/2673
f 2834/2790/2553 2840/2792/2555 2841/3034/2707 2835/3035/2704
f 2835/3036/2704 2841/3037/2707 2839/3038/2708 2833/3029/2705
f 2843/2791/2554 2837/2788/2552 2838/3039/2706 2844/3040/2709
f 2844/3041/2709 2838/3042/2706 2836/2950/2673 2842/2949/2672
f 2840/2793/2555 2846/2795/2557 2847/3043/2710 2841/3044/2707
f 2841/3045/2707 2847/3046/2710 2845/3047/2711 2839/3038/2708
f 2849/2794/2556 2843/2791/2554 2844/3048/2709 2850/3049/2712
f 2850/3050/2712 2844/3051/2709 2842/2949/2672 2848/2948/2671
f 2846/2796/2557 2852/2799/2559 2853/3052/2713 2847/3053/2710
f 2847/3054/2710 2853/3055/2713 2851/3056/2714 2845/3047/2711
f 2855/2798/2558 2849/2797/2556 2850/3057/2712 2856/3058/2715
f 2856/3059/2715 2850/3060/2712 2848/2948/2671 2854/2947/2670
f 2852/2799/2559 2858/2801/2561 2859/3061/2716 2853/3062/2713
f 2853/3063/2713 2859/3064/2716 2857/3065/2717 2851/3056/2714
f 2861/2800/2560 2855/2798/2558 2856/3066/2715 2862/3067/2718
f 2862/3068/2718 2856/3069/2715 2854/2947/2670 2860/2946/2669
f 2858/2802/2561 2864/2805/2563 2865/3070/2719 2859/3071/2716
f 2859/3072/2716 2865/3073/2719 2863/3074/2720 2857/3065/2717
f 2867/2804/2562 2861/2803/2560 2862/3075/2718 2868/3076/2721
f 2868/3077/2721 2862/3078/2718 2860/2946/2669 2866/2945/2668
f 2864/2805/2563 2870/2807/2565 2871/3079/2722 2865/3080/2719
f 2865/3081/2719 2871/3082/2722 2869/3083/2723 2863/3074/2720
f 2873/2806/2564 2867/2804/2562 2868/3084/2721 2874/3085/2724
f 2874/3086/2724 2868/3087/2721 2866/2945/2668 2872/2944/2667
f 2870/2807/2565 2876/2810/2567 2877/3088/2725 2871/3089/2722
f 2871/3090/2722 2877/3091/2725 2875/3092/2726 2869/3083/2723
f 2879/2809/2566 2873/2808/2564 2874/3093/2724 2880/3094/2727
f 2880/3095/2727 2874/3096/2724 2872/2944/2667 2878/2943/2666
f 2876/2811/2567 2882/2813/2569 2883/3097/2728 2877/3098/2725
f 2877/3099/2725 2883/3100/2728 2881/3101/2729 2875/3092/2726
f 2885/2812/2568 2879/2809/2566 2880/3102/2727 2886/3103/2730
f 2886/3104/2730 2880/3105/2727 2878/2943/2666 2884/2942/2665
f 2882/2814/2569 2888/2816/2571 2889/3106/2731 2883/3107/2728
f 2883/3108/2728 2889/3109/2731 2887/3110/2732 2881/3101/2729
f 2891/2815/2570 2885/2812/2568 2886/3111/2730 2892/3112/2733
f 2892/3113/2733 2886/3114/2730 2884/2942/2665 2890/2941/2664
f 2888/2817/2571 2894/2820/2573 2895/3115/2734 2889/3116/2731
f 2889/3117/2731 2895/3118/2734 2893/3119/2735 2887/3110/2732
f 2897/2819/2572 2891/2818/2570 2892/3120/2733 2898/3121/2736
f 2898/3122/2736 2892/3123/2733 2890/2941/2664 2896/2940/2663
f 2894/2820/2573 2900/2822/2575 2901/3124/2737 2895/3125/2734
f 2895/3126/2734 2901/3127/2737 2899/3128/2738 2893/3119/2735
f 2903/2821/2574 2897/2819/2572 2898/3129/2736 2904/3130/2739
f 2904/3131/2739 2898/3132/2736 2896/2940/2663 2902/2939/2662
f 2900/2822/2575 2906/2825/2577 2907/3133/2740 2901/3134/2737
f 2901/3135/2737 2907/3136/2740 2905/3137/2741 2899/3128/2738
f 2909/2824/2576 2903/2823/2574 2904/3138/2739 2910/3139/2742
f 2910/3140/2742 2904/3141/2739 2902/2939/2662 2908/2938/2661
f 2906/2826/2577 2912/2828/2579 2913/3142/2743 2907/3143/2740
f 2907/3144/2740 2913/3145/2743 2911/3146/2744 2905/3137/2741
f 2915/2827/2578 2909/2824/2576 2910/3147/2742 2916/3148/2745
f 2916/3149/2745 2910/3150/2742 2908/2938/2661 2914/2937/2660
f 2912/2829/2579 2918/2831/2581 2919/3151/2746 2913/3152/2743
f 2913/3153/2743 2919/3154/2746 2917/3155/2747 2911/3146/2744
f 2921/2830/2580 2915/2827/2578 2916/3156/2745 2922/3157/2748
f 2922/3158/2748 2916/3159/2745 2914/2937/2660 2920/2936/2659
f 2918/2832/2581 2924/2835/2583 2925/3160/2749 2919/3161/2746
f 2919/3162/2746 2925/3163/2749 2923/3164/2750 2917/3155/2747
f 2927/2834/2582 2921/2833/2580 2922/3165/2748 2928/3166/2751
f 2928/3167/2751 2922/3168/2748 2920/2936/2659 2926/2935/2658
f 2924/2835/2583 2930/2837/2585 2931/3169/2752 2925/3170/2749
f 2925/3171/2749 2931/3172/2752 2929/3173/2753 2923/3164/2750
f 2933/2836/2584 2927/2834/2582 2928/3174/2751 2934/3175/2754
f 2934/3176/2754 2928/3177/2751 2926/2935/2658 2932/2934/2657
f 2930/2837/2585 2936/2839/2587 2937/3178/2755 2931/3179/2752
f 2931/3180/2752 2937/3181/2755 2935/3182/2756 2929/3173/2753
f 2939/2838/2586 2933/2836/2584 2934/3183/2754 2940/3184/2757
f 2940/3185/2757 2934/3186/2754 2932/2934/2657 2938/2933/2656
f 2936/2839/2587 2942/2841/2589 2943/3187/2758 2937/3188/2755
f 2937/3189/2755 2943/3190/2758 2941/3191/2759 2935/3182/2756
f 2945/2840/2588 2939/2838/2586 2940/3192/2757 2946/3193/2760
f 2946/3194/2760 2940/3195/2757 2938/2933/2656 2944/2932/2655
f 2942/2841/2589 2948/2844/2591 2949/3196/2761 2943/3197/2758
f 2943/3198/2758 2949/3199/2761 2947/3200/2762 2941/3191/2759
f 2951/2843/2590 2945/2842/2588 2946/3201/2760 2952/3202/2763
f 2952/3203/2763 2946/3204/2760 2944/2932/2655 2950/2931/2654
f 2948/2845/2591 2954/2848/2593 2955/3205/2764 2949/3206/2761
f 2949/3207/2761 2955/3208/2764 2953/3209/2765 2947/3200/2762
f 2957/2847/2592 2951/2846/2590 2952/3210/2763 2958/3211/2766
f 2958/3212/2766 2952/3213/2763 2950/2931/2654 2956/2930/2653
f 2954/2849/2593 2960/2851/2595 2961/3214/2767 2955/3215/2764
f 2955/3216/2764 2961/3217/2767 2959/3218/2768 2953/3209/2765
f 2963/2850/2594 2957/2847/2592 2958/3219/2766 2964/3220/2769
f 2964/3221/2769 2958/3222/2766 2956/2930/2653 2962/2929/2652
f 2960/2852/2595 2966/2855/2597 2967/3223/2770 2961/3224/2767
f 2961/3225/2767 2967/3226/2770 2965/3227/2771 2959/3218/2768
f 2969/2854/2596 2963/2853/2594 2964/3228/2769 2970/3229/2772
f 2970/3230/2772 2964/3231/2769 2962/2929/2652 2968/2928/2651
f 2966/2855/2597 2972/2857/2599 2973/3232/2773 2967/3233/2770
f 2967/3234/2770 2973/3235/2773 2971/3236/2774 2965/3227/2771
f 2975/2856/2598 2969/2854/2596 2970/3237/2772 2976/3238/2775
f 2976/3239/2775 2970/3240/2772 2968/2928/2651 2974/2927/2650
f 2972/2857/2599 2978/2860/2601 2979/3241/2776 2973/3242/2773
f 2973/3243/2773 2979/3244/2776 2977/3245/2777 2971/3236/2774
f 2981/2859/2600 2975/2858/2598 2976/3246/2775 2982/3247/2778
f 2982/3248/2778 2976/3249/2775 2974/2927/2650 2980/2926/2649
f 2978/2861/2601 2984/2863/2603 2985/3250/2779 2979/3251/2776
f 2979/3252/2776 2985/3253/2779 2983/3254/2780 2977/3245/2777
f 2987/2862/2602 2981/2859/2600 2982/3255/2778 2988/3256/2781
f 2988/3257/2781 2982/3258/2778 2980/2926/2649 2986/2925/2648
f 2984/2864/2603 2990/2866/2605 2991/3259/2782 2985/3260/2779
f 2985/3261/2779 2991/3262/2782 2989/3263/2783 2983/3254/2780
f 2993/2865/2604 2987/2862/2602 2988/3264/2781 2994/3265/2784
f 2994/3266/2784 2988/3267/2781 2986/2925/2648 2992/2924/2647
f 2990/2867/2605 2996/2870/2607 2997/3268/2785 2991/3269/2782
f 2991/3270/2782 2997/3271/2785 2995/3272/2786 2989/3263/2783
f 2999/2869/2606 2993/2868/2604 2994/3273/2784 3000/3274/2787
f 3000/3275/2787 2994/3276/2784 2992/2924/2647 2998/2923/2646
f 2996/2870/2607 3002/2872/2609 3003/3277/2788 2997/3278/2785
f 2997/3279/2785 3003/3280/2788 3001/3281/2789 2995/3272/2786
f 3005/2871/2608 2999/2869/2606 3000/3282/2787 3006/3283/2790
f 3006/3284/2790 3000/3285/2787 2998/2923/2646 3004/2922/2645
f 3002/2872/2609 3008/2874/2611 3009/3286/2791 3003/3287/2788
f 3003/3288/2788 3009/3289/2791 3007/3290/2792 3001/3281/2789
f 3011/2873/2610 3005/2871/2608 3006/3291/2790 3012/3292/2793
f 3012/3293/2793 3006/3294/2790 3004/2922/2645 3010/2921/2644
f 3008/2875/2611 3014/2878/2613 3015/3295/2794 3009/3296/2791
f 3009/3297/2791 3015/3298/2794 3013/3299/2795 3007/3290/2792
f 3017/2877/2612 3011/2876/2610 3012/3300/2793 3018/3301/2796
f 3018/3302/2796 3012/3303/2793 3010/2921/2644 3016/2920/2643
f 3014/2879/2613 3020/2882/2615 3021/3304/2797 3015/3305/2794
f 3015/3306/2794 3021/3307/2797 3019/3308/2798 3013/3299/2795
f 3023/2881/2614 3017/2880/2612 3018/3309/2796 3024/3310/2799
f 3024/3311/2799 3018/3312/2796 3016/2920/2643 3022/2919/2642
f 3020/2883/2615 3026/2885/2617 3027/3313/2800 3021/3314/2797
f 3021/3315/2797 3027/3316/2800 3025/3317/2801 3019/3308/2798
f 3029/2884/2616 3023/2881/2614 3024/3318/2799 3030/3319/2802
f 3030/3320/2802 3024/3321/2799 3022/2919/2642 3028/2918/2641
f 3026/2886/2617 3032/2888/2619 3033/3322/2803 3027/3323/2800
f 3027/3324/2800 3033/3325/2803 3031/3326/2804 3025/3317/2801
f 3035/2887/2618 3029/2884/2616 3030/3327/2802 3036/3328/2805
f 3036/3329/2805 3030/3330/2802 3028/2918/2641 3034/2917/2640
f 3032/2889/2619 3038/2892/2621 3039/3331/2806 3033/3332/2803
f 3033/3333/2803 3039/3334/2806 3037/3335/2807 3031/3326/2804
f 3041/2891/2620 3035/2890/2618 3036/3336/2805 3042/3337/2808
f 3042/3338/2808 3036/3339/2805 3034/2917/2640 3040/2916/2639
f 3038/2892/2621 3044/2894/2623 3045/3340/2809 3039/3341/2806
f 3039/3342/2806 3045/3343/2809 3043/3344/2810 3037/3335/2807
f 3047/2893/2622 3041/2891/2620 3042/3345/2808 3048/3346/2811
f 3048/3347/2811 3042/3348/2808 3040/2916/2639 3046/2915/2638
f 3044/2894/2623 3050/2897/2625 3051/3349/2812 3045/3350/2809
f 3045/3351/2809 3051/3352/2812 3049/3353/2813 3043/3344/2810
f 3053/2896/2624 3047/2895/2622 3048/3354/2811 3054/3355/2814
f 3054/3356/2814 3048/3357/2811 3046/2915/2638 3052/2914/2637
f 3050/2898/2625 3056/2900/2627 3057/3358/2815 3051/3359/2812
f 3051/3360/2812 3057/3361/2815 3055/3362/2816 3049/3353/2813
f 3059/2899/2626 3053/2896/2624 3054/3363/2814 3060/3364/2817
f 3060/3365/2817 3054/3366/2814 3052/2914/2637 3058/2913/2636
f 3056/2901/2627 3062/2903/2629 3063/3367/2818 3057/3368/2815
f 3057/3369/2815 3063/3370/2818 3061/3371/2819 3055/3362/2816
f 3065/2902/2628 3059/2899/2626 3060/3372/2817 3066/3373/2820
f 3066/3374/2820 3060/3375/2817 3058/2913/2636 3064/2912/2635
f 3062/2904/2629 3068/2766/2536 3069/3376/2821 3063/3377/2818
f 3063/3378/2818 3069/3379/2821 3067/3380/2822 3061/3371/2819
f 3071/2767/2537 3065/2905/2628 3066/3381/2820 3072/3382/2823
f 3072/3383/2823 3066/3384/2820 3064/2912/2635 3070/2911/2634
f 3068/2766/2536 2786/2769/2539 2787/3385/2681 3069/3386/2821
f 3069/3387/2821 2787/3388/2681 2785/2966/2683 3067/3380/2822
f 2789/2768/2538 3071/2767/2537 3072/3389/2823 2790/3390/2684
f 2790/3391/2684 3072/3392/2823 3070/2911/2634 2788/2910/2633
f 2785/2966/2683 2791/2965/2682 2797/2975/2687 2803/2984/2690 2809/2993/2693 2815/3002/2696 2821/3011/2699 2827/3020/2702 2833/3029/2705 2839/3038/2708 2845/3047/2711 2851/3056/2714 2857/3065/2717 2863/3074/2720 2869/3083/2723 2875/3092/2726 2881/3101/2729 2887/3110/2732 2893/3119/2735 2899/3128/2738 2905/3137/2741 2911/3146/2744 2917/3155/2747 2923/3164/2750 2929/3173/2753 2935/3182/2756 2941/3191/2759 2947/3200/2762 2953/3209/2765 2959/3218/2768 2965/3227/2771 2971/3236/2774 2977/3245/2777 2983/3254/2780 2989/3263/2783 2995/3272/2786 3001/3281/2789 3007/3290/2792 3013/3299/2795 3019/3308/2798 3025/3317/2801 3031/3326/2804 3037/3335/2807 3043/3344/2810 3049/3353/2813 3055/3362/2816 3061/3371/2819 3067/3380/2822
o Lens_bezel
v -0.025000 0.392624 0.140500
v -0.025000 0.393000 0.140875
v -0.025000 0.392890 0.140610
v -0.025000 0.392624 0.143500
v -0.025000 0.393000 0.143125
v -0.025000 0.392890 0.143390
v -0.023874 0.392550 0.140500
v -0.023825 0.392923 0.140875
v -0.023840 0.392814 0.140610
v -0.023874 0.392550 0.143500
v -0.023825 0.392923 0.143125
v -0.023840 0.392814 0.143390
v -0.022768 0.392330 0.140500
v -0.022671 0.392693 0.140875
v -0.022699 0.392587 0.140610
v -0.022768 0.392330 0.143500
v -0.022671 0.392693 0.143125
v -0.022699 0.392587 0.143390
v -0.021700 0.391968 0.140500
v -0.021556 0.392315 0.140875
v -0.021598 0.392213 0.140610
v -0.021700 0.391968 0.143500
v -0.021556 0.392315 0.143125
v -0.021598 0.392213 0.143390
v -0.020688 0.391469 0.140500
v -0.020500 0.391794 0.140875
v -0.020555 0.391699 0.140610
v -0.020688 0.391469 0.143500
v -0.020500 0.391794 0.143125
v -0.020555 0.391699 0.143390
v -0.019750 0.390842 0.140500
v -0.019521 0.391140 0.140875
v -0.019588 0.391053 0.140610
v -0.019750 0.390842 0.143500
v -0.019521 0.391140 0.143125
v -0.019588 0.391053 0.143390
v -0.018902 0.390098 0.140500
v -0.018636 0.390364 0.140875
v -0.018714 0.390286 0.140610
v -0.018902 0.390098 0.143500
v -0.018636 0.390364 0.143125
v -0.018714 0.390286 0.143390
v -0.018158 0.389250 0.140500
v -0.017860 0.389479 0.140875
v -0.017947 0.389412 0.140610
v -0.018158 0.389250 0.143500
v -0.017860 0.389479 0.143125
v -0.017947 0.389412 0.143390
v -0.017531 0.388312 0.140500
v -0.017206 0.388500 0.140875
v -0.017301 0.388445 0.140610
v -0.017531 0.388312 0.143500
v -0.017206 0.388500 0.143125
v -0.017301 0.388445 0.143390
v -0.017032 0.387300 0.140500
v -0.016685 0.387444 0.140875
v -0.016787 0.387402 0.140610
v -0.017032 0.387300 0.143500
v -0.016685 0.387444 0.143125
v -0.016787 0.387402 0.143390
v -0.016670 0.386232 0.140500
v -0.016307 0.386329 0.140875
v -0.016413 0.386301 0.140610
v -0.016670 0.386232 0.143500
v -0.016307 0.386329 0.143125
v -0.016413 0.386301 0.143390
v -0.016450 0.385126 0.140500
v -0.016077 0.385175 0.140875
v -0.016186 0.385160 0.140610
v -0.016450 0.385126 0.143500
v -0.016077 0.385175 0.143125
v -0.016186 0.385160 0.143390
v -0.016376 0.384000 0.140500
v -0.016000 0.384000 0.140875
v -0.016110 0.384000 0.140610
v -0.016376 0.384000 0.143500
v -0.016000 0.384000 0.143125
v -0.016110 0.384000 0.143390
v -0.016450 0.382874 0.140500
v -0.016077 0.382825 0.140875
v -0.016186 0.382840 0.140610
v -0.016450 0.382874 0.143500
v -0.016077 0.382825 0.143125
v -0.016186 0.382840 0.143390
v -0.016670 0.381768 0.140500
v -0.016307 0.381671 0.140875
v -0.016413 0.381699 0.140610
v -0.016670 0.381768 0.143500
v -0.016307 0.381671 0.143125
v -0.016413 0.381699 0.143390
v -0.017032 0.380700 0.140500
v -0.016685 0.380556 0.140875
v -0.016787 0.380598 0.140610
v -0.017032 0.380700 0.143500
v -0.016685 0.380556 0.143125
v -0.016787 0.380598 0.143390
v -0.017531 0.379688 0.140500
v -0.017206 0.379500 0.140875
v -0.017301 0.379555 0.140610
v -0.017531 0.379688 0.143500
v -0.017206 0.379500 0.143125
v -0.017301 0.379555 0.143390
v -0.018158 0.378750 0.140500
v -0.017860 0.378521 0.140875
v -0.017947 0.378588 0.140610
v -0.018158 0.378750 0.143500
v -0.017860 0.378521 0.143125
v -0.017947 0.378588 0.143390
v -0.018902 0.377902 0.140500
v -0.018636 0.377636 0.140875
v -0.018714 0.377714 0.140610
v -0.018902 0.377902 0.143500
v -0.018636 0.377636 0.143125
v -0.018714 0.377714 0.143390
v -0.019750 0.377158 0.140500
v -0.019521 0.376860 0.140875
v -0.019588 0.376947 0.140610
v -0.019750 0.377158 0.143500
v -0.019521 0.376860 0.143125
v -0.019588 0.376947 0.143390
v -0.020688 0.376531 0.140500
v -0.020500 0.376206 0.140875
v -0.020555 0.376301 0.140610
v -0.020688 0.376531 0.143500
v -0.020500 0.376206 0.143125
v -0.020555 0.376301 0.143390
v -0.021700 0.376032 0.140500
v -0.021556 0.375685 0.140875
v -0.021598 0.375787 0.140610
v -0.021700 0.376032 0.143500
v -0.021556 0.375685 0.143125
v -0.021598 0.375787 0.143390
v -0.022768 0.375670 0.140500
v -0.022671 0.375307 0.140875
v -0.022699 0.375413 0.140610
v -0.022768 0.375670 0.143500
v -0.022671 0.375307 0.143125
v -0.022699 0.375413 0.143390
v -0.023874 0.375450 0.140500
v -0.023825 0.375077 0.140875
v -0.023840 0.375186 0.140610
v -0.023874 0.375450 0.143500
v -0.023825 0.375077 0.143125
v -0.023840 0.375186 0.143390
v -0.025000 0.375376 0.140500
v -0.025000 0.375000 0.140875
v -0.025000 0.375110 0.140610
v -0.025000 0.375376 0.143500
v -0.025000 0.375000 0.143125
v -0.025000 0.375110 0.143390
v -0.026126 0.375450 0.140500
v -0.026175 0.375077 0.140875
v -0.026160 0.375186 0.140610
v -0.026126 0.375450 0.143500
v -0.026175 0.375077 0.143125
v -0.026160 0.375186 0.143390
v -0.027232 0.375670 0.140500
v -0.027329 0.375307 0.140875
v -0.027301 0.375413 0.140610
v -0.027232 0.375670 0.143500
v -0.027329 0.375307 0.143125
v -0.027301 0.375413 0.143390
v -0.028300 0.376032 0.140500
v -0.028444 0.375685 0.140875
v -0.028402 0.375787 0.140610
v -0.028300 0.376032 0.143500
v -0.028444 0.375685 0.143125
v -0.028402 0.375787 0.143390
v -0.029312 0.376531 0.140500
v -0.029500 0.376206 0.140875
v -0.029445 0.376301 0.140610
v -0.029312 0.376531 0.143500
v -0.029500 0.376206 0.143125
v -0.029445 0.376301 0.143390
v -0.030250 0.377158 0.140500
v -0.030479 0.376860 0.140875
v -0.030412 0.376947 0.140610
v -0.030250 0.377158 0.143500
v -0.030479 0.376860 0.143125
v -0.030412 0.376947 0.143390
v -0.031098 0.377902 0.140500
v -0.031364 0.377636 0.140875
v -0.031286 0.377714 0.140610
v -0.031098 0.377902 0.143500
v -0.031364 0.377636 0.143125
v -0.031286 0.377714 0.143390
v -0.031842 0.378750 0.140500
v -0.032140 0.378521 0.140875
v -0.032053 0.378588 0.140610
v -0.031842 0.378750 0.143500
v -0.032140 0.378521 0.143125
v -0.032053 0.378588 0.143390
v -0.032469 0.379688 0.140500
v -0.032794 0.379500 0.140875
v -0.032699 0.379555 0.140610
v -0.032469 0.379688 0.143500
v -0.032794 0.379500 0.143125
v -0.032699 0.379555 0.143390
v -0.032968 0.380700 0.140500
v -0.033315 0.380556 0.140875
v -0.033213 0.380598 0.140610
v -0.032968 0.380700 0.143500
v -0.033315 0.380556 0.143125
v -0.033213 0.380598 0.143390
v -0.033330 0.381768 0.140500
v -0.033693 0.381671 0.140875
v -0.033587 0.381699 0.140610
v -0.033330 0.381768 0.143500
v -0.033693 0.381671 0.143125
v -0.033587 0.381699 0.143390
v -0.033550 0.382874 0.140500
v -0.033923 0.382825 0.140875
v -0.033814 0.382840 0.140610
v -0.033550 0.382874 0.143500
v -0.033923 0.382825 0.143125
v -0.033814 0.382840 0.143390
v -0.033624 0.384000 0.140500
v -0.034000 0.384000 0.140875
v -0.033890 0.384000 0.140610
v -0.033624 0.384000 0.143500
v -0.034000 0.384000 0.143125
v -0.033890 0.384000 0.143390
v -0.033550 0.385126 0.140500
v -0.033923 0.385175 0.140875
v -0.033814 0.385160 0.140610
v -0.033550 0.385126 0.143500
v -0.033923 0.385175 0.143125
v -0.033814 0.385160 0.143390
v -0.033330 0.386232 0.140500
v -0.033693 0.386329 0.140875
v -0.033587 0.386301 0.140610
v -0.033330 0.386232 0.143500
v -0.033693 0.386329 0.143125
v -0.033587 0.386301 0.143390
v -0.032968 0.387300 0.140500
v -0.033315 0.387444 0.140875
v -0.033213 0.387402 0.140610
v -0.032968 0.387300 0.143500
v -0.033315 0.387444 0.143125
v -0.033213 0.387402 0.143390
v -0.032469 0.388312 0.140500
v -0.032794 0.388500 0.140875
v -0.032699 0.388445 0.140610
v -0.032469 0.388312 0.143500
v -0.032794 0.388500 0.143125
v -0.032699 0.388445 0.143390
v -0.031842 0.389250 0.140500
v -0.032140 0.389479 0.140875
v -0.032053 0.389412 0.140610
v -0.031842 0.389250 0.143500
v -0.032140 0.389479 0.143125
v -0.032053 0.389412 0.143390
v -0.031098 0.390098 0.140500
v -0.031364 0.390364 0.140875
v -0.031286 0.390286 0.140610
v -0.031098 0.390098 0.143500
v -0.031364 0.390364 0.143125
v -0.031286 0.390286 0.143390
v -0.030250 0.390842 0.140500
v -0.030479 0.391140 0.140875
v -0.030412 0.391053 0.140610
v -0.030250 0.390842 0.143500
v -0.030479 0.391140 0.143125
v -0.030412 0.391053 0.143390
v -0.029312 0.391469 0.140500
v -0.029500 0.391794 0.140875
v -0.029445 0.391699 0.140610
v -0.029312 0.391469 0.143500
v -0.029500 0.391794 0.143125
v -0.029445 0.391699 0.143390
v -0.028300 0.391968 0.140500
v -0.028444 0.392315 0.140875
v -0.028402 0.392213 0.140610
v -0.028300 0.391968 0.143500
v -0.028444 0.392315 0.143125
v -0.028402 0.392213 0.143390
v -0.027232 0.392330 0.140500
v -0.027329 0.392693 0.140875
v -0.027301 0.392587 0.140610
v -0.027232 0.392330 0.143500
v -0.027329 0.392693 0.143125
v -0.027301 0.392587 0.143390
v -0.026126 0.392550 0.140500
v -0.026175 0.392923 0.140875
v -0.026160 0.392814 0.140610
v -0.026126 0.392550 0.143500
v -0.026175 0.392923 0.143125
v -0.026160 0.392814 0.143390
vn -0.1304 0.9905 -0.0436
vn -0.1304 0.9905 0.0436
vn -0.0000 0.9990 0.0436
vn -0.0000 0.9990 -0.0436
vn 0.2586 0.9650 -0.0436
vn 0.2586 0.9650 0.0436
vn 0.3823 0.9230 0.0436
vn 0.3823 0.9230 -0.0436
vn 0.4995 0.8652 0.0436
vn 0.4995 0.8652 -0.0436
vn 0.6082 0.7926 0.0436
vn 0.6082 0.7926 -0.0436
vn 0.7064 0.7064 0.0436
vn 0.7064 0.7064 -0.0436
vn 0.7926 0.6082 0.0436
vn 0.7926 0.6082 -0.0436
vn 0.8652 0.4995 0.0436
vn 0.8652 0.4995 -0.0436
vn 0.9230 0.3823 0.0436
vn 0.9230 0.3823 -0.0436
vn 0.9650 0.2586 0.0436
vn 0.9650 0.2586 -0.0436
vn 0.9905 0.1304 0.0436
vn 0.9905 0.1304 -0.0436
vn 0.9990 -0.0000 0.0436
vn 0.9990 -0.0000 -0.0436
vn 0.9905 -0.1304 0.0436
vn 0.9905 -0.1304 -0.0436
vn 0.9650 -0.2586 0.0436
vn 0.9650 -0.2586 -0.0436
vn 0.9230 -0.3823 0.0436
vn 0.9230 -0.3823 -0.0436
vn 0.8652 -0.4995 0.0436
vn 0.8652 -0.4995 -0.0436
vn 0.7926 -0.6082 0.0436
vn 0.7926 -0.6082 -0.0436
vn 0.7064 -0.7064 0.0436
vn 0.7064 -0.7064 -0.0436
vn 0.6082 -0.7926 0.0436
vn 0.6082 -0.7926 -0.0436
vn 0.4995 -0.8652 0.0436
vn 0.4995 -0.8652 -0.0436
vn 0.3823 -0.9230 0.0436
vn 0.3823 -0.9230 -0.0436
vn 0.2586 -0.9650 0.0436
vn 0.2586 -0.9650 -0.0436
vn 0.1304 -0.9905 0.0436
vn 0.1304 -0.9905 -0.0436
vn -0.0000 -0.9990 0.0436
vn -0.0000 -0.9990 -0.0436
vn -0.1304 -0.9905 0.0436
vn -0.1304 -0.9905 -0.0436
vn -0.2586 -0.9650 0.0436
vn -0.2586 -0.9650 -0.0436
vn -0.3823 -0.9230 0.0436
vn -0.3823 -0.9230 -0.0436
vn -0.4995 -0.8652 0.0436
vn -0.4995 -0.8652 -0.0436
vn -0.6082 -0.7926 0.0436
vn -0.6082 -0.7926 -0.0436
vn -0.7064 -0.7064 0.0436
vn -0.7064 -0.7064 -0.0436
vn -0.7926 -0.6082 0.0436
vn -0.7926 -0.6082 -0.0436
vn -0.8652 -0.4995 0.0436
vn -0.8652 -0.4995 -0.0436
vn -0.9230 -0.3823 0.0436
vn -0.9230 -0.3823 -0.0436
vn -0.9650 -0.2586 0.0436
vn -0.9650 -0.2586 -0.0436
vn -0.9905 -0.1304 0.0436
vn -0.9905 -0.1304 -0.0436
vn -0.9990 -0.0000 0.0436
vn -0.9990 -0.0000 -0.0436
vn -0.9905 0.1304 0.0436
vn -0.9905 0.1304 -0.0436
vn -0.9650 0.2586 0.0436
vn -0.9650 0.2586 -0.0436
vn -0.9230 0.3823 0.0436
vn -0.9230 0.3823 -0.0436
vn -0.8652 0.4995 0.0436
vn -0.8652 0.4995 -0.0436
vn -0.7926 0.6082 0.0436
vn -0.7926 0.6082 -0.0436
vn -0.7064 0.7064 0.0436
vn -0.7064 0.7064 -0.0436
vn -0.6082 0.7926 0.0436
vn -0.6082 0.7926 -0.0436
vn -0.4995 0.8652 0.0436
vn -0.4995 0.8652 -0.0436
vn -0.3823 0.9230 0.0436
vn -0.3823 0.9230 -0.0436
vn -0.2586 0.9650 0.0436
vn -0.2586 0.9650 -0.0436
vn 0.1304 0.9905 -0.0436
vn 0.1304 0.9905 0.0436
vn 0.0002 0.0011 1.0000
vn -0.0000 0.0011 1.0000
vn -0.0001 0.0011 1.0000
vn -0.0003 0.0011 1.0000
vn -0.0004 0.0011 1.0000
vn -0.0006 0.0010 1.0000
vn -0.0007 0.0009 1.0000
vn -0.0008 0.0008 1.0000
vn -0.0009 0.0007 1.0000
vn -0.0010 0.0006 1.0000
vn -0.0010 0.0005 1.0000
vn -0.0011 0.0003 1.0000
vn -0.0011 0.0002 1.0000
vn -0.0011 -0.0000 1.0000
vn -0.0011 -0.0001 1.0000
vn -0.0011 -0.0003 1.0000
vn -0.0011 -0.0004 1.0000
vn -0.0010 -0.0006 1.0000
vn -0.0009 -0.0007 1.0000
vn -0.0008 -0.0008 1.0000
vn -0.0007 -0.0009 1.0000
vn -0.0006 -0.0010 1.0000
vn -0.0005 -0.0010 1.0000
vn -0.0003 -0.0011 1.0000
vn -0.0002 -0.0011 1.0000
vn -0.0000 -0.0011 1.0000
vn 0.0001 -0.0011 1.0000
vn 0.0003 -0.0011 1.0000
vn 0.0004 -0.0011 1.0000
vn 0.0006 -0.0010 1.0000
vn 0.0007 -0.0009 1.0000
vn 0.0008 -0.0008 1.0000
vn 0.0009 -0.0007 1.0000
vn 0.0010 -0.0006 1.0000
vn 0.0010 -0.0005 1.0000
vn 0.0011 -0.0003 1.0000
vn 0.0011 -0.0002 1.0000
vn 0.0011 -0.0000 1.0000
vn 0.0011 0.0001 1.0000
vn 0.0011 0.0003 1.0000
vn 0.0011 0.0004 1.0000
vn 0.0010 0.0006 1.0000
vn 0.0009 0.0007 1.0000
vn 0.0008 0.0008 1.0000
vn 0.0007 0.0009 1.0000
vn 0.0006 0.0010 1.0000
vn 0.0005 0.0010 1.0000
vn 0.0003 0.0011 1.0000
vn 0.0926 0.7034 -0.7048
vn -0.0000 0.7095 -0.7047
vn 0.0002 0.0011 -1.0000
vn -0.0000 0.0011 -1.0000
vn -0.0000 0.7095 0.7047
vn 0.0926 0.7034 0.7047
vn 0.1836 0.6853 -0.7047
vn 0.0003 0.0011 -1.0000
vn 0.1836 0.6853 0.7047
vn 0.2715 0.6554 -0.7048
vn 0.0005 0.0010 -1.0000
vn 0.2715 0.6555 0.7047
vn 0.3547 0.6144 -0.7047
vn 0.0006 0.0010 -1.0000
vn 0.3547 0.6144 0.7047
vn 0.4319 0.5628 -0.7048
vn 0.0007 0.0009 -1.0000
vn 0.4319 0.5629 0.7047
vn 0.5016 0.5016 -0.7048
vn 0.0008 0.0008 -1.0000
vn 0.5016 0.5016 0.7048
vn 0.5629 0.4319 -0.7047
vn 0.0009 0.0007 -1.0000
vn 0.5629 0.4319 0.7047
vn 0.6144 0.3547 -0.7047
vn 0.0010 0.0006 -1.0000
vn 0.6144 0.3547 0.7048
vn 0.6555 0.2715 -0.7047
vn 0.0011 0.0004 -1.0000
vn 0.6555 0.2715 0.7047
vn 0.6853 0.1836 -0.7047
vn 0.0011 0.0003 -1.0000
vn 0.6852 0.1836 0.7048
vn 0.7034 0.0926 -0.7047
vn 0.0011 0.0001 -1.0000
vn 0.7034 0.0926 0.7047
vn 0.7095 -0.0000 -0.7047
vn 0.0011 -0.0000 -1.0000
vn 0.7095 -0.0000 0.7047
vn 0.7034 -0.0926 -0.7047
vn 0.0011 -0.0002 -1.0000
vn 0.7034 -0.0926 0.7047
vn 0.6852 -0.1836 -0.7048
vn 0.0011 -0.0003 -1.0000
vn 0.6853 -0.1836 0.7047
vn 0.6555 -0.2715 -0.7047
vn 0.0010 -0.0005 -1.0000
vn 0.6555 -0.2715 0.7047
vn 0.6144 -0.3547 -0.7047
vn 0.0010 -0.0006 -1.0000
vn 0.6144 -0.3547 0.7047
vn 0.5629 -0.4319 -0.7047
vn 0.0009 -0.0007 -1.0000
vn 0.5629 -0.4319 0.7047
vn 0.5016 -0.5016 -0.7048
vn 0.0008 -0.0008 -1.0000
vn 0.5016 -0.5016 0.7048
vn 0.4319 -0.5629 -0.7047
vn 0.0007 -0.0009 -1.0000
vn 0.4319 -0.5628 0.7048
vn 0.3547 -0.6144 -0.7047
vn 0.0006 -0.0010 -1.0000
vn 0.3547 -0.6144 0.7047
vn 0.2715 -0.6554 -0.7048
vn 0.0004 -0.0011 -1.0000
vn 0.2715 -0.6555 0.7047
vn 0.1836 -0.6853 -0.7047
vn 0.0003 -0.0011 -1.0000
vn 0.1836 -0.6853 0.7047
vn 0.0926 -0.7034 -0.7047
vn 0.0001 -0.0011 -1.0000
vn 0.0926 -0.7034 0.7047
vn -0.0000 -0.7095 -0.7047
vn -0.0000 -0.0011 -1.0000
vn -0.0000 -0.7095 0.7047
vn -0.0926 -0.7034 -0.7048
vn -0.0002 -0.0011 -1.0000
vn -0.0926 -0.7034 0.7047
vn -0.1836 -0.6853 -0.7047
vn -0.0003 -0.0011 -1.0000
vn -0.1836 -0.6853 0.7047
vn -0.2715 -0.6554 -0.7048
vn -0.0005 -0.0010 -1.0000
vn -0.2715 -0.6555 0.7047
vn -0.3547 -0.6144 -0.7047
vn -0.0006 -0.0010 -1.0000
vn -0.3547 -0.6144 0.7047
vn -0.4319 -0.5628 -0.7048
vn -0.0007 -0.0009 -1.0000
vn -0.4319 -0.5629 0.7047
vn -0.5016 -0.5016 -0.7048
vn -0.0008 -0.0008 -1.0000
vn -0.5016 -0.5016 0.7048
vn -0.5629 -0.4319 -0.7047
vn -0.0009 -0.0007 -1.0000
vn -0.5629 -0.4319 0.7047
vn -0.6144 -0.3547 -0.7047
vn -0.0010 -0.0006 -1.0000
vn -0.6144 -0.3547 0.7048
vn -0.6555 -0.2715 -0.7047
vn -0.0011 -0.0004 -1.0000
vn -0.6555 -0.2715 0.7047
vn -0.6853 -0.1836 -0.7047
vn -0.0011 -0.0003 -1.0000
vn -0.6852 -0.1836 0.7048
vn -0.7034 -0.0926 -0.7047
vn -0.0011 -0.0001 -1.0000
vn -0.7034 -0.0926 0.7047
vn -0.7095 -0.0000 -0.7047
vn -0.0011 -0.0000 -1.0000
vn -0.7095 -0.0000 0.7047
vn -0.7034 0.0926 -0.7047
vn -0.0011 0.0002 -1.0000
vn -0.7034 0.0926 0.7047
vn -0.6852 0.1836 -0.7048
vn -0.0011 0.0003 -1.0000
vn -0.6853 0.1836 0.7047
vn -0.6555 0.2715 -0.7047
vn -0.0010 0.0005 -1.0000
vn -0.6555 0.2715 0.7047
vn -0.6144 0.3547 -0.7047
vn -0.0010 0.0006 -1.0000
vn -0.6144 0.3547 0.7047
vn -0.5629 0.4319 -0.7047
vn -0.0009 0.0007 -1.0000
vn -0.5629 0.4319 0.7047
vn -0.5016 0.5016 -0.7048
vn -0.0008 0.0008 -1.0000
vn -0.5016 0.5016 0.7048
vn -0.4319 0.5629 -0.7047
vn -0.0007 0.0009 -1.0000
vn -0.4319 0.5628 0.7048
vn -0.3547 0.6144 -0.7047
vn -0.0006 0.0010 -1.0000
vn -0.3547 0.6144 0.7047
vn -0.2715 0.6554 -0.7048
vn -0.0004 0.0011 -1.0000
vn -0.2715 0.6555 0.7047
vn -0.1836 0.6853 -0.7047
vn -0.0003 0.0011 -1.0000
vn -0.1836 0.6853 0.7047
vn -0.0926 0.7034 -0.7047
vn -0.0001 0.0011 -1.0000
vn -0.0926 0.7034 0.7047
vt 0.020834 0.562500
vt 0.020834 0.937500
vt 0.000000 0.937500
vt 0.000000 0.562500
vt 0.958333 0.562500
vt 0.958333 0.937500
vt 0.937500 0.937500
vt 0.937500 0.562500
vt 0.937500 0.562500
vt 0.916667 0.937500
vt 0.916667 0.562500
vt 0.916667 0.562500
vt 0.895833 0.937500
vt 0.895833 0.562500
vt 0.895833 0.562500
vt 0.895833 0.937500
vt 0.875000 0.937500
vt 0.875000 0.562500
vt 0.854167 0.937500
vt 0.854167 0.562500
vt 0.854167 0.562500
vt 0.854167 0.937500
vt 0.833333 0.937500
vt 0.833333 0.562500
vt 0.833333 0.562500
vt 0.812500 0.937500
vt 0.812500 0.562500
vt 0.812500 0.562500
vt 0.791667 0.937500
vt 0.791667 0.562500
vt 0.791667 0.562500
vt 0.791667 0.937500
vt 0.770834 0.937500
vt 0.770834 0.562500
vt 0.750000 0.937500
vt 0.750000 0.562500
vt 0.750000 0.562500
vt 0.750000 0.937500
vt 0.729167 0.937500
vt 0.729167 0.562500
vt 0.708334 0.937500
vt 0.708334 0.562500
vt 0.708334 0.937500
vt 0.687500 0.937500
vt 0.687500 0.562500
vt 0.687500 0.562500
vt 0.666667 0.937500
vt 0.666667 0.562500
vt 0.666667 0.562500
vt 0.645834 0.937500
vt 0.645834 0.562500
vt 0.645834 0.562500
vt 0.645834 0.937500
vt 0.625000 0.937500
vt 0.625000 0.562500
vt 0.604167 0.937500
vt 0.604167 0.562500
vt 0.604167 0.937500
vt 0.583334 0.937500
vt 0.583334 0.562500
vt 0.583334 0.562500
vt 0.562500 0.937500
vt 0.562500 0.562500
vt 0.562500 0.562500
vt 0.541667 0.937500
vt 0.541667 0.562500
vt 0.541667 0.562500
vt 0.541667 0.937500
vt 0.520834 0.937500
vt 0.520834 0.562500
vt 0.500000 0.937500
vt 0.500000 0.562500
vt 0.479167 0.937500
vt 0.479167 0.562500
vt 0.458334 0.937500
vt 0.458334 0.562500
vt 0.458334 0.937500
vt 0.437500 0.937500
vt 0.437500 0.562500
vt 0.437500 0.562500
vt 0.437500 0.937500
vt 0.416667 0.937500
vt 0.416667 0.562500
vt 0.416667 0.562500
vt 0.395834 0.937500
vt 0.395834 0.562500
vt 0.395834 0.562500
vt 0.395834 0.937500
vt 0.375000 0.937500
vt 0.375000 0.562500
vt 0.354167 0.937500
vt 0.354167 0.562500
vt 0.354167 0.937500
vt 0.333334 0.937500
vt 0.333334 0.562500
vt 0.333334 0.562500
vt 0.312500 0.937500
vt 0.312500 0.562500
vt 0.312500 0.562500
vt 0.291667 0.937500
vt 0.291667 0.562500
vt 0.291667 0.562500
vt 0.291667 0.937500
vt 0.270834 0.937500
vt 0.270834 0.562500
vt 0.250000 0.937500
vt 0.250000 0.562500
vt 0.229167 0.937500
vt 0.229167 0.562500
vt 0.229167 0.562500
vt 0.229167 0.937500
vt 0.208334 0.937500
vt 0.208334 0.562500
vt 0.208334 0.562500
vt 0.208334 0.937500
vt 0.187500 0.937500
vt 0.187500 0.562500
vt 0.187500 0.562500
vt 0.166667 0.937500
vt 0.166667 0.562500
vt 0.166667 0.562500
vt 0.145834 0.937500
vt 0.145834 0.562500
vt 0.145834 0.562500
vt 0.145834 0.937500
vt 0.125000 0.937500
vt 0.125000 0.562500
vt 0.104167 0.937500
vt 0.104167 0.562500
vt 0.104167 0.937500
vt 0.083334 0.937500
vt 0.083334 0.562500
vt 0.083334 0.562500
vt 0.062500 0.937500
vt 0.062500 0.562500
vt 0.062500 0.562500
vt 0.041667 0.937500
vt 0.041667 0.562500
vt 0.041667 0.562500
vt 0.041667 0.937500
vt 0.979167 0.562500
vt 0.979167 0.937500
vt 0.958333 0.937500
vt 0.280018 0.478011
vt 0.250000 0.479978
vt 0.219982 0.478011
vt 0.190477 0.472142
vt 0.161991 0.462473
vt 0.135011 0.449167
vt 0.109998 0.432454
vt 0.087381 0.412619
vt 0.067546 0.390002
vt 0.050833 0.364989
vt 0.037527 0.338009
vt 0.027858 0.309523
vt 0.021989 0.280018
vt 0.020021 0.250000
vt 0.021989 0.219982
vt 0.027858 0.190477
vt 0.037527 0.161991
vt 0.050833 0.135011
vt 0.067546 0.109998
vt 0.087381 0.087381
vt 0.109998 0.067546
vt 0.135011 0.050833
vt 0.161991 0.037527
vt 0.190477 0.027858
vt 0.219982 0.021989
vt 0.250000 0.020021
vt 0.280018 0.021989
vt 0.309523 0.027858
vt 0.338009 0.037527
vt 0.364989 0.050833
vt 0.390002 0.067546
vt 0.412619 0.087381
vt 0.432454 0.109998
vt 0.449167 0.135011
vt 0.462472 0.161991
vt 0.472142 0.190477
vt 0.478011 0.219982
vt 0.479979 0.250000
vt 0.478011 0.280018
vt 0.472142 0.309523
vt 0.462473 0.338009
vt 0.449167 0.364989
vt 0.432454 0.390002
vt 0.412619 0.412619
vt 0.390002 0.432454
vt 0.364989 0.449167
vt 0.338009 0.462472
vt 0.309523 0.472142
vt 1.000000 0.562500
vt 1.000000 0.937500
vt 0.979167 0.937500
vt 0.979167 0.562500
vt 0.979294 0.500000
vt 0.999872 0.500000
vt 0.750192 0.489987
vt 0.781134 0.487959
vt 0.780018 0.478011
vt 0.750000 0.479978
vt 0.999872 1.000000
vt 0.979294 1.000000
vt 0.281134 0.487959
vt 0.250192 0.489987
vt 0.958461 0.500000
vt 0.979039 0.500000
vt 0.781515 0.487909
vt 0.811928 0.481860
vt 0.809523 0.472142
vt 0.979039 1.000000
vt 0.958461 1.000000
vt 0.311928 0.481860
vt 0.281515 0.487909
vt 0.937628 0.500000
vt 0.958206 0.500000
vt 0.812299 0.481760
vt 0.841662 0.471793
vt 0.838009 0.462473
vt 0.958206 1.000000
vt 0.937628 1.000000
vt 0.341662 0.471793
vt 0.312299 0.481760
vt 0.916794 0.500000
vt 0.937372 0.500000
vt 0.842017 0.471646
vt 0.869827 0.457931
vt 0.864989 0.449167
vt 0.937372 1.000000
vt 0.916795 1.000000
vt 0.369827 0.457931
vt 0.342017 0.471646
vt 0.895961 0.500000
vt 0.916539 0.500000
vt 0.870160 0.457739
vt 0.895943 0.440512
vt 0.890002 0.432454
vt 0.916539 1.000000
vt 0.895961 1.000000
vt 0.395943 0.440512
vt 0.370160 0.457739
vt 0.875128 0.500000
vt 0.895706 0.500000
vt 0.896248 0.440278
vt 0.919561 0.419833
vt 0.912619 0.412619
vt 0.895706 1.000000
vt 0.875128 1.000000
vt 0.419561 0.419833
vt 0.396247 0.440278
vt 0.854295 0.500000
vt 0.874872 0.500000
vt 0.919833 0.419561
vt 0.940278 0.396247
vt 0.932454 0.390002
vt 0.874872 1.000000
vt 0.854295 1.000000
vt 0.440278 0.396248
vt 0.419833 0.419561
vt 0.833461 0.500000
vt 0.854039 0.500000
vt 0.940512 0.395943
vt 0.957739 0.370160
vt 0.949167 0.364989
vt 0.854039 1.000000
vt 0.833461 1.000000
vt 0.457739 0.370160
vt 0.440512 0.395943
vt 0.812628 0.500000
vt 0.833206 0.500000
vt 0.957931 0.369827
vt 0.971646 0.342017
vt 0.962472 0.338009
vt 0.833206 1.000000
vt 0.812628 1.000000
vt 0.471646 0.342017
vt 0.457931 0.369827
vt 0.791795 0.500000
vt 0.812372 0.500000
vt 0.971793 0.341662
vt 0.981760 0.312299
vt 0.972142 0.309523
vt 0.812372 1.000000
vt 0.791795 1.000000
vt 0.481760 0.312299
vt 0.471793 0.341662
vt 0.770961 0.500000
vt 0.791539 0.500000
vt 0.981860 0.311928
vt 0.987909 0.281515
vt 0.978011 0.280018
vt 0.791539 1.000000
vt 0.770961 1.000000
vt 0.487909 0.281515
vt 0.481860 0.311928
vt 0.750128 0.500000
vt 0.770706 0.500000
vt 0.987959 0.281134
vt 0.989987 0.250192
vt 0.979978 0.250000
vt 0.770706 1.000000
vt 0.750128 1.000000
vt 0.489987 0.250192
vt 0.487959 0.281134
vt 0.729295 0.500000
vt 0.749872 0.500000
vt 0.989987 0.249808
vt 0.987959 0.218866
vt 0.978011 0.219982
vt 0.749872 1.000000
vt 0.729295 1.000000
vt 0.487959 0.218866
vt 0.489987 0.249808
vt 0.708461 0.500000
vt 0.729039 0.500000
vt 0.987909 0.218485
vt 0.981860 0.188072
vt 0.972142 0.190477
vt 0.729039 1.000000
vt 0.708461 1.000000
vt 0.481860 0.188072
vt 0.487909 0.218485
vt 0.687628 0.500000
vt 0.708206 0.500000
vt 0.981760 0.187701
vt 0.971793 0.158338
vt 0.962472 0.161991
vt 0.708206 1.000000
vt 0.687628 1.000000
vt 0.471793 0.158338
vt 0.481760 0.187701
vt 0.666795 0.500000
vt 0.687373 0.500000
vt 0.971646 0.157983
vt 0.957931 0.130173
vt 0.949167 0.135011
vt 0.687373 1.000000
vt 0.666795 1.000000
vt 0.457931 0.130173
vt 0.471646 0.157983
vt 0.645961 0.500000
vt 0.666539 0.500000
vt 0.957739 0.129840
vt 0.940512 0.104057
vt 0.932454 0.109998
vt 0.666539 1.000000
vt 0.645961 1.000000
vt 0.440512 0.104057
vt 0.457739 0.129840
vt 0.625128 0.500000
vt 0.645706 0.500000
vt 0.940278 0.103752
vt 0.919833 0.080439
vt 0.912619 0.087381
vt 0.645706 1.000000
vt 0.625128 1.000000
vt 0.419833 0.080439
vt 0.440278 0.103752
vt 0.604295 0.500000
vt 0.624873 0.500000
vt 0.919561 0.080167
vt 0.896248 0.059722
vt 0.890002 0.067546
vt 0.624873 1.000000
vt 0.604295 1.000000
vt 0.396248 0.059722
vt 0.419561 0.080167
vt 0.583462 0.500000
vt 0.604039 0.500000
vt 0.895943 0.059488
vt 0.870160 0.042261
vt 0.864989 0.050833
vt 0.604039 1.000000
vt 0.583462 1.000000
vt 0.370160 0.042261
vt 0.395943 0.059488
vt 0.562628 0.500000
vt 0.583206 0.500000
vt 0.869827 0.042069
vt 0.842017 0.028354
vt 0.838009 0.037527
vt 0.583206 1.000000
vt 0.562628 1.000000
vt 0.342017 0.028354
vt 0.369827 0.042069
vt 0.541795 0.500000
vt 0.562373 0.500000
vt 0.841662 0.028207
vt 0.812299 0.018240
vt 0.809523 0.027858
vt 0.562373 1.000000
vt 0.541795 1.000000
vt 0.312299 0.018240
vt 0.341662 0.028207
vt 0.520962 0.500000
vt 0.541539 0.500000
vt 0.811928 0.018140
vt 0.781515 0.012091
vt 0.780018 0.021989
vt 0.541539 1.000000
vt 0.520962 1.000000
vt 0.281515 0.012091
vt 0.311928 0.018140
vt 0.500128 0.500000
vt 0.520706 0.500000
vt 0.781134 0.012041
vt 0.750192 0.010013
vt 0.750000 0.020021
vt 0.520706 1.000000
vt 0.500128 1.000000
vt 0.250192 0.010013
vt 0.281134 0.012041
vt 0.479295 0.500000
vt 0.499873 0.500000
vt 0.749808 0.010013
vt 0.718866 0.012041
vt 0.719982 0.021989
vt 0.499873 1.000000
vt 0.479295 1.000000
vt 0.218866 0.012041
vt 0.249808 0.010013
vt 0.458462 0.500000
vt 0.479039 0.500000
vt 0.718485 0.012091
vt 0.688072 0.018140
vt 0.690477 0.027858
vt 0.479039 1.000000
vt 0.458462 1.000000
vt 0.188072 0.018140
vt 0.218485 0.012091
vt 0.437628 0.500000
vt 0.458206 0.500000
vt 0.687701 0.018240
vt 0.658338 0.028207
vt 0.661991 0.037527
vt 0.458206 1.000000
vt 0.437628 1.000000
vt 0.158338 0.028207
vt 0.187701 0.018240
vt 0.416795 0.500000
vt 0.437373 0.500000
vt 0.657983 0.028354
vt 0.630173 0.042069
vt 0.635011 0.050833
vt 0.437373 1.000000
vt 0.416795 1.000000
vt 0.130173 0.042069
vt 0.157983 0.028354
vt 0.395962 0.500000
vt 0.416539 0.500000
vt 0.629840 0.042261
vt 0.604057 0.059488
vt 0.609998 0.067546
vt 0.416539 1.000000
vt 0.395962 1.000000
vt 0.104057 0.059488
vt 0.129840 0.042261
vt 0.375128 0.500000
vt 0.395706 0.500000
vt 0.603752 0.059722
vt 0.580439 0.080167
vt 0.587380 0.087381
vt 0.395706 1.000000
vt 0.375128 1.000000
vt 0.080439 0.080167
vt 0.103752 0.059722
vt 0.354295 0.500000
vt 0.374873 0.500000
vt 0.580167 0.080439
vt 0.559722 0.103752
vt 0.567546 0.109998
vt 0.374873 1.000000
vt 0.354295 1.000000
vt 0.059722 0.103752
vt 0.080167 0.080439
vt 0.333462 0.500000
vt 0.354039 0.500000
vt 0.559488 0.104057
vt 0.542261 0.129840
vt 0.550833 0.135011
vt 0.354039 1.000000
vt 0.333462 1.000000
vt 0.042261 0.129840
vt 0.059488 0.104057
vt 0.312628 0.500000
vt 0.333206 0.500000
vt 0.542069 0.130173
vt 0.528354 0.157983
vt 0.537527 0.161991
vt 0.333206 1.000000
vt 0.312628 1.000000
vt 0.028354 0.157983
vt 0.042069 0.130173
vt 0.291795 0.500000
vt 0.312373 0.500000
vt 0.528207 0.158338
vt 0.518240 0.187701
vt 0.527858 0.190477
vt 0.312373 1.000000
vt 0.291795 1.000000
vt 0.018240 0.187701
vt 0.028207 0.158338
vt 0.270961 0.500000
vt 0.291539 0.500000
vt 0.518140 0.188072
vt 0.512091 0.218485
vt 0.521989 0.219982
vt 0.291539 1.000000
vt 0.270961 1.000000
vt 0.012091 0.218485
vt 0.018140 0.188072
vt 0.250128 0.500000
vt 0.270706 0.500000
vt 0.512041 0.218866
vt 0.510013 0.249808
vt 0.520021 0.250000
vt 0.270706 1.000000
vt 0.250128 1.000000
vt 0.010013 0.249808
vt 0.012041 0.218866
vt 0.229295 0.500000
vt 0.249873 0.500000
vt 0.510013 0.250192
vt 0.512041 0.281134
vt 0.521989 0.280018
vt 0.249873 1.000000
vt 0.229295 1.000000
vt 0.012041 0.281134
vt 0.010013 0.250192
vt 0.208461 0.500000
vt 0.229039 0.500000
vt 0.512091 0.281515
vt 0.518140 0.311928
vt 0.527858 0.309523
vt 0.229039 1.000000
vt 0.208461 1.000000
vt 0.018140 0.311928
vt 0.012091 0.281515
vt 0.187628 0.500000
vt 0.208206 0.500000
vt 0.518240 0.312299
vt 0.528207 0.341662
vt 0.537528 0.338009
vt 0.208206 1.000000
vt 0.187628 1.000000
vt 0.028207 0.341662
vt 0.018240 0.312299
vt 0.166795 0.500000
vt 0.187373 0.500000
vt 0.528354 0.342017
vt 0.542069 0.369827
vt 0.550833 0.364989
vt 0.187373 1.000000
vt 0.166795 1.000000
vt 0.042069 0.369827
vt 0.028354 0.342017
vt 0.145962 0.500000
vt 0.166539 0.500000
vt 0.542261 0.370160
vt 0.559488 0.395943
vt 0.567546 0.390002
vt 0.166539 1.000000
vt 0.145961 1.000000
vt 0.059488 0.395943
vt 0.042261 0.370160
vt 0.125128 0.500000
vt 0.145706 0.500000
vt 0.559722 0.396248
vt 0.580167 0.419561
vt 0.587381 0.412619
vt 0.145706 1.000000
vt 0.125128 1.000000
vt 0.080167 0.419561
vt 0.059722 0.396247
vt 0.104295 0.500000
vt 0.124873 0.500000
vt 0.580439 0.419833
vt 0.603752 0.440278
vt 0.609998 0.432454
vt 0.124873 1.000000
vt 0.104295 1.000000
vt 0.103752 0.440278
vt 0.080439 0.419833
vt 0.083462 0.500000
vt 0.104039 0.500000
vt 0.604057 0.440512
vt 0.629840 0.457739
vt 0.635011 0.449167
vt 0.104039 1.000000
vt 0.083462 1.000000
vt 0.129840 0.457739
vt 0.104057 0.440512
vt 0.062628 0.500000
vt 0.083206 0.500000
vt 0.630173 0.457931
vt 0.657983 0.471646
vt 0.661991 0.462472
vt 0.083206 1.000000
vt 0.062628 1.000000
vt 0.157983 0.471646
vt 0.130173 0.457931
vt 0.041795 0.500000
vt 0.062373 0.500000
vt 0.658338 0.471793
vt 0.687701 0.481760
vt 0.690477 0.472142
vt 0.062373 1.000000
vt 0.041795 1.000000
vt 0.187701 0.481760
vt 0.158338 0.471793
vt 0.020962 0.500000
vt 0.041539 0.500000
vt 0.688072 0.481860
vt 0.718485 0.487909
vt 0.719982 0.478011
vt 0.041539 1.000000
vt 0.020962 1.000000
vt 0.218485 0.487909
vt 0.188072 0.481860
vt 0.000128 0.500000
vt 0.020706 0.500000
vt 0.718866 0.487959
vt 0.749808 0.489987
vt 0.020706 1.000000
vt 0.000128 1.000000
vt 0.249808 0.489987
vt 0.218866 0.487959
s 1
usemtl Anodized_graphite
f 3356/3393/2824 3359/3394/2825 3077/3395/2826 3074/3396/2827
f 3086/3397/2828 3089/3398/2829 3095/3399/2830 3092/3400/2831
f 3092/3401/2831 3095/3399/2830 3101/3402/2832 3098/3403/2833
f 3098/3404/2833 3101/3402/2832 3107/3405/2834 3104/3406/2835
f 3104/3407/2835 3107/3408/2834 3113/3409/2836 3110/3410/2837
f 3110/3410/2837 3113/3409/2836 3119/3411/2838 3116/3412/2839
f 3116/3413/2839 3119/3414/2838 3125/3415/2840 3122/3416/2841
f 3122/3417/2841 3125/3415/2840 3131/3418/2842 3128/3419/2843
f 3128/3420/2843 3131/3418/2842 3137/3421/2844 3134/3422/2845
f 3134/3423/2845 3137/3424/2844 3143/3425/2846 3140/3426/2847
f 3140/3426/2847 3143/3425/2846 3149/3427/2848 3146/3428/2849
f 3146/3429/2849 3149/3430/2848 3155/3431/2850 3152/3432/2851
f 3152/3432/2851 3155/3431/2850 3161/3433/2852 3158/3434/2853
f 3158/3434/2853 3161/3435/2852 3167/3436/2854 3164/3437/2855
f 3164/3438/2855 3167/3436/2854 3173/3439/2856 3170/3440/2857
f 3170/3441/2857 3173/3439/2856 3179/3442/2858 3176/3443/2859
f 3176/3444/2859 3179/3445/2858 3185/3446/2860 3182/3447/2861
f 3182/3447/2861 3185/3446/2860 3191/3448/2862 3188/3449/2863
f 3188/3449/2863 3191/3450/2862 3197/3451/2864 3194/3452/2865
f 3194/3453/2865 3197/3451/2864 3203/3454/2866 3200/3455/2867
f 3200/3456/2867 3203/3454/2866 3209/3457/2868 3206/3458/2869
f 3206/3459/2869 3209/3460/2868 3215/3461/2870 3212/3462/2871
f 3212/3462/2871 3215/3461/2870 3221/3463/2872 3218/3464/2873
f 3218/3464/2873 3221/3463/2872 3227/3465/2874 3224/3466/2875
f 3224/3466/2875 3227/3465/2874 3233/3467/2876 3230/3468/2877
f 3230/3468/2877 3233/3469/2876 3239/3470/2878 3236/3471/2879
f 3236/3472/2879 3239/3473/2878 3245/3474/2880 3242/3475/2881
f 3242/3476/2881 3245/3474/2880 3251/3477/2882 3248/3478/2883
f 3248/3479/2883 3251/3480/2882 3257/3481/2884 3254/3482/2885
f 3254/3482/2885 3257/3481/2884 3263/3483/2886 3260/3484/2887
f 3260/3484/2887 3263/3485/2886 3269/3486/2888 3266/3487/2889
f 3266/3488/2889 3269/3486/2888 3275/3489/2890 3272/3490/2891
f 3272/3491/2891 3275/3489/2890 3281/3492/2892 3278/3493/2893
f 3278/3494/2893 3281/3495/2892 3287/3496/2894 3284/3497/2895
f 3284/3497/2895 3287/3496/2894 3293/3498/2896 3290/3499/2897
f 3290/3499/2897 3293/3498/2896 3299/3500/2898 3296/3501/2899
f 3296/3502/2899 3299/3503/2898 3305/3504/2900 3302/3505/2901
f 3302/3506/2901 3305/3507/2900 3311/3508/2902 3308/3509/2903
f 3308/3510/2903 3311/3508/2902 3317/3511/2904 3314/3512/2905
f 3314/3513/2905 3317/3511/2904 3323/3514/2906 3320/3515/2907
f 3320/3516/2907 3323/3517/2906 3329/3518/2908 3326/3519/2909
f 3326/3519/2909 3329/3518/2908 3335/3520/2910 3332/3521/2911
f 3332/3521/2911 3335/3522/2910 3341/3523/2912 3338/3524/2913
f 3338/3525/2913 3341/3523/2912 3347/3526/2914 3344/3527/2915
f 3344/3528/2915 3347/3526/2914 3353/3529/2916 3350/3530/2917
f 3350/3531/2917 3353/3532/2916 3359/3394/2825 3356/3393/2824
f 3080/3533/2918 3083/3534/2919 3089/3535/2829 3086/3397/2828
f 3082/3536/2920 3076/3537/2921 3358/3538/2922 3352/3539/2923 3346/3540/2924 3340/3541/2925 3334/3542/2926 3328/3543/2927 3322/3544/2928 3316/3545/2929 3310/3546/2930 3304/3547/2931 3298/3548/2932 3292/3549/2933 3286/3550/2934 3280/3551/2935 3274/3552/2936 3268/3553/2937 3262/3554/2938 3256/3555/2939 3250/3556/2940 3244/3557/2941 3238/3558/2942 3232/3559/2943 3226/3560/2944 3220/3561/2945 3214/3562/2946 3208/3563/2947 3202/3564/2948 3196/3565/2949 3190/3566/2950 3184/3567/2951 3178/3568/2952 3172/3569/2953 3166/3570/2954 3160/3571/2955 3154/3572/2956 3148/3573/2957 3142/3574/2958 3136/3575/2959 3130/3576/2960 3124/3577/2961 3118/3578/2962 3112/3579/2963 3106/3580/2964 3100/3581/2965 3094/3582/2966 3088/3583/2967
f 3074/3584/2827 3077/3585/2826 3083/3586/2919 3080/3587/2918
f 3074/3584/2827 3080/3587/2918 3081/3588/2968 3075/3589/2969
f 3075/3590/2969 3081/3591/2968 3079/3592/2970 3073/3593/2971
f 3083/3586/2919 3077/3585/2826 3078/3594/2972 3084/3595/2973
f 3084/3596/2973 3078/3597/2972 3076/3537/2921 3082/3536/2920
f 3080/3533/2918 3086/3397/2828 3087/3598/2974 3081/3599/2968
f 3081/3600/2968 3087/3601/2974 3085/3602/2975 3079/3592/2970
f 3089/3535/2829 3083/3534/2919 3084/3603/2973 3090/3604/2976
f 3090/3605/2976 3084/3606/2973 3082/3536/2920 3088/3583/2967
f 3086/3397/2828 3092/3400/2831 3093/3607/2977 3087/3608/2974
f 3087/3609/2974 3093/3610/2977 3091/3611/2978 3085/3602/2975
f 3095/3399/2830 3089/3398/2829 3090/3612/2976 3096/3613/2979
f 3096/3614/2979 3090/3615/2976 3088/3583/2967 3094/3582/2966
f 3092/3401/2831 3098/3403/2833 3099/3616/2980 3093/3617/2977
f 3093/3618/2977 3099/3619/2980 3097/3620/2981 3091/3611/2978
f 3101/3402/2832 3095/3399/2830 3096/3621/2979 3102/3622/2982
f 3102/3623/2982 3096/3624/2979 3094/3582/2966 3100/3581/2965
f 3098/3404/2833 3104/3406/2835 3105/3625/2983 3099/3626/2980
f 3099/3627/2980 3105/3628/2983 3103/3629/2984 3097/3620/2981
f 3107/3405/2834 3101/3402/2832 3102/3630/2982 3108/3631/2985
f 3108/3632/2985 3102/3633/2982 3100/3581/2965 3106/3580/2964
f 3104/3407/2835 3110/3410/2837 3111/3634/2986 3105/3635/2983
f 3105/3636/2983 3111/3637/2986 3109/3638/2987 3103/3629/2984
f 3113/3409/2836 3107/3408/2834 3108/3639/2985 3114/3640/2988
f 3114/3641/2988 3108/3642/2985 3106/3580/2964 3112/3579/2963
f 3110/3410/2837 3116/3412/2839 3117/3643/2989 3111/3644/2986
f 3111/3645/2986 3117/3646/2989 3115/3647/2990 3109/3638/2987
f 3119/3411/2838 3113/3409/2836 3114/3648/2988 3120/3649/2991
f 3120/3650/2991 3114/3651/2988 3112/3579/2963 3118/3578/2962
f 3116/3413/2839 3122/3416/2841 3123/3652/2992 3117/3653/2989
f 3117/3654/2989 3123/3655/2992 3121/3656/2993 3115/3647/2990
f 3125/3415/2840 3119/3414/2838 3120/3657/2991 3126/3658/2994
f 3126/3659/2994 3120/3660/2991 3118/3578/2962 3124/3577/2961
f 3122/3417/2841 3128/3419/2843 3129/3661/2995 3123/3662/2992
f 3123/3663/2992 3129/3664/2995 3127/3665/2996 3121/3656/2993
f 3131/3418/2842 3125/3415/2840 3126/3666/2994 3132/3667/2997
f 3132/3668/2997 3126/3669/2994 3124/3577/2961 3130/3576/2960
f 3128/3420/2843 3134/3422/2845 3135/3670/2998 3129/3671/2995
f 3129/3672/2995 3135/3673/2998 3133/3674/2999 3127/3665/2996
f 3137/3421/2844 3131/3418/2842 3132/3675/2997 3138/3676/3000
f 3138/3677/3000 3132/3678/2997 3130/3576/2960 3136/3575/2959
f 3134/3423/2845 3140/3426/2847 3141/3679/3001 3135/3680/2998
f 3135/3681/2998 3141/3682/3001 3139/3683/3002 3133/3674/2999
f 3143/3425/2846 3137/3424/2844 3138/3684/3000 3144/3685/3003
f 3144/3686/3003 3138/3687/3000 3136/3575/2959 3142/3574/2958
f 3140/3426/2847 3146/3428/2849 3147/3688/3004 3141/3689/3001
f 3141/3690/3001 3147/3691/3004 3145/3692/3005 3139/3683/3002
f 3149/3427/2848 3143/3425/2846 3144/3693/3003 3150/3694/3006
f 3150/3695/3006 3144/3696/3003 3142/3574/2958 3148/3573/2957
f 3146/3429/2849 3152/3432/2851 3153/3697/3007 3147/3698/3004
f 3147/3699/3004 3153/3700/3007 3151/3701/3008 3145/3692/3005
f 3155/3431/2850 3149/3430/2848 3150/3702/3006 3156/3703/3009
f 3156/3704/3009 3150/3705/3006 3148/3573/2957 3154/3572/2956
f 3152/3432/2851 3158/3434/2853 3159/3706/3010 3153/3707/3007
f 3153/3708/3007 3159/3709/3010 3157/3710/3011 3151/3701/3008
f 3161/3433/2852 3155/3431/2850 3156/3711/3009 3162/3712/3012
f 3162/3713/3012 3156/3714/3009 3154/3572/2956 3160/3571/2955
f 3158/3434/2853 3164/3437/2855 3165/3715/3013 3159/3716/3010
f 3159/3717/3010 3165/3718/3013 3163/3719/3014 3157/3710/3011
f 3167/3436/2854 3161/3435/2852 3162/3720/3012 3168/3721/3015
f 3168/3722/3015 3162/3723/3012 3160/3571/2955 3166/3570/2954
f 3164/3438/2855 3170/3440/2857 3171/3724/3016 3165/3725/3013
f 3165/3726/3013 3171/3727/3016 3169/3728/3017 3163/3719/3014
f 3173/3439/2856 3167/3436/2854 3168/3729/3015 3174/3730/3018
f 3174/3731/3018 3168/3732/3015 3166/3570/2954 3172/3569/2953
f 3170/3441/2857 3176/3443/2859 3177/3733/3019 3171/3734/3016
f 3171/3735/3016 3177/3736/3019 3175/3737/3020 3169/3728/3017
f 3179/3442/2858 3173/3439/2856 3174/3738/3018 3180/3739/3021
f 3180/3740/3021 3174/3741/3018 3172/3569/2953 3178/3568/2952
f 3176/3444/2859 3182/3447/2861 3183/3742/3022 3177/3743/3019
f 3177/3744/3019 3183/3745/3022 3181/3746/3023 3175/3737/3020
f 3185/3446/2860 3179/3445/2858 3180/3747/3021 3186/3748/3024
f 3186/3749/3024 3180/3750/3021 3178/3568/2952 3184/3567/2951
f 3182/3447/2861 3188/3449/2863 3189/3751/3025 3183/3752/3022
f 3183/3753/3022 3189/3754/3025 3187/3755/3026 3181/3746/3023
f 3191/3448/2862 3185/3446/2860 3186/3756/3024 3192/3757/3027
f 3192/3758/3027 3186/3759/3024 3184/3567/2951 3190/3566/2950
f 3188/3449/2863 3194/3452/2865 3195/3760/3028 3189/3761/3025
f 3189/3762/3025 3195/3763/3028 3193/3764/3029 3187/3755/3026
f 3197/3451/2864 3191/3450/2862 3192/3765/3027 3198/3766/3030
f 3198/3767/3030 3192/3768/3027 3190/3566/2950 3196/3565/2949
f 3194/3453/2865 3200/3455/2867 3201/3769/3031 3195/3770/3028
f 3195/3771/3028 3201/3772/3031 3199/3773/3032 3193/3764/3029
f 3203/3454/2866 3197/3451/2864 3198/3774/3030 3204/3775/3033
f 3204/3776/3033 3198/3777/3030 3196/3565/2949 3202/3564/2948
f 3200/3456/2867 3206/3458/2869 3207/3778/3034 3201/3779/3031
f 3201/3780/3031 3207/3781/3034 3205/3782/3035 3199/3773/3032
f 3209/3457/2868 3203/3454/2866 3204/3783/3033 3210/3784/3036
f 3210/3785/3036 3204/3786/3033 3202/3564/2948 3208/3563/2947
f 3206/3459/2869 3212/3462/2871 3213/3787/3037 3207/3788/3034
f 3207/3789/3034 3213/3790/3037 3211/3791/3038 3205/3782/3035
f 3215/3461/2870 3209/3460/2868 3210/3792/3036 3216/3793/3039
f 3216/3794/3039 3210/3795/3036 3208/3563/2947 3214/3562/2946
f 3212/3462/2871 3218/3464/2873 3219/3796/3040 3213/3797/3037
f 3213/3798/3037 3219/3799/3040 3217/3800/3041 3211/3791/3038
f 3221/3463/2872 3215/3461/2870 3216/3801/3039 3222/3802/3042
f 3222/3803/3042 3216/3804/3039 3214/3562/2946 3220/3561/2945
f 3218/3464/2873 3224/3466/2875 3225/3805/3043 3219/3806/3040
f 3219/3807/3040 3225/3808/3043 3223/3809/3044 3217/3800/3041
f 3227/3465/2874 3221/3463/2872 3222/3810/3042 3228/3811/3045
f 3228/3812/3045 3222/3813/3042 3220/3561/2945 3226/3560/2944
f 3224/3466/2875 3230/3468/2877 3231/3814/3046 3225/3815/3043
f 3225/3816/3043 3231/3817/3046 3229/3818/3047 3223/3809/3044
f 3233/3467/2876 3227/3465/2874 3228/3819/3045 3234/3820/3048
f 3234/3821/3048 3228/3822/3045 3226/3560/2944 3232/3559/2943
f 3230/3468/2877 3236/3471/2879 3237/3823/3049 3231/3824/3046
f 3231/3825/3046 3237/3826/3049 3235/3827/3050 3229/3818/3047
f 3239/3470/2878 3233/3469/2876 3234/3828/3048 3240/3829/3051
f 3240/3830/3051 3234/3831/3048 3232/3559/2943 3238/3558/2942
f 3236/3472/2879 3242/3475/2881 3243/3832/3052 3237/3833/3049
f 3237/3834/3049 3243/3835/3052 3241/3836/3053 3235/3827/3050
f 3245/3474/2880 3239/3473/2878 3240/3837/3051 3246/3838/3054
f 3246/3839/3054 3240/3840/3051 3238/3558/2942 3244/3557/2941
f 3242/3476/2881 3248/3478/2883 3249/3841/3055 3243/3842/3052
f 3243/3843/3052 3249/3844/3055 3247/3845/3056 3241/3836/3053
f 3251/3477/2882 3245/3474/2880 3246/3846/3054 3252/3847/3057
f 3252/3848/3057 3246/3849/3054 3244/3557/2941 3250/3556/2940
f 3248/3479/2883 3254/3482/2885 3255/3850/3058 3249/3851/3055
f 3249/3852/3055 3255/3853/3058 3253/3854/3059 3247/3845/3056
f 3257/3481/2884 3251/3480/2882 3252/3855/3057 3258/3856/3060
f 3258/3857/3060 3252/3858/3057 3250/3556/2940 3256/3555/2939
f 3254/3482/2885 3260/3484/2887 3261/3859/3061 3255/3860/3058
f 3255/3861/3058 3261/3862/3061 3259/3863/3062 3253/3854/3059
f 3263/3483/2886 3257/3481/2884 3258/3864/3060 3264/3865/3063
f 3264/3866/3063 3258/3867/3060 3256/3555/2939 3262/3554/2938
f 3260/3484/2887 3266/3487/2889 3267/3868/3064 3261/3869/3061
f 3261/3870/3061 3267/3871/3064 3265/3872/3065 3259/3863/3062
f 3269/3486/2888 3263/3485/2886 3264/3873/3063 3270/3874/3066
f 3270/3875/3066 3264/3876/3063 3262/3554/2938 3268/3553/2937
f 3266/3488/2889 3272/3490/2891 3273/3877/3067 3267/3878/3064
f 3267/3879/3064 3273/3880/3067 3271/3881/3068 3265/3872/3065
f 3275/3489/2890 3269/3486/2888 3270/3882/3066 3276/3883/3069
f 3276/3884/3069 3270/3885/3066 3268/3553/2937 3274/3552/2936
f 3272/3491/2891 3278/3493/2893 3279/3886/3070 3273/3887/3067
f 3273/3888/3067 3279/3889/3070 3277/3890/3071 3271/3881/3068
f 3281/3492/2892 3275/3489/2890 3276/3891/3069 3282/3892/3072
f 3282/3893/3072 3276/3894/3069 3274/3552/2936 3280/3551/2935
f 3278/3494/2893 3284/3497/2895 3285/3895/3073 3279/3896/3070
f 3279/3897/3070 3285/3898/3073 3283/3899/3074 3277/3890/3071
f 3287/3496/2894 3281/3495/2892 3282/3900/3072 3288/3901/3075
f 3288/3902/3075 3282/3903/3072 3280/3551/2935 3286/3550/2934
f 3284/3497/2895 3290/3499/2897 3291/3904/3076 3285/3905/3073
f 3285/3906/3073 3291/3907/3076 3289/3908/3077 3283/3899/3074
f 3293/3498/2896 3287/3496/2894 3288/3909/3075 3294/3910/3078
f 3294/3911/3078 3288/3912/3075 3286/3550/2934 3292/3549/2933
f 3290/3499/2897 3296/3501/2899 3297/3913/3079 3291/3914/3076
f 3291/3915/3076 3297/3916/3079 3295/3917/3080 3289/3908/3077
f 3299/3500/2898 3293/3498/2896 3294/3918/3078 3300/3919/3081
f 3300/3920/3081 3294/3921/3078 3292/3549/2933 3298/3548/2932
f 3296/3502/2899 3302/3505/2901 3303/3922/3082 3297/3923/3079
f 3297/3924/3079 3303/3925/3082 3301/3926/3083 3295/3917/3080
f 3305/3504/2900 3299/3503/2898 3300/3927/3081 3306/3928/3084
f 3306/3929/3084 3300/3930/3081 3298/3548/2932 3304/3547/2931
f 3302/3506/2901 3308/3509/2903 3309/3931/3085 3303/3932/3082
f 3303/3933/3082 3309/3934/3085 3307/3935/3086 3301/3926/3083
f 3311/3508/2902 3305/3507/2900 3306/3936/3084 3312/3937/3087
f 3312/3938/3087 3306/3939/3084 3304/3547/2931 3310/3546/2930
f 3308/3510/2903 3314/3512/2905 3315/3940/3088 3309/3941/3085
f 3309/3942/3085 3315/3943/3088 3313/3944/3089 3307/3935/3086
f 3317/3511/2904 3311/3508/2902 3312/3945/3087 3318/3946/3090
f 3318/3947/3090 3312/3948/3087 3310/3546/2930 3316/3545/2929
f 3314/3513/2905 3320/3515/2907 3321/3949/3091 3315/3950/3088
f 3315/3951/3088 3321/3952/3091 3319/3953/3092 3313/3944/3089
f 3323/3514/2906 3317/3511/2904 3318/3954/3090 3324/3955/3093
f 3324/3956/3093 3318/3957/3090 3316/3545/2929 3322/3544/2928
f 3320/3516/2907 3326/3519/2909 3327/3958/3094 3321/3959/3091
f 3321/3960/3091 3327/3961/3094 3325/3962/3095 3319/3953/3092
f 3329/3518/2908 3323/3517/2906 3324/3963/3093 3330/3964/3096
f 3330/3965/3096 3324/3966/3093 3322/3544/2928 3328/3543/2927
f 3326/3519/2909 3332/3521/2911 3333/3967/3097 3327/3968/3094
f 3327/3969/3094 3333/3970/3097 3331/3971/3098 3325/3962/3095
f 3335/3520/2910 3329/3518/2908 3330/3972/3096 3336/3973/3099
f 3336/3974/3099 3330/3975/3096 3328/3543/2927 3334/3542/2926
f 3332/3521/2911 3338/3524/2913 3339/3976/3100 3333/3977/3097
f 3333/3978/3097 3339/3979/3100 3337/3980/3101 3331/3971/3098
f 3341/3523/2912 3335/3522/2910 3336/3981/3099 3342/3982/3102
f 3342/3983/3102 3336/3984/3099 3334/3542/2926 3340/3541/2925
f 3338/3525/2913 3344/3527/2915 3345/3985/3103 3339/3986/3100
f 3339/3987/3100 3345/3988/3103 3343/3989/3104 3337/3980/3101
f 3347/3526/2914 3341/3523/2912 3342/3990/3102 3348/3991/3105
f 3348/3992/3105 3342/3993/3102 3340/3541/2925 3346/3540/2924
f 3344/3528/2915 3350/3530/2917 3351/3994/3106 3345/3995/3103
f 3345/3996/3103 3351/3997/3106 3349/3998/3107 3343/3989/3104
f 3353/3529/2916 3347/3526/2914 3348/3999/3105 3354/4000/3108
f 3354/4001/3108 3348/4002/3105 3346/3540/2924 3352/3539/2923
f 3350/3531/2917 3356/3393/2824 3357/4003/3109 3351/4004/3106
f 3351/4005/3106 3357/4006/3109 3355/4007/3110 3349/3998/3107
f 3359/3394/2825 3353/3532/2916 3354/4008/3108 3360/4009/3111
f 3360/4010/3111 3354/4011/3108 3352/3539/2923 3358/3538/2922
f 3356/3393/2824 3074/3396/2827 3075/4012/2969 3357/4013/3109
f 3357/4014/3109 3075/4015/2969 3073/3593/2971 3355/4007/3110
f 3077/3395/2826 3359/3394/2825 3360/4016/3111 3078/4017/2972
f 3078/4018/2972 3360/4019/3111 3358/3538/2922 3076/3537/2921
f 3073/3593/2971 3079/3592/2970 3085/3602/2975 3091/3611/2978 3097/3620/2981 3103/3629/2984 3109/3638/2987 3115/3647/2990 3121/3656/2993 3127/3665/2996 3133/3674/2999 3139/3683/3002 3145/3692/3005 3151/3701/3008 3157/3710/3011 3163/3719/3014 3169/3728/3017 3175/3737/3020 3181/3746/3023 3187/3755/3026 3193/3764/3029 3199/3773/3032 3205/3782/3035 3211/3791/3038 3217/3800/3041 3223/3809/3044 3229/3818/3047 3235/3827/3050 3241/3836/3053 3247/3845/3056 3253/3854/3059 3259/3863/3062 3265/3872/3065 3271/3881/3068 3277/3890/3071 3283/3899/3074 3289/3908/3077 3295/3917/3080 3301/3926/3083 3307/3935/3086 3313/3944/3089 3319/3953/3092 3325/3962/3095 3331/3971/3098 3337/3980/3101 3343/3989/3104 3349/3998/3107 3355/4007/3110
o Lens_aluminum_ring.001
v 0.025000 0.394374 0.136500
v 0.025000 0.395000 0.137125
v 0.025000 0.394816 0.136683
v 0.025000 0.394374 0.141500
v 0.025000 0.395000 0.140875
v 0.025000 0.394816 0.141317
v 0.026354 0.394285 0.136500
v 0.026436 0.394906 0.137125
v 0.026412 0.394723 0.136683
v 0.026354 0.394285 0.141500
v 0.026436 0.394906 0.140875
v 0.026412 0.394723 0.141317
v 0.027685 0.394020 0.136500
v 0.027847 0.394625 0.137125
v 0.027799 0.394447 0.136683
v 0.027685 0.394020 0.141500
v 0.027847 0.394625 0.140875
v 0.027799 0.394447 0.141317
v 0.028970 0.393584 0.136500
v 0.029210 0.394163 0.137125
v 0.029139 0.393993 0.136683
v 0.028970 0.393584 0.141500
v 0.029210 0.394163 0.140875
v 0.029139 0.393993 0.141317
v 0.030187 0.392984 0.136500
v 0.030500 0.393526 0.137125
v 0.030408 0.393367 0.136683
v 0.030187 0.392984 0.141500
v 0.030500 0.393526 0.140875
v 0.030408 0.393367 0.141317
v 0.031315 0.392230 0.136500
v 0.031696 0.392727 0.137125
v 0.031584 0.392581 0.136683
v 0.031315 0.392230 0.141500
v 0.031696 0.392727 0.140875
v 0.031584 0.392581 0.141317
v 0.032335 0.391335 0.136500
v 0.032778 0.391778 0.137125
v 0.032648 0.391648 0.136683
v 0.032335 0.391335 0.141500
v 0.032778 0.391778 0.140875
v 0.032648 0.391648 0.141317
v 0.033230 0.390315 0.136500
v 0.033727 0.390696 0.137125
v 0.033581 0.390584 0.136683
v 0.033230 0.390315 0.141500
v 0.033727 0.390696 0.140875
v 0.033581 0.390584 0.141317
v 0.033984 0.389187 0.136500
v 0.034526 0.389500 0.137125
v 0.034367 0.389408 0.136683
v 0.033984 0.389187 0.141500
v 0.034526 0.389500 0.140875
v 0.034367 0.389408 0.141317
v 0.034584 0.387970 0.136500
v 0.035163 0.388210 0.137125
v 0.034993 0.388139 0.136683
v 0.034584 0.387970 0.141500
v 0.035163 0.388210 0.140875
v 0.034993 0.388139 0.141317
v 0.035020 0.386685 0.136500
v 0.035625 0.386847 0.137125
v 0.035447 0.386799 0.136683
v 0.035020 0.386685 0.141500
v 0.035625 0.386847 0.140875
v 0.035447 0.386799 0.141317
v 0.035285 0.385354 0.136500
v 0.035906 0.385436 0.137125
v 0.035723 0.385412 0.136683
v 0.035285 0.385354 0.141500
v 0.035906 0.385436 0.140875
v 0.035723 0.385412 0.141317
v 0.035374 0.384000 0.136500
v 0.036000 0.384000 0.137125
v 0.035816 0.384000 0.136683
v 0.035374 0.384000 0.141500
v 0.036000 0.384000 0.140875
v 0.035816 0.384000 0.141317
v 0.035285 0.382646 0.136500
v 0.035906 0.382564 0.137125
v 0.035723 0.382588 0.136683
v 0.035285 0.382646 0.141500
v 0.035906 0.382564 0.140875
v 0.035723 0.382588 0.141317
v 0.035020 0.381315 0.136500
v 0.035625 0.381153 0.137125
v 0.035447 0.381201 0.136683
v 0.035020 0.381315 0.141500
v 0.035625 0.381153 0.140875
v 0.035447 0.381201 0.141317
v 0.034584 0.380030 0.136500
v 0.035163 0.379790 0.137125
v 0.034993 0.379861 0.136683
v 0.034584 0.380030 0.141500
v 0.035163 0.379790 0.140875
v 0.034993 0.379861 0.141317
v 0.033984 0.378813 0.136500
v 0.034526 0.378500 0.137125
v 0.034367 0.378592 0.136683
v 0.033984 0.378813 0.141500
v 0.034526 0.378500 0.140875
v 0.034367 0.378592 0.141317
v 0.033230 0.377685 0.136500
v 0.033727 0.377304 0.137125
v 0.033581 0.377416 0.136683
v 0.033230 0.377685 0.141500
v 0.033727 0.377304 0.140875
v 0.033581 0.377416 0.141317
v 0.032335 0.376665 0.136500
v 0.032778 0.376222 0.137125
v 0.032648 0.376352 0.136683
v 0.032335 0.376665 0.141500
v 0.032778 0.376222 0.140875
v 0.032648 0.376352 0.141317
v 0.031315 0.375770 0.136500
v 0.031696 0.375273 0.137125
v 0.031584 0.375419 0.136683
v 0.031315 0.375770 0.141500
v 0.031696 0.375273 0.140875
v 0.031584 0.375419 0.141317
v 0.030187 0.375016 0.136500
v 0.030500 0.374474 0.137125
v 0.030408 0.374633 0.136683
v 0.030187 0.375016 0.141500
v 0.030500 0.374474 0.140875
v 0.030408 0.374633 0.141317
v 0.028970 0.374416 0.136500
v 0.029210 0.373837 0.137125
v 0.029139 0.374007 0.136683
v 0.028970 0.374416 0.141500
v 0.029210 0.373837 0.140875
v 0.029139 0.374007 0.141317
v 0.027685 0.373980 0.136500
v 0.027847 0.373375 0.137125
v 0.027799 0.373553 0.136683
v 0.027685 0.373980 0.141500
v 0.027847 0.373375 0.140875
v 0.027799 0.373553 0.141317
v 0.026354 0.373715 0.136500
v 0.026436 0.373094 0.137125
v 0.026412 0.373277 0.136683
v 0.026354 0.373715 0.141500
v 0.026436 0.373094 0.140875
v 0.026412 0.373277 0.141317
v 0.025000 0.373626 0.136500
v 0.025000 0.373000 0.137125
v 0.025000 0.373184 0.136683
v 0.025000 0.373626 0.141500
v 0.025000 0.373000 0.140875
v 0.025000 0.373184 0.141317
v 0.023646 0.373715 0.136500
v 0.023564 0.373094 0.137125
v 0.023588 0.373277 0.136683
v 0.023646 0.373715 0.141500
v 0.023564 0.373094 0.140875
v 0.023588 0.373277 0.141317
v 0.022315 0.373980 0.136500
v 0.022153 0.373375 0.137125
v 0.022201 0.373553 0.136683
v 0.022315 0.373980 0.141500
v 0.022153 0.373375 0.140875
v 0.022201 0.373553 0.141317
v 0.021030 0.374416 0.136500
v 0.020790 0.373837 0.137125
v 0.020861 0.374007 0.136683
v 0.021030 0.374416 0.141500
v 0.020790 0.373837 0.140875
v 0.020861 0.374007 0.141317
v 0.019813 0.375016 0.136500
v 0.019500 0.374474 0.137125
v 0.019592 0.374633 0.136683
v 0.019813 0.375016 0.141500
v 0.019500 0.374474 0.140875
v 0.019592 0.374633 0.141317
v 0.018685 0.375770 0.136500
v 0.018304 0.375273 0.137125
v 0.018416 0.375419 0.136683
v 0.018685 0.375770 0.141500
v 0.018304 0.375273 0.140875
v 0.018416 0.375419 0.141317
v 0.017665 0.376665 0.136500
v 0.017222 0.376222 0.137125
v 0.017352 0.376352 0.136683
v 0.017665 0.376665 0.141500
v 0.017222 0.376222 0.140875
v 0.017352 0.376352 0.141317
v 0.016770 0.377685 0.136500
v 0.016273 0.377304 0.137125
v 0.016419 0.377416 0.136683
v 0.016770 0.377685 0.141500
v 0.016273 0.377304 0.140875
v 0.016419 0.377416 0.141317
v 0.016016 0.378813 0.136500
v 0.015474 0.378500 0.137125
v 0.015633 0.378592 0.136683
v 0.016016 0.378813 0.141500
v 0.015474 0.378500 0.140875
v 0.015633 0.378592 0.141317
v 0.015416 0.380030 0.136500
v 0.014837 0.379790 0.137125
v 0.015007 0.379861 0.136683
v 0.015416 0.380030 0.141500
v 0.014837 0.379790 0.140875
v 0.015007 0.379861 0.141317
v 0.014980 0.381315 0.136500
v 0.014375 0.381153 0.137125
v 0.014553 0.381201 0.136683
v 0.014980 0.381315 0.141500
v 0.014375 0.381153 0.140875
v 0.014553 0.381201 0.141317
v 0.014715 0.382646 0.136500
v 0.014094 0.382564 0.137125
v 0.014277 0.382588 0.136683
v 0.014715 0.382646 0.141500
v 0.014094 0.382564 0.140875
v 0.014277 0.382588 0.141317
v 0.014626 0.384000 0.136500
v 0.014000 0.384000 0.137125
v 0.014184 0.384000 0.136683
v 0.014626 0.384000 0.141500
v 0.014000 0.384000 0.140875
v 0.014184 0.384000 0.141317
v 0.014715 0.385354 0.136500
v 0.014094 0.385436 0.137125
v 0.014277 0.385412 0.136683
v 0.014715 0.385354 0.141500
v 0.014094 0.385436 0.140875
v 0.014277 0.385412 0.141317
v 0.014980 0.386685 0.136500
v 0.014375 0.386847 0.137125
v 0.014553 0.386799 0.136683
v 0.014980 0.386685 0.141500
v 0.014375 0.386847 0.140875
v 0.014553 0.386799 0.141317
v 0.015416 0.387970 0.136500
v 0.014837 0.388210 0.137125
v 0.015007 0.388139 0.136683
v 0.015416 0.387970 0.141500
v 0.014837 0.388210 0.140875
v 0.015007 0.388139 0.141317
v 0.016016 0.389187 0.136500
v 0.015474 0.389500 0.137125
v 0.015633 0.389408 0.136683
v 0.016016 0.389187 0.141500
v 0.015474 0.389500 0.140875
v 0.015633 0.389408 0.141317
v 0.016770 0.390315 0.136500
v 0.016273 0.390696 0.137125
v 0.016419 0.390584 0.136683
v 0.016770 0.390315 0.141500
v 0.016273 0.390696 0.140875
v 0.016419 0.390584 0.141317
v 0.017665 0.391335 0.136500
v 0.017222 0.391778 0.137125
v 0.017352 0.391648 0.136683
v 0.017665 0.391335 0.141500
v 0.017222 0.391778 0.140875
v 0.017352 0.391648 0.141317
v 0.018685 0.392230 0.136500
v 0.018304 0.392727 0.137125
v 0.018416 0.392581 0.136683
v 0.018685 0.392230 0.141500
v 0.018304 0.392727 0.140875
v 0.018416 0.392581 0.141317
v 0.019813 0.392984 0.136500
v 0.019500 0.393526 0.137125
v 0.019592 0.393367 0.136683
v 0.019813 0.392984 0.141500
v 0.019500 0.393526 0.140875
v 0.019592 0.393367 0.141317
v 0.021030 0.393584 0.136500
v 0.020790 0.394163 0.137125
v 0.020861 0.393993 0.136683
v 0.021030 0.393584 0.141500
v 0.020790 0.394163 0.140875
v 0.020861 0.393993 0.141317
v 0.022315 0.394020 0.136500
v 0.022153 0.394625 0.137125
v 0.022201 0.394447 0.136683
v 0.022315 0.394020 0.141500
v 0.022153 0.394625 0.140875
v 0.022201 0.394447 0.141317
v 0.023646 0.394285 0.136500
v 0.023564 0.394906 0.137125
v 0.023588 0.394723 0.136683
v 0.023646 0.394285 0.141500
v 0.023564 0.394906 0.140875
v 0.023588 0.394723 0.141317
vn -0.1304 0.9905 -0.0436
vn -0.1304 0.9905 0.0436
vn -0.0000 0.9991 0.0436
vn -0.0000 0.9991 -0.0436
vn 0.2586 0.9650 -0.0436
vn 0.2586 0.9650 0.0436
vn 0.3823 0.9230 0.0436
vn 0.3823 0.9230 -0.0436
vn 0.4995 0.8652 0.0436
vn 0.4995 0.8652 -0.0436
vn 0.6082 0.7926 0.0436
vn 0.6082 0.7926 -0.0436
vn 0.7064 0.7064 0.0436
vn 0.7064 0.7064 -0.0436
vn 0.7926 0.6082 0.0436
vn 0.7926 0.6082 -0.0436
vn 0.8652 0.4995 0.0436
vn 0.8652 0.4995 -0.0436
vn 0.9230 0.3823 0.0436
vn 0.9230 0.3823 -0.0436
vn 0.9650 0.2586 0.0436
vn 0.9650 0.2586 -0.0436
vn 0.9905 0.1304 0.0436
vn 0.9905 0.1304 -0.0436
vn 0.9991 -0.0000 0.0436
vn 0.9991 -0.0000 -0.0436
vn 0.9905 -0.1304 0.0436
vn 0.9905 -0.1304 -0.0436
vn 0.9650 -0.2586 0.0436
vn 0.9650 -0.2586 -0.0436
vn 0.9230 -0.3823 0.0436
vn 0.9230 -0.3823 -0.0436
vn 0.8652 -0.4995 0.0436
vn 0.8652 -0.4995 -0.0436
vn 0.7926 -0.6082 0.0436
vn 0.7926 -0.6082 -0.0436
vn 0.7064 -0.7064 0.0436
vn 0.7064 -0.7064 -0.0436
vn 0.6082 -0.7926 0.0436
vn 0.6082 -0.7926 -0.0436
vn 0.4995 -0.8652 0.0436
vn 0.4995 -0.8652 -0.0436
vn 0.3823 -0.9230 0.0436
vn 0.3823 -0.9230 -0.0436
vn 0.2586 -0.9650 0.0436
vn 0.2586 -0.9650 -0.0436
vn 0.1304 -0.9905 0.0436
vn 0.1304 -0.9905 -0.0436
vn -0.0000 -0.9991 0.0436
vn -0.0000 -0.9991 -0.0436
vn -0.1304 -0.9905 0.0436
vn -0.1304 -0.9905 -0.0436
vn -0.2586 -0.9650 0.0436
vn -0.2586 -0.9650 -0.0436
vn -0.3823 -0.9230 0.0436
vn -0.3823 -0.9230 -0.0436
vn -0.4995 -0.8652 0.0436
vn -0.4995 -0.8652 -0.0436
vn -0.6082 -0.7926 0.0436
vn -0.6082 -0.7926 -0.0436
vn -0.7064 -0.7064 0.0436
vn -0.7064 -0.7064 -0.0436
vn -0.7926 -0.6082 0.0436
vn -0.7926 -0.6082 -0.0436
vn -0.8652 -0.4995 0.0436
vn -0.8652 -0.4995 -0.0436
vn -0.9230 -0.3823 0.0436
vn -0.9230 -0.3823 -0.0436
vn -0.9650 -0.2586 0.0436
vn -0.9650 -0.2586 -0.0436
vn -0.9905 -0.1304 0.0436
vn -0.9905 -0.1304 -0.0436
vn -0.9991 -0.0000 0.0436
vn -0.9991 -0.0000 -0.0436
vn -0.9905 0.1304 0.0436
vn -0.9905 0.1304 -0.0436
vn -0.9650 0.2586 0.0436
vn -0.9650 0.2586 -0.0436
vn -0.9230 0.3823 0.0436
vn -0.9230 0.3823 -0.0436
vn -0.8652 0.4995 0.0436
vn -0.8652 0.4995 -0.0436
vn -0.7926 0.6082 0.0436
vn -0.7926 0.6082 -0.0436
vn -0.7064 0.7064 0.0436
vn -0.7064 0.7064 -0.0436
vn -0.6082 0.7926 0.0436
vn -0.6082 0.7926 -0.0436
vn -0.4995 0.8652 0.0436
vn -0.4995 0.8652 -0.0436
vn -0.3823 0.9230 0.0436
vn -0.3823 0.9230 -0.0436
vn -0.2586 0.9650 0.0436
vn -0.2586 0.9650 -0.0436
vn 0.1304 0.9905 -0.0436
vn 0.1304 0.9905 0.0436
vn 0.0002 0.0015 1.0000
vn -0.0000 0.0015 1.0000
vn -0.0002 0.0015 1.0000
vn -0.0004 0.0015 1.0000
vn -0.0006 0.0014 1.0000
vn -0.0008 0.0013 1.0000
vn -0.0009 0.0012 1.0000
vn -0.0011 0.0011 1.0000
vn -0.0012 0.0010 1.0000
vn -0.0013 0.0008 1.0000
vn -0.0014 0.0006 1.0000
vn -0.0015 0.0004 1.0000
vn -0.0015 0.0002 1.0000
vn -0.0015 -0.0000 1.0000
vn -0.0015 -0.0002 1.0000
vn -0.0015 -0.0004 1.0000
vn -0.0014 -0.0006 1.0000
vn -0.0013 -0.0008 1.0000
vn -0.0012 -0.0009 1.0000
vn -0.0011 -0.0011 1.0000
vn -0.0010 -0.0012 1.0000
vn -0.0008 -0.0013 1.0000
vn -0.0006 -0.0014 1.0000
vn -0.0004 -0.0015 1.0000
vn -0.0002 -0.0015 1.0000
vn -0.0000 -0.0015 1.0000
vn 0.0002 -0.0015 1.0000
vn 0.0004 -0.0015 1.0000
vn 0.0006 -0.0014 1.0000
vn 0.0008 -0.0013 1.0000
vn 0.0009 -0.0012 1.0000
vn 0.0011 -0.0011 1.0000
vn 0.0012 -0.0010 1.0000
vn 0.0013 -0.0008 1.0000
vn 0.0014 -0.0006 1.0000
vn 0.0015 -0.0004 1.0000
vn 0.0015 -0.0002 1.0000
vn 0.0015 -0.0000 1.0000
vn 0.0015 0.0002 1.0000
vn 0.0015 0.0004 1.0000
vn 0.0014 0.0006 1.0000
vn 0.0013 0.0008 1.0000
vn 0.0012 0.0009 1.0000
vn 0.0011 0.0011 1.0000
vn 0.0010 0.0012 1.0000
vn 0.0008 0.0013 1.0000
vn 0.0006 0.0014 1.0000
vn 0.0004 0.0015 1.0000
vn 0.0928 0.7045 -0.7036
vn -0.0000 0.7106 -0.7036
vn 0.0002 0.0015 -1.0000
vn -0.0000 0.0015 -1.0000
vn -0.0000 0.7106 0.7036
vn 0.0928 0.7045 0.7036
vn 0.1839 0.6864 -0.7036
vn 0.0004 0.0015 -1.0000
vn 0.1839 0.6864 0.7036
vn 0.2719 0.6565 -0.7036
vn 0.0006 0.0014 -1.0000
vn 0.2719 0.6565 0.7036
vn 0.3553 0.6154 -0.7036
vn 0.0008 0.0013 -1.0000
vn 0.3553 0.6154 0.7036
vn 0.4326 0.5638 -0.7036
vn 0.0010 0.0012 -1.0000
vn 0.4326 0.5638 0.7036
vn 0.5025 0.5025 -0.7036
vn 0.0011 0.0011 -1.0000
vn 0.5025 0.5025 0.7036
vn 0.5638 0.4326 -0.7036
vn 0.0012 0.0009 -1.0000
vn 0.5637 0.4326 0.7036
vn 0.6154 0.3553 -0.7036
vn 0.0013 0.0008 -1.0000
vn 0.6154 0.3553 0.7036
vn 0.6565 0.2719 -0.7036
vn 0.0014 0.0006 -1.0000
vn 0.6565 0.2719 0.7036
vn 0.6864 0.1839 -0.7036
vn 0.0015 0.0004 -1.0000
vn 0.6864 0.1839 0.7036
vn 0.7045 0.0928 -0.7036
vn 0.0015 0.0002 -1.0000
vn 0.7045 0.0928 0.7036
vn 0.7106 -0.0000 -0.7036
vn 0.0015 -0.0000 -1.0000
vn 0.7106 -0.0000 0.7036
vn 0.7045 -0.0928 -0.7036
vn 0.0015 -0.0002 -1.0000
vn 0.7045 -0.0928 0.7036
vn 0.6864 -0.1839 -0.7036
vn 0.0015 -0.0004 -1.0000
vn 0.6864 -0.1839 0.7036
vn 0.6565 -0.2719 -0.7036
vn 0.0014 -0.0006 -1.0000
vn 0.6565 -0.2719 0.7036
vn 0.6154 -0.3553 -0.7036
vn 0.0013 -0.0008 -1.0000
vn 0.6154 -0.3553 0.7036
vn 0.5637 -0.4326 -0.7036
vn 0.0012 -0.0010 -1.0000
vn 0.5638 -0.4326 0.7036
vn 0.5025 -0.5025 -0.7036
vn 0.0011 -0.0011 -1.0000
vn 0.5025 -0.5025 0.7036
vn 0.4326 -0.5638 -0.7036
vn 0.0009 -0.0012 -1.0000
vn 0.4326 -0.5638 0.7036
vn 0.3553 -0.6154 -0.7036
vn 0.0008 -0.0013 -1.0000
vn 0.3553 -0.6154 0.7036
vn 0.2719 -0.6565 -0.7036
vn 0.0006 -0.0014 -1.0000
vn 0.2719 -0.6565 0.7036
vn 0.1839 -0.6864 -0.7036
vn 0.0004 -0.0015 -1.0000
vn 0.1839 -0.6864 0.7036
vn 0.0928 -0.7045 -0.7036
vn 0.0002 -0.0015 -1.0000
vn 0.0928 -0.7045 0.7036
vn -0.0000 -0.7106 -0.7036
vn -0.0000 -0.0015 -1.0000
vn -0.0000 -0.7106 0.7036
vn -0.0928 -0.7045 -0.7036
vn -0.0002 -0.0015 -1.0000
vn -0.0928 -0.7045 0.7036
vn -0.1839 -0.6864 -0.7036
vn -0.0004 -0.0015 -1.0000
vn -0.1839 -0.6864 0.7036
vn -0.2719 -0.6565 -0.7036
vn -0.0006 -0.0014 -1.0000
vn -0.2719 -0.6565 0.7036
vn -0.3553 -0.6154 -0.7036
vn -0.0008 -0.0013 -1.0000
vn -0.3553 -0.6154 0.7036
vn -0.4326 -0.5638 -0.7036
vn -0.0010 -0.0012 -1.0000
vn -0.4326 -0.5638 0.7036
vn -0.5025 -0.5025 -0.7036
vn -0.0011 -0.0011 -1.0000
vn -0.5025 -0.5025 0.7036
vn -0.5638 -0.4326 -0.7036
vn -0.0012 -0.0009 -1.0000
vn -0.5637 -0.4326 0.7036
vn -0.6154 -0.3553 -0.7036
vn -0.0013 -0.0008 -1.0000
vn -0.6154 -0.3553 0.7036
vn -0.6565 -0.2719 -0.7036
vn -0.0014 -0.0006 -1.0000
vn -0.6565 -0.2719 0.7036
vn -0.6864 -0.1839 -0.7036
vn -0.0015 -0.0004 -1.0000
vn -0.6864 -0.1839 0.7036
vn -0.7045 -0.0928 -0.7036
vn -0.0015 -0.0002 -1.0000
vn -0.7045 -0.0928 0.7036
vn -0.7106 -0.0000 -0.7036
vn -0.0015 -0.0000 -1.0000
vn -0.7106 -0.0000 0.7036
vn -0.7045 0.0928 -0.7036
vn -0.0015 0.0002 -1.0000
vn -0.7045 0.0928 0.7036
vn -0.6864 0.1839 -0.7036
vn -0.0015 0.0004 -1.0000
vn -0.6864 0.1839 0.7036
vn -0.6565 0.2719 -0.7036
vn -0.0014 0.0006 -1.0000
vn -0.6565 0.2719 0.7036
vn -0.6154 0.3553 -0.7036
vn -0.0013 0.0008 -1.0000
vn -0.6154 0.3553 0.7036
vn -0.5637 0.4326 -0.7036
vn -0.0012 0.0010 -1.0000
vn -0.5638 0.4326 0.7036
vn -0.5025 0.5025 -0.7036
vn -0.0011 0.0011 -1.0000
vn -0.5025 0.5025 0.7036
vn -0.4326 0.5638 -0.7036
vn -0.0009 0.0012 -1.0000
vn -0.4326 0.5638 0.7036
vn -0.3553 0.6154 -0.7036
vn -0.0008 0.0013 -1.0000
vn -0.3553 0.6154 0.7036
vn -0.2719 0.6565 -0.7036
vn -0.0006 0.0014 -1.0000
vn -0.2719 0.6565 0.7036
vn -0.1839 0.6864 -0.7036
vn -0.0004 0.0015 -1.0000
vn -0.1839 0.6864 0.7036
vn -0.0928 0.7045 -0.7036
vn -0.0002 0.0015 -1.0000
vn -0.0928 0.7045 0.7036
vt 0.020834 0.562500
vt 0.020834 0.937500
vt 0.000000 0.937500
vt 0.000000 0.562500
vt 0.958333 0.562500
vt 0.958333 0.937500
vt 0.937500 0.937500
vt 0.937500 0.562500
vt 0.916667 0.937500
vt 0.916667 0.562500
vt 0.916667 0.562500
vt 0.916667 0.937500
vt 0.895833 0.937500
vt 0.895833 0.562500
vt 0.875000 0.937500
vt 0.875000 0.562500
vt 0.854167 0.937500
vt 0.854167 0.562500
vt 0.854167 0.562500
vt 0.854167 0.937500
vt 0.833333 0.937500
vt 0.833333 0.562500
vt 0.812500 0.937500
vt 0.812500 0.562500
vt 0.812500 0.562500
vt 0.812500 0.937500
vt 0.791667 0.937500
vt 0.791667 0.562500
vt 0.770834 0.937500
vt 0.770834 0.562500
vt 0.750000 0.937500
vt 0.750000 0.562500
vt 0.729167 0.937500
vt 0.729167 0.562500
vt 0.708334 0.937500
vt 0.708334 0.562500
vt 0.687500 0.937500
vt 0.687500 0.562500
vt 0.687500 0.562500
vt 0.687500 0.937500
vt 0.666667 0.937500
vt 0.666667 0.562500
vt 0.645834 0.937500
vt 0.645834 0.562500
vt 0.625000 0.937500
vt 0.625000 0.562500
vt 0.604167 0.937500
vt 0.604167 0.562500
vt 0.604167 0.562500
vt 0.604167 0.937500
vt 0.583334 0.937500
vt 0.583334 0.562500
vt 0.583334 0.562500
vt 0.583334 0.937500
vt 0.562500 0.937500
vt 0.562500 0.562500
vt 0.541667 0.937500
vt 0.541667 0.562500
vt 0.520834 0.937500
vt 0.520834 0.562500
vt 0.500000 0.937500
vt 0.500000 0.562500
vt 0.479167 0.937500
vt 0.479167 0.562500
vt 0.479167 0.562500
vt 0.458334 0.937500
vt 0.458334 0.562500
vt 0.437500 0.937500
vt 0.437500 0.562500
vt 0.416667 0.937500
vt 0.416667 0.562500
vt 0.395834 0.937500
vt 0.395834 0.562500
vt 0.375000 0.937500
vt 0.375000 0.562500
vt 0.354167 0.937500
vt 0.354167 0.562500
vt 0.333334 0.937500
vt 0.333334 0.562500
vt 0.312500 0.937500
vt 0.312500 0.562500
vt 0.312500 0.562500
vt 0.312500 0.937500
vt 0.291667 0.937500
vt 0.291667 0.562500
vt 0.270834 0.937500
vt 0.270834 0.562500
vt 0.250000 0.937500
vt 0.250000 0.562500
vt 0.229167 0.937500
vt 0.229167 0.562500
vt 0.229167 0.937500
vt 0.208334 0.937500
vt 0.208334 0.562500
vt 0.187500 0.937500
vt 0.187500 0.562500
vt 0.166667 0.937500
vt 0.166667 0.562500
vt 0.145834 0.937500
vt 0.145834 0.562500
vt 0.125000 0.937500
vt 0.125000 0.562500
vt 0.104167 0.937500
vt 0.104167 0.562500
vt 0.083334 0.937500
vt 0.083334 0.562500
vt 0.062500 0.937500
vt 0.062500 0.562500
vt 0.041667 0.937500
vt 0.041667 0.562500
vt 0.020834 0.937500
vt 0.979167 0.562500
vt 0.979167 0.937500
vt 0.279543 0.474398
vt 0.250000 0.476334
vt 0.220457 0.474398
vt 0.191420 0.468622
vt 0.163386 0.459106
vt 0.136833 0.446011
vt 0.112216 0.429563
vt 0.089957 0.410043
vt 0.070437 0.387784
vt 0.053989 0.363167
vt 0.040894 0.336614
vt 0.031378 0.308580
vt 0.025602 0.279542
vt 0.023666 0.250000
vt 0.025602 0.220457
vt 0.031378 0.191420
vt 0.040894 0.163386
vt 0.053989 0.136833
vt 0.070437 0.112216
vt 0.089957 0.089957
vt 0.112216 0.070437
vt 0.136833 0.053989
vt 0.163386 0.040894
vt 0.191420 0.031378
vt 0.220457 0.025602
vt 0.250000 0.023666
vt 0.279543 0.025602
vt 0.308580 0.031378
vt 0.336614 0.040894
vt 0.363167 0.053989
vt 0.387784 0.070437
vt 0.410042 0.089957
vt 0.429563 0.112216
vt 0.446011 0.136833
vt 0.459106 0.163386
vt 0.468622 0.191420
vt 0.474398 0.220457
vt 0.476334 0.250000
vt 0.474398 0.279543
vt 0.468622 0.308580
vt 0.459106 0.336614
vt 0.446011 0.363167
vt 0.429563 0.387784
vt 0.410043 0.410043
vt 0.387784 0.429563
vt 0.363167 0.446011
vt 0.336614 0.459106
vt 0.308580 0.468622
vt 1.000000 0.562500
vt 1.000000 0.937500
vt 0.979341 0.500000
vt 0.999826 0.500000
vt 0.750262 0.489983
vt 0.781064 0.487964
vt 0.779543 0.474398
vt 0.750000 0.476334
vt 0.999826 1.000000
vt 0.979341 1.000000
vt 0.281064 0.487964
vt 0.250262 0.489983
vt 0.958508 0.500000
vt 0.978992 0.500000
vt 0.781584 0.487896
vt 0.811859 0.481873
vt 0.808580 0.468622
vt 0.978992 1.000000
vt 0.958508 1.000000
vt 0.311859 0.481873
vt 0.281584 0.487896
vt 0.937674 0.500000
vt 0.958159 0.500000
vt 0.812365 0.481738
vt 0.841595 0.471815
vt 0.836614 0.459106
vt 0.958159 1.000000
vt 0.937674 1.000000
vt 0.341595 0.471815
vt 0.312365 0.481738
vt 0.916841 0.500000
vt 0.937326 0.500000
vt 0.842080 0.471615
vt 0.869765 0.457962
vt 0.863167 0.446011
vt 0.937326 1.000000
vt 0.916841 1.000000
vt 0.369765 0.457962
vt 0.342080 0.471615
vt 0.896008 0.500000
vt 0.916493 0.500000
vt 0.870218 0.457700
vt 0.895884 0.440551
vt 0.887784 0.429563
vt 0.916493 1.000000
vt 0.896008 1.000000
vt 0.395884 0.440551
vt 0.370218 0.457700
vt 0.875174 0.500000
vt 0.895659 0.500000
vt 0.896300 0.440232
vt 0.919508 0.419879
vt 0.910043 0.410043
vt 0.895659 1.000000
vt 0.875174 1.000000
vt 0.419508 0.419879
vt 0.396300 0.440232
vt 0.854341 0.500000
vt 0.874826 0.500000
vt 0.919879 0.419508
vt 0.940232 0.396300
vt 0.929563 0.387784
vt 0.874826 1.000000
vt 0.854341 1.000000
vt 0.440232 0.396300
vt 0.419879 0.419508
vt 0.833508 0.500000
vt 0.853993 0.500000
vt 0.940551 0.395884
vt 0.957700 0.370218
vt 0.946011 0.363167
vt 0.853993 1.000000
vt 0.833508 1.000000
vt 0.457700 0.370218
vt 0.440551 0.395884
vt 0.812674 0.500000
vt 0.833159 0.500000
vt 0.957962 0.369765
vt 0.971615 0.342080
vt 0.959106 0.336614
vt 0.833159 1.000000
vt 0.812674 1.000000
vt 0.471615 0.342080
vt 0.457962 0.369764
vt 0.791841 0.500000
vt 0.812326 0.500000
vt 0.971815 0.341595
vt 0.981738 0.312365
vt 0.968622 0.308580
vt 0.812326 1.000000
vt 0.791841 1.000000
vt 0.481738 0.312365
vt 0.471815 0.341595
vt 0.771008 0.500000
vt 0.791493 0.500000
vt 0.981873 0.311859
vt 0.987895 0.281584
vt 0.974398 0.279542
vt 0.791493 1.000000
vt 0.771008 1.000000
vt 0.487896 0.281584
vt 0.481873 0.311859
vt 0.750175 0.500000
vt 0.770659 0.500000
vt 0.987964 0.281064
vt 0.989983 0.250262
vt 0.976335 0.250000
vt 0.770659 1.000000
vt 0.750175 1.000000
vt 0.489983 0.250262
vt 0.487964 0.281064
vt 0.729341 0.500000
vt 0.749826 0.500000
vt 0.989983 0.249738
vt 0.987964 0.218936
vt 0.974398 0.220457
vt 0.749826 1.000000
vt 0.729341 1.000000
vt 0.487964 0.218936
vt 0.489983 0.249738
vt 0.708508 0.500000
vt 0.728993 0.500000
vt 0.987896 0.218416
vt 0.981873 0.188141
vt 0.968622 0.191420
vt 0.728993 1.000000
vt 0.708508 1.000000
vt 0.481873 0.188141
vt 0.487896 0.218416
vt 0.687675 0.500000
vt 0.708159 0.500000
vt 0.981738 0.187635
vt 0.971815 0.158405
vt 0.959106 0.163386
vt 0.708159 1.000000
vt 0.687675 1.000000
vt 0.471815 0.158405
vt 0.481738 0.187635
vt 0.666841 0.500000
vt 0.687326 0.500000
vt 0.971615 0.157920
vt 0.957962 0.130235
vt 0.946012 0.136833
vt 0.687326 1.000000
vt 0.666841 1.000000
vt 0.457962 0.130236
vt 0.471615 0.157920
vt 0.646008 0.500000
vt 0.666493 0.500000
vt 0.957700 0.129782
vt 0.940551 0.104116
vt 0.929563 0.112216
vt 0.666493 1.000000
vt 0.646008 1.000000
vt 0.440551 0.104116
vt 0.457700 0.129782
vt 0.625175 0.500000
vt 0.645659 0.500000
vt 0.940232 0.103700
vt 0.919879 0.080492
vt 0.910043 0.089957
vt 0.645659 1.000000
vt 0.625175 1.000000
vt 0.419879 0.080492
vt 0.440232 0.103700
vt 0.604341 0.500000
vt 0.624826 0.500000
vt 0.919508 0.080121
vt 0.896300 0.059768
vt 0.887784 0.070437
vt 0.624826 1.000000
vt 0.604341 1.000000
vt 0.396300 0.059768
vt 0.419508 0.080121
vt 0.583508 0.500000
vt 0.603993 0.500000
vt 0.895884 0.059449
vt 0.870218 0.042300
vt 0.863167 0.053989
vt 0.603993 1.000000
vt 0.583508 1.000000
vt 0.370218 0.042300
vt 0.395884 0.059449
vt 0.562675 0.500000
vt 0.583159 0.500000
vt 0.869765 0.042038
vt 0.842080 0.028385
vt 0.836614 0.040894
vt 0.583159 1.000000
vt 0.562675 1.000000
vt 0.342080 0.028385
vt 0.369764 0.042038
vt 0.541841 0.500000
vt 0.562326 0.500000
vt 0.841595 0.028185
vt 0.812365 0.018262
vt 0.808580 0.031378
vt 0.562326 1.000000
vt 0.541841 1.000000
vt 0.312365 0.018262
vt 0.341595 0.028185
vt 0.521008 0.500000
vt 0.541493 0.500000
vt 0.811859 0.018127
vt 0.781584 0.012104
vt 0.779543 0.025602
vt 0.541493 1.000000
vt 0.521008 1.000000
vt 0.281584 0.012104
vt 0.311859 0.018127
vt 0.500175 0.500000
vt 0.520660 0.500000
vt 0.781064 0.012036
vt 0.750262 0.010017
vt 0.750000 0.023666
vt 0.520660 1.000000
vt 0.500175 1.000000
vt 0.250262 0.010017
vt 0.281064 0.012036
vt 0.479341 0.500000
vt 0.499826 0.500000
vt 0.749738 0.010017
vt 0.718936 0.012036
vt 0.720457 0.025602
vt 0.499826 1.000000
vt 0.479341 1.000000
vt 0.218936 0.012036
vt 0.249738 0.010017
vt 0.458508 0.500000
vt 0.478993 0.500000
vt 0.718416 0.012104
vt 0.688141 0.018127
vt 0.691420 0.031378
vt 0.478993 1.000000
vt 0.458508 1.000000
vt 0.188141 0.018127
vt 0.218416 0.012104
vt 0.437675 0.500000
vt 0.458160 0.500000
vt 0.687635 0.018262
vt 0.658405 0.028185
vt 0.663386 0.040894
vt 0.458160 1.000000
vt 0.437675 1.000000
vt 0.158405 0.028185
vt 0.187635 0.018262
vt 0.416841 0.500000
vt 0.437326 0.500000
vt 0.657920 0.028385
vt 0.630235 0.042038
vt 0.636833 0.053989
vt 0.437326 1.000000
vt 0.416841 1.000000
vt 0.130236 0.042038
vt 0.157920 0.028385
vt 0.396008 0.500000
vt 0.416493 0.500000
vt 0.629782 0.042300
vt 0.604116 0.059449
vt 0.612216 0.070437
vt 0.416493 1.000000
vt 0.396008 1.000000
vt 0.104116 0.059449
vt 0.129782 0.042300
vt 0.375175 0.500000
vt 0.395660 0.500000
vt 0.603700 0.059768
vt 0.580492 0.080121
vt 0.589957 0.089957
vt 0.395660 1.000000
vt 0.375175 1.000000
vt 0.080492 0.080121
vt 0.103700 0.059768
vt 0.354341 0.500000
vt 0.374826 0.500000
vt 0.580121 0.080492
vt 0.559768 0.103700
vt 0.570437 0.112216
vt 0.374826 1.000000
vt 0.354341 1.000000
vt 0.059768 0.103700
vt 0.080121 0.080492
vt 0.333508 0.500000
vt 0.353993 0.500000
vt 0.559449 0.104116
vt 0.542300 0.129782
vt 0.553989 0.136833
vt 0.353993 1.000000
vt 0.333508 1.000000
vt 0.042300 0.129782
vt 0.059449 0.104116
vt 0.312675 0.500000
vt 0.333159 0.500000
vt 0.542038 0.130236
vt 0.528385 0.157920
vt 0.540894 0.163386
vt 0.333159 1.000000
vt 0.312675 1.000000
vt 0.028385 0.157920
vt 0.042038 0.130235
vt 0.291841 0.500000
vt 0.312326 0.500000
vt 0.528185 0.158405
vt 0.518262 0.187635
vt 0.531378 0.191420
vt 0.312326 1.000000
vt 0.291841 1.000000
vt 0.018262 0.187635
vt 0.028185 0.158405
vt 0.271008 0.500000
vt 0.291493 0.500000
vt 0.518127 0.188141
vt 0.512105 0.218416
vt 0.525602 0.220457
vt 0.291493 1.000000
vt 0.271008 1.000000
vt 0.012104 0.218416
vt 0.018127 0.188141
vt 0.250175 0.500000
vt 0.270659 0.500000
vt 0.512036 0.218936
vt 0.510017 0.249738
vt 0.523666 0.250000
vt 0.270659 1.000000
vt 0.250175 1.000000
vt 0.010017 0.249738
vt 0.012036 0.218936
vt 0.229341 0.500000
vt 0.249826 0.500000
vt 0.510017 0.250262
vt 0.512036 0.281064
vt 0.525602 0.279543
vt 0.249826 1.000000
vt 0.229341 1.000000
vt 0.012036 0.281064
vt 0.010017 0.250262
vt 0.208508 0.500000
vt 0.228993 0.500000
vt 0.512105 0.281584
vt 0.518127 0.311859
vt 0.531378 0.308580
vt 0.228993 1.000000
vt 0.208508 1.000000
vt 0.018127 0.311859
vt 0.012104 0.281584
vt 0.187675 0.500000
vt 0.208159 0.500000
vt 0.518262 0.312365
vt 0.528185 0.341595
vt 0.540894 0.336614
vt 0.208159 1.000000
vt 0.187675 1.000000
vt 0.028185 0.341595
vt 0.018262 0.312365
vt 0.166841 0.500000
vt 0.187326 0.500000
vt 0.528385 0.342080
vt 0.542038 0.369764
vt 0.553989 0.363167
vt 0.187326 1.000000
vt 0.166841 1.000000
vt 0.042038 0.369765
vt 0.028385 0.342080
vt 0.146008 0.500000
vt 0.166493 0.500000
vt 0.542300 0.370218
vt 0.559449 0.395884
vt 0.570437 0.387784
vt 0.166493 1.000000
vt 0.146008 1.000000
vt 0.059449 0.395884
vt 0.042300 0.370218
vt 0.125175 0.500000
vt 0.145659 0.500000
vt 0.559768 0.396300
vt 0.580121 0.419508
vt 0.589957 0.410043
vt 0.145659 1.000000
vt 0.125175 1.000000
vt 0.080121 0.419508
vt 0.059768 0.396300
vt 0.104341 0.500000
vt 0.124826 0.500000
vt 0.580492 0.419879
vt 0.603700 0.440232
vt 0.612216 0.429563
vt 0.124826 1.000000
vt 0.104341 1.000000
vt 0.103700 0.440232
vt 0.080492 0.419879
vt 0.083508 0.500000
vt 0.103993 0.500000
vt 0.604116 0.440551
vt 0.629782 0.457700
vt 0.636833 0.446011
vt 0.103993 1.000000
vt 0.083508 1.000000
vt 0.129782 0.457700
vt 0.104116 0.440551
vt 0.062675 0.500000
vt 0.083159 0.500000
vt 0.630236 0.457962
vt 0.657920 0.471615
vt 0.663386 0.459106
vt 0.083159 1.000000
vt 0.062675 1.000000
vt 0.157920 0.471615
vt 0.130235 0.457962
vt 0.041841 0.500000
vt 0.062326 0.500000
vt 0.658405 0.471815
vt 0.687635 0.481738
vt 0.691420 0.468622
vt 0.062326 1.000000
vt 0.041841 1.000000
vt 0.187635 0.481738
vt 0.158405 0.471815
vt 0.021008 0.500000
vt 0.041493 0.500000
vt 0.688141 0.481873
vt 0.718416 0.487896
vt 0.720457 0.474398
vt 0.041493 1.000000
vt 0.021008 1.000000
vt 0.218416 0.487896
vt 0.188141 0.481873
vt 0.000175 0.500000
vt 0.020659 0.500000
vt 0.718936 0.487964
vt 0.749738 0.489983
vt 0.020659 1.000000
vt 0.000175 1.000000
vt 0.249738 0.489983
vt 0.218936 0.487964
s 1
usemtl Brushed_aluminum
f 3644/4020/3112 3647/4021/3113 3365/4022/3114 3362/4023/3115
f 3374/4024/3116 3377/4025/3117 3383/4026/3118 3380/4027/3119
f 3380/4027/3119 3383/4026/3118 3389/4028/3120 3386/4029/3121
f 3386/4030/3121 3389/4031/3120 3395/4032/3122 3392/4033/3123
f 3392/4033/3123 3395/4032/3122 3401/4034/3124 3398/4035/3125
f 3398/4035/3125 3401/4034/3124 3407/4036/3126 3404/4037/3127
f 3404/4038/3127 3407/4039/3126 3413/4040/3128 3410/4041/3129
f 3410/4041/3129 3413/4040/3128 3419/4042/3130 3416/4043/3131
f 3416/4044/3131 3419/4045/3130 3425/4046/3132 3422/4047/3133
f 3422/4047/3133 3425/4046/3132 3431/4048/3134 3428/4049/3135
f 3428/4049/3135 3431/4048/3134 3437/4050/3136 3434/4051/3137
f 3434/4051/3137 3437/4050/3136 3443/4052/3138 3440/4053/3139
f 3440/4053/3139 3443/4052/3138 3449/4054/3140 3446/4055/3141
f 3446/4055/3141 3449/4054/3140 3455/4056/3142 3452/4057/3143
f 3452/4058/3143 3455/4059/3142 3461/4060/3144 3458/4061/3145
f 3458/4061/3145 3461/4060/3144 3467/4062/3146 3464/4063/3147
f 3464/4063/3147 3467/4062/3146 3473/4064/3148 3470/4065/3149
f 3470/4065/3149 3473/4064/3148 3479/4066/3150 3476/4067/3151
f 3476/4068/3151 3479/4069/3150 3485/4070/3152 3482/4071/3153
f 3482/4072/3153 3485/4073/3152 3491/4074/3154 3488/4075/3155
f 3488/4075/3155 3491/4074/3154 3497/4076/3156 3494/4077/3157
f 3494/4077/3157 3497/4076/3156 3503/4078/3158 3500/4079/3159
f 3500/4079/3159 3503/4078/3158 3509/4080/3160 3506/4081/3161
f 3506/4081/3161 3509/4080/3160 3515/4082/3162 3512/4083/3163
f 3512/4084/3163 3515/4082/3162 3521/4085/3164 3518/4086/3165
f 3518/4086/3165 3521/4085/3164 3527/4087/3166 3524/4088/3167
f 3524/4088/3167 3527/4087/3166 3533/4089/3168 3530/4090/3169
f 3530/4090/3169 3533/4089/3168 3539/4091/3170 3536/4092/3171
f 3536/4092/3171 3539/4091/3170 3545/4093/3172 3542/4094/3173
f 3542/4094/3173 3545/4093/3172 3551/4095/3174 3548/4096/3175
f 3548/4096/3175 3551/4095/3174 3557/4097/3176 3554/4098/3177
f 3554/4098/3177 3557/4097/3176 3563/4099/3178 3560/4100/3179
f 3560/4101/3179 3563/4102/3178 3569/4103/3180 3566/4104/3181
f 3566/4104/3181 3569/4103/3180 3575/4105/3182 3572/4106/3183
f 3572/4106/3183 3575/4105/3182 3581/4107/3184 3578/4108/3185
f 3578/4108/3185 3581/4107/3184 3587/4109/3186 3584/4110/3187
f 3584/4110/3187 3587/4111/3186 3593/4112/3188 3590/4113/3189
f 3590/4113/3189 3593/4112/3188 3599/4114/3190 3596/4115/3191
f 3596/4115/3191 3599/4114/3190 3605/4116/3192 3602/4117/3193
f 3602/4117/3193 3605/4116/3192 3611/4118/3194 3608/4119/3195
f 3608/4119/3195 3611/4118/3194 3617/4120/3196 3614/4121/3197
f 3614/4121/3197 3617/4120/3196 3623/4122/3198 3620/4123/3199
f 3620/4123/3199 3623/4122/3198 3629/4124/3200 3626/4125/3201
f 3626/4125/3201 3629/4124/3200 3635/4126/3202 3632/4127/3203
f 3632/4127/3203 3635/4126/3202 3641/4128/3204 3638/4129/3205
f 3638/4129/3205 3641/4128/3204 3647/4130/3113 3644/4020/3112
f 3368/4131/3206 3371/4132/3207 3377/4025/3117 3374/4024/3116
f 3370/4133/3208 3364/4134/3209 3646/4135/3210 3640/4136/3211 3634/4137/3212 3628/4138/3213 3622/4139/3214 3616/4140/3215 3610/4141/3216 3604/4142/3217 3598/4143/3218 3592/4144/3219 3586/4145/3220 3580/4146/3221 3574/4147/3222 3568/4148/3223 3562/4149/3224 3556/4150/3225 3550/4151/3226 3544/4152/3227 3538/4153/3228 3532/4154/3229 3526/4155/3230 3520/4156/3231 3514/4157/3232 3508/4158/3233 3502/4159/3234 3496/4160/3235 3490/4161/3236 3484/4162/3237 3478/4163/3238 3472/4164/3239 3466/4165/3240 3460/4166/3241 3454/4167/3242 3448/4168/3243 3442/4169/3244 3436/4170/3245 3430/4171/3246 3424/4172/3247 3418/4173/3248 3412/4174/3249 3406/4175/3250 3400/4176/3251 3394/4177/3252 3388/4178/3253 3382/4179/3254 3376/4180/3255
f 3362/4181/3115 3365/4182/3114 3371/4132/3207 3368/4131/3206
f 3362/4181/3115 3368/4131/3206 3369/4183/3256 3363/4184/3257
f 3363/4185/3257 3369/4186/3256 3367/4187/3258 3361/4188/3259
f 3371/4132/3207 3365/4182/3114 3366/4189/3260 3372/4190/3261
f 3372/4191/3261 3366/4192/3260 3364/4134/3209 3370/4133/3208
f 3368/4131/3206 3374/4024/3116 3375/4193/3262 3369/4194/3256
f 3369/4195/3256 3375/4196/3262 3373/4197/3263 3367/4187/3258
f 3377/4025/3117 3371/4132/3207 3372/4198/3261 3378/4199/3264
f 3378/4200/3264 3372/4201/3261 3370/4133/3208 3376/4180/3255
f 3374/4024/3116 3380/4027/3119 3381/4202/3265 3375/4203/3262
f 3375/4204/3262 3381/4205/3265 3379/4206/3266 3373/4197/3263
f 3383/4026/3118 3377/4025/3117 3378/4207/3264 3384/4208/3267
f 3384/4209/3267 3378/4210/3264 3376/4180/3255 3382/4179/3254
f 3380/4027/3119 3386/4029/3121 3387/4211/3268 3381/4212/3265
f 3381/4213/3265 3387/4214/3268 3385/4215/3269 3379/4206/3266
f 3389/4028/3120 3383/4026/3118 3384/4216/3267 3390/4217/3270
f 3390/4218/3270 3384/4219/3267 3382/4179/3254 3388/4178/3253
f 3386/4030/3121 3392/4033/3123 3393/4220/3271 3387/4221/3268
f 3387/4222/3268 3393/4223/3271 3391/4224/3272 3385/4215/3269
f 3395/4032/3122 3389/4031/3120 3390/4225/3270 3396/4226/3273
f 3396/4227/3273 3390/4228/3270 3388/4178/3253 3394/4177/3252
f 3392/4033/3123 3398/4035/3125 3399/4229/3274 3393/4230/3271
f 3393/4231/3271 3399/4232/3274 3397/4233/3275 3391/4224/3272
f 3401/4034/3124 3395/4032/3122 3396/4234/3273 3402/4235/3276
f 3402/4236/3276 3396/4237/3273 3394/4177/3252 3400/4176/3251
f 3398/4035/3125 3404/4037/3127 3405/4238/3277 3399/4239/3274
f 3399/4240/3274 3405/4241/3277 3403/4242/3278 3397/4233/3275
f 3407/4036/3126 3401/4034/3124 3402/4243/3276 3408/4244/3279
f 3408/4245/3279 3402/4246/3276 3400/4176/3251 3406/4175/3250
f 3404/4038/3127 3410/4041/3129 3411/4247/3280 3405/4248/3277
f 3405/4249/3277 3411/4250/3280 3409/4251/3281 3403/4242/3278
f 3413/4040/3128 3407/4039/3126 3408/4252/3279 3414/4253/3282
f 3414/4254/3282 3408/4255/3279 3406/4175/3250 3412/4174/3249
f 3410/4041/3129 3416/4043/3131 3417/4256/3283 3411/4257/3280
f 3411/4258/3280 3417/4259/3283 3415/4260/3284 3409/4251/3281
f 3419/4042/3130 3413/4040/3128 3414/4261/3282 3420/4262/3285
f 3420/4263/3285 3414/4264/3282 3412/4174/3249 3418/4173/3248
f 3416/4044/3131 3422/4047/3133 3423/4265/3286 3417/4266/3283
f 3417/4267/3283 3423/4268/3286 3421/4269/3287 3415/4260/3284
f 3425/4046/3132 3419/4045/3130 3420/4270/3285 3426/4271/3288
f 3426/4272/3288 3420/4273/3285 3418/4173/3248 3424/4172/3247
f 3422/4047/3133 3428/4049/3135 3429/4274/3289 3423/4275/3286
f 3423/4276/3286 3429/4277/3289 3427/4278/3290 3421/4269/3287
f 3431/4048/3134 3425/4046/3132 3426/4279/3288 3432/4280/3291
f 3432/4281/3291 3426/4282/3288 3424/4172/3247 3430/4171/3246
f 3428/4049/3135 3434/4051/3137 3435/4283/3292 3429/4284/3289
f 3429/4285/3289 3435/4286/3292 3433/4287/3293 3427/4278/3290
f 3437/4050/3136 3431/4048/3134 3432/4288/3291 3438/4289/3294
f 3438/4290/3294 3432/4291/3291 3430/4171/3246 3436/4170/3245
f 3434/4051/3137 3440/4053/3139 3441/4292/3295 3435/4293/3292
f 3435/4294/3292 3441/4295/3295 3439/4296/3296 3433/4287/3293
f 3443/4052/3138 3437/4050/3136 3438/4297/3294 3444/4298/3297
f 3444/4299/3297 3438/4300/3294 3436/4170/3245 3442/4169/3244
f 3440/4053/3139 3446/4055/3141 3447/4301/3298 3441/4302/3295
f 3441/4303/3295 3447/4304/3298 3445/4305/3299 3439/4296/3296
f 3449/4054/3140 3443/4052/3138 3444/4306/3297 3450/4307/3300
f 3450/4308/3300 3444/4309/3297 3442/4169/3244 3448/4168/3243
f 3446/4055/3141 3452/4057/3143 3453/4310/3301 3447/4311/3298
f 3447/4312/3298 3453/4313/3301 3451/4314/3302 3445/4305/3299
f 3455/4056/3142 3449/4054/3140 3450/4315/3300 3456/4316/3303
f 3456/4317/3303 3450/4318/3300 3448/4168/3243 3454/4167/3242
f 3452/4058/3143 3458/4061/3145 3459/4319/3304 3453/4320/3301
f 3453/4321/3301 3459/4322/3304 3457/4323/3305 3451/4314/3302
f 3461/4060/3144 3455/4059/3142 3456/4324/3303 3462/4325/3306
f 3462/4326/3306 3456/4327/3303 3454/4167/3242 3460/4166/3241
f 3458/4061/3145 3464/4063/3147 3465/4328/3307 3459/4329/3304
f 3459/4330/3304 3465/4331/3307 3463/4332/3308 3457/4323/3305
f 3467/4062/3146 3461/4060/3144 3462/4333/3306 3468/4334/3309
f 3468/4335/3309 3462/4336/3306 3460/4166/3241 3466/4165/3240
f 3464/4063/3147 3470/4065/3149 3471/4337/3310 3465/4338/3307
f 3465/4339/3307 3471/4340/3310 3469/4341/3311 3463/4332/3308
f 3473/4064/3148 3467/4062/3146 3468/4342/3309 3474/4343/3312
f 3474/4344/3312 3468/4345/3309 3466/4165/3240 3472/4164/3239
f 3470/4065/3149 3476/4067/3151 3477/4346/3313 3471/4347/3310
f 3471/4348/3310 3477/4349/3313 3475/4350/3314 3469/4341/3311
f 3479/4066/3150 3473/4064/3148 3474/4351/3312 3480/4352/3315
f 3480/4353/3315 3474/4354/3312 3472/4164/3239 3478/4163/3238
f 3476/4068/3151 3482/4071/3153 3483/4355/3316 3477/4356/3313
f 3477/4357/3313 3483/4358/3316 3481/4359/3317 3475/4350/3314
f 3485/4070/3152 3479/4069/3150 3480/4360/3315 3486/4361/3318
f 3486/4362/3318 3480/4363/3315 3478/4163/3238 3484/4162/3237
f 3482/4072/3153 3488/4075/3155 3489/4364/3319 3483/4365/3316
f 3483/4366/3316 3489/4367/3319 3487/4368/3320 3481/4359/3317
f 3491/4074/3154 3485/4073/3152 3486/4369/3318 3492/4370/3321
f 3492/4371/3321 3486/4372/3318 3484/4162/3237 3490/4161/3236
f 3488/4075/3155 3494/4077/3157 3495/4373/3322 3489/4374/3319
f 3489/4375/3319 3495/4376/3322 3493/4377/3323 3487/4368/3320
f 3497/4076/3156 3491/4074/3154 3492/4378/3321 3498/4379/3324
f 3498/4380/3324 3492/4381/3321 3490/4161/3236 3496/4160/3235
f 3494/4077/3157 3500/4079/3159 3501/4382/3325 3495/4383/3322
f 3495/4384/3322 3501/4385/3325 3499/4386/3326 3493/4377/3323
f 3503/4078/3158 3497/4076/3156 3498/4387/3324 3504/4388/3327
f 3504/4389/3327 3498/4390/3324 3496/4160/3235 3502/4159/3234
f 3500/4079/3159 3506/4081/3161 3507/4391/3328 3501/4392/3325
f 3501/4393/3325 3507/4394/3328 3505/4395/3329 3499/4386/3326
f 3509/4080/3160 3503/4078/3158 3504/4396/3327 3510/4397/3330
f 3510/4398/3330 3504/4399/3327 3502/4159/3234 3508/4158/3233
f 3506/4081/3161 3512/4083/3163 3513/4400/3331 3507/4401/3328
f 3507/4402/3328 3513/4403/3331 3511/4404/3332 3505/4395/3329
f 3515/4082/3162 3509/4080/3160 3510/4405/3330 3516/4406/3333
f 3516/4407/3333 3510/4408/3330 3508/4158/3233 3514/4157/3232
f 3512/4084/3163 3518/4086/3165 3519/4409/3334 3513/4410/3331
f 3513/4411/3331 3519/4412/3334 3517/4413/3335 3511/4404/3332
f 3521/4085/3164 3515/4082/3162 3516/4414/3333 3522/4415/3336
f 3522/4416/3336 3516/4417/3333 3514/4157/3232 3520/4156/3231
f 3518/4086/3165 3524/4088/3167 3525/4418/3337 3519/4419/3334
f 3519/4420/3334 3525/4421/3337 3523/4422/3338 3517/4413/3335
f 3527/4087/3166 3521/4085/3164 3522/4423/3336 3528/4424/3339
f 3528/4425/3339 3522/4426/3336 3520/4156/3231 3526/4155/3230
f 3524/4088/3167 3530/4090/3169 3531/4427/3340 3525/4428/3337
f 3525/4429/3337 3531/4430/3340 3529/4431/3341 3523/4422/3338
f 3533/4089/3168 3527/4087/3166 3528/4432/3339 3534/4433/3342
f 3534/4434/3342 3528/4435/3339 3526/4155/3230 3532/4154/3229
f 3530/4090/3169 3536/4092/3171 3537/4436/3343 3531/4437/3340
f 3531/4438/3340 3537/4439/3343 3535/4440/3344 3529/4431/3341
f 3539/4091/3170 3533/4089/3168 3534/4441/3342 3540/4442/3345
f 3540/4443/3345 3534/4444/3342 3532/4154/3229 3538/4153/3228
f 3536/4092/3171 3542/4094/3173 3543/4445/3346 3537/4446/3343
f 3537/4447/3343 3543/4448/3346 3541/4449/3347 3535/4440/3344
f 3545/4093/3172 3539/4091/3170 3540/4450/3345 3546/4451/3348
f 3546/4452/3348 3540/4453/3345 3538/4153/3228 3544/4152/3227
f 3542/4094/3173 3548/4096/3175 3549/4454/3349 3543/4455/3346
f 3543/4456/3346 3549/4457/3349 3547/4458/3350 3541/4449/3347
f 3551/4095/3174 3545/4093/3172 3546/4459/3348 3552/4460/3351
f 3552/4461/3351 3546/4462/3348 3544/4152/3227 3550/4151/3226
f 3548/4096/3175 3554/4098/3177 3555/4463/3352 3549/4464/3349
f 3549/4465/3349 3555/4466/3352 3553/4467/3353 3547/4458/3350
f 3557/4097/3176 3551/4095/3174 3552/4468/3351 3558/4469/3354
f 3558/4470/3354 3552/4471/3351 3550/4151/3226 3556/4150/3225
f 3554/4098/3177 3560/4100/3179 3561/4472/3355 3555/4473/3352
f 3555/4474/3352 3561/4475/3355 3559/4476/3356 3553/4467/3353
f 3563/4099/3178 3557/4097/3176 3558/4477/3354 3564/4478/3357
f 3564/4479/3357 3558/4480/3354 3556/4150/3225 3562/4149/3224
f 3560/4101/3179 3566/4104/3181 3567/4481/3358 3561/4482/3355
f 3561/4483/3355 3567/4484/3358 3565/4485/3359 3559/4476/3356
f 3569/4103/3180 3563/4102/3178 3564/4486/3357 3570/4487/3360
f 3570/4488/3360 3564/4489/3357 3562/4149/3224 3568/4148/3223
f 3566/4104/3181 3572/4106/3183 3573/4490/3361 3567/4491/3358
f 3567/4492/3358 3573/4493/3361 3571/4494/3362 3565/4485/3359
f 3575/4105/3182 3569/4103/3180 3570/4495/3360 3576/4496/3363
f 3576/4497/3363 3570/4498/3360 3568/4148/3223 3574/4147/3222
f 3572/4106/3183 3578/4108/3185 3579/4499/3364 3573/4500/3361
f 3573/4501/3361 3579/4502/3364 3577/4503/3365 3571/4494/3362
f 3581/4107/3184 3575/4105/3182 3576/4504/3363 3582/4505/3366
f 3582/4506/3366 3576/4507/3363 3574/4147/3222 3580/4146/3221
f 3578/4108/3185 3584/4110/3187 3585/4508/3367 3579/4509/3364
f 3579/4510/3364 3585/4511/3367 3583/4512/3368 3577/4503/3365
f 3587/4109/3186 3581/4107/3184 3582/4513/3366 3588/4514/3369
f 3588/4515/3369 3582/4516/3366 3580/4146/3221 3586/4145/3220
f 3584/4110/3187 3590/4113/3189 3591/4517/3370 3585/4518/3367
f 3585/4519/3367 3591/4520/3370 3589/4521/3371 3583/4512/3368
f 3593/4112/3188 3587/4111/3186 3588/4522/3369 3594/4523/3372
f 3594/4524/3372 3588/4525/3369 3586/4145/3220 3592/4144/3219
f 3590/4113/3189 3596/4115/3191 3597/4526/3373 3591/4527/3370
f 3591/4528/3370 3597/4529/3373 3595/4530/3374 3589/4521/3371
f 3599/4114/3190 3593/4112/3188 3594/4531/3372 3600/4532/3375
f 3600/4533/3375 3594/4534/3372 3592/4144/3219 3598/4143/3218
f 3596/4115/3191 3602/4117/3193 3603/4535/3376 3597/4536/3373
f 3597/4537/3373 3603/4538/3376 3601/4539/3377 3595/4530/3374
f 3605/4116/3192 3599/4114/3190 3600/4540/3375 3606/4541/3378
f 3606/4542/3378 3600/4543/3375 3598/4143/3218 3604/4142/3217
f 3602/4117/3193 3608/4119/3195 3609/4544/3379 3603/4545/3376
f 3603/4546/3376 3609/4547/3379 3607/4548/3380 3601/4539/3377
f 3611/4118/3194 3605/4116/3192 3606/4549/3378 3612/4550/3381
f 3612/4551/3381 3606/4552/3378 3604/4142/3217 3610/4141/3216
f 3608/4119/3195 3614/4121/3197 3615/4553/3382 3609/4554/3379
f 3609/4555/3379 3615/4556/3382 3613/4557/3383 3607/4548/3380
f 3617/4120/3196 3611/4118/3194 3612/4558/3381 3618/4559/3384
f 3618/4560/3384 3612/4561/3381 3610/4141/3216 3616/4140/3215
f 3614/4121/3197 3620/4123/3199 3621/4562/3385 3615/4563/3382
f 3615/4564/3382 3621/4565/3385 3619/4566/3386 3613/4557/3383
f 3623/4122/3198 3617/4120/3196 3618/4567/3384 3624/4568/3387
f 3624/4569/3387 3618/4570/3384 3616/4140/3215 3622/4139/3214
f 3620/4123/3199 3626/4125/3201 3627/4571/3388 3621/4572/3385
f 3621/4573/3385 3627/4574/3388 3625/4575/3389 3619/4566/3386
f 3629/4124/3200 3623/4122/3198 3624/4576/3387 3630/4577/3390
f 3630/4578/3390 3624/4579/3387 3622/4139/3214 3628/4138/3213
f 3626/4125/3201 3632/4127/3203 3633/4580/3391 3627/4581/3388
f 3627/4582/3388 3633/4583/3391 3631/4584/3392 3625/4575/3389
f 3635/4126/3202 3629/4124/3200 3630/4585/3390 3636/4586/3393
f 3636/4587/3393 3630/4588/3390 3628/4138/3213 3634/4137/3212
f 3632/4127/3203 3638/4129/3205 3639/4589/3394 3633/4590/3391
f 3633/4591/3391 3639/4592/3394 3637/4593/3395 3631/4584/3392
f 3641/4128/3204 3635/4126/3202 3636/4594/3393 3642/4595/3396
f 3642/4596/3396 3636/4597/3393 3634/4137/3212 3640/4136/3211
f 3638/4129/3205 3644/4020/3112 3645/4598/3397 3639/4599/3394
f 3639/4600/3394 3645/4601/3397 3643/4602/3398 3637/4593/3395
f 3647/4130/3113 3641/4128/3204 3642/4603/3396 3648/4604/3399
f 3648/4605/3399 3642/4606/3396 3640/4136/3211 3646/4135/3210
f 3644/4020/3112 3362/4023/3115 3363/4607/3257 3645/4608/3397
f 3645/4609/3397 3363/4610/3257 3361/4188/3259 3643/4602/3398
f 3365/4022/3114 3647/4021/3113 3648/4611/3399 3366/4612/3260
f 3366/4613/3260 3648/4614/3399 3646/4135/3210 3364/4134/3209
f 3361/4188/3259 3367/4187/3258 3373/4197/3263 3379/4206/3266 3385/4215/3269 3391/4224/3272 3397/4233/3275 3403/4242/3278 3409/4251/3281 3415/4260/3284 3421/4269/3287 3427/4278/3290 3433/4287/3293 3439/4296/3296 3445/4305/3299 3451/4314/3302 3457/4323/3305 3463/4332/3308 3469/4341/3311 3475/4350/3314 3481/4359/3317 3487/4368/3320 3493/4377/3323 3499/4386/3326 3505/4395/3329 3511/4404/3332 3517/4413/3335 3523/4422/3338 3529/4431/3341 3535/4440/3344 3541/4449/3347 3547/4458/3350 3553/4467/3353 3559/4476/3356 3565/4485/3359 3571/4494/3362 3577/4503/3365 3583/4512/3368 3589/4521/3371 3595/4530/3374 3601/4539/3377 3607/4548/3380 3613/4557/3383 3619/4566/3386 3625/4575/3389 3631/4584/3392 3637/4593/3395 3643/4602/3398
o Lens_aluminum_ring
v -0.025000 0.394374 0.136500
v -0.025000 0.395000 0.137125
v -0.025000 0.394816 0.136683
v -0.025000 0.394374 0.141500
v -0.025000 0.395000 0.140875
v -0.025000 0.394816 0.141317
v -0.023646 0.394285 0.136500
v -0.023564 0.394906 0.137125
v -0.023588 0.394723 0.136683
v -0.023646 0.394285 0.141500
v -0.023564 0.394906 0.140875
v -0.023588 0.394723 0.141317
v -0.022315 0.394020 0.136500
v -0.022153 0.394625 0.137125
v -0.022201 0.394447 0.136683
v -0.022315 0.394020 0.141500
v -0.022153 0.394625 0.140875
v -0.022201 0.394447 0.141317
v -0.021030 0.393584 0.136500
v -0.020790 0.394163 0.137125
v -0.020861 0.393993 0.136683
v -0.021030 0.393584 0.141500
v -0.020790 0.394163 0.140875
v -0.020861 0.393993 0.141317
v -0.019813 0.392984 0.136500
v -0.019500 0.393526 0.137125
v -0.019592 0.393367 0.136683
v -0.019813 0.392984 0.141500
v -0.019500 0.393526 0.140875
v -0.019592 0.393367 0.141317
v -0.018685 0.392230 0.136500
v -0.018304 0.392727 0.137125
v -0.018416 0.392581 0.136683
v -0.018685 0.392230 0.141500
v -0.018304 0.392727 0.140875
v -0.018416 0.392581 0.141317
v -0.017665 0.391335 0.136500
v -0.017222 0.391778 0.137125
v -0.017352 0.391648 0.136683
v -0.017665 0.391335 0.141500
v -0.017222 0.391778 0.140875
v -0.017352 0.391648 0.141317
v -0.016770 0.390315 0.136500
v -0.016273 0.390696 0.137125
v -0.016419 0.390584 0.136683
v -0.016770 0.390315 0.141500
v -0.016273 0.390696 0.140875
v -0.016419 0.390584 0.141317
v -0.016016 0.389187 0.136500
v -0.015474 0.389500 0.137125
v -0.015633 0.389408 0.136683
v -0.016016 0.389187 0.141500
v -0.015474 0.389500 0.140875
v -0.015633 0.389408 0.141317
v -0.015416 0.387970 0.136500
v -0.014837 0.388210 0.137125
v -0.015007 0.388139 0.136683
v -0.015416 0.387970 0.141500
v -0.014837 0.388210 0.140875
v -0.015007 0.388139 0.141317
v -0.014980 0.386685 0.136500
v -0.014375 0.386847 0.137125
v -0.014553 0.386799 0.136683
v -0.014980 0.386685 0.141500
v -0.014375 0.386847 0.140875
v -0.014553 0.386799 0.141317
v -0.014715 0.385354 0.136500
v -0.014094 0.385436 0.137125
v -0.014277 0.385412 0.136683
v -0.014715 0.385354 0.141500
v -0.014094 0.385436 0.140875
v -0.014277 0.385412 0.141317
v -0.014626 0.384000 0.136500
v -0.014000 0.384000 0.137125
v -0.014184 0.384000 0.136683
v -0.014626 0.384000 0.141500
v -0.014000 0.384000 0.140875
v -0.014184 0.384000 0.141317
v -0.014715 0.382646 0.136500
v -0.014094 0.382564 0.137125
v -0.014277 0.382588 0.136683
v -0.014715 0.382646 0.141500
v -0.014094 0.382564 0.140875
v -0.014277 0.382588 0.141317
v -0.014980 0.381315 0.136500
v -0.014375 0.381153 0.137125
v -0.014553 0.381201 0.136683
v -0.014980 0.381315 0.141500
v -0.014375 0.381153 0.140875
v -0.014553 0.381201 0.141317
v -0.015416 0.380030 0.136500
v -0.014837 0.379790 0.137125
v -0.015007 0.379861 0.136683
v -0.015416 0.380030 0.141500
v -0.014837 0.379790 0.140875
v -0.015007 0.379861 0.141317
v -0.016016 0.378813 0.136500
v -0.015474 0.378500 0.137125
v -0.015633 0.378592 0.136683
v -0.016016 0.378813 0.141500
v -0.015474 0.378500 0.140875
v -0.015633 0.378592 0.141317
v -0.016770 0.377685 0.136500
v -0.016273 0.377304 0.137125
v -0.016419 0.377416 0.136683
v -0.016770 0.377685 0.141500
v -0.016273 0.377304 0.140875
v -0.016419 0.377416 0.141317
v -0.017665 0.376665 0.136500
v -0.017222 0.376222 0.137125
v -0.017352 0.376352 0.136683
v -0.017665 0.376665 0.141500
v -0.017222 0.376222 0.140875
v -0.017352 0.376352 0.141317
v -0.018685 0.375770 0.136500
v -0.018304 0.375273 0.137125
v -0.018416 0.375419 0.136683
v -0.018685 0.375770 0.141500
v -0.018304 0.375273 0.140875
v -0.018416 0.375419 0.141317
v -0.019813 0.375016 0.136500
v -0.019500 0.374474 0.137125
v -0.019592 0.374633 0.136683
v -0.019813 0.375016 0.141500
v -0.019500 0.374474 0.140875
v -0.019592 0.374633 0.141317
v -0.021030 0.374416 0.136500
v -0.020790 0.373837 0.137125
v -0.020861 0.374007 0.136683
v -0.021030 0.374416 0.141500
v -0.020790 0.373837 0.140875
v -0.020861 0.374007 0.141317
v -0.022315 0.373980 0.136500
v -0.022153 0.373375 0.137125
v -0.022201 0.373553 0.136683
v -0.022315 0.373980 0.141500
v -0.022153 0.373375 0.140875
v -0.022201 0.373553 0.141317
v -0.023646 0.373715 0.136500
v -0.023564 0.373094 0.137125
v -0.023588 0.373277 0.136683
v -0.023646 0.373715 0.141500
v -0.023564 0.373094 0.140875
v -0.023588 0.373277 0.141317
v -0.025000 0.373626 0.136500
v -0.025000 0.373000 0.137125
v -0.025000 0.373184 0.136683
v -0.025000 0.373626 0.141500
v -0.025000 0.373000 0.140875
v -0.025000 0.373184 0.141317
v -0.026354 0.373715 0.136500
v -0.026436 0.373094 0.137125
v -0.026412 0.373277 0.136683
v -0.026354 0.373715 0.141500
v -0.026436 0.373094 0.140875
v -0.026412 0.373277 0.141317
v -0.027685 0.373980 0.136500
v -0.027847 0.373375 0.137125
v -0.027799 0.373553 0.136683
v -0.027685 0.373980 0.141500
v -0.027847 0.373375 0.140875
v -0.027799 0.373553 0.141317
v -0.028970 0.374416 0.136500
v -0.029210 0.373837 0.137125
v -0.029139 0.374007 0.136683
v -0.028970 0.374416 0.141500
v -0.029210 0.373837 0.140875
v -0.029139 0.374007 0.141317
v -0.030187 0.375016 0.136500
v -0.030500 0.374474 0.137125
v -0.030408 0.374633 0.136683
v -0.030187 0.375016 0.141500
v -0.030500 0.374474 0.140875
v -0.030408 0.374633 0.141317
v -0.031315 0.375770 0.136500
v -0.031696 0.375273 0.137125
v -0.031584 0.375419 0.136683
v -0.031315 0.375770 0.141500
v -0.031696 0.375273 0.140875
v -0.031584 0.375419 0.141317
v -0.032335 0.376665 0.136500
v -0.032778 0.376222 0.137125
v -0.032648 0.376352 0.136683
v -0.032335 0.376665 0.141500
v -0.032778 0.376222 0.140875
v -0.032648 0.376352 0.141317
v -0.033230 0.377685 0.136500
v -0.033727 0.377304 0.137125
v -0.033581 0.377416 0.136683
v -0.033230 0.377685 0.141500
v -0.033727 0.377304 0.140875
v -0.033581 0.377416 0.141317
v -0.033984 0.378813 0.136500
v -0.034526 0.378500 0.137125
v -0.034367 0.378592 0.136683
v -0.033984 0.378813 0.141500
v -0.034526 0.378500 0.140875
v -0.034367 0.378592 0.141317
v -0.034584 0.380030 0.136500
v -0.035163 0.379790 0.137125
v -0.034993 0.379861 0.136683
v -0.034584 0.380030 0.141500
v -0.035163 0.379790 0.140875
v -0.034993 0.379861 0.141317
v -0.035020 0.381315 0.136500
v -0.035625 0.381153 0.137125
v -0.035447 0.381201 0.136683
v -0.035020 0.381315 0.141500
v -0.035625 0.381153 0.140875
v -0.035447 0.381201 0.141317
v -0.035285 0.382646 0.136500
v -0.035906 0.382564 0.137125
v -0.035723 0.382588 0.136683
v -0.035285 0.382646 0.141500
v -0.035906 0.382564 0.140875
v -0.035723 0.382588 0.141317
v -0.035374 0.384000 0.136500
v -0.036000 0.384000 0.137125
v -0.035816 0.384000 0.136683
v -0.035374 0.384000 0.141500
v -0.036000 0.384000 0.140875
v -0.035816 0.384000 0.141317
v -0.035285 0.385354 0.136500
v -0.035906 0.385436 0.137125
v -0.035723 0.385412 0.136683
v -0.035285 0.385354 0.141500
v -0.035906 0.385436 0.140875
v -0.035723 0.385412 0.141317
v -0.035020 0.386685 0.136500
v -0.035625 0.386847 0.137125
v -0.035447 0.386799 0.136683
v -0.035020 0.386685 0.141500
v -0.035625 0.386847 0.140875
v -0.035447 0.386799 0.141317
v -0.034584 0.387970 0.136500
v -0.035163 0.388210 0.137125
v -0.034993 0.388139 0.136683
v -0.034584 0.387970 0.141500
v -0.035163 0.388210 0.140875
v -0.034993 0.388139 0.141317
v -0.033984 0.389187 0.136500
v -0.034526 0.389500 0.137125
v -0.034367 0.389408 0.136683
v -0.033984 0.389187 0.141500
v -0.034526 0.389500 0.140875
v -0.034367 0.389408 0.141317
v -0.033230 0.390315 0.136500
v -0.033727 0.390696 0.137125
v -0.033581 0.390584 0.136683
v -0.033230 0.390315 0.141500
v -0.033727 0.390696 0.140875
v -0.033581 0.390584 0.141317
v -0.032335 0.391335 0.136500
v -0.032778 0.391778 0.137125
v -0.032648 0.391648 0.136683
v -0.032335 0.391335 0.141500
v -0.032778 0.391778 0.140875
v -0.032648 0.391648 0.141317
v -0.031315 0.392230 0.136500
v -0.031696 0.392727 0.137125
v -0.031584 0.392581 0.136683
v -0.031315 0.392230 0.141500
v -0.031696 0.392727 0.140875
v -0.031584 0.392581 0.141317
v -0.030187 0.392984 0.136500
v -0.030500 0.393526 0.137125
v -0.030408 0.393367 0.136683
v -0.030187 0.392984 0.141500
v -0.030500 0.393526 0.140875
v -0.030408 0.393367 0.141317
v -0.028970 0.393584 0.136500
v -0.029210 0.394163 0.137125
v -0.029139 0.393993 0.136683
v -0.028970 0.393584 0.141500
v -0.029210 0.394163 0.140875
v -0.029139 0.393993 0.141317
v -0.027685 0.394020 0.136500
v -0.027847 0.394625 0.137125
v -0.027799 0.394447 0.136683
v -0.027685 0.394020 0.141500
v -0.027847 0.394625 0.140875
v -0.027799 0.394447 0.141317
v -0.026354 0.394285 0.136500
v -0.026436 0.394906 0.137125
v -0.026412 0.394723 0.136683
v -0.026354 0.394285 0.141500
v -0.026436 0.394906 0.140875
v -0.026412 0.394723 0.141317
vn -0.1304 0.9905 -0.0436
vn -0.1304 0.9905 0.0436
vn -0.0000 0.9991 0.0436
vn -0.0000 0.9991 -0.0436
vn 0.2586 0.9650 -0.0436
vn 0.2586 0.9650 0.0436
vn 0.3823 0.9230 0.0436
vn 0.3823 0.9230 -0.0436
vn 0.4995 0.8652 0.0436
vn 0.4995 0.8652 -0.0436
vn 0.6082 0.7926 0.0436
vn 0.6082 0.7926 -0.0436
vn 0.7064 0.7064 0.0436
vn 0.7064 0.7064 -0.0436
vn 0.7926 0.6082 0.0436
vn 0.7926 0.6082 -0.0436
vn 0.8652 0.4995 0.0436
vn 0.8652 0.4995 -0.0436
vn 0.9230 0.3823 0.0436
vn 0.9230 0.3823 -0.0436
vn 0.9650 0.2586 0.0436
vn 0.9650 0.2586 -0.0436
vn 0.9905 0.1304 0.0436
vn 0.9905 0.1304 -0.0436
vn 0.9991 -0.0000 0.0436
vn 0.9991 -0.0000 -0.0436
vn 0.9905 -0.1304 0.0436
vn 0.9905 -0.1304 -0.0436
vn 0.9650 -0.2586 0.0436
vn 0.9650 -0.2586 -0.0436
vn 0.9230 -0.3823 0.0436
vn 0.9230 -0.3823 -0.0436
vn 0.8652 -0.4995 0.0436
vn 0.8652 -0.4995 -0.0436
vn 0.7926 -0.6082 0.0436
vn 0.7926 -0.6082 -0.0436
vn 0.7064 -0.7064 0.0436
vn 0.7064 -0.7064 -0.0436
vn 0.6082 -0.7926 0.0436
vn 0.6082 -0.7926 -0.0436
vn 0.4995 -0.8652 0.0436
vn 0.4995 -0.8652 -0.0436
vn 0.3823 -0.9230 0.0436
vn 0.3823 -0.9230 -0.0436
vn 0.2586 -0.9650 0.0436
vn 0.2586 -0.9650 -0.0436
vn 0.1304 -0.9905 0.0436
vn 0.1304 -0.9905 -0.0436
vn -0.0000 -0.9991 0.0436
vn -0.0000 -0.9991 -0.0436
vn -0.1304 -0.9905 0.0436
vn -0.1304 -0.9905 -0.0436
vn -0.2586 -0.9650 0.0436
vn -0.2586 -0.9650 -0.0436
vn -0.3823 -0.9230 0.0436
vn -0.3823 -0.9230 -0.0436
vn -0.4995 -0.8652 0.0436
vn -0.4995 -0.8652 -0.0436
vn -0.6082 -0.7926 0.0436
vn -0.6082 -0.7926 -0.0436
vn -0.7064 -0.7064 0.0436
vn -0.7064 -0.7064 -0.0436
vn -0.7926 -0.6082 0.0436
vn -0.7926 -0.6082 -0.0436
vn -0.8652 -0.4995 0.0436
vn -0.8652 -0.4995 -0.0436
vn -0.9230 -0.3823 0.0436
vn -0.9230 -0.3823 -0.0436
vn -0.9650 -0.2586 0.0436
vn -0.9650 -0.2586 -0.0436
vn -0.9905 -0.1304 0.0436
vn -0.9905 -0.1304 -0.0436
vn -0.9991 -0.0000 0.0436
vn -0.9991 -0.0000 -0.0436
vn -0.9905 0.1304 0.0436
vn -0.9905 0.1304 -0.0436
vn -0.9650 0.2586 0.0436
vn -0.9650 0.2586 -0.0436
vn -0.9230 0.3823 0.0436
vn -0.9230 0.3823 -0.0436
vn -0.8652 0.4995 0.0436
vn -0.8652 0.4995 -0.0436
vn -0.7926 0.6082 0.0436
vn -0.7926 0.6082 -0.0436
vn -0.7064 0.7064 0.0436
vn -0.7064 0.7064 -0.0436
vn -0.6082 0.7926 0.0436
vn -0.6082 0.7926 -0.0436
vn -0.4995 0.8652 0.0436
vn -0.4995 0.8652 -0.0436
vn -0.3823 0.9230 0.0436
vn -0.3823 0.9230 -0.0436
vn -0.2586 0.9650 0.0436
vn -0.2586 0.9650 -0.0436
vn 0.1304 0.9905 -0.0436
vn 0.1304 0.9905 0.0436
vn 0.0002 0.0015 1.0000
vn -0.0000 0.0015 1.0000
vn -0.0002 0.0015 1.0000
vn -0.0004 0.0015 1.0000
vn -0.0006 0.0014 1.0000
vn -0.0008 0.0013 1.0000
vn -0.0009 0.0012 1.0000
vn -0.0011 0.0011 1.0000
vn -0.0012 0.0010 1.0000
vn -0.0013 0.0008 1.0000
vn -0.0014 0.0006 1.0000
vn -0.0015 0.0004 1.0000
vn -0.0015 0.0002 1.0000
vn -0.0015 -0.0000 1.0000
vn -0.0015 -0.0002 1.0000
vn -0.0015 -0.0004 1.0000
vn -0.0014 -0.0006 1.0000
vn -0.0013 -0.0008 1.0000
vn -0.0012 -0.0009 1.0000
vn -0.0011 -0.0011 1.0000
vn -0.0010 -0.0012 1.0000
vn -0.0008 -0.0013 1.0000
vn -0.0006 -0.0014 1.0000
vn -0.0004 -0.0015 1.0000
vn -0.0002 -0.0015 1.0000
vn -0.0000 -0.0015 1.0000
vn 0.0002 -0.0015 1.0000
vn 0.0004 -0.0015 1.0000
vn 0.0006 -0.0014 1.0000
vn 0.0008 -0.0013 1.0000
vn 0.0009 -0.0012 1.0000
vn 0.0011 -0.0011 1.0000
vn 0.0012 -0.0010 1.0000
vn 0.0013 -0.0008 1.0000
vn 0.0014 -0.0006 1.0000
vn 0.0015 -0.0004 1.0000
vn 0.0015 -0.0002 1.0000
vn 0.0015 -0.0000 1.0000
vn 0.0015 0.0002 1.0000
vn 0.0015 0.0004 1.0000
vn 0.0014 0.0006 1.0000
vn 0.0013 0.0008 1.0000
vn 0.0012 0.0009 1.0000
vn 0.0011 0.0011 1.0000
vn 0.0010 0.0012 1.0000
vn 0.0008 0.0013 1.0000
vn 0.0006 0.0014 1.0000
vn 0.0004 0.0015 1.0000
vn 0.0928 0.7045 -0.7036
vn -0.0000 0.7106 -0.7036
vn 0.0002 0.0015 -1.0000
vn -0.0000 0.0015 -1.0000
vn -0.0000 0.7106 0.7036
vn 0.0928 0.7045 0.7036
vn 0.1839 0.6864 -0.7036
vn 0.0004 0.0015 -1.0000
vn 0.1839 0.6864 0.7036
vn 0.2719 0.6565 -0.7036
vn 0.0006 0.0014 -1.0000
vn 0.2719 0.6565 0.7036
vn 0.3553 0.6154 -0.7036
vn 0.0008 0.0013 -1.0000
vn 0.3553 0.6154 0.7036
vn 0.4326 0.5638 -0.7036
vn 0.0010 0.0012 -1.0000
vn 0.4326 0.5638 0.7036
vn 0.5025 0.5025 -0.7036
vn 0.0011 0.0011 -1.0000
vn 0.5025 0.5025 0.7036
vn 0.5638 0.4326 -0.7036
vn 0.0012 0.0009 -1.0000
vn 0.5637 0.4326 0.7036
vn 0.6154 0.3553 -0.7036
vn 0.0013 0.0008 -1.0000
vn 0.6154 0.3553 0.7036
vn 0.6565 0.2719 -0.7036
vn 0.0014 0.0006 -1.0000
vn 0.6565 0.2719 0.7036
vn 0.6864 0.1839 -0.7036
vn 0.0015 0.0004 -1.0000
vn 0.6864 0.1839 0.7036
vn 0.7045 0.0928 -0.7036
vn 0.0015 0.0002 -1.0000
vn 0.7045 0.0928 0.7036
vn 0.7106 -0.0000 -0.7036
vn 0.0015 -0.0000 -1.0000
vn 0.7106 -0.0000 0.7036
vn 0.7045 -0.0928 -0.7036
vn 0.0015 -0.0002 -1.0000
vn 0.7045 -0.0928 0.7036
vn 0.6864 -0.1839 -0.7036
vn 0.0015 -0.0004 -1.0000
vn 0.6864 -0.1839 0.7036
vn 0.6565 -0.2719 -0.7036
vn 0.0014 -0.0006 -1.0000
vn 0.6565 -0.2719 0.7036
vn 0.6154 -0.3553 -0.7036
vn 0.0013 -0.0008 -1.0000
vn 0.6154 -0.3553 0.7036
vn 0.5637 -0.4326 -0.7036
vn 0.0012 -0.0010 -1.0000
vn 0.5638 -0.4326 0.7036
vn 0.5025 -0.5025 -0.7036
vn 0.0011 -0.0011 -1.0000
vn 0.5025 -0.5025 0.7036
vn 0.4326 -0.5638 -0.7036
vn 0.0009 -0.0012 -1.0000
vn 0.4326 -0.5638 0.7036
vn 0.3553 -0.6154 -0.7036
vn 0.0008 -0.0013 -1.0000
vn 0.3553 -0.6154 0.7036
vn 0.2719 -0.6565 -0.7036
vn 0.0006 -0.0014 -1.0000
vn 0.2719 -0.6565 0.7036
vn 0.1839 -0.6864 -0.7036
vn 0.0004 -0.0015 -1.0000
vn 0.1839 -0.6864 0.7036
vn 0.0928 -0.7045 -0.7036
vn 0.0002 -0.0015 -1.0000
vn 0.0928 -0.7045 0.7036
vn -0.0000 -0.7106 -0.7036
vn -0.0000 -0.0015 -1.0000
vn -0.0000 -0.7106 0.7036
vn -0.0928 -0.7045 -0.7036
vn -0.0002 -0.0015 -1.0000
vn -0.0928 -0.7045 0.7036
vn -0.1839 -0.6864 -0.7036
vn -0.0004 -0.0015 -1.0000
vn -0.1839 -0.6864 0.7036
vn -0.2719 -0.6565 -0.7036
vn -0.0006 -0.0014 -1.0000
vn -0.2719 -0.6565 0.7036
vn -0.3553 -0.6154 -0.7036
vn -0.0008 -0.0013 -1.0000
vn -0.3553 -0.6154 0.7036
vn -0.4326 -0.5638 -0.7036
vn -0.0010 -0.0012 -1.0000
vn -0.4326 -0.5638 0.7036
vn -0.5025 -0.5025 -0.7036
vn -0.0011 -0.0011 -1.0000
vn -0.5025 -0.5025 0.7036
vn -0.5638 -0.4326 -0.7036
vn -0.0012 -0.0009 -1.0000
vn -0.5637 -0.4326 0.7036
vn -0.6154 -0.3553 -0.7036
vn -0.0013 -0.0008 -1.0000
vn -0.6154 -0.3553 0.7036
vn -0.6565 -0.2719 -0.7036
vn -0.0014 -0.0006 -1.0000
vn -0.6565 -0.2719 0.7036
vn -0.6864 -0.1839 -0.7036
vn -0.0015 -0.0004 -1.0000
vn -0.6864 -0.1839 0.7036
vn -0.7045 -0.0928 -0.7036
vn -0.0015 -0.0002 -1.0000
vn -0.7045 -0.0928 0.7036
vn -0.7106 -0.0000 -0.7036
vn -0.0015 -0.0000 -1.0000
vn -0.7106 -0.0000 0.7036
vn -0.7045 0.0928 -0.7036
vn -0.0015 0.0002 -1.0000
vn -0.7045 0.0928 0.7036
vn -0.6864 0.1839 -0.7036
vn -0.0015 0.0004 -1.0000
vn -0.6864 0.1839 0.7036
vn -0.6565 0.2719 -0.7036
vn -0.0014 0.0006 -1.0000
vn -0.6565 0.2719 0.7036
vn -0.6154 0.3553 -0.7036
vn -0.0013 0.0008 -1.0000
vn -0.6154 0.3553 0.7036
vn -0.5637 0.4326 -0.7036
vn -0.0012 0.0010 -1.0000
vn -0.5638 0.4326 0.7036
vn -0.5025 0.5025 -0.7036
vn -0.0011 0.0011 -1.0000
vn -0.5025 0.5025 0.7036
vn -0.4326 0.5638 -0.7036
vn -0.0009 0.0012 -1.0000
vn -0.4326 0.5638 0.7036
vn -0.3553 0.6154 -0.7036
vn -0.0008 0.0013 -1.0000
vn -0.3553 0.6154 0.7036
vn -0.2719 0.6565 -0.7036
vn -0.0006 0.0014 -1.0000
vn -0.2719 0.6565 0.7036
vn -0.1839 0.6864 -0.7036
vn -0.0004 0.0015 -1.0000
vn -0.1839 0.6864 0.7036
vn -0.0928 0.7045 -0.7036
vn -0.0002 0.0015 -1.0000
vn -0.0928 0.7045 0.7036
vt 0.020834 0.562500
vt 0.020834 0.937500
vt 0.000000 0.937500
vt 0.000000 0.562500
vt 0.958333 0.562500
vt 0.958333 0.937500
vt 0.937500 0.937500
vt 0.937500 0.562500
vt 0.916667 0.937500
vt 0.916667 0.562500
vt 0.916667 0.562500
vt 0.916667 0.937500
vt 0.895833 0.937500
vt 0.895833 0.562500
vt 0.875000 0.937500
vt 0.875000 0.562500
vt 0.854167 0.937500
vt 0.854167 0.562500
vt 0.854167 0.562500
vt 0.854167 0.937500
vt 0.833333 0.937500
vt 0.833333 0.562500
vt 0.812500 0.937500
vt 0.812500 0.562500
vt 0.812500 0.562500
vt 0.812500 0.937500
vt 0.791667 0.937500
vt 0.791667 0.562500
vt 0.770834 0.937500
vt 0.770834 0.562500
vt 0.750000 0.937500
vt 0.750000 0.562500
vt 0.729167 0.937500
vt 0.729167 0.562500
vt 0.708334 0.937500
vt 0.708334 0.562500
vt 0.687500 0.937500
vt 0.687500 0.562500
vt 0.687500 0.562500
vt 0.687500 0.937500
vt 0.666667 0.937500
vt 0.666667 0.562500
vt 0.645834 0.937500
vt 0.645834 0.562500
vt 0.625000 0.937500
vt 0.625000 0.562500
vt 0.604167 0.937500
vt 0.604167 0.562500
vt 0.604167 0.562500
vt 0.604167 0.937500
vt 0.583334 0.937500
vt 0.583334 0.562500
vt 0.583334 0.562500
vt 0.583334 0.937500
vt 0.562500 0.937500
vt 0.562500 0.562500
vt 0.541667 0.937500
vt 0.541667 0.562500
vt 0.520834 0.937500
vt 0.520834 0.562500
vt 0.500000 0.937500
vt 0.500000 0.562500
vt 0.479167 0.937500
vt 0.479167 0.562500
vt 0.479167 0.562500
vt 0.458334 0.937500
vt 0.458334 0.562500
vt 0.437500 0.937500
vt 0.437500 0.562500
vt 0.416667 0.937500
vt 0.416667 0.562500
vt 0.395834 0.937500
vt 0.395834 0.562500
vt 0.375000 0.937500
vt 0.375000 0.562500
vt 0.354167 0.937500
vt 0.354167 0.562500
vt 0.333334 0.937500
vt 0.333334 0.562500
vt 0.312500 0.937500
vt 0.312500 0.562500
vt 0.312500 0.562500
vt 0.312500 0.937500
vt 0.291667 0.937500
vt 0.291667 0.562500
vt 0.270834 0.937500
vt 0.270834 0.562500
vt 0.250000 0.937500
vt 0.250000 0.562500
vt 0.229167 0.937500
vt 0.229167 0.562500
vt 0.229167 0.937500
vt 0.208334 0.937500
vt 0.208334 0.562500
vt 0.187500 0.937500
vt 0.187500 0.562500
vt 0.166667 0.937500
vt 0.166667 0.562500
vt 0.145834 0.937500
vt 0.145834 0.562500
vt 0.125000 0.937500
vt 0.125000 0.562500
vt 0.104167 0.937500
vt 0.104167 0.562500
vt 0.083334 0.937500
vt 0.083334 0.562500
vt 0.062500 0.937500
vt 0.062500 0.562500
vt 0.041667 0.937500
vt 0.041667 0.562500
vt 0.020834 0.937500
vt 0.979167 0.562500
vt 0.979167 0.937500
vt 0.279543 0.474398
vt 0.250000 0.476334
vt 0.220457 0.474398
vt 0.191420 0.468622
vt 0.163386 0.459106
vt 0.136833 0.446011
vt 0.112216 0.429563
vt 0.089957 0.410043
vt 0.070437 0.387784
vt 0.053989 0.363167
vt 0.040894 0.336614
vt 0.031378 0.308580
vt 0.025602 0.279542
vt 0.023666 0.250000
vt 0.025602 0.220457
vt 0.031378 0.191420
vt 0.040894 0.163386
vt 0.053989 0.136833
vt 0.070437 0.112216
vt 0.089957 0.089957
vt 0.112216 0.070437
vt 0.136833 0.053989
vt 0.163386 0.040894
vt 0.191420 0.031378
vt 0.220457 0.025602
vt 0.250000 0.023666
vt 0.279543 0.025602
vt 0.308580 0.031378
vt 0.336614 0.040894
vt 0.363167 0.053989
vt 0.387784 0.070437
vt 0.410042 0.089957
vt 0.429563 0.112216
vt 0.446011 0.136833
vt 0.459106 0.163386
vt 0.468622 0.191420
vt 0.474398 0.220457
vt 0.476334 0.250000
vt 0.474398 0.279543
vt 0.468622 0.308580
vt 0.459106 0.336614
vt 0.446011 0.363167
vt 0.429563 0.387784
vt 0.410043 0.410043
vt 0.387784 0.429563
vt 0.363167 0.446011
vt 0.336614 0.459106
vt 0.308580 0.468622
vt 1.000000 0.562500
vt 1.000000 0.937500
vt 0.979341 0.500000
vt 0.999826 0.500000
vt 0.750262 0.489983
vt 0.781064 0.487964
vt 0.779543 0.474398
vt 0.750000 0.476334
vt 0.999826 1.000000
vt 0.979341 1.000000
vt 0.281064 0.487964
vt 0.250262 0.489983
vt 0.958508 0.500000
vt 0.978992 0.500000
vt 0.781584 0.487896
vt 0.811859 0.481873
vt 0.808580 0.468622
vt 0.978992 1.000000
vt 0.958508 1.000000
vt 0.311859 0.481873
vt 0.281584 0.487896
vt 0.937674 0.500000
vt 0.958159 0.500000
vt 0.812365 0.481738
vt 0.841595 0.471815
vt 0.836614 0.459106
vt 0.958159 1.000000
vt 0.937674 1.000000
vt 0.341595 0.471815
vt 0.312365 0.481738
vt 0.916841 0.500000
vt 0.937326 0.500000
vt 0.842080 0.471615
vt 0.869765 0.457962
vt 0.863167 0.446011
vt 0.937326 1.000000
vt 0.916841 1.000000
vt 0.369765 0.457962
vt 0.342080 0.471615
vt 0.896008 0.500000
vt 0.916493 0.500000
vt 0.870218 0.457700
vt 0.895884 0.440551
vt 0.887784 0.429563
vt 0.916493 1.000000
vt 0.896008 1.000000
vt 0.395884 0.440551
vt 0.370218 0.457700
vt 0.875174 0.500000
vt 0.895659 0.500000
vt 0.896300 0.440232
vt 0.919508 0.419879
vt 0.910043 0.410043
vt 0.895659 1.000000
vt 0.875174 1.000000
vt 0.419508 0.419879
vt 0.396300 0.440232
vt 0.854341 0.500000
vt 0.874826 0.500000
vt 0.919879 0.419508
vt 0.940232 0.396300
vt 0.929563 0.387784
vt 0.874826 1.000000
vt 0.854341 1.000000
vt 0.440232 0.396300
vt 0.419879 0.419508
vt 0.833508 0.500000
vt 0.853993 0.500000
vt 0.940551 0.395884
vt 0.957700 0.370218
vt 0.946011 0.363167
vt 0.853993 1.000000
vt 0.833508 1.000000
vt 0.457700 0.370218
vt 0.440551 0.395884
vt 0.812674 0.500000
vt 0.833159 0.500000
vt 0.957962 0.369765
vt 0.971615 0.342080
vt 0.959106 0.336614
vt 0.833159 1.000000
vt 0.812674 1.000000
vt 0.471615 0.342080
vt 0.457962 0.369764
vt 0.791841 0.500000
vt 0.812326 0.500000
vt 0.971815 0.341595
vt 0.981738 0.312365
vt 0.968622 0.308580
vt 0.812326 1.000000
vt 0.791841 1.000000
vt 0.481738 0.312365
vt 0.471815 0.341595
vt 0.771008 0.500000
vt 0.791493 0.500000
vt 0.981873 0.311859
vt 0.987895 0.281584
vt 0.974398 0.279542
vt 0.791493 1.000000
vt 0.771008 1.000000
vt 0.487896 0.281584
vt 0.481873 0.311859
vt 0.750175 0.500000
vt 0.770659 0.500000
vt 0.987964 0.281064
vt 0.989983 0.250262
vt 0.976335 0.250000
vt 0.770659 1.000000
vt 0.750175 1.000000
vt 0.489983 0.250262
vt 0.487964 0.281064
vt 0.729341 0.500000
vt 0.749826 0.500000
vt 0.989983 0.249738
vt 0.987964 0.218936
vt 0.974398 0.220457
vt 0.749826 1.000000
vt 0.729341 1.000000
vt 0.487964 0.218936
vt 0.489983 0.249738
vt 0.708508 0.500000
vt 0.728993 0.500000
vt 0.987896 0.218416
vt 0.981873 0.188141
vt 0.968622 0.191420
vt 0.728993 1.000000
vt 0.708508 1.000000
vt 0.481873 0.188141
vt 0.487896 0.218416
vt 0.687675 0.500000
vt 0.708159 0.500000
vt 0.981738 0.187635
vt 0.971815 0.158405
vt 0.959106 0.163386
vt 0.708159 1.000000
vt 0.687675 1.000000
vt 0.471815 0.158405
vt 0.481738 0.187635
vt 0.666841 0.500000
vt 0.687326 0.500000
vt 0.971615 0.157920
vt 0.957962 0.130235
vt 0.946012 0.136833
vt 0.687326 1.000000
vt 0.666841 1.000000
vt 0.457962 0.130236
vt 0.471615 0.157920
vt 0.646008 0.500000
vt 0.666493 0.500000
vt 0.957700 0.129782
vt 0.940551 0.104116
vt 0.929563 0.112216
vt 0.666493 1.000000
vt 0.646008 1.000000
vt 0.440551 0.104116
vt 0.457700 0.129782
vt 0.625175 0.500000
vt 0.645659 0.500000
vt 0.940232 0.103700
vt 0.919879 0.080492
vt 0.910043 0.089957
vt 0.645659 1.000000
vt 0.625175 1.000000
vt 0.419879 0.080492
vt 0.440232 0.103700
vt 0.604341 0.500000
vt 0.624826 0.500000
vt 0.919508 0.080121
vt 0.896300 0.059768
vt 0.887784 0.070437
vt 0.624826 1.000000
vt 0.604341 1.000000
vt 0.396300 0.059768
vt 0.419508 0.080121
vt 0.583508 0.500000
vt 0.603993 0.500000
vt 0.895884 0.059449
vt 0.870218 0.042300
vt 0.863167 0.053989
vt 0.603993 1.000000
vt 0.583508 1.000000
vt 0.370218 0.042300
vt 0.395884 0.059449
vt 0.562675 0.500000
vt 0.583159 0.500000
vt 0.869765 0.042038
vt 0.842080 0.028385
vt 0.836614 0.040894
vt 0.583159 1.000000
vt 0.562675 1.000000
vt 0.342080 0.028385
vt 0.369764 0.042038
vt 0.541841 0.500000
vt 0.562326 0.500000
vt 0.841595 0.028185
vt 0.812365 0.018262
vt 0.808580 0.031378
vt 0.562326 1.000000
vt 0.541841 1.000000
vt 0.312365 0.018262
vt 0.341595 0.028185
vt 0.521008 0.500000
vt 0.541493 0.500000
vt 0.811859 0.018127
vt 0.781584 0.012104
vt 0.779543 0.025602
vt 0.541493 1.000000
vt 0.521008 1.000000
vt 0.281584 0.012104
vt 0.311859 0.018127
vt 0.500175 0.500000
vt 0.520660 0.500000
vt 0.781064 0.012036
vt 0.750262 0.010017
vt 0.750000 0.023666
vt 0.520660 1.000000
vt 0.500175 1.000000
vt 0.250262 0.010017
vt 0.281064 0.012036
vt 0.479341 0.500000
vt 0.499826 0.500000
vt 0.749738 0.010017
vt 0.718936 0.012036
vt 0.720457 0.025602
vt 0.499826 1.000000
vt 0.479341 1.000000
vt 0.218936 0.012036
vt 0.249738 0.010017
vt 0.458508 0.500000
vt 0.478993 0.500000
vt 0.718416 0.012104
vt 0.688141 0.018127
vt 0.691420 0.031378
vt 0.478993 1.000000
vt 0.458508 1.000000
vt 0.188141 0.018127
vt 0.218416 0.012104
vt 0.437675 0.500000
vt 0.458160 0.500000
vt 0.687635 0.018262
vt 0.658405 0.028185
vt 0.663386 0.040894
vt 0.458160 1.000000
vt 0.437675 1.000000
vt 0.158405 0.028185
vt 0.187635 0.018262
vt 0.416841 0.500000
vt 0.437326 0.500000
vt 0.657920 0.028385
vt 0.630235 0.042038
vt 0.636833 0.053989
vt 0.437326 1.000000
vt 0.416841 1.000000
vt 0.130236 0.042038
vt 0.157920 0.028385
vt 0.396008 0.500000
vt 0.416493 0.500000
vt 0.629782 0.042300
vt 0.604116 0.059449
vt 0.612216 0.070437
vt 0.416493 1.000000
vt 0.396008 1.000000
vt 0.104116 0.059449
vt 0.129782 0.042300
vt 0.375175 0.500000
vt 0.395660 0.500000
vt 0.603700 0.059768
vt 0.580492 0.080121
vt 0.589957 0.089957
vt 0.395660 1.000000
vt 0.375175 1.000000
vt 0.080492 0.080121
vt 0.103700 0.059768
vt 0.354341 0.500000
vt 0.374826 0.500000
vt 0.580121 0.080492
vt 0.559768 0.103700
vt 0.570437 0.112216
vt 0.374826 1.000000
vt 0.354341 1.000000
vt 0.059768 0.103700
vt 0.080121 0.080492
vt 0.333508 0.500000
vt 0.353993 0.500000
vt 0.559449 0.104116
vt 0.542300 0.129782
vt 0.553989 0.136833
vt 0.353993 1.000000
vt 0.333508 1.000000
vt 0.042300 0.129782
vt 0.059449 0.104116
vt 0.312675 0.500000
vt 0.333159 0.500000
vt 0.542038 0.130236
vt 0.528385 0.157920
vt 0.540894 0.163386
vt 0.333159 1.000000
vt 0.312675 1.000000
vt 0.028385 0.157920
vt 0.042038 0.130235
vt 0.291841 0.500000
vt 0.312326 0.500000
vt 0.528185 0.158405
vt 0.518262 0.187635
vt 0.531378 0.191420
vt 0.312326 1.000000
vt 0.291841 1.000000
vt 0.018262 0.187635
vt 0.028185 0.158405
vt 0.271008 0.500000
vt 0.291493 0.500000
vt 0.518127 0.188141
vt 0.512105 0.218416
vt 0.525602 0.220457
vt 0.291493 1.000000
vt 0.271008 1.000000
vt 0.012104 0.218416
vt 0.018127 0.188141
vt 0.250175 0.500000
vt 0.270659 0.500000
vt 0.512036 0.218936
vt 0.510017 0.249738
vt 0.523666 0.250000
vt 0.270659 1.000000
vt 0.250175 1.000000
vt 0.010017 0.249738
vt 0.012036 0.218936
vt 0.229341 0.500000
vt 0.249826 0.500000
vt 0.510017 0.250262
vt 0.512036 0.281064
vt 0.525602 0.279543
vt 0.249826 1.000000
vt 0.229341 1.000000
vt 0.012036 0.281064
vt 0.010017 0.250262
vt 0.208508 0.500000
vt 0.228993 0.500000
vt 0.512105 0.281584
vt 0.518127 0.311859
vt 0.531378 0.308580
vt 0.228993 1.000000
vt 0.208508 1.000000
vt 0.018127 0.311859
vt 0.012104 0.281584
vt 0.187675 0.500000
vt 0.208159 0.500000
vt 0.518262 0.312365
vt 0.528185 0.341595
vt 0.540894 0.336614
vt 0.208159 1.000000
vt 0.187675 1.000000
vt 0.028185 0.341595
vt 0.018262 0.312365
vt 0.166841 0.500000
vt 0.187326 0.500000
vt 0.528385 0.342080
vt 0.542038 0.369764
vt 0.553989 0.363167
vt 0.187326 1.000000
vt 0.166841 1.000000
vt 0.042038 0.369765
vt 0.028385 0.342080
vt 0.146008 0.500000
vt 0.166493 0.500000
vt 0.542300 0.370218
vt 0.559449 0.395884
vt 0.570437 0.387784
vt 0.166493 1.000000
vt 0.146008 1.000000
vt 0.059449 0.395884
vt 0.042300 0.370218
vt 0.125175 0.500000
vt 0.145659 0.500000
vt 0.559768 0.396300
vt 0.580121 0.419508
vt 0.589957 0.410043
vt 0.145659 1.000000
vt 0.125175 1.000000
vt 0.080121 0.419508
vt 0.059768 0.396300
vt 0.104341 0.500000
vt 0.124826 0.500000
vt 0.580492 0.419879
vt 0.603700 0.440232
vt 0.612216 0.429563
vt 0.124826 1.000000
vt 0.104341 1.000000
vt 0.103700 0.440232
vt 0.080492 0.419879
vt 0.083508 0.500000
vt 0.103993 0.500000
vt 0.604116 0.440551
vt 0.629782 0.457700
vt 0.636833 0.446011
vt 0.103993 1.000000
vt 0.083508 1.000000
vt 0.129782 0.457700
vt 0.104116 0.440551
vt 0.062675 0.500000
vt 0.083159 0.500000
vt 0.630236 0.457962
vt 0.657920 0.471615
vt 0.663386 0.459106
vt 0.083159 1.000000
vt 0.062675 1.000000
vt 0.157920 0.471615
vt 0.130235 0.457962
vt 0.041841 0.500000
vt 0.062326 0.500000
vt 0.658405 0.471815
vt 0.687635 0.481738
vt 0.691420 0.468622
vt 0.062326 1.000000
vt 0.041841 1.000000
vt 0.187635 0.481738
vt 0.158405 0.471815
vt 0.021008 0.500000
vt 0.041493 0.500000
vt 0.688141 0.481873
vt 0.718416 0.487896
vt 0.720457 0.474398
vt 0.041493 1.000000
vt 0.021008 1.000000
vt 0.218416 0.487896
vt 0.188141 0.481873
vt 0.000175 0.500000
vt 0.020659 0.500000
vt 0.718936 0.487964
vt 0.749738 0.489983
vt 0.020659 1.000000
vt 0.000175 1.000000
vt 0.249738 0.489983
vt 0.218936 0.487964
s 1
usemtl Brushed_aluminum
f 3932/4615/3400 3935/4616/3401 3653/4617/3402 3650/4618/3403
f 3662/4619/3404 3665/4620/3405 3671/4621/3406 3668/4622/3407
f 3668/4622/3407 3671/4621/3406 3677/4623/3408 3674/4624/3409
f 3674/4625/3409 3677/4626/3408 3683/4627/3410 3680/4628/3411
f 3680/4628/3411 3683/4627/3410 3689/4629/3412 3686/4630/3413
f 3686/4630/3413 3689/4629/3412 3695/4631/3414 3692/4632/3415
f 3692/4633/3415 3695/4634/3414 3701/4635/3416 3698/4636/3417
f 3698/4636/3417 3701/4635/3416 3707/4637/3418 3704/4638/3419
f 3704/4639/3419 3707/4640/3418 3713/4641/3420 3710/4642/3421
f 3710/4642/3421 3713/4641/3420 3719/4643/3422 3716/4644/3423
f 3716/4644/3423 3719/4643/3422 3725/4645/3424 3722/4646/3425
f 3722/4646/3425 3725/4645/3424 3731/4647/3426 3728/4648/3427
f 3728/4648/3427 3731/4647/3426 3737/4649/3428 3734/4650/3429
f 3734/4650/3429 3737/4649/3428 3743/4651/3430 3740/4652/3431
f 3740/4653/3431 3743/4654/3430 3749/4655/3432 3746/4656/3433
f 3746/4656/3433 3749/4655/3432 3755/4657/3434 3752/4658/3435
f 3752/4658/3435 3755/4657/3434 3761/4659/3436 3758/4660/3437
f 3758/4660/3437 3761/4659/3436 3767/4661/3438 3764/4662/3439
f 3764/4663/3439 3767/4664/3438 3773/4665/3440 3770/4666/3441
f 3770/4667/3441 3773/4668/3440 3779/4669/3442 3776/4670/3443
f 3776/4670/3443 3779/4669/3442 3785/4671/3444 3782/4672/3445
f 3782/4672/3445 3785/4671/3444 3791/4673/3446 3788/4674/3447
f 3788/4674/3447 3791/4673/3446 3797/4675/3448 3794/4676/3449
f 3794/4676/3449 3797/4675/3448 3803/4677/3450 3800/4678/3451
f 3800/4679/3451 3803/4677/3450 3809/4680/3452 3806/4681/3453
f 3806/4681/3453 3809/4680/3452 3815/4682/3454 3812/4683/3455
f 3812/4683/3455 3815/4682/3454 3821/4684/3456 3818/4685/3457
f 3818/4685/3457 3821/4684/3456 3827/4686/3458 3824/4687/3459
f 3824/4687/3459 3827/4686/3458 3833/4688/3460 3830/4689/3461
f 3830/4689/3461 3833/4688/3460 3839/4690/3462 3836/4691/3463
f 3836/4691/3463 3839/4690/3462 3845/4692/3464 3842/4693/3465
f 3842/4693/3465 3845/4692/3464 3851/4694/3466 3848/4695/3467
f 3848/4696/3467 3851/4697/3466 3857/4698/3468 3854/4699/3469
f 3854/4699/3469 3857/4698/3468 3863/4700/3470 3860/4701/3471
f 3860/4701/3471 3863/4700/3470 3869/4702/3472 3866/4703/3473
f 3866/4703/3473 3869/4702/3472 3875/4704/3474 3872/4705/3475
f 3872/4705/3475 3875/4706/3474 3881/4707/3476 3878/4708/3477
f 3878/4708/3477 3881/4707/3476 3887/4709/3478 3884/4710/3479
f 3884/4710/3479 3887/4709/3478 3893/4711/3480 3890/4712/3481
f 3890/4712/3481 3893/4711/3480 3899/4713/3482 3896/4714/3483
f 3896/4714/3483 3899/4713/3482 3905/4715/3484 3902/4716/3485
f 3902/4716/3485 3905/4715/3484 3911/4717/3486 3908/4718/3487
f 3908/4718/3487 3911/4717/3486 3917/4719/3488 3914/4720/3489
f 3914/4720/3489 3917/4719/3488 3923/4721/3490 3920/4722/3491
f 3920/4722/3491 3923/4721/3490 3929/4723/3492 3926/4724/3493
f 3926/4724/3493 3929/4723/3492 3935/4725/3401 3932/4615/3400
f 3656/4726/3494 3659/4727/3495 3665/4620/3405 3662/4619/3404
f 3658/4728/3496 3652/4729/3497 3934/4730/3498 3928/4731/3499 3922/4732/3500 3916/4733/3501 3910/4734/3502 3904/4735/3503 3898/4736/3504 3892/4737/3505 3886/4738/3506 3880/4739/3507 3874/4740/3508 3868/4741/3509 3862/4742/3510 3856/4743/3511 3850/4744/3512 3844/4745/3513 3838/4746/3514 3832/4747/3515 3826/4748/3516 3820/4749/3517 3814/4750/3518 3808/4751/3519 3802/4752/3520 3796/4753/3521 3790/4754/3522 3784/4755/3523 3778/4756/3524 3772/4757/3525 3766/4758/3526 3760/4759/3527 3754/4760/3528 3748/4761/3529 3742/4762/3530 3736/4763/3531 3730/4764/3532 3724/4765/3533 3718/4766/3534 3712/4767/3535 3706/4768/3536 3700/4769/3537 3694/4770/3538 3688/4771/3539 3682/4772/3540 3676/4773/3541 3670/4774/3542 3664/4775/3543
f 3650/4776/3403 3653/4777/3402 3659/4727/3495 3656/4726/3494
f 3650/4776/3403 3656/4726/3494 3657/4778/3544 3651/4779/3545
f 3651/4780/3545 3657/4781/3544 3655/4782/3546 3649/4783/3547
f 3659/4727/3495 3653/4777/3402 3654/4784/3548 3660/4785/3549
f 3660/4786/3549 3654/4787/3548 3652/4729/3497 3658/4728/3496
f 3656/4726/3494 3662/4619/3404 3663/4788/3550 3657/4789/3544
f 3657/4790/3544 3663/4791/3550 3661/4792/3551 3655/4782/3546
f 3665/4620/3405 3659/4727/3495 3660/4793/3549 3666/4794/3552
f 3666/4795/3552 3660/4796/3549 3658/4728/3496 3664/4775/3543
f 3662/4619/3404 3668/4622/3407 3669/4797/3553 3663/4798/3550
f 3663/4799/3550 3669/4800/3553 3667/4801/3554 3661/4792/3551
f 3671/4621/3406 3665/4620/3405 3666/4802/3552 3672/4803/3555
f 3672/4804/3555 3666/4805/3552 3664/4775/3543 3670/4774/3542
f 3668/4622/3407 3674/4624/3409 3675/4806/3556 3669/4807/3553
f 3669/4808/3553 3675/4809/3556 3673/4810/3557 3667/4801/3554
f 3677/4623/3408 3671/4621/3406 3672/4811/3555 3678/4812/3558
f 3678/4813/3558 3672/4814/3555 3670/4774/3542 3676/4773/3541
f 3674/4625/3409 3680/4628/3411 3681/4815/3559 3675/4816/3556
f 3675/4817/3556 3681/4818/3559 3679/4819/3560 3673/4810/3557
f 3683/4627/3410 3677/4626/3408 3678/4820/3558 3684/4821/3561
f 3684/4822/3561 3678/4823/3558 3676/4773/3541 3682/4772/3540
f 3680/4628/3411 3686/4630/3413 3687/4824/3562 3681/4825/3559
f 3681/4826/3559 3687/4827/3562 3685/4828/3563 3679/4819/3560
f 3689/4629/3412 3683/4627/3410 3684/4829/3561 3690/4830/3564
f 3690/4831/3564 3684/4832/3561 3682/4772/3540 3688/4771/3539
f 3686/4630/3413 3692/4632/3415 3693/4833/3565 3687/4834/3562
f 3687/4835/3562 3693/4836/3565 3691/4837/3566 3685/4828/3563
f 3695/4631/3414 3689/4629/3412 3690/4838/3564 3696/4839/3567
f 3696/4840/3567 3690/4841/3564 3688/4771/3539 3694/4770/3538
f 3692/4633/3415 3698/4636/3417 3699/4842/3568 3693/4843/3565
f 3693/4844/3565 3699/4845/3568 3697/4846/3569 3691/4837/3566
f 3701/4635/3416 3695/4634/3414 3696/4847/3567 3702/4848/3570
f 3702/4849/3570 3696/4850/3567 3694/4770/3538 3700/4769/3537
f 3698/4636/3417 3704/4638/3419 3705/4851/3571 3699/4852/3568
f 3699/4853/3568 3705/4854/3571 3703/4855/3572 3697/4846/3569
f 3707/4637/3418 3701/4635/3416 3702/4856/3570 3708/4857/3573
f 3708/4858/3573 3702/4859/3570 3700/4769/3537 3706/4768/3536
f 3704/4639/3419 3710/4642/3421 3711/4860/3574 3705/4861/3571
f 3705/4862/3571 3711/4863/3574 3709/4864/3575 3703/4855/3572
f 3713/4641/3420 3707/4640/3418 3708/4865/3573 3714/4866/3576
f 3714/4867/3576 3708/4868/3573 3706/4768/3536 3712/4767/3535
f 3710/4642/3421 3716/4644/3423 3717/4869/3577 3711/4870/3574
f 3711/4871/3574 3717/4872/3577 3715/4873/3578 3709/4864/3575
f 3719/4643/3422 3713/4641/3420 3714/4874/3576 3720/4875/3579
f 3720/4876/3579 3714/4877/3576 3712/4767/3535 3718/4766/3534
f 3716/4644/3423 3722/4646/3425 3723/4878/3580 3717/4879/3577
f 3717/4880/3577 3723/4881/3580 3721/4882/3581 3715/4873/3578
f 3725/4645/3424 3719/4643/3422 3720/4883/3579 3726/4884/3582
f 3726/4885/3582 3720/4886/3579 3718/4766/3534 3724/4765/3533
f 3722/4646/3425 3728/4648/3427 3729/4887/3583 3723/4888/3580
f 3723/4889/3580 3729/4890/3583 3727/4891/3584 3721/4882/3581
f 3731/4647/3426 3725/4645/3424 3726/4892/3582 3732/4893/3585
f 3732/4894/3585 3726/4895/3582 3724/4765/3533 3730/4764/3532
f 3728/4648/3427 3734/4650/3429 3735/4896/3586 3729/4897/3583
f 3729/4898/3583 3735/4899/3586 3733/4900/3587 3727/4891/3584
f 3737/4649/3428 3731/4647/3426 3732/4901/3585 3738/4902/3588
f 3738/4903/3588 3732/4904/3585 3730/4764/3532 3736/4763/3531
f 3734/4650/3429 3740/4652/3431 3741/4905/3589 3735/4906/3586
f 3735/4907/3586 3741/4908/3589 3739/4909/3590 3733/4900/3587
f 3743/4651/3430 3737/4649/3428 3738/4910/3588 3744/4911/3591
f 3744/4912/3591 3738/4913/3588 3736/4763/3531 3742/4762/3530
f 3740/4653/3431 3746/4656/3433 3747/4914/3592 3741/4915/3589
f 3741/4916/3589 3747/4917/3592 3745/4918/3593 3739/4909/3590
f 3749/4655/3432 3743/4654/3430 3744/4919/3591 3750/4920/3594
f 3750/4921/3594 3744/4922/3591 3742/4762/3530 3748/4761/3529
f 3746/4656/3433 3752/4658/3435 3753/4923/3595 3747/4924/3592
f 3747/4925/3592 3753/4926/3595 3751/4927/3596 3745/4918/3593
f 3755/4657/3434 3749/4655/3432 3750/4928/3594 3756/4929/3597
f 3756/4930/3597 3750/4931/3594 3748/4761/3529 3754/4760/3528
f 3752/4658/3435 3758/4660/3437 3759/4932/3598 3753/4933/3595
f 3753/4934/3595 3759/4935/3598 3757/4936/3599 3751/4927/3596
f 3761/4659/3436 3755/4657/3434 3756/4937/3597 3762/4938/3600
f 3762/4939/3600 3756/4940/3597 3754/4760/3528 3760/4759/3527
f 3758/4660/3437 3764/4662/3439 3765/4941/3601 3759/4942/3598
f 3759/4943/3598 3765/4944/3601 3763/4945/3602 3757/4936/3599
f 3767/4661/3438 3761/4659/3436 3762/4946/3600 3768/4947/3603
f 3768/4948/3603 3762/4949/3600 3760/4759/3527 3766/4758/3526
f 3764/4663/3439 3770/4666/3441 3771/4950/3604 3765/4951/3601
f 3765/4952/3601 3771/4953/3604 3769/4954/3605 3763/4945/3602
f 3773/4665/3440 3767/4664/3438 3768/4955/3603 3774/4956/3606
f 3774/4957/3606 3768/4958/3603 3766/4758/3526 3772/4757/3525
f 3770/4667/3441 3776/4670/3443 3777/4959/3607 3771/4960/3604
f 3771/4961/3604 3777/4962/3607 3775/4963/3608 3769/4954/3605
f 3779/4669/3442 3773/4668/3440 3774/4964/3606 3780/4965/3609
f 3780/4966/3609 3774/4967/3606 3772/4757/3525 3778/4756/3524
f 3776/4670/3443 3782/4672/3445 3783/4968/3610 3777/4969/3607
f 3777/4970/3607 3783/4971/3610 3781/4972/3611 3775/4963/3608
f 3785/4671/3444 3779/4669/3442 3780/4973/3609 3786/4974/3612
f 3786/4975/3612 3780/4976/3609 3778/4756/3524 3784/4755/3523
f 3782/4672/3445 3788/4674/3447 3789/4977/3613 3783/4978/3610
f 3783/4979/3610 3789/4980/3613 3787/4981/3614 3781/4972/3611
f 3791/4673/3446 3785/4671/3444 3786/4982/3612 3792/4983/3615
f 3792/4984/3615 3786/4985/3612 3784/4755/3523 3790/4754/3522
f 3788/4674/3447 3794/4676/3449 3795/4986/3616 3789/4987/3613
f 3789/4988/3613 3795/4989/3616 3793/4990/3617 3787/4981/3614
f 3797/4675/3448 3791/4673/3446 3792/4991/3615 3798/4992/3618
f 3798/4993/3618 3792/4994/3615 3790/4754/3522 3796/4753/3521
f 3794/4676/3449 3800/4678/3451 3801/4995/3619 3795/4996/3616
f 3795/4997/3616 3801/4998/3619 3799/4999/3620 3793/4990/3617
f 3803/4677/3450 3797/4675/3448 3798/5000/3618 3804/5001/3621
f 3804/5002/3621 3798/5003/3618 3796/4753/3521 3802/4752/3520
f 3800/4679/3451 3806/4681/3453 3807/5004/3622 3801/5005/3619
f 3801/5006/3619 3807/5007/3622 3805/5008/3623 3799/4999/3620
f 3809/4680/3452 3803/4677/3450 3804/5009/3621 3810/5010/3624
f 3810/5011/3624 3804/5012/3621 3802/4752/3520 3808/4751/3519
f 3806/4681/3453 3812/4683/3455 3813/5013/3625 3807/5014/3622
f 3807/5015/3622 3813/5016/3625 3811/5017/3626 3805/5008/3623
f 3815/4682/3454 3809/4680/3452 3810/5018/3624 3816/5019/3627
f 3816/5020/3627 3810/5021/3624 3808/4751/3519 3814/4750/3518
f 3812/4683/3455 3818/4685/3457 3819/5022/3628 3813/5023/3625
f 3813/5024/3625 3819/5025/3628 3817/5026/3629 3811/5017/3626
f 3821/4684/3456 3815/4682/3454 3816/5027/3627 3822/5028/3630
f 3822/5029/3630 3816/5030/3627 3814/4750/3518 3820/4749/3517
f 3818/4685/3457 3824/4687/3459 3825/5031/3631 3819/5032/3628
f 3819/5033/3628 3825/5034/3631 3823/5035/3632 3817/5026/3629
f 3827/4686/3458 3821/4684/3456 3822/5036/3630 3828/5037/3633
f 3828/5038/3633 3822/5039/3630 3820/4749/3517 3826/4748/3516
f 3824/4687/3459 3830/4689/3461 3831/5040/3634 3825/5041/3631
f 3825/5042/3631 3831/5043/3634 3829/5044/3635 3823/5035/3632
f 3833/4688/3460 3827/4686/3458 3828/5045/3633 3834/5046/3636
f 3834/5047/3636 3828/5048/3633 3826/4748/3516 3832/4747/3515
f 3830/4689/3461 3836/4691/3463 3837/5049/3637 3831/5050/3634
f 3831/5051/3634 3837/5052/3637 3835/5053/3638 3829/5044/3635
f 3839/4690/3462 3833/4688/3460 3834/5054/3636 3840/5055/3639
f 3840/5056/3639 3834/5057/3636 3832/4747/3515 3838/4746/3514
f 3836/4691/3463 3842/4693/3465 3843/5058/3640 3837/5059/3637
f 3837/5060/3637 3843/5061/3640 3841/5062/3641 3835/5053/3638
f 3845/4692/3464 3839/4690/3462 3840/5063/3639 3846/5064/3642
f 3846/5065/3642 3840/5066/3639 3838/4746/3514 3844/4745/3513
f 3842/4693/3465 3848/4695/3467 3849/5067/3643 3843/5068/3640
f 3843/5069/3640 3849/5070/3643 3847/5071/3644 3841/5062/3641
f 3851/4694/3466 3845/4692/3464 3846/5072/3642 3852/5073/3645
f 3852/5074/3645 3846/5075/3642 3844/4745/3513 3850/4744/3512
f 3848/4696/3467 3854/4699/3469 3855/5076/3646 3849/5077/3643
f 3849/5078/3643 3855/5079/3646 3853/5080/3647 3847/5071/3644
f 3857/4698/3468 3851/4697/3466 3852/5081/3645 3858/5082/3648
f 3858/5083/3648 3852/5084/3645 3850/4744/3512 3856/4743/3511
f 3854/4699/3469 3860/4701/3471 3861/5085/3649 3855/5086/3646
f 3855/5087/3646 3861/5088/3649 3859/5089/3650 3853/5080/3647
f 3863/4700/3470 3857/4698/3468 3858/5090/3648 3864/5091/3651
f 3864/5092/3651 3858/5093/3648 3856/4743/3511 3862/4742/3510
f 3860/4701/3471 3866/4703/3473 3867/5094/3652 3861/5095/3649
f 3861/5096/3649 3867/5097/3652 3865/5098/3653 3859/5089/3650
f 3869/4702/3472 3863/4700/3470 3864/5099/3651 3870/5100/3654
f 3870/5101/3654 3864/5102/3651 3862/4742/3510 3868/4741/3509
f 3866/4703/3473 3872/4705/3475 3873/5103/3655 3867/5104/3652
f 3867/5105/3652 3873/5106/3655 3871/5107/3656 3865/5098/3653
f 3875/4704/3474 3869/4702/3472 3870/5108/3654 3876/5109/3657
f 3876/5110/3657 3870/5111/3654 3868/4741/3509 3874/4740/3508
f 3872/4705/3475 3878/4708/3477 3879/5112/3658 3873/5113/3655
f 3873/5114/3655 3879/5115/3658 3877/5116/3659 3871/5107/3656
f 3881/4707/3476 3875/4706/3474 3876/5117/3657 3882/5118/3660
f 3882/5119/3660 3876/5120/3657 3874/4740/3508 3880/4739/3507
f 3878/4708/3477 3884/4710/3479 3885/5121/3661 3879/5122/3658
f 3879/5123/3658 3885/5124/3661 3883/5125/3662 3877/5116/3659
f 3887/4709/3478 3881/4707/3476 3882/5126/3660 3888/5127/3663
f 3888/5128/3663 3882/5129/3660 3880/4739/3507 3886/4738/3506
f 3884/4710/3479 3890/4712/3481 3891/5130/3664 3885/5131/3661
f 3885/5132/3661 3891/5133/3664 3889/5134/3665 3883/5125/3662
f 3893/4711/3480 3887/4709/3478 3888/5135/3663 3894/5136/3666
f 3894/5137/3666 3888/5138/3663 3886/4738/3506 3892/4737/3505
f 3890/4712/3481 3896/4714/3483 3897/5139/3667 3891/5140/3664
f 3891/5141/3664 3897/5142/3667 3895/5143/3668 3889/5134/3665
f 3899/4713/3482 3893/4711/3480 3894/5144/3666 3900/5145/3669
f 3900/5146/3669 3894/5147/3666 3892/4737/3505 3898/4736/3504
f 3896/4714/3483 3902/4716/3485 3903/5148/3670 3897/5149/3667
f 3897/5150/3667 3903/5151/3670 3901/5152/3671 3895/5143/3668
f 3905/4715/3484 3899/4713/3482 3900/5153/3669 3906/5154/3672
f 3906/5155/3672 3900/5156/3669 3898/4736/3504 3904/4735/3503
f 3902/4716/3485 3908/4718/3487 3909/5157/3673 3903/5158/3670
f 3903/5159/3670 3909/5160/3673 3907/5161/3674 3901/5152/3671
f 3911/4717/3486 3905/4715/3484 3906/5162/3672 3912/5163/3675
f 3912/5164/3675 3906/5165/3672 3904/4735/3503 3910/4734/3502
f 3908/4718/3487 3914/4720/3489 3915/5166/3676 3909/5167/3673
f 3909/5168/3673 3915/5169/3676 3913/5170/3677 3907/5161/3674
f 3917/4719/3488 3911/4717/3486 3912/5171/3675 3918/5172/3678
f 3918/5173/3678 3912/5174/3675 3910/4734/3502 3916/4733/3501
f 3914/4720/3489 3920/4722/3491 3921/5175/3679 3915/5176/3676
f 3915/5177/3676 3921/5178/3679 3919/5179/3680 3913/5170/3677
f 3923/4721/3490 3917/4719/3488 3918/5180/3678 3924/5181/3681
f 3924/5182/3681 3918/5183/3678 3916/4733/3501 3922/4732/3500
f 3920/4722/3491 3926/4724/3493 3927/5184/3682 3921/5185/3679
f 3921/5186/3679 3927/5187/3682 3925/5188/3683 3919/5179/3680
f 3929/4723/3492 3923/4721/3490 3924/5189/3681 3930/5190/3684
f 3930/5191/3684 3924/5192/3681 3922/4732/3500 3928/4731/3499
f 3926/4724/3493 3932/4615/3400 3933/5193/3685 3927/5194/3682
f 3927/5195/3682 3933/5196/3685 3931/5197/3686 3925/5188/3683
f 3935/4725/3401 3929/4723/3492 3930/5198/3684 3936/5199/3687
f 3936/5200/3687 3930/5201/3684 3928/4731/3499 3934/4730/3498
f 3932/4615/3400 3650/4618/3403 3651/5202/3545 3933/5203/3685
f 3933/5204/3685 3651/5205/3545 3649/4783/3547 3931/5197/3686
f 3653/4617/3402 3935/4616/3401 3936/5206/3687 3654/5207/3548
f 3654/5208/3548 3936/5209/3687 3934/4730/3498 3652/4729/3497
f 3649/4783/3547 3655/4782/3546 3661/4792/3551 3667/4801/3554 3673/4810/3557 3679/4819/3560 3685/4828/3563 3691/4837/3566 3697/4846/3569 3703/4855/3572 3709/4864/3575 3715/4873/3578 3721/4882/3581 3727/4891/3584 3733/4900/3587 3739/4909/3590 3745/4918/3593 3751/4927/3596 3757/4936/3599 3763/4945/3602 3769/4954/3605 3775/4963/3608 3781/4972/3611 3787/4981/3614 3793/4990/3617 3799/4999/3620 3805/5008/3623 3811/5017/3626 3817/5026/3629 3823/5035/3632 3829/5044/3635 3835/5053/3638 3841/5062/3641 3847/5071/3644 3853/5080/3647 3859/5089/3650 3865/5098/3653 3871/5107/3656 3877/5116/3659 3883/5125/3662 3889/5134/3665 3895/5143/3668 3901/5152/3671 3907/5161/3674 3913/5170/3677 3919/5179/3680 3925/5188/3683 3931/5197/3686
o Forward_stereo_camera
v -0.041500 0.370000 0.132000
v -0.041500 0.375000 0.137000
v -0.046500 0.375000 0.132000
v -0.041500 0.370668 0.134497
v -0.043997 0.370668 0.132000
v -0.043891 0.371317 0.134391
v -0.043997 0.375000 0.136332
v -0.041500 0.372503 0.136332
v -0.043891 0.372609 0.135683
v -0.045832 0.372503 0.132000
v -0.045832 0.375000 0.134497
v -0.045183 0.372609 0.134391
v -0.041500 0.393000 0.137000
v -0.041500 0.398000 0.132000
v -0.046500 0.393000 0.132000
v -0.041500 0.395497 0.136332
v -0.043997 0.393000 0.136332
v -0.043891 0.395391 0.135683
v -0.043997 0.397332 0.132000
v -0.041500 0.397332 0.134497
v -0.043891 0.396683 0.134391
v -0.045832 0.393000 0.134497
v -0.045832 0.395497 0.132000
v -0.045183 0.395391 0.134391
v -0.041500 0.370000 0.108000
v -0.046500 0.375000 0.108000
v -0.041500 0.375000 0.103000
v -0.043997 0.370668 0.108000
v -0.041500 0.370668 0.105503
v -0.043891 0.371317 0.105609
v -0.045832 0.375000 0.105503
v -0.045832 0.372503 0.108000
v -0.045183 0.372609 0.105609
v -0.041500 0.372503 0.103668
v -0.043997 0.375000 0.103668
v -0.043891 0.372609 0.104317
v -0.041500 0.398000 0.108000
v -0.041500 0.393000 0.103000
v -0.046500 0.393000 0.108000
v -0.041500 0.397332 0.105503
v -0.043997 0.397332 0.108000
v -0.043891 0.396683 0.105609
v -0.043997 0.393000 0.103668
v -0.041500 0.395497 0.103668
v -0.043891 0.395391 0.104317
v -0.045832 0.395497 0.108000
v -0.045832 0.393000 0.105503
v -0.045183 0.395391 0.105609
v 0.041500 0.370000 0.132000
v 0.046500 0.375000 0.132000
v 0.041500 0.375000 0.137000
v 0.043997 0.370668 0.132000
v 0.041500 0.370668 0.134497
v 0.043891 0.371317 0.134391
v 0.045832 0.375000 0.134497
v 0.045832 0.372503 0.132000
v 0.045183 0.372609 0.134391
v 0.041500 0.372503 0.136332
v 0.043997 0.375000 0.136332
v 0.043891 0.372609 0.135683
v 0.041500 0.398000 0.132000
v 0.041500 0.393000 0.137000
v 0.046500 0.393000 0.132000
v 0.041500 0.397332 0.134497
v 0.043997 0.397332 0.132000
v 0.043891 0.396683 0.134391
v 0.043997 0.393000 0.136332
v 0.041500 0.395497 0.136332
v 0.043891 0.395391 0.135683
v 0.045832 0.395497 0.132000
v 0.045832 0.393000 0.134497
v 0.045183 0.395391 0.134391
v 0.041500 0.370000 0.108000
v 0.041500 0.375000 0.103000
v 0.046500 0.375000 0.108000
v 0.041500 0.370668 0.105503
v 0.043997 0.370668 0.108000
v 0.043891 0.371317 0.105609
v 0.043997 0.375000 0.103668
v 0.041500 0.372503 0.103668
v 0.043891 0.372609 0.104317
v 0.045832 0.372503 0.108000
v 0.045832 0.375000 0.105503
v 0.045183 0.372609 0.105609
v 0.041500 0.398000 0.108000
v 0.046500 0.393000 0.108000
v 0.041500 0.393000 0.103000
v 0.043997 0.397332 0.108000
v 0.041500 0.397332 0.105503
v 0.043891 0.396683 0.105609
v 0.045832 0.393000 0.105503
v 0.045832 0.395497 0.108000
v 0.045183 0.395391 0.105609
v 0.041500 0.395497 0.103668
v 0.043997 0.393000 0.103668
v 0.043891 0.395391 0.104317
vn 0.0078 -0.0325 0.9994
vn 0.0078 0.0325 0.9994
vn -0.0078 0.0325 0.9994
vn -0.0078 -0.0325 0.9994
vn 0.9992 -0.0325 -0.0252
vn 0.9992 0.0325 -0.0252
vn 0.9992 0.0325 0.0252
vn 0.9992 -0.0325 0.0252
vn 0.0078 0.9997 -0.0252
vn -0.0078 0.9997 -0.0252
vn -0.0078 0.9997 0.0252
vn 0.0078 0.9997 0.0252
vn -0.9992 -0.0325 0.0252
vn -0.9992 0.0325 0.0252
vn -0.9992 0.0325 -0.0252
vn -0.9992 -0.0325 -0.0252
vn -0.0078 -0.0325 -0.9994
vn -0.0078 0.0325 -0.9994
vn 0.0078 0.0325 -0.9994
vn 0.0078 -0.0325 -0.9994
vn -0.0078 -0.9997 0.0252
vn -0.0066 -0.8661 0.4999
vn -0.4178 -0.8067 0.4178
vn -0.4989 -0.8664 0.0215
vn -0.0066 -0.8660 0.5000
vn -0.0067 -0.4999 0.8660
vn -0.4178 -0.4179 0.8067
vn -0.4178 -0.8067 0.4179
vn -0.0079 -0.0326 0.9994
vn -0.4984 -0.0280 0.8665
vn -0.4178 -0.4178 0.8067
vn -0.0067 -0.4999 0.8661
vn -0.4985 -0.0279 0.8664
vn -0.8664 -0.0279 0.4985
vn -0.8067 -0.4178 0.4179
vn -0.4179 -0.4178 0.8067
vn -0.9992 -0.0326 0.0252
vn -0.8664 -0.4989 0.0215
vn -0.8067 -0.4178 0.4178
vn -0.8665 -0.0279 0.4984
vn -0.4989 -0.8664 0.0216
vn -0.4179 -0.8067 0.4178
vn -0.8067 -0.4179 0.4178
vn -0.0078 0.0326 0.9994
vn -0.0066 0.4999 0.8661
vn -0.4178 0.4178 0.8067
vn -0.4984 0.0279 0.8665
vn -0.0066 0.5000 0.8660
vn -0.0067 0.8660 0.4999
vn -0.4178 0.8067 0.4179
vn -0.4178 0.4179 0.8067
vn -0.4989 0.8664 0.0215
vn -0.4178 0.8067 0.4178
vn -0.0067 0.8661 0.4999
vn -0.8664 0.4989 0.0216
vn -0.8067 0.4179 0.4178
vn -0.4179 0.8067 0.4178
vn -0.9992 0.0326 0.0252
vn -0.8665 0.0280 0.4984
vn -0.8067 0.4178 0.4178
vn -0.8664 0.4989 0.0215
vn -0.8664 0.0279 0.4985
vn -0.4985 0.0279 0.8664
vn -0.4179 0.4178 0.8067
vn -0.8067 0.4178 0.4179
vn -0.0078 -0.9997 -0.0252
vn -0.4989 -0.8664 -0.0215
vn -0.4178 -0.8067 -0.4178
vn -0.0067 -0.8661 -0.4999
vn -0.8664 -0.4989 -0.0216
vn -0.8067 -0.4179 -0.4178
vn -0.4179 -0.8067 -0.4178
vn -0.9992 -0.0326 -0.0252
vn -0.8665 -0.0280 -0.4984
vn -0.8067 -0.4178 -0.4178
vn -0.8664 -0.4989 -0.0215
vn -0.8664 -0.0279 -0.4985
vn -0.4985 -0.0279 -0.8664
vn -0.4179 -0.4178 -0.8067
vn -0.8067 -0.4178 -0.4179
vn -0.0078 -0.0326 -0.9994
vn -0.0066 -0.4999 -0.8661
vn -0.4178 -0.4178 -0.8067
vn -0.4984 -0.0279 -0.8665
vn -0.0066 -0.5000 -0.8660
vn -0.0067 -0.8660 -0.4999
vn -0.4178 -0.8067 -0.4179
vn -0.4178 -0.4179 -0.8067
vn -0.0066 0.8661 -0.4999
vn -0.4178 0.8067 -0.4178
vn -0.4989 0.8664 -0.0215
vn -0.0066 0.8660 -0.5000
vn -0.0067 0.4999 -0.8660
vn -0.4178 0.4179 -0.8067
vn -0.4178 0.8067 -0.4179
vn -0.0079 0.0326 -0.9994
vn -0.4984 0.0280 -0.8665
vn -0.4178 0.4178 -0.8067
vn -0.0067 0.4999 -0.8661
vn -0.4985 0.0279 -0.8664
vn -0.8664 0.0279 -0.4985
vn -0.8067 0.4178 -0.4179
vn -0.4179 0.4178 -0.8067
vn -0.9992 0.0326 -0.0252
vn -0.8664 0.4989 -0.0215
vn -0.8067 0.4178 -0.4178
vn -0.8665 0.0279 -0.4984
vn -0.4989 0.8664 -0.0216
vn -0.4179 0.8067 -0.4178
vn -0.8067 0.4179 -0.4178
vn 0.0078 -0.9997 0.0252
vn 0.4989 -0.8664 0.0215
vn 0.4178 -0.8067 0.4178
vn 0.0067 -0.8661 0.4999
vn 0.8664 -0.4989 0.0216
vn 0.8067 -0.4179 0.4178
vn 0.4179 -0.8067 0.4178
vn 0.9992 -0.0326 0.0252
vn 0.8665 -0.0280 0.4984
vn 0.8067 -0.4178 0.4178
vn 0.8664 -0.4989 0.0215
vn 0.8664 -0.0279 0.4985
vn 0.4985 -0.0279 0.8664
vn 0.4179 -0.4178 0.8067
vn 0.8067 -0.4178 0.4179
vn 0.0078 -0.0326 0.9994
vn 0.0066 -0.4999 0.8661
vn 0.4178 -0.4178 0.8067
vn 0.4984 -0.0279 0.8665
vn 0.0066 -0.5000 0.8660
vn 0.0067 -0.8660 0.4999
vn 0.4178 -0.8067 0.4179
vn 0.4178 -0.4179 0.8067
vn 0.0066 0.8661 0.4999
vn 0.4178 0.8067 0.4178
vn 0.4989 0.8664 0.0215
vn 0.0066 0.8660 0.5000
vn 0.0067 0.4999 0.8660
vn 0.4178 0.4179 0.8067
vn 0.4178 0.8067 0.4179
vn 0.0079 0.0326 0.9994
vn 0.4984 0.0280 0.8665
vn 0.4178 0.4178 0.8067
vn 0.0067 0.4999 0.8661
vn 0.4985 0.0279 0.8664
vn 0.8664 0.0279 0.4985
vn 0.8067 0.4178 0.4179
vn 0.4179 0.4178 0.8067
vn 0.9992 0.0326 0.0252
vn 0.8664 0.4989 0.0215
vn 0.8067 0.4178 0.4178
vn 0.8665 0.0279 0.4984
vn 0.4989 0.8664 0.0216
vn 0.4179 0.8067 0.4178
vn 0.8067 0.4179 0.4178
vn 0.0078 -0.9997 -0.0252
vn 0.0066 -0.8661 -0.4999
vn 0.4178 -0.8067 -0.4178
vn 0.4989 -0.8664 -0.0215
vn 0.0066 -0.8660 -0.5000
vn 0.0067 -0.4999 -0.8660
vn 0.4178 -0.4179 -0.8067
vn 0.4178 -0.8067 -0.4179
vn 0.0079 -0.0326 -0.9994
vn 0.4984 -0.0280 -0.8665
vn 0.4178 -0.4178 -0.8067
vn 0.0067 -0.4999 -0.8661
vn 0.4985 -0.0279 -0.8664
vn 0.8664 -0.0279 -0.4985
vn 0.8067 -0.4178 -0.4179
vn 0.4179 -0.4178 -0.8067
vn 0.9992 -0.0326 -0.0252
vn 0.8664 -0.4989 -0.0215
vn 0.8067 -0.4178 -0.4178
vn 0.8665 -0.0279 -0.4984
vn 0.4989 -0.8664 -0.0216
vn 0.4179 -0.8067 -0.4178
vn 0.8067 -0.4179 -0.4178
vn 0.4989 0.8664 -0.0215
vn 0.4178 0.8067 -0.4178
vn 0.0067 0.8661 -0.4999
vn 0.8664 0.4989 -0.0216
vn 0.8067 0.4179 -0.4178
vn 0.4179 0.8067 -0.4178
vn 0.9992 0.0326 -0.0252
vn 0.8665 0.0280 -0.4984
vn 0.8067 0.4178 -0.4178
vn 0.8664 0.4989 -0.0215
vn 0.8664 0.0279 -0.4985
vn 0.4985 0.0279 -0.8664
vn 0.4179 0.4178 -0.8067
vn 0.8067 0.4178 -0.4179
vn 0.0078 0.0326 -0.9994
vn 0.0066 0.4999 -0.8661
vn 0.4178 0.4178 -0.8067
vn 0.4984 0.0279 -0.8665
vn 0.0066 0.5000 -0.8660
vn 0.0067 0.8660 -0.4999
vn 0.4178 0.8067 -0.4179
vn 0.4178 0.4179 -0.8067
vn -0.9992 -0.0326 0.0251
vn -0.9992 -0.0326 -0.0251
vn -0.4984 -0.0279 0.8665
vn -0.8665 0.0279 0.4984
vn -0.9992 0.0326 -0.0251
vn -0.9992 0.0326 0.0251
vn -0.4984 0.0279 -0.8665
vn -0.8665 -0.0279 -0.4984
vn 0.0078 -0.9997 -0.0253
vn -0.0078 -0.9997 -0.0253
vn -0.0066 -0.8661 -0.4999
vn 0.0066 -0.8660 -0.4999
vn -0.0066 -0.8660 -0.4999
vn -0.0066 -0.4999 -0.8660
vn 0.0066 -0.4999 -0.8660
vn 0.0066 -0.4999 -0.8661
vn 0.0078 -0.0326 -0.9994
vn -0.0078 0.9997 -0.0253
vn 0.0078 0.9997 -0.0253
vn 0.0066 0.8661 -0.4999
vn -0.0066 0.8660 -0.4999
vn 0.0066 0.8660 -0.4999
vn 0.0066 0.4999 -0.8660
vn -0.0066 0.4999 -0.8660
vn -0.0066 0.4999 -0.8661
vn -0.0078 0.0326 -0.9994
vn 0.8665 0.0279 -0.4984
vn 0.4984 -0.0279 -0.8665
vn 0.9992 -0.0326 -0.0251
vn 0.9992 -0.0326 0.0251
vn 0.9992 0.0326 0.0251
vn 0.9992 0.0326 -0.0251
vn 0.4984 0.0279 0.8665
vn 0.8665 -0.0279 0.4984
vn -0.0078 -0.9997 0.0253
vn 0.0078 -0.9997 0.0253
vn 0.0066 -0.8661 0.4999
vn -0.0066 -0.8660 0.4999
vn 0.0066 -0.8660 0.4999
vn 0.0066 -0.4999 0.8660
vn -0.0066 -0.4999 0.8660
vn -0.0066 -0.4999 0.8661
vn -0.0078 -0.0326 0.9994
vn 0.0078 0.9997 0.0253
vn -0.0078 0.9997 0.0253
vn -0.0066 0.8661 0.4999
vn 0.0066 0.8660 0.4999
vn -0.0066 0.8660 0.4999
vn -0.0066 0.4999 0.8660
vn 0.0066 0.4999 0.8660
vn 0.0066 0.4999 0.8661
vn 0.0078 0.0326 0.9994
vt 0.419643 0.763441
vt 0.580357 0.763441
vt 0.580357 0.986559
vt 0.419643 0.986559
vt 0.419643 0.536765
vt 0.580357 0.536765
vt 0.580357 0.713235
vt 0.419643 0.713235
vt 0.638441 0.536765
vt 0.861559 0.536765
vt 0.861559 0.713235
vt 0.638441 0.713235
vt 0.419643 0.036765
vt 0.580357 0.036765
vt 0.580357 0.213235
vt 0.419643 0.213235
vt 0.419643 0.263441
vt 0.580357 0.263441
vt 0.580357 0.486559
vt 0.419643 0.486559
vt 0.138441 0.713235
vt 0.138441 0.731593
vt 0.132013 0.730817
vt 0.131729 0.713235
vt 0.138441 0.750000
vt 0.132013 0.750000
vt 0.419643 1.000000
vt 0.375000 0.992987
vt 0.375000 0.986559
vt 0.419643 0.000000
vt 0.419643 0.018406
vt 0.375000 0.019183
vt 0.375000 0.000000
vt 0.375000 0.036765
vt 0.125000 0.713235
vt 0.125000 0.730817
vt 0.602649 0.986559
vt 0.601706 0.992987
vt 0.580357 1.000000
vt 0.625000 0.986559
vt 0.625000 0.992987
vt 0.875000 0.713235
vt 0.867987 0.750000
vt 0.861559 0.750000
vt 0.625000 0.036765
vt 0.602649 0.036765
vt 0.601706 0.019183
vt 0.625000 0.000000
vt 0.580357 0.018406
vt 0.580357 0.000000
vt 0.601706 0.009683
vt 0.601706 0.996460
vt 0.138441 0.536765
vt 0.131729 0.536765
vt 0.132013 0.519183
vt 0.138441 0.518406
vt 0.125000 0.536765
vt 0.125000 0.519183
vt 0.419643 0.231594
vt 0.375000 0.230817
vt 0.375000 0.213235
vt 0.419643 0.256729
vt 0.375000 0.257013
vt 0.375000 0.263441
vt 0.138441 0.500000
vt 0.132013 0.500000
vt 0.861559 0.500000
vt 0.867987 0.500000
vt 0.875000 0.536765
vt 0.625000 0.263441
vt 0.602649 0.263441
vt 0.601706 0.257013
vt 0.625000 0.257013
vt 0.580357 0.256729
vt 0.580357 0.231594
vt 0.601706 0.230817
vt 0.602649 0.213235
vt 0.625000 0.213235
vt 0.625000 0.250000
vt 0.601706 0.253540
vt 0.361559 0.713235
vt 0.368271 0.713235
vt 0.367987 0.730817
vt 0.361559 0.731593
vt 0.397351 0.713235
vt 0.398294 0.730817
vt 0.419643 0.731594
vt 0.419643 0.756729
vt 0.375000 0.757013
vt 0.375000 0.763441
vt 0.361559 0.750000
vt 0.367987 0.750000
vt 0.371460 0.730817
vt 0.638441 0.750000
vt 0.632013 0.750000
vt 0.631729 0.713235
vt 0.625000 0.763441
vt 0.602649 0.763441
vt 0.601706 0.757013
vt 0.625000 0.757013
vt 0.580357 0.756729
vt 0.580357 0.731594
vt 0.601706 0.730817
vt 0.602649 0.713235
vt 0.601706 0.753540
vt 0.361559 0.536765
vt 0.361559 0.518406
vt 0.367987 0.519183
vt 0.368271 0.536765
vt 0.361559 0.500000
vt 0.367987 0.500000
vt 0.419643 0.493271
vt 0.375000 0.492987
vt 0.375000 0.486559
vt 0.419643 0.518406
vt 0.398294 0.519183
vt 0.397351 0.536765
vt 0.371460 0.519183
vt 0.631729 0.536765
vt 0.632013 0.519183
vt 0.638441 0.500000
vt 0.602649 0.536765
vt 0.601706 0.519183
vt 0.580357 0.518406
vt 0.580357 0.493271
vt 0.601706 0.492987
vt 0.602649 0.486559
vt 0.625000 0.486559
vt 0.613243 0.492987
vt 0.613243 0.519183
vt 0.601706 0.509683
s 0
usemtl Anodized_graphite
f 3987/5210/3688 3998/5211/3689 3949/5212/3690 3938/5213/3691
f 4011/5214/3692 4022/5215/3693 3999/5216/3694 3986/5217/3695
f 4021/5218/3696 3973/5219/3697 3950/5220/3698 3997/5221/3699
f 3939/5222/3700 3951/5223/3701 3975/5224/3702 3962/5225/3703
f 3963/5226/3704 3974/5227/3705 4023/5228/3706 4010/5229/3707
f 3937/5230/3708 3940/5231/3709 3942/5232/3710 3941/5233/3711
f 3940/5231/3712 3944/5234/3713 3945/5235/3714 3942/5232/3715
f 3938/5213/3716 3943/5236/3717 3945/5237/3718 3944/5238/3719
f 3943/5239/3720 3947/5240/3721 3948/5241/3722 3945/5242/3723
f 3939/5222/3724 3946/5243/3725 3948/5241/3726 3947/5240/3727
f 3946/5244/3725 3941/5233/3728 3942/5232/3729 3948/5245/3730
f 3942/5232/3715 3945/5235/3723 3948/5245/3730
f 3949/5212/3731 3952/5246/3732 3954/5247/3733 3953/5248/3734
f 3952/5246/3735 3956/5249/3736 3957/5250/3737 3954/5247/3738
f 3950/5220/3698 3955/5251/3739 3957/5252/3740 3956/5253/3741
f 3955/5254/3739 3959/5255/3742 3960/5256/3743 3957/5257/3744
f 3951/5223/3745 3958/5258/3746 3960/5256/3747 3959/5255/3748
f 3958/5258/3749 3953/5259/3750 3954/5260/3751 3960/5256/3752
f 3954/5247/3738 3957/5250/3744 3960/5261/3752
f 3961/5262/3753 3964/5263/3754 3966/5264/3755 3965/5265/3756
f 3964/5263/3754 3968/5266/3757 3969/5267/3758 3966/5264/3759
f 3962/5225/3760 3967/5268/3761 3969/5269/3762 3968/5270/3763
f 3967/5268/3764 3971/5271/3765 3972/5272/3766 3969/5269/3767
f 3963/5226/3768 3970/5273/3769 3972/5272/3770 3971/5271/3771
f 3970/5274/3772 3965/5265/3773 3966/5264/3774 3972/5275/3775
f 3966/5264/3759 3969/5267/3767 3972/5275/3775
f 3973/5219/3697 3976/5276/3776 3978/5277/3777 3977/5278/3778
f 3976/5279/3779 3980/5280/3780 3981/5281/3781 3978/5282/3782
f 3974/5227/3783 3979/5283/3784 3981/5281/3785 3980/5280/3786
f 3979/5283/3787 3983/5284/3788 3984/5285/3789 3981/5281/3790
f 3975/5224/3791 3982/5286/3792 3984/5285/3793 3983/5284/3794
f 3982/5286/3792 3977/5287/3795 3978/5288/3796 3984/5285/3797
f 3978/5282/3782 3981/5281/3790 3984/5289/3797
f 3985/5290/3798 3988/5291/3799 3990/5292/3800 3989/5293/3801
f 3988/5291/3799 3992/5294/3802 3993/5295/3803 3990/5292/3804
f 3986/5217/3805 3991/5296/3806 3993/5295/3807 3992/5294/3808
f 3991/5296/3809 3995/5297/3810 3996/5298/3811 3993/5295/3812
f 3987/5210/3813 3994/5299/3814 3996/5298/3815 3995/5297/3816
f 3994/5300/3817 3989/5293/3818 3990/5292/3819 3996/5301/3820
f 3990/5292/3804 3993/5302/3812 3996/5301/3820
f 3997/5221/3699 4000/5303/3821 4002/5304/3822 4001/5305/3823
f 4000/5306/3824 4004/5307/3825 4005/5308/3826 4002/5309/3827
f 3998/5211/3828 4003/5310/3829 4005/5308/3830 4004/5307/3831
f 4003/5310/3832 4007/5311/3833 4008/5312/3834 4005/5308/3835
f 3999/5216/3836 4006/5313/3837 4008/5312/3838 4007/5311/3839
f 4006/5313/3837 4001/5305/3840 4002/5304/3841 4008/5312/3842
f 4002/5309/3827 4005/5308/3835 4008/5314/3842
f 4009/5315/3843 4012/5316/3844 4014/5317/3845 4013/5318/3846
f 4012/5316/3847 4016/5319/3848 4017/5320/3849 4014/5317/3850
f 4010/5229/3851 4015/5321/3852 4017/5322/3853 4016/5323/3854
f 4015/5321/3855 4019/5324/3856 4020/5325/3857 4017/5322/3858
f 4011/5214/3859 4018/5326/3860 4020/5325/3861 4019/5324/3862
f 4018/5326/3860 4013/5318/3863 4014/5317/3864 4020/5325/3865
f 4014/5317/3850 4017/5320/3858 4020/5327/3865
f 4021/5218/3696 4024/5328/3866 4026/5329/3867 4025/5330/3868
f 4024/5328/3866 4028/5331/3869 4029/5332/3870 4026/5329/3871
f 4022/5215/3872 4027/5333/3873 4029/5332/3874 4028/5331/3875
f 4027/5333/3876 4031/5334/3877 4032/5335/3878 4029/5332/3879
f 4023/5228/3880 4030/5336/3881 4032/5335/3882 4031/5334/3883
f 4030/5336/3884 4025/5337/3885 4026/5338/3886 4032/5335/3887
f 4026/5339/3871 4029/5332/3879 4032/5340/3887
f 3961/5262/3753 3937/5230/3708 3941/5233/3711 3964/5263/3754
f 3964/5263/3754 3941/5233/3711 3946/5244/3725 3968/5266/3763
f 3968/5270/3763 3946/5243/3725 3939/5222/3888 3962/5225/3889
f 3938/5213/3691 3949/5212/3690 3953/5248/3734 3943/5236/3890
f 3943/5239/3720 3953/5259/3750 3958/5258/3749 3947/5240/3721
f 3947/5240/3727 3958/5258/3891 3951/5223/3701 3939/5222/3700
f 3950/5220/3698 3973/5219/3697 3977/5278/3778 3955/5251/3739
f 3955/5254/3739 3977/5287/3778 3982/5286/3792 3959/5255/3748
f 3959/5255/3748 3982/5286/3792 3975/5224/3892 3951/5223/3893
f 3974/5227/3705 3963/5226/3704 3971/5271/3771 3979/5283/3894
f 3979/5283/3787 3971/5271/3765 3967/5268/3764 3983/5284/3788
f 3983/5284/3794 3967/5268/3895 3962/5225/3703 3975/5224/3702
f 4009/5315/3896 3961/5262/3897 3965/5265/3898 4012/5316/3844
f 4012/5316/3899 3965/5265/3900 3970/5274/3901 4016/5319/3902
f 4016/5323/3903 3970/5273/3769 3963/5226/3768 4010/5229/3904
f 3973/5219/3905 4021/5218/3906 4025/5330/3907 3976/5276/3776
f 3976/5279/3908 4025/5337/3909 4030/5336/3910 3980/5280/3911
f 3980/5280/3912 4030/5336/3881 4023/5228/3880 3974/5227/3913
f 4022/5215/3693 4011/5214/3692 4019/5324/3862 4027/5333/3914
f 4027/5333/3876 4019/5324/3856 4015/5321/3855 4031/5334/3877
f 4031/5334/3883 4015/5321/3915 4010/5229/3707 4023/5228/3706
f 3985/5290/3798 4009/5315/3843 4013/5318/3846 3988/5291/3799
f 3988/5291/3799 4013/5318/3846 4018/5326/3860 3992/5294/3808
f 3992/5294/3808 4018/5326/3860 4011/5214/3916 3986/5217/3917
f 4021/5218/3696 3997/5221/3699 4001/5305/3823 4024/5328/3866
f 4024/5328/3866 4001/5305/3823 4006/5313/3837 4028/5331/3875
f 4028/5331/3875 4006/5313/3837 3999/5216/3918 4022/5215/3919
f 3998/5211/3689 3987/5210/3688 3995/5297/3816 4003/5310/3920
f 4003/5310/3832 3995/5297/3810 3991/5296/3809 4007/5311/3833
f 4007/5311/3839 3991/5296/3921 3986/5217/3695 3999/5216/3694
f 3937/5230/3922 3985/5290/3923 3989/5293/3924 3940/5231/3709
f 3940/5231/3925 3989/5293/3926 3994/5300/3927 3944/5234/3928
f 3944/5238/3929 3994/5299/3814 3987/5210/3813 3938/5213/3930
f 3997/5221/3931 3950/5220/3932 3956/5253/3933 4000/5303/3821
f 4000/5306/3934 3956/5249/3935 3952/5246/3936 4004/5307/3937
f 4004/5307/3938 3952/5246/3732 3949/5212/3731 3998/5211/3939
f 3961/5262/3753 4009/5315/3843 3985/5290/3798 3937/5230/3708
o Blue_optical_element.001
v 0.025000 0.390549 0.143000
v 0.025000 0.390800 0.143250
v 0.025000 0.390726 0.143073
v 0.025000 0.390549 0.145000
v 0.025000 0.390800 0.144750
v 0.025000 0.390726 0.144927
v 0.025855 0.390493 0.143000
v 0.025888 0.390742 0.143250
v 0.025878 0.390669 0.143073
v 0.025855 0.390493 0.145000
v 0.025888 0.390742 0.144750
v 0.025878 0.390669 0.144927
v 0.026695 0.390326 0.143000
v 0.026760 0.390568 0.143250
v 0.026741 0.390497 0.143073
v 0.026695 0.390326 0.145000
v 0.026760 0.390568 0.144750
v 0.026741 0.390497 0.144927
v 0.027506 0.390051 0.143000
v 0.027602 0.390282 0.143250
v 0.027574 0.390214 0.143073
v 0.027506 0.390051 0.145000
v 0.027602 0.390282 0.144750
v 0.027574 0.390214 0.144927
v 0.028275 0.389672 0.143000
v 0.028400 0.389889 0.143250
v 0.028363 0.389825 0.143073
v 0.028275 0.389672 0.145000
v 0.028400 0.389889 0.144750
v 0.028363 0.389825 0.144927
v 0.028987 0.389196 0.143000
v 0.029140 0.389395 0.143250
v 0.029095 0.389336 0.143073
v 0.028987 0.389196 0.145000
v 0.029140 0.389395 0.144750
v 0.029095 0.389336 0.144927
v 0.029631 0.388631 0.143000
v 0.029808 0.388808 0.143250
v 0.029756 0.388756 0.143073
v 0.029631 0.388631 0.145000
v 0.029808 0.388808 0.144750
v 0.029756 0.388756 0.144927
v 0.030196 0.387987 0.143000
v 0.030395 0.388140 0.143250
v 0.030336 0.388095 0.143073
v 0.030196 0.387987 0.145000
v 0.030395 0.388140 0.144750
v 0.030336 0.388095 0.144927
v 0.030672 0.387275 0.143000
v 0.030889 0.387400 0.143250
v 0.030825 0.387363 0.143073
v 0.030672 0.387275 0.145000
v 0.030889 0.387400 0.144750
v 0.030825 0.387363 0.144927
v 0.031051 0.386506 0.143000
v 0.031282 0.386602 0.143250
v 0.031214 0.386574 0.143073
v 0.031051 0.386506 0.145000
v 0.031282 0.386602 0.144750
v 0.031214 0.386574 0.144927
v 0.031326 0.385695 0.143000
v 0.031568 0.385760 0.143250
v 0.031497 0.385741 0.143073
v 0.031326 0.385695 0.145000
v 0.031568 0.385760 0.144750
v 0.031497 0.385741 0.144927
v 0.031493 0.384855 0.143000
v 0.031742 0.384888 0.143250
v 0.031669 0.384878 0.143073
v 0.031493 0.384855 0.145000
v 0.031742 0.384888 0.144750
v 0.031669 0.384878 0.144927
v 0.031549 0.384000 0.143000
v 0.031800 0.384000 0.143250
v 0.031726 0.384000 0.143073
v 0.031549 0.384000 0.145000
v 0.031800 0.384000 0.144750
v 0.031726 0.384000 0.144927
v 0.031493 0.383145 0.143000
v 0.031742 0.383112 0.143250
v 0.031669 0.383122 0.143073
v 0.031493 0.383145 0.145000
v 0.031742 0.383112 0.144750
v 0.031669 0.383122 0.144927
v 0.031326 0.382305 0.143000
v 0.031568 0.382240 0.143250
v 0.031497 0.382259 0.143073
v 0.031326 0.382305 0.145000
v 0.031568 0.382240 0.144750
v 0.031497 0.382259 0.144927
v 0.031051 0.381494 0.143000
v 0.031282 0.381398 0.143250
v 0.031214 0.381426 0.143073
v 0.031051 0.381494 0.145000
v 0.031282 0.381398 0.144750
v 0.031214 0.381426 0.144927
v 0.030672 0.380725 0.143000
v 0.030889 0.380600 0.143250
v 0.030825 0.380637 0.143073
v 0.030672 0.380725 0.145000
v 0.030889 0.380600 0.144750
v 0.030825 0.380637 0.144927
v 0.030196 0.380013 0.143000
v 0.030395 0.379860 0.143250
v 0.030336 0.379905 0.143073
v 0.030196 0.380013 0.145000
v 0.030395 0.379860 0.144750
v 0.030336 0.379905 0.144927
v 0.029631 0.379369 0.143000
v 0.029808 0.379192 0.143250
v 0.029756 0.379244 0.143073
v 0.029631 0.379369 0.145000
v 0.029808 0.379192 0.144750
v 0.029756 0.379244 0.144927
v 0.028987 0.378804 0.143000
v 0.029140 0.378605 0.143250
v 0.029095 0.378664 0.143073
v 0.028987 0.378804 0.145000
v 0.029140 0.378605 0.144750
v 0.029095 0.378664 0.144927
v 0.028275 0.378328 0.143000
v 0.028400 0.378111 0.143250
v 0.028363 0.378175 0.143073
v 0.028275 0.378328 0.145000
v 0.028400 0.378111 0.144750
v 0.028363 0.378175 0.144927
v 0.027506 0.377949 0.143000
v 0.027602 0.377718 0.143250
v 0.027574 0.377786 0.143073
v 0.027506 0.377949 0.145000
v 0.027602 0.377718 0.144750
v 0.027574 0.377786 0.144927
v 0.026695 0.377674 0.143000
v 0.026760 0.377432 0.143250
v 0.026741 0.377503 0.143073
v 0.026695 0.377674 0.145000
v 0.026760 0.377432 0.144750
v 0.026741 0.377503 0.144927
v 0.025855 0.377507 0.143000
v 0.025888 0.377258 0.143250
v 0.025878 0.377331 0.143073
v 0.025855 0.377507 0.145000
v 0.025888 0.377258 0.144750
v 0.025878 0.377331 0.144927
v 0.025000 0.377451 0.143000
v 0.025000 0.377200 0.143250
v 0.025000 0.377274 0.143073
v 0.025000 0.377451 0.145000
v 0.025000 0.377200 0.144750
v 0.025000 0.377274 0.144927
v 0.024145 0.377507 0.143000
v 0.024112 0.377258 0.143250
v 0.024122 0.377331 0.143073
v 0.024145 0.377507 0.145000
v 0.024112 0.377258 0.144750
v 0.024122 0.377331 0.144927
v 0.023305 0.377674 0.143000
v 0.023240 0.377432 0.143250
v 0.023259 0.377503 0.143073
v 0.023305 0.377674 0.145000
v 0.023240 0.377432 0.144750
v 0.023259 0.377503 0.144927
v 0.022494 0.377949 0.143000
v 0.022398 0.377718 0.143250
v 0.022426 0.377786 0.143073
v 0.022494 0.377949 0.145000
v 0.022398 0.377718 0.144750
v 0.022426 0.377786 0.144927
v 0.021725 0.378328 0.143000
v 0.021600 0.378111 0.143250
v 0.021637 0.378175 0.143073
v 0.021725 0.378328 0.145000
v 0.021600 0.378111 0.144750
v 0.021637 0.378175 0.144927
v 0.021013 0.378804 0.143000
v 0.020860 0.378605 0.143250
v 0.020905 0.378664 0.143073
v 0.021013 0.378804 0.145000
v 0.020860 0.378605 0.144750
v 0.020905 0.378664 0.144927
v 0.020369 0.379369 0.143000
v 0.020192 0.379192 0.143250
v 0.020244 0.379244 0.143073
v 0.020369 0.379369 0.145000
v 0.020192 0.379192 0.144750
v 0.020244 0.379244 0.144927
v 0.019804 0.380013 0.143000
v 0.019605 0.379860 0.143250
v 0.019664 0.379905 0.143073
v 0.019804 0.380013 0.145000
v 0.019605 0.379860 0.144750
v 0.019664 0.379905 0.144927
v 0.019328 0.380725 0.143000
v 0.019111 0.380600 0.143250
v 0.019175 0.380637 0.143073
v 0.019328 0.380725 0.145000
v 0.019111 0.380600 0.144750
v 0.019175 0.380637 0.144927
v 0.018949 0.381494 0.143000
v 0.018718 0.381398 0.143250
v 0.018786 0.381426 0.143073
v 0.018949 0.381494 0.145000
v 0.018718 0.381398 0.144750
v 0.018786 0.381426 0.144927
v 0.018674 0.382305 0.143000
v 0.018432 0.382240 0.143250
v 0.018503 0.382259 0.143073
v 0.018674 0.382305 0.145000
v 0.018432 0.382240 0.144750
v 0.018503 0.382259 0.144927
v 0.018507 0.383145 0.143000
v 0.018258 0.383112 0.143250
v 0.018331 0.383122 0.143073
v 0.018507 0.383145 0.145000
v 0.018258 0.383112 0.144750
v 0.018331 0.383122 0.144927
v 0.018451 0.384000 0.143000
v 0.018200 0.384000 0.143250
v 0.018274 0.384000 0.143073
v 0.018451 0.384000 0.145000
v 0.018200 0.384000 0.144750
v 0.018274 0.384000 0.144927
v 0.018507 0.384855 0.143000
v 0.018258 0.384888 0.143250
v 0.018331 0.384878 0.143073
v 0.018507 0.384855 0.145000
v 0.018258 0.384888 0.144750
v 0.018331 0.384878 0.144927
v 0.018674 0.385695 0.143000
v 0.018432 0.385760 0.143250
v 0.018503 0.385741 0.143073
v 0.018674 0.385695 0.145000
v 0.018432 0.385760 0.144750
v 0.018503 0.385741 0.144927
v 0.018949 0.386506 0.143000
v 0.018718 0.386602 0.143250
v 0.018786 0.386574 0.143073
v 0.018949 0.386506 0.145000
v 0.018718 0.386602 0.144750
v 0.018786 0.386574 0.144927
v 0.019328 0.387275 0.143000
v 0.019111 0.387400 0.143250
v 0.019175 0.387363 0.143073
v 0.019328 0.387275 0.145000
v 0.019111 0.387400 0.144750
v 0.019175 0.387363 0.144927
v 0.019804 0.387987 0.143000
v 0.019605 0.388140 0.143250
v 0.019664 0.388095 0.143073
v 0.019804 0.387987 0.145000
v 0.019605 0.388140 0.144750
v 0.019664 0.388095 0.144927
v 0.020369 0.388631 0.143000
v 0.020192 0.388808 0.143250
v 0.020244 0.388756 0.143073
v 0.020369 0.388631 0.145000
v 0.020192 0.388808 0.144750
v 0.020244 0.388756 0.144927
v 0.021013 0.389196 0.143000
v 0.020860 0.389395 0.143250
v 0.020905 0.389336 0.143073
v 0.021013 0.389196 0.145000
v 0.020860 0.389395 0.144750
v 0.020905 0.389336 0.144927
v 0.021725 0.389672 0.143000
v 0.021600 0.389889 0.143250
v 0.021637 0.389825 0.143073
v 0.021725 0.389672 0.145000
v 0.021600 0.389889 0.144750
v 0.021637 0.389825 0.144927
v 0.022494 0.390051 0.143000
v 0.022398 0.390282 0.143250
v 0.022426 0.390214 0.143073
v 0.022494 0.390051 0.145000
v 0.022398 0.390282 0.144750
v 0.022426 0.390214 0.144927
v 0.023305 0.390326 0.143000
v 0.023240 0.390568 0.143250
v 0.023259 0.390497 0.143073
v 0.023305 0.390326 0.145000
v 0.023240 0.390568 0.144750
v 0.023259 0.390497 0.144927
v 0.024145 0.390493 0.143000
v 0.024112 0.390742 0.143250
v 0.024122 0.390669 0.143073
v 0.024145 0.390493 0.145000
v 0.024112 0.390742 0.144750
v 0.024122 0.390669 0.144927
vn -0.1304 0.9905 -0.0437
vn -0.1304 0.9905 0.0437
vn -0.0000 0.9990 0.0437
vn -0.0000 0.9990 -0.0437
vn 0.2586 0.9650 -0.0437
vn 0.2586 0.9650 0.0437
vn 0.3823 0.9230 0.0437
vn 0.3823 0.9230 -0.0437
vn 0.4995 0.8652 0.0437
vn 0.4995 0.8652 -0.0437
vn 0.6082 0.7926 0.0437
vn 0.6082 0.7926 -0.0437
vn 0.7064 0.7064 0.0437
vn 0.7064 0.7064 -0.0437
vn 0.7926 0.6082 0.0437
vn 0.7926 0.6082 -0.0437
vn 0.8652 0.4995 0.0437
vn 0.8652 0.4995 -0.0437
vn 0.9230 0.3823 0.0437
vn 0.9230 0.3823 -0.0437
vn 0.9650 0.2586 0.0437
vn 0.9650 0.2586 -0.0437
vn 0.9905 0.1304 0.0437
vn 0.9905 0.1304 -0.0437
vn 0.9990 -0.0000 0.0437
vn 0.9990 -0.0000 -0.0437
vn 0.9905 -0.1304 0.0437
vn 0.9905 -0.1304 -0.0437
vn 0.9650 -0.2586 0.0437
vn 0.9650 -0.2586 -0.0437
vn 0.9230 -0.3823 0.0437
vn 0.9230 -0.3823 -0.0437
vn 0.8652 -0.4995 0.0437
vn 0.8652 -0.4995 -0.0437
vn 0.7926 -0.6082 0.0437
vn 0.7926 -0.6082 -0.0437
vn 0.7064 -0.7064 0.0437
vn 0.7064 -0.7064 -0.0437
vn 0.6082 -0.7926 0.0437
vn 0.6082 -0.7926 -0.0437
vn 0.4995 -0.8652 0.0437
vn 0.4995 -0.8652 -0.0437
vn 0.3823 -0.9230 0.0437
vn 0.3823 -0.9230 -0.0437
vn 0.2586 -0.9650 0.0437
vn 0.2586 -0.9650 -0.0437
vn 0.1304 -0.9905 0.0437
vn 0.1304 -0.9905 -0.0437
vn -0.0000 -0.9990 0.0437
vn -0.0000 -0.9990 -0.0437
vn -0.1304 -0.9905 0.0437
vn -0.1304 -0.9905 -0.0437
vn -0.2586 -0.9650 0.0437
vn -0.2586 -0.9650 -0.0437
vn -0.3823 -0.9230 0.0437
vn -0.3823 -0.9230 -0.0437
vn -0.4995 -0.8652 0.0437
vn -0.4995 -0.8652 -0.0437
vn -0.6082 -0.7926 0.0437
vn -0.6082 -0.7926 -0.0437
vn -0.7064 -0.7064 0.0437
vn -0.7064 -0.7064 -0.0437
vn -0.7926 -0.6082 0.0437
vn -0.7926 -0.6082 -0.0437
vn -0.8652 -0.4995 0.0437
vn -0.8652 -0.4995 -0.0437
vn -0.9230 -0.3823 0.0437
vn -0.9230 -0.3823 -0.0437
vn -0.9650 -0.2586 0.0437
vn -0.9650 -0.2586 -0.0437
vn -0.9905 -0.1304 0.0437
vn -0.9905 -0.1304 -0.0437
vn -0.9990 -0.0000 0.0437
vn -0.9990 -0.0000 -0.0437
vn -0.9905 0.1304 0.0437
vn -0.9905 0.1304 -0.0437
vn -0.9650 0.2586 0.0437
vn -0.9650 0.2586 -0.0437
vn -0.9230 0.3823 0.0437
vn -0.9230 0.3823 -0.0437
vn -0.8652 0.4995 0.0437
vn -0.8652 0.4995 -0.0437
vn -0.7926 0.6082 0.0437
vn -0.7926 0.6082 -0.0437
vn -0.7064 0.7064 0.0437
vn -0.7064 0.7064 -0.0437
vn -0.6082 0.7926 0.0437
vn -0.6082 0.7926 -0.0437
vn -0.4995 0.8652 0.0437
vn -0.4995 0.8652 -0.0437
vn -0.3823 0.9230 0.0437
vn -0.3823 0.9230 -0.0437
vn -0.2586 0.9650 0.0437
vn -0.2586 0.9650 -0.0437
vn 0.1304 0.9905 -0.0437
vn 0.1304 0.9905 0.0437
vn 0.0001 0.0010 1.0000
vn -0.0000 0.0010 1.0000
vn -0.0001 0.0010 1.0000
vn -0.0002 0.0010 1.0000
vn -0.0004 0.0009 1.0000
vn -0.0005 0.0009 1.0000
vn -0.0006 0.0008 1.0000
vn -0.0007 0.0007 1.0000
vn -0.0008 0.0006 1.0000
vn -0.0008 0.0005 1.0000
vn -0.0009 0.0004 1.0000
vn -0.0010 0.0003 1.0000
vn -0.0010 0.0001 1.0000
vn -0.0010 -0.0000 1.0000
vn -0.0010 -0.0001 1.0000
vn -0.0010 -0.0002 1.0000
vn -0.0009 -0.0004 1.0000
vn -0.0009 -0.0005 1.0000
vn -0.0008 -0.0006 1.0000
vn -0.0007 -0.0007 1.0000
vn -0.0006 -0.0008 1.0000
vn -0.0005 -0.0008 1.0000
vn -0.0004 -0.0009 1.0000
vn -0.0003 -0.0010 1.0000
vn -0.0001 -0.0010 1.0000
vn -0.0000 -0.0010 1.0000
vn 0.0001 -0.0010 1.0000
vn 0.0002 -0.0010 1.0000
vn 0.0004 -0.0009 1.0000
vn 0.0005 -0.0009 1.0000
vn 0.0006 -0.0008 1.0000
vn 0.0007 -0.0007 1.0000
vn 0.0008 -0.0006 1.0000
vn 0.0008 -0.0005 1.0000
vn 0.0009 -0.0004 1.0000
vn 0.0010 -0.0003 1.0000
vn 0.0010 -0.0001 1.0000
vn 0.0010 -0.0000 1.0000
vn 0.0010 0.0001 1.0000
vn 0.0010 0.0002 1.0000
vn 0.0009 0.0004 1.0000
vn 0.0009 0.0005 1.0000
vn 0.0008 0.0006 1.0000
vn 0.0007 0.0007 1.0000
vn 0.0006 0.0008 1.0000
vn 0.0005 0.0008 1.0000
vn 0.0004 0.0009 1.0000
vn 0.0003 0.0010 1.0000
vn 0.0932 0.7080 -0.7000
vn -0.0000 0.7141 -0.7000
vn 0.0001 0.0010 -1.0000
vn -0.0000 0.0010 -1.0000
vn -0.0000 0.7141 0.7000
vn 0.0932 0.7080 0.7000
vn 0.1848 0.6898 -0.7000
vn 0.0003 0.0009 -1.0000
vn 0.1848 0.6898 0.7000
vn 0.2733 0.6598 -0.7000
vn 0.0004 0.0009 -1.0000
vn 0.2733 0.6598 0.7000
vn 0.3571 0.6185 -0.7000
vn 0.0005 0.0008 -1.0000
vn 0.3571 0.6185 0.7000
vn 0.4347 0.5666 -0.7000
vn 0.0006 0.0008 -1.0000
vn 0.4347 0.5666 0.7000
vn 0.5050 0.5050 -0.7000
vn 0.0007 0.0007 -1.0000
vn 0.5050 0.5050 0.7000
vn 0.5666 0.4347 -0.7000
vn 0.0008 0.0006 -1.0000
vn 0.5666 0.4347 0.7000
vn 0.6185 0.3571 -0.7000
vn 0.0009 0.0005 -1.0000
vn 0.6185 0.3571 0.7000
vn 0.6598 0.2733 -0.7000
vn 0.0009 0.0004 -1.0000
vn 0.6598 0.2733 0.7000
vn 0.6898 0.1848 -0.7000
vn 0.0010 0.0002 -1.0000
vn 0.6898 0.1848 0.7000
vn 0.7080 0.0932 -0.7000
vn 0.0010 0.0001 -1.0000
vn 0.7080 0.0932 0.7000
vn 0.7141 -0.0000 -0.7000
vn 0.0010 -0.0000 -1.0000
vn 0.7141 -0.0000 0.7000
vn 0.7080 -0.0932 -0.7000
vn 0.0010 -0.0001 -1.0000
vn 0.7080 -0.0932 0.7000
vn 0.6898 -0.1848 -0.7000
vn 0.0009 -0.0003 -1.0000
vn 0.6898 -0.1848 0.7000
vn 0.6598 -0.2733 -0.7000
vn 0.0009 -0.0004 -1.0000
vn 0.6598 -0.2733 0.7000
vn 0.6185 -0.3571 -0.7000
vn 0.0008 -0.0005 -1.0000
vn 0.6185 -0.3571 0.7000
vn 0.5666 -0.4347 -0.7000
vn 0.0008 -0.0006 -1.0000
vn 0.5666 -0.4347 0.7000
vn 0.5050 -0.5050 -0.7000
vn 0.0007 -0.0007 -1.0000
vn 0.5050 -0.5050 0.7000
vn 0.4347 -0.5666 -0.7000
vn 0.0006 -0.0008 -1.0000
vn 0.4347 -0.5666 0.7000
vn 0.3571 -0.6185 -0.7000
vn 0.0005 -0.0009 -1.0000
vn 0.3571 -0.6185 0.7000
vn 0.2733 -0.6598 -0.7000
vn 0.0004 -0.0009 -1.0000
vn 0.2733 -0.6598 0.7000
vn 0.1848 -0.6898 -0.7000
vn 0.0002 -0.0010 -1.0000
vn 0.1848 -0.6898 0.7000
vn 0.0932 -0.7080 -0.7000
vn 0.0001 -0.0010 -1.0000
vn 0.0932 -0.7080 0.7000
vn -0.0000 -0.7141 -0.7000
vn -0.0000 -0.0010 -1.0000
vn -0.0000 -0.7141 0.7000
vn -0.0932 -0.7080 -0.7000
vn -0.0001 -0.0010 -1.0000
vn -0.0932 -0.7080 0.7000
vn -0.1848 -0.6898 -0.7000
vn -0.0003 -0.0009 -1.0000
vn -0.1848 -0.6898 0.7000
vn -0.2733 -0.6598 -0.7000
vn -0.0004 -0.0009 -1.0000
vn -0.2733 -0.6598 0.7000
vn -0.3571 -0.6185 -0.7000
vn -0.0005 -0.0008 -1.0000
vn -0.3571 -0.6185 0.7000
vn -0.4347 -0.5666 -0.7000
vn -0.0006 -0.0008 -1.0000
vn -0.4347 -0.5666 0.7000
vn -0.5050 -0.5050 -0.7000
vn -0.0007 -0.0007 -1.0000
vn -0.5050 -0.5050 0.7000
vn -0.5666 -0.4347 -0.7000
vn -0.0008 -0.0006 -1.0000
vn -0.5666 -0.4347 0.7000
vn -0.6185 -0.3571 -0.7000
vn -0.0009 -0.0005 -1.0000
vn -0.6185 -0.3571 0.7000
vn -0.6598 -0.2733 -0.7000
vn -0.0009 -0.0004 -1.0000
vn -0.6598 -0.2733 0.7000
vn -0.6898 -0.1848 -0.7000
vn -0.0010 -0.0002 -1.0000
vn -0.6898 -0.1848 0.7000
vn -0.7080 -0.0932 -0.7000
vn -0.0010 -0.0001 -1.0000
vn -0.7080 -0.0932 0.7000
vn -0.7141 -0.0000 -0.7000
vn -0.0010 -0.0000 -1.0000
vn -0.7141 -0.0000 0.7000
vn -0.7080 0.0932 -0.7000
vn -0.0010 0.0001 -1.0000
vn -0.7080 0.0932 0.7000
vn -0.6898 0.1848 -0.7000
vn -0.0009 0.0003 -1.0000
vn -0.6898 0.1848 0.7000
vn -0.6598 0.2733 -0.7000
vn -0.0009 0.0004 -1.0000
vn -0.6598 0.2733 0.7000
vn -0.6185 0.3571 -0.7000
vn -0.0008 0.0005 -1.0000
vn -0.6185 0.3571 0.7000
vn -0.5666 0.4347 -0.7000
vn -0.0008 0.0006 -1.0000
vn -0.5666 0.4347 0.7000
vn -0.5050 0.5050 -0.7000
vn -0.0007 0.0007 -1.0000
vn -0.5050 0.5050 0.7000
vn -0.4347 0.5666 -0.7000
vn -0.0006 0.0008 -1.0000
vn -0.4347 0.5666 0.7000
vn -0.3571 0.6185 -0.7000
vn -0.0005 0.0009 -1.0000
vn -0.3571 0.6185 0.7000
vn -0.2733 0.6598 -0.7000
vn -0.0004 0.0009 -1.0000
vn -0.2733 0.6598 0.7000
vn -0.1848 0.6898 -0.7000
vn -0.0002 0.0010 -1.0000
vn -0.1848 0.6898 0.7000
vn -0.0932 0.7080 -0.7000
vn -0.0001 0.0010 -1.0000
vn -0.0932 0.7080 0.7000
vt 0.020834 0.562500
vt 0.020834 0.937500
vt 0.000000 0.937500
vt 0.000000 0.562500
vt 0.958333 0.562500
vt 0.958333 0.937500
vt 0.937500 0.937500
vt 0.937500 0.562500
vt 0.916667 0.937500
vt 0.916667 0.562500
vt 0.895833 0.937500
vt 0.895833 0.562500
vt 0.875000 0.937500
vt 0.875000 0.562500
vt 0.854167 0.937500
vt 0.854167 0.562500
vt 0.833333 0.937500
vt 0.833333 0.562500
vt 0.812500 0.937500
vt 0.812500 0.562500
vt 0.812500 0.562500
vt 0.812500 0.937500
vt 0.791667 0.937500
vt 0.791667 0.562500
vt 0.770834 0.937500
vt 0.770834 0.562500
vt 0.750000 0.937500
vt 0.750000 0.562500
vt 0.750000 0.562500
vt 0.750000 0.937500
vt 0.729167 0.937500
vt 0.729167 0.562500
vt 0.708334 0.937500
vt 0.708334 0.562500
vt 0.687500 0.937500
vt 0.687500 0.562500
vt 0.666667 0.937500
vt 0.666667 0.562500
vt 0.645834 0.937500
vt 0.645834 0.562500
vt 0.645834 0.562500
vt 0.625000 0.937500
vt 0.625000 0.562500
vt 0.604167 0.937500
vt 0.604167 0.562500
vt 0.583334 0.937500
vt 0.583334 0.562500
vt 0.562500 0.937500
vt 0.562500 0.562500
vt 0.541667 0.937500
vt 0.541667 0.562500
vt 0.520834 0.937500
vt 0.520834 0.562500
vt 0.500000 0.937500
vt 0.500000 0.562500
vt 0.479167 0.937500
vt 0.479167 0.562500
vt 0.458334 0.937500
vt 0.458334 0.562500
vt 0.437500 0.937500
vt 0.437500 0.562500
vt 0.416667 0.937500
vt 0.416667 0.562500
vt 0.416667 0.937500
vt 0.395834 0.937500
vt 0.395834 0.562500
vt 0.375000 0.937500
vt 0.375000 0.562500
vt 0.354167 0.937500
vt 0.354167 0.562500
vt 0.354167 0.937500
vt 0.333334 0.937500
vt 0.333334 0.562500
vt 0.312500 0.937500
vt 0.312500 0.562500
vt 0.291667 0.937500
vt 0.291667 0.562500
vt 0.270834 0.937500
vt 0.270834 0.562500
vt 0.250000 0.937500
vt 0.250000 0.562500
vt 0.229167 0.937500
vt 0.229167 0.562500
vt 0.229167 0.937500
vt 0.208334 0.937500
vt 0.208334 0.562500
vt 0.187500 0.937500
vt 0.187500 0.562500
vt 0.166667 0.937500
vt 0.166667 0.562500
vt 0.166667 0.937500
vt 0.145834 0.937500
vt 0.145834 0.562500
vt 0.125000 0.937500
vt 0.125000 0.562500
vt 0.104167 0.937500
vt 0.104167 0.562500
vt 0.083334 0.937500
vt 0.083334 0.562500
vt 0.062500 0.937500
vt 0.062500 0.562500
vt 0.041667 0.937500
vt 0.041667 0.562500
vt 0.979167 0.562500
vt 0.979167 0.937500
vt 0.280172 0.479180
vt 0.250000 0.481158
vt 0.219828 0.479180
vt 0.190172 0.473281
vt 0.161540 0.463562
vt 0.134421 0.450188
vt 0.109280 0.433390
vt 0.086547 0.413453
vt 0.066610 0.390720
vt 0.049812 0.365579
vt 0.036438 0.338460
vt 0.026719 0.309828
vt 0.020820 0.280172
vt 0.018842 0.250000
vt 0.020820 0.219828
vt 0.026719 0.190172
vt 0.036438 0.161540
vt 0.049812 0.134421
vt 0.066610 0.109280
vt 0.086547 0.086547
vt 0.109280 0.066610
vt 0.134421 0.049812
vt 0.161540 0.036438
vt 0.190172 0.026719
vt 0.219828 0.020820
vt 0.250000 0.018842
vt 0.280172 0.020820
vt 0.309828 0.026719
vt 0.338460 0.036438
vt 0.365579 0.049812
vt 0.390720 0.066610
vt 0.413453 0.086547
vt 0.433390 0.109280
vt 0.450188 0.134421
vt 0.463562 0.161540
vt 0.473281 0.190172
vt 0.479180 0.219828
vt 0.481158 0.250000
vt 0.479180 0.280172
vt 0.473281 0.309828
vt 0.463562 0.338460
vt 0.450188 0.365579
vt 0.433390 0.390720
vt 0.413453 0.413453
vt 0.390720 0.433390
vt 0.365579 0.450188
vt 0.338460 0.463562
vt 0.309828 0.473281
vt 1.000000 0.562500
vt 1.000000 0.937500
vt 0.979167 0.937500
vt 0.979279 0.500000
vt 0.999887 0.500000
vt 0.750170 0.489989
vt 0.781157 0.487958
vt 0.780172 0.479180
vt 0.750000 0.481158
vt 0.999887 1.000000
vt 0.979279 1.000000
vt 0.281157 0.487958
vt 0.250170 0.489989
vt 0.958446 0.500000
vt 0.979054 0.500000
vt 0.781493 0.487914
vt 0.811950 0.481855
vt 0.809828 0.473281
vt 0.979054 1.000000
vt 0.958446 1.000000
vt 0.311950 0.481855
vt 0.281493 0.487914
vt 0.937613 0.500000
vt 0.958221 0.500000
vt 0.812277 0.481768
vt 0.841683 0.471786
vt 0.838460 0.463562
vt 0.958221 1.000000
vt 0.937613 1.000000
vt 0.341683 0.471786
vt 0.312277 0.481768
vt 0.916779 0.500000
vt 0.937387 0.500000
vt 0.841996 0.471656
vt 0.869848 0.457921
vt 0.865579 0.450188
vt 0.937387 1.000000
vt 0.916780 1.000000
vt 0.369848 0.457921
vt 0.341996 0.471656
vt 0.895946 0.500000
vt 0.916554 0.500000
vt 0.870141 0.457752
vt 0.895962 0.440499
vt 0.890720 0.433390
vt 0.916554 1.000000
vt 0.895946 1.000000
vt 0.395961 0.440499
vt 0.370141 0.457752
vt 0.875113 0.500000
vt 0.895721 0.500000
vt 0.896231 0.440293
vt 0.919578 0.419818
vt 0.913453 0.413453
vt 0.895721 1.000000
vt 0.875113 1.000000
vt 0.419578 0.419818
vt 0.396230 0.440293
vt 0.854280 0.500000
vt 0.874887 0.500000
vt 0.919818 0.419578
vt 0.940293 0.396230
vt 0.933390 0.390720
vt 0.874887 1.000000
vt 0.854280 1.000000
vt 0.440293 0.396231
vt 0.419818 0.419578
vt 0.833446 0.500000
vt 0.854054 0.500000
vt 0.940499 0.395961
vt 0.957752 0.370141
vt 0.950188 0.365579
vt 0.854054 1.000000
vt 0.833446 1.000000
vt 0.457752 0.370141
vt 0.440499 0.395961
vt 0.812613 0.500000
vt 0.833221 0.500000
vt 0.957921 0.369848
vt 0.971656 0.341996
vt 0.963562 0.338460
vt 0.833221 1.000000
vt 0.812613 1.000000
vt 0.471656 0.341996
vt 0.457921 0.369848
vt 0.791780 0.500000
vt 0.812387 0.500000
vt 0.971786 0.341683
vt 0.981768 0.312277
vt 0.973281 0.309828
vt 0.812387 1.000000
vt 0.791780 1.000000
vt 0.481768 0.312277
vt 0.471786 0.341683
vt 0.770946 0.500000
vt 0.791554 0.500000
vt 0.981855 0.311950
vt 0.987914 0.281493
vt 0.979180 0.280172
vt 0.791554 1.000000
vt 0.770946 1.000000
vt 0.487914 0.281493
vt 0.481855 0.311950
vt 0.750113 0.500000
vt 0.770721 0.500000
vt 0.987958 0.281157
vt 0.989989 0.250170
vt 0.981158 0.250000
vt 0.770721 1.000000
vt 0.750113 1.000000
vt 0.489989 0.250170
vt 0.487958 0.281157
vt 0.729280 0.500000
vt 0.749887 0.500000
vt 0.989989 0.249830
vt 0.987958 0.218843
vt 0.979180 0.219828
vt 0.749887 1.000000
vt 0.729280 1.000000
vt 0.487958 0.218843
vt 0.489989 0.249830
vt 0.708446 0.500000
vt 0.729054 0.500000
vt 0.987914 0.218507
vt 0.981855 0.188050
vt 0.973281 0.190172
vt 0.729054 1.000000
vt 0.708446 1.000000
vt 0.481855 0.188050
vt 0.487914 0.218507
vt 0.687613 0.500000
vt 0.708221 0.500000
vt 0.981768 0.187723
vt 0.971786 0.158317
vt 0.963562 0.161540
vt 0.708221 1.000000
vt 0.687613 1.000000
vt 0.471786 0.158317
vt 0.481768 0.187723
vt 0.666780 0.500000
vt 0.687388 0.500000
vt 0.971656 0.158004
vt 0.957921 0.130152
vt 0.950188 0.134421
vt 0.687388 1.000000
vt 0.666780 1.000000
vt 0.457921 0.130152
vt 0.471656 0.158004
vt 0.645946 0.500000
vt 0.666554 0.500000
vt 0.957752 0.129859
vt 0.940499 0.104039
vt 0.933390 0.109280
vt 0.666554 1.000000
vt 0.645946 1.000000
vt 0.440499 0.104039
vt 0.457752 0.129859
vt 0.625113 0.500000
vt 0.645721 0.500000
vt 0.940293 0.103770
vt 0.919818 0.080422
vt 0.913453 0.086547
vt 0.645721 1.000000
vt 0.625113 1.000000
vt 0.419818 0.080422
vt 0.440293 0.103770
vt 0.604280 0.500000
vt 0.624888 0.500000
vt 0.919578 0.080182
vt 0.896231 0.059707
vt 0.890720 0.066610
vt 0.624888 1.000000
vt 0.604280 1.000000
vt 0.396231 0.059707
vt 0.419578 0.080182
vt 0.583447 0.500000
vt 0.604054 0.500000
vt 0.895962 0.059501
vt 0.870141 0.042248
vt 0.865579 0.049812
vt 0.604054 1.000000
vt 0.583446 1.000000
vt 0.370141 0.042248
vt 0.395961 0.059501
vt 0.562613 0.500000
vt 0.583221 0.500000
vt 0.869848 0.042079
vt 0.841996 0.028344
vt 0.838460 0.036438
vt 0.583221 1.000000
vt 0.562613 1.000000
vt 0.341996 0.028344
vt 0.369848 0.042079
vt 0.541780 0.500000
vt 0.562388 0.500000
vt 0.841683 0.028214
vt 0.812277 0.018232
vt 0.809828 0.026719
vt 0.562388 1.000000
vt 0.541780 1.000000
vt 0.312277 0.018232
vt 0.341683 0.028214
vt 0.520947 0.500000
vt 0.541554 0.500000
vt 0.811950 0.018145
vt 0.781493 0.012086
vt 0.780172 0.020820
vt 0.541554 1.000000
vt 0.520947 1.000000
vt 0.281493 0.012086
vt 0.311950 0.018145
vt 0.500113 0.500000
vt 0.520721 0.500000
vt 0.781157 0.012042
vt 0.750170 0.010011
vt 0.750000 0.018842
vt 0.520721 1.000000
vt 0.500113 1.000000
vt 0.250170 0.010011
vt 0.281157 0.012042
vt 0.479280 0.500000
vt 0.499888 0.500000
vt 0.749830 0.010011
vt 0.718843 0.012042
vt 0.719828 0.020820
vt 0.499888 1.000000
vt 0.479280 1.000000
vt 0.218843 0.012042
vt 0.249830 0.010011
vt 0.458447 0.500000
vt 0.479054 0.500000
vt 0.718507 0.012086
vt 0.688050 0.018145
vt 0.690172 0.026719
vt 0.479054 1.000000
vt 0.458447 1.000000
vt 0.188050 0.018145
vt 0.218507 0.012086
vt 0.437613 0.500000
vt 0.458221 0.500000
vt 0.687723 0.018232
vt 0.658317 0.028214
vt 0.661540 0.036438
vt 0.458221 1.000000
vt 0.437613 1.000000
vt 0.158317 0.028214
vt 0.187723 0.018232
vt 0.416780 0.500000
vt 0.437388 0.500000
vt 0.658004 0.028344
vt 0.630152 0.042079
vt 0.634421 0.049812
vt 0.437388 1.000000
vt 0.416780 1.000000
vt 0.130152 0.042079
vt 0.158004 0.028344
vt 0.395947 0.500000
vt 0.416554 0.500000
vt 0.629859 0.042248
vt 0.604038 0.059501
vt 0.609280 0.066610
vt 0.416554 1.000000
vt 0.395947 1.000000
vt 0.104039 0.059501
vt 0.129859 0.042248
vt 0.375113 0.500000
vt 0.395721 0.500000
vt 0.603769 0.059707
vt 0.580422 0.080182
vt 0.586547 0.086547
vt 0.395721 1.000000
vt 0.375113 1.000000
vt 0.080422 0.080182
vt 0.103770 0.059707
vt 0.354280 0.500000
vt 0.374888 0.500000
vt 0.580182 0.080422
vt 0.559707 0.103770
vt 0.566610 0.109280
vt 0.374888 1.000000
vt 0.354280 1.000000
vt 0.059707 0.103770
vt 0.080182 0.080422
vt 0.333446 0.500000
vt 0.354054 0.500000
vt 0.559501 0.104039
vt 0.542248 0.129859
vt 0.549812 0.134421
vt 0.354054 1.000000
vt 0.333446 1.000000
vt 0.042248 0.129859
vt 0.059501 0.104039
vt 0.312613 0.500000
vt 0.333221 0.500000
vt 0.542079 0.130152
vt 0.528344 0.158004
vt 0.536438 0.161540
vt 0.333221 1.000000
vt 0.312613 1.000000
vt 0.028344 0.158004
vt 0.042079 0.130152
vt 0.291780 0.500000
vt 0.312388 0.500000
vt 0.528214 0.158317
vt 0.518232 0.187723
vt 0.526719 0.190172
vt 0.312388 1.000000
vt 0.291780 1.000000
vt 0.018232 0.187723
vt 0.028214 0.158317
vt 0.270946 0.500000
vt 0.291554 0.500000
vt 0.518145 0.188050
vt 0.512086 0.218507
vt 0.520820 0.219828
vt 0.291554 1.000000
vt 0.270946 1.000000
vt 0.012086 0.218507
vt 0.018145 0.188050
vt 0.250113 0.500000
vt 0.270721 0.500000
vt 0.512042 0.218843
vt 0.510011 0.249830
vt 0.518842 0.250000
vt 0.270721 1.000000
vt 0.250113 1.000000
vt 0.010011 0.249830
vt 0.012042 0.218843
vt 0.229280 0.500000
vt 0.249888 0.500000
vt 0.510011 0.250170
vt 0.512042 0.281157
vt 0.520820 0.280172
vt 0.249888 1.000000
vt 0.229280 1.000000
vt 0.012042 0.281157
vt 0.010011 0.250170
vt 0.208446 0.500000
vt 0.229054 0.500000
vt 0.512086 0.281493
vt 0.518145 0.311950
vt 0.526719 0.309828
vt 0.229054 1.000000
vt 0.208446 1.000000
vt 0.018145 0.311950
vt 0.012086 0.281493
vt 0.187613 0.500000
vt 0.208221 0.500000
vt 0.518232 0.312277
vt 0.528214 0.341683
vt 0.536438 0.338460
vt 0.208221 1.000000
vt 0.187613 1.000000
vt 0.028214 0.341683
vt 0.018232 0.312277
vt 0.166780 0.500000
vt 0.187388 0.500000
vt 0.528344 0.341996
vt 0.542079 0.369848
vt 0.549812 0.365579
vt 0.187388 1.000000
vt 0.166780 1.000000
vt 0.042079 0.369848
vt 0.028344 0.341996
vt 0.145946 0.500000
vt 0.166554 0.500000
vt 0.542248 0.370141
vt 0.559501 0.395961
vt 0.566610 0.390720
vt 0.166554 1.000000
vt 0.145946 1.000000
vt 0.059501 0.395961
vt 0.042248 0.370141
vt 0.125113 0.500000
vt 0.145721 0.500000
vt 0.559707 0.396231
vt 0.580182 0.419578
vt 0.586547 0.413453
vt 0.145721 1.000000
vt 0.125113 1.000000
vt 0.080182 0.419578
vt 0.059707 0.396230
vt 0.104280 0.500000
vt 0.124888 0.500000
vt 0.580422 0.419818
vt 0.603769 0.440293
vt 0.609280 0.433390
vt 0.124888 1.000000
vt 0.104280 1.000000
vt 0.103770 0.440293
vt 0.080422 0.419818
vt 0.083446 0.500000
vt 0.104054 0.500000
vt 0.604038 0.440499
vt 0.629859 0.457752
vt 0.634421 0.450188
vt 0.104054 1.000000
vt 0.083446 1.000000
vt 0.129859 0.457752
vt 0.104039 0.440499
vt 0.062613 0.500000
vt 0.083221 0.500000
vt 0.630152 0.457921
vt 0.658004 0.471656
vt 0.661540 0.463562
vt 0.083221 1.000000
vt 0.062613 1.000000
vt 0.158004 0.471656
vt 0.130152 0.457921
vt 0.041780 0.500000
vt 0.062388 0.500000
vt 0.658317 0.471786
vt 0.687723 0.481768
vt 0.690172 0.473281
vt 0.062388 1.000000
vt 0.041780 1.000000
vt 0.187723 0.481768
vt 0.158317 0.471786
vt 0.020946 0.500000
vt 0.041554 0.500000
vt 0.688050 0.481855
vt 0.718507 0.487914
vt 0.719828 0.479180
vt 0.041554 1.000000
vt 0.020946 1.000000
vt 0.218507 0.487914
vt 0.188050 0.481855
vt 0.000113 0.500000
vt 0.020721 0.500000
vt 0.718843 0.487958
vt 0.749830 0.489989
vt 0.020721 1.000000
vt 0.000113 1.000000
vt 0.249830 0.489989
vt 0.218843 0.487958
s 1
usemtl Optical_blue_glass
f 4316/5341/3940 4319/5342/3941 4037/5343/3942 4034/5344/3943
f 4046/5345/3944 4049/5346/3945 4055/5347/3946 4052/5348/3947
f 4052/5348/3947 4055/5347/3946 4061/5349/3948 4058/5350/3949
f 4058/5350/3949 4061/5349/3948 4067/5351/3950 4064/5352/3951
f 4064/5352/3951 4067/5351/3950 4073/5353/3952 4070/5354/3953
f 4070/5354/3953 4073/5353/3952 4079/5355/3954 4076/5356/3955
f 4076/5356/3955 4079/5355/3954 4085/5357/3956 4082/5358/3957
f 4082/5358/3957 4085/5357/3956 4091/5359/3958 4088/5360/3959
f 4088/5361/3959 4091/5362/3958 4097/5363/3960 4094/5364/3961
f 4094/5364/3961 4097/5363/3960 4103/5365/3962 4100/5366/3963
f 4100/5366/3963 4103/5365/3962 4109/5367/3964 4106/5368/3965
f 4106/5369/3965 4109/5370/3964 4115/5371/3966 4112/5372/3967
f 4112/5372/3967 4115/5371/3966 4121/5373/3968 4118/5374/3969
f 4118/5374/3969 4121/5373/3968 4127/5375/3970 4124/5376/3971
f 4124/5376/3971 4127/5375/3970 4133/5377/3972 4130/5378/3973
f 4130/5378/3973 4133/5377/3972 4139/5379/3974 4136/5380/3975
f 4136/5381/3975 4139/5379/3974 4145/5382/3976 4142/5383/3977
f 4142/5383/3977 4145/5382/3976 4151/5384/3978 4148/5385/3979
f 4148/5385/3979 4151/5384/3978 4157/5386/3980 4154/5387/3981
f 4154/5387/3981 4157/5386/3980 4163/5388/3982 4160/5389/3983
f 4160/5389/3983 4163/5388/3982 4169/5390/3984 4166/5391/3985
f 4166/5391/3985 4169/5390/3984 4175/5392/3986 4172/5393/3987
f 4172/5393/3987 4175/5392/3986 4181/5394/3988 4178/5395/3989
f 4178/5395/3989 4181/5394/3988 4187/5396/3990 4184/5397/3991
f 4184/5397/3991 4187/5396/3990 4193/5398/3992 4190/5399/3993
f 4190/5399/3993 4193/5398/3992 4199/5400/3994 4196/5401/3995
f 4196/5401/3995 4199/5400/3994 4205/5402/3996 4202/5403/3997
f 4202/5403/3997 4205/5404/3996 4211/5405/3998 4208/5406/3999
f 4208/5406/3999 4211/5405/3998 4217/5407/4000 4214/5408/4001
f 4214/5408/4001 4217/5407/4000 4223/5409/4002 4220/5410/4003
f 4220/5410/4003 4223/5411/4002 4229/5412/4004 4226/5413/4005
f 4226/5413/4005 4229/5412/4004 4235/5414/4006 4232/5415/4007
f 4232/5415/4007 4235/5414/4006 4241/5416/4008 4238/5417/4009
f 4238/5417/4009 4241/5416/4008 4247/5418/4010 4244/5419/4011
f 4244/5419/4011 4247/5418/4010 4253/5420/4012 4250/5421/4013
f 4250/5421/4013 4253/5420/4012 4259/5422/4014 4256/5423/4015
f 4256/5423/4015 4259/5424/4014 4265/5425/4016 4262/5426/4017
f 4262/5426/4017 4265/5425/4016 4271/5427/4018 4268/5428/4019
f 4268/5428/4019 4271/5427/4018 4277/5429/4020 4274/5430/4021
f 4274/5430/4021 4277/5431/4020 4283/5432/4022 4280/5433/4023
f 4280/5433/4023 4283/5432/4022 4289/5434/4024 4286/5435/4025
f 4286/5435/4025 4289/5434/4024 4295/5436/4026 4292/5437/4027
f 4292/5437/4027 4295/5436/4026 4301/5438/4028 4298/5439/4029
f 4298/5439/4029 4301/5438/4028 4307/5440/4030 4304/5441/4031
f 4304/5441/4031 4307/5440/4030 4313/5442/4032 4310/5443/4033
f 4310/5443/4033 4313/5442/4032 4319/5342/3941 4316/5341/3940
f 4040/5444/4034 4043/5445/4035 4049/5346/3945 4046/5345/3944
f 4042/5446/4036 4036/5447/4037 4318/5448/4038 4312/5449/4039 4306/5450/4040 4300/5451/4041 4294/5452/4042 4288/5453/4043 4282/5454/4044 4276/5455/4045 4270/5456/4046 4264/5457/4047 4258/5458/4048 4252/5459/4049 4246/5460/4050 4240/5461/4051 4234/5462/4052 4228/5463/4053 4222/5464/4054 4216/5465/4055 4210/5466/4056 4204/5467/4057 4198/5468/4058 4192/5469/4059 4186/5470/4060 4180/5471/4061 4174/5472/4062 4168/5473/4063 4162/5474/4064 4156/5475/4065 4150/5476/4066 4144/5477/4067 4138/5478/4068 4132/5479/4069 4126/5480/4070 4120/5481/4071 4114/5482/4072 4108/5483/4073 4102/5484/4074 4096/5485/4075 4090/5486/4076 4084/5487/4077 4078/5488/4078 4072/5489/4079 4066/5490/4080 4060/5491/4081 4054/5492/4082 4048/5493/4083
f 4034/5494/3943 4037/5495/3942 4043/5496/4035 4040/5444/4034
f 4034/5494/3943 4040/5444/4034 4041/5497/4084 4035/5498/4085
f 4035/5499/4085 4041/5500/4084 4039/5501/4086 4033/5502/4087
f 4043/5496/4035 4037/5495/3942 4038/5503/4088 4044/5504/4089
f 4044/5505/4089 4038/5506/4088 4036/5447/4037 4042/5446/4036
f 4040/5444/4034 4046/5345/3944 4047/5507/4090 4041/5508/4084
f 4041/5509/4084 4047/5510/4090 4045/5511/4091 4039/5501/4086
f 4049/5346/3945 4043/5445/4035 4044/5512/4089 4050/5513/4092
f 4050/5514/4092 4044/5515/4089 4042/5446/4036 4048/5493/4083
f 4046/5345/3944 4052/5348/3947 4053/5516/4093 4047/5517/4090
f 4047/5518/4090 4053/5519/4093 4051/5520/4094 4045/5511/4091
f 4055/5347/3946 4049/5346/3945 4050/5521/4092 4056/5522/4095
f 4056/5523/4095 4050/5524/4092 4048/5493/4083 4054/5492/4082
f 4052/5348/3947 4058/5350/3949 4059/5525/4096 4053/5526/4093
f 4053/5527/4093 4059/5528/4096 4057/5529/4097 4051/5520/4094
f 4061/5349/3948 4055/5347/3946 4056/5530/4095 4062/5531/4098
f 4062/5532/4098 4056/5533/4095 4054/5492/4082 4060/5491/4081
f 4058/5350/3949 4064/5352/3951 4065/5534/4099 4059/5535/4096
f 4059/5536/4096 4065/5537/4099 4063/5538/4100 4057/5529/4097
f 4067/5351/3950 4061/5349/3948 4062/5539/4098 4068/5540/4101
f 4068/5541/4101 4062/5542/4098 4060/5491/4081 4066/5490/4080
f 4064/5352/3951 4070/5354/3953 4071/5543/4102 4065/5544/4099
f 4065/5545/4099 4071/5546/4102 4069/5547/4103 4063/5538/4100
f 4073/5353/3952 4067/5351/3950 4068/5548/4101 4074/5549/4104
f 4074/5550/4104 4068/5551/4101 4066/5490/4080 4072/5489/4079
f 4070/5354/3953 4076/5356/3955 4077/5552/4105 4071/5553/4102
f 4071/5554/4102 4077/5555/4105 4075/5556/4106 4069/5547/4103
f 4079/5355/3954 4073/5353/3952 4074/5557/4104 4080/5558/4107
f 4080/5559/4107 4074/5560/4104 4072/5489/4079 4078/5488/4078
f 4076/5356/3955 4082/5358/3957 4083/5561/4108 4077/5562/4105
f 4077/5563/4105 4083/5564/4108 4081/5565/4109 4075/5556/4106
f 4085/5357/3956 4079/5355/3954 4080/5566/4107 4086/5567/4110
f 4086/5568/4110 4080/5569/4107 4078/5488/4078 4084/5487/4077
f 4082/5358/3957 4088/5360/3959 4089/5570/4111 4083/5571/4108
f 4083/5572/4108 4089/5573/4111 4087/5574/4112 4081/5565/4109
f 4091/5359/3958 4085/5357/3956 4086/5575/4110 4092/5576/4113
f 4092/5577/4113 4086/5578/4110 4084/5487/4077 4090/5486/4076
f 4088/5361/3959 4094/5364/3961 4095/5579/4114 4089/5580/4111
f 4089/5581/4111 4095/5582/4114 4093/5583/4115 4087/5574/4112
f 4097/5363/3960 4091/5362/3958 4092/5584/4113 4098/5585/4116
f 4098/5586/4116 4092/5587/4113 4090/5486/4076 4096/5485/4075
f 4094/5364/3961 4100/5366/3963 4101/5588/4117 4095/5589/4114
f 4095/5590/4114 4101/5591/4117 4099/5592/4118 4093/5583/4115
f 4103/5365/3962 4097/5363/3960 4098/5593/4116 4104/5594/4119
f 4104/5595/4119 4098/5596/4116 4096/5485/4075 4102/5484/4074
f 4100/5366/3963 4106/5368/3965 4107/5597/4120 4101/5598/4117
f 4101/5599/4117 4107/5600/4120 4105/5601/4121 4099/5592/4118
f 4109/5367/3964 4103/5365/3962 4104/5602/4119 4110/5603/4122
f 4110/5604/4122 4104/5605/4119 4102/5484/4074 4108/5483/4073
f 4106/5369/3965 4112/5372/3967 4113/5606/4123 4107/5607/4120
f 4107/5608/4120 4113/5609/4123 4111/5610/4124 4105/5601/4121
f 4115/5371/3966 4109/5370/3964 4110/5611/4122 4116/5612/4125
f 4116/5613/4125 4110/5614/4122 4108/5483/4073 4114/5482/4072
f 4112/5372/3967 4118/5374/3969 4119/5615/4126 4113/5616/4123
f 4113/5617/4123 4119/5618/4126 4117/5619/4127 4111/5610/4124
f 4121/5373/3968 4115/5371/3966 4116/5620/4125 4122/5621/4128
f 4122/5622/4128 4116/5623/4125 4114/5482/4072 4120/5481/4071
f 4118/5374/3969 4124/5376/3971 4125/5624/4129 4119/5625/4126
f 4119/5626/4126 4125/5627/4129 4123/5628/4130 4117/5619/4127
f 4127/5375/3970 4121/5373/3968 4122/5629/4128 4128/5630/4131
f 4128/5631/4131 4122/5632/4128 4120/5481/4071 4126/5480/4070
f 4124/5376/3971 4130/5378/3973 4131/5633/4132 4125/5634/4129
f 4125/5635/4129 4131/5636/4132 4129/5637/4133 4123/5628/4130
f 4133/5377/3972 4127/5375/3970 4128/5638/4131 4134/5639/4134
f 4134/5640/4134 4128/5641/4131 4126/5480/4070 4132/5479/4069
f 4130/5378/3973 4136/5380/3975 4137/5642/4135 4131/5643/4132
f 4131/5644/4132 4137/5645/4135 4135/5646/4136 4129/5637/4133
f 4139/5379/3974 4133/5377/3972 4134/5647/4134 4140/5648/4137
f 4140/5649/4137 4134/5650/4134 4132/5479/4069 4138/5478/4068
f 4136/5381/3975 4142/5383/3977 4143/5651/4138 4137/5652/4135
f 4137/5653/4135 4143/5654/4138 4141/5655/4139 4135/5646/4136
f 4145/5382/3976 4139/5379/3974 4140/5656/4137 4146/5657/4140
f 4146/5658/4140 4140/5659/4137 4138/5478/4068 4144/5477/4067
f 4142/5383/3977 4148/5385/3979 4149/5660/4141 4143/5661/4138
f 4143/5662/4138 4149/5663/4141 4147/5664/4142 4141/5655/4139
f 4151/5384/3978 4145/5382/3976 4146/5665/4140 4152/5666/4143
f 4152/5667/4143 4146/5668/4140 4144/5477/4067 4150/5476/4066
f 4148/5385/3979 4154/5387/3981 4155/5669/4144 4149/5670/4141
f 4149/5671/4141 4155/5672/4144 4153/5673/4145 4147/5664/4142
f 4157/5386/3980 4151/5384/3978 4152/5674/4143 4158/5675/4146
f 4158/5676/4146 4152/5677/4143 4150/5476/4066 4156/5475/4065
f 4154/5387/3981 4160/5389/3983 4161/5678/4147 4155/5679/4144
f 4155/5680/4144 4161/5681/4147 4159/5682/4148 4153/5673/4145
f 4163/5388/3982 4157/5386/3980 4158/5683/4146 4164/5684/4149
f 4164/5685/4149 4158/5686/4146 4156/5475/4065 4162/5474/4064
f 4160/5389/3983 4166/5391/3985 4167/5687/4150 4161/5688/4147
f 4161/5689/4147 4167/5690/4150 4165/5691/4151 4159/5682/4148
f 4169/5390/3984 4163/5388/3982 4164/5692/4149 4170/5693/4152
f 4170/5694/4152 4164/5695/4149 4162/5474/4064 4168/5473/4063
f 4166/5391/3985 4172/5393/3987 4173/5696/4153 4167/5697/4150
f 4167/5698/4150 4173/5699/4153 4171/5700/4154 4165/5691/4151
f 4175/5392/3986 4169/5390/3984 4170/5701/4152 4176/5702/4155
f 4176/5703/4155 4170/5704/4152 4168/5473/4063 4174/5472/4062
f 4172/5393/3987 4178/5395/3989 4179/5705/4156 4173/5706/4153
f 4173/5707/4153 4179/5708/4156 4177/5709/4157 4171/5700/4154
f 4181/5394/3988 4175/5392/3986 4176/5710/4155 4182/5711/4158
f 4182/5712/4158 4176/5713/4155 4174/5472/4062 4180/5471/4061
f 4178/5395/3989 4184/5397/3991 4185/5714/4159 4179/5715/4156
f 4179/5716/4156 4185/5717/4159 4183/5718/4160 4177/5709/4157
f 4187/5396/3990 4181/5394/3988 4182/5719/4158 4188/5720/4161
f 4188/5721/4161 4182/5722/4158 4180/5471/4061 4186/5470/4060
f 4184/5397/3991 4190/5399/3993 4191/5723/4162 4185/5724/4159
f 4185/5725/4159 4191/5726/4162 4189/5727/4163 4183/5718/4160
f 4193/5398/3992 4187/5396/3990 4188/5728/4161 4194/5729/4164
f 4194/5730/4164 4188/5731/4161 4186/5470/4060 4192/5469/4059
f 4190/5399/3993 4196/5401/3995 4197/5732/4165 4191/5733/4162
f 4191/5734/4162 4197/5735/4165 4195/5736/4166 4189/5727/4163
f 4199/5400/3994 4193/5398/3992 4194/5737/4164 4200/5738/4167
f 4200/5739/4167 4194/5740/4164 4192/5469/4059 4198/5468/4058
f 4196/5401/3995 4202/5403/3997 4203/5741/4168 4197/5742/4165
f 4197/5743/4165 4203/5744/4168 4201/5745/4169 4195/5736/4166
f 4205/5402/3996 4199/5400/3994 4200/5746/4167 4206/5747/4170
f 4206/5748/4170 4200/5749/4167 4198/5468/4058 4204/5467/4057
f 4202/5403/3997 4208/5406/3999 4209/5750/4171 4203/5751/4168
f 4203/5752/4168 4209/5753/4171 4207/5754/4172 4201/5745/4169
f 4211/5405/3998 4205/5404/3996 4206/5755/4170 4212/5756/4173
f 4212/5757/4173 4206/5758/4170 4204/5467/4057 4210/5466/4056
f 4208/5406/3999 4214/5408/4001 4215/5759/4174 4209/5760/4171
f 4209/5761/4171 4215/5762/4174 4213/5763/4175 4207/5754/4172
f 4217/5407/4000 4211/5405/3998 4212/5764/4173 4218/5765/4176
f 4218/5766/4176 4212/5767/4173 4210/5466/4056 4216/5465/4055
f 4214/5408/4001 4220/5410/4003 4221/5768/4177 4215/5769/4174
f 4215/5770/4174 4221/5771/4177 4219/5772/4178 4213/5763/4175
f 4223/5409/4002 4217/5407/4000 4218/5773/4176 4224/5774/4179
f 4224/5775/4179 4218/5776/4176 4216/5465/4055 4222/5464/4054
f 4220/5410/4003 4226/5413/4005 4227/5777/4180 4221/5778/4177
f 4221/5779/4177 4227/5780/4180 4225/5781/4181 4219/5772/4178
f 4229/5412/4004 4223/5411/4002 4224/5782/4179 4230/5783/4182
f 4230/5784/4182 4224/5785/4179 4222/5464/4054 4228/5463/4053
f 4226/5413/4005 4232/5415/4007 4233/5786/4183 4227/5787/4180
f 4227/5788/4180 4233/5789/4183 4231/5790/4184 4225/5781/4181
f 4235/5414/4006 4229/5412/4004 4230/5791/4182 4236/5792/4185
f 4236/5793/4185 4230/5794/4182 4228/5463/4053 4234/5462/4052
f 4232/5415/4007 4238/5417/4009 4239/5795/4186 4233/5796/4183
f 4233/5797/4183 4239/5798/4186 4237/5799/4187 4231/5790/4184
f 4241/5416/4008 4235/5414/4006 4236/5800/4185 4242/5801/4188
f 4242/5802/4188 4236/5803/4185 4234/5462/4052 4240/5461/4051
f 4238/5417/4009 4244/5419/4011 4245/5804/4189 4239/5805/4186
f 4239/5806/4186 4245/5807/4189 4243/5808/4190 4237/5799/4187
f 4247/5418/4010 4241/5416/4008 4242/5809/4188 4248/5810/4191
f 4248/5811/4191 4242/5812/4188 4240/5461/4051 4246/5460/4050
f 4244/5419/4011 4250/5421/4013 4251/5813/4192 4245/5814/4189
f 4245/5815/4189 4251/5816/4192 4249/5817/4193 4243/5808/4190
f 4253/5420/4012 4247/5418/4010 4248/5818/4191 4254/5819/4194
f 4254/5820/4194 4248/5821/4191 4246/5460/4050 4252/5459/4049
f 4250/5421/4013 4256/5423/4015 4257/5822/4195 4251/5823/4192
f 4251/5824/4192 4257/5825/4195 4255/5826/4196 4249/5817/4193
f 4259/5422/4014 4253/5420/4012 4254/5827/4194 4260/5828/4197
f 4260/5829/4197 4254/5830/4194 4252/5459/4049 4258/5458/4048
f 4256/5423/4015 4262/5426/4017 4263/5831/4198 4257/5832/4195
f 4257/5833/4195 4263/5834/4198 4261/5835/4199 4255/5826/4196
f 4265/5425/4016 4259/5424/4014 4260/5836/4197 4266/5837/4200
f 4266/5838/4200 4260/5839/4197 4258/5458/4048 4264/5457/4047
f 4262/5426/4017 4268/5428/4019 4269/5840/4201 4263/5841/4198
f 4263/5842/4198 4269/5843/4201 4267/5844/4202 4261/5835/4199
f 4271/5427/4018 4265/5425/4016 4266/5845/4200 4272/5846/4203
f 4272/5847/4203 4266/5848/4200 4264/5457/4047 4270/5456/4046
f 4268/5428/4019 4274/5430/4021 4275/5849/4204 4269/5850/4201
f 4269/5851/4201 4275/5852/4204 4273/5853/4205 4267/5844/4202
f 4277/5429/4020 4271/5427/4018 4272/5854/4203 4278/5855/4206
f 4278/5856/4206 4272/5857/4203 4270/5456/4046 4276/5455/4045
f 4274/5430/4021 4280/5433/4023 4281/5858/4207 4275/5859/4204
f 4275/5860/4204 4281/5861/4207 4279/5862/4208 4273/5853/4205
f 4283/5432/4022 4277/5431/4020 4278/5863/4206 4284/5864/4209
f 4284/5865/4209 4278/5866/4206 4276/5455/4045 4282/5454/4044
f 4280/5433/4023 4286/5435/4025 4287/5867/4210 4281/5868/4207
f 4281/5869/4207 4287/5870/4210 4285/5871/4211 4279/5862/4208
f 4289/5434/4024 4283/5432/4022 4284/5872/4209 4290/5873/4212
f 4290/5874/4212 4284/5875/4209 4282/5454/4044 4288/5453/4043
f 4286/5435/4025 4292/5437/4027 4293/5876/4213 4287/5877/4210
f 4287/5878/4210 4293/5879/4213 4291/5880/4214 4285/5871/4211
f 4295/5436/4026 4289/5434/4024 4290/5881/4212 4296/5882/4215
f 4296/5883/4215 4290/5884/4212 4288/5453/4043 4294/5452/4042
f 4292/5437/4027 4298/5439/4029 4299/5885/4216 4293/5886/4213
f 4293/5887/4213 4299/5888/4216 4297/5889/4217 4291/5880/4214
f 4301/5438/4028 4295/5436/4026 4296/5890/4215 4302/5891/4218
f 4302/5892/4218 4296/5893/4215 4294/5452/4042 4300/5451/4041
f 4298/5439/4029 4304/5441/4031 4305/5894/4219 4299/5895/4216
f 4299/5896/4216 4305/5897/4219 4303/5898/4220 4297/5889/4217
f 4307/5440/4030 4301/5438/4028 4302/5899/4218 4308/5900/4221
f 4308/5901/4221 4302/5902/4218 4300/5451/4041 4306/5450/4040
f 4304/5441/4031 4310/5443/4033 4311/5903/4222 4305/5904/4219
f 4305/5905/4219 4311/5906/4222 4309/5907/4223 4303/5898/4220
f 4313/5442/4032 4307/5440/4030 4308/5908/4221 4314/5909/4224
f 4314/5910/4224 4308/5911/4221 4306/5450/4040 4312/5449/4039
f 4310/5443/4033 4316/5341/3940 4317/5912/4225 4311/5913/4222
f 4311/5914/4222 4317/5915/4225 4315/5916/4226 4309/5907/4223
f 4319/5342/3941 4313/5442/4032 4314/5917/4224 4320/5918/4227
f 4320/5919/4227 4314/5920/4224 4312/5449/4039 4318/5448/4038
f 4316/5341/3940 4034/5344/3943 4035/5921/4085 4317/5922/4225
f 4317/5923/4225 4035/5924/4085 4033/5502/4087 4315/5916/4226
f 4037/5343/3942 4319/5342/3941 4320/5925/4227 4038/5926/4088
f 4038/5927/4088 4320/5928/4227 4318/5448/4038 4036/5447/4037
f 4033/5502/4087 4039/5501/4086 4045/5511/4091 4051/5520/4094 4057/5529/4097 4063/5538/4100 4069/5547/4103 4075/5556/4106 4081/5565/4109 4087/5574/4112 4093/5583/4115 4099/5592/4118 4105/5601/4121 4111/5610/4124 4117/5619/4127 4123/5628/4130 4129/5637/4133 4135/5646/4136 4141/5655/4139 4147/5664/4142 4153/5673/4145 4159/5682/4148 4165/5691/4151 4171/5700/4154 4177/5709/4157 4183/5718/4160 4189/5727/4163 4195/5736/4166 4201/5745/4169 4207/5754/4172 4213/5763/4175 4219/5772/4178 4225/5781/4181 4231/5790/4184 4237/5799/4187 4243/5808/4190 4249/5817/4193 4255/5826/4196 4261/5835/4199 4267/5844/4202 4273/5853/4205 4279/5862/4208 4285/5871/4211 4291/5880/4214 4297/5889/4217 4303/5898/4220 4309/5907/4223 4315/5916/4226
o Blue_optical_element
v -0.025000 0.390549 0.143000
v -0.025000 0.390800 0.143250
v -0.025000 0.390726 0.143073
v -0.025000 0.390549 0.145000
v -0.025000 0.390800 0.144750
v -0.025000 0.390726 0.144927
v -0.024145 0.390493 0.143000
v -0.024112 0.390742 0.143250
v -0.024122 0.390669 0.143073
v -0.024145 0.390493 0.145000
v -0.024112 0.390742 0.144750
v -0.024122 0.390669 0.144927
v -0.023305 0.390326 0.143000
v -0.023240 0.390568 0.143250
v -0.023259 0.390497 0.143073
v -0.023305 0.390326 0.145000
v -0.023240 0.390568 0.144750
v -0.023259 0.390497 0.144927
v -0.022494 0.390051 0.143000
v -0.022398 0.390282 0.143250
v -0.022426 0.390214 0.143073
v -0.022494 0.390051 0.145000
v -0.022398 0.390282 0.144750
v -0.022426 0.390214 0.144927
v -0.021725 0.389672 0.143000
v -0.021600 0.389889 0.143250
v -0.021637 0.389825 0.143073
v -0.021725 0.389672 0.145000
v -0.021600 0.389889 0.144750
v -0.021637 0.389825 0.144927
v -0.021013 0.389196 0.143000
v -0.020860 0.389395 0.143250
v -0.020905 0.389336 0.143073
v -0.021013 0.389196 0.145000
v -0.020860 0.389395 0.144750
v -0.020905 0.389336 0.144927
v -0.020369 0.388631 0.143000
v -0.020192 0.388808 0.143250
v -0.020244 0.388756 0.143073
v -0.020369 0.388631 0.145000
v -0.020192 0.388808 0.144750
v -0.020244 0.388756 0.144927
v -0.019804 0.387987 0.143000
v -0.019605 0.388140 0.143250
v -0.019664 0.388095 0.143073
v -0.019804 0.387987 0.145000
v -0.019605 0.388140 0.144750
v -0.019664 0.388095 0.144927
v -0.019328 0.387275 0.143000
v -0.019111 0.387400 0.143250
v -0.019175 0.387363 0.143073
v -0.019328 0.387275 0.145000
v -0.019111 0.387400 0.144750
v -0.019175 0.387363 0.144927
v -0.018949 0.386506 0.143000
v -0.018718 0.386602 0.143250
v -0.018786 0.386574 0.143073
v -0.018949 0.386506 0.145000
v -0.018718 0.386602 0.144750
v -0.018786 0.386574 0.144927
v -0.018674 0.385695 0.143000
v -0.018432 0.385760 0.143250
v -0.018503 0.385741 0.143073
v -0.018674 0.385695 0.145000
v -0.018432 0.385760 0.144750
v -0.018503 0.385741 0.144927
v -0.018507 0.384855 0.143000
v -0.018258 0.384888 0.143250
v -0.018331 0.384878 0.143073
v -0.018507 0.384855 0.145000
v -0.018258 0.384888 0.144750
v -0.018331 0.384878 0.144927
v -0.018451 0.384000 0.143000
v -0.018200 0.384000 0.143250
v -0.018274 0.384000 0.143073
v -0.018451 0.384000 0.145000
v -0.018200 0.384000 0.144750
v -0.018274 0.384000 0.144927
v -0.018507 0.383145 0.143000
v -0.018258 0.383112 0.143250
v -0.018331 0.383122 0.143073
v -0.018507 0.383145 0.145000
v -0.018258 0.383112 0.144750
v -0.018331 0.383122 0.144927
v -0.018674 0.382305 0.143000
v -0.018432 0.382240 0.143250
v -0.018503 0.382259 0.143073
v -0.018674 0.382305 0.145000
v -0.018432 0.382240 0.144750
v -0.018503 0.382259 0.144927
v -0.018949 0.381494 0.143000
v -0.018718 0.381398 0.143250
v -0.018786 0.381426 0.143073
v -0.018949 0.381494 0.145000
v -0.018718 0.381398 0.144750
v -0.018786 0.381426 0.144927
v -0.019328 0.380725 0.143000
v -0.019111 0.380600 0.143250
v -0.019175 0.380637 0.143073
v -0.019328 0.380725 0.145000
v -0.019111 0.380600 0.144750
v -0.019175 0.380637 0.144927
v -0.019804 0.380013 0.143000
v -0.019605 0.379860 0.143250
v -0.019664 0.379905 0.143073
v -0.019804 0.380013 0.145000
v -0.019605 0.379860 0.144750
v -0.019664 0.379905 0.144927
v -0.020369 0.379369 0.143000
v -0.020192 0.379192 0.143250
v -0.020244 0.379244 0.143073
v -0.020369 0.379369 0.145000
v -0.020192 0.379192 0.144750
v -0.020244 0.379244 0.144927
v -0.021013 0.378804 0.143000
v -0.020860 0.378605 0.143250
v -0.020905 0.378664 0.143073
v -0.021013 0.378804 0.145000
v -0.020860 0.378605 0.144750
v -0.020905 0.378664 0.144927
v -0.021725 0.378328 0.143000
v -0.021600 0.378111 0.143250
v -0.021637 0.378175 0.143073
v -0.021725 0.378328 0.145000
v -0.021600 0.378111 0.144750
v -0.021637 0.378175 0.144927
v -0.022494 0.377949 0.143000
v -0.022398 0.377718 0.143250
v -0.022426 0.377786 0.143073
v -0.022494 0.377949 0.145000
v -0.022398 0.377718 0.144750
v -0.022426 0.377786 0.144927
v -0.023305 0.377674 0.143000
v -0.023240 0.377432 0.143250
v -0.023259 0.377503 0.143073
v -0.023305 0.377674 0.145000
v -0.023240 0.377432 0.144750
v -0.023259 0.377503 0.144927
v -0.024145 0.377507 0.143000
v -0.024112 0.377258 0.143250
v -0.024122 0.377331 0.143073
v -0.024145 0.377507 0.145000
v -0.024112 0.377258 0.144750
v -0.024122 0.377331 0.144927
v -0.025000 0.377451 0.143000
v -0.025000 0.377200 0.143250
v -0.025000 0.377274 0.143073
v -0.025000 0.377451 0.145000
v -0.025000 0.377200 0.144750
v -0.025000 0.377274 0.144927
v -0.025855 0.377507 0.143000
v -0.025888 0.377258 0.143250
v -0.025878 0.377331 0.143073
v -0.025855 0.377507 0.145000
v -0.025888 0.377258 0.144750
v -0.025878 0.377331 0.144927
v -0.026695 0.377674 0.143000
v -0.026760 0.377432 0.143250
v -0.026741 0.377503 0.143073
v -0.026695 0.377674 0.145000
v -0.026760 0.377432 0.144750
v -0.026741 0.377503 0.144927
v -0.027506 0.377949 0.143000
v -0.027602 0.377718 0.143250
v -0.027574 0.377786 0.143073
v -0.027506 0.377949 0.145000
v -0.027602 0.377718 0.144750
v -0.027574 0.377786 0.144927
v -0.028275 0.378328 0.143000
v -0.028400 0.378111 0.143250
v -0.028363 0.378175 0.143073
v -0.028275 0.378328 0.145000
v -0.028400 0.378111 0.144750
v -0.028363 0.378175 0.144927
v -0.028987 0.378804 0.143000
v -0.029140 0.378605 0.143250
v -0.029095 0.378664 0.143073
v -0.028987 0.378804 0.145000
v -0.029140 0.378605 0.144750
v -0.029095 0.378664 0.144927
v -0.029631 0.379369 0.143000
v -0.029808 0.379192 0.143250
v -0.029756 0.379244 0.143073
v -0.029631 0.379369 0.145000
v -0.029808 0.379192 0.144750
v -0.029756 0.379244 0.144927
v -0.030196 0.380013 0.143000
v -0.030395 0.379860 0.143250
v -0.030336 0.379905 0.143073
v -0.030196 0.380013 0.145000
v -0.030395 0.379860 0.144750
v -0.030336 0.379905 0.144927
v -0.030672 0.380725 0.143000
v -0.030889 0.380600 0.143250
v -0.030825 0.380637 0.143073
v -0.030672 0.380725 0.145000
v -0.030889 0.380600 0.144750
v -0.030825 0.380637 0.144927
v -0.031051 0.381494 0.143000
v -0.031282 0.381398 0.143250
v -0.031214 0.381426 0.143073
v -0.031051 0.381494 0.145000
v -0.031282 0.381398 0.144750
v -0.031214 0.381426 0.144927
v -0.031326 0.382305 0.143000
v -0.031568 0.382240 0.143250
v -0.031497 0.382259 0.143073
v -0.031326 0.382305 0.145000
v -0.031568 0.382240 0.144750
v -0.031497 0.382259 0.144927
v -0.031493 0.383145 0.143000
v -0.031742 0.383112 0.143250
v -0.031669 0.383122 0.143073
v -0.031493 0.383145 0.145000
v -0.031742 0.383112 0.144750
v -0.031669 0.383122 0.144927
v -0.031549 0.384000 0.143000
v -0.031800 0.384000 0.143250
v -0.031726 0.384000 0.143073
v -0.031549 0.384000 0.145000
v -0.031800 0.384000 0.144750
v -0.031726 0.384000 0.144927
v -0.031493 0.384855 0.143000
v -0.031742 0.384888 0.143250
v -0.031669 0.384878 0.143073
v -0.031493 0.384855 0.145000
v -0.031742 0.384888 0.144750
v -0.031669 0.384878 0.144927
v -0.031326 0.385695 0.143000
v -0.031568 0.385760 0.143250
v -0.031497 0.385741 0.143073
v -0.031326 0.385695 0.145000
v -0.031568 0.385760 0.144750
v -0.031497 0.385741 0.144927
v -0.031051 0.386506 0.143000
v -0.031282 0.386602 0.143250
v -0.031214 0.386574 0.143073
v -0.031051 0.386506 0.145000
v -0.031282 0.386602 0.144750
v -0.031214 0.386574 0.144927
v -0.030672 0.387275 0.143000
v -0.030889 0.387400 0.143250
v -0.030825 0.387363 0.143073
v -0.030672 0.387275 0.145000
v -0.030889 0.387400 0.144750
v -0.030825 0.387363 0.144927
v -0.030196 0.387987 0.143000
v -0.030395 0.388140 0.143250
v -0.030336 0.388095 0.143073
v -0.030196 0.387987 0.145000
v -0.030395 0.388140 0.144750
v -0.030336 0.388095 0.144927
v -0.029631 0.388631 0.143000
v -0.029808 0.388808 0.143250
v -0.029756 0.388756 0.143073
v -0.029631 0.388631 0.145000
v -0.029808 0.388808 0.144750
v -0.029756 0.388756 0.144927
v -0.028987 0.389196 0.143000
v -0.029140 0.389395 0.143250
v -0.029095 0.389336 0.143073
v -0.028987 0.389196 0.145000
v -0.029140 0.389395 0.144750
v -0.029095 0.389336 0.144927
v -0.028275 0.389672 0.143000
v -0.028400 0.389889 0.143250
v -0.028363 0.389825 0.143073
v -0.028275 0.389672 0.145000
v -0.028400 0.389889 0.144750
v -0.028363 0.389825 0.144927
v -0.027506 0.390051 0.143000
v -0.027602 0.390282 0.143250
v -0.027574 0.390214 0.143073
v -0.027506 0.390051 0.145000
v -0.027602 0.390282 0.144750
v -0.027574 0.390214 0.144927
v -0.026695 0.390326 0.143000
v -0.026760 0.390568 0.143250
v -0.026741 0.390497 0.143073
v -0.026695 0.390326 0.145000
v -0.026760 0.390568 0.144750
v -0.026741 0.390497 0.144927
v -0.025855 0.390493 0.143000
v -0.025888 0.390742 0.143250
v -0.025878 0.390669 0.143073
v -0.025855 0.390493 0.145000
v -0.025888 0.390742 0.144750
v -0.025878 0.390669 0.144927
vn -0.1304 0.9905 -0.0437
vn -0.1304 0.9905 0.0437
vn -0.0000 0.9990 0.0437
vn -0.0000 0.9990 -0.0437
vn 0.2586 0.9650 -0.0437
vn 0.2586 0.9650 0.0437
vn 0.3823 0.9230 0.0437
vn 0.3823 0.9230 -0.0437
vn 0.4995 0.8652 0.0437
vn 0.4995 0.8652 -0.0437
vn 0.6082 0.7926 0.0437
vn 0.6082 0.7926 -0.0437
vn 0.7064 0.7064 0.0437
vn 0.7064 0.7064 -0.0437
vn 0.7926 0.6082 0.0437
vn 0.7926 0.6082 -0.0437
vn 0.8652 0.4995 0.0437
vn 0.8652 0.4995 -0.0437
vn 0.9230 0.3823 0.0437
vn 0.9230 0.3823 -0.0437
vn 0.9650 0.2586 0.0437
vn 0.9650 0.2586 -0.0437
vn 0.9905 0.1304 0.0437
vn 0.9905 0.1304 -0.0437
vn 0.9990 -0.0000 0.0437
vn 0.9990 -0.0000 -0.0437
vn 0.9905 -0.1304 0.0437
vn 0.9905 -0.1304 -0.0437
vn 0.9650 -0.2586 0.0437
vn 0.9650 -0.2586 -0.0437
vn 0.9230 -0.3823 0.0437
vn 0.9230 -0.3823 -0.0437
vn 0.8652 -0.4995 0.0437
vn 0.8652 -0.4995 -0.0437
vn 0.7926 -0.6082 0.0437
vn 0.7926 -0.6082 -0.0437
vn 0.7064 -0.7064 0.0437
vn 0.7064 -0.7064 -0.0437
vn 0.6082 -0.7926 0.0437
vn 0.6082 -0.7926 -0.0437
vn 0.4995 -0.8652 0.0437
vn 0.4995 -0.8652 -0.0437
vn 0.3823 -0.9230 0.0437
vn 0.3823 -0.9230 -0.0437
vn 0.2586 -0.9650 0.0437
vn 0.2586 -0.9650 -0.0437
vn 0.1304 -0.9905 0.0437
vn 0.1304 -0.9905 -0.0437
vn -0.0000 -0.9990 0.0437
vn -0.0000 -0.9990 -0.0437
vn -0.1304 -0.9905 0.0437
vn -0.1304 -0.9905 -0.0437
vn -0.2586 -0.9650 0.0437
vn -0.2586 -0.9650 -0.0437
vn -0.3823 -0.9230 0.0437
vn -0.3823 -0.9230 -0.0437
vn -0.4995 -0.8652 0.0437
vn -0.4995 -0.8652 -0.0437
vn -0.6082 -0.7926 0.0437
vn -0.6082 -0.7926 -0.0437
vn -0.7064 -0.7064 0.0437
vn -0.7064 -0.7064 -0.0437
vn -0.7926 -0.6082 0.0437
vn -0.7926 -0.6082 -0.0437
vn -0.8652 -0.4995 0.0437
vn -0.8652 -0.4995 -0.0437
vn -0.9230 -0.3823 0.0437
vn -0.9230 -0.3823 -0.0437
vn -0.9650 -0.2586 0.0437
vn -0.9650 -0.2586 -0.0437
vn -0.9905 -0.1304 0.0437
vn -0.9905 -0.1304 -0.0437
vn -0.9990 -0.0000 0.0437
vn -0.9990 -0.0000 -0.0437
vn -0.9905 0.1304 0.0437
vn -0.9905 0.1304 -0.0437
vn -0.9650 0.2586 0.0437
vn -0.9650 0.2586 -0.0437
vn -0.9230 0.3823 0.0437
vn -0.9230 0.3823 -0.0437
vn -0.8652 0.4995 0.0437
vn -0.8652 0.4995 -0.0437
vn -0.7926 0.6082 0.0437
vn -0.7926 0.6082 -0.0437
vn -0.7064 0.7064 0.0437
vn -0.7064 0.7064 -0.0437
vn -0.6082 0.7926 0.0437
vn -0.6082 0.7926 -0.0437
vn -0.4995 0.8652 0.0437
vn -0.4995 0.8652 -0.0437
vn -0.3823 0.9230 0.0437
vn -0.3823 0.9230 -0.0437
vn -0.2586 0.9650 0.0437
vn -0.2586 0.9650 -0.0437
vn 0.1304 0.9905 -0.0437
vn 0.1304 0.9905 0.0437
vn 0.0001 0.0010 1.0000
vn -0.0000 0.0010 1.0000
vn -0.0001 0.0010 1.0000
vn -0.0002 0.0010 1.0000
vn -0.0004 0.0009 1.0000
vn -0.0005 0.0009 1.0000
vn -0.0006 0.0008 1.0000
vn -0.0007 0.0007 1.0000
vn -0.0008 0.0006 1.0000
vn -0.0008 0.0005 1.0000
vn -0.0009 0.0004 1.0000
vn -0.0010 0.0003 1.0000
vn -0.0010 0.0001 1.0000
vn -0.0010 -0.0000 1.0000
vn -0.0010 -0.0001 1.0000
vn -0.0010 -0.0002 1.0000
vn -0.0009 -0.0004 1.0000
vn -0.0009 -0.0005 1.0000
vn -0.0008 -0.0006 1.0000
vn -0.0007 -0.0007 1.0000
vn -0.0006 -0.0008 1.0000
vn -0.0005 -0.0008 1.0000
vn -0.0004 -0.0009 1.0000
vn -0.0003 -0.0010 1.0000
vn -0.0001 -0.0010 1.0000
vn -0.0000 -0.0010 1.0000
vn 0.0001 -0.0010 1.0000
vn 0.0002 -0.0010 1.0000
vn 0.0004 -0.0009 1.0000
vn 0.0005 -0.0009 1.0000
vn 0.0006 -0.0008 1.0000
vn 0.0007 -0.0007 1.0000
vn 0.0008 -0.0006 1.0000
vn 0.0008 -0.0005 1.0000
vn 0.0009 -0.0004 1.0000
vn 0.0010 -0.0003 1.0000
vn 0.0010 -0.0001 1.0000
vn 0.0010 -0.0000 1.0000
vn 0.0010 0.0001 1.0000
vn 0.0010 0.0002 1.0000
vn 0.0009 0.0004 1.0000
vn 0.0009 0.0005 1.0000
vn 0.0008 0.0006 1.0000
vn 0.0007 0.0007 1.0000
vn 0.0006 0.0008 1.0000
vn 0.0005 0.0008 1.0000
vn 0.0004 0.0009 1.0000
vn 0.0003 0.0010 1.0000
vn 0.0932 0.7080 -0.7000
vn -0.0000 0.7141 -0.7000
vn 0.0001 0.0010 -1.0000
vn -0.0000 0.0010 -1.0000
vn -0.0000 0.7141 0.7000
vn 0.0932 0.7080 0.7000
vn 0.1848 0.6898 -0.7000
vn 0.0003 0.0009 -1.0000
vn 0.1848 0.6898 0.7000
vn 0.2733 0.6598 -0.7000
vn 0.0004 0.0009 -1.0000
vn 0.2733 0.6598 0.7000
vn 0.3571 0.6185 -0.7000
vn 0.0005 0.0008 -1.0000
vn 0.3571 0.6185 0.7000
vn 0.4347 0.5666 -0.7000
vn 0.0006 0.0008 -1.0000
vn 0.4347 0.5666 0.7000
vn 0.5050 0.5050 -0.7000
vn 0.0007 0.0007 -1.0000
vn 0.5050 0.5050 0.7000
vn 0.5666 0.4347 -0.7000
vn 0.0008 0.0006 -1.0000
vn 0.5666 0.4347 0.7000
vn 0.6185 0.3571 -0.7000
vn 0.0009 0.0005 -1.0000
vn 0.6185 0.3571 0.7000
vn 0.6598 0.2733 -0.7000
vn 0.0009 0.0004 -1.0000
vn 0.6598 0.2733 0.7000
vn 0.6898 0.1848 -0.7000
vn 0.0010 0.0002 -1.0000
vn 0.6898 0.1848 0.7000
vn 0.7080 0.0932 -0.7000
vn 0.0010 0.0001 -1.0000
vn 0.7080 0.0932 0.7000
vn 0.7141 -0.0000 -0.7000
vn 0.0010 -0.0000 -1.0000
vn 0.7141 -0.0000 0.7000
vn 0.7080 -0.0932 -0.7000
vn 0.0010 -0.0001 -1.0000
vn 0.7080 -0.0932 0.7000
vn 0.6898 -0.1848 -0.7000
vn 0.0009 -0.0003 -1.0000
vn 0.6898 -0.1848 0.7000
vn 0.6598 -0.2733 -0.7000
vn 0.0009 -0.0004 -1.0000
vn 0.6598 -0.2733 0.7000
vn 0.6185 -0.3571 -0.7000
vn 0.0008 -0.0005 -1.0000
vn 0.6185 -0.3571 0.7000
vn 0.5666 -0.4347 -0.7000
vn 0.0008 -0.0006 -1.0000
vn 0.5666 -0.4347 0.7000
vn 0.5050 -0.5050 -0.7000
vn 0.0007 -0.0007 -1.0000
vn 0.5050 -0.5050 0.7000
vn 0.4347 -0.5666 -0.7000
vn 0.0006 -0.0008 -1.0000
vn 0.4347 -0.5666 0.7000
vn 0.3571 -0.6185 -0.7000
vn 0.0005 -0.0009 -1.0000
vn 0.3571 -0.6185 0.7000
vn 0.2733 -0.6598 -0.7000
vn 0.0004 -0.0009 -1.0000
vn 0.2733 -0.6598 0.7000
vn 0.1848 -0.6898 -0.7000
vn 0.0002 -0.0010 -1.0000
vn 0.1848 -0.6898 0.7000
vn 0.0932 -0.7080 -0.7000
vn 0.0001 -0.0010 -1.0000
vn 0.0932 -0.7080 0.7000
vn -0.0000 -0.7141 -0.7000
vn -0.0000 -0.0010 -1.0000
vn -0.0000 -0.7141 0.7000
vn -0.0932 -0.7080 -0.7000
vn -0.0001 -0.0010 -1.0000
vn -0.0932 -0.7080 0.7000
vn -0.1848 -0.6898 -0.7000
vn -0.0003 -0.0009 -1.0000
vn -0.1848 -0.6898 0.7000
vn -0.2733 -0.6598 -0.7000
vn -0.0004 -0.0009 -1.0000
vn -0.2733 -0.6598 0.7000
vn -0.3571 -0.6185 -0.7000
vn -0.0005 -0.0008 -1.0000
vn -0.3571 -0.6185 0.7000
vn -0.4347 -0.5666 -0.7000
vn -0.0006 -0.0008 -1.0000
vn -0.4347 -0.5666 0.7000
vn -0.5050 -0.5050 -0.7000
vn -0.0007 -0.0007 -1.0000
vn -0.5050 -0.5050 0.7000
vn -0.5666 -0.4347 -0.7000
vn -0.0008 -0.0006 -1.0000
vn -0.5666 -0.4347 0.7000
vn -0.6185 -0.3571 -0.7000
vn -0.0009 -0.0005 -1.0000
vn -0.6185 -0.3571 0.7000
vn -0.6598 -0.2733 -0.7000
vn -0.0009 -0.0004 -1.0000
vn -0.6598 -0.2733 0.7000
vn -0.6898 -0.1848 -0.7000
vn -0.0010 -0.0002 -1.0000
vn -0.6898 -0.1848 0.7000
vn -0.7080 -0.0932 -0.7000
vn -0.0010 -0.0001 -1.0000
vn -0.7080 -0.0932 0.7000
vn -0.7141 -0.0000 -0.7000
vn -0.0010 -0.0000 -1.0000
vn -0.7141 -0.0000 0.7000
vn -0.7080 0.0932 -0.7000
vn -0.0010 0.0001 -1.0000
vn -0.7080 0.0932 0.7000
vn -0.6898 0.1848 -0.7000
vn -0.0009 0.0003 -1.0000
vn -0.6898 0.1848 0.7000
vn -0.6598 0.2733 -0.7000
vn -0.0009 0.0004 -1.0000
vn -0.6598 0.2733 0.7000
vn -0.6185 0.3571 -0.7000
vn -0.0008 0.0005 -1.0000
vn -0.6185 0.3571 0.7000
vn -0.5666 0.4347 -0.7000
vn -0.0008 0.0006 -1.0000
vn -0.5666 0.4347 0.7000
vn -0.5050 0.5050 -0.7000
vn -0.0007 0.0007 -1.0000
vn -0.5050 0.5050 0.7000
vn -0.4347 0.5666 -0.7000
vn -0.0006 0.0008 -1.0000
vn -0.4347 0.5666 0.7000
vn -0.3571 0.6185 -0.7000
vn -0.0005 0.0009 -1.0000
vn -0.3571 0.6185 0.7000
vn -0.2733 0.6598 -0.7000
vn -0.0004 0.0009 -1.0000
vn -0.2733 0.6598 0.7000
vn -0.1848 0.6898 -0.7000
vn -0.0002 0.0010 -1.0000
vn -0.1848 0.6898 0.7000
vn -0.0932 0.7080 -0.7000
vn -0.0001 0.0010 -1.0000
vn -0.0932 0.7080 0.7000
vt 0.020834 0.562500
vt 0.020834 0.937500
vt 0.000000 0.937500
vt 0.000000 0.562500
vt 0.958333 0.562500
vt 0.958333 0.937500
vt 0.937500 0.937500
vt 0.937500 0.562500
vt 0.916667 0.937500
vt 0.916667 0.562500
vt 0.895833 0.937500
vt 0.895833 0.562500
vt 0.875000 0.937500
vt 0.875000 0.562500
vt 0.854167 0.937500
vt 0.854167 0.562500
vt 0.833333 0.937500
vt 0.833333 0.562500
vt 0.812500 0.937500
vt 0.812500 0.562500
vt 0.812500 0.562500
vt 0.812500 0.937500
vt 0.791667 0.937500
vt 0.791667 0.562500
vt 0.770834 0.937500
vt 0.770834 0.562500
vt 0.750000 0.937500
vt 0.750000 0.562500
vt 0.750000 0.562500
vt 0.750000 0.937500
vt 0.729167 0.937500
vt 0.729167 0.562500
vt 0.708334 0.937500
vt 0.708334 0.562500
vt 0.687500 0.937500
vt 0.687500 0.562500
vt 0.666667 0.937500
vt 0.666667 0.562500
vt 0.645834 0.937500
vt 0.645834 0.562500
vt 0.645834 0.562500
vt 0.625000 0.937500
vt 0.625000 0.562500
vt 0.604167 0.937500
vt 0.604167 0.562500
vt 0.583334 0.937500
vt 0.583334 0.562500
vt 0.562500 0.937500
vt 0.562500 0.562500
vt 0.541667 0.937500
vt 0.541667 0.562500
vt 0.520834 0.937500
vt 0.520834 0.562500
vt 0.500000 0.937500
vt 0.500000 0.562500
vt 0.479167 0.937500
vt 0.479167 0.562500
vt 0.458334 0.937500
vt 0.458334 0.562500
vt 0.437500 0.937500
vt 0.437500 0.562500
vt 0.416667 0.937500
vt 0.416667 0.562500
vt 0.416667 0.937500
vt 0.395834 0.937500
vt 0.395834 0.562500
vt 0.375000 0.937500
vt 0.375000 0.562500
vt 0.354167 0.937500
vt 0.354167 0.562500
vt 0.354167 0.937500
vt 0.333334 0.937500
vt 0.333334 0.562500
vt 0.312500 0.937500
vt 0.312500 0.562500
vt 0.291667 0.937500
vt 0.291667 0.562500
vt 0.270834 0.937500
vt 0.270834 0.562500
vt 0.250000 0.937500
vt 0.250000 0.562500
vt 0.229167 0.937500
vt 0.229167 0.562500
vt 0.229167 0.937500
vt 0.208334 0.937500
vt 0.208334 0.562500
vt 0.187500 0.937500
vt 0.187500 0.562500
vt 0.166667 0.937500
vt 0.166667 0.562500
vt 0.166667 0.937500
vt 0.145834 0.937500
vt 0.145834 0.562500
vt 0.125000 0.937500
vt 0.125000 0.562500
vt 0.104167 0.937500
vt 0.104167 0.562500
vt 0.083334 0.937500
vt 0.083334 0.562500
vt 0.062500 0.937500
vt 0.062500 0.562500
vt 0.041667 0.937500
vt 0.041667 0.562500
vt 0.979167 0.562500
vt 0.979167 0.937500
vt 0.280172 0.479180
vt 0.250000 0.481158
vt 0.219828 0.479180
vt 0.190172 0.473281
vt 0.161540 0.463562
vt 0.134421 0.450188
vt 0.109280 0.433390
vt 0.086547 0.413453
vt 0.066610 0.390720
vt 0.049812 0.365579
vt 0.036438 0.338460
vt 0.026719 0.309828
vt 0.020820 0.280172
vt 0.018842 0.250000
vt 0.020820 0.219828
vt 0.026719 0.190172
vt 0.036438 0.161540
vt 0.049812 0.134421
vt 0.066610 0.109280
vt 0.086547 0.086547
vt 0.109280 0.066610
vt 0.134421 0.049812
vt 0.161540 0.036438
vt 0.190172 0.026719
vt 0.219828 0.020820
vt 0.250000 0.018842
vt 0.280172 0.020820
vt 0.309828 0.026719
vt 0.338460 0.036438
vt 0.365579 0.049812
vt 0.390720 0.066610
vt 0.413453 0.086547
vt 0.433390 0.109280
vt 0.450188 0.134421
vt 0.463562 0.161540
vt 0.473281 0.190172
vt 0.479180 0.219828
vt 0.481158 0.250000
vt 0.479180 0.280172
vt 0.473281 0.309828
vt 0.463562 0.338460
vt 0.450188 0.365579
vt 0.433390 0.390720
vt 0.413453 0.413453
vt 0.390720 0.433390
vt 0.365579 0.450188
vt 0.338460 0.463562
vt 0.309828 0.473281
vt 1.000000 0.562500
vt 1.000000 0.937500
vt 0.979167 0.937500
vt 0.979279 0.500000
vt 0.999887 0.500000
vt 0.750170 0.489989
vt 0.781157 0.487958
vt 0.780172 0.479180
vt 0.750000 0.481158
vt 0.999887 1.000000
vt 0.979279 1.000000
vt 0.281157 0.487958
vt 0.250170 0.489989
vt 0.958446 0.500000
vt 0.979054 0.500000
vt 0.781493 0.487914
vt 0.811950 0.481855
vt 0.809828 0.473281
vt 0.979054 1.000000
vt 0.958446 1.000000
vt 0.311950 0.481855
vt 0.281493 0.487914
vt 0.937613 0.500000
vt 0.958221 0.500000
vt 0.812277 0.481768
vt 0.841683 0.471786
vt 0.838460 0.463562
vt 0.958221 1.000000
vt 0.937613 1.000000
vt 0.341683 0.471786
vt 0.312277 0.481768
vt 0.916779 0.500000
vt 0.937387 0.500000
vt 0.841996 0.471656
vt 0.869848 0.457921
vt 0.865579 0.450188
vt 0.937387 1.000000
vt 0.916780 1.000000
vt 0.369848 0.457921
vt 0.341996 0.471656
vt 0.895946 0.500000
vt 0.916554 0.500000
vt 0.870141 0.457752
vt 0.895962 0.440499
vt 0.890720 0.433390
vt 0.916554 1.000000
vt 0.895946 1.000000
vt 0.395961 0.440499
vt 0.370141 0.457752
vt 0.875113 0.500000
vt 0.895721 0.500000
vt 0.896231 0.440293
vt 0.919578 0.419818
vt 0.913453 0.413453
vt 0.895721 1.000000
vt 0.875113 1.000000
vt 0.419578 0.419818
vt 0.396230 0.440293
vt 0.854280 0.500000
vt 0.874887 0.500000
vt 0.919818 0.419578
vt 0.940293 0.396230
vt 0.933390 0.390720
vt 0.874887 1.000000
vt 0.854280 1.000000
vt 0.440293 0.396231
vt 0.419818 0.419578
vt 0.833446 0.500000
vt 0.854054 0.500000
vt 0.940499 0.395961
vt 0.957752 0.370141
vt 0.950188 0.365579
vt 0.854054 1.000000
vt 0.833446 1.000000
vt 0.457752 0.370141
vt 0.440499 0.395961
vt 0.812613 0.500000
vt 0.833221 0.500000
vt 0.957921 0.369848
vt 0.971656 0.341996
vt 0.963562 0.338460
vt 0.833221 1.000000
vt 0.812613 1.000000
vt 0.471656 0.341996
vt 0.457921 0.369848
vt 0.791780 0.500000
vt 0.812387 0.500000
vt 0.971786 0.341683
vt 0.981768 0.312277
vt 0.973281 0.309828
vt 0.812387 1.000000
vt 0.791780 1.000000
vt 0.481768 0.312277
vt 0.471786 0.341683
vt 0.770946 0.500000
vt 0.791554 0.500000
vt 0.981855 0.311950
vt 0.987914 0.281493
vt 0.979180 0.280172
vt 0.791554 1.000000
vt 0.770946 1.000000
vt 0.487914 0.281493
vt 0.481855 0.311950
vt 0.750113 0.500000
vt 0.770721 0.500000
vt 0.987958 0.281157
vt 0.989989 0.250170
vt 0.981158 0.250000
vt 0.770721 1.000000
vt 0.750113 1.000000
vt 0.489989 0.250170
vt 0.487958 0.281157
vt 0.729280 0.500000
vt 0.749887 0.500000
vt 0.989989 0.249830
vt 0.987958 0.218843
vt 0.979180 0.219828
vt 0.749887 1.000000
vt 0.729280 1.000000
vt 0.487958 0.218843
vt 0.489989 0.249830
vt 0.708446 0.500000
vt 0.729054 0.500000
vt 0.987914 0.218507
vt 0.981855 0.188050
vt 0.973281 0.190172
vt 0.729054 1.000000
vt 0.708446 1.000000
vt 0.481855 0.188050
vt 0.487914 0.218507
vt 0.687613 0.500000
vt 0.708221 0.500000
vt 0.981768 0.187723
vt 0.971786 0.158317
vt 0.963562 0.161540
vt 0.708221 1.000000
vt 0.687613 1.000000
vt 0.471786 0.158317
vt 0.481768 0.187723
vt 0.666780 0.500000
vt 0.687388 0.500000
vt 0.971656 0.158004
vt 0.957921 0.130152
vt 0.950188 0.134421
vt 0.687388 1.000000
vt 0.666780 1.000000
vt 0.457921 0.130152
vt 0.471656 0.158004
vt 0.645946 0.500000
vt 0.666554 0.500000
vt 0.957752 0.129859
vt 0.940499 0.104039
vt 0.933390 0.109280
vt 0.666554 1.000000
vt 0.645946 1.000000
vt 0.440499 0.104039
vt 0.457752 0.129859
vt 0.625113 0.500000
vt 0.645721 0.500000
vt 0.940293 0.103770
vt 0.919818 0.080422
vt 0.913453 0.086547
vt 0.645721 1.000000
vt 0.625113 1.000000
vt 0.419818 0.080422
vt 0.440293 0.103770
vt 0.604280 0.500000
vt 0.624888 0.500000
vt 0.919578 0.080182
vt 0.896231 0.059707
vt 0.890720 0.066610
vt 0.624888 1.000000
vt 0.604280 1.000000
vt 0.396231 0.059707
vt 0.419578 0.080182
vt 0.583447 0.500000
vt 0.604054 0.500000
vt 0.895962 0.059501
vt 0.870141 0.042248
vt 0.865579 0.049812
vt 0.604054 1.000000
vt 0.583446 1.000000
vt 0.370141 0.042248
vt 0.395961 0.059501
vt 0.562613 0.500000
vt 0.583221 0.500000
vt 0.869848 0.042079
vt 0.841996 0.028344
vt 0.838460 0.036438
vt 0.583221 1.000000
vt 0.562613 1.000000
vt 0.341996 0.028344
vt 0.369848 0.042079
vt 0.541780 0.500000
vt 0.562388 0.500000
vt 0.841683 0.028214
vt 0.812277 0.018232
vt 0.809828 0.026719
vt 0.562388 1.000000
vt 0.541780 1.000000
vt 0.312277 0.018232
vt 0.341683 0.028214
vt 0.520947 0.500000
vt 0.541554 0.500000
vt 0.811950 0.018145
vt 0.781493 0.012086
vt 0.780172 0.020820
vt 0.541554 1.000000
vt 0.520947 1.000000
vt 0.281493 0.012086
vt 0.311950 0.018145
vt 0.500113 0.500000
vt 0.520721 0.500000
vt 0.781157 0.012042
vt 0.750170 0.010011
vt 0.750000 0.018842
vt 0.520721 1.000000
vt 0.500113 1.000000
vt 0.250170 0.010011
vt 0.281157 0.012042
vt 0.479280 0.500000
vt 0.499888 0.500000
vt 0.749830 0.010011
vt 0.718843 0.012042
vt 0.719828 0.020820
vt 0.499888 1.000000
vt 0.479280 1.000000
vt 0.218843 0.012042
vt 0.249830 0.010011
vt 0.458447 0.500000
vt 0.479054 0.500000
vt 0.718507 0.012086
vt 0.688050 0.018145
vt 0.690172 0.026719
vt 0.479054 1.000000
vt 0.458447 1.000000
vt 0.188050 0.018145
vt 0.218507 0.012086
vt 0.437613 0.500000
vt 0.458221 0.500000
vt 0.687723 0.018232
vt 0.658317 0.028214
vt 0.661540 0.036438
vt 0.458221 1.000000
vt 0.437613 1.000000
vt 0.158317 0.028214
vt 0.187723 0.018232
vt 0.416780 0.500000
vt 0.437388 0.500000
vt 0.658004 0.028344
vt 0.630152 0.042079
vt 0.634421 0.049812
vt 0.437388 1.000000
vt 0.416780 1.000000
vt 0.130152 0.042079
vt 0.158004 0.028344
vt 0.395947 0.500000
vt 0.416554 0.500000
vt 0.629859 0.042248
vt 0.604038 0.059501
vt 0.609280 0.066610
vt 0.416554 1.000000
vt 0.395947 1.000000
vt 0.104039 0.059501
vt 0.129859 0.042248
vt 0.375113 0.500000
vt 0.395721 0.500000
vt 0.603769 0.059707
vt 0.580422 0.080182
vt 0.586547 0.086547
vt 0.395721 1.000000
vt 0.375113 1.000000
vt 0.080422 0.080182
vt 0.103770 0.059707
vt 0.354280 0.500000
vt 0.374888 0.500000
vt 0.580182 0.080422
vt 0.559707 0.103770
vt 0.566610 0.109280
vt 0.374888 1.000000
vt 0.354280 1.000000
vt 0.059707 0.103770
vt 0.080182 0.080422
vt 0.333446 0.500000
vt 0.354054 0.500000
vt 0.559501 0.104039
vt 0.542248 0.129859
vt 0.549812 0.134421
vt 0.354054 1.000000
vt 0.333446 1.000000
vt 0.042248 0.129859
vt 0.059501 0.104039
vt 0.312613 0.500000
vt 0.333221 0.500000
vt 0.542079 0.130152
vt 0.528344 0.158004
vt 0.536438 0.161540
vt 0.333221 1.000000
vt 0.312613 1.000000
vt 0.028344 0.158004
vt 0.042079 0.130152
vt 0.291780 0.500000
vt 0.312388 0.500000
vt 0.528214 0.158317
vt 0.518232 0.187723
vt 0.526719 0.190172
vt 0.312388 1.000000
vt 0.291780 1.000000
vt 0.018232 0.187723
vt 0.028214 0.158317
vt 0.270946 0.500000
vt 0.291554 0.500000
vt 0.518145 0.188050
vt 0.512086 0.218507
vt 0.520820 0.219828
vt 0.291554 1.000000
vt 0.270946 1.000000
vt 0.012086 0.218507
vt 0.018145 0.188050
vt 0.250113 0.500000
vt 0.270721 0.500000
vt 0.512042 0.218843
vt 0.510011 0.249830
vt 0.518842 0.250000
vt 0.270721 1.000000
vt 0.250113 1.000000
vt 0.010011 0.249830
vt 0.012042 0.218843
vt 0.229280 0.500000
vt 0.249888 0.500000
vt 0.510011 0.250170
vt 0.512042 0.281157
vt 0.520820 0.280172
vt 0.249888 1.000000
vt 0.229280 1.000000
vt 0.012042 0.281157
vt 0.010011 0.250170
vt 0.208446 0.500000
vt 0.229054 0.500000
vt 0.512086 0.281493
vt 0.518145 0.311950
vt 0.526719 0.309828
vt 0.229054 1.000000
vt 0.208446 1.000000
vt 0.018145 0.311950
vt 0.012086 0.281493
vt 0.187613 0.500000
vt 0.208221 0.500000
vt 0.518232 0.312277
vt 0.528214 0.341683
vt 0.536438 0.338460
vt 0.208221 1.000000
vt 0.187613 1.000000
vt 0.028214 0.341683
vt 0.018232 0.312277
vt 0.166780 0.500000
vt 0.187388 0.500000
vt 0.528344 0.341996
vt 0.542079 0.369848
vt 0.549812 0.365579
vt 0.187388 1.000000
vt 0.166780 1.000000
vt 0.042079 0.369848
vt 0.028344 0.341996
vt 0.145946 0.500000
vt 0.166554 0.500000
vt 0.542248 0.370141
vt 0.559501 0.395961
vt 0.566610 0.390720
vt 0.166554 1.000000
vt 0.145946 1.000000
vt 0.059501 0.395961
vt 0.042248 0.370141
vt 0.125113 0.500000
vt 0.145721 0.500000
vt 0.559707 0.396231
vt 0.580182 0.419578
vt 0.586547 0.413453
vt 0.145721 1.000000
vt 0.125113 1.000000
vt 0.080182 0.419578
vt 0.059707 0.396230
vt 0.104280 0.500000
vt 0.124888 0.500000
vt 0.580422 0.419818
vt 0.603769 0.440293
vt 0.609280 0.433390
vt 0.124888 1.000000
vt 0.104280 1.000000
vt 0.103770 0.440293
vt 0.080422 0.419818
vt 0.083446 0.500000
vt 0.104054 0.500000
vt 0.604038 0.440499
vt 0.629859 0.457752
vt 0.634421 0.450188
vt 0.104054 1.000000
vt 0.083446 1.000000
vt 0.129859 0.457752
vt 0.104039 0.440499
vt 0.062613 0.500000
vt 0.083221 0.500000
vt 0.630152 0.457921
vt 0.658004 0.471656
vt 0.661540 0.463562
vt 0.083221 1.000000
vt 0.062613 1.000000
vt 0.158004 0.471656
vt 0.130152 0.457921
vt 0.041780 0.500000
vt 0.062388 0.500000
vt 0.658317 0.471786
vt 0.687723 0.481768
vt 0.690172 0.473281
vt 0.062388 1.000000
vt 0.041780 1.000000
vt 0.187723 0.481768
vt 0.158317 0.471786
vt 0.020946 0.500000
vt 0.041554 0.500000
vt 0.688050 0.481855
vt 0.718507 0.487914
vt 0.719828 0.479180
vt 0.041554 1.000000
vt 0.020946 1.000000
vt 0.218507 0.487914
vt 0.188050 0.481855
vt 0.000113 0.500000
vt 0.020721 0.500000
vt 0.718843 0.487958
vt 0.749830 0.489989
vt 0.020721 1.000000
vt 0.000113 1.000000
vt 0.249830 0.489989
vt 0.218843 0.487958
s 1
usemtl Optical_blue_glass
f 4604/5929/4228 4607/5930/4229 4325/5931/4230 4322/5932/4231
f 4334/5933/4232 4337/5934/4233 4343/5935/4234 4340/5936/4235
f 4340/5936/4235 4343/5935/4234 4349/5937/4236 4346/5938/4237
f 4346/5938/4237 4349/5937/4236 4355/5939/4238 4352/5940/4239
f 4352/5940/4239 4355/5939/4238 4361/5941/4240 4358/5942/4241
f 4358/5942/4241 4361/5941/4240 4367/5943/4242 4364/5944/4243
f 4364/5944/4243 4367/5943/4242 4373/5945/4244 4370/5946/4245
f 4370/5946/4245 4373/5945/4244 4379/5947/4246 4376/5948/4247
f 4376/5949/4247 4379/5950/4246 4385/5951/4248 4382/5952/4249
f 4382/5952/4249 4385/5951/4248 4391/5953/4250 4388/5954/4251
f 4388/5954/4251 4391/5953/4250 4397/5955/4252 4394/5956/4253
f 4394/5957/4253 4397/5958/4252 4403/5959/4254 4400/5960/4255
f 4400/5960/4255 4403/5959/4254 4409/5961/4256 4406/5962/4257
f 4406/5962/4257 4409/5961/4256 4415/5963/4258 4412/5964/4259
f 4412/5964/4259 4415/5963/4258 4421/5965/4260 4418/5966/4261
f 4418/5966/4261 4421/5965/4260 4427/5967/4262 4424/5968/4263
f 4424/5969/4263 4427/5967/4262 4433/5970/4264 4430/5971/4265
f 4430/5971/4265 4433/5970/4264 4439/5972/4266 4436/5973/4267
f 4436/5973/4267 4439/5972/4266 4445/5974/4268 4442/5975/4269
f 4442/5975/4269 4445/5974/4268 4451/5976/4270 4448/5977/4271
f 4448/5977/4271 4451/5976/4270 4457/5978/4272 4454/5979/4273
f 4454/5979/4273 4457/5978/4272 4463/5980/4274 4460/5981/4275
f 4460/5981/4275 4463/5980/4274 4469/5982/4276 4466/5983/4277
f 4466/5983/4277 4469/5982/4276 4475/5984/4278 4472/5985/4279
f 4472/5985/4279 4475/5984/4278 4481/5986/4280 4478/5987/4281
f 4478/5987/4281 4481/5986/4280 4487/5988/4282 4484/5989/4283
f 4484/5989/4283 4487/5988/4282 4493/5990/4284 4490/5991/4285
f 4490/5991/4285 4493/5992/4284 4499/5993/4286 4496/5994/4287
f 4496/5994/4287 4499/5993/4286 4505/5995/4288 4502/5996/4289
f 4502/5996/4289 4505/5995/4288 4511/5997/4290 4508/5998/4291
f 4508/5998/4291 4511/5999/4290 4517/6000/4292 4514/6001/4293
f 4514/6001/4293 4517/6000/4292 4523/6002/4294 4520/6003/4295
f 4520/6003/4295 4523/6002/4294 4529/6004/4296 4526/6005/4297
f 4526/6005/4297 4529/6004/4296 4535/6006/4298 4532/6007/4299
f 4532/6007/4299 4535/6006/4298 4541/6008/4300 4538/6009/4301
f 4538/6009/4301 4541/6008/4300 4547/6010/4302 4544/6011/4303
f 4544/6011/4303 4547/6012/4302 4553/6013/4304 4550/6014/4305
f 4550/6014/4305 4553/6013/4304 4559/6015/4306 4556/6016/4307
f 4556/6016/4307 4559/6015/4306 4565/6017/4308 4562/6018/4309
f 4562/6018/4309 4565/6019/4308 4571/6020/4310 4568/6021/4311
f 4568/6021/4311 4571/6020/4310 4577/6022/4312 4574/6023/4313
f 4574/6023/4313 4577/6022/4312 4583/6024/4314 4580/6025/4315
f 4580/6025/4315 4583/6024/4314 4589/6026/4316 4586/6027/4317
f 4586/6027/4317 4589/6026/4316 4595/6028/4318 4592/6029/4319
f 4592/6029/4319 4595/6028/4318 4601/6030/4320 4598/6031/4321
f 4598/6031/4321 4601/6030/4320 4607/5930/4229 4604/5929/4228
f 4328/6032/4322 4331/6033/4323 4337/5934/4233 4334/5933/4232
f 4330/6034/4324 4324/6035/4325 4606/6036/4326 4600/6037/4327 4594/6038/4328 4588/6039/4329 4582/6040/4330 4576/6041/4331 4570/6042/4332 4564/6043/4333 4558/6044/4334 4552/6045/4335 4546/6046/4336 4540/6047/4337 4534/6048/4338 4528/6049/4339 4522/6050/4340 4516/6051/4341 4510/6052/4342 4504/6053/4343 4498/6054/4344 4492/6055/4345 4486/6056/4346 4480/6057/4347 4474/6058/4348 4468/6059/4349 4462/6060/4350 4456/6061/4351 4450/6062/4352 4444/6063/4353 4438/6064/4354 4432/6065/4355 4426/6066/4356 4420/6067/4357 4414/6068/4358 4408/6069/4359 4402/6070/4360 4396/6071/4361 4390/6072/4362 4384/6073/4363 4378/6074/4364 4372/6075/4365 4366/6076/4366 4360/6077/4367 4354/6078/4368 4348/6079/4369 4342/6080/4370 4336/6081/4371
f 4322/6082/4231 4325/6083/4230 4331/6084/4323 4328/6032/4322
f 4322/6082/4231 4328/6032/4322 4329/6085/4372 4323/6086/4373
f 4323/6087/4373 4329/6088/4372 4327/6089/4374 4321/6090/4375
f 4331/6084/4323 4325/6083/4230 4326/6091/4376 4332/6092/4377
f 4332/6093/4377 4326/6094/4376 4324/6035/4325 4330/6034/4324
f 4328/6032/4322 4334/5933/4232 4335/6095/4378 4329/6096/4372
f 4329/6097/4372 4335/6098/4378 4333/6099/4379 4327/6089/4374
f 4337/5934/4233 4331/6033/4323 4332/6100/4377 4338/6101/4380
f 4338/6102/4380 4332/6103/4377 4330/6034/4324 4336/6081/4371
f 4334/5933/4232 4340/5936/4235 4341/6104/4381 4335/6105/4378
f 4335/6106/4378 4341/6107/4381 4339/6108/4382 4333/6099/4379
f 4343/5935/4234 4337/5934/4233 4338/6109/4380 4344/6110/4383
f 4344/6111/4383 4338/6112/4380 4336/6081/4371 4342/6080/4370
f 4340/5936/4235 4346/5938/4237 4347/6113/4384 4341/6114/4381
f 4341/6115/4381 4347/6116/4384 4345/6117/4385 4339/6108/4382
f 4349/5937/4236 4343/5935/4234 4344/6118/4383 4350/6119/4386
f 4350/6120/4386 4344/6121/4383 4342/6080/4370 4348/6079/4369
f 4346/5938/4237 4352/5940/4239 4353/6122/4387 4347/6123/4384
f 4347/6124/4384 4353/6125/4387 4351/6126/4388 4345/6117/4385
f 4355/5939/4238 4349/5937/4236 4350/6127/4386 4356/6128/4389
f 4356/6129/4389 4350/6130/4386 4348/6079/4369 4354/6078/4368
f 4352/5940/4239 4358/5942/4241 4359/6131/4390 4353/6132/4387
f 4353/6133/4387 4359/6134/4390 4357/6135/4391 4351/6126/4388
f 4361/5941/4240 4355/5939/4238 4356/6136/4389 4362/6137/4392
f 4362/6138/4392 4356/6139/4389 4354/6078/4368 4360/6077/4367
f 4358/5942/4241 4364/5944/4243 4365/6140/4393 4359/6141/4390
f 4359/6142/4390 4365/6143/4393 4363/6144/4394 4357/6135/4391
f 4367/5943/4242 4361/5941/4240 4362/6145/4392 4368/6146/4395
f 4368/6147/4395 4362/6148/4392 4360/6077/4367 4366/6076/4366
f 4364/5944/4243 4370/5946/4245 4371/6149/4396 4365/6150/4393
f 4365/6151/4393 4371/6152/4396 4369/6153/4397 4363/6144/4394
f 4373/5945/4244 4367/5943/4242 4368/6154/4395 4374/6155/4398
f 4374/6156/4398 4368/6157/4395 4366/6076/4366 4372/6075/4365
f 4370/5946/4245 4376/5948/4247 4377/6158/4399 4371/6159/4396
f 4371/6160/4396 4377/6161/4399 4375/6162/4400 4369/6153/4397
f 4379/5947/4246 4373/5945/4244 4374/6163/4398 4380/6164/4401
f 4380/6165/4401 4374/6166/4398 4372/6075/4365 4378/6074/4364
f 4376/5949/4247 4382/5952/4249 4383/6167/4402 4377/6168/4399
f 4377/6169/4399 4383/6170/4402 4381/6171/4403 4375/6162/4400
f 4385/5951/4248 4379/5950/4246 4380/6172/4401 4386/6173/4404
f 4386/6174/4404 4380/6175/4401 4378/6074/4364 4384/6073/4363
f 4382/5952/4249 4388/5954/4251 4389/6176/4405 4383/6177/4402
f 4383/6178/4402 4389/6179/4405 4387/6180/4406 4381/6171/4403
f 4391/5953/4250 4385/5951/4248 4386/6181/4404 4392/6182/4407
f 4392/6183/4407 4386/6184/4404 4384/6073/4363 4390/6072/4362
f 4388/5954/4251 4394/5956/4253 4395/6185/4408 4389/6186/4405
f 4389/6187/4405 4395/6188/4408 4393/6189/4409 4387/6180/4406
f 4397/5955/4252 4391/5953/4250 4392/6190/4407 4398/6191/4410
f 4398/6192/4410 4392/6193/4407 4390/6072/4362 4396/6071/4361
f 4394/5957/4253 4400/5960/4255 4401/6194/4411 4395/6195/4408
f 4395/6196/4408 4401/6197/4411 4399/6198/4412 4393/6189/4409
f 4403/5959/4254 4397/5958/4252 4398/6199/4410 4404/6200/4413
f 4404/6201/4413 4398/6202/4410 4396/6071/4361 4402/6070/4360
f 4400/5960/4255 4406/5962/4257 4407/6203/4414 4401/6204/4411
f 4401/6205/4411 4407/6206/4414 4405/6207/4415 4399/6198/4412
f 4409/5961/4256 4403/5959/4254 4404/6208/4413 4410/6209/4416
f 4410/6210/4416 4404/6211/4413 4402/6070/4360 4408/6069/4359
f 4406/5962/4257 4412/5964/4259 4413/6212/4417 4407/6213/4414
f 4407/6214/4414 4413/6215/4417 4411/6216/4418 4405/6207/4415
f 4415/5963/4258 4409/5961/4256 4410/6217/4416 4416/6218/4419
f 4416/6219/4419 4410/6220/4416 4408/6069/4359 4414/6068/4358
f 4412/5964/4259 4418/5966/4261 4419/6221/4420 4413/6222/4417
f 4413/6223/4417 4419/6224/4420 4417/6225/4421 4411/6216/4418
f 4421/5965/4260 4415/5963/4258 4416/6226/4419 4422/6227/4422
f 4422/6228/4422 4416/6229/4419 4414/6068/4358 4420/6067/4357
f 4418/5966/4261 4424/5968/4263 4425/6230/4423 4419/6231/4420
f 4419/6232/4420 4425/6233/4423 4423/6234/4424 4417/6225/4421
f 4427/5967/4262 4421/5965/4260 4422/6235/4422 4428/6236/4425
f 4428/6237/4425 4422/6238/4422 4420/6067/4357 4426/6066/4356
f 4424/5969/4263 4430/5971/4265 4431/6239/4426 4425/6240/4423
f 4425/6241/4423 4431/6242/4426 4429/6243/4427 4423/6234/4424
f 4433/5970/4264 4427/5967/4262 4428/6244/4425 4434/6245/4428
f 4434/6246/4428 4428/6247/4425 4426/6066/4356 4432/6065/4355
f 4430/5971/4265 4436/5973/4267 4437/6248/4429 4431/6249/4426
f 4431/6250/4426 4437/6251/4429 4435/6252/4430 4429/6243/4427
f 4439/5972/4266 4433/5970/4264 4434/6253/4428 4440/6254/4431
f 4440/6255/4431 4434/6256/4428 4432/6065/4355 4438/6064/4354
f 4436/5973/4267 4442/5975/4269 4443/6257/4432 4437/6258/4429
f 4437/6259/4429 4443/6260/4432 4441/6261/4433 4435/6252/4430
f 4445/5974/4268 4439/5972/4266 4440/6262/4431 4446/6263/4434
f 4446/6264/4434 4440/6265/4431 4438/6064/4354 4444/6063/4353
f 4442/5975/4269 4448/5977/4271 4449/6266/4435 4443/6267/4432
f 4443/6268/4432 4449/6269/4435 4447/6270/4436 4441/6261/4433
f 4451/5976/4270 4445/5974/4268 4446/6271/4434 4452/6272/4437
f 4452/6273/4437 4446/6274/4434 4444/6063/4353 4450/6062/4352
f 4448/5977/4271 4454/5979/4273 4455/6275/4438 4449/6276/4435
f 4449/6277/4435 4455/6278/4438 4453/6279/4439 4447/6270/4436
f 4457/5978/4272 4451/5976/4270 4452/6280/4437 4458/6281/4440
f 4458/6282/4440 4452/6283/4437 4450/6062/4352 4456/6061/4351
f 4454/5979/4273 4460/5981/4275 4461/6284/4441 4455/6285/4438
f 4455/6286/4438 4461/6287/4441 4459/6288/4442 4453/6279/4439
f 4463/5980/4274 4457/5978/4272 4458/6289/4440 4464/6290/4443
f 4464/6291/4443 4458/6292/4440 4456/6061/4351 4462/6060/4350
f 4460/5981/4275 4466/5983/4277 4467/6293/4444 4461/6294/4441
f 4461/6295/4441 4467/6296/4444 4465/6297/4445 4459/6288/4442
f 4469/5982/4276 4463/5980/4274 4464/6298/4443 4470/6299/4446
f 4470/6300/4446 4464/6301/4443 4462/6060/4350 4468/6059/4349
f 4466/5983/4277 4472/5985/4279 4473/6302/4447 4467/6303/4444
f 4467/6304/4444 4473/6305/4447 4471/6306/4448 4465/6297/4445
f 4475/5984/4278 4469/5982/4276 4470/6307/4446 4476/6308/4449
f 4476/6309/4449 4470/6310/4446 4468/6059/4349 4474/6058/4348
f 4472/5985/4279 4478/5987/4281 4479/6311/4450 4473/6312/4447
f 4473/6313/4447 4479/6314/4450 4477/6315/4451 4471/6306/4448
f 4481/5986/4280 4475/5984/4278 4476/6316/4449 4482/6317/4452
f 4482/6318/4452 4476/6319/4449 4474/6058/4348 4480/6057/4347
f 4478/5987/4281 4484/5989/4283 4485/6320/4453 4479/6321/4450
f 4479/6322/4450 4485/6323/4453 4483/6324/4454 4477/6315/4451
f 4487/5988/4282 4481/5986/4280 4482/6325/4452 4488/6326/4455
f 4488/6327/4455 4482/6328/4452 4480/6057/4347 4486/6056/4346
f 4484/5989/4283 4490/5991/4285 4491/6329/4456 4485/6330/4453
f 4485/6331/4453 4491/6332/4456 4489/6333/4457 4483/6324/4454
f 4493/5990/4284 4487/5988/4282 4488/6334/4455 4494/6335/4458
f 4494/6336/4458 4488/6337/4455 4486/6056/4346 4492/6055/4345
f 4490/5991/4285 4496/5994/4287 4497/6338/4459 4491/6339/4456
f 4491/6340/4456 4497/6341/4459 4495/6342/4460 4489/6333/4457
f 4499/5993/4286 4493/5992/4284 4494/6343/4458 4500/6344/4461
f 4500/6345/4461 4494/6346/4458 4492/6055/4345 4498/6054/4344
f 4496/5994/4287 4502/5996/4289 4503/6347/4462 4497/6348/4459
f 4497/6349/4459 4503/6350/4462 4501/6351/4463 4495/6342/4460
f 4505/5995/4288 4499/5993/4286 4500/6352/4461 4506/6353/4464
f 4506/6354/4464 4500/6355/4461 4498/6054/4344 4504/6053/4343
f 4502/5996/4289 4508/5998/4291 4509/6356/4465 4503/6357/4462
f 4503/6358/4462 4509/6359/4465 4507/6360/4466 4501/6351/4463
f 4511/5997/4290 4505/5995/4288 4506/6361/4464 4512/6362/4467
f 4512/6363/4467 4506/6364/4464 4504/6053/4343 4510/6052/4342
f 4508/5998/4291 4514/6001/4293 4515/6365/4468 4509/6366/4465
f 4509/6367/4465 4515/6368/4468 4513/6369/4469 4507/6360/4466
f 4517/6000/4292 4511/5999/4290 4512/6370/4467 4518/6371/4470
f 4518/6372/4470 4512/6373/4467 4510/6052/4342 4516/6051/4341
f 4514/6001/4293 4520/6003/4295 4521/6374/4471 4515/6375/4468
f 4515/6376/4468 4521/6377/4471 4519/6378/4472 4513/6369/4469
f 4523/6002/4294 4517/6000/4292 4518/6379/4470 4524/6380/4473
f 4524/6381/4473 4518/6382/4470 4516/6051/4341 4522/6050/4340
f 4520/6003/4295 4526/6005/4297 4527/6383/4474 4521/6384/4471
f 4521/6385/4471 4527/6386/4474 4525/6387/4475 4519/6378/4472
f 4529/6004/4296 4523/6002/4294 4524/6388/4473 4530/6389/4476
f 4530/6390/4476 4524/6391/4473 4522/6050/4340 4528/6049/4339
f 4526/6005/4297 4532/6007/4299 4533/6392/4477 4527/6393/4474
f 4527/6394/4474 4533/6395/4477 4531/6396/4478 4525/6387/4475
f 4535/6006/4298 4529/6004/4296 4530/6397/4476 4536/6398/4479
f 4536/6399/4479 4530/6400/4476 4528/6049/4339 4534/6048/4338
f 4532/6007/4299 4538/6009/4301 4539/6401/4480 4533/6402/4477
f 4533/6403/4477 4539/6404/4480 4537/6405/4481 4531/6396/4478
f 4541/6008/4300 4535/6006/4298 4536/6406/4479 4542/6407/4482
f 4542/6408/4482 4536/6409/4479 4534/6048/4338 4540/6047/4337
f 4538/6009/4301 4544/6011/4303 4545/6410/4483 4539/6411/4480
f 4539/6412/4480 4545/6413/4483 4543/6414/4484 4537/6405/4481
f 4547/6010/4302 4541/6008/4300 4542/6415/4482 4548/6416/4485
f 4548/6417/4485 4542/6418/4482 4540/6047/4337 4546/6046/4336
f 4544/6011/4303 4550/6014/4305 4551/6419/4486 4545/6420/4483
f 4545/6421/4483 4551/6422/4486 4549/6423/4487 4543/6414/4484
f 4553/6013/4304 4547/6012/4302 4548/6424/4485 4554/6425/4488
f 4554/6426/4488 4548/6427/4485 4546/6046/4336 4552/6045/4335
f 4550/6014/4305 4556/6016/4307 4557/6428/4489 4551/6429/4486
f 4551/6430/4486 4557/6431/4489 4555/6432/4490 4549/6423/4487
f 4559/6015/4306 4553/6013/4304 4554/6433/4488 4560/6434/4491
f 4560/6435/4491 4554/6436/4488 4552/6045/4335 4558/6044/4334
f 4556/6016/4307 4562/6018/4309 4563/6437/4492 4557/6438/4489
f 4557/6439/4489 4563/6440/4492 4561/6441/4493 4555/6432/4490
f 4565/6017/4308 4559/6015/4306 4560/6442/4491 4566/6443/4494
f 4566/6444/4494 4560/6445/4491 4558/6044/4334 4564/6043/4333
f 4562/6018/4309 4568/6021/4311 4569/6446/4495 4563/6447/4492
f 4563/6448/4492 4569/6449/4495 4567/6450/4496 4561/6441/4493
f 4571/6020/4310 4565/6019/4308 4566/6451/4494 4572/6452/4497
f 4572/6453/4497 4566/6454/4494 4564/6043/4333 4570/6042/4332
f 4568/6021/4311 4574/6023/4313 4575/6455/4498 4569/6456/4495
f 4569/6457/4495 4575/6458/4498 4573/6459/4499 4567/6450/4496
f 4577/6022/4312 4571/6020/4310 4572/6460/4497 4578/6461/4500
f 4578/6462/4500 4572/6463/4497 4570/6042/4332 4576/6041/4331
f 4574/6023/4313 4580/6025/4315 4581/6464/4501 4575/6465/4498
f 4575/6466/4498 4581/6467/4501 4579/6468/4502 4573/6459/4499
f 4583/6024/4314 4577/6022/4312 4578/6469/4500 4584/6470/4503
f 4584/6471/4503 4578/6472/4500 4576/6041/4331 4582/6040/4330
f 4580/6025/4315 4586/6027/4317 4587/6473/4504 4581/6474/4501
f 4581/6475/4501 4587/6476/4504 4585/6477/4505 4579/6468/4502
f 4589/6026/4316 4583/6024/4314 4584/6478/4503 4590/6479/4506
f 4590/6480/4506 4584/6481/4503 4582/6040/4330 4588/6039/4329
f 4586/6027/4317 4592/6029/4319 4593/6482/4507 4587/6483/4504
f 4587/6484/4504 4593/6485/4507 4591/6486/4508 4585/6477/4505
f 4595/6028/4318 4589/6026/4316 4590/6487/4506 4596/6488/4509
f 4596/6489/4509 4590/6490/4506 4588/6039/4329 4594/6038/4328
f 4592/6029/4319 4598/6031/4321 4599/6491/4510 4593/6492/4507
f 4593/6493/4507 4599/6494/4510 4597/6495/4511 4591/6486/4508
f 4601/6030/4320 4595/6028/4318 4596/6496/4509 4602/6497/4512
f 4602/6498/4512 4596/6499/4509 4594/6038/4328 4600/6037/4327
f 4598/6031/4321 4604/5929/4228 4605/6500/4513 4599/6501/4510
f 4599/6502/4510 4605/6503/4513 4603/6504/4514 4597/6495/4511
f 4607/5930/4229 4601/6030/4320 4602/6505/4512 4608/6506/4515
f 4608/6507/4515 4602/6508/4512 4600/6037/4327 4606/6036/4326
f 4604/5929/4228 4322/5932/4231 4323/6509/4373 4605/6510/4513
f 4605/6511/4513 4323/6512/4373 4321/6090/4375 4603/6504/4514
f 4325/5931/4230 4607/5930/4229 4608/6513/4515 4326/6514/4376
f 4326/6515/4376 4608/6516/4515 4606/6036/4326 4324/6035/4325
f 4321/6090/4375 4327/6089/4374 4333/6099/4379 4339/6108/4382 4345/6117/4385 4351/6126/4388 4357/6135/4391 4363/6144/4394 4369/6153/4397 4375/6162/4400 4381/6171/4403 4387/6180/4406 4393/6189/4409 4399/6198/4412 4405/6207/4415 4411/6216/4418 4417/6225/4421 4423/6234/4424 4429/6243/4427 4435/6252/4430 4441/6261/4433 4447/6270/4436 4453/6279/4439 4459/6288/4442 4465/6297/4445 4471/6306/4448 4477/6315/4451 4483/6324/4454 4489/6333/4457 4495/6342/4460 4501/6351/4463 4507/6360/4466 4513/6369/4469 4519/6378/4472 4525/6387/4475 4531/6396/4478 4537/6405/4481 4543/6414/4484 4549/6423/4487 4555/6432/4490 4561/6441/4493 4567/6450/4496 4573/6459/4499 4579/6468/4502 4585/6477/4505 4591/6486/4508 4597/6495/4511 4603/6504/4514
