# Blender 4.3.2
# www.blender.org
mtllib cube_flight_controller.mtl
o Cube_Orange_flight_controller
v 0.077000 0.309000 0.058000
v 0.077000 0.312000 0.061000
v 0.074000 0.312000 0.058000
v 0.077000 0.309401 0.059498
v 0.075502 0.309401 0.058000
v 0.075565 0.309790 0.059435
v 0.075502 0.312000 0.060599
v 0.077000 0.310502 0.060599
v 0.075565 0.310565 0.060210
v 0.074401 0.310502 0.058000
v 0.074401 0.312000 0.059498
v 0.074790 0.310565 0.059435
v 0.077000 0.340000 0.061000
v 0.077000 0.343000 0.058000
v 0.074000 0.340000 0.058000
v 0.077000 0.341498 0.060599
v 0.075502 0.340000 0.060599
v 0.075565 0.341435 0.060210
v 0.075502 0.342599 0.058000
v 0.077000 0.342599 0.059498
v 0.075565 0.342210 0.059435
v 0.074401 0.340000 0.059498
v 0.074401 0.341498 0.058000
v 0.074790 0.341435 0.059435
v 0.077000 0.309000 0.026000
v 0.074000 0.312000 0.026000
v 0.077000 0.312000 0.023000
v 0.075502 0.309401 0.026000
v 0.077000 0.309401 0.024502
v 0.075565 0.309790 0.024565
v 0.074401 0.312000 0.024502
v 0.074401 0.310502 0.026000
v 0.074790 0.310565 0.024565
v 0.077000 0.310502 0.023401
v 0.075502 0.312000 0.023401
v 0.075565 0.310565 0.023790
v 0.077000 0.343000 0.026000
v 0.077000 0.340000 0.023000
v 0.074000 0.340000 0.026000
v 0.077000 0.342599 0.024502
v 0.075502 0.342599 0.026000
v 0.075565 0.342210 0.024565
v 0.075502 0.340000 0.023401
v 0.077000 0.341498 0.023401
v 0.075565 0.341435 0.023790
v 0.074401 0.341498 0.026000
v 0.074401 0.340000 0.024502
v 0.074790 0.341435 0.024565
v 0.109000 0.309000 0.058000
v 0.112000 0.312000 0.058000
v 0.109000 0.312000 0.061000
v 0.110498 0.309401 0.058000
v 0.109000 0.309401 0.059498
v 0.110435 0.309790 0.059435
v 0.111599 0.312000 0.059498
v 0.111599 0.310502 0.058000
v 0.111210 0.310565 0.059435
v 0.109000 0.310502 0.060599
v 0.110498 0.312000 0.060599
v 0.110435 0.310565 0.060210
v 0.109000 0.343000 0.058000
v 0.109000 0.340000 0.061000
v 0.112000 0.340000 0.058000
v 0.109000 0.342599 0.059498
v 0.110498 0.342599 0.058000
v 0.110435 0.342210 0.059435
v 0.110498 0.340000 0.060599
v 0.109000 0.341498 0.060599
v 0.110435 0.341435 0.060210
v 0.111599 0.341498 0.058000
v 0.111599 0.340000 0.059498
v 0.111210 0.341435 0.059435
v 0.109000 0.309000 0.026000
v 0.109000 0.312000 0.023000
v 0.112000 0.312000 0.026000
v 0.109000 0.309401 0.024502
v 0.110498 0.309401 0.026000
v 0.110435 0.309790 0.024565
v 0.110498 0.312000 0.023401
v 0.109000 0.310502 0.023401
v 0.110435 0.310565 0.023790
v 0.111599 0.310502 0.026000
v 0.111599 0.312000 0.024502
v 0.111210 0.310565 0.024565
v 0.109000 0.343000 0.026000
v 0.112000 0.340000 0.026000
v 0.109000 0.340000 0.023000
v 0.110498 0.342599 0.026000
v 0.109000 0.342599 0.024502
v 0.110435 0.342210 0.024565
v 0.111599 0.340000 0.024502
v 0.111599 0.341498 0.026000
v 0.111210 0.341435 0.024565
v 0.109000 0.341498 0.023401
v 0.110498 0.340000 0.023401
v 0.110435 0.341435 0.023790
vn 0.0119 -0.0136 0.9998
vn 0.0119 0.0136 0.9998
vn -0.0119 0.0136 0.9998
vn -0.0119 -0.0136 0.9998
vn 0.9998 -0.0136 -0.0119
vn 0.9998 0.0136 -0.0119
vn 0.9998 0.0136 0.0119
vn 0.9998 -0.0136 0.0119
vn 0.0120 0.9999 -0.0120
vn -0.0120 0.9999 -0.0120
vn -0.0120 0.9999 0.0120
vn 0.0120 0.9999 0.0120
vn -0.9998 -0.0136 0.0119
vn -0.9998 0.0136 0.0119
vn -0.9998 0.0136 -0.0119
vn -0.9998 -0.0136 -0.0119
vn -0.0119 -0.0136 -0.9998
vn -0.0119 0.0136 -0.9998
vn 0.0119 0.0136 -0.9998
vn 0.0119 -0.0136 -0.9998
vn -0.0120 -0.9999 0.0120
vn -0.0102 -0.8662 0.4997
vn -0.4178 -0.8067 0.4178
vn -0.4997 -0.8662 0.0102
vn -0.0102 -0.8661 0.4997
vn -0.0102 -0.4997 0.8661
vn -0.4178 -0.4179 0.8067
vn -0.4178 -0.8067 0.4179
vn -0.0120 -0.0136 0.9998
vn -0.4996 -0.0116 0.8662
vn -0.4178 -0.4178 0.8067
vn -0.0102 -0.4997 0.8662
vn -0.8662 -0.0116 0.4996
vn -0.8067 -0.4178 0.4179
vn -0.4179 -0.4178 0.8067
vn -0.9998 -0.0136 0.0120
vn -0.8662 -0.4997 0.0102
vn -0.8067 -0.4178 0.4178
vn -0.8661 -0.4997 0.0102
vn -0.4997 -0.8661 0.0102
vn -0.4179 -0.8067 0.4178
vn -0.8067 -0.4179 0.4178
vn -0.0120 0.0136 0.9998
vn -0.0102 0.4997 0.8662
vn -0.4178 0.4178 0.8067
vn -0.4996 0.0116 0.8662
vn -0.0102 0.4997 0.8661
vn -0.0102 0.8661 0.4997
vn -0.4178 0.8067 0.4179
vn -0.4178 0.4179 0.8067
vn -0.4997 0.8662 0.0102
vn -0.4178 0.8067 0.4178
vn -0.0102 0.8662 0.4997
vn -0.4997 0.8661 0.0102
vn -0.8661 0.4997 0.0102
vn -0.8067 0.4179 0.4178
vn -0.4179 0.8067 0.4178
vn -0.9998 0.0136 0.0120
vn -0.8662 0.0116 0.4996
vn -0.8067 0.4178 0.4178
vn -0.8662 0.4997 0.0102
vn -0.4179 0.4178 0.8067
vn -0.8067 0.4178 0.4179
vn -0.0120 -0.9999 -0.0120
vn -0.4997 -0.8662 -0.0102
vn -0.4178 -0.8067 -0.4178
vn -0.0102 -0.8662 -0.4997
vn -0.4997 -0.8661 -0.0102
vn -0.8661 -0.4997 -0.0102
vn -0.8067 -0.4179 -0.4178
vn -0.4179 -0.8067 -0.4178
vn -0.9998 -0.0136 -0.0120
vn -0.8662 -0.0116 -0.4996
vn -0.8067 -0.4178 -0.4178
vn -0.8662 -0.4997 -0.0102
vn -0.4996 -0.0116 -0.8662
vn -0.4179 -0.4178 -0.8067
vn -0.8067 -0.4178 -0.4179
vn -0.0120 -0.0136 -0.9998
vn -0.0102 -0.4997 -0.8662
vn -0.4178 -0.4178 -0.8067
vn -0.0102 -0.4997 -0.8661
vn -0.0102 -0.8661 -0.4997
vn -0.4178 -0.8067 -0.4179
vn -0.4178 -0.4179 -0.8067
vn -0.0102 0.8662 -0.4997
vn -0.4178 0.8067 -0.4178
vn -0.4997 0.8662 -0.0102
vn -0.0102 0.8661 -0.4997
vn -0.0102 0.4997 -0.8661
vn -0.4178 0.4179 -0.8067
vn -0.4178 0.8067 -0.4179
vn -0.0120 0.0136 -0.9998
vn -0.4996 0.0116 -0.8662
vn -0.4178 0.4178 -0.8067
vn -0.0102 0.4997 -0.8662
vn -0.8662 0.0116 -0.4996
vn -0.8067 0.4178 -0.4179
vn -0.4179 0.4178 -0.8067
vn -0.9998 0.0136 -0.0120
vn -0.8662 0.4997 -0.0102
vn -0.8067 0.4178 -0.4178
vn -0.8661 0.4997 -0.0102
vn -0.4997 0.8661 -0.0102
vn -0.4179 0.8067 -0.4178
vn -0.8067 0.4179 -0.4178
vn 0.0120 -0.9999 0.0120
vn 0.4997 -0.8662 0.0102
vn 0.4178 -0.8067 0.4178
vn 0.0102 -0.8662 0.4997
vn 0.4997 -0.8661 0.0102
vn 0.8661 -0.4997 0.0102
vn 0.8067 -0.4179 0.4178
vn 0.4179 -0.8067 0.4178
vn 0.9998 -0.0136 0.0120
vn 0.8662 -0.0116 0.4996
vn 0.8067 -0.4178 0.4178
vn 0.8662 -0.4997 0.0102
vn 0.4996 -0.0116 0.8662
vn 0.4179 -0.4178 0.8067
vn 0.8067 -0.4178 0.4179
vn 0.0120 -0.0136 0.9998
vn 0.0102 -0.4997 0.8662
vn 0.4178 -0.4178 0.8067
vn 0.0102 -0.4997 0.8661
vn 0.0102 -0.8661 0.4997
vn 0.4178 -0.8067 0.4179
vn 0.4178 -0.4179 0.8067
vn 0.0102 0.8662 0.4997
vn 0.4178 0.8067 0.4178
vn 0.4997 0.8662 0.0102
vn 0.0102 0.8661 0.4997
vn 0.0102 0.4997 0.8661
vn 0.4178 0.4179 0.8067
vn 0.4178 0.8067 0.4179
vn 0.0120 0.0136 0.9998
vn 0.4996 0.0116 0.8662
vn 0.4178 0.4178 0.8067
vn 0.0102 0.4997 0.8662
vn 0.8662 0.0116 0.4996
vn 0.8067 0.4178 0.4179
vn 0.4179 0.4178 0.8067
vn 0.9998 0.0136 0.0120
vn 0.8662 0.4997 0.0102
vn 0.8067 0.4178 0.4178
vn 0.8661 0.4997 0.0102
vn 0.4997 0.8661 0.0102
vn 0.4179 0.8067 0.4178
vn 0.8067 0.4179 0.4178
vn 0.0120 -0.9999 -0.0120
vn 0.0102 -0.8662 -0.4997
vn 0.4178 -0.8067 -0.4178
vn 0.4997 -0.8662 -0.0102
vn 0.0102 -0.8661 -0.4997
vn 0.0102 -0.4997 -0.8661
vn 0.4178 -0.4179 -0.8067
vn 0.4178 -0.8067 -0.4179
vn 0.0120 -0.0136 -0.9998
vn 0.4996 -0.0116 -0.8662
vn 0.4178 -0.4178 -0.8067
vn 0.0102 -0.4997 -0.8662
vn 0.8662 -0.0116 -0.4996
vn 0.8067 -0.4178 -0.4179
vn 0.4179 -0.4178 -0.8067
vn 0.9998 -0.0136 -0.0120
vn 0.8662 -0.4997 -0.0102
vn 0.8067 -0.4178 -0.4178
vn 0.8661 -0.4997 -0.0102
vn 0.4997 -0.8661 -0.0102
vn 0.4179 -0.8067 -0.4178
vn 0.8067 -0.4179 -0.4178
vn 0.4997 0.8662 -0.0102
vn 0.4178 0.8067 -0.4178
vn 0.0102 0.8662 -0.4997
vn 0.4997 0.8661 -0.0102
vn 0.8661 0.4997 -0.0102
vn 0.8067 0.4179 -0.4178
vn 0.4179 0.8067 -0.4178
vn 0.9998 0.0136 -0.0120
vn 0.8662 0.0116 -0.4996
vn 0.8067 0.4178 -0.4178
vn 0.8662 0.4997 -0.0102
vn 0.4996 0.0116 -0.8662
vn 0.4179 0.4178 -0.8067
vn 0.8067 0.4178 -0.4179
vn 0.0120 0.0136 -0.9998
vn 0.0102 0.4997 -0.8662
vn 0.4178 0.4178 -0.8067
vn 0.0102 0.4997 -0.8661
vn 0.0102 0.8661 -0.4997
vn 0.4178 0.8067 -0.4179
vn 0.4178 0.4179 -0.8067
vn -0.4996 -0.8662 0.0102
vn -0.4996 -0.8662 -0.0102
vn -0.8662 -0.4996 -0.0102
vn -0.8662 -0.4996 0.0102
vn -0.4995 0.0115 0.8662
vn -0.4995 -0.0115 0.8662
vn -0.4996 -0.0115 0.8662
vn -0.4996 0.0115 0.8662
vn -0.8662 0.0115 0.4996
vn -0.8662 -0.0115 0.4996
vn -0.8662 -0.0115 0.4995
vn -0.8662 0.0115 0.4995
vn -0.4996 0.8662 -0.0102
vn -0.4996 0.8662 0.0102
vn -0.8662 0.4996 0.0102
vn -0.8662 0.4996 -0.0102
vn -0.4995 -0.0115 -0.8662
vn -0.4995 0.0115 -0.8662
vn -0.4996 0.0115 -0.8662
vn -0.4996 -0.0115 -0.8662
vn -0.8662 -0.0115 -0.4996
vn -0.8662 0.0115 -0.4996
vn -0.8662 0.0115 -0.4995
vn -0.8662 -0.0115 -0.4995
vn -0.0102 -0.8662 -0.4996
vn 0.0102 -0.8662 -0.4996
vn 0.0102 -0.4996 -0.8662
vn -0.0102 -0.4996 -0.8662
vn 0.0102 0.8662 -0.4996
vn -0.0102 0.8662 -0.4996
vn -0.0102 0.4996 -0.8662
vn 0.0102 0.4996 -0.8662
vn 0.8662 -0.0115 -0.4995
vn 0.8662 0.0115 -0.4995
vn 0.8662 0.0115 -0.4996
vn 0.8662 -0.0115 -0.4996
vn 0.4996 -0.0115 -0.8662
vn 0.4996 0.0115 -0.8662
vn 0.4995 0.0115 -0.8662
vn 0.4995 -0.0115 -0.8662
vn 0.4996 -0.8662 -0.0102
vn 0.4996 -0.8662 0.0102
vn 0.8662 -0.4996 0.0102
vn 0.8662 -0.4996 -0.0102
vn 0.4996 0.8662 0.0102
vn 0.4996 0.8662 -0.0102
vn 0.8662 0.4996 -0.0102
vn 0.8662 0.4996 0.0102
vn 0.4995 -0.0115 0.8662
vn 0.4995 0.0115 0.8662
vn 0.4996 0.0115 0.8662
vn 0.4996 -0.0115 0.8662
vn 0.8662 -0.0115 0.4996
vn 0.8662 0.0115 0.4996
vn 0.8662 0.0115 0.4995
vn 0.8662 -0.0115 0.4995
vn 0.0102 -0.8662 0.4996
vn -0.0102 -0.8662 0.4996
vn -0.0102 -0.4996 0.8662
vn 0.0102 -0.4996 0.8662
vn -0.0102 0.8662 0.4996
vn 0.0102 0.8662 0.4996
vn 0.0102 0.4996 0.8662
vn -0.0102 0.4996 0.8662
vt 0.397059 0.769737
vt 0.602941 0.769737
vt 0.602941 0.980263
vt 0.397059 0.980263
vt 0.397059 0.519737
vt 0.602941 0.519737
vt 0.602941 0.730263
vt 0.397059 0.730263
vt 0.644737 0.519737
vt 0.855263 0.519737
vt 0.855263 0.730263
vt 0.644737 0.730263
vt 0.397059 0.019737
vt 0.602941 0.019737
vt 0.602941 0.230263
vt 0.397059 0.230263
vt 0.397059 0.269737
vt 0.602941 0.269737
vt 0.602941 0.480263
vt 0.397059 0.480263
vt 0.144737 0.730263
vt 0.144737 0.740119
vt 0.135298 0.739702
vt 0.134881 0.730263
vt 0.144737 0.750000
vt 0.135298 0.750000
vt 0.397059 1.000000
vt 0.375000 0.989702
vt 0.375000 0.980263
vt 0.397059 0.000000
vt 0.397059 0.009881
vt 0.375000 0.010298
vt 0.375000 0.000000
vt 0.375000 0.019737
vt 0.125000 0.730263
vt 0.125000 0.739702
vt 0.613956 0.980263
vt 0.613490 0.989702
vt 0.602941 1.000000
vt 0.625000 0.980263
vt 0.625000 0.989702
vt 0.875000 0.730263
vt 0.864702 0.750000
vt 0.855263 0.750000
vt 0.625000 0.019737
vt 0.613956 0.019737
vt 0.613490 0.010298
vt 0.625000 0.000000
vt 0.602941 0.009881
vt 0.602941 0.000000
vt 0.613490 0.005198
vt 0.613490 0.994802
vt 0.144737 0.519737
vt 0.134881 0.519737
vt 0.135298 0.510298
vt 0.144737 0.509881
vt 0.125000 0.519737
vt 0.125000 0.510298
vt 0.397059 0.240119
vt 0.375000 0.239702
vt 0.375000 0.230263
vt 0.397059 0.259881
vt 0.375000 0.260298
vt 0.375000 0.269737
vt 0.144737 0.500000
vt 0.135298 0.500000
vt 0.855263 0.500000
vt 0.864702 0.500000
vt 0.875000 0.519737
vt 0.625000 0.269737
vt 0.613956 0.269737
vt 0.613490 0.260298
vt 0.625000 0.260298
vt 0.602941 0.259881
vt 0.602941 0.240119
vt 0.613490 0.239702
vt 0.613956 0.230263
vt 0.625000 0.230263
vt 0.625000 0.250000
vt 0.613490 0.255198
vt 0.355263 0.730263
vt 0.365119 0.730263
vt 0.364702 0.739702
vt 0.355263 0.740119
vt 0.386044 0.730263
vt 0.386510 0.739702
vt 0.397059 0.740119
vt 0.397059 0.759881
vt 0.375000 0.760298
vt 0.375000 0.769737
vt 0.355263 0.750000
vt 0.364702 0.750000
vt 0.369802 0.739702
vt 0.644737 0.750000
vt 0.635298 0.750000
vt 0.634881 0.730263
vt 0.625000 0.769737
vt 0.613956 0.769737
vt 0.613490 0.760298
vt 0.625000 0.760298
vt 0.602941 0.759881
vt 0.602941 0.740119
vt 0.613490 0.739702
vt 0.613956 0.730263
vt 0.613490 0.755198
vt 0.355263 0.519737
vt 0.355263 0.509881
vt 0.364702 0.510298
vt 0.365119 0.519737
vt 0.355263 0.500000
vt 0.364702 0.500000
vt 0.397059 0.490119
vt 0.375000 0.489702
vt 0.375000 0.480263
vt 0.397059 0.509881
vt 0.386510 0.510298
vt 0.386044 0.519737
vt 0.369802 0.510298
vt 0.634881 0.519737
vt 0.635298 0.510298
vt 0.644737 0.500000
vt 0.613956 0.519737
vt 0.613490 0.510298
vt 0.602941 0.509881
vt 0.602941 0.490119
vt 0.613490 0.489702
vt 0.613956 0.480263
vt 0.625000 0.480263
vt 0.619190 0.489702
vt 0.619191 0.510298
vt 0.613490 0.505198
s 0
usemtl Flight_controller_orange
f 51/1/1 62/2/2 13/3/3 2/4/4
f 75/5/5 86/6/6 63/7/7 50/8/8
f 85/9/9 37/10/10 14/11/11 61/12/12
f 3/13/13 15/14/14 39/15/15 26/16/16
f 27/17/17 38/18/18 87/19/19 74/20/20
f 1/21/21 4/22/22 6/23/23 5/24/24
f 4/22/25 8/25/26 9/26/27 6/23/28
f 2/4/29 7/27/30 9/28/31 8/29/32
f 7/30/30 11/31/33 12/32/34 9/33/35
f 3/13/36 10/34/37 12/32/38 11/31/33
f 10/35/39 5/24/40 6/23/41 12/36/42
f 6/23/28 9/26/35 12/36/42
f 13/3/43 16/37/44 18/38/45 17/39/46
f 16/37/47 20/40/48 21/41/49 18/38/50
f 14/11/11 19/42/51 21/43/52 20/44/53
f 19/45/54 23/46/55 24/47/56 21/48/57
f 15/14/58 22/49/59 24/47/60 23/46/61
f 22/49/59 17/50/46 18/51/62 24/47/63
f 18/38/50 21/41/57 24/52/63
f 25/53/64 28/54/65 30/55/66 29/56/67
f 28/54/68 32/57/69 33/58/70 30/55/71
f 26/16/72 31/59/73 33/60/74 32/61/75
f 31/59/73 35/62/76 36/63/77 33/60/78
f 27/17/79 34/64/80 36/63/81 35/62/76
f 34/65/82 29/56/83 30/55/84 36/66/85
f 30/55/71 33/58/78 36/66/85
f 37/10/10 40/67/86 42/68/87 41/69/88
f 40/70/89 44/71/90 45/72/91 42/73/92
f 38/18/93 43/74/94 45/72/95 44/71/96
f 43/74/94 47/75/97 48/76/98 45/72/99
f 39/15/100 46/77/101 48/76/102 47/75/97
f 46/77/103 41/78/104 42/79/105 48/76/106
f 42/73/92 45/72/99 48/80/106
f 49/81/107 52/82/108 54/83/109 53/84/110
f 52/82/111 56/85/112 57/86/113 54/83/114
f 50/8/115 55/87/116 57/86/117 56/85/118
f 55/87/116 59/88/119 60/89/120 57/86/121
f 51/1/122 58/90/123 60/89/124 59/88/119
f 58/91/125 53/84/126 54/83/127 60/92/128
f 54/83/114 57/93/121 60/92/128
f 61/12/12 64/94/129 66/95/130 65/96/131
f 64/97/132 68/98/133 69/99/134 66/100/135
f 62/2/136 67/101/137 69/99/138 68/98/139
f 67/101/137 71/102/140 72/103/141 69/99/142
f 63/7/143 70/104/144 72/103/145 71/102/140
f 70/104/146 65/96/147 66/95/148 72/103/149
f 66/100/135 69/99/142 72/105/149
f 73/106/150 76/107/151 78/108/152 77/109/153
f 76/107/154 80/110/155 81/111/156 78/108/157
f 74/20/158 79/112/159 81/113/160 80/114/161
f 79/112/159 83/115/162 84/116/163 81/113/164
f 75/5/165 82/117/166 84/116/167 83/115/162
f 82/117/168 77/109/169 78/108/170 84/116/171
f 78/108/157 81/111/164 84/118/171
f 85/9/9 88/119/172 90/120/173 89/121/174
f 88/119/175 92/122/176 93/123/177 90/120/178
f 86/6/179 91/124/180 93/123/181 92/122/182
f 91/124/180 95/125/183 96/126/184 93/123/185
f 87/19/186 94/127/187 96/126/188 95/125/183
f 94/127/189 89/128/190 90/129/191 96/126/192
f 90/130/178 93/123/185 96/131/192
f 25/53/64 1/21/21 5/24/193 28/54/194
f 28/54/68 5/24/40 10/35/39 32/57/69
f 32/61/195 10/34/196 3/13/36 26/16/72
f 2/4/29 13/3/43 17/39/197 7/27/198
f 7/30/199 17/50/200 22/49/201 11/31/202
f 11/31/203 22/49/204 15/14/58 3/13/36
f 14/11/11 37/10/10 41/69/205 19/42/206
f 19/45/54 41/78/104 46/77/103 23/46/55
f 23/46/207 46/77/208 39/15/100 15/14/58
f 38/18/93 27/17/79 35/62/209 43/74/210
f 43/74/211 35/62/212 31/59/213 47/75/214
f 47/75/215 31/59/216 26/16/72 39/15/100
f 73/106/150 25/53/64 29/56/217 76/107/218
f 76/107/154 29/56/83 34/65/82 80/110/155
f 80/114/219 34/64/220 27/17/79 74/20/158
f 37/10/10 85/9/9 89/121/221 40/67/222
f 40/70/89 89/128/190 94/127/189 44/71/90
f 44/71/223 94/127/224 87/19/186 38/18/93
f 86/6/179 75/5/165 83/115/225 91/124/226
f 91/124/227 83/115/228 79/112/229 95/125/230
f 95/125/231 79/112/232 74/20/158 87/19/186
f 49/81/107 73/106/150 77/109/233 52/82/234
f 52/82/111 77/109/169 82/117/168 56/85/112
f 56/85/235 82/117/236 75/5/165 50/8/115
f 85/9/9 61/12/12 65/96/237 88/119/238
f 88/119/175 65/96/147 70/104/146 92/122/176
f 92/122/239 70/104/240 63/7/143 86/6/179
f 62/2/136 51/1/122 59/88/241 67/101/242
f 67/101/243 59/88/244 55/87/245 71/102/246
f 71/102/247 55/87/248 50/8/115 63/7/143
f 1/21/21 49/81/107 53/84/249 4/22/250
f 4/22/25 53/84/126 58/91/125 8/25/26
f 8/29/251 58/90/252 51/1/122 2/4/29
f 61/12/12 14/11/11 20/44/253 64/94/254
f 64/97/132 20/40/48 16/37/47 68/98/133
f 68/98/255 16/37/256 13/3/43 62/2/136
f 25/53/64 73/106/150 49/81/107 1/21/21
o Cube_marking
v 0.100300 0.343580 0.044248
v 0.100300 0.343580 0.045896
v 0.102532 0.343580 0.045896
v 0.102532 0.343580 0.046600
v 0.100300 0.343580 0.046600
v 0.100300 0.343580 0.048296
v 0.102684 0.343580 0.048296
v 0.102684 0.343580 0.049000
v 0.099516 0.343580 0.049000
v 0.099516 0.343580 0.043544
v 0.102612 0.343580 0.043544
v 0.102612 0.343580 0.044248
v 0.096596 0.343580 0.043544
v 0.096876 0.343580 0.043558
v 0.097129 0.343580 0.043599
v 0.097355 0.343580 0.043665
v 0.097554 0.343580 0.043752
v 0.097728 0.343580 0.043859
v 0.097877 0.343580 0.043982
v 0.098001 0.343580 0.044120
v 0.098102 0.343580 0.044269
v 0.098179 0.343580 0.044428
v 0.098233 0.343580 0.044594
v 0.098265 0.343580 0.044764
v 0.098276 0.343580 0.044936
v 0.098270 0.343580 0.045074
v 0.098254 0.343580 0.045204
v 0.098226 0.343580 0.045325
v 0.098187 0.343580 0.045440
v 0.098136 0.343580 0.045546
v 0.098073 0.343580 0.045646
v 0.097999 0.343580 0.045739
v 0.097912 0.343580 0.045824
v 0.097814 0.343580 0.045903
v 0.097703 0.343580 0.045976
v 0.097580 0.343580 0.046043
v 0.097444 0.343580 0.046104
v 0.097444 0.343580 0.046120
v 0.097641 0.343580 0.046166
v 0.097825 0.343580 0.046227
v 0.097993 0.343580 0.046303
v 0.098147 0.343580 0.046393
v 0.098285 0.343580 0.046497
v 0.098406 0.343580 0.046613
v 0.098510 0.343580 0.046741
v 0.098597 0.343580 0.046881
v 0.098666 0.343580 0.047032
v 0.098715 0.343580 0.047194
v 0.098746 0.343580 0.047364
v 0.098756 0.343580 0.047544
v 0.098745 0.343580 0.047714
v 0.098712 0.343580 0.047885
v 0.098656 0.343580 0.048055
v 0.098575 0.343580 0.048220
v 0.098467 0.343580 0.048378
v 0.098333 0.343580 0.048524
v 0.098170 0.343580 0.048656
v 0.097977 0.343580 0.048772
v 0.097754 0.343580 0.048867
v 0.097498 0.343580 0.048939
v 0.097208 0.343580 0.048984
v 0.096884 0.343580 0.049000
v 0.095012 0.343580 0.049000
v 0.095012 0.343580 0.043544
v 0.096316 0.343580 0.045880
v 0.096502 0.343580 0.045874
v 0.096671 0.343580 0.045856
v 0.096823 0.343580 0.045826
v 0.096960 0.343580 0.045784
v 0.097079 0.343580 0.045729
v 0.097183 0.343580 0.045663
v 0.097270 0.343580 0.045584
v 0.097342 0.343580 0.045494
v 0.097397 0.343580 0.045391
v 0.097437 0.343580 0.045275
v 0.097460 0.343580 0.045148
v 0.097468 0.343580 0.045008
v 0.097463 0.343580 0.044907
v 0.097447 0.343580 0.044810
v 0.097420 0.343580 0.044717
v 0.097381 0.343580 0.044630
v 0.097329 0.343580 0.044549
v 0.097262 0.343580 0.044475
v 0.097180 0.343580 0.044410
v 0.097083 0.343580 0.044354
v 0.096969 0.343580 0.044309
v 0.096837 0.343580 0.044276
v 0.096686 0.343580 0.044255
v 0.096516 0.343580 0.044248
v 0.095796 0.343580 0.044248
v 0.095796 0.343580 0.045880
v 0.096780 0.343580 0.048296
v 0.096996 0.343580 0.048287
v 0.097186 0.343580 0.048260
v 0.097351 0.343580 0.048218
v 0.097492 0.343580 0.048163
v 0.097611 0.343580 0.048095
v 0.097709 0.343580 0.048017
v 0.097788 0.343580 0.047931
v 0.097850 0.343580 0.047837
v 0.097895 0.343580 0.047739
v 0.097925 0.343580 0.047638
v 0.097943 0.343580 0.047535
v 0.097948 0.343580 0.047432
v 0.097940 0.343580 0.047311
v 0.097916 0.343580 0.047197
v 0.097875 0.343580 0.047090
v 0.097818 0.343580 0.046992
v 0.097744 0.343580 0.046902
v 0.097653 0.343580 0.046822
v 0.097545 0.343580 0.046752
v 0.097419 0.343580 0.046694
v 0.097276 0.343580 0.046647
v 0.097116 0.343580 0.046612
v 0.096937 0.343580 0.046591
v 0.096740 0.343580 0.046584
v 0.095796 0.343580 0.046584
v 0.095796 0.343580 0.048296
v 0.093915 0.343580 0.047180
v 0.093865 0.343580 0.047484
v 0.093782 0.343580 0.047766
v 0.093664 0.343580 0.048024
v 0.093514 0.343580 0.048258
v 0.093329 0.343580 0.048465
v 0.093111 0.343580 0.048644
v 0.092858 0.343580 0.048794
v 0.092572 0.343580 0.048914
v 0.092251 0.343580 0.049001
v 0.091897 0.343580 0.049054
v 0.091508 0.343580 0.049072
v 0.091221 0.343580 0.049058
v 0.090940 0.343580 0.049017
v 0.090667 0.343580 0.048947
v 0.090407 0.343580 0.048849
v 0.090163 0.343580 0.048721
v 0.089940 0.343580 0.048562
v 0.089741 0.343580 0.048372
v 0.089569 0.343580 0.048151
v 0.089429 0.343580 0.047897
v 0.089324 0.343580 0.047611
v 0.089259 0.343580 0.047291
v 0.089236 0.343580 0.046936
v 0.089236 0.343580 0.043544
v 0.090020 0.343580 0.043544
v 0.090020 0.343580 0.046768
v 0.090022 0.343580 0.046915
v 0.090027 0.343580 0.047048
v 0.090036 0.343580 0.047168
v 0.090050 0.343580 0.047277
v 0.090068 0.343580 0.047376
v 0.090091 0.343580 0.047466
v 0.090119 0.343580 0.047548
v 0.090153 0.343580 0.047624
v 0.090192 0.343580 0.047695
v 0.090238 0.343580 0.047762
v 0.090289 0.343580 0.047826
v 0.090348 0.343580 0.047888
v 0.090428 0.343580 0.047963
v 0.090511 0.343580 0.048031
v 0.090597 0.343580 0.048092
v 0.090687 0.343580 0.048147
v 0.090780 0.343580 0.048195
v 0.090876 0.343580 0.048237
v 0.090976 0.343580 0.048272
v 0.091079 0.343580 0.048301
v 0.091185 0.343580 0.048323
v 0.091295 0.343580 0.048339
v 0.091408 0.343580 0.048349
v 0.091524 0.343580 0.048352
v 0.091670 0.343580 0.048348
v 0.091810 0.343580 0.048337
v 0.091942 0.343580 0.048318
v 0.092067 0.343580 0.048293
v 0.092185 0.343580 0.048262
v 0.092296 0.343580 0.048225
v 0.092399 0.343580 0.048183
v 0.092495 0.343580 0.048136
v 0.092584 0.343580 0.048085
v 0.092665 0.343580 0.048031
v 0.092738 0.343580 0.047973
v 0.092804 0.343580 0.047912
v 0.092870 0.343580 0.047840
v 0.092927 0.343580 0.047762
v 0.092976 0.343580 0.047680
v 0.093018 0.343580 0.047592
v 0.093052 0.343580 0.047500
v 0.093081 0.343580 0.047403
v 0.093104 0.343580 0.047301
v 0.093121 0.343580 0.047194
v 0.093134 0.343580 0.047083
v 0.093142 0.343580 0.046967
v 0.093147 0.343580 0.046846
v 0.093148 0.343580 0.046720
v 0.093148 0.343580 0.043544
v 0.093932 0.343580 0.043544
v 0.093932 0.343580 0.046856
v 0.088166 0.343580 0.044666
v 0.088003 0.343580 0.044582
v 0.087844 0.343580 0.044506
v 0.087686 0.343580 0.044439
v 0.087531 0.343580 0.044380
v 0.087377 0.343580 0.044329
v 0.087224 0.343580 0.044287
v 0.087071 0.343580 0.044252
v 0.086918 0.343580 0.044226
v 0.086764 0.343580 0.044207
v 0.086609 0.343580 0.044196
v 0.086452 0.343580 0.044192
v 0.086147 0.343580 0.044210
v 0.085857 0.343580 0.044263
v 0.085585 0.343580 0.044349
v 0.085333 0.343580 0.044467
v 0.085103 0.343580 0.044613
v 0.084896 0.343580 0.044786
v 0.084715 0.343580 0.044984
v 0.084563 0.343580 0.045205
v 0.084440 0.343580 0.045447
v 0.084351 0.343580 0.045709
v 0.084295 0.343580 0.045987
v 0.084276 0.343580 0.046280
v 0.084294 0.343580 0.046578
v 0.084348 0.343580 0.046858
v 0.084437 0.343580 0.047120
v 0.084557 0.343580 0.047361
v 0.084708 0.343580 0.047580
v 0.084888 0.343580 0.047775
v 0.085095 0.343580 0.047944
v 0.085328 0.343580 0.048087
v 0.085586 0.343580 0.048200
v 0.085865 0.343580 0.048284
v 0.086165 0.343580 0.048335
v 0.086484 0.343580 0.048352
v 0.086639 0.343580 0.048348
v 0.086796 0.343580 0.048334
v 0.086955 0.343580 0.048312
v 0.087115 0.343580 0.048281
v 0.087275 0.343580 0.048242
v 0.087436 0.343580 0.048194
v 0.087597 0.343580 0.048138
v 0.087757 0.343580 0.048073
v 0.087917 0.343580 0.048001
v 0.088076 0.343580 0.047921
v 0.088233 0.343580 0.047832
v 0.088388 0.343580 0.047736
v 0.088388 0.343580 0.048592
v 0.088253 0.343580 0.048660
v 0.088115 0.343580 0.048725
v 0.087974 0.343580 0.048785
v 0.087828 0.343580 0.048841
v 0.087677 0.343580 0.048892
v 0.087520 0.343580 0.048937
v 0.087357 0.343580 0.048977
v 0.087186 0.343580 0.049010
v 0.087007 0.343580 0.049036
v 0.086818 0.343580 0.049056
v 0.086620 0.343580 0.049068
v 0.086412 0.343580 0.049072
v 0.085924 0.343580 0.049040
v 0.085483 0.343580 0.048950
v 0.085088 0.343580 0.048808
v 0.084739 0.343580 0.048621
v 0.084433 0.343580 0.048396
v 0.084172 0.343580 0.048141
v 0.083953 0.343580 0.047862
v 0.083776 0.343580 0.047566
v 0.083640 0.343580 0.047260
v 0.083544 0.343580 0.046951
v 0.083487 0.343580 0.046646
v 0.083468 0.343580 0.046352
v 0.083494 0.343580 0.045946
v 0.083569 0.343580 0.045561
v 0.083691 0.343580 0.045200
v 0.083858 0.343580 0.044866
v 0.084066 0.343580 0.044561
v 0.084313 0.343580 0.044288
v 0.084596 0.343580 0.044050
v 0.084913 0.343580 0.043849
v 0.085260 0.343580 0.043688
v 0.085636 0.343580 0.043570
v 0.086036 0.343580 0.043497
v 0.086460 0.343580 0.043472
v 0.086600 0.343580 0.043475
v 0.086741 0.343580 0.043484
v 0.086884 0.343580 0.043498
v 0.087029 0.343580 0.043519
v 0.087176 0.343580 0.043546
v 0.087327 0.343580 0.043579
v 0.087482 0.343580 0.043619
v 0.087640 0.343580 0.043665
v 0.087804 0.343580 0.043718
v 0.087974 0.343580 0.043778
v 0.088150 0.343580 0.043846
v 0.088332 0.343580 0.043920
v 0.088332 0.343580 0.044760
v 0.100300 0.343420 0.044248
v 0.100300 0.343420 0.045896
v 0.102532 0.343420 0.045896
v 0.102532 0.343420 0.046600
v 0.100300 0.343420 0.046600
v 0.100300 0.343420 0.048296
v 0.102684 0.343420 0.048296
v 0.102684 0.343420 0.049000
v 0.099516 0.343420 0.049000
v 0.099516 0.343420 0.043544
v 0.102612 0.343420 0.043544
v 0.102612 0.343420 0.044248
v 0.096596 0.343420 0.043544
v 0.096876 0.343420 0.043558
v 0.097129 0.343420 0.043599
v 0.097355 0.343420 0.043665
v 0.097554 0.343420 0.043752
v 0.097728 0.343420 0.043859
v 0.097877 0.343420 0.043982
v 0.098001 0.343420 0.044120
v 0.098102 0.343420 0.044269
v 0.098179 0.343420 0.044428
v 0.098233 0.343420 0.044594
v 0.098265 0.343420 0.044764
v 0.098276 0.343420 0.044936
v 0.098270 0.343420 0.045074
v 0.098254 0.343420 0.045204
v 0.098226 0.343420 0.045325
v 0.098187 0.343420 0.045440
v 0.098136 0.343420 0.045546
v 0.098073 0.343420 0.045646
v 0.097999 0.343420 0.045739
v 0.097912 0.343420 0.045824
v 0.097814 0.343420 0.045903
v 0.097703 0.343420 0.045976
v 0.097580 0.343420 0.046043
v 0.097444 0.343420 0.046104
v 0.097444 0.343420 0.046120
v 0.097641 0.343420 0.046166
v 0.097825 0.343420 0.046227
v 0.097993 0.343420 0.046303
v 0.098147 0.343420 0.046393
v 0.098285 0.343420 0.046497
v 0.098406 0.343420 0.046613
v 0.098510 0.343420 0.046741
v 0.098597 0.343420 0.046881
v 0.098666 0.343420 0.047032
v 0.098715 0.343420 0.047194
v 0.098746 0.343420 0.047364
v 0.098756 0.343420 0.047544
v 0.098745 0.343420 0.047714
v 0.098712 0.343420 0.047885
v 0.098656 0.343420 0.048055
v 0.098575 0.343420 0.048220
v 0.098467 0.343420 0.048378
v 0.098333 0.343420 0.048524
v 0.098170 0.343420 0.048656
v 0.097977 0.343420 0.048772
v 0.097754 0.343420 0.048867
v 0.097498 0.343420 0.048939
v 0.097208 0.343420 0.048984
v 0.096884 0.343420 0.049000
v 0.095012 0.343420 0.049000
v 0.095012 0.343420 0.043544
v 0.096316 0.343420 0.045880
v 0.096502 0.343420 0.045874
v 0.096671 0.343420 0.045856
v 0.096823 0.343420 0.045826
v 0.096960 0.343420 0.045784
v 0.097079 0.343420 0.045729
v 0.097183 0.343420 0.045663
v 0.097270 0.343420 0.045584
v 0.097342 0.343420 0.045494
v 0.097397 0.343420 0.045391
v 0.097437 0.343420 0.045275
v 0.097460 0.343420 0.045148
v 0.097468 0.343420 0.045008
v 0.097463 0.343420 0.044907
v 0.097447 0.343420 0.044810
v 0.097420 0.343420 0.044717
v 0.097381 0.343420 0.044630
v 0.097329 0.343420 0.044549
v 0.097262 0.343420 0.044475
v 0.097180 0.343420 0.044410
v 0.097083 0.343420 0.044354
v 0.096969 0.343420 0.044309
v 0.096837 0.343420 0.044276
v 0.096686 0.343420 0.044255
v 0.096516 0.343420 0.044248
v 0.095796 0.343420 0.044248
v 0.095796 0.343420 0.045880
v 0.096780 0.343420 0.048296
v 0.096996 0.343420 0.048287
v 0.097186 0.343420 0.048260
v 0.097351 0.343420 0.048218
v 0.097492 0.343420 0.048163
v 0.097611 0.343420 0.048095
v 0.097709 0.343420 0.048017
v 0.097788 0.343420 0.047931
v 0.097850 0.343420 0.047837
v 0.097895 0.343420 0.047739
v 0.097925 0.343420 0.047638
v 0.097943 0.343420 0.047535
v 0.097948 0.343420 0.047432
v 0.097940 0.343420 0.047311
v 0.097916 0.343420 0.047197
v 0.097875 0.343420 0.047090
v 0.097818 0.343420 0.046992
v 0.097744 0.343420 0.046902
v 0.097653 0.343420 0.046822
v 0.097545 0.343420 0.046752
v 0.097419 0.343420 0.046694
v 0.097276 0.343420 0.046647
v 0.097116 0.343420 0.046612
v 0.096937 0.343420 0.046591
v 0.096740 0.343420 0.046584
v 0.095796 0.343420 0.046584
v 0.095796 0.343420 0.048296
v 0.093915 0.343420 0.047180
v 0.093865 0.343420 0.047484
v 0.093782 0.343420 0.047766
v 0.093664 0.343420 0.048024
v 0.093514 0.343420 0.048258
v 0.093329 0.343420 0.048465
v 0.093111 0.343420 0.048644
v 0.092858 0.343420 0.048794
v 0.092572 0.343420 0.048914
v 0.092251 0.343420 0.049001
v 0.091897 0.343420 0.049054
v 0.091508 0.343420 0.049072
v 0.091221 0.343420 0.049058
v 0.090940 0.343420 0.049017
v 0.090667 0.343420 0.048947
v 0.090407 0.343420 0.048849
v 0.090163 0.343420 0.048721
v 0.089940 0.343420 0.048562
v 0.089741 0.343420 0.048372
v 0.089569 0.343420 0.048151
v 0.089429 0.343420 0.047897
v 0.089324 0.343420 0.047611
v 0.089259 0.343420 0.047291
v 0.089236 0.343420 0.046936
v 0.089236 0.343420 0.043544
v 0.090020 0.343420 0.043544
v 0.090020 0.343420 0.046768
v 0.090022 0.343420 0.046915
v 0.090027 0.343420 0.047048
v 0.090036 0.343420 0.047168
v 0.090050 0.343420 0.047277
v 0.090068 0.343420 0.047376
v 0.090091 0.343420 0.047466
v 0.090119 0.343420 0.047548
v 0.090153 0.343420 0.047624
v 0.090192 0.343420 0.047695
v 0.090238 0.343420 0.047762
v 0.090289 0.343420 0.047826
v 0.090348 0.343420 0.047888
v 0.090428 0.343420 0.047963
v 0.090511 0.343420 0.048031
v 0.090597 0.343420 0.048092
v 0.090687 0.343420 0.048147
v 0.090780 0.343420 0.048195
v 0.090876 0.343420 0.048237
v 0.090976 0.343420 0.048272
v 0.091079 0.343420 0.048301
v 0.091185 0.343420 0.048323
v 0.091295 0.343420 0.048339
v 0.091408 0.343420 0.048349
v 0.091524 0.343420 0.048352
v 0.091670 0.343420 0.048348
v 0.091810 0.343420 0.048337
v 0.091942 0.343420 0.048318
v 0.092067 0.343420 0.048293
v 0.092185 0.343420 0.048262
v 0.092296 0.343420 0.048225
v 0.092399 0.343420 0.048183
v 0.092495 0.343420 0.048136
v 0.092584 0.343420 0.048085
v 0.092665 0.343420 0.048031
v 0.092738 0.343420 0.047973
v 0.092804 0.343420 0.047912
v 0.092870 0.343420 0.047840
v 0.092927 0.343420 0.047762
v 0.092976 0.343420 0.047680
v 0.093018 0.343420 0.047592
v 0.093052 0.343420 0.047500
v 0.093081 0.343420 0.047403
v 0.093104 0.343420 0.047301
v 0.093121 0.343420 0.047194
v 0.093134 0.343420 0.047083
v 0.093142 0.343420 0.046967
v 0.093147 0.343420 0.046846
v 0.093148 0.343420 0.046720
v 0.093148 0.343420 0.043544
v 0.093932 0.343420 0.043544
v 0.093932 0.343420 0.046856
v 0.088166 0.343420 0.044666
v 0.088003 0.343420 0.044582
v 0.087844 0.343420 0.044506
v 0.087686 0.343420 0.044439
v 0.087531 0.343420 0.044380
v 0.087377 0.343420 0.044329
v 0.087224 0.343420 0.044287
v 0.087071 0.343420 0.044252
v 0.086918 0.343420 0.044226
v 0.086764 0.343420 0.044207
v 0.086609 0.343420 0.044196
v 0.086452 0.343420 0.044192
v 0.086147 0.343420 0.044210
v 0.085857 0.343420 0.044263
v 0.085585 0.343420 0.044349
v 0.085333 0.343420 0.044467
v 0.085103 0.343420 0.044613
v 0.084896 0.343420 0.044786
v 0.084715 0.343420 0.044984
v 0.084563 0.343420 0.045205
v 0.084440 0.343420 0.045447
v 0.084351 0.343420 0.045709
v 0.084295 0.343420 0.045987
v 0.084276 0.343420 0.046280
v 0.084294 0.343420 0.046578
v 0.084348 0.343420 0.046858
v 0.084437 0.343420 0.047120
v 0.084557 0.343420 0.047361
v 0.084708 0.343420 0.047580
v 0.084888 0.343420 0.047775
v 0.085095 0.343420 0.047944
v 0.085328 0.343420 0.048087
v 0.085586 0.343420 0.048200
v 0.085865 0.343420 0.048284
v 0.086165 0.343420 0.048335
v 0.086484 0.343420 0.048352
v 0.086639 0.343420 0.048348
v 0.086796 0.343420 0.048334
v 0.086955 0.343420 0.048312
v 0.087115 0.343420 0.048281
v 0.087275 0.343420 0.048242
v 0.087436 0.343420 0.048194
v 0.087597 0.343420 0.048138
v 0.087757 0.343420 0.048073
v 0.087917 0.343420 0.048001
v 0.088076 0.343420 0.047921
v 0.088233 0.343420 0.047832
v 0.088388 0.343420 0.047736
v 0.088388 0.343420 0.048592
v 0.088253 0.343420 0.048660
v 0.088115 0.343420 0.048725
v 0.087974 0.343420 0.048785
v 0.087828 0.343420 0.048841
v 0.087677 0.343420 0.048892
v 0.087520 0.343420 0.048937
v 0.087357 0.343420 0.048977
v 0.087186 0.343420 0.049010
v 0.087007 0.343420 0.049036
v 0.086818 0.343420 0.049056
v 0.086620 0.343420 0.049068
v 0.086412 0.343420 0.049072
v 0.085924 0.343420 0.049040
v 0.085483 0.343420 0.048950
v 0.085088 0.343420 0.048808
v 0.084739 0.343420 0.048621
v 0.084433 0.343420 0.048396
v 0.084172 0.343420 0.048141
v 0.083953 0.343420 0.047862
v 0.083776 0.343420 0.047566
v 0.083640 0.343420 0.047260
v 0.083544 0.343420 0.046951
v 0.083487 0.343420 0.046646
v 0.083468 0.343420 0.046352
v 0.083494 0.343420 0.045946
v 0.083569 0.343420 0.045561
v 0.083691 0.343420 0.045200
v 0.083858 0.343420 0.044866
v 0.084066 0.343420 0.044561
v 0.084313 0.343420 0.044288
v 0.084596 0.343420 0.044050
v 0.084913 0.343420 0.043849
v 0.085260 0.343420 0.043688
v 0.085636 0.343420 0.043570
v 0.086036 0.343420 0.043497
v 0.086460 0.343420 0.043472
v 0.086600 0.343420 0.043475
v 0.086741 0.343420 0.043484
v 0.086884 0.343420 0.043498
v 0.087029 0.343420 0.043519
v 0.087176 0.343420 0.043546
v 0.087327 0.343420 0.043579
v 0.087482 0.343420 0.043619
v 0.087640 0.343420 0.043665
v 0.087804 0.343420 0.043718
v 0.087974 0.343420 0.043778
v 0.088150 0.343420 0.043846
v 0.088332 0.343420 0.043920
v 0.088332 0.343420 0.044760
v 0.088166 0.343420 0.044666
v 0.088166 0.343580 0.044666
v 0.088003 0.343420 0.044582
v 0.088003 0.343580 0.044582
v 0.087844 0.343420 0.044506
v 0.087844 0.343580 0.044506
v 0.087686 0.343420 0.044439
v 0.087686 0.343580 0.044439
v 0.087531 0.343420 0.044380
v 0.087531 0.343580 0.044380
v 0.087377 0.343420 0.044329
v 0.087377 0.343580 0.044329
v 0.087224 0.343420 0.044287
v 0.087224 0.343580 0.044287
v 0.087071 0.343420 0.044252
v 0.087071 0.343580 0.044252
v 0.086918 0.343420 0.044226
v 0.086918 0.343580 0.044226
v 0.086764 0.343420 0.044207
v 0.086764 0.343580 0.044207
v 0.086609 0.343420 0.044196
v 0.086609 0.343580 0.044196
v 0.086452 0.343420 0.044192
v 0.086452 0.343580 0.044192
v 0.086147 0.343420 0.044210
v 0.086147 0.343580 0.044210
v 0.085857 0.343420 0.044263
v 0.085857 0.343580 0.044263
v 0.085585 0.343420 0.044349
v 0.085585 0.343580 0.044349
v 0.085333 0.343420 0.044467
v 0.085333 0.343580 0.044467
v 0.085103 0.343420 0.044613
v 0.085103 0.343580 0.044613
v 0.084896 0.343420 0.044786
v 0.084896 0.343580 0.044786
v 0.084715 0.343420 0.044984
v 0.084715 0.343580 0.044984
v 0.084563 0.343420 0.045205
v 0.084563 0.343580 0.045205
v 0.084440 0.343420 0.045447
v 0.084440 0.343580 0.045447
v 0.084351 0.343420 0.045709
v 0.084351 0.343580 0.045709
v 0.084295 0.343420 0.045987
v 0.084295 0.343580 0.045987
v 0.084276 0.343420 0.046280
v 0.084276 0.343580 0.046280
v 0.084294 0.343420 0.046578
v 0.084294 0.343580 0.046578
v 0.084348 0.343420 0.046858
v 0.084348 0.343580 0.046858
v 0.084437 0.343420 0.047120
v 0.084437 0.343580 0.047120
v 0.084557 0.343420 0.047361
v 0.084557 0.343580 0.047361
v 0.084708 0.343420 0.047580
v 0.084708 0.343580 0.047580
v 0.084888 0.343420 0.047775
v 0.084888 0.343580 0.047775
v 0.085095 0.343420 0.047944
v 0.085095 0.343580 0.047944
v 0.085328 0.343420 0.048087
v 0.085328 0.343580 0.048087
v 0.085586 0.343420 0.048200
v 0.085586 0.343580 0.048200
v 0.085865 0.343420 0.048284
v 0.085865 0.343580 0.048284
v 0.086165 0.343420 0.048335
v 0.086165 0.343580 0.048335
v 0.086484 0.343420 0.048352
v 0.086484 0.343580 0.048352
v 0.086639 0.343420 0.048348
v 0.086639 0.343580 0.048348
v 0.086796 0.343420 0.048334
v 0.086796 0.343580 0.048334
v 0.086955 0.343420 0.048312
v 0.086955 0.343580 0.048312
v 0.087115 0.343420 0.048281
v 0.087115 0.343580 0.048281
v 0.087275 0.343420 0.048242
v 0.087275 0.343580 0.048242
v 0.087436 0.343420 0.048194
v 0.087436 0.343580 0.048194
v 0.087597 0.343420 0.048138
v 0.087597 0.343580 0.048138
v 0.087757 0.343420 0.048073
v 0.087757 0.343580 0.048073
v 0.087917 0.343420 0.048001
v 0.087917 0.343580 0.048001
v 0.088076 0.343420 0.047921
v 0.088076 0.343580 0.047921
v 0.088233 0.343420 0.047832
v 0.088233 0.343580 0.047832
v 0.088388 0.343420 0.047736
v 0.088388 0.343580 0.047736
v 0.088388 0.343420 0.048592
v 0.088388 0.343580 0.048592
v 0.088253 0.343420 0.048660
v 0.088253 0.343580 0.048660
v 0.088115 0.343420 0.048725
v 0.088115 0.343580 0.048725
v 0.087974 0.343420 0.048785
v 0.087974 0.343580 0.048785
v 0.087828 0.343420 0.048841
v 0.087828 0.343580 0.048841
v 0.087677 0.343420 0.048892
v 0.087677 0.343580 0.048892
v 0.087520 0.343420 0.048937
v 0.087520 0.343580 0.048937
v 0.087357 0.343420 0.048977
v 0.087357 0.343580 0.048977
v 0.087186 0.343420 0.049010
v 0.087186 0.343580 0.049010
v 0.087007 0.343420 0.049036
v 0.087007 0.343580 0.049036
v 0.086818 0.343420 0.049056
v 0.086818 0.343580 0.049056
v 0.086620 0.343420 0.049068
v 0.086620 0.343580 0.049068
v 0.086412 0.343420 0.049072
v 0.086412 0.343580 0.049072
v 0.085924 0.343420 0.049040
v 0.085924 0.343580 0.049040
v 0.085483 0.343420 0.048950
v 0.085483 0.343580 0.048950
v 0.085088 0.343420 0.048808
v 0.085088 0.343580 0.048808
v 0.084739 0.343420 0.048621
v 0.084739 0.343580 0.048621
v 0.084433 0.343420 0.048396
v 0.084433 0.343580 0.048396
v 0.084172 0.343420 0.048141
v 0.084172 0.343580 0.048141
v 0.083953 0.343420 0.047862
v 0.083953 0.343580 0.047862
v 0.083776 0.343420 0.047566
v 0.083776 0.343580 0.047566
v 0.083640 0.343420 0.047260
v 0.083640 0.343580 0.047260
v 0.083544 0.343420 0.046951
v 0.083544 0.343580 0.046951
v 0.083487 0.343420 0.046646
v 0.083487 0.343580 0.046646
v 0.083468 0.343420 0.046352
v 0.083468 0.343580 0.046352
v 0.083494 0.343420 0.045946
v 0.083494 0.343580 0.045946
v 0.083569 0.343420 0.045561
v 0.083569 0.343580 0.045561
v 0.083691 0.343420 0.045200
v 0.083691 0.343580 0.045200
v 0.083858 0.343420 0.044866
v 0.083858 0.343580 0.044866
v 0.084066 0.343420 0.044561
v 0.084066 0.343580 0.044561
v 0.084313 0.343420 0.044288
v 0.084313 0.343580 0.044288
v 0.084596 0.343420 0.044050
v 0.084596 0.343580 0.044050
v 0.084913 0.343420 0.043849
v 0.084913 0.343580 0.043849
v 0.085260 0.343420 0.043688
v 0.085260 0.343580 0.043688
v 0.085636 0.343420 0.043570
v 0.085636 0.343580 0.043570
v 0.086036 0.343420 0.043497
v 0.086036 0.343580 0.043497
v 0.086460 0.343420 0.043472
v 0.086460 0.343580 0.043472
v 0.086600 0.343420 0.043475
v 0.086600 0.343580 0.043475
v 0.086741 0.343420 0.043484
v 0.086741 0.343580 0.043484
v 0.086884 0.343420 0.043498
v 0.086884 0.343580 0.043498
v 0.087029 0.343420 0.043519
v 0.087029 0.343580 0.043519
v 0.087176 0.343420 0.043546
v 0.087176 0.343580 0.043546
v 0.087327 0.343420 0.043579
v 0.087327 0.343580 0.043579
v 0.087482 0.343420 0.043619
v 0.087482 0.343580 0.043619
v 0.087640 0.343420 0.043665
v 0.087640 0.343580 0.043665
v 0.087804 0.343420 0.043718
v 0.087804 0.343580 0.043718
v 0.087974 0.343420 0.043778
v 0.087974 0.343580 0.043778
v 0.088150 0.343420 0.043846
v 0.088150 0.343580 0.043846
v 0.088332 0.343420 0.043920
v 0.088332 0.343580 0.043920
v 0.088332 0.343420 0.044760
v 0.088332 0.343580 0.044760
v 0.093915 0.343420 0.047180
v 0.093915 0.343580 0.047180
v 0.093865 0.343420 0.047484
v 0.093865 0.343580 0.047484
v 0.093782 0.343420 0.047766
v 0.093782 0.343580 0.047766
v 0.093664 0.343420 0.048024
v 0.093664 0.343580 0.048024
v 0.093514 0.343420 0.048258
v 0.093514 0.343580 0.048258
v 0.093329 0.343420 0.048465
v 0.093329 0.343580 0.048465
v 0.093111 0.343420 0.048644
v 0.093111 0.343580 0.048644
v 0.092858 0.343420 0.048794
v 0.092858 0.343580 0.048794
v 0.092572 0.343420 0.048914
v 0.092572 0.343580 0.048914
v 0.092251 0.343420 0.049001
v 0.092251 0.343580 0.049001
v 0.091897 0.343420 0.049054
v 0.091897 0.343580 0.049054
v 0.091508 0.343420 0.049072
v 0.091508 0.343580 0.049072
v 0.091221 0.343420 0.049058
v 0.091221 0.343580 0.049058
v 0.090940 0.343420 0.049017
v 0.090940 0.343580 0.049017
v 0.090667 0.343420 0.048947
v 0.090667 0.343580 0.048947
v 0.090407 0.343420 0.048849
v 0.090407 0.343580 0.048849
v 0.090163 0.343420 0.048721
v 0.090163 0.343580 0.048721
v 0.089940 0.343420 0.048562
v 0.089940 0.343580 0.048562
v 0.089741 0.343420 0.048372
v 0.089741 0.343580 0.048372
v 0.089569 0.343420 0.048151
v 0.089569 0.343580 0.048151
v 0.089429 0.343420 0.047897
v 0.089429 0.343580 0.047897
v 0.089324 0.343420 0.047611
v 0.089324 0.343580 0.047611
v 0.089259 0.343420 0.047291
v 0.089259 0.343580 0.047291
v 0.089236 0.343420 0.046936
v 0.089236 0.343580 0.046936
v 0.089236 0.343420 0.043544
v 0.089236 0.343580 0.043544
v 0.090020 0.343420 0.043544
v 0.090020 0.343580 0.043544
v 0.090020 0.343420 0.046768
v 0.090020 0.343580 0.046768
v 0.090022 0.343420 0.046915
v 0.090022 0.343580 0.046915
v 0.090027 0.343420 0.047048
v 0.090027 0.343580 0.047048
v 0.090036 0.343420 0.047168
v 0.090036 0.343580 0.047168
v 0.090050 0.343420 0.047277
v 0.090050 0.343580 0.047277
v 0.090068 0.343420 0.047376
v 0.090068 0.343580 0.047376
v 0.090091 0.343420 0.047466
v 0.090091 0.343580 0.047466
v 0.090119 0.343420 0.047548
v 0.090119 0.343580 0.047548
v 0.090153 0.343420 0.047624
v 0.090153 0.343580 0.047624
v 0.090192 0.343420 0.047695
v 0.090192 0.343580 0.047695
v 0.090238 0.343420 0.047762
v 0.090238 0.343580 0.047762
v 0.090289 0.343420 0.047826
v 0.090289 0.343580 0.047826
v 0.090348 0.343420 0.047888
v 0.090348 0.343580 0.047888
v 0.090428 0.343420 0.047963
v 0.090428 0.343580 0.047963
v 0.090511 0.343420 0.048031
v 0.090511 0.343580 0.048031
v 0.090597 0.343420 0.048092
v 0.090597 0.343580 0.048092
v 0.090687 0.343420 0.048147
v 0.090687 0.343580 0.048147
v 0.090780 0.343420 0.048195
v 0.090780 0.343580 0.048195
v 0.090876 0.343420 0.048237
v 0.090876 0.343580 0.048237
v 0.090976 0.343420 0.048272
v 0.090976 0.343580 0.048272
v 0.091079 0.343420 0.048301
v 0.091079 0.343580 0.048301
v 0.091185 0.343420 0.048323
v 0.091185 0.343580 0.048323
v 0.091295 0.343420 0.048339
v 0.091295 0.343580 0.048339
v 0.091408 0.343420 0.048349
v 0.091408 0.343580 0.048349
v 0.091524 0.343420 0.048352
v 0.091524 0.343580 0.048352
v 0.091670 0.343420 0.048348
v 0.091670 0.343580 0.048348
v 0.091810 0.343420 0.048337
v 0.091810 0.343580 0.048337
v 0.091942 0.343420 0.048318
v 0.091942 0.343580 0.048318
v 0.092067 0.343420 0.048293
v 0.092067 0.343580 0.048293
v 0.092185 0.343420 0.048262
v 0.092185 0.343580 0.048262
v 0.092296 0.343420 0.048225
v 0.092296 0.343580 0.048225
v 0.092399 0.343420 0.048183
v 0.092399 0.343580 0.048183
v 0.092495 0.343420 0.048136
v 0.092495 0.343580 0.048136
v 0.092584 0.343420 0.048085
v 0.092584 0.343580 0.048085
v 0.092665 0.343420 0.048031
v 0.092665 0.343580 0.048031
v 0.092738 0.343420 0.047973
v 0.092738 0.343580 0.047973
v 0.092804 0.343420 0.047912
v 0.092804 0.343580 0.047912
v 0.092870 0.343420 0.047840
v 0.092870 0.343580 0.047840
v 0.092927 0.343420 0.047762
v 0.092927 0.343580 0.047762
v 0.092976 0.343420 0.047680
v 0.092976 0.343580 0.047680
v 0.093018 0.343420 0.047592
v 0.093018 0.343580 0.047592
v 0.093052 0.343420 0.047500
v 0.093052 0.343580 0.047500
v 0.093081 0.343420 0.047403
v 0.093081 0.343580 0.047403
v 0.093104 0.343420 0.047301
v 0.093104 0.343580 0.047301
v 0.093121 0.343420 0.047194
v 0.093121 0.343580 0.047194
v 0.093134 0.343420 0.047083
v 0.093134 0.343580 0.047083
v 0.093142 0.343420 0.046967
v 0.093142 0.343580 0.046967
v 0.093147 0.343420 0.046846
v 0.093147 0.343580 0.046846
v 0.093148 0.343420 0.046720
v 0.093148 0.343580 0.046720
v 0.093148 0.343420 0.043544
v 0.093148 0.343580 0.043544
v 0.093932 0.343420 0.043544
v 0.093932 0.343580 0.043544
v 0.093932 0.343420 0.046856
v 0.093932 0.343580 0.046856
v 0.096596 0.343420 0.043544
v 0.096596 0.343580 0.043544
v 0.096876 0.343420 0.043558
v 0.096876 0.343580 0.043558
v 0.097129 0.343420 0.043599
v 0.097129 0.343580 0.043599
v 0.097355 0.343420 0.043665
v 0.097355 0.343580 0.043665
v 0.097554 0.343420 0.043752
v 0.097554 0.343580 0.043752
v 0.097728 0.343420 0.043859
v 0.097728 0.343580 0.043859
v 0.097877 0.343420 0.043982
v 0.097877 0.343580 0.043982
v 0.098001 0.343420 0.044120
v 0.098001 0.343580 0.044120
v 0.098102 0.343420 0.044269
v 0.098102 0.343580 0.044269
v 0.098179 0.343420 0.044428
v 0.098179 0.343580 0.044428
v 0.098233 0.343420 0.044594
v 0.098233 0.343580 0.044594
v 0.098265 0.343420 0.044764
v 0.098265 0.343580 0.044764
v 0.098276 0.343420 0.044936
v 0.098276 0.343580 0.044936
v 0.098270 0.343420 0.045074
v 0.098270 0.343580 0.045074
v 0.098254 0.343420 0.045204
v 0.098254 0.343580 0.045204
v 0.098226 0.343420 0.045325
v 0.098226 0.343580 0.045325
v 0.098187 0.343420 0.045440
v 0.098187 0.343580 0.045440
v 0.098136 0.343420 0.045546
v 0.098136 0.343580 0.045546
v 0.098073 0.343420 0.045646
v 0.098073 0.343580 0.045646
v 0.097999 0.343420 0.045739
v 0.097999 0.343580 0.045739
v 0.097912 0.343420 0.045824
v 0.097912 0.343580 0.045824
v 0.097814 0.343420 0.045903
v 0.097814 0.343580 0.045903
v 0.097703 0.343420 0.045976
v 0.097703 0.343580 0.045976
v 0.097580 0.343420 0.046043
v 0.097580 0.343580 0.046043
v 0.097444 0.343420 0.046104
v 0.097444 0.343580 0.046104
v 0.097444 0.343420 0.046120
v 0.097444 0.343580 0.046120
v 0.097641 0.343420 0.046166
v 0.097641 0.343580 0.046166
v 0.097825 0.343420 0.046227
v 0.097825 0.343580 0.046227
v 0.097993 0.343420 0.046303
v 0.097993 0.343580 0.046303
v 0.098147 0.343420 0.046393
v 0.098147 0.343580 0.046393
v 0.098285 0.343420 0.046497
v 0.098285 0.343580 0.046497
v 0.098406 0.343420 0.046613
v 0.098406 0.343580 0.046613
v 0.098510 0.343420 0.046741
v 0.098510 0.343580 0.046741
v 0.098597 0.343420 0.046881
v 0.098597 0.343580 0.046881
v 0.098666 0.343420 0.047032
v 0.098666 0.343580 0.047032
v 0.098715 0.343420 0.047194
v 0.098715 0.343580 0.047194
v 0.098746 0.343420 0.047364
v 0.098746 0.343580 0.047364
v 0.098756 0.343420 0.047544
v 0.098756 0.343580 0.047544
v 0.098745 0.343420 0.047714
v 0.098745 0.343580 0.047714
v 0.098712 0.343420 0.047885
v 0.098712 0.343580 0.047885
v 0.098656 0.343420 0.048055
v 0.098656 0.343580 0.048055
v 0.098575 0.343420 0.048220
v 0.098575 0.343580 0.048220
v 0.098467 0.343420 0.048378
v 0.098467 0.343580 0.048378
v 0.098333 0.343420 0.048524
v 0.098333 0.343580 0.048524
v 0.098170 0.343420 0.048656
v 0.098170 0.343580 0.048656
v 0.097977 0.343420 0.048772
v 0.097977 0.343580 0.048772
v 0.097754 0.343420 0.048867
v 0.097754 0.343580 0.048867
v 0.097498 0.343420 0.048939
v 0.097498 0.343580 0.048939
v 0.097208 0.343420 0.048984
v 0.097208 0.343580 0.048984
v 0.096884 0.343420 0.049000
v 0.096884 0.343580 0.049000
v 0.095012 0.343420 0.049000
v 0.095012 0.343580 0.049000
v 0.095012 0.343420 0.043544
v 0.095012 0.343580 0.043544
v 0.096316 0.343420 0.045880
v 0.096316 0.343580 0.045880
v 0.096502 0.343420 0.045874
v 0.096502 0.343580 0.045874
v 0.096671 0.343420 0.045856
v 0.096671 0.343580 0.045856
v 0.096823 0.343420 0.045826
v 0.096823 0.343580 0.045826
v 0.096960 0.343420 0.045784
v 0.096960 0.343580 0.045784
v 0.097079 0.343420 0.045729
v 0.097079 0.343580 0.045729
v 0.097183 0.343420 0.045663
v 0.097183 0.343580 0.045663
v 0.097270 0.343420 0.045584
v 0.097270 0.343580 0.045584
v 0.097342 0.343420 0.045494
v 0.097342 0.343580 0.045494
v 0.097397 0.343420 0.045391
v 0.097397 0.343580 0.045391
v 0.097437 0.343420 0.045275
v 0.097437 0.343580 0.045275
v 0.097460 0.343420 0.045148
v 0.097460 0.343580 0.045148
v 0.097468 0.343420 0.045008
v 0.097468 0.343580 0.045008
v 0.097463 0.343420 0.044907
v 0.097463 0.343580 0.044907
v 0.097447 0.343420 0.044810
v 0.097447 0.343580 0.044810
v 0.097420 0.343420 0.044717
v 0.097420 0.343580 0.044717
v 0.097381 0.343420 0.044630
v 0.097381 0.343580 0.044630
v 0.097329 0.343420 0.044549
v 0.097329 0.343580 0.044549
v 0.097262 0.343420 0.044475
v 0.097262 0.343580 0.044475
v 0.097180 0.343420 0.044410
v 0.097180 0.343580 0.044410
v 0.097083 0.343420 0.044354
v 0.097083 0.343580 0.044354
v 0.096969 0.343420 0.044309
v 0.096969 0.343580 0.044309
v 0.096837 0.343420 0.044276
v 0.096837 0.343580 0.044276
v 0.096686 0.343420 0.044255
v 0.096686 0.343580 0.044255
v 0.096516 0.343420 0.044248
v 0.096516 0.343580 0.044248
v 0.095796 0.343420 0.044248
v 0.095796 0.343580 0.044248
v 0.095796 0.343420 0.045880
v 0.095796 0.343580 0.045880
v 0.096780 0.343420 0.048296
v 0.096780 0.343580 0.048296
v 0.096996 0.343420 0.048287
v 0.096996 0.343580 0.048287
v 0.097186 0.343420 0.048260
v 0.097186 0.343580 0.048260
v 0.097351 0.343420 0.048218
v 0.097351 0.343580 0.048218
v 0.097492 0.343420 0.048163
v 0.097492 0.343580 0.048163
v 0.097611 0.343420 0.048095
v 0.097611 0.343580 0.048095
v 0.097709 0.343420 0.048017
v 0.097709 0.343580 0.048017
v 0.097788 0.343420 0.047931
v 0.097788 0.343580 0.047931
v 0.097850 0.343420 0.047837
v 0.097850 0.343580 0.047837
v 0.097895 0.343420 0.047739
v 0.097895 0.343580 0.047739
v 0.097925 0.343420 0.047638
v 0.097925 0.343580 0.047638
v 0.097943 0.343420 0.047535
v 0.097943 0.343580 0.047535
v 0.097948 0.343420 0.047432
v 0.097948 0.343580 0.047432
v 0.097940 0.343420 0.047311
v 0.097940 0.343580 0.047311
v 0.097916 0.343420 0.047197
v 0.097916 0.343580 0.047197
v 0.097875 0.343420 0.047090
v 0.097875 0.343580 0.047090
v 0.097818 0.343420 0.046992
v 0.097818 0.343580 0.046992
v 0.097744 0.343420 0.046902
v 0.097744 0.343580 0.046902
v 0.097653 0.343420 0.046822
v 0.097653 0.343580 0.046822
v 0.097545 0.343420 0.046752
v 0.097545 0.343580 0.046752
v 0.097419 0.343420 0.046694
v 0.097419 0.343580 0.046694
v 0.097276 0.343420 0.046647
v 0.097276 0.343580 0.046647
v 0.097116 0.343420 0.046612
v 0.097116 0.343580 0.046612
v 0.096937 0.343420 0.046591
v 0.096937 0.343580 0.046591
v 0.096740 0.343420 0.046584
v 0.096740 0.343580 0.046584
v 0.095796 0.343420 0.046584
v 0.095796 0.343580 0.046584
v 0.095796 0.343420 0.048296
v 0.095796 0.343580 0.048296
v 0.100300 0.343420 0.044248
v 0.100300 0.343580 0.044248
v 0.100300 0.343420 0.045896
v 0.100300 0.343580 0.045896
v 0.102532 0.343420 0.045896
v 0.102532 0.343580 0.045896
v 0.102532 0.343420 0.046600
v 0.102532 0.343580 0.046600
v 0.100300 0.343420 0.046600
v 0.100300 0.343580 0.046600
v 0.100300 0.343420 0.048296
v 0.100300 0.343580 0.048296
v 0.102684 0.343420 0.048296
v 0.102684 0.343580 0.048296
v 0.102684 0.343420 0.049000
v 0.102684 0.343580 0.049000
v 0.099516 0.343420 0.049000
v 0.099516 0.343580 0.049000
v 0.099516 0.343420 0.043544
v 0.099516 0.343580 0.043544
v 0.102612 0.343420 0.043544
v 0.102612 0.343580 0.043544
v 0.102612 0.343420 0.044248
v 0.102612 0.343580 0.044248
vn -0.0000 1.0000 -0.0000
vn -0.0000 -1.0000 -0.0000
vn -0.4763 -0.0000 0.8793
vn -0.4457 -0.0000 0.8952
vn -0.4117 -0.0000 0.9113
vn -0.3742 -0.0000 0.9273
vn -0.3334 -0.0000 0.9428
vn -0.2897 -0.0000 0.9571
vn -0.2434 -0.0000 0.9699
vn -0.1952 -0.0000 0.9808
vn -0.1460 -0.0000 0.9893
vn -0.0965 -0.0000 0.9953
vn -0.0477 -0.0000 0.9989
vn 0.0180 -0.0000 0.9998
vn 0.1203 -0.0000 0.9927
vn 0.2418 -0.0000 0.9703
vn 0.3623 -0.0000 0.9320
vn 0.4793 -0.0000 0.8776
vn 0.5902 -0.0000 0.8073
vn 0.6922 -0.0000 0.7217
vn 0.7829 -0.0000 0.6221
vn 0.8599 -0.0000 0.5105
vn 0.9212 -0.0000 0.3892
vn 0.9652 -0.0000 0.2614
vn 0.9915 -0.0000 0.1305
vn 1.0000 -0.0000 0.0015
vn 0.9921 -0.0000 -0.1257
vn 0.9670 -0.0000 -0.2546
vn 0.9234 -0.0000 -0.3838
vn 0.8609 -0.0000 -0.5087
vn 0.7808 -0.0000 -0.6248
vn 0.6854 -0.0000 -0.7282
vn 0.5784 -0.0000 -0.8158
vn 0.4637 -0.0000 -0.8860
vn 0.3454 -0.0000 -0.9385
vn 0.2270 -0.0000 -0.9739
vn 0.1113 -0.0000 -0.9938
vn 0.0128 -0.0000 -0.9999
vn -0.0569 -0.0000 -0.9984
vn -0.1116 -0.0000 -0.9938
vn -0.1639 -0.0000 -0.9865
vn -0.2138 -0.0000 -0.9769
vn -0.2616 -0.0000 -0.9652
vn -0.3072 -0.0000 -0.9516
vn -0.3509 -0.0000 -0.9364
vn -0.3927 -0.0000 -0.9196
vn -0.4329 -0.0000 -0.9014
vn -0.4716 -0.0000 -0.8818
vn -0.5088 -0.0000 -0.8609
vn 0.4864 -0.0000 -0.8738
vn 0.8517 -0.0000 0.5240
vn 0.4374 -0.0000 0.8993
vn 0.4081 -0.0000 0.9129
vn 0.3749 -0.0000 0.9271
vn 0.3381 -0.0000 0.9411
vn 0.2984 -0.0000 0.9544
vn 0.2565 -0.0000 0.9666
vn 0.2131 -0.0000 0.9770
vn 0.1690 -0.0000 0.9856
vn 0.1251 -0.0000 0.9922
vn 0.0819 -0.0000 0.9966
vn 0.0401 -0.0000 0.9992
vn -0.0226 -0.0000 0.9997
vn -0.1330 -0.0000 0.9911
vn -0.2704 -0.0000 0.9628
vn -0.4061 -0.0000 0.9138
vn -0.5336 -0.0000 0.8457
vn -0.6474 -0.0000 0.7621
vn -0.7446 -0.0000 0.6675
vn -0.8243 -0.0000 0.5661
vn -0.8876 -0.0000 0.4607
vn -0.9358 -0.0000 0.3524
vn -0.9705 -0.0000 0.2409
vn -0.9923 -0.0000 0.1241
vn -1.0000 -0.0000 0.0004
vn -0.9918 -0.0000 -0.1279
vn -0.9664 -0.0000 -0.2571
vn -0.9232 -0.0000 -0.3844
vn -0.8625 -0.0000 -0.5061
vn -0.7855 -0.0000 -0.6188
vn -0.6942 -0.0000 -0.7198
vn -0.5911 -0.0000 -0.8066
vn -0.4790 -0.0000 -0.8778
vn -0.3610 -0.0000 -0.9325
vn -0.2401 -0.0000 -0.9708
vn -0.1190 -0.0000 -0.9929
vn -0.0192 -0.0000 -0.9998
vn 0.0408 -0.0000 -0.9992
vn 0.0816 -0.0000 -0.9967
vn 0.1217 -0.0000 -0.9926
vn 0.1606 -0.0000 -0.9870
vn 0.1976 -0.0000 -0.9803
vn 0.2325 -0.0000 -0.9726
vn 0.2648 -0.0000 -0.9643
vn 0.2945 -0.0000 -0.9557
vn 0.3214 -0.0000 -0.9469
vn 0.3457 -0.0000 -0.9384
vn 0.3673 -0.0000 -0.9301
vn 0.8299 -0.0000 -0.5579
vn 0.5047 -0.0000 0.8633
vn 0.9942 -0.0000 0.1072
vn 0.9746 -0.0000 0.2240
vn 0.9369 -0.0000 0.3495
vn 0.8778 -0.0000 0.4791
vn 0.7957 -0.0000 0.6057
vn 0.6927 -0.0000 0.7212
vn 0.5744 -0.0000 0.8185
vn 0.4489 -0.0000 0.8936
vn 0.3239 -0.0000 0.9461
vn 0.2057 -0.0000 0.9786
vn 0.0977 -0.0000 0.9952
vn -0.0005 -0.0000 1.0000
vn -0.0963 -0.0000 0.9953
vn -0.1965 -0.0000 0.9805
vn -0.3014 -0.0000 0.9535
vn -0.4110 -0.0000 0.9116
vn -0.5236 -0.0000 0.8520
vn -0.6357 -0.0000 0.7720
vn -0.7418 -0.0000 0.6706
vn -0.8353 -0.0000 0.5497
vn -0.9101 -0.0000 0.4145
vn -0.9621 -0.0000 0.2726
vn -0.9912 -0.0000 0.1326
vn -0.9995 -0.0000 0.0320
vn -0.7071 -0.0000 -0.7071
vn 0.7071 -0.0000 -0.7071
vn 1.0000 -0.0000 -0.0059
vn 0.9997 -0.0000 -0.0260
vn 0.9983 -0.0000 -0.0587
vn 0.9950 -0.0000 -0.1002
vn 0.9884 -0.0000 -0.1517
vn 0.9769 -0.0000 -0.2137
vn 0.9584 -0.0000 -0.2854
vn 0.9313 -0.0000 -0.3643
vn 0.8950 -0.0000 -0.4462
vn 0.8508 -0.0000 -0.5255
vn 0.8021 -0.0000 -0.5971
vn 0.7533 -0.0000 -0.6576
vn 0.7068 -0.0000 -0.7074
vn 0.6593 -0.0000 -0.7519
vn 0.6072 -0.0000 -0.7946
vn 0.5511 -0.0000 -0.8345
vn 0.4916 -0.0000 -0.8708
vn 0.4295 -0.0000 -0.9031
vn 0.3658 -0.0000 -0.9307
vn 0.3015 -0.0000 -0.9535
vn 0.2375 -0.0000 -0.9714
vn 0.1747 -0.0000 -0.9846
vn 0.1139 -0.0000 -0.9935
vn 0.0557 -0.0000 -0.9984
vn 0.0002 -0.0000 -1.0000
vn -0.0543 -0.0000 -0.9985
vn -0.1102 -0.0000 -0.9939
vn -0.1676 -0.0000 -0.9859
vn -0.2262 -0.0000 -0.9741
vn -0.2859 -0.0000 -0.9582
vn -0.3464 -0.0000 -0.9381
vn -0.4074 -0.0000 -0.9133
vn -0.4685 -0.0000 -0.8835
vn -0.5295 -0.0000 -0.8483
vn -0.5899 -0.0000 -0.8075
vn -0.6493 -0.0000 -0.7605
vn -0.7106 -0.0000 -0.7036
vn -0.7742 -0.0000 -0.6330
vn -0.8328 -0.0000 -0.5536
vn -0.8814 -0.0000 -0.4724
vn -0.9196 -0.0000 -0.3929
vn -0.9481 -0.0000 -0.3179
vn -0.9684 -0.0000 -0.2496
vn -0.9820 -0.0000 -0.1890
vn -0.9906 -0.0000 -0.1364
vn -0.9958 -0.0000 -0.0919
vn -0.9985 -0.0000 -0.0548
vn -0.9997 -0.0000 -0.0247
vn -1.0000 -0.0000 -0.0057
vn 0.9997 -0.0000 0.0257
vn 0.0254 -0.0000 -0.9997
vn 0.1058 -0.0000 -0.9944
vn 0.2197 -0.0000 -0.9756
vn 0.3401 -0.0000 -0.9404
vn 0.4626 -0.0000 -0.8866
vn 0.5819 -0.0000 -0.8133
vn 0.6921 -0.0000 -0.7218
vn 0.7883 -0.0000 -0.6153
vn 0.8671 -0.0000 -0.4982
vn 0.9271 -0.0000 -0.3749
vn 0.9684 -0.0000 -0.2493
vn 0.9923 -0.0000 -0.1240
vn 0.9999 -0.0000 -0.0108
vn 0.9965 -0.0000 0.0838
vn 0.9845 -0.0000 0.1756
vn 0.9614 -0.0000 0.2750
vn 0.9255 -0.0000 0.3787
vn 0.8760 -0.0000 0.4822
vn 0.8142 -0.0000 0.5806
vn 0.7430 -0.0000 0.6693
vn 0.6664 -0.0000 0.7456
vn 0.5887 -0.0000 0.8083
vn 0.5135 -0.0000 0.8581
vn 0.4432 -0.0000 0.8964
vn 0.8394 -0.0000 0.5435
vn 0.7831 -0.0000 -0.6218
vn 0.2721 -0.0000 -0.9623
vn 0.3642 -0.0000 -0.9313
vn 0.4589 -0.0000 -0.8885
vn 0.5541 -0.0000 -0.8324
vn 0.6474 -0.0000 -0.7622
vn 0.7354 -0.0000 -0.6777
vn 0.8147 -0.0000 -0.5799
vn 0.8820 -0.0000 -0.4713
vn 0.9349 -0.0000 -0.3550
vn 0.9719 -0.0000 -0.2352
vn 0.9933 -0.0000 -0.1159
vn 1.0000 -0.0000 0.0031
vn 0.9920 -0.0000 0.1262
vn 0.9675 -0.0000 0.2527
vn 0.9253 -0.0000 0.3793
vn 0.8641 -0.0000 0.5034
vn 0.7836 -0.0000 0.6212
vn 0.6856 -0.0000 0.7280
vn 0.5737 -0.0000 0.8191
vn 0.4536 -0.0000 0.8912
vn 0.3315 -0.0000 0.9435
vn 0.2129 -0.0000 0.9771
vn 0.1019 -0.0000 0.9948
vn 0.0244 -0.0000 0.9997
vn -0.7071 -0.0000 0.7071
vn -0.0162 -0.0000 -0.9999
vn -0.0692 -0.0000 -0.9976
vn -0.1499 -0.0000 -0.9887
vn -0.2450 -0.0000 -0.9695
vn -0.3549 -0.0000 -0.9349
vn -0.4774 -0.0000 -0.8787
vn -0.6061 -0.0000 -0.7954
vn -0.7301 -0.0000 -0.6834
vn -0.8367 -0.0000 -0.5477
vn -0.9166 -0.0000 -0.3998
vn -0.9673 -0.0000 -0.2535
vn -0.9929 -0.0000 -0.1192
vn -1.0000 -0.0000 -0.0033
vn -0.9946 -0.0000 0.1037
vn -0.9758 -0.0000 0.2187
vn -0.9385 -0.0000 0.3452
vn -0.8782 -0.0000 0.4783
vn -0.7927 -0.0000 0.6096
vn -0.6845 -0.0000 0.7290
vn -0.5608 -0.0000 0.8280
vn -0.4317 -0.0000 0.9020
vn -0.3065 -0.0000 0.9519
vn -0.1914 -0.0000 0.9815
vn -0.0896 -0.0000 0.9960
vn -0.0211 -0.0000 0.9998
vn 0.7071 -0.0000 0.7071
vn -0.0213 -0.0000 -0.9998
vn -0.0904 -0.0000 -0.9959
vn -0.1928 -0.0000 -0.9812
vn -0.3077 -0.0000 -0.9515
vn -0.4320 -0.0000 -0.9019
vn -0.5596 -0.0000 -0.8288
vn -0.6816 -0.0000 -0.7318
vn -0.7887 -0.0000 -0.6148
vn -0.8740 -0.0000 -0.4859
vn -0.9352 -0.0000 -0.3540
vn -0.9739 -0.0000 -0.2268
vn -0.9940 -0.0000 -0.1090
vn -1.0000 -0.0000 0.0069
vn -0.9905 -0.0000 0.1373
vn -0.9593 -0.0000 0.2825
vn -0.9027 -0.0000 0.4303
vn -0.8209 -0.0000 0.5711
vn -0.7183 -0.0000 0.6958
vn -0.6030 -0.0000 0.7978
vn -0.4838 -0.0000 0.8752
vn -0.3681 -0.0000 0.9298
vn -0.2606 -0.0000 0.9654
vn -0.1635 -0.0000 0.9865
vn -0.0771 -0.0000 0.9970
vn -0.0183 -0.0000 0.9998
vt 0.727273 0.000000
vt 0.000000 0.000000
vt 0.818182 0.000000
vt 0.909091 0.000000
vt 1.000000 0.000000
vt 0.090909 0.000000
vt 0.363636 0.000000
vt 0.181818 0.000000
vt 0.272727 0.000000
vt 0.454545 0.000000
vt 0.545455 0.000000
vt 0.636364 0.000000
vt 0.476190 0.000000
vt 0.733333 0.000000
vt 0.485714 0.000000
vt 0.009524 0.000000
vt 0.019048 0.000000
vt 0.028571 0.000000
vt 0.038095 0.000000
vt 0.047619 0.000000
vt 0.057143 0.000000
vt 0.066667 0.000000
vt 0.723810 0.000000
vt 0.076190 0.000000
vt 0.742857 0.000000
vt 0.714286 0.000000
vt 0.704762 0.000000
vt 0.085714 0.000000
vt 0.695238 0.000000
vt 0.685714 0.000000
vt 0.676190 0.000000
vt 0.666667 0.000000
vt 0.095238 0.000000
vt 0.657143 0.000000
vt 0.647619 0.000000
vt 0.104762 0.000000
vt 0.638095 0.000000
vt 0.628571 0.000000
vt 0.114286 0.000000
vt 0.619048 0.000000
vt 0.609524 0.000000
vt 0.123810 0.000000
vt 0.600000 0.000000
vt 0.133333 0.000000
vt 0.590476 0.000000
vt 0.142857 0.000000
vt 0.580952 0.000000
vt 0.152381 0.000000
vt 0.571429 0.000000
vt 0.161905 0.000000
vt 0.561905 0.000000
vt 0.171429 0.000000
vt 0.552381 0.000000
vt 0.180952 0.000000
vt 0.542857 0.000000
vt 0.533333 0.000000
vt 0.190476 0.000000
vt 0.523810 0.000000
vt 0.200000 0.000000
vt 0.514286 0.000000
vt 0.504762 0.000000
vt 0.495238 0.000000
vt 0.990476 0.000000
vt 0.209524 0.000000
vt 0.219048 0.000000
vt 0.228571 0.000000
vt 0.238095 0.000000
vt 0.247619 0.000000
vt 0.257143 0.000000
vt 0.266667 0.000000
vt 0.276190 0.000000
vt 0.285714 0.000000
vt 0.980952 0.000000
vt 0.295238 0.000000
vt 0.971429 0.000000
vt 0.961905 0.000000
vt 0.952381 0.000000
vt 0.304762 0.000000
vt 0.942857 0.000000
vt 0.933333 0.000000
vt 0.314286 0.000000
vt 0.923810 0.000000
vt 0.914286 0.000000
vt 0.323810 0.000000
vt 0.904762 0.000000
vt 0.895238 0.000000
vt 0.333333 0.000000
vt 0.885714 0.000000
vt 0.342857 0.000000
vt 0.876190 0.000000
vt 0.866667 0.000000
vt 0.352381 0.000000
vt 0.857143 0.000000
vt 0.847619 0.000000
vt 0.361905 0.000000
vt 0.838095 0.000000
vt 0.371429 0.000000
vt 0.828571 0.000000
vt 0.819048 0.000000
vt 0.380952 0.000000
vt 0.809524 0.000000
vt 0.800000 0.000000
vt 0.390476 0.000000
vt 0.790476 0.000000
vt 0.780952 0.000000
vt 0.771429 0.000000
vt 0.400000 0.000000
vt 0.761905 0.000000
vt 0.752381 0.000000
vt 0.409524 0.000000
vt 0.419048 0.000000
vt 0.428571 0.000000
vt 0.438095 0.000000
vt 0.447619 0.000000
vt 0.457143 0.000000
vt 0.466667 0.000000
vt 0.298701 0.000000
vt 0.324675 0.000000
vt 0.311688 0.000000
vt 0.337662 0.000000
vt 0.961039 0.000000
vt 0.987013 0.000000
vt 0.974026 0.000000
vt 0.948052 0.000000
vt 0.350649 0.000000
vt 0.935065 0.000000
vt 0.922078 0.000000
vt 0.376623 0.000000
vt 0.389610 0.000000
vt 0.012987 0.000000
vt 0.896104 0.000000
vt 0.402597 0.000000
vt 0.883117 0.000000
vt 0.415584 0.000000
vt 0.870130 0.000000
vt 0.025974 0.000000
vt 0.441558 0.000000
vt 0.844156 0.000000
vt 0.259740 0.000000
vt 0.831169 0.000000
vt 0.467532 0.000000
vt 0.480519 0.000000
vt 0.038961 0.000000
vt 0.493506 0.000000
vt 0.805195 0.000000
vt 0.506494 0.000000
vt 0.246753 0.000000
vt 0.792208 0.000000
vt 0.519481 0.000000
vt 0.779221 0.000000
vt 0.051948 0.000000
vt 0.766234 0.000000
vt 0.532468 0.000000
vt 0.753247 0.000000
vt 0.740260 0.000000
vt 0.558442 0.000000
vt 0.233766 0.000000
vt 0.584416 0.000000
vt 0.064935 0.000000
vt 0.701299 0.000000
vt 0.597403 0.000000
vt 0.688312 0.000000
vt 0.610390 0.000000
vt 0.675325 0.000000
vt 0.623377 0.000000
vt 0.662338 0.000000
vt 0.649351 0.000000
vt 0.220779 0.000000
vt 0.077922 0.000000
vt 0.207792 0.000000
vt 0.194805 0.000000
vt 0.103896 0.000000
vt 0.116883 0.000000
vt 0.168831 0.000000
vt 0.129870 0.000000
vt 0.155844 0.000000
vt 0.855670 0.000000
vt 0.876289 0.000000
vt 0.865979 0.000000
vt 0.886598 0.000000
vt 0.896907 0.000000
vt 0.845361 0.000000
vt 0.907216 0.000000
vt 0.917526 0.000000
vt 0.927835 0.000000
vt 0.835052 0.000000
vt 0.938144 0.000000
vt 0.948454 0.000000
vt 0.958763 0.000000
vt 0.824742 0.000000
vt 0.969072 0.000000
vt 0.979381 0.000000
vt 0.989691 0.000000
vt 0.814433 0.000000
vt 0.092784 0.000000
vt 0.082474 0.000000
vt 0.072165 0.000000
vt 0.061856 0.000000
vt 0.051546 0.000000
vt 0.041237 0.000000
vt 0.030928 0.000000
vt 0.020619 0.000000
vt 0.010309 0.000000
vt 0.804124 0.000000
vt 0.113402 0.000000
vt 0.103093 0.000000
vt 0.123711 0.000000
vt 0.134021 0.000000
vt 0.144330 0.000000
vt 0.793814 0.000000
vt 0.154639 0.000000
vt 0.164948 0.000000
vt 0.783505 0.000000
vt 0.175258 0.000000
vt 0.185567 0.000000
vt 0.773196 0.000000
vt 0.195876 0.000000
vt 0.762887 0.000000
vt 0.206186 0.000000
vt 0.216495 0.000000
vt 0.752577 0.000000
vt 0.226804 0.000000
vt 0.742268 0.000000
vt 0.237113 0.000000
vt 0.247423 0.000000
vt 0.731959 0.000000
vt 0.257732 0.000000
vt 0.721649 0.000000
vt 0.268041 0.000000
vt 0.711340 0.000000
vt 0.278351 0.000000
vt 0.701031 0.000000
vt 0.288660 0.000000
vt 0.690722 0.000000
vt 0.298969 0.000000
vt 0.474227 0.000000
vt 0.494845 0.000000
vt 0.484536 0.000000
vt 0.309278 0.000000
vt 0.463918 0.000000
vt 0.680412 0.000000
vt 0.453608 0.000000
vt 0.319588 0.000000
vt 0.443299 0.000000
vt 0.432990 0.000000
vt 0.329897 0.000000
vt 0.422680 0.000000
vt 0.670103 0.000000
vt 0.412371 0.000000
vt 0.340206 0.000000
vt 0.402062 0.000000
vt 0.391753 0.000000
vt 0.350515 0.000000
vt 0.381443 0.000000
vt 0.371134 0.000000
vt 0.360825 0.000000
vt 0.659794 0.000000
vt 0.505155 0.000000
vt 0.649485 0.000000
vt 0.515464 0.000000
vt 0.525773 0.000000
vt 0.536082 0.000000
vt 0.639175 0.000000
vt 0.546392 0.000000
vt 0.556701 0.000000
vt 0.567010 0.000000
vt 0.628866 0.000000
vt 0.577320 0.000000
vt 0.587629 0.000000
vt 0.597938 0.000000
vt 0.618557 0.000000
vt 0.608247 0.000000
vt 0.000000 1.000000
vt 0.010204 1.000000
vt 0.010204 0.000000
vt 0.020408 1.000000
vt 0.020408 0.000000
vt 0.030612 1.000000
vt 0.030612 0.000000
vt 0.040816 1.000000
vt 0.040816 0.000000
vt 0.051020 1.000000
vt 0.051020 0.000000
vt 0.061224 1.000000
vt 0.061224 0.000000
vt 0.071429 1.000000
vt 0.071429 0.000000
vt 0.081633 1.000000
vt 0.081633 0.000000
vt 0.091837 1.000000
vt 0.091837 0.000000
vt 0.102041 1.000000
vt 0.102041 0.000000
vt 0.112245 1.000000
vt 0.112245 0.000000
vt 0.122449 1.000000
vt 0.122449 0.000000
vt 0.132653 1.000000
vt 0.132653 0.000000
vt 0.142857 1.000000
vt 0.153061 1.000000
vt 0.153061 0.000000
vt 0.163265 1.000000
vt 0.163265 0.000000
vt 0.173469 1.000000
vt 0.173469 0.000000
vt 0.183673 1.000000
vt 0.183673 0.000000
vt 0.193878 1.000000
vt 0.193878 0.000000
vt 0.204082 1.000000
vt 0.204082 0.000000
vt 0.214286 1.000000
vt 0.214286 0.000000
vt 0.224490 1.000000
vt 0.224490 0.000000
vt 0.234694 1.000000
vt 0.234694 0.000000
vt 0.244898 1.000000
vt 0.244898 0.000000
vt 0.255102 1.000000
vt 0.255102 0.000000
vt 0.265306 1.000000
vt 0.265306 0.000000
vt 0.275510 1.000000
vt 0.275510 0.000000
vt 0.285714 1.000000
vt 0.295918 1.000000
vt 0.295918 0.000000
vt 0.306122 1.000000
vt 0.306122 0.000000
vt 0.316327 1.000000
vt 0.316327 0.000000
vt 0.326531 1.000000
vt 0.326531 0.000000
vt 0.336735 1.000000
vt 0.336735 0.000000
vt 0.346939 1.000000
vt 0.346939 0.000000
vt 0.357143 1.000000
vt 0.357143 0.000000
vt 0.367347 1.000000
vt 0.367347 0.000000
vt 0.377551 1.000000
vt 0.377551 0.000000
vt 0.387755 1.000000
vt 0.387755 0.000000
vt 0.397959 1.000000
vt 0.397959 0.000000
vt 0.408163 1.000000
vt 0.408163 0.000000
vt 0.418367 1.000000
vt 0.418367 0.000000
vt 0.428571 1.000000
vt 0.438776 1.000000
vt 0.438776 0.000000
vt 0.448980 1.000000
vt 0.448980 0.000000
vt 0.459184 1.000000
vt 0.459184 0.000000
vt 0.469388 1.000000
vt 0.469388 0.000000
vt 0.479592 1.000000
vt 0.479592 0.000000
vt 0.489796 1.000000
vt 0.489796 0.000000
vt 0.500000 1.000000
vt 0.500000 0.000000
vt 0.510204 1.000000
vt 0.510204 0.000000
vt 0.520408 1.000000
vt 0.520408 0.000000
vt 0.530612 1.000000
vt 0.530612 0.000000
vt 0.540816 1.000000
vt 0.540816 0.000000
vt 0.551020 1.000000
vt 0.551020 0.000000
vt 0.561224 1.000000
vt 0.561224 0.000000
vt 0.571429 1.000000
vt 0.581633 1.000000
vt 0.581633 0.000000
vt 0.591837 1.000000
vt 0.591837 0.000000
vt 0.602041 1.000000
vt 0.602041 0.000000
vt 0.612245 1.000000
vt 0.612245 0.000000
vt 0.622449 1.000000
vt 0.622449 0.000000
vt 0.632653 1.000000
vt 0.632653 0.000000
vt 0.642857 1.000000
vt 0.642857 0.000000
vt 0.653061 1.000000
vt 0.653061 0.000000
vt 0.663265 1.000000
vt 0.663265 0.000000
vt 0.673469 1.000000
vt 0.673469 0.000000
vt 0.683673 1.000000
vt 0.683673 0.000000
vt 0.693878 1.000000
vt 0.693878 0.000000
vt 0.704082 1.000000
vt 0.704082 0.000000
vt 0.714286 1.000000
vt 0.724490 1.000000
vt 0.724490 0.000000
vt 0.734694 1.000000
vt 0.734694 0.000000
vt 0.744898 1.000000
vt 0.744898 0.000000
vt 0.755102 1.000000
vt 0.755102 0.000000
vt 0.765306 1.000000
vt 0.765306 0.000000
vt 0.775510 1.000000
vt 0.775510 0.000000
vt 0.785714 1.000000
vt 0.785714 0.000000
vt 0.795918 1.000000
vt 0.795918 0.000000
vt 0.806122 1.000000
vt 0.806122 0.000000
vt 0.816327 1.000000
vt 0.816327 0.000000
vt 0.826531 1.000000
vt 0.826531 0.000000
vt 0.836735 1.000000
vt 0.836735 0.000000
vt 0.846939 1.000000
vt 0.846939 0.000000
vt 0.857143 1.000000
vt 0.867347 1.000000
vt 0.867347 0.000000
vt 0.877551 1.000000
vt 0.877551 0.000000
vt 0.887755 1.000000
vt 0.887755 0.000000
vt 0.897959 1.000000
vt 0.897959 0.000000
vt 0.908163 1.000000
vt 0.908163 0.000000
vt 0.918367 1.000000
vt 0.918367 0.000000
vt 0.928571 1.000000
vt 0.928571 0.000000
vt 0.938776 1.000000
vt 0.938776 0.000000
vt 0.948980 1.000000
vt 0.948980 0.000000
vt 0.959184 1.000000
vt 0.959184 0.000000
vt 0.969388 1.000000
vt 0.969388 0.000000
vt 0.979592 1.000000
vt 0.979592 0.000000
vt 0.989796 1.000000
vt 0.989796 0.000000
vt 1.000000 1.000000
vt 0.012821 1.000000
vt 0.012821 0.000000
vt 0.025641 1.000000
vt 0.025641 0.000000
vt 0.038462 1.000000
vt 0.038462 0.000000
vt 0.051282 1.000000
vt 0.051282 0.000000
vt 0.064103 1.000000
vt 0.064103 0.000000
vt 0.076923 1.000000
vt 0.076923 0.000000
vt 0.089744 1.000000
vt 0.089744 0.000000
vt 0.102564 1.000000
vt 0.102564 0.000000
vt 0.115385 1.000000
vt 0.115385 0.000000
vt 0.128205 1.000000
vt 0.128205 0.000000
vt 0.141026 1.000000
vt 0.141026 0.000000
vt 0.153846 1.000000
vt 0.153846 0.000000
vt 0.166667 1.000000
vt 0.166667 0.000000
vt 0.179487 1.000000
vt 0.179487 0.000000
vt 0.192308 1.000000
vt 0.192308 0.000000
vt 0.205128 1.000000
vt 0.205128 0.000000
vt 0.217949 1.000000
vt 0.217949 0.000000
vt 0.230769 1.000000
vt 0.230769 0.000000
vt 0.243590 1.000000
vt 0.243590 0.000000
vt 0.256410 1.000000
vt 0.256410 0.000000
vt 0.269231 1.000000
vt 0.269231 0.000000
vt 0.282051 1.000000
vt 0.282051 0.000000
vt 0.294872 1.000000
vt 0.294872 0.000000
vt 0.307692 1.000000
vt 0.307692 0.000000
vt 0.320513 1.000000
vt 0.320513 0.000000
vt 0.333333 1.000000
vt 0.346154 1.000000
vt 0.346154 0.000000
vt 0.358974 1.000000
vt 0.358974 0.000000
vt 0.371795 1.000000
vt 0.371795 0.000000
vt 0.384615 1.000000
vt 0.384615 0.000000
vt 0.397436 1.000000
vt 0.397436 0.000000
vt 0.410256 1.000000
vt 0.410256 0.000000
vt 0.423077 1.000000
vt 0.423077 0.000000
vt 0.435897 1.000000
vt 0.435897 0.000000
vt 0.448718 1.000000
vt 0.448718 0.000000
vt 0.461538 1.000000
vt 0.461538 0.000000
vt 0.474359 1.000000
vt 0.474359 0.000000
vt 0.487179 1.000000
vt 0.487179 0.000000
vt 0.512821 1.000000
vt 0.512821 0.000000
vt 0.525641 1.000000
vt 0.525641 0.000000
vt 0.538462 1.000000
vt 0.538462 0.000000
vt 0.551282 1.000000
vt 0.551282 0.000000
vt 0.564103 1.000000
vt 0.564103 0.000000
vt 0.576923 1.000000
vt 0.576923 0.000000
vt 0.589744 1.000000
vt 0.589744 0.000000
vt 0.602564 1.000000
vt 0.602564 0.000000
vt 0.615385 1.000000
vt 0.615385 0.000000
vt 0.628205 1.000000
vt 0.628205 0.000000
vt 0.641026 1.000000
vt 0.641026 0.000000
vt 0.653846 1.000000
vt 0.653846 0.000000
vt 0.666667 1.000000
vt 0.679487 1.000000
vt 0.679487 0.000000
vt 0.692308 1.000000
vt 0.692308 0.000000
vt 0.705128 1.000000
vt 0.705128 0.000000
vt 0.717949 1.000000
vt 0.717949 0.000000
vt 0.730769 1.000000
vt 0.730769 0.000000
vt 0.743590 1.000000
vt 0.743590 0.000000
vt 0.756410 1.000000
vt 0.756410 0.000000
vt 0.769231 1.000000
vt 0.769231 0.000000
vt 0.782051 1.000000
vt 0.782051 0.000000
vt 0.794872 1.000000
vt 0.794872 0.000000
vt 0.807692 1.000000
vt 0.807692 0.000000
vt 0.820513 1.000000
vt 0.820513 0.000000
vt 0.833333 1.000000
vt 0.833333 0.000000
vt 0.846154 1.000000
vt 0.846154 0.000000
vt 0.858974 1.000000
vt 0.858974 0.000000
vt 0.871795 1.000000
vt 0.871795 0.000000
vt 0.884615 1.000000
vt 0.884615 0.000000
vt 0.897436 1.000000
vt 0.897436 0.000000
vt 0.910256 1.000000
vt 0.910256 0.000000
vt 0.923077 1.000000
vt 0.923077 0.000000
vt 0.935897 1.000000
vt 0.935897 0.000000
vt 0.948718 1.000000
vt 0.948718 0.000000
vt 0.961538 1.000000
vt 0.961538 0.000000
vt 0.974359 1.000000
vt 0.974359 0.000000
vt 0.987179 1.000000
vt 0.987179 0.000000
vt 0.019231 1.000000
vt 0.019231 0.000000
vt 0.057692 1.000000
vt 0.057692 0.000000
vt 0.096154 1.000000
vt 0.096154 0.000000
vt 0.134615 1.000000
vt 0.134615 0.000000
vt 0.173077 1.000000
vt 0.173077 0.000000
vt 0.211538 1.000000
vt 0.211538 0.000000
vt 0.250000 1.000000
vt 0.250000 0.000000
vt 0.288462 1.000000
vt 0.288462 0.000000
vt 0.326923 1.000000
vt 0.326923 0.000000
vt 0.365385 1.000000
vt 0.365385 0.000000
vt 0.403846 1.000000
vt 0.403846 0.000000
vt 0.442308 1.000000
vt 0.442308 0.000000
vt 0.480769 1.000000
vt 0.480769 0.000000
vt 0.519231 1.000000
vt 0.519231 0.000000
vt 0.557692 1.000000
vt 0.557692 0.000000
vt 0.596154 1.000000
vt 0.596154 0.000000
vt 0.634615 1.000000
vt 0.634615 0.000000
vt 0.673077 1.000000
vt 0.673077 0.000000
vt 0.711538 1.000000
vt 0.711538 0.000000
vt 0.750000 1.000000
vt 0.750000 0.000000
vt 0.788462 1.000000
vt 0.788462 0.000000
vt 0.826923 1.000000
vt 0.826923 0.000000
vt 0.865385 1.000000
vt 0.865385 0.000000
vt 0.903846 1.000000
vt 0.903846 0.000000
vt 0.942308 1.000000
vt 0.942308 0.000000
vt 0.980769 1.000000
vt 0.980769 0.000000
vt 0.037037 1.000000
vt 0.037037 0.000000
vt 0.074074 1.000000
vt 0.074074 0.000000
vt 0.111111 1.000000
vt 0.111111 0.000000
vt 0.148148 1.000000
vt 0.148148 0.000000
vt 0.185185 1.000000
vt 0.185185 0.000000
vt 0.222222 1.000000
vt 0.222222 0.000000
vt 0.259259 1.000000
vt 0.259259 0.000000
vt 0.296296 1.000000
vt 0.296296 0.000000
vt 0.370370 1.000000
vt 0.370370 0.000000
vt 0.407407 1.000000
vt 0.407407 0.000000
vt 0.444444 1.000000
vt 0.444444 0.000000
vt 0.481481 1.000000
vt 0.481481 0.000000
vt 0.518519 1.000000
vt 0.518519 0.000000
vt 0.555556 1.000000
vt 0.555556 0.000000
vt 0.592593 1.000000
vt 0.592593 0.000000
vt 0.629630 1.000000
vt 0.629630 0.000000
vt 0.703704 1.000000
vt 0.703704 0.000000
vt 0.740741 1.000000
vt 0.740741 0.000000
vt 0.777778 1.000000
vt 0.777778 0.000000
vt 0.814815 1.000000
vt 0.814815 0.000000
vt 0.851852 1.000000
vt 0.851852 0.000000
vt 0.888889 1.000000
vt 0.888889 0.000000
vt 0.925926 1.000000
vt 0.925926 0.000000
vt 0.962963 1.000000
vt 0.962963 0.000000
vt 0.083333 1.000000
vt 0.083333 0.000000
vt 0.416667 1.000000
vt 0.416667 0.000000
vt 0.583333 1.000000
vt 0.583333 0.000000
vt 0.916667 1.000000
vt 0.916667 0.000000
s 0
usemtl Warm_white_markings
f 105/132/257 97/133/257 106/134/257
f 97/133/257 107/135/257 106/134/257
f 97/133/257 108/136/257 107/135/257
f 105/132/257 98/137/257 97/133/257
f 105/132/257 101/138/257 98/137/257
f 101/138/257 99/139/257 98/137/257
f 101/138/257 100/140/257 99/139/257
f 105/132/257 102/141/257 101/138/257
f 105/132/257 103/142/257 102/141/257
f 105/132/257 104/143/257 103/142/257
f 159/144/257 186/145/257 160/146/257
f 186/145/257 109/133/257 160/146/257
f 186/145/257 110/147/257 109/133/257
f 186/145/257 111/148/257 110/147/257
f 186/145/257 112/149/257 111/148/257
f 186/145/257 113/150/257 112/149/257
f 186/145/257 114/151/257 113/150/257
f 186/145/257 115/152/257 114/151/257
f 186/145/257 116/153/257 115/152/257
f 186/145/257 185/154/257 116/153/257
f 185/154/257 117/155/257 116/153/257
f 159/144/257 187/156/257 186/145/257
f 184/157/257 117/155/257 185/154/257
f 183/158/257 117/155/257 184/157/257
f 183/158/257 118/159/257 117/155/257
f 182/160/257 118/159/257 183/158/257
f 181/161/257 118/159/257 182/160/257
f 180/162/257 118/159/257 181/161/257
f 179/163/257 118/159/257 180/162/257
f 179/163/257 119/164/257 118/159/257
f 178/165/257 119/164/257 179/163/257
f 177/166/257 119/164/257 178/165/257
f 177/166/257 120/167/257 119/164/257
f 176/168/257 120/167/257 177/166/257
f 175/169/257 120/167/257 176/168/257
f 175/169/257 121/170/257 120/167/257
f 174/171/257 121/170/257 175/169/257
f 173/172/257 121/170/257 174/171/257
f 173/172/257 122/173/257 121/170/257
f 172/174/257 122/173/257 173/172/257
f 172/174/257 123/175/257 122/173/257
f 171/176/257 123/175/257 172/174/257
f 171/176/257 124/177/257 123/175/257
f 170/178/257 124/177/257 171/176/257
f 170/178/257 125/179/257 124/177/257
f 169/180/257 125/179/257 170/178/257
f 169/180/257 126/181/257 125/179/257
f 168/182/257 126/181/257 169/180/257
f 168/182/257 127/183/257 126/181/257
f 167/184/257 127/183/257 168/182/257
f 167/184/257 128/185/257 127/183/257
f 166/186/257 128/185/257 167/184/257
f 165/187/257 128/185/257 166/186/257
f 165/187/257 129/188/257 128/185/257
f 164/189/257 129/188/257 165/187/257
f 164/189/257 130/190/257 129/188/257
f 163/191/257 130/190/257 164/189/257
f 162/192/257 130/190/257 163/191/257
f 161/193/257 130/190/257 162/192/257
f 159/144/257 213/194/257 187/156/257
f 213/194/257 161/193/257 187/156/257
f 213/194/257 130/190/257 161/193/257
f 213/194/257 131/195/257 130/190/257
f 213/194/257 132/196/257 131/195/257
f 213/194/257 133/197/257 132/196/257
f 213/194/257 134/198/257 133/197/257
f 213/194/257 135/199/257 134/198/257
f 213/194/257 136/200/257 135/199/257
f 213/194/257 137/201/257 136/200/257
f 213/194/257 138/202/257 137/201/257
f 213/194/257 139/203/257 138/202/257
f 213/194/257 212/204/257 139/203/257
f 212/204/257 140/205/257 139/203/257
f 159/144/257 214/136/257 213/194/257
f 211/206/257 140/205/257 212/204/257
f 210/207/257 140/205/257 211/206/257
f 209/208/257 140/205/257 210/207/257
f 209/208/257 141/209/257 140/205/257
f 208/210/257 141/209/257 209/208/257
f 207/211/257 141/209/257 208/210/257
f 207/211/257 142/212/257 141/209/257
f 206/213/257 142/212/257 207/211/257
f 205/214/257 142/212/257 206/213/257
f 205/214/257 143/215/257 142/212/257
f 204/216/257 143/215/257 205/214/257
f 203/217/257 143/215/257 204/216/257
f 203/217/257 144/218/257 143/215/257
f 202/219/257 144/218/257 203/217/257
f 202/219/257 145/220/257 144/218/257
f 201/221/257 145/220/257 202/219/257
f 200/222/257 145/220/257 201/221/257
f 200/222/257 146/223/257 145/220/257
f 199/224/257 146/223/257 200/222/257
f 198/225/257 146/223/257 199/224/257
f 198/225/257 147/226/257 146/223/257
f 197/227/257 147/226/257 198/225/257
f 197/227/257 148/228/257 147/226/257
f 196/229/257 148/228/257 197/227/257
f 195/230/257 148/228/257 196/229/257
f 195/230/257 149/231/257 148/228/257
f 194/232/257 149/231/257 195/230/257
f 193/233/257 149/231/257 194/232/257
f 193/233/257 150/234/257 149/231/257
f 192/235/257 150/234/257 193/233/257
f 191/236/257 150/234/257 192/235/257
f 190/237/257 150/234/257 191/236/257
f 190/237/257 151/238/257 150/234/257
f 189/239/257 151/238/257 190/237/257
f 188/240/257 151/238/257 189/239/257
f 159/144/257 188/240/257 214/136/257
f 159/144/257 151/238/257 188/240/257
f 159/144/257 152/241/257 151/238/257
f 159/144/257 153/242/257 152/241/257
f 159/144/257 154/243/257 153/242/257
f 159/144/257 155/244/257 154/243/257
f 159/144/257 156/245/257 155/244/257
f 159/144/257 157/246/257 156/245/257
f 159/144/257 158/247/257 157/246/257
f 238/248/257 240/249/257 239/250/257
f 238/248/257 241/251/257 240/249/257
f 289/252/257 291/253/257 290/254/257
f 289/252/257 292/136/257 291/253/257
f 288/255/257 292/136/257 289/252/257
f 238/248/257 242/256/257 241/251/257
f 287/257/257 292/136/257 288/255/257
f 287/257/257 215/133/257 292/136/257
f 238/248/257 243/138/257 242/256/257
f 237/203/257 243/138/257 238/248/257
f 286/258/257 215/133/257 287/257/257
f 237/203/257 244/259/257 243/138/257
f 285/135/257 215/133/257 286/258/257
f 237/203/257 245/260/257 244/259/257
f 285/135/257 216/261/257 215/133/257
f 284/262/257 216/261/257 285/135/257
f 237/203/257 246/263/257 245/260/257
f 236/140/257 246/263/257 237/203/257
f 283/264/257 216/261/257 284/262/257
f 236/140/257 247/265/257 246/263/257
f 282/266/257 216/261/257 283/264/257
f 236/140/257 248/243/257 247/265/257
f 282/266/257 217/267/257 216/261/257
f 281/224/257 217/267/257 282/266/257
f 236/140/257 249/268/257 248/243/257
f 280/269/257 217/267/257 281/224/257
f 235/270/257 249/268/257 236/140/257
f 235/270/257 250/141/257 249/268/257
f 279/271/257 217/267/257 280/269/257
f 235/270/257 251/272/257 250/141/257
f 235/270/257 252/273/257 251/272/257
f 278/134/257 217/267/257 279/271/257
f 278/134/257 218/274/257 217/267/257
f 235/270/257 253/275/257 252/273/257
f 277/276/257 218/274/257 278/134/257
f 235/270/257 254/277/257 253/275/257
f 234/278/257 254/277/257 235/270/257
f 276/279/257 218/274/257 277/276/257
f 234/278/257 255/280/257 254/277/257
f 275/281/257 218/274/257 276/279/257
f 275/281/257 219/282/257 218/274/257
f 274/283/257 219/282/257 275/281/257
f 234/278/257 256/284/257 255/280/257
f 273/285/257 219/282/257 274/283/257
f 234/278/257 257/142/257 256/284/257
f 272/286/257 219/282/257 273/285/257
f 234/278/257 258/287/257 257/142/257
f 233/288/257 258/287/257 234/278/257
f 271/132/257 219/282/257 272/286/257
f 233/288/257 259/180/257 258/287/257
f 270/157/257 219/282/257 271/132/257
f 233/288/257 260/289/257 259/180/257
f 270/157/257 220/290/257 219/282/257
f 269/291/257 220/290/257 270/157/257
f 233/288/257 261/292/257 260/289/257
f 268/293/257 220/290/257 269/291/257
f 233/288/257 262/294/257 261/292/257
f 267/295/257 220/290/257 268/293/257
f 233/288/257 263/296/257 262/294/257
f 266/297/257 220/290/257 267/295/257
f 233/288/257 264/143/257 263/296/257
f 265/298/257 220/290/257 266/297/257
f 233/288/257 265/298/257 264/143/257
f 233/288/257 220/290/257 265/298/257
f 232/299/257 220/290/257 233/288/257
f 232/299/257 221/300/257 220/290/257
f 231/301/257 221/300/257 232/299/257
f 231/301/257 222/137/257 221/300/257
f 230/302/257 222/137/257 231/301/257
f 230/302/257 223/303/257 222/137/257
f 229/139/257 223/303/257 230/302/257
f 229/139/257 224/304/257 223/303/257
f 228/305/257 224/304/257 229/139/257
f 228/305/257 225/306/257 224/304/257
f 227/307/257 225/306/257 228/305/257
f 227/307/257 226/177/257 225/306/257
f 376/308/257 378/309/257 377/310/257
f 376/308/257 379/311/257 378/309/257
f 376/308/257 380/312/257 379/311/257
f 375/313/257 380/312/257 376/308/257
f 375/313/257 381/314/257 380/312/257
f 375/313/257 382/315/257 381/314/257
f 375/313/257 383/316/257 382/315/257
f 374/317/257 383/316/257 375/313/257
f 374/317/257 384/318/257 383/316/257
f 374/317/257 385/319/257 384/318/257
f 374/317/257 386/320/257 385/319/257
f 373/321/257 386/320/257 374/317/257
f 373/321/257 387/322/257 386/320/257
f 373/321/257 388/323/257 387/322/257
f 373/321/257 389/324/257 388/323/257
f 372/325/257 389/324/257 373/321/257
f 372/325/257 302/326/257 389/324/257
f 302/326/257 301/327/257 389/324/257
f 301/327/257 300/328/257 389/324/257
f 300/328/257 299/329/257 389/324/257
f 299/329/257 298/330/257 389/324/257
f 298/330/257 297/331/257 389/324/257
f 297/331/257 296/332/257 389/324/257
f 296/332/257 295/333/257 389/324/257
f 295/333/257 294/334/257 389/324/257
f 294/334/257 293/133/257 389/324/257
f 293/133/257 390/136/257 389/324/257
f 371/335/257 304/336/257 372/325/257
f 304/336/257 303/337/257 372/325/257
f 303/337/257 302/326/257 372/325/257
f 371/335/257 305/338/257 304/336/257
f 371/335/257 306/339/257 305/338/257
f 371/335/257 307/340/257 306/339/257
f 370/341/257 307/340/257 371/335/257
f 370/341/257 308/342/257 307/340/257
f 370/341/257 309/343/257 308/342/257
f 369/344/257 309/343/257 370/341/257
f 369/344/257 310/345/257 309/343/257
f 369/344/257 311/346/257 310/345/257
f 368/347/257 311/346/257 369/344/257
f 368/347/257 312/348/257 311/346/257
f 367/349/257 312/348/257 368/347/257
f 367/349/257 313/350/257 312/348/257
f 367/349/257 314/351/257 313/350/257
f 366/352/257 314/351/257 367/349/257
f 366/352/257 315/353/257 314/351/257
f 365/354/257 315/353/257 366/352/257
f 365/354/257 316/355/257 315/353/257
f 365/354/257 317/356/257 316/355/257
f 364/357/257 317/356/257 365/354/257
f 364/357/257 318/358/257 317/356/257
f 363/359/257 318/358/257 364/357/257
f 363/359/257 319/360/257 318/358/257
f 362/361/257 319/360/257 363/359/257
f 362/361/257 320/362/257 319/360/257
f 361/363/257 320/362/257 362/361/257
f 361/363/257 321/364/257 320/362/257
f 360/365/257 321/364/257 361/363/257
f 360/365/257 322/366/257 321/364/257
f 339/367/257 341/368/257 340/369/257
f 360/365/257 323/370/257 322/366/257
f 338/371/257 341/368/257 339/367/257
f 359/372/257 323/370/257 360/365/257
f 337/373/257 341/368/257 338/371/257
f 359/372/257 324/374/257 323/370/257
f 336/375/257 341/368/257 337/373/257
f 335/376/257 341/368/257 336/375/257
f 359/372/257 325/377/257 324/374/257
f 334/378/257 341/368/257 335/376/257
f 358/379/257 325/377/257 359/372/257
f 333/380/257 341/368/257 334/378/257
f 358/379/257 326/381/257 325/377/257
f 332/382/257 341/368/257 333/380/257
f 331/383/257 341/368/257 332/382/257
f 358/379/257 327/384/257 326/381/257
f 330/385/257 341/368/257 331/383/257
f 329/386/257 341/368/257 330/385/257
f 358/379/257 328/387/257 327/384/257
f 328/387/257 341/368/257 329/386/257
f 358/379/257 341/368/257 328/387/257
f 357/388/257 341/368/257 358/379/257
f 357/388/257 342/389/257 341/368/257
f 356/390/257 342/389/257 357/388/257
f 356/390/257 343/391/257 342/389/257
f 356/390/257 344/392/257 343/391/257
f 356/390/257 345/393/257 344/392/257
f 355/394/257 345/393/257 356/390/257
f 355/394/257 346/395/257 345/393/257
f 355/394/257 347/396/257 346/395/257
f 355/394/257 348/397/257 347/396/257
f 354/398/257 348/397/257 355/394/257
f 354/398/257 349/399/257 348/397/257
f 354/398/257 350/400/257 349/399/257
f 354/398/257 351/401/257 350/400/257
f 353/402/257 351/401/257 354/398/257
f 353/402/257 352/403/257 351/401/257
f 399/132/258 400/134/258 391/133/258
f 391/133/258 400/134/258 401/135/258
f 391/133/258 401/135/258 402/136/258
f 399/132/258 391/133/258 392/137/258
f 399/132/258 392/137/258 395/138/258
f 395/138/258 392/137/258 393/139/258
f 395/138/258 393/139/258 394/140/258
f 399/132/258 395/138/258 396/141/258
f 399/132/258 396/141/258 397/142/258
f 399/132/258 397/142/258 398/143/258
f 453/144/258 454/146/258 480/145/258
f 480/145/258 454/146/258 403/133/258
f 480/145/258 403/133/258 404/147/258
f 480/145/258 404/147/258 405/148/258
f 480/145/258 405/148/258 406/149/258
f 480/145/258 406/149/258 407/150/258
f 480/145/258 407/150/258 408/151/258
f 480/145/258 408/151/258 409/152/258
f 480/145/258 409/152/258 410/153/258
f 480/145/258 410/153/258 479/154/258
f 479/154/258 410/153/258 411/155/258
f 453/144/258 480/145/258 481/156/258
f 478/157/258 479/154/258 411/155/258
f 477/158/258 478/157/258 411/155/258
f 477/158/258 411/155/258 412/159/258
f 476/160/258 477/158/258 412/159/258
f 475/161/258 476/160/258 412/159/258
f 474/162/258 475/161/258 412/159/258
f 473/163/258 474/162/258 412/159/258
f 473/163/258 412/159/258 413/164/258
f 472/165/258 473/163/258 413/164/258
f 471/166/258 472/165/258 413/164/258
f 471/166/258 413/164/258 414/167/258
f 470/168/258 471/166/258 414/167/258
f 469/169/258 470/168/258 414/167/258
f 469/169/258 414/167/258 415/170/258
f 468/171/258 469/169/258 415/170/258
f 467/172/258 468/171/258 415/170/258
f 467/172/258 415/170/258 416/173/258
f 466/174/258 467/172/258 416/173/258
f 466/174/258 416/173/258 417/175/258
f 465/176/258 466/174/258 417/175/258
f 465/176/258 417/175/258 418/177/258
f 464/178/258 465/176/258 418/177/258
f 464/178/258 418/177/258 419/179/258
f 463/180/258 464/178/258 419/179/258
f 463/180/258 419/179/258 420/181/258
f 462/182/258 463/180/258 420/181/258
f 462/182/258 420/181/258 421/183/258
f 461/184/258 462/182/258 421/183/258
f 461/184/258 421/183/258 422/185/258
f 460/186/258 461/184/258 422/185/258
f 459/187/258 460/186/258 422/185/258
f 459/187/258 422/185/258 423/188/258
f 458/189/258 459/187/258 423/188/258
f 458/189/258 423/188/258 424/190/258
f 457/191/258 458/189/258 424/190/258
f 456/192/258 457/191/258 424/190/258
f 455/193/258 456/192/258 424/190/258
f 453/144/258 481/156/258 507/194/258
f 507/194/258 481/156/258 455/193/258
f 507/194/258 455/193/258 424/190/258
f 507/194/258 424/190/258 425/195/258
f 507/194/258 425/195/258 426/196/258
f 507/194/258 426/196/258 427/197/258
f 507/194/258 427/197/258 428/198/258
f 507/194/258 428/198/258 429/199/258
f 507/194/258 429/199/258 430/200/258
f 507/194/258 430/200/258 431/201/258
f 507/194/258 431/201/258 432/202/258
f 507/194/258 432/202/258 433/203/258
f 507/194/258 433/203/258 506/204/258
f 506/204/258 433/203/258 434/205/258
f 453/144/258 507/194/258 508/136/258
f 505/206/258 506/204/258 434/205/258
f 504/207/258 505/206/258 434/205/258
f 503/208/258 504/207/258 434/205/258
f 503/208/258 434/205/258 435/209/258
f 502/210/258 503/208/258 435/209/258
f 501/211/258 502/210/258 435/209/258
f 501/211/258 435/209/258 436/212/258
f 500/213/258 501/211/258 436/212/258
f 499/214/258 500/213/258 436/212/258
f 499/214/258 436/212/258 437/215/258
f 498/216/258 499/214/258 437/215/258
f 497/217/258 498/216/258 437/215/258
f 497/217/258 437/215/258 438/218/258
f 496/219/258 497/217/258 438/218/258
f 496/219/258 438/218/258 439/220/258
f 495/221/258 496/219/258 439/220/258
f 494/222/258 495/221/258 439/220/258
f 494/222/258 439/220/258 440/223/258
f 493/224/258 494/222/258 440/223/258
f 492/225/258 493/224/258 440/223/258
f 492/225/258 440/223/258 441/226/258
f 491/227/258 492/225/258 441/226/258
f 491/227/258 441/226/258 442/228/258
f 490/229/258 491/227/258 442/228/258
f 489/230/258 490/229/258 442/228/258
f 489/230/258 442/228/258 443/231/258
f 488/232/258 489/230/258 443/231/258
f 487/233/258 488/232/258 443/231/258
f 487/233/258 443/231/258 444/234/258
f 486/235/258 487/233/258 444/234/258
f 485/236/258 486/235/258 444/234/258
f 484/237/258 485/236/258 444/234/258
f 484/237/258 444/234/258 445/238/258
f 483/239/258 484/237/258 445/238/258
f 482/240/258 483/239/258 445/238/258
f 453/144/258 508/136/258 482/240/258
f 453/144/258 482/240/258 445/238/258
f 453/144/258 445/238/258 446/241/258
f 453/144/258 446/241/258 447/242/258
f 453/144/258 447/242/258 448/243/258
f 453/144/258 448/243/258 449/244/258
f 453/144/258 449/244/258 450/245/258
f 453/144/258 450/245/258 451/246/258
f 453/144/258 451/246/258 452/247/258
f 532/248/258 533/250/258 534/249/258
f 532/248/258 534/249/258 535/251/258
f 583/252/258 584/254/258 585/253/258
f 583/252/258 585/253/258 586/136/258
f 582/255/258 583/252/258 586/136/258
f 532/248/258 535/251/258 536/256/258
f 581/257/258 582/255/258 586/136/258
f 581/257/258 586/136/258 509/133/258
f 532/248/258 536/256/258 537/138/258
f 531/203/258 532/248/258 537/138/258
f 580/258/258 581/257/258 509/133/258
f 531/203/258 537/138/258 538/259/258
f 579/135/258 580/258/258 509/133/258
f 531/203/258 538/259/258 539/260/258
f 579/135/258 509/133/258 510/261/258
f 578/262/258 579/135/258 510/261/258
f 531/203/258 539/260/258 540/263/258
f 530/140/258 531/203/258 540/263/258
f 577/264/258 578/262/258 510/261/258
f 530/140/258 540/263/258 541/265/258
f 576/266/258 577/264/258 510/261/258
f 530/140/258 541/265/258 542/243/258
f 576/266/258 510/261/258 511/267/258
f 575/224/258 576/266/258 511/267/258
f 530/140/258 542/243/258 543/268/258
f 574/269/258 575/224/258 511/267/258
f 529/270/258 530/140/258 543/268/258
f 529/270/258 543/268/258 544/141/258
f 573/271/258 574/269/258 511/267/258
f 529/270/258 544/141/258 545/272/258
f 529/270/258 545/272/258 546/273/258
f 572/134/258 573/271/258 511/267/258
f 572/134/258 511/267/258 512/274/258
f 529/270/258 546/273/258 547/275/258
f 571/276/258 572/134/258 512/274/258
f 529/270/258 547/275/258 548/277/258
f 528/278/258 529/270/258 548/277/258
f 570/279/258 571/276/258 512/274/258
f 528/278/258 548/277/258 549/280/258
f 569/281/258 570/279/258 512/274/258
f 569/281/258 512/274/258 513/282/258
f 568/283/258 569/281/258 513/282/258
f 528/278/258 549/280/258 550/284/258
f 567/285/258 568/283/258 513/282/258
f 528/278/258 550/284/258 551/142/258
f 566/286/258 567/285/258 513/282/258
f 528/278/258 551/142/258 552/287/258
f 527/288/258 528/278/258 552/287/258
f 565/132/258 566/286/258 513/282/258
f 527/288/258 552/287/258 553/180/258
f 564/157/258 565/132/258 513/282/258
f 527/288/258 553/180/258 554/289/258
f 564/157/258 513/282/258 514/290/258
f 563/291/258 564/157/258 514/290/258
f 527/288/258 554/289/258 555/292/258
f 562/293/258 563/291/258 514/290/258
f 527/288/258 555/292/258 556/294/258
f 561/295/258 562/293/258 514/290/258
f 527/288/258 556/294/258 557/296/258
f 560/297/258 561/295/258 514/290/258
f 527/288/258 557/296/258 558/143/258
f 559/298/258 560/297/258 514/290/258
f 527/288/258 558/143/258 559/298/258
f 527/288/258 559/298/258 514/290/258
f 526/299/258 527/288/258 514/290/258
f 526/299/258 514/290/258 515/300/258
f 525/301/258 526/299/258 515/300/258
f 525/301/258 515/300/258 516/137/258
f 524/302/258 525/301/258 516/137/258
f 524/302/258 516/137/258 517/303/258
f 523/139/258 524/302/258 517/303/258
f 523/139/258 517/303/258 518/304/258
f 522/305/258 523/139/258 518/304/258
f 522/305/258 518/304/258 519/306/258
f 521/307/258 522/305/258 519/306/258
f 521/307/258 519/306/258 520/177/258
f 670/308/258 671/310/258 672/309/258
f 670/308/258 672/309/258 673/311/258
f 670/308/258 673/311/258 674/312/258
f 669/313/258 670/308/258 674/312/258
f 669/313/258 674/312/258 675/314/258
f 669/313/258 675/314/258 676/315/258
f 669/313/258 676/315/258 677/316/258
f 668/317/258 669/313/258 677/316/258
f 668/317/258 677/316/258 678/318/258
f 668/317/258 678/318/258 679/319/258
f 668/317/258 679/319/258 680/320/258
f 667/321/258 668/317/258 680/320/258
f 667/321/258 680/320/258 681/322/258
f 667/321/258 681/322/258 682/323/258
f 667/321/258 682/323/258 683/324/258
f 666/325/258 667/321/258 683/324/258
f 666/325/258 683/324/258 596/326/258
f 596/326/258 683/324/258 595/327/258
f 595/327/258 683/324/258 594/328/258
f 594/328/258 683/324/258 593/329/258
f 593/329/258 683/324/258 592/330/258
f 592/330/258 683/324/258 591/331/258
f 591/331/258 683/324/258 590/332/258
f 590/332/258 683/324/258 589/333/258
f 589/333/258 683/324/258 588/334/258
f 588/334/258 683/324/258 587/133/258
f 587/133/258 683/324/258 684/136/258
f 665/335/258 666/325/258 598/336/258
f 598/336/258 666/325/258 597/337/258
f 597/337/258 666/325/258 596/326/258
f 665/335/258 598/336/258 599/338/258
f 665/335/258 599/338/258 600/339/258
f 665/335/258 600/339/258 601/340/258
f 664/341/258 665/335/258 601/340/258
f 664/341/258 601/340/258 602/342/258
f 664/341/258 602/342/258 603/343/258
f 663/344/258 664/341/258 603/343/258
f 663/344/258 603/343/258 604/345/258
f 663/344/258 604/345/258 605/346/258
f 662/347/258 663/344/258 605/346/258
f 662/347/258 605/346/258 606/348/258
f 661/349/258 662/347/258 606/348/258
f 661/349/258 606/348/258 607/350/258
f 661/349/258 607/350/258 608/351/258
f 660/352/258 661/349/258 608/351/258
f 660/352/258 608/351/258 609/353/258
f 659/354/258 660/352/258 609/353/258
f 659/354/258 609/353/258 610/355/258
f 659/354/258 610/355/258 611/356/258
f 658/357/258 659/354/258 611/356/258
f 658/357/258 611/356/258 612/358/258
f 657/359/258 658/357/258 612/358/258
f 657/359/258 612/358/258 613/360/258
f 656/361/258 657/359/258 613/360/258
f 656/361/258 613/360/258 614/362/258
f 655/363/258 656/361/258 614/362/258
f 655/363/258 614/362/258 615/364/258
f 654/365/258 655/363/258 615/364/258
f 654/365/258 615/364/258 616/366/258
f 633/367/258 634/369/258 635/368/258
f 654/365/258 616/366/258 617/370/258
f 632/371/258 633/367/258 635/368/258
f 653/372/258 654/365/258 617/370/258
f 631/373/258 632/371/258 635/368/258
f 653/372/258 617/370/258 618/374/258
f 630/375/258 631/373/258 635/368/258
f 629/376/258 630/375/258 635/368/258
f 653/372/258 618/374/258 619/377/258
f 628/378/258 629/376/258 635/368/258
f 652/379/258 653/372/258 619/377/258
f 627/380/258 628/378/258 635/368/258
f 652/379/258 619/377/258 620/381/258
f 626/382/258 627/380/258 635/368/258
f 625/383/258 626/382/258 635/368/258
f 652/379/258 620/381/258 621/384/258
f 624/385/258 625/383/258 635/368/258
f 623/386/258 624/385/258 635/368/258
f 652/379/258 621/384/258 622/387/258
f 622/387/258 623/386/258 635/368/258
f 652/379/258 622/387/258 635/368/258
f 651/388/258 652/379/258 635/368/258
f 651/388/258 635/368/258 636/389/258
f 650/390/258 651/388/258 636/389/258
f 650/390/258 636/389/258 637/391/258
f 650/390/258 637/391/258 638/392/258
f 650/390/258 638/392/258 639/393/258
f 649/394/258 650/390/258 639/393/258
f 649/394/258 639/393/258 640/395/258
f 649/394/258 640/395/258 641/396/258
f 649/394/258 641/396/258 642/397/258
f 648/398/258 649/394/258 642/397/258
f 648/398/258 642/397/258 643/399/258
f 648/398/258 643/399/258 644/400/258
f 648/398/258 644/400/258 645/401/258
f 647/402/258 648/398/258 645/401/258
f 647/402/258 645/401/258 646/403/258
s 1
f 686/404/259 688/405/260 687/406/260 685/133/259
f 688/405/260 690/407/261 689/408/261 687/406/260
f 690/407/261 692/409/262 691/410/262 689/408/261
f 692/409/262 694/411/263 693/412/263 691/410/262
f 694/411/263 696/413/264 695/414/264 693/412/263
f 696/413/264 698/415/265 697/416/265 695/414/264
f 698/415/265 700/417/266 699/418/266 697/416/265
f 700/417/266 702/419/267 701/420/267 699/418/266
f 702/419/267 704/421/268 703/422/268 701/420/267
f 704/421/268 706/423/269 705/424/269 703/422/268
f 706/423/269 708/425/270 707/426/270 705/424/269
f 708/425/270 710/427/271 709/428/271 707/426/270
f 710/427/271 712/429/272 711/430/272 709/428/271
f 712/429/272 714/431/273 713/177/273 711/430/272
f 714/431/273 716/432/274 715/433/274 713/177/273
f 716/432/274 718/434/275 717/435/275 715/433/274
f 718/434/275 720/436/276 719/437/276 717/435/275
f 720/436/276 722/438/277 721/439/277 719/437/276
f 722/438/277 724/440/278 723/441/278 721/439/277
f 724/440/278 726/442/279 725/443/279 723/441/278
f 726/442/279 728/444/280 727/445/280 725/443/279
f 728/444/280 730/446/281 729/447/281 727/445/280
f 730/446/281 732/448/282 731/449/282 729/447/281
f 732/448/282 734/450/283 733/451/283 731/449/282
f 734/450/283 736/452/284 735/453/284 733/451/283
f 736/452/284 738/454/285 737/455/285 735/453/284
f 738/454/285 740/456/286 739/457/286 737/455/285
f 740/456/286 742/458/287 741/203/287 739/457/286
f 742/458/287 744/459/288 743/460/288 741/203/287
f 744/459/288 746/461/289 745/462/289 743/460/288
f 746/461/289 748/463/290 747/464/290 745/462/289
f 748/463/290 750/465/291 749/466/291 747/464/290
f 750/465/291 752/467/292 751/468/292 749/466/291
f 752/467/292 754/469/293 753/470/293 751/468/292
f 754/469/293 756/471/294 755/472/294 753/470/293
f 756/471/294 758/473/295 757/474/295 755/472/294
f 758/473/295 760/475/296 759/476/296 757/474/295
f 760/475/296 762/477/297 761/478/297 759/476/296
f 762/477/297 764/479/298 763/480/298 761/478/297
f 764/479/298 766/481/299 765/482/299 763/480/298
f 766/481/299 768/483/300 767/484/300 765/482/299
f 768/483/300 770/485/301 769/243/301 767/484/300
f 770/485/301 772/486/302 771/487/302 769/243/301
f 772/486/302 774/488/303 773/489/303 771/487/302
f 774/488/303 776/490/304 775/491/304 773/489/303
f 776/490/304 778/492/305 777/493/305 775/491/304
f 778/492/305 780/494/306 779/495/306 777/493/305
f 780/494/306 782/496/307 781/497/307 779/495/306
f 782/496/307 784/498/308 783/499/308 781/497/307
f 784/498/308 786/500/309 785/501/309 783/499/308
f 786/500/309 788/502/310 787/503/310 785/501/309
f 788/502/310 790/504/311 789/505/311 787/503/310
f 790/504/311 792/506/312 791/507/312 789/505/311
f 792/506/312 794/508/313 793/509/313 791/507/312
f 794/508/313 796/510/314 795/511/314 793/509/313
f 796/510/314 798/512/315 797/180/315 795/511/314
f 798/512/315 800/513/316 799/514/316 797/180/315
f 800/513/316 802/515/317 801/516/317 799/514/316
f 802/515/317 804/517/318 803/518/318 801/516/317
f 804/517/318 806/519/319 805/520/319 803/518/318
f 806/519/319 808/521/320 807/522/320 805/520/319
f 808/521/320 810/523/321 809/524/321 807/522/320
f 810/523/321 812/525/322 811/526/322 809/524/321
f 812/525/322 814/527/323 813/528/323 811/526/322
f 814/527/323 816/529/324 815/530/324 813/528/323
f 816/529/324 818/531/325 817/532/325 815/530/324
f 818/531/325 820/533/326 819/534/326 817/532/325
f 820/533/326 822/535/327 821/536/327 819/534/326
f 822/535/327 824/537/328 823/538/328 821/536/327
f 824/537/328 826/539/329 825/157/329 823/538/328
f 826/539/329 828/540/330 827/541/330 825/157/329
f 828/540/330 830/542/331 829/543/331 827/541/330
f 830/542/331 832/544/332 831/545/332 829/543/331
f 832/544/332 834/546/333 833/547/333 831/545/332
f 834/546/333 836/548/334 835/549/334 833/547/333
f 836/548/334 838/550/335 837/551/335 835/549/334
f 838/550/335 840/552/336 839/553/336 837/551/335
f 840/552/336 842/554/337 841/555/337 839/553/336
f 842/554/337 844/556/338 843/557/338 841/555/337
f 844/556/338 846/558/339 845/559/339 843/557/338
f 846/558/339 848/560/340 847/561/340 845/559/339
f 848/560/340 850/562/341 849/563/341 847/561/340
f 850/562/341 852/564/342 851/565/342 849/563/341
f 852/564/342 854/566/343 853/224/343 851/565/342
f 854/566/343 856/567/344 855/568/344 853/224/343
f 856/567/344 858/569/345 857/570/345 855/568/344
f 858/569/345 860/571/346 859/572/346 857/570/345
f 860/571/346 862/573/347 861/574/347 859/572/346
f 862/573/347 864/575/348 863/576/348 861/574/347
f 864/575/348 866/577/349 865/578/349 863/576/348
f 866/577/349 868/579/350 867/580/350 865/578/349
f 868/579/350 870/581/351 869/582/351 867/580/350
f 870/581/351 872/583/352 871/584/352 869/582/351
f 872/583/352 874/585/353 873/586/353 871/584/352
f 874/585/353 876/587/354 875/588/354 873/586/353
f 876/587/354 878/589/355 877/590/355 875/588/354
f 878/589/355 880/591/356 879/592/356 877/590/355
f 880/591/356 686/593/259 685/136/259 879/592/356
f 882/404/357 884/594/358 883/595/358 881/133/357
f 884/594/358 886/596/359 885/597/359 883/595/358
f 886/596/359 888/598/360 887/599/360 885/597/359
f 888/598/360 890/600/361 889/601/361 887/599/360
f 890/600/361 892/602/362 891/603/362 889/601/361
f 892/602/362 894/604/363 893/605/363 891/603/362
f 894/604/363 896/606/364 895/607/364 893/605/363
f 896/606/364 898/608/365 897/609/365 895/607/364
f 898/608/365 900/610/366 899/611/366 897/609/365
f 900/610/366 902/612/367 901/613/367 899/611/366
f 902/612/367 904/614/368 903/615/368 901/613/367
f 904/614/368 906/616/369 905/617/369 903/615/368
f 906/616/369 908/618/370 907/619/370 905/617/369
f 908/618/370 910/620/371 909/621/371 907/619/370
f 910/620/371 912/622/372 911/623/372 909/621/371
f 912/622/372 914/624/373 913/625/373 911/623/372
f 914/624/373 916/626/374 915/627/374 913/625/373
f 916/626/374 918/628/375 917/629/375 915/627/374
f 918/628/375 920/630/376 919/631/376 917/629/375
f 920/630/376 922/632/377 921/633/377 919/631/376
f 922/632/377 924/634/378 923/635/378 921/633/377
f 924/634/378 926/636/379 925/637/379 923/635/378
f 926/636/379 928/638/380 927/639/380 925/637/379
f 928/638/380 930/640/381 929/641/381 927/639/380
f 930/640/381 932/642/382 931/643/382 929/641/381
f 932/642/382 934/644/383 933/218/383 931/643/382
f 934/644/383 936/645/384 935/646/384 933/218/383
f 936/645/384 938/647/385 937/648/385 935/646/384
f 938/647/385 940/649/386 939/650/386 937/648/385
f 940/649/386 942/651/387 941/652/387 939/650/386
f 942/651/387 944/653/388 943/654/388 941/652/387
f 944/653/388 946/655/389 945/656/389 943/654/388
f 946/655/389 948/657/390 947/658/390 945/656/389
f 948/657/390 950/659/391 949/660/391 947/658/390
f 950/659/391 952/661/392 951/662/392 949/660/391
f 952/661/392 954/663/393 953/664/393 951/662/392
f 954/663/393 956/665/394 955/666/394 953/664/393
f 956/665/394 958/667/395 957/668/395 955/666/394
f 958/667/395 960/498/396 959/499/396 957/668/395
f 960/498/396 962/669/397 961/670/397 959/499/396
f 962/669/397 964/671/398 963/672/398 961/670/397
f 964/671/398 966/673/399 965/674/399 963/672/398
f 966/673/399 968/675/400 967/676/400 965/674/399
f 968/675/400 970/677/401 969/678/401 967/676/400
f 970/677/401 972/679/402 971/680/402 969/678/401
f 972/679/402 974/681/403 973/682/403 971/680/402
f 974/681/403 976/683/404 975/684/404 973/682/403
f 976/683/404 978/685/405 977/686/405 975/684/404
f 978/685/405 980/687/406 979/688/406 977/686/405
f 980/687/406 982/689/407 981/690/407 979/688/406
f 982/689/407 984/691/408 983/692/408 981/690/407
f 984/691/408 986/693/409 985/163/409 983/692/408
f 986/693/409 988/694/410 987/695/410 985/163/409
f 988/694/410 990/696/411 989/697/411 987/695/410
f 990/696/411 992/698/412 991/699/412 989/697/411
f 992/698/412 994/700/413 993/701/413 991/699/412
f 994/700/413 996/702/414 995/703/414 993/701/413
f 996/702/414 998/704/415 997/705/415 995/703/414
f 998/704/415 1000/706/416 999/707/416 997/705/415
f 1000/706/416 1002/708/417 1001/709/417 999/707/416
f 1002/708/417 1004/710/418 1003/711/418 1001/709/417
f 1004/710/418 1006/712/419 1005/713/419 1003/711/418
f 1006/712/419 1008/714/420 1007/715/420 1005/713/419
f 1008/714/420 1010/716/421 1009/717/421 1007/715/420
f 1010/716/421 1012/718/422 1011/719/422 1009/717/421
f 1012/718/422 1014/720/423 1013/721/423 1011/719/422
f 1014/720/423 1016/722/424 1015/723/424 1013/721/423
f 1016/722/424 1018/724/425 1017/725/425 1015/723/424
f 1018/724/425 1020/726/426 1019/727/426 1017/725/425
f 1020/726/426 1022/728/427 1021/729/427 1019/727/426
f 1022/728/427 1024/730/428 1023/731/428 1021/729/427
f 1024/730/428 1026/732/429 1025/733/429 1023/731/428
f 1026/732/429 1028/734/430 1027/735/430 1025/733/429
f 1028/734/430 1030/736/431 1029/737/431 1027/735/430
f 1030/736/431 1032/738/381 1031/739/381 1029/737/431
f 1032/738/381 1034/740/382 1033/741/382 1031/739/381
f 1034/740/382 1036/742/432 1035/743/432 1033/741/382
f 1036/742/432 882/593/357 881/136/357 1035/743/432
f 1038/404/433 1040/744/434 1039/745/434 1037/133/433
f 1040/744/434 1042/598/435 1041/599/435 1039/745/434
f 1042/598/435 1044/746/436 1043/747/436 1041/599/435
f 1044/746/436 1046/604/437 1045/605/437 1043/747/436
f 1046/604/437 1048/748/438 1047/749/438 1045/605/437
f 1048/748/438 1050/610/439 1049/611/439 1047/749/438
f 1050/610/439 1052/750/440 1051/751/440 1049/611/439
f 1052/750/440 1054/616/441 1053/617/441 1051/751/440
f 1054/616/441 1056/752/442 1055/753/442 1053/617/441
f 1056/752/442 1058/622/443 1057/623/443 1055/753/442
f 1058/622/443 1060/754/444 1059/755/444 1057/623/443
f 1060/754/444 1062/628/445 1061/629/445 1059/755/444
f 1062/628/445 1064/756/446 1063/757/446 1061/629/445
f 1064/756/446 1066/634/447 1065/635/447 1063/757/446
f 1066/634/447 1068/758/448 1067/759/448 1065/635/447
f 1068/758/448 1070/640/449 1069/641/449 1067/759/448
f 1070/640/449 1072/760/450 1071/761/450 1069/641/449
f 1072/760/450 1074/645/451 1073/646/451 1071/761/450
f 1074/645/451 1076/762/452 1075/763/452 1073/646/451
f 1076/762/452 1078/651/453 1077/652/453 1075/763/452
f 1078/651/453 1080/764/454 1079/765/454 1077/652/453
f 1080/764/454 1082/657/455 1081/658/455 1079/765/454
f 1082/657/455 1084/766/456 1083/767/456 1081/658/455
f 1084/766/456 1086/663/457 1085/664/457 1083/767/456
f 1086/663/457 1088/768/458 1087/769/458 1085/664/457
f 1088/768/458 1090/498/459 1089/499/459 1087/769/458
f 1090/498/459 1092/770/460 1091/771/460 1089/499/459
f 1092/770/460 1094/673/461 1093/674/461 1091/771/460
f 1094/673/461 1096/772/462 1095/773/462 1093/674/461
f 1096/772/462 1098/679/463 1097/680/463 1095/773/462
f 1098/679/463 1100/774/464 1099/775/464 1097/680/463
f 1100/774/464 1102/685/465 1101/686/465 1099/775/464
f 1102/685/465 1104/776/466 1103/777/466 1101/686/465
f 1104/776/466 1106/691/467 1105/692/467 1103/777/466
f 1106/691/467 1108/778/468 1107/779/468 1105/692/467
f 1108/778/468 1110/696/469 1109/697/469 1107/779/468
f 1110/696/469 1112/780/470 1111/781/470 1109/697/469
f 1112/780/470 1114/702/471 1113/703/471 1111/781/470
f 1114/702/471 1116/782/472 1115/783/472 1113/703/471
f 1116/782/472 1118/708/473 1117/709/473 1115/783/472
f 1118/708/473 1120/784/474 1119/785/474 1117/709/473
f 1120/784/474 1122/714/475 1121/715/475 1119/785/474
f 1122/714/475 1124/786/476 1123/787/476 1121/715/475
f 1124/786/476 1126/720/477 1125/721/477 1123/787/476
f 1126/720/477 1128/788/478 1127/789/478 1125/721/477
f 1128/788/478 1130/726/479 1129/727/479 1127/789/478
f 1130/726/479 1132/790/480 1131/791/480 1129/727/479
f 1132/790/480 1134/732/481 1133/733/481 1131/791/480
f 1134/732/481 1136/792/482 1135/793/482 1133/733/481
f 1136/792/482 1138/738/483 1137/739/483 1135/793/482
f 1138/738/483 1140/794/381 1139/795/381 1137/739/483
f 1140/794/381 1038/593/433 1037/136/433 1139/795/381
f 1142/404/484 1144/796/485 1143/797/485 1141/133/484
f 1144/796/485 1146/798/486 1145/799/486 1143/797/485
f 1146/798/486 1148/800/487 1147/801/487 1145/799/486
f 1148/800/487 1150/802/488 1149/803/488 1147/801/487
f 1150/802/488 1152/804/489 1151/805/489 1149/803/488
f 1152/804/489 1154/806/490 1153/807/490 1151/805/489
f 1154/806/490 1156/808/491 1155/809/491 1153/807/490
f 1156/808/491 1158/810/492 1157/811/492 1155/809/491
f 1158/810/492 1160/644/493 1159/218/493 1157/811/492
f 1160/644/493 1162/812/494 1161/813/494 1159/218/493
f 1162/812/494 1164/814/495 1163/815/495 1161/813/494
f 1164/814/495 1166/816/496 1165/817/496 1163/815/495
f 1166/816/496 1168/818/497 1167/819/497 1165/817/496
f 1168/818/497 1170/820/498 1169/821/498 1167/819/497
f 1170/820/498 1172/822/499 1171/823/499 1169/821/498
f 1172/822/499 1174/824/500 1173/825/500 1171/823/499
f 1174/824/500 1176/826/501 1175/827/501 1173/825/500
f 1176/826/501 1178/693/502 1177/163/502 1175/827/501
f 1178/693/502 1180/828/503 1179/829/503 1177/163/502
f 1180/828/503 1182/830/504 1181/831/504 1179/829/503
f 1182/830/504 1184/832/505 1183/833/505 1181/831/504
f 1184/832/505 1186/834/506 1185/835/506 1183/833/505
f 1186/834/506 1188/836/507 1187/837/507 1185/835/506
f 1188/836/507 1190/838/508 1189/839/508 1187/837/507
f 1190/838/508 1192/840/509 1191/841/509 1189/839/508
f 1192/840/509 1194/842/382 1193/843/382 1191/841/509
f 1194/842/382 1142/593/484 1141/136/484 1193/843/382
f 1196/404/510 1198/796/511 1197/797/511 1195/133/510
f 1198/796/511 1200/798/512 1199/799/512 1197/797/511
f 1200/798/512 1202/800/513 1201/801/513 1199/799/512
f 1202/800/513 1204/802/514 1203/803/514 1201/801/513
f 1204/802/514 1206/804/515 1205/805/515 1203/803/514
f 1206/804/515 1208/806/516 1207/807/516 1205/805/515
f 1208/806/516 1210/808/517 1209/809/517 1207/807/516
f 1210/808/517 1212/810/518 1211/811/518 1209/809/517
f 1212/810/518 1214/644/519 1213/218/519 1211/811/518
f 1214/644/519 1216/812/520 1215/813/520 1213/218/519
f 1216/812/520 1218/814/521 1217/815/521 1215/813/520
f 1218/814/521 1220/816/522 1219/817/522 1217/815/521
f 1220/816/522 1222/818/523 1221/819/523 1219/817/522
f 1222/818/523 1224/820/524 1223/821/524 1221/819/523
f 1224/820/524 1226/822/525 1225/823/525 1223/821/524
f 1226/822/525 1228/824/526 1227/825/526 1225/823/525
f 1228/824/526 1230/826/527 1229/827/527 1227/825/526
f 1230/826/527 1232/693/528 1231/163/528 1229/827/527
f 1232/693/528 1234/828/529 1233/829/529 1231/163/528
f 1234/828/529 1236/830/530 1235/831/530 1233/829/529
f 1236/830/530 1238/832/531 1237/833/531 1235/831/530
f 1238/832/531 1240/834/532 1239/835/532 1237/833/531
f 1240/834/532 1242/836/533 1241/837/533 1239/835/532
f 1242/836/533 1244/838/534 1243/839/534 1241/837/533
f 1244/838/534 1246/840/509 1245/841/509 1243/839/534
f 1246/840/509 1248/842/382 1247/843/382 1245/841/509
f 1248/842/382 1196/593/510 1195/136/510 1247/843/382
f 1250/404/509 1252/844/382 1251/845/382 1249/133/509
f 1252/844/382 1254/618/382 1253/619/382 1251/845/382
f 1254/618/382 1256/756/509 1255/757/509 1253/619/382
f 1256/756/509 1258/644/509 1257/218/509 1255/757/509
f 1258/644/509 1260/846/382 1259/847/382 1257/218/509
f 1260/846/382 1262/498/382 1261/499/382 1259/847/382
f 1262/498/382 1264/848/509 1263/849/509 1261/499/382
f 1264/848/509 1266/693/483 1265/163/483 1263/849/509
f 1266/693/483 1268/782/381 1267/783/381 1265/163/483
f 1268/782/381 1270/718/382 1269/719/382 1267/783/381
f 1270/718/382 1272/850/509 1271/851/509 1269/719/382
f 1272/850/509 1250/593/509 1249/136/509 1271/851/509
o Autopilot_isolation_foot.003
v 0.116500 0.298500 0.016500
v 0.116500 0.299500 0.017500
v 0.115500 0.299500 0.016500
v 0.116500 0.298634 0.016999
v 0.116001 0.298634 0.016500
v 0.116022 0.298763 0.016978
v 0.116001 0.299500 0.017366
v 0.116500 0.299001 0.017366
v 0.116022 0.299022 0.017237
v 0.115634 0.299001 0.016500
v 0.115634 0.299500 0.016999
v 0.115763 0.299022 0.016978
v 0.116500 0.302500 0.017500
v 0.116500 0.303500 0.016500
v 0.115500 0.302500 0.016500
v 0.116500 0.302999 0.017366
v 0.116001 0.302500 0.017366
v 0.116022 0.302978 0.017237
v 0.116001 0.303366 0.016500
v 0.116500 0.303366 0.016999
v 0.116022 0.303237 0.016978
v 0.115634 0.302500 0.016999
v 0.115634 0.302999 0.016500
v 0.115763 0.302978 0.016978
v 0.116500 0.298500 0.009500
v 0.115500 0.299500 0.009500
v 0.116500 0.299500 0.008500
v 0.116001 0.298634 0.009500
v 0.116500 0.298634 0.009001
v 0.116022 0.298763 0.009022
v 0.115634 0.299500 0.009001
v 0.115634 0.299001 0.009500
v 0.115763 0.299022 0.009022
v 0.116500 0.299001 0.008634
v 0.116001 0.299500 0.008634
v 0.116022 0.299022 0.008763
v 0.116500 0.303500 0.009500
v 0.116500 0.302500 0.008500
v 0.115500 0.302500 0.009500
v 0.116500 0.303366 0.009001
v 0.116001 0.303366 0.009500
v 0.116022 0.303237 0.009022
v 0.116001 0.302500 0.008634
v 0.116500 0.302999 0.008634
v 0.116022 0.302978 0.008763
v 0.115634 0.302999 0.009500
v 0.115634 0.302500 0.009001
v 0.115763 0.302978 0.009022
v 0.123500 0.298500 0.016500
v 0.124500 0.299500 0.016500
v 0.123500 0.299500 0.017500
v 0.123999 0.298634 0.016500
v 0.123500 0.298634 0.016999
v 0.123978 0.298763 0.016978
v 0.124366 0.299500 0.016999
v 0.124366 0.299001 0.016500
v 0.124237 0.299022 0.016978
v 0.123500 0.299001 0.017366
v 0.123999 0.299500 0.017366
v 0.123978 0.299022 0.017237
v 0.123500 0.303500 0.016500
v 0.123500 0.302500 0.017500
v 0.124500 0.302500 0.016500
v 0.123500 0.303366 0.016999
v 0.123999 0.303366 0.016500
v 0.123978 0.303237 0.016978
v 0.123999 0.302500 0.017366
v 0.123500 0.302999 0.017366
v 0.123978 0.302978 0.017237
v 0.124366 0.302999 0.016500
v 0.124366 0.302500 0.016999
v 0.124237 0.302978 0.016978
v 0.123500 0.298500 0.009500
v 0.123500 0.299500 0.008500
v 0.124500 0.299500 0.009500
v 0.123500 0.298634 0.009001
v 0.123999 0.298634 0.009500
v 0.123978 0.298763 0.009022
v 0.123999 0.299500 0.008634
v 0.123500 0.299001 0.008634
v 0.123978 0.299022 0.008763
v 0.124366 0.299001 0.009500
v 0.124366 0.299500 0.009001
v 0.124237 0.299022 0.009022
v 0.123500 0.303500 0.009500
v 0.124500 0.302500 0.009500
v 0.123500 0.302500 0.008500
v 0.123999 0.303366 0.009500
v 0.123500 0.303366 0.009001
v 0.123978 0.303237 0.009022
v 0.124366 0.302500 0.009001
v 0.124366 0.302999 0.009500
v 0.124237 0.302978 0.009022
v 0.123500 0.302999 0.008634
v 0.123999 0.302500 0.008634
v 0.123978 0.302978 0.008763
vn 0.0178 -0.0381 0.9991
vn 0.0178 0.0381 0.9991
vn -0.0178 0.0381 0.9991
vn -0.0178 -0.0381 0.9991
vn 0.9991 -0.0381 -0.0178
vn 0.9991 0.0381 -0.0178
vn 0.9991 0.0381 0.0178
vn 0.9991 -0.0381 0.0178
vn 0.0178 0.9997 -0.0178
vn -0.0178 0.9997 -0.0178
vn -0.0178 0.9997 0.0178
vn 0.0178 0.9997 0.0178
vn -0.9991 -0.0381 0.0178
vn -0.9991 0.0381 0.0178
vn -0.9991 0.0381 -0.0178
vn -0.9991 -0.0381 -0.0178
vn -0.0178 -0.0381 -0.9991
vn -0.0178 0.0381 -0.9991
vn 0.0178 0.0381 -0.9991
vn 0.0178 -0.0381 -0.9991
vn -0.0178 -0.9997 0.0179
vn -0.0152 -0.8663 0.4993
vn -0.4473 -0.7745 0.4473
vn -0.4993 -0.8663 0.0152
vn -0.0152 -0.8662 0.4994
vn -0.0152 -0.4994 0.8663
vn -0.4473 -0.4474 0.7744
vn -0.4473 -0.7745 0.4474
vn -0.0178 -0.0382 0.9991
vn -0.4981 -0.0328 0.8665
vn -0.4473 -0.4473 0.7745
vn -0.0152 -0.4993 0.8663
vn -0.8665 -0.0328 0.4981
vn -0.7744 -0.4473 0.4474
vn -0.4474 -0.4473 0.7745
vn -0.9991 -0.0382 0.0178
vn -0.8663 -0.4993 0.0152
vn -0.7745 -0.4473 0.4473
vn -0.8665 -0.0328 0.4980
vn -0.8662 -0.4994 0.0152
vn -0.4994 -0.8663 0.0152
vn -0.4474 -0.7744 0.4473
vn -0.7745 -0.4474 0.4473
vn -0.4473 -0.7744 0.4474
vn -0.4474 -0.4474 0.7744
vn -0.7744 -0.4474 0.4474
vn -0.0178 0.0382 0.9991
vn -0.0152 0.4993 0.8663
vn -0.4473 0.4473 0.7745
vn -0.4980 0.0328 0.8665
vn -0.0152 0.4994 0.8662
vn -0.0152 0.8663 0.4994
vn -0.4473 0.7744 0.4474
vn -0.4473 0.4474 0.7745
vn -0.0179 0.9997 0.0178
vn -0.4993 0.8663 0.0152
vn -0.4473 0.7745 0.4473
vn -0.0152 0.8663 0.4993
vn -0.4994 0.8662 0.0152
vn -0.8663 0.4994 0.0152
vn -0.7744 0.4474 0.4473
vn -0.4474 0.7745 0.4473
vn -0.9991 0.0382 0.0178
vn -0.8665 0.0328 0.4981
vn -0.7745 0.4473 0.4473
vn -0.8663 0.4993 0.0152
vn -0.4981 0.0328 0.8665
vn -0.4474 0.4473 0.7744
vn -0.7745 0.4473 0.4474
vn -0.4473 0.4474 0.7744
vn -0.4474 0.7744 0.4474
vn -0.7744 0.4474 0.4474
vn -0.0179 -0.9997 -0.0178
vn -0.4993 -0.8663 -0.0152
vn -0.4473 -0.7745 -0.4473
vn -0.0152 -0.8663 -0.4993
vn -0.4994 -0.8662 -0.0152
vn -0.8663 -0.4994 -0.0152
vn -0.7744 -0.4474 -0.4473
vn -0.4474 -0.7745 -0.4473
vn -0.9991 -0.0382 -0.0178
vn -0.8665 -0.0328 -0.4981
vn -0.7745 -0.4473 -0.4473
vn -0.8663 -0.4993 -0.0152
vn -0.4981 -0.0328 -0.8665
vn -0.4474 -0.4473 -0.7744
vn -0.7745 -0.4473 -0.4474
vn -0.0178 -0.0382 -0.9991
vn -0.0152 -0.4993 -0.8663
vn -0.4473 -0.4473 -0.7745
vn -0.4980 -0.0328 -0.8665
vn -0.0152 -0.4994 -0.8662
vn -0.0152 -0.8663 -0.4994
vn -0.4473 -0.7744 -0.4474
vn -0.4473 -0.4474 -0.7745
vn -0.4474 -0.7744 -0.4474
vn -0.7744 -0.4474 -0.4474
vn -0.4473 -0.4474 -0.7744
vn -0.0178 0.9997 -0.0179
vn -0.0152 0.8663 -0.4993
vn -0.4473 0.7745 -0.4473
vn -0.4993 0.8663 -0.0152
vn -0.0152 0.8662 -0.4994
vn -0.0152 0.4994 -0.8663
vn -0.4473 0.4474 -0.7744
vn -0.4473 0.7745 -0.4474
vn -0.0178 0.0382 -0.9991
vn -0.4981 0.0328 -0.8665
vn -0.4473 0.4473 -0.7745
vn -0.0152 0.4993 -0.8663
vn -0.8665 0.0328 -0.4981
vn -0.7744 0.4473 -0.4474
vn -0.4474 0.4473 -0.7745
vn -0.9991 0.0382 -0.0178
vn -0.8663 0.4993 -0.0152
vn -0.7745 0.4473 -0.4473
vn -0.8665 0.0328 -0.4980
vn -0.8662 0.4994 -0.0152
vn -0.4994 0.8663 -0.0152
vn -0.4474 0.7744 -0.4473
vn -0.7745 0.4474 -0.4473
vn -0.4473 0.7744 -0.4474
vn -0.4474 0.4474 -0.7744
vn -0.7744 0.4474 -0.4474
vn 0.0179 -0.9997 0.0178
vn 0.4993 -0.8663 0.0152
vn 0.4473 -0.7745 0.4473
vn 0.0152 -0.8663 0.4993
vn 0.4994 -0.8662 0.0152
vn 0.8663 -0.4994 0.0152
vn 0.7744 -0.4474 0.4473
vn 0.4474 -0.7745 0.4473
vn 0.9991 -0.0382 0.0178
vn 0.8665 -0.0328 0.4981
vn 0.7745 -0.4473 0.4473
vn 0.8663 -0.4993 0.0152
vn 0.4981 -0.0328 0.8665
vn 0.4474 -0.4473 0.7744
vn 0.7745 -0.4473 0.4474
vn 0.0178 -0.0382 0.9991
vn 0.0152 -0.4993 0.8663
vn 0.4473 -0.4473 0.7745
vn 0.4980 -0.0328 0.8665
vn 0.0152 -0.4994 0.8662
vn 0.0152 -0.8663 0.4994
vn 0.4473 -0.7744 0.4474
vn 0.4473 -0.4474 0.7745
vn 0.4474 -0.7744 0.4474
vn 0.7744 -0.4474 0.4474
vn 0.4473 -0.4474 0.7744
vn 0.0178 0.9997 0.0179
vn 0.0152 0.8663 0.4993
vn 0.4473 0.7745 0.4473
vn 0.4993 0.8663 0.0152
vn 0.0152 0.8662 0.4994
vn 0.0152 0.4994 0.8663
vn 0.4473 0.4474 0.7744
vn 0.4473 0.7745 0.4474
vn 0.0178 0.0382 0.9991
vn 0.4981 0.0328 0.8665
vn 0.4473 0.4473 0.7745
vn 0.0152 0.4993 0.8663
vn 0.8665 0.0328 0.4981
vn 0.7744 0.4473 0.4474
vn 0.4474 0.4473 0.7745
vn 0.9991 0.0382 0.0178
vn 0.8663 0.4993 0.0152
vn 0.7745 0.4473 0.4473
vn 0.8665 0.0328 0.4980
vn 0.8662 0.4994 0.0152
vn 0.4994 0.8663 0.0152
vn 0.4474 0.7744 0.4473
vn 0.7745 0.4474 0.4473
vn 0.4473 0.7744 0.4474
vn 0.4474 0.4474 0.7744
vn 0.7744 0.4474 0.4474
vn 0.0178 -0.9997 -0.0179
vn 0.0152 -0.8663 -0.4993
vn 0.4473 -0.7745 -0.4473
vn 0.4993 -0.8663 -0.0152
vn 0.0152 -0.8662 -0.4994
vn 0.0152 -0.4994 -0.8663
vn 0.4473 -0.4474 -0.7744
vn 0.4473 -0.7745 -0.4474
vn 0.0178 -0.0382 -0.9991
vn 0.4981 -0.0328 -0.8665
vn 0.4473 -0.4473 -0.7745
vn 0.0152 -0.4993 -0.8663
vn 0.8665 -0.0328 -0.4981
vn 0.7744 -0.4473 -0.4474
vn 0.4474 -0.4473 -0.7745
vn 0.9991 -0.0382 -0.0178
vn 0.8663 -0.4993 -0.0152
vn 0.7745 -0.4473 -0.4473
vn 0.8665 -0.0328 -0.4980
vn 0.8662 -0.4994 -0.0152
vn 0.4994 -0.8663 -0.0152
vn 0.4474 -0.7744 -0.4473
vn 0.7745 -0.4474 -0.4473
vn 0.4473 -0.7744 -0.4474
vn 0.4474 -0.4474 -0.7744
vn 0.7744 -0.4474 -0.4474
vn 0.0179 0.9997 -0.0178
vn 0.4993 0.8663 -0.0152
vn 0.4473 0.7745 -0.4473
vn 0.0152 0.8663 -0.4993
vn 0.4994 0.8662 -0.0152
vn 0.8663 0.4994 -0.0152
vn 0.7744 0.4474 -0.4473
vn 0.4474 0.7745 -0.4473
vn 0.9991 0.0382 -0.0178
vn 0.8665 0.0328 -0.4981
vn 0.7745 0.4473 -0.4473
vn 0.8663 0.4993 -0.0152
vn 0.4981 0.0328 -0.8665
vn 0.4474 0.4473 -0.7744
vn 0.7745 0.4473 -0.4474
vn 0.0178 0.0382 -0.9991
vn 0.0152 0.4993 -0.8663
vn 0.4473 0.4473 -0.7745
vn 0.4980 0.0328 -0.8665
vn 0.0152 0.4994 -0.8662
vn 0.0152 0.8663 -0.4994
vn 0.4473 0.7744 -0.4474
vn 0.4473 0.4474 -0.7745
vn 0.4474 0.7744 -0.4474
vn 0.7744 0.4474 -0.4474
vn 0.4473 0.4474 -0.7744
vn -0.0179 -0.9997 0.0178
vn -0.4993 -0.8663 0.0151
vn -0.4994 -0.8662 0.0152
vn -0.8662 -0.4994 -0.0152
vn -0.8663 -0.4993 -0.0151
vn -0.4980 0.0327 0.8665
vn -0.4980 -0.0327 0.8665
vn -0.4981 -0.0327 0.8665
vn -0.4981 0.0327 0.8665
vn -0.8665 0.0327 0.4981
vn -0.8665 -0.0327 0.4981
vn -0.8665 -0.0327 0.4980
vn -0.8665 0.0327 0.4980
vn -0.0179 0.9997 -0.0178
vn -0.4993 0.8663 -0.0151
vn -0.4994 0.8662 -0.0152
vn -0.8662 0.4994 0.0152
vn -0.8663 0.4993 0.0151
vn -0.4980 -0.0327 -0.8665
vn -0.4980 0.0327 -0.8665
vn -0.4981 0.0327 -0.8665
vn -0.4981 -0.0327 -0.8665
vn -0.8665 -0.0327 -0.4981
vn -0.8665 0.0327 -0.4981
vn -0.8665 0.0327 -0.4980
vn -0.8665 -0.0327 -0.4980
vn -0.0178 -0.9997 -0.0179
vn -0.0151 -0.8663 -0.4993
vn -0.0152 -0.8662 -0.4994
vn 0.0152 -0.4994 -0.8662
vn 0.0151 -0.4993 -0.8663
vn 0.0178 0.9997 -0.0179
vn 0.0151 0.8663 -0.4993
vn 0.0152 0.8662 -0.4994
vn -0.0152 0.4994 -0.8662
vn -0.0151 0.4993 -0.8663
vn 0.8665 -0.0327 -0.4980
vn 0.8665 0.0327 -0.4980
vn 0.8665 0.0327 -0.4981
vn 0.8665 -0.0327 -0.4981
vn 0.4981 -0.0327 -0.8665
vn 0.4981 0.0327 -0.8665
vn 0.4980 0.0327 -0.8665
vn 0.4980 -0.0327 -0.8665
vn 0.0179 -0.9997 -0.0178
vn 0.4993 -0.8663 -0.0151
vn 0.4994 -0.8662 -0.0152
vn 0.8662 -0.4994 0.0152
vn 0.8663 -0.4993 0.0151
vn 0.0179 0.9997 0.0178
vn 0.4993 0.8663 0.0151
vn 0.4994 0.8662 0.0152
vn 0.8662 0.4994 -0.0152
vn 0.8663 0.4993 -0.0151
vn 0.4980 -0.0327 0.8665
vn 0.4980 0.0327 0.8665
vn 0.4981 0.0327 0.8665
vn 0.4981 -0.0327 0.8665
vn 0.8665 -0.0327 0.4981
vn 0.8665 0.0327 0.4981
vn 0.8665 0.0327 0.4980
vn 0.8665 -0.0327 0.4980
vn 0.0178 -0.9997 0.0179
vn 0.0151 -0.8663 0.4993
vn 0.0152 -0.8662 0.4994
vn -0.0152 -0.4994 0.8662
vn -0.0151 -0.4993 0.8663
vn -0.0178 0.9997 0.0179
vn -0.0151 0.8663 0.4993
vn -0.0152 0.8662 0.4994
vn 0.0152 0.4994 0.8662
vn 0.0151 0.4993 0.8663
vn -0.0178 -0.9997 -0.0178
vn 0.0178 -0.9997 -0.0178
vn 0.0178 -0.9997 0.0178
vn -0.0178 -0.9997 0.0178
vt 0.425000 0.777778
vt 0.575000 0.777778
vt 0.575000 0.972222
vt 0.425000 0.972222
vt 0.425000 0.527778
vt 0.575000 0.527778
vt 0.575000 0.722222
vt 0.425000 0.722222
vt 0.652778 0.527778
vt 0.847222 0.527778
vt 0.847222 0.722222
vt 0.652778 0.722222
vt 0.425000 0.027778
vt 0.575000 0.027778
vt 0.575000 0.222222
vt 0.425000 0.222222
vt 0.425000 0.277778
vt 0.575000 0.277778
vt 0.575000 0.472222
vt 0.425000 0.472222
vt 0.152778 0.722222
vt 0.152778 0.736093
vt 0.139494 0.735506
vt 0.138907 0.722222
vt 0.152778 0.750000
vt 0.139494 0.750000
vt 0.425000 1.000000
vt 0.375000 0.985506
vt 0.375000 0.972222
vt 0.425000 0.000000
vt 0.425000 0.013907
vt 0.375000 0.014494
vt 0.375000 0.000000
vt 0.375000 0.027778
vt 0.125000 0.722222
vt 0.125000 0.735506
vt 0.599967 0.972222
vt 0.598911 0.985506
vt 0.575000 1.000000
vt 0.625000 0.972222
vt 0.625000 0.985506
vt 0.875000 0.722222
vt 0.860506 0.750000
vt 0.847222 0.750000
vt 0.625000 0.027778
vt 0.599967 0.027778
vt 0.598911 0.014494
vt 0.625000 0.000000
vt 0.575000 0.013907
vt 0.575000 0.000000
vt 0.598911 0.007316
vt 0.598911 0.992684
vt 0.152778 0.527778
vt 0.138907 0.527778
vt 0.139494 0.514494
vt 0.152778 0.513907
vt 0.125000 0.527778
vt 0.125000 0.514494
vt 0.425000 0.236093
vt 0.375000 0.235506
vt 0.375000 0.222222
vt 0.425000 0.263907
vt 0.375000 0.264494
vt 0.375000 0.277778
vt 0.152778 0.500000
vt 0.139494 0.500000
vt 0.847222 0.500000
vt 0.860506 0.500000
vt 0.875000 0.527778
vt 0.625000 0.277778
vt 0.599967 0.277778
vt 0.598911 0.264494
vt 0.625000 0.264494
vt 0.575000 0.263907
vt 0.575000 0.236093
vt 0.598911 0.235506
vt 0.599967 0.222222
vt 0.625000 0.222222
vt 0.625000 0.250000
vt 0.598911 0.257316
vt 0.347222 0.722222
vt 0.361093 0.722222
vt 0.360506 0.735506
vt 0.347222 0.736093
vt 0.400033 0.722222
vt 0.401089 0.735506
vt 0.425000 0.736093
vt 0.425000 0.763907
vt 0.375000 0.764494
vt 0.375000 0.777778
vt 0.347222 0.750000
vt 0.360506 0.750000
vt 0.367684 0.735506
vt 0.652778 0.750000
vt 0.639494 0.750000
vt 0.638907 0.722222
vt 0.625000 0.777778
vt 0.599967 0.777778
vt 0.598911 0.764494
vt 0.625000 0.764494
vt 0.575000 0.763907
vt 0.575000 0.736093
vt 0.598911 0.735506
vt 0.599967 0.722222
vt 0.598911 0.757316
vt 0.347222 0.527778
vt 0.347222 0.513907
vt 0.360506 0.514494
vt 0.361093 0.527778
vt 0.347222 0.500000
vt 0.360506 0.500000
vt 0.425000 0.486093
vt 0.375000 0.485506
vt 0.375000 0.472222
vt 0.425000 0.513907
vt 0.401089 0.514494
vt 0.400033 0.527778
vt 0.367684 0.514494
vt 0.638907 0.527778
vt 0.639494 0.514494
vt 0.652778 0.500000
vt 0.599967 0.527778
vt 0.598911 0.514494
vt 0.575000 0.513907
vt 0.575000 0.486093
vt 0.598911 0.485506
vt 0.599967 0.472222
vt 0.625000 0.472222
vt 0.611832 0.485506
vt 0.611832 0.514494
vt 0.598911 0.507316
s 0
usemtl Elastomer
f 1323/852/535 1334/853/536 1285/854/537 1274/855/538
f 1347/856/539 1358/857/540 1335/858/541 1322/859/542
f 1357/860/543 1309/861/544 1286/862/545 1333/863/546
f 1275/864/547 1287/865/548 1311/866/549 1298/867/550
f 1299/868/551 1310/869/552 1359/870/553 1346/871/554
f 1273/872/555 1276/873/556 1278/874/557 1277/875/558
f 1276/873/559 1280/876/560 1281/877/561 1278/874/562
f 1274/855/563 1279/878/564 1281/879/565 1280/880/566
f 1279/881/564 1283/882/567 1284/883/568 1281/884/569
f 1275/864/570 1282/885/571 1284/883/572 1283/882/573
f 1282/886/574 1277/875/575 1278/874/576 1284/887/577
f 1278/874/578 1281/877/579 1284/887/580
f 1285/854/581 1288/888/582 1290/889/583 1289/890/584
f 1288/888/585 1292/891/586 1293/892/587 1290/889/588
f 1286/862/589 1291/893/590 1293/894/591 1292/895/592
f 1291/896/593 1295/897/594 1296/898/595 1293/899/596
f 1287/865/597 1294/900/598 1296/898/599 1295/897/600
f 1294/900/598 1289/901/601 1290/902/602 1296/898/603
f 1290/889/604 1293/892/605 1296/903/606
f 1297/904/607 1300/905/608 1302/906/609 1301/907/610
f 1300/905/611 1304/908/612 1305/909/613 1302/906/614
f 1298/867/615 1303/910/616 1305/911/617 1304/912/618
f 1303/910/616 1307/913/619 1308/914/620 1305/911/621
f 1299/868/622 1306/915/623 1308/914/624 1307/913/625
f 1306/916/626 1301/907/627 1302/906/628 1308/917/629
f 1302/906/630 1305/909/631 1308/917/632
f 1309/861/633 1312/918/634 1314/919/635 1313/920/636
f 1312/921/637 1316/922/638 1317/923/639 1314/924/640
f 1310/869/641 1315/925/642 1317/923/643 1316/922/644
f 1315/925/642 1319/926/645 1320/927/646 1317/923/647
f 1311/866/648 1318/928/649 1320/927/650 1319/926/651
f 1318/928/652 1313/929/653 1314/930/654 1320/927/655
f 1314/924/656 1317/923/657 1320/931/658
f 1321/932/659 1324/933/660 1326/934/661 1325/935/662
f 1324/933/663 1328/936/664 1329/937/665 1326/934/666
f 1322/859/667 1327/938/668 1329/937/669 1328/936/670
f 1327/938/668 1331/939/671 1332/940/672 1329/937/673
f 1323/852/674 1330/941/675 1332/940/676 1331/939/677
f 1330/942/678 1325/935/679 1326/934/680 1332/943/681
f 1326/934/682 1329/944/683 1332/943/684
f 1333/863/685 1336/945/686 1338/946/687 1337/947/688
f 1336/948/689 1340/949/690 1341/950/691 1338/951/692
f 1334/853/693 1339/952/694 1341/950/695 1340/949/696
f 1339/952/694 1343/953/697 1344/954/698 1341/950/699
f 1335/858/700 1342/955/701 1344/954/702 1343/953/703
f 1342/955/704 1337/947/705 1338/946/706 1344/954/707
f 1338/951/708 1341/950/709 1344/956/710
f 1345/957/711 1348/958/712 1350/959/713 1349/960/714
f 1348/958/715 1352/961/716 1353/962/717 1350/959/718
f 1346/871/719 1351/963/720 1353/964/721 1352/965/722
f 1351/963/720 1355/966/723 1356/967/724 1353/964/725
f 1347/856/726 1354/968/727 1356/967/728 1355/966/729
f 1354/968/730 1349/960/731 1350/959/732 1356/967/733
f 1350/959/734 1353/962/735 1356/969/736
f 1357/860/737 1360/970/738 1362/971/739 1361/972/740
f 1360/970/741 1364/973/742 1365/974/743 1362/971/744
f 1358/857/745 1363/975/746 1365/974/747 1364/973/748
f 1363/975/746 1367/976/749 1368/977/750 1365/974/751
f 1359/870/752 1366/978/753 1368/977/754 1367/976/755
f 1366/978/756 1361/979/757 1362/980/758 1368/977/759
f 1362/981/760 1365/974/761 1368/982/762
f 1297/904/607 1273/872/763 1277/875/764 1300/905/608
f 1300/905/611 1277/875/765 1282/886/574 1304/908/766
f 1304/912/767 1282/885/571 1275/864/570 1298/867/615
f 1274/855/538 1285/854/537 1289/890/768 1279/878/769
f 1279/881/770 1289/901/771 1294/900/772 1283/882/773
f 1283/882/774 1294/900/775 1287/865/548 1275/864/547
f 1286/862/589 1309/861/776 1313/920/777 1291/893/590
f 1291/896/593 1313/929/778 1318/928/652 1295/897/779
f 1295/897/780 1318/928/649 1311/866/648 1287/865/597
f 1310/869/552 1299/868/551 1307/913/781 1315/925/782
f 1315/925/783 1307/913/784 1303/910/785 1319/926/786
f 1319/926/787 1303/910/788 1298/867/550 1311/866/549
f 1345/957/711 1297/904/789 1301/907/790 1348/958/712
f 1348/958/715 1301/907/791 1306/916/626 1352/961/792
f 1352/965/793 1306/915/623 1299/868/622 1346/871/719
f 1309/861/633 1357/860/794 1361/972/795 1312/918/634
f 1312/921/637 1361/979/796 1366/978/756 1316/922/797
f 1316/922/798 1366/978/753 1359/870/752 1310/869/641
f 1358/857/540 1347/856/539 1355/966/799 1363/975/800
f 1363/975/801 1355/966/802 1351/963/803 1367/976/804
f 1367/976/805 1351/963/806 1346/871/554 1359/870/553
f 1321/932/659 1345/957/807 1349/960/808 1324/933/660
f 1324/933/663 1349/960/809 1354/968/730 1328/936/810
f 1328/936/811 1354/968/727 1347/856/726 1322/859/667
f 1357/860/737 1333/863/812 1337/947/813 1360/970/738
f 1360/970/741 1337/947/814 1342/955/704 1364/973/815
f 1364/973/816 1342/955/701 1335/858/700 1358/857/745
f 1334/853/536 1323/852/535 1331/939/817 1339/952/818
f 1339/952/819 1331/939/820 1327/938/821 1343/953/822
f 1343/953/823 1327/938/824 1322/859/542 1335/858/541
f 1273/872/555 1321/932/825 1325/935/826 1276/873/556
f 1276/873/559 1325/935/827 1330/942/678 1280/876/828
f 1280/880/829 1330/941/675 1323/852/674 1274/855/563
f 1333/863/685 1286/862/830 1292/895/831 1336/945/686
f 1336/948/689 1292/891/832 1288/888/585 1340/949/833
f 1340/949/834 1288/888/582 1285/854/581 1334/853/693
f 1297/904/835 1345/957/836 1321/932/837 1273/872/838
o Autopilot_isolation_foot.002
v 0.116500 0.298500 0.074500
v 0.116500 0.299500 0.075500
v 0.115500 0.299500 0.074500
v 0.116500 0.298634 0.074999
v 0.116001 0.298634 0.074500
v 0.116022 0.298763 0.074978
v 0.116001 0.299500 0.075366
v 0.116500 0.299001 0.075366
v 0.116022 0.299022 0.075237
v 0.115634 0.299001 0.074500
v 0.115634 0.299500 0.074999
v 0.115763 0.299022 0.074978
v 0.116500 0.302500 0.075500
v 0.116500 0.303500 0.074500
v 0.115500 0.302500 0.074500
v 0.116500 0.302999 0.075366
v 0.116001 0.302500 0.075366
v 0.116022 0.302978 0.075237
v 0.116001 0.303366 0.074500
v 0.116500 0.303366 0.074999
v 0.116022 0.303237 0.074978
v 0.115634 0.302500 0.074999
v 0.115634 0.302999 0.074500
v 0.115763 0.302978 0.074978
v 0.116500 0.298500 0.067500
v 0.115500 0.299500 0.067500
v 0.116500 0.299500 0.066500
v 0.116001 0.298634 0.067500
v 0.116500 0.298634 0.067001
v 0.116022 0.298763 0.067022
v 0.115634 0.299500 0.067001
v 0.115634 0.299001 0.067500
v 0.115763 0.299022 0.067022
v 0.116500 0.299001 0.066634
v 0.116001 0.299500 0.066634
v 0.116022 0.299022 0.066763
v 0.116500 0.303500 0.067500
v 0.116500 0.302500 0.066500
v 0.115500 0.302500 0.067500
v 0.116500 0.303366 0.067001
v 0.116001 0.303366 0.067500
v 0.116022 0.303237 0.067022
v 0.116001 0.302500 0.066634
v 0.116500 0.302999 0.066634
v 0.116022 0.302978 0.066763
v 0.115634 0.302999 0.067500
v 0.115634 0.302500 0.067001
v 0.115763 0.302978 0.067022
v 0.123500 0.298500 0.074500
v 0.124500 0.299500 0.074500
v 0.123500 0.299500 0.075500
v 0.123999 0.298634 0.074500
v 0.123500 0.298634 0.074999
v 0.123978 0.298763 0.074978
v 0.124366 0.299500 0.074999
v 0.124366 0.299001 0.074500
v 0.124237 0.299022 0.074978
v 0.123500 0.299001 0.075366
v 0.123999 0.299500 0.075366
v 0.123978 0.299022 0.075237
v 0.123500 0.303500 0.074500
v 0.123500 0.302500 0.075500
v 0.124500 0.302500 0.074500
v 0.123500 0.303366 0.074999
v 0.123999 0.303366 0.074500
v 0.123978 0.303237 0.074978
v 0.123999 0.302500 0.075366
v 0.123500 0.302999 0.075366
v 0.123978 0.302978 0.075237
v 0.124366 0.302999 0.074500
v 0.124366 0.302500 0.074999
v 0.124237 0.302978 0.074978
v 0.123500 0.298500 0.067500
v 0.123500 0.299500 0.066500
v 0.124500 0.299500 0.067500
v 0.123500 0.298634 0.067001
v 0.123999 0.298634 0.067500
v 0.123978 0.298763 0.067022
v 0.123999 0.299500 0.066634
v 0.123500 0.299001 0.066634
v 0.123978 0.299022 0.066763
v 0.124366 0.299001 0.067500
v 0.124366 0.299500 0.067001
v 0.124237 0.299022 0.067022
v 0.123500 0.303500 0.067500
v 0.124500 0.302500 0.067500
v 0.123500 0.302500 0.066500
v 0.123999 0.303366 0.067500
v 0.123500 0.303366 0.067001
v 0.123978 0.303237 0.067022
v 0.124366 0.302500 0.067001
v 0.124366 0.302999 0.067500
v 0.124237 0.302978 0.067022
v 0.123500 0.302999 0.066634
v 0.123999 0.302500 0.066634
v 0.123978 0.302978 0.066763
vn 0.0178 -0.0381 0.9991
vn 0.0178 0.0381 0.9991
vn -0.0178 0.0381 0.9991
vn -0.0178 -0.0381 0.9991
vn 0.9991 -0.0381 -0.0178
vn 0.9991 0.0381 -0.0178
vn 0.9991 0.0381 0.0178
vn 0.9991 -0.0381 0.0178
vn 0.0178 0.9997 -0.0178
vn -0.0178 0.9997 -0.0178
vn -0.0178 0.9997 0.0178
vn 0.0178 0.9997 0.0178
vn -0.9991 -0.0381 0.0178
vn -0.9991 0.0381 0.0178
vn -0.9991 0.0381 -0.0178
vn -0.9991 -0.0381 -0.0178
vn -0.0178 -0.0381 -0.9991
vn -0.0178 0.0381 -0.9991
vn 0.0178 0.0381 -0.9991
vn 0.0178 -0.0381 -0.9991
vn -0.0178 -0.9997 0.0179
vn -0.0152 -0.8663 0.4993
vn -0.4473 -0.7745 0.4473
vn -0.4993 -0.8663 0.0152
vn -0.0152 -0.8662 0.4994
vn -0.0152 -0.4994 0.8663
vn -0.4473 -0.4474 0.7744
vn -0.4473 -0.7745 0.4474
vn -0.0178 -0.0382 0.9991
vn -0.4981 -0.0328 0.8665
vn -0.4473 -0.4473 0.7745
vn -0.0152 -0.4993 0.8663
vn -0.8665 -0.0328 0.4981
vn -0.7744 -0.4473 0.4474
vn -0.4474 -0.4473 0.7745
vn -0.9991 -0.0382 0.0178
vn -0.8663 -0.4993 0.0152
vn -0.7745 -0.4473 0.4473
vn -0.8665 -0.0328 0.4980
vn -0.8662 -0.4994 0.0152
vn -0.4994 -0.8663 0.0152
vn -0.4474 -0.7744 0.4473
vn -0.7745 -0.4474 0.4473
vn -0.4473 -0.7744 0.4474
vn -0.4474 -0.4474 0.7744
vn -0.7744 -0.4474 0.4474
vn -0.0178 0.0382 0.9991
vn -0.0152 0.4993 0.8663
vn -0.4473 0.4473 0.7745
vn -0.4980 0.0328 0.8665
vn -0.0152 0.4994 0.8662
vn -0.0152 0.8663 0.4994
vn -0.4473 0.7744 0.4474
vn -0.4473 0.4474 0.7745
vn -0.0179 0.9997 0.0178
vn -0.4993 0.8663 0.0152
vn -0.4473 0.7745 0.4473
vn -0.0152 0.8663 0.4993
vn -0.4994 0.8662 0.0152
vn -0.8663 0.4994 0.0152
vn -0.7744 0.4474 0.4473
vn -0.4474 0.7745 0.4473
vn -0.9991 0.0382 0.0178
vn -0.8665 0.0328 0.4981
vn -0.7745 0.4473 0.4473
vn -0.8663 0.4993 0.0152
vn -0.4981 0.0328 0.8665
vn -0.4474 0.4473 0.7744
vn -0.7745 0.4473 0.4474
vn -0.4473 0.4474 0.7744
vn -0.4474 0.7744 0.4474
vn -0.7744 0.4474 0.4474
vn -0.0179 -0.9997 -0.0178
vn -0.4993 -0.8663 -0.0152
vn -0.4473 -0.7745 -0.4473
vn -0.0152 -0.8663 -0.4993
vn -0.4994 -0.8662 -0.0152
vn -0.8663 -0.4994 -0.0152
vn -0.7744 -0.4474 -0.4473
vn -0.4474 -0.7745 -0.4473
vn -0.9991 -0.0382 -0.0178
vn -0.8665 -0.0328 -0.4981
vn -0.7745 -0.4473 -0.4473
vn -0.8663 -0.4993 -0.0152
vn -0.4981 -0.0328 -0.8665
vn -0.4474 -0.4473 -0.7744
vn -0.7745 -0.4473 -0.4474
vn -0.0178 -0.0382 -0.9991
vn -0.0152 -0.4993 -0.8663
vn -0.4473 -0.4473 -0.7745
vn -0.4980 -0.0328 -0.8665
vn -0.0152 -0.4994 -0.8662
vn -0.0152 -0.8663 -0.4994
vn -0.4473 -0.7744 -0.4474
vn -0.4473 -0.4474 -0.7745
vn -0.4474 -0.7744 -0.4474
vn -0.7744 -0.4474 -0.4474
vn -0.4473 -0.4474 -0.7744
vn -0.0178 0.9997 -0.0179
vn -0.0152 0.8663 -0.4993
vn -0.4473 0.7745 -0.4473
vn -0.4993 0.8663 -0.0152
vn -0.0152 0.8662 -0.4994
vn -0.0152 0.4994 -0.8663
vn -0.4473 0.4474 -0.7744
vn -0.4473 0.7745 -0.4474
vn -0.0178 0.0382 -0.9991
vn -0.4981 0.0328 -0.8665
vn -0.4473 0.4473 -0.7745
vn -0.0152 0.4993 -0.8663
vn -0.8665 0.0328 -0.4981
vn -0.7744 0.4473 -0.4474
vn -0.4474 0.4473 -0.7745
vn -0.9991 0.0382 -0.0178
vn -0.8663 0.4993 -0.0152
vn -0.7745 0.4473 -0.4473
vn -0.8665 0.0328 -0.4980
vn -0.8662 0.4994 -0.0152
vn -0.4994 0.8663 -0.0152
vn -0.4474 0.7744 -0.4473
vn -0.7745 0.4474 -0.4473
vn -0.4473 0.7744 -0.4474
vn -0.4474 0.4474 -0.7744
vn -0.7744 0.4474 -0.4474
vn 0.0179 -0.9997 0.0178
vn 0.4993 -0.8663 0.0152
vn 0.4473 -0.7745 0.4473
vn 0.0152 -0.8663 0.4993
vn 0.4994 -0.8662 0.0152
vn 0.8663 -0.4994 0.0152
vn 0.7744 -0.4474 0.4473
vn 0.4474 -0.7745 0.4473
vn 0.9991 -0.0382 0.0178
vn 0.8665 -0.0328 0.4981
vn 0.7745 -0.4473 0.4473
vn 0.8663 -0.4993 0.0152
vn 0.4981 -0.0328 0.8665
vn 0.4474 -0.4473 0.7744
vn 0.7745 -0.4473 0.4474
vn 0.0178 -0.0382 0.9991
vn 0.0152 -0.4993 0.8663
vn 0.4473 -0.4473 0.7745
vn 0.4980 -0.0328 0.8665
vn 0.0152 -0.4994 0.8662
vn 0.0152 -0.8663 0.4994
vn 0.4473 -0.7744 0.4474
vn 0.4473 -0.4474 0.7745
vn 0.4474 -0.7744 0.4474
vn 0.7744 -0.4474 0.4474
vn 0.4473 -0.4474 0.7744
vn 0.0178 0.9997 0.0179
vn 0.0152 0.8663 0.4993
vn 0.4473 0.7745 0.4473
vn 0.4993 0.8663 0.0152
vn 0.0152 0.8662 0.4994
vn 0.0152 0.4994 0.8663
vn 0.4473 0.4474 0.7744
vn 0.4473 0.7745 0.4474
vn 0.0178 0.0382 0.9991
vn 0.4981 0.0328 0.8665
vn 0.4473 0.4473 0.7745
vn 0.0152 0.4993 0.8663
vn 0.8665 0.0328 0.4981
vn 0.7744 0.4473 0.4474
vn 0.4474 0.4473 0.7745
vn 0.9991 0.0382 0.0178
vn 0.8663 0.4993 0.0152
vn 0.7745 0.4473 0.4473
vn 0.8665 0.0328 0.4980
vn 0.8662 0.4994 0.0152
vn 0.4994 0.8663 0.0152
vn 0.4474 0.7744 0.4473
vn 0.7745 0.4474 0.4473
vn 0.4473 0.7744 0.4474
vn 0.4474 0.4474 0.7744
vn 0.7744 0.4474 0.4474
vn 0.0178 -0.9997 -0.0179
vn 0.0152 -0.8663 -0.4993
vn 0.4473 -0.7745 -0.4473
vn 0.4993 -0.8663 -0.0152
vn 0.0152 -0.8662 -0.4994
vn 0.0152 -0.4994 -0.8663
vn 0.4473 -0.4474 -0.7744
vn 0.4473 -0.7745 -0.4474
vn 0.0178 -0.0382 -0.9991
vn 0.4981 -0.0328 -0.8665
vn 0.4473 -0.4473 -0.7745
vn 0.0152 -0.4993 -0.8663
vn 0.8665 -0.0328 -0.4981
vn 0.7744 -0.4473 -0.4474
vn 0.4474 -0.4473 -0.7745
vn 0.9991 -0.0382 -0.0178
vn 0.8663 -0.4993 -0.0152
vn 0.7745 -0.4473 -0.4473
vn 0.8665 -0.0328 -0.4980
vn 0.8662 -0.4994 -0.0152
vn 0.4994 -0.8663 -0.0152
vn 0.4474 -0.7744 -0.4473
vn 0.7745 -0.4474 -0.4473
vn 0.4473 -0.7744 -0.4474
vn 0.4474 -0.4474 -0.7744
vn 0.7744 -0.4474 -0.4474
vn 0.0179 0.9997 -0.0178
vn 0.4993 0.8663 -0.0152
vn 0.4473 0.7745 -0.4473
vn 0.0152 0.8663 -0.4993
vn 0.4994 0.8662 -0.0152
vn 0.8663 0.4994 -0.0152
vn 0.7744 0.4474 -0.4473
vn 0.4474 0.7745 -0.4473
vn 0.9991 0.0382 -0.0178
vn 0.8665 0.0328 -0.4981
vn 0.7745 0.4473 -0.4473
vn 0.8663 0.4993 -0.0152
vn 0.4981 0.0328 -0.8665
vn 0.4474 0.4473 -0.7744
vn 0.7745 0.4473 -0.4474
vn 0.0178 0.0382 -0.9991
vn 0.0152 0.4993 -0.8663
vn 0.4473 0.4473 -0.7745
vn 0.4980 0.0328 -0.8665
vn 0.0152 0.4994 -0.8662
vn 0.0152 0.8663 -0.4994
vn 0.4473 0.7744 -0.4474
vn 0.4473 0.4474 -0.7745
vn 0.4474 0.7744 -0.4474
vn 0.7744 0.4474 -0.4474
vn 0.4473 0.4474 -0.7744
vn -0.0179 -0.9997 0.0178
vn -0.4993 -0.8663 0.0151
vn -0.4994 -0.8662 0.0152
vn -0.8662 -0.4994 -0.0152
vn -0.8663 -0.4993 -0.0151
vn -0.4980 0.0327 0.8665
vn -0.4980 -0.0327 0.8665
vn -0.4981 -0.0327 0.8665
vn -0.4981 0.0327 0.8665
vn -0.8665 0.0327 0.4981
vn -0.8665 -0.0327 0.4981
vn -0.8665 -0.0327 0.4980
vn -0.8665 0.0327 0.4980
vn -0.0179 0.9997 -0.0178
vn -0.4993 0.8663 -0.0151
vn -0.4994 0.8662 -0.0152
vn -0.8662 0.4994 0.0152
vn -0.8663 0.4993 0.0151
vn -0.4980 -0.0327 -0.8665
vn -0.4980 0.0327 -0.8665
vn -0.4981 0.0327 -0.8665
vn -0.4981 -0.0327 -0.8665
vn -0.8665 -0.0327 -0.4981
vn -0.8665 0.0327 -0.4981
vn -0.8665 0.0327 -0.4980
vn -0.8665 -0.0327 -0.4980
vn -0.0178 -0.9997 -0.0179
vn -0.0151 -0.8663 -0.4993
vn -0.0152 -0.8662 -0.4994
vn 0.0152 -0.4994 -0.8662
vn 0.0151 -0.4993 -0.8663
vn 0.0178 0.9997 -0.0179
vn 0.0151 0.8663 -0.4993
vn 0.0152 0.8662 -0.4994
vn -0.0152 0.4994 -0.8662
vn -0.0151 0.4993 -0.8663
vn 0.8665 -0.0327 -0.4980
vn 0.8665 0.0327 -0.4980
vn 0.8665 0.0327 -0.4981
vn 0.8665 -0.0327 -0.4981
vn 0.4981 -0.0327 -0.8665
vn 0.4981 0.0327 -0.8665
vn 0.4980 0.0327 -0.8665
vn 0.4980 -0.0327 -0.8665
vn 0.0179 -0.9997 -0.0178
vn 0.4993 -0.8663 -0.0151
vn 0.4994 -0.8662 -0.0152
vn 0.8662 -0.4994 0.0152
vn 0.8663 -0.4993 0.0151
vn 0.0179 0.9997 0.0178
vn 0.4993 0.8663 0.0151
vn 0.4994 0.8662 0.0152
vn 0.8662 0.4994 -0.0152
vn 0.8663 0.4993 -0.0151
vn 0.4980 -0.0327 0.8665
vn 0.4980 0.0327 0.8665
vn 0.4981 0.0327 0.8665
vn 0.4981 -0.0327 0.8665
vn 0.8665 -0.0327 0.4981
vn 0.8665 0.0327 0.4981
vn 0.8665 0.0327 0.4980
vn 0.8665 -0.0327 0.4980
vn 0.0178 -0.9997 0.0179
vn 0.0151 -0.8663 0.4993
vn 0.0152 -0.8662 0.4994
vn -0.0152 -0.4994 0.8662
vn -0.0151 -0.4993 0.8663
vn -0.0178 0.9997 0.0179
vn -0.0151 0.8663 0.4993
vn -0.0152 0.8662 0.4994
vn 0.0152 0.4994 0.8662
vn 0.0151 0.4993 0.8663
vn -0.0178 -0.9997 -0.0178
vn 0.0178 -0.9997 -0.0178
vn 0.0178 -0.9997 0.0178
vn -0.0178 -0.9997 0.0178
vt 0.425000 0.777778
vt 0.575000 0.777778
vt 0.575000 0.972222
vt 0.425000 0.972222
vt 0.425000 0.527778
vt 0.575000 0.527778
vt 0.575000 0.722222
vt 0.425000 0.722222
vt 0.652778 0.527778
vt 0.847222 0.527778
vt 0.847222 0.722222
vt 0.652778 0.722222
vt 0.425000 0.027778
vt 0.575000 0.027778
vt 0.575000 0.222222
vt 0.425000 0.222222
vt 0.425000 0.277778
vt 0.575000 0.277778
vt 0.575000 0.472222
vt 0.425000 0.472222
vt 0.152778 0.722222
vt 0.152778 0.736093
vt 0.139494 0.735506
vt 0.138907 0.722222
vt 0.152778 0.750000
vt 0.139494 0.750000
vt 0.425000 1.000000
vt 0.375000 0.985506
vt 0.375000 0.972222
vt 0.425000 0.000000
vt 0.425000 0.013907
vt 0.375000 0.014494
vt 0.375000 0.000000
vt 0.375000 0.027778
vt 0.125000 0.722222
vt 0.125000 0.735506
vt 0.599967 0.972222
vt 0.598911 0.985506
vt 0.575000 1.000000
vt 0.625000 0.972222
vt 0.625000 0.985506
vt 0.875000 0.722222
vt 0.860506 0.750000
vt 0.847222 0.750000
vt 0.625000 0.027778
vt 0.599967 0.027778
vt 0.598911 0.014494
vt 0.625000 0.000000
vt 0.575000 0.013907
vt 0.575000 0.000000
vt 0.598911 0.007316
vt 0.598911 0.992684
vt 0.152778 0.527778
vt 0.138907 0.527778
vt 0.139494 0.514494
vt 0.152778 0.513907
vt 0.125000 0.527778
vt 0.125000 0.514494
vt 0.425000 0.236093
vt 0.375000 0.235506
vt 0.375000 0.222222
vt 0.425000 0.263907
vt 0.375000 0.264494
vt 0.375000 0.277778
vt 0.152778 0.500000
vt 0.139494 0.500000
vt 0.847222 0.500000
vt 0.860506 0.500000
vt 0.875000 0.527778
vt 0.625000 0.277778
vt 0.599967 0.277778
vt 0.598911 0.264494
vt 0.625000 0.264494
vt 0.575000 0.263907
vt 0.575000 0.236093
vt 0.598911 0.235506
vt 0.599967 0.222222
vt 0.625000 0.222222
vt 0.625000 0.250000
vt 0.598911 0.257316
vt 0.347222 0.722222
vt 0.361093 0.722222
vt 0.360506 0.735506
vt 0.347222 0.736093
vt 0.400033 0.722222
vt 0.401089 0.735506
vt 0.425000 0.736093
vt 0.425000 0.763907
vt 0.375000 0.764494
vt 0.375000 0.777778
vt 0.347222 0.750000
vt 0.360506 0.750000
vt 0.367684 0.735506
vt 0.652778 0.750000
vt 0.639494 0.750000
vt 0.638907 0.722222
vt 0.625000 0.777778
vt 0.599967 0.777778
vt 0.598911 0.764494
vt 0.625000 0.764494
vt 0.575000 0.763907
vt 0.575000 0.736093
vt 0.598911 0.735506
vt 0.599967 0.722222
vt 0.598911 0.757316
vt 0.347222 0.527778
vt 0.347222 0.513907
vt 0.360506 0.514494
vt 0.361093 0.527778
vt 0.347222 0.500000
vt 0.360506 0.500000
vt 0.425000 0.486093
vt 0.375000 0.485506
vt 0.375000 0.472222
vt 0.425000 0.513907
vt 0.401089 0.514494
vt 0.400033 0.527778
vt 0.367684 0.514494
vt 0.638907 0.527778
vt 0.639494 0.514494
vt 0.652778 0.500000
vt 0.599967 0.527778
vt 0.598911 0.514494
vt 0.575000 0.513907
vt 0.575000 0.486093
vt 0.598911 0.485506
vt 0.599967 0.472222
vt 0.625000 0.472222
vt 0.611832 0.485506
vt 0.611832 0.514494
vt 0.598911 0.507316
s 0
usemtl Elastomer
f 1419/983/839 1430/984/840 1381/985/841 1370/986/842
f 1443/987/843 1454/988/844 1431/989/845 1418/990/846
f 1453/991/847 1405/992/848 1382/993/849 1429/994/850
f 1371/995/851 1383/996/852 1407/997/853 1394/998/854
f 1395/999/855 1406/1000/856 1455/1001/857 1442/1002/858
f 1369/1003/859 1372/1004/860 1374/1005/861 1373/1006/862
f 1372/1004/863 1376/1007/864 1377/1008/865 1374/1005/866
f 1370/986/867 1375/1009/868 1377/1010/869 1376/1011/870
f 1375/1012/868 1379/1013/871 1380/1014/872 1377/1015/873
f 1371/995/874 1378/1016/875 1380/1014/876 1379/1013/877
f 1378/1017/878 1373/1006/879 1374/1005/880 1380/1018/881
f 1374/1005/882 1377/1008/883 1380/1018/884
f 1381/985/885 1384/1019/886 1386/1020/887 1385/1021/888
f 1384/1019/889 1388/1022/890 1389/1023/891 1386/1020/892
f 1382/993/893 1387/1024/894 1389/1025/895 1388/1026/896
f 1387/1027/897 1391/1028/898 1392/1029/899 1389/1030/900
f 1383/996/901 1390/1031/902 1392/1029/903 1391/1028/904
f 1390/1031/902 1385/1032/905 1386/1033/906 1392/1029/907
f 1386/1020/908 1389/1023/909 1392/1034/910
f 1393/1035/911 1396/1036/912 1398/1037/913 1397/1038/914
f 1396/1036/915 1400/1039/916 1401/1040/917 1398/1037/918
f 1394/998/919 1399/1041/920 1401/1042/921 1400/1043/922
f 1399/1041/920 1403/1044/923 1404/1045/924 1401/1042/925
f 1395/999/926 1402/1046/927 1404/1045/928 1403/1044/929
f 1402/1047/930 1397/1038/931 1398/1037/932 1404/1048/933
f 1398/1037/934 1401/1040/935 1404/1048/936
f 1405/992/937 1408/1049/938 1410/1050/939 1409/1051/940
f 1408/1052/941 1412/1053/942 1413/1054/943 1410/1055/944
f 1406/1000/945 1411/1056/946 1413/1054/947 1412/1053/948
f 1411/1056/946 1415/1057/949 1416/1058/950 1413/1054/951
f 1407/997/952 1414/1059/953 1416/1058/954 1415/1057/955
f 1414/1059/956 1409/1060/957 1410/1061/958 1416/1058/959
f 1410/1055/960 1413/1054/961 1416/1062/962
f 1417/1063/963 1420/1064/964 1422/1065/965 1421/1066/966
f 1420/1064/967 1424/1067/968 1425/1068/969 1422/1065/970
f 1418/990/971 1423/1069/972 1425/1068/973 1424/1067/974
f 1423/1069/972 1427/1070/975 1428/1071/976 1425/1068/977
f 1419/983/978 1426/1072/979 1428/1071/980 1427/1070/981
f 1426/1073/982 1421/1066/983 1422/1065/984 1428/1074/985
f 1422/1065/986 1425/1075/987 1428/1074/988
f 1429/994/989 1432/1076/990 1434/1077/991 1433/1078/992
f 1432/1079/993 1436/1080/994 1437/1081/995 1434/1082/996
f 1430/984/997 1435/1083/998 1437/1081/999 1436/1080/1000
f 1435/1083/998 1439/1084/1001 1440/1085/1002 1437/1081/1003
f 1431/989/1004 1438/1086/1005 1440/1085/1006 1439/1084/1007
f 1438/1086/1008 1433/1078/1009 1434/1077/1010 1440/1085/1011
f 1434/1082/1012 1437/1081/1013 1440/1087/1014
f 1441/1088/1015 1444/1089/1016 1446/1090/1017 1445/1091/1018
f 1444/1089/1019 1448/1092/1020 1449/1093/1021 1446/1090/1022
f 1442/1002/1023 1447/1094/1024 1449/1095/1025 1448/1096/1026
f 1447/1094/1024 1451/1097/1027 1452/1098/1028 1449/1095/1029
f 1443/987/1030 1450/1099/1031 1452/1098/1032 1451/1097/1033
f 1450/1099/1034 1445/1091/1035 1446/1090/1036 1452/1098/1037
f 1446/1090/1038 1449/1093/1039 1452/1100/1040
f 1453/991/1041 1456/1101/1042 1458/1102/1043 1457/1103/1044
f 1456/1101/1045 1460/1104/1046 1461/1105/1047 1458/1102/1048
f 1454/988/1049 1459/1106/1050 1461/1105/1051 1460/1104/1052
f 1459/1106/1050 1463/1107/1053 1464/1108/1054 1461/1105/1055
f 1455/1001/1056 1462/1109/1057 1464/1108/1058 1463/1107/1059
f 1462/1109/1060 1457/1110/1061 1458/1111/1062 1464/1108/1063
f 1458/1112/1064 1461/1105/1065 1464/1113/1066
f 1393/1035/911 1369/1003/1067 1373/1006/1068 1396/1036/912
f 1396/1036/915 1373/1006/1069 1378/1017/878 1400/1039/1070
f 1400/1043/1071 1378/1016/875 1371/995/874 1394/998/919
f 1370/986/842 1381/985/841 1385/1021/1072 1375/1009/1073
f 1375/1012/1074 1385/1032/1075 1390/1031/1076 1379/1013/1077
f 1379/1013/1078 1390/1031/1079 1383/996/852 1371/995/851
f 1382/993/893 1405/992/1080 1409/1051/1081 1387/1024/894
f 1387/1027/897 1409/1060/1082 1414/1059/956 1391/1028/1083
f 1391/1028/1084 1414/1059/953 1407/997/952 1383/996/901
f 1406/1000/856 1395/999/855 1403/1044/1085 1411/1056/1086
f 1411/1056/1087 1403/1044/1088 1399/1041/1089 1415/1057/1090
f 1415/1057/1091 1399/1041/1092 1394/998/854 1407/997/853
f 1441/1088/1015 1393/1035/1093 1397/1038/1094 1444/1089/1016
f 1444/1089/1019 1397/1038/1095 1402/1047/930 1448/1092/1096
f 1448/1096/1097 1402/1046/927 1395/999/926 1442/1002/1023
f 1405/992/937 1453/991/1098 1457/1103/1099 1408/1049/938
f 1408/1052/941 1457/1110/1100 1462/1109/1060 1412/1053/1101
f 1412/1053/1102 1462/1109/1057 1455/1001/1056 1406/1000/945
f 1454/988/844 1443/987/843 1451/1097/1103 1459/1106/1104
f 1459/1106/1105 1451/1097/1106 1447/1094/1107 1463/1107/1108
f 1463/1107/1109 1447/1094/1110 1442/1002/858 1455/1001/857
f 1417/1063/963 1441/1088/1111 1445/1091/1112 1420/1064/964
f 1420/1064/967 1445/1091/1113 1450/1099/1034 1424/1067/1114
f 1424/1067/1115 1450/1099/1031 1443/987/1030 1418/990/971
f 1453/991/1041 1429/994/1116 1433/1078/1117 1456/1101/1042
f 1456/1101/1045 1433/1078/1118 1438/1086/1008 1460/1104/1119
f 1460/1104/1120 1438/1086/1005 1431/989/1004 1454/988/1049
f 1430/984/840 1419/983/839 1427/1070/1121 1435/1083/1122
f 1435/1083/1123 1427/1070/1124 1423/1069/1125 1439/1084/1126
f 1439/1084/1127 1423/1069/1128 1418/990/846 1431/989/845
f 1369/1003/859 1417/1063/1129 1421/1066/1130 1372/1004/860
f 1372/1004/863 1421/1066/1131 1426/1073/982 1376/1007/1132
f 1376/1011/1133 1426/1072/979 1419/983/978 1370/986/867
f 1429/994/989 1382/993/1134 1388/1026/1135 1432/1076/990
f 1432/1079/993 1388/1022/1136 1384/1019/889 1436/1080/1137
f 1436/1080/1138 1384/1019/886 1381/985/885 1430/984/997
f 1393/1035/1139 1441/1088/1140 1417/1063/1141 1369/1003/1142
o Autopilot_isolation_foot.001
v 0.056500 0.298500 0.016500
v 0.056500 0.299500 0.017500
v 0.055500 0.299500 0.016500
v 0.056500 0.298634 0.016999
v 0.056001 0.298634 0.016500
v 0.056022 0.298763 0.016978
v 0.056001 0.299500 0.017366
v 0.056500 0.299001 0.017366
v 0.056022 0.299022 0.017237
v 0.055634 0.299001 0.016500
v 0.055634 0.299500 0.016999
v 0.055763 0.299022 0.016978
v 0.056500 0.302500 0.017500
v 0.056500 0.303500 0.016500
v 0.055500 0.302500 0.016500
v 0.056500 0.302999 0.017366
v 0.056001 0.302500 0.017366
v 0.056022 0.302978 0.017237
v 0.056001 0.303366 0.016500
v 0.056500 0.303366 0.016999
v 0.056022 0.303237 0.016978
v 0.055634 0.302500 0.016999
v 0.055634 0.302999 0.016500
v 0.055763 0.302978 0.016978
v 0.056500 0.298500 0.009500
v 0.055500 0.299500 0.009500
v 0.056500 0.299500 0.008500
v 0.056001 0.298634 0.009500
v 0.056500 0.298634 0.009001
v 0.056022 0.298763 0.009022
v 0.055634 0.299500 0.009001
v 0.055634 0.299001 0.009500
v 0.055763 0.299022 0.009022
v 0.056500 0.299001 0.008634
v 0.056001 0.299500 0.008634
v 0.056022 0.299022 0.008763
v 0.056500 0.303500 0.009500
v 0.056500 0.302500 0.008500
v 0.055500 0.302500 0.009500
v 0.056500 0.303366 0.009001
v 0.056001 0.303366 0.009500
v 0.056022 0.303237 0.009022
v 0.056001 0.302500 0.008634
v 0.056500 0.302999 0.008634
v 0.056022 0.302978 0.008763
v 0.055634 0.302999 0.009500
v 0.055634 0.302500 0.009001
v 0.055763 0.302978 0.009022
v 0.063500 0.298500 0.016500
v 0.064500 0.299500 0.016500
v 0.063500 0.299500 0.017500
v 0.063999 0.298634 0.016500
v 0.063500 0.298634 0.016999
v 0.063978 0.298763 0.016978
v 0.064366 0.299500 0.016999
v 0.064366 0.299001 0.016500
v 0.064237 0.299022 0.016978
v 0.063500 0.299001 0.017366
v 0.063999 0.299500 0.017366
v 0.063978 0.299022 0.017237
v 0.063500 0.303500 0.016500
v 0.063500 0.302500 0.017500
v 0.064500 0.302500 0.016500
v 0.063500 0.303366 0.016999
v 0.063999 0.303366 0.016500
v 0.063978 0.303237 0.016978
v 0.063999 0.302500 0.017366
v 0.063500 0.302999 0.017366
v 0.063978 0.302978 0.017237
v 0.064366 0.302999 0.016500
v 0.064366 0.302500 0.016999
v 0.064237 0.302978 0.016978
v 0.063500 0.298500 0.009500
v 0.063500 0.299500 0.008500
v 0.064500 0.299500 0.009500
v 0.063500 0.298634 0.009001
v 0.063999 0.298634 0.009500
v 0.063978 0.298763 0.009022
v 0.063999 0.299500 0.008634
v 0.063500 0.299001 0.008634
v 0.063978 0.299022 0.008763
v 0.064366 0.299001 0.009500
v 0.064366 0.299500 0.009001
v 0.064237 0.299022 0.009022
v 0.063500 0.303500 0.009500
v 0.064500 0.302500 0.009500
v 0.063500 0.302500 0.008500
v 0.063999 0.303366 0.009500
v 0.063500 0.303366 0.009001
v 0.063978 0.303237 0.009022
v 0.064366 0.302500 0.009001
v 0.064366 0.302999 0.009500
v 0.064237 0.302978 0.009022
v 0.063500 0.302999 0.008634
v 0.063999 0.302500 0.008634
v 0.063978 0.302978 0.008763
vn 0.0178 -0.0381 0.9991
vn 0.0178 0.0381 0.9991
vn -0.0178 0.0381 0.9991
vn -0.0178 -0.0381 0.9991
vn 0.9991 -0.0381 -0.0178
vn 0.9991 0.0381 -0.0178
vn 0.9991 0.0381 0.0178
vn 0.9991 -0.0381 0.0178
vn 0.0178 0.9997 -0.0178
vn -0.0178 0.9997 -0.0178
vn -0.0178 0.9997 0.0178
vn 0.0178 0.9997 0.0178
vn -0.9991 -0.0381 0.0178
vn -0.9991 0.0381 0.0178
vn -0.9991 0.0381 -0.0178
vn -0.9991 -0.0381 -0.0178
vn -0.0178 -0.0381 -0.9991
vn -0.0178 0.0381 -0.9991
vn 0.0178 0.0381 -0.9991
vn 0.0178 -0.0381 -0.9991
vn -0.0178 -0.9997 0.0179
vn -0.0152 -0.8663 0.4993
vn -0.4473 -0.7745 0.4473
vn -0.4993 -0.8663 0.0152
vn -0.0152 -0.8662 0.4994
vn -0.0152 -0.4994 0.8663
vn -0.4473 -0.4474 0.7744
vn -0.4473 -0.7745 0.4474
vn -0.0178 -0.0382 0.9991
vn -0.4981 -0.0328 0.8665
vn -0.4473 -0.4473 0.7745
vn -0.0152 -0.4993 0.8663
vn -0.8665 -0.0328 0.4981
vn -0.7744 -0.4473 0.4474
vn -0.4474 -0.4473 0.7745
vn -0.9991 -0.0382 0.0178
vn -0.8663 -0.4993 0.0152
vn -0.7745 -0.4473 0.4473
vn -0.8665 -0.0328 0.4980
vn -0.8662 -0.4994 0.0152
vn -0.4994 -0.8663 0.0152
vn -0.4474 -0.7744 0.4473
vn -0.7745 -0.4474 0.4473
vn -0.4473 -0.7744 0.4474
vn -0.4474 -0.4474 0.7744
vn -0.7744 -0.4474 0.4474
vn -0.0178 0.0382 0.9991
vn -0.0152 0.4993 0.8663
vn -0.4473 0.4473 0.7745
vn -0.4980 0.0328 0.8665
vn -0.0152 0.4994 0.8662
vn -0.0152 0.8663 0.4994
vn -0.4473 0.7744 0.4474
vn -0.4473 0.4474 0.7745
vn -0.0179 0.9997 0.0178
vn -0.4993 0.8663 0.0152
vn -0.4473 0.7745 0.4473
vn -0.0152 0.8663 0.4993
vn -0.4994 0.8662 0.0152
vn -0.8663 0.4994 0.0152
vn -0.7744 0.4474 0.4473
vn -0.4474 0.7745 0.4473
vn -0.9991 0.0382 0.0178
vn -0.8665 0.0328 0.4981
vn -0.7745 0.4473 0.4473
vn -0.8663 0.4993 0.0152
vn -0.4981 0.0328 0.8665
vn -0.4474 0.4473 0.7744
vn -0.7745 0.4473 0.4474
vn -0.4473 0.4474 0.7744
vn -0.4474 0.7744 0.4474
vn -0.7744 0.4474 0.4474
vn -0.0179 -0.9997 -0.0178
vn -0.4993 -0.8663 -0.0152
vn -0.4473 -0.7745 -0.4473
vn -0.0152 -0.8663 -0.4993
vn -0.4994 -0.8662 -0.0152
vn -0.8663 -0.4994 -0.0152
vn -0.7744 -0.4474 -0.4473
vn -0.4474 -0.7745 -0.4473
vn -0.9991 -0.0382 -0.0178
vn -0.8665 -0.0328 -0.4981
vn -0.7745 -0.4473 -0.4473
vn -0.8663 -0.4993 -0.0152
vn -0.4981 -0.0328 -0.8665
vn -0.4474 -0.4473 -0.7744
vn -0.7745 -0.4473 -0.4474
vn -0.0178 -0.0382 -0.9991
vn -0.0152 -0.4993 -0.8663
vn -0.4473 -0.4473 -0.7745
vn -0.4980 -0.0328 -0.8665
vn -0.0152 -0.4994 -0.8662
vn -0.0152 -0.8663 -0.4994
vn -0.4473 -0.7744 -0.4474
vn -0.4473 -0.4474 -0.7745
vn -0.4474 -0.7744 -0.4474
vn -0.7744 -0.4474 -0.4474
vn -0.4473 -0.4474 -0.7744
vn -0.0178 0.9997 -0.0179
vn -0.0152 0.8663 -0.4993
vn -0.4473 0.7745 -0.4473
vn -0.4993 0.8663 -0.0152
vn -0.0152 0.8662 -0.4994
vn -0.0152 0.4994 -0.8663
vn -0.4473 0.4474 -0.7744
vn -0.4473 0.7745 -0.4474
vn -0.0178 0.0382 -0.9991
vn -0.4981 0.0328 -0.8665
vn -0.4473 0.4473 -0.7745
vn -0.0152 0.4993 -0.8663
vn -0.8665 0.0328 -0.4981
vn -0.7744 0.4473 -0.4474
vn -0.4474 0.4473 -0.7745
vn -0.9991 0.0382 -0.0178
vn -0.8663 0.4993 -0.0152
vn -0.7745 0.4473 -0.4473
vn -0.8665 0.0328 -0.4980
vn -0.8662 0.4994 -0.0152
vn -0.4994 0.8663 -0.0152
vn -0.4474 0.7744 -0.4473
vn -0.7745 0.4474 -0.4473
vn -0.4473 0.7744 -0.4474
vn -0.4474 0.4474 -0.7744
vn -0.7744 0.4474 -0.4474
vn 0.0179 -0.9997 0.0178
vn 0.4993 -0.8663 0.0152
vn 0.4473 -0.7745 0.4473
vn 0.0152 -0.8663 0.4993
vn 0.4994 -0.8662 0.0152
vn 0.8663 -0.4994 0.0152
vn 0.7744 -0.4474 0.4473
vn 0.4474 -0.7745 0.4473
vn 0.9991 -0.0382 0.0178
vn 0.8665 -0.0328 0.4981
vn 0.7745 -0.4473 0.4473
vn 0.8663 -0.4993 0.0152
vn 0.4981 -0.0328 0.8665
vn 0.4474 -0.4473 0.7744
vn 0.7745 -0.4473 0.4474
vn 0.0178 -0.0382 0.9991
vn 0.0152 -0.4993 0.8663
vn 0.4473 -0.4473 0.7745
vn 0.4980 -0.0328 0.8665
vn 0.0152 -0.4994 0.8662
vn 0.0152 -0.8663 0.4994
vn 0.4473 -0.7744 0.4474
vn 0.4473 -0.4474 0.7745
vn 0.4474 -0.7744 0.4474
vn 0.7744 -0.4474 0.4474
vn 0.4473 -0.4474 0.7744
vn 0.0178 0.9997 0.0179
vn 0.0152 0.8663 0.4993
vn 0.4473 0.7745 0.4473
vn 0.4993 0.8663 0.0152
vn 0.0152 0.8662 0.4994
vn 0.0152 0.4994 0.8663
vn 0.4473 0.4474 0.7744
vn 0.4473 0.7745 0.4474
vn 0.0178 0.0382 0.9991
vn 0.4981 0.0328 0.8665
vn 0.4473 0.4473 0.7745
vn 0.0152 0.4993 0.8663
vn 0.8665 0.0328 0.4981
vn 0.7744 0.4473 0.4474
vn 0.4474 0.4473 0.7745
vn 0.9991 0.0382 0.0178
vn 0.8663 0.4993 0.0152
vn 0.7745 0.4473 0.4473
vn 0.8665 0.0328 0.4980
vn 0.8662 0.4994 0.0152
vn 0.4994 0.8663 0.0152
vn 0.4474 0.7744 0.4473
vn 0.7745 0.4474 0.4473
vn 0.4473 0.7744 0.4474
vn 0.4474 0.4474 0.7744
vn 0.7744 0.4474 0.4474
vn 0.0178 -0.9997 -0.0179
vn 0.0152 -0.8663 -0.4993
vn 0.4473 -0.7745 -0.4473
vn 0.4993 -0.8663 -0.0152
vn 0.0152 -0.8662 -0.4994
vn 0.0152 -0.4994 -0.8663
vn 0.4473 -0.4474 -0.7744
vn 0.4473 -0.7745 -0.4474
vn 0.0178 -0.0382 -0.9991
vn 0.4981 -0.0328 -0.8665
vn 0.4473 -0.4473 -0.7745
vn 0.0152 -0.4993 -0.8663
vn 0.8665 -0.0328 -0.4981
vn 0.7744 -0.4473 -0.4474
vn 0.4474 -0.4473 -0.7745
vn 0.9991 -0.0382 -0.0178
vn 0.8663 -0.4993 -0.0152
vn 0.7745 -0.4473 -0.4473
vn 0.8665 -0.0328 -0.4980
vn 0.8662 -0.4994 -0.0152
vn 0.4994 -0.8663 -0.0152
vn 0.4474 -0.7744 -0.4473
vn 0.7745 -0.4474 -0.4473
vn 0.4473 -0.7744 -0.4474
vn 0.4474 -0.4474 -0.7744
vn 0.7744 -0.4474 -0.4474
vn 0.0179 0.9997 -0.0178
vn 0.4993 0.8663 -0.0152
vn 0.4473 0.7745 -0.4473
vn 0.0152 0.8663 -0.4993
vn 0.4994 0.8662 -0.0152
vn 0.8663 0.4994 -0.0152
vn 0.7744 0.4474 -0.4473
vn 0.4474 0.7745 -0.4473
vn 0.9991 0.0382 -0.0178
vn 0.8665 0.0328 -0.4981
vn 0.7745 0.4473 -0.4473
vn 0.8663 0.4993 -0.0152
vn 0.4981 0.0328 -0.8665
vn 0.4474 0.4473 -0.7744
vn 0.7745 0.4473 -0.4474
vn 0.0178 0.0382 -0.9991
vn 0.0152 0.4993 -0.8663
vn 0.4473 0.4473 -0.7745
vn 0.4980 0.0328 -0.8665
vn 0.0152 0.4994 -0.8662
vn 0.0152 0.8663 -0.4994
vn 0.4473 0.7744 -0.4474
vn 0.4473 0.4474 -0.7745
vn 0.4474 0.7744 -0.4474
vn 0.7744 0.4474 -0.4474
vn 0.4473 0.4474 -0.7744
vn -0.0179 -0.9997 0.0178
vn -0.4993 -0.8663 0.0151
vn -0.4994 -0.8662 0.0152
vn -0.8662 -0.4994 -0.0152
vn -0.8663 -0.4993 -0.0151
vn -0.4980 0.0327 0.8665
vn -0.4980 -0.0327 0.8665
vn -0.4981 -0.0327 0.8665
vn -0.4981 0.0327 0.8665
vn -0.8665 0.0327 0.4981
vn -0.8665 -0.0327 0.4981
vn -0.8665 -0.0327 0.4980
vn -0.8665 0.0327 0.4980
vn -0.0179 0.9997 -0.0178
vn -0.4993 0.8663 -0.0151
vn -0.4994 0.8662 -0.0152
vn -0.8662 0.4994 0.0152
vn -0.8663 0.4993 0.0151
vn -0.4980 -0.0327 -0.8665
vn -0.4980 0.0327 -0.8665
vn -0.4981 0.0327 -0.8665
vn -0.4981 -0.0327 -0.8665
vn -0.8665 -0.0327 -0.4981
vn -0.8665 0.0327 -0.4981
vn -0.8665 0.0327 -0.4980
vn -0.8665 -0.0327 -0.4980
vn -0.0178 -0.9997 -0.0179
vn -0.0151 -0.8663 -0.4993
vn -0.0152 -0.8662 -0.4994
vn 0.0152 -0.4994 -0.8662
vn 0.0151 -0.4993 -0.8663
vn 0.0178 0.9997 -0.0179
vn 0.0151 0.8663 -0.4993
vn 0.0152 0.8662 -0.4994
vn -0.0152 0.4994 -0.8662
vn -0.0151 0.4993 -0.8663
vn 0.8665 -0.0327 -0.4980
vn 0.8665 0.0327 -0.4980
vn 0.8665 0.0327 -0.4981
vn 0.8665 -0.0327 -0.4981
vn 0.4981 -0.0327 -0.8665
vn 0.4981 0.0327 -0.8665
vn 0.4980 0.0327 -0.8665
vn 0.4980 -0.0327 -0.8665
vn 0.0179 -0.9997 -0.0178
vn 0.4993 -0.8663 -0.0151
vn 0.4994 -0.8662 -0.0152
vn 0.8662 -0.4994 0.0152
vn 0.8663 -0.4993 0.0151
vn 0.0179 0.9997 0.0178
vn 0.4993 0.8663 0.0151
vn 0.4994 0.8662 0.0152
vn 0.8662 0.4994 -0.0152
vn 0.8663 0.4993 -0.0151
vn 0.4980 -0.0327 0.8665
vn 0.4980 0.0327 0.8665
vn 0.4981 0.0327 0.8665
vn 0.4981 -0.0327 0.8665
vn 0.8665 -0.0327 0.4981
vn 0.8665 0.0327 0.4981
vn 0.8665 0.0327 0.4980
vn 0.8665 -0.0327 0.4980
vn 0.0178 -0.9997 0.0179
vn 0.0151 -0.8663 0.4993
vn 0.0152 -0.8662 0.4994
vn -0.0152 -0.4994 0.8662
vn -0.0151 -0.4993 0.8663
vn -0.0178 0.9997 0.0179
vn -0.0151 0.8663 0.4993
vn -0.0152 0.8662 0.4994
vn 0.0152 0.4994 0.8662
vn 0.0151 0.4993 0.8663
vn -0.0178 -0.9997 -0.0178
vn 0.0178 -0.9997 -0.0178
vn 0.0178 -0.9997 0.0178
vn -0.0178 -0.9997 0.0178
vt 0.425000 0.777778
vt 0.575000 0.777778
vt 0.575000 0.972222
vt 0.425000 0.972222
vt 0.425000 0.527778
vt 0.575000 0.527778
vt 0.575000 0.722222
vt 0.425000 0.722222
vt 0.652778 0.527778
vt 0.847222 0.527778
vt 0.847222 0.722222
vt 0.652778 0.722222
vt 0.425000 0.027778
vt 0.575000 0.027778
vt 0.575000 0.222222
vt 0.425000 0.222222
vt 0.425000 0.277778
vt 0.575000 0.277778
vt 0.575000 0.472222
vt 0.425000 0.472222
vt 0.152778 0.722222
vt 0.152778 0.736093
vt 0.139494 0.735506
vt 0.138907 0.722222
vt 0.152778 0.750000
vt 0.139494 0.750000
vt 0.425000 1.000000
vt 0.375000 0.985506
vt 0.375000 0.972222
vt 0.425000 0.000000
vt 0.425000 0.013907
vt 0.375000 0.014494
vt 0.375000 0.000000
vt 0.375000 0.027778
vt 0.125000 0.722222
vt 0.125000 0.735506
vt 0.599967 0.972222
vt 0.598911 0.985506
vt 0.575000 1.000000
vt 0.625000 0.972222
vt 0.625000 0.985506
vt 0.875000 0.722222
vt 0.860506 0.750000
vt 0.847222 0.750000
vt 0.625000 0.027778
vt 0.599967 0.027778
vt 0.598911 0.014494
vt 0.625000 0.000000
vt 0.575000 0.013907
vt 0.575000 0.000000
vt 0.598911 0.007316
vt 0.598911 0.992684
vt 0.152778 0.527778
vt 0.138907 0.527778
vt 0.139494 0.514494
vt 0.152778 0.513907
vt 0.125000 0.527778
vt 0.125000 0.514494
vt 0.425000 0.236093
vt 0.375000 0.235506
vt 0.375000 0.222222
vt 0.425000 0.263907
vt 0.375000 0.264494
vt 0.375000 0.277778
vt 0.152778 0.500000
vt 0.139494 0.500000
vt 0.847222 0.500000
vt 0.860506 0.500000
vt 0.875000 0.527778
vt 0.625000 0.277778
vt 0.599967 0.277778
vt 0.598911 0.264494
vt 0.625000 0.264494
vt 0.575000 0.263907
vt 0.575000 0.236093
vt 0.598911 0.235506
vt 0.599967 0.222222
vt 0.625000 0.222222
vt 0.625000 0.250000
vt 0.598911 0.257316
vt 0.347222 0.722222
vt 0.361093 0.722222
vt 0.360506 0.735506
vt 0.347222 0.736093
vt 0.400033 0.722222
vt 0.401089 0.735506
vt 0.425000 0.736093
vt 0.425000 0.763907
vt 0.375000 0.764494
vt 0.375000 0.777778
vt 0.347222 0.750000
vt 0.360506 0.750000
vt 0.367684 0.735506
vt 0.652778 0.750000
vt 0.639494 0.750000
vt 0.638907 0.722222
vt 0.625000 0.777778
vt 0.599967 0.777778
vt 0.598911 0.764494
vt 0.625000 0.764494
vt 0.575000 0.763907
vt 0.575000 0.736093
vt 0.598911 0.735506
vt 0.599967 0.722222
vt 0.598911 0.757316
vt 0.347222 0.527778
vt 0.347222 0.513907
vt 0.360506 0.514494
vt 0.361093 0.527778
vt 0.347222 0.500000
vt 0.360506 0.500000
vt 0.425000 0.486093
vt 0.375000 0.485506
vt 0.375000 0.472222
vt 0.425000 0.513907
vt 0.401089 0.514494
vt 0.400033 0.527778
vt 0.367684 0.514494
vt 0.638907 0.527778
vt 0.639494 0.514494
vt 0.652778 0.500000
vt 0.599967 0.527778
vt 0.598911 0.514494
vt 0.575000 0.513907
vt 0.575000 0.486093
vt 0.598911 0.485506
vt 0.599967 0.472222
vt 0.625000 0.472222
vt 0.611832 0.485506
vt 0.611832 0.514494
vt 0.598911 0.507316
s 0
usemtl Elastomer
f 1515/1114/1143 1526/1115/1144 1477/1116/1145 1466/1117/1146
f 1539/1118/1147 1550/1119/1148 1527/1120/1149 1514/1121/1150
f 1549/1122/1151 1501/1123/1152 1478/1124/1153 1525/1125/1154
f 1467/1126/1155 1479/1127/1156 1503/1128/1157 1490/1129/1158
f 1491/1130/1159 1502/1131/1160 1551/1132/1161 1538/1133/1162
f 1465/1134/1163 1468/1135/1164 1470/1136/1165 1469/1137/1166
f 1468/1135/1167 1472/1138/1168 1473/1139/1169 1470/1136/1170
f 1466/1117/1171 1471/1140/1172 1473/1141/1173 1472/1142/1174
f 1471/1143/1172 1475/1144/1175 1476/1145/1176 1473/1146/1177
f 1467/1126/1178 1474/1147/1179 1476/1145/1180 1475/1144/1181
f 1474/1148/1182 1469/1137/1183 1470/1136/1184 1476/1149/1185
f 1470/1136/1186 1473/1139/1187 1476/1149/1188
f 1477/1116/1189 1480/1150/1190 1482/1151/1191 1481/1152/1192
f 1480/1150/1193 1484/1153/1194 1485/1154/1195 1482/1151/1196
f 1478/1124/1197 1483/1155/1198 1485/1156/1199 1484/1157/1200
f 1483/1158/1201 1487/1159/1202 1488/1160/1203 1485/1161/1204
f 1479/1127/1205 1486/1162/1206 1488/1160/1207 1487/1159/1208
f 1486/1162/1206 1481/1163/1209 1482/1164/1210 1488/1160/1211
f 1482/1151/1212 1485/1154/1213 1488/1165/1214
f 1489/1166/1215 1492/1167/1216 1494/1168/1217 1493/1169/1218
f 1492/1167/1219 1496/1170/1220 1497/1171/1221 1494/1168/1222
f 1490/1129/1223 1495/1172/1224 1497/1173/1225 1496/1174/1226
f 1495/1172/1224 1499/1175/1227 1500/1176/1228 1497/1173/1229
f 1491/1130/1230 1498/1177/1231 1500/1176/1232 1499/1175/1233
f 1498/1178/1234 1493/1169/1235 1494/1168/1236 1500/1179/1237
f 1494/1168/1238 1497/1171/1239 1500/1179/1240
f 1501/1123/1241 1504/1180/1242 1506/1181/1243 1505/1182/1244
f 1504/1183/1245 1508/1184/1246 1509/1185/1247 1506/1186/1248
f 1502/1131/1249 1507/1187/1250 1509/1185/1251 1508/1184/1252
f 1507/1187/1250 1511/1188/1253 1512/1189/1254 1509/1185/1255
f 1503/1128/1256 1510/1190/1257 1512/1189/1258 1511/1188/1259
f 1510/1190/1260 1505/1191/1261 1506/1192/1262 1512/1189/1263
f 1506/1186/1264 1509/1185/1265 1512/1193/1266
f 1513/1194/1267 1516/1195/1268 1518/1196/1269 1517/1197/1270
f 1516/1195/1271 1520/1198/1272 1521/1199/1273 1518/1196/1274
f 1514/1121/1275 1519/1200/1276 1521/1199/1277 1520/1198/1278
f 1519/1200/1276 1523/1201/1279 1524/1202/1280 1521/1199/1281
f 1515/1114/1282 1522/1203/1283 1524/1202/1284 1523/1201/1285
f 1522/1204/1286 1517/1197/1287 1518/1196/1288 1524/1205/1289
f 1518/1196/1290 1521/1206/1291 1524/1205/1292
f 1525/1125/1293 1528/1207/1294 1530/1208/1295 1529/1209/1296
f 1528/1210/1297 1532/1211/1298 1533/1212/1299 1530/1213/1300
f 1526/1115/1301 1531/1214/1302 1533/1212/1303 1532/1211/1304
f 1531/1214/1302 1535/1215/1305 1536/1216/1306 1533/1212/1307
f 1527/1120/1308 1534/1217/1309 1536/1216/1310 1535/1215/1311
f 1534/1217/1312 1529/1209/1313 1530/1208/1314 1536/1216/1315
f 1530/1213/1316 1533/1212/1317 1536/1218/1318
f 1537/1219/1319 1540/1220/1320 1542/1221/1321 1541/1222/1322
f 1540/1220/1323 1544/1223/1324 1545/1224/1325 1542/1221/1326
f 1538/1133/1327 1543/1225/1328 1545/1226/1329 1544/1227/1330
f 1543/1225/1328 1547/1228/1331 1548/1229/1332 1545/1226/1333
f 1539/1118/1334 1546/1230/1335 1548/1229/1336 1547/1228/1337
f 1546/1230/1338 1541/1222/1339 1542/1221/1340 1548/1229/1341
f 1542/1221/1342 1545/1224/1343 1548/1231/1344
f 1549/1122/1345 1552/1232/1346 1554/1233/1347 1553/1234/1348
f 1552/1232/1349 1556/1235/1350 1557/1236/1351 1554/1233/1352
f 1550/1119/1353 1555/1237/1354 1557/1236/1355 1556/1235/1356
f 1555/1237/1354 1559/1238/1357 1560/1239/1358 1557/1236/1359
f 1551/1132/1360 1558/1240/1361 1560/1239/1362 1559/1238/1363
f 1558/1240/1364 1553/1241/1365 1554/1242/1366 1560/1239/1367
f 1554/1243/1368 1557/1236/1369 1560/1244/1370
f 1489/1166/1215 1465/1134/1371 1469/1137/1372 1492/1167/1216
f 1492/1167/1219 1469/1137/1373 1474/1148/1182 1496/1170/1374
f 1496/1174/1375 1474/1147/1179 1467/1126/1178 1490/1129/1223
f 1466/1117/1146 1477/1116/1145 1481/1152/1376 1471/1140/1377
f 1471/1143/1378 1481/1163/1379 1486/1162/1380 1475/1144/1381
f 1475/1144/1382 1486/1162/1383 1479/1127/1156 1467/1126/1155
f 1478/1124/1197 1501/1123/1384 1505/1182/1385 1483/1155/1198
f 1483/1158/1201 1505/1191/1386 1510/1190/1260 1487/1159/1387
f 1487/1159/1388 1510/1190/1257 1503/1128/1256 1479/1127/1205
f 1502/1131/1160 1491/1130/1159 1499/1175/1389 1507/1187/1390
f 1507/1187/1391 1499/1175/1392 1495/1172/1393 1511/1188/1394
f 1511/1188/1395 1495/1172/1396 1490/1129/1158 1503/1128/1157
f 1537/1219/1319 1489/1166/1397 1493/1169/1398 1540/1220/1320
f 1540/1220/1323 1493/1169/1399 1498/1178/1234 1544/1223/1400
f 1544/1227/1401 1498/1177/1231 1491/1130/1230 1538/1133/1327
f 1501/1123/1241 1549/1122/1402 1553/1234/1403 1504/1180/1242
f 1504/1183/1245 1553/1241/1404 1558/1240/1364 1508/1184/1405
f 1508/1184/1406 1558/1240/1361 1551/1132/1360 1502/1131/1249
f 1550/1119/1148 1539/1118/1147 1547/1228/1407 1555/1237/1408
f 1555/1237/1409 1547/1228/1410 1543/1225/1411 1559/1238/1412
f 1559/1238/1413 1543/1225/1414 1538/1133/1162 1551/1132/1161
f 1513/1194/1267 1537/1219/1415 1541/1222/1416 1516/1195/1268
f 1516/1195/1271 1541/1222/1417 1546/1230/1338 1520/1198/1418
f 1520/1198/1419 1546/1230/1335 1539/1118/1334 1514/1121/1275
f 1549/1122/1345 1525/1125/1420 1529/1209/1421 1552/1232/1346
f 1552/1232/1349 1529/1209/1422 1534/1217/1312 1556/1235/1423
f 1556/1235/1424 1534/1217/1309 1527/1120/1308 1550/1119/1353
f 1526/1115/1144 1515/1114/1143 1523/1201/1425 1531/1214/1426
f 1531/1214/1427 1523/1201/1428 1519/1200/1429 1535/1215/1430
f 1535/1215/1431 1519/1200/1432 1514/1121/1150 1527/1120/1149
f 1465/1134/1163 1513/1194/1433 1517/1197/1434 1468/1135/1164
f 1468/1135/1167 1517/1197/1435 1522/1204/1286 1472/1138/1436
f 1472/1142/1437 1522/1203/1283 1515/1114/1282 1466/1117/1171
f 1525/1125/1293 1478/1124/1438 1484/1157/1439 1528/1207/1294
f 1528/1210/1297 1484/1153/1440 1480/1150/1193 1532/1211/1441
f 1532/1211/1442 1480/1150/1190 1477/1116/1189 1526/1115/1301
f 1489/1166/1443 1537/1219/1444 1513/1194/1445 1465/1134/1446
o Autopilot_isolation_foot
v 0.056500 0.298500 0.074500
v 0.056500 0.299500 0.075500
v 0.055500 0.299500 0.074500
v 0.056500 0.298634 0.074999
v 0.056001 0.298634 0.074500
v 0.056022 0.298763 0.074978
v 0.056001 0.299500 0.075366
v 0.056500 0.299001 0.075366
v 0.056022 0.299022 0.075237
v 0.055634 0.299001 0.074500
v 0.055634 0.299500 0.074999
v 0.055763 0.299022 0.074978
v 0.056500 0.302500 0.075500
v 0.056500 0.303500 0.074500
v 0.055500 0.302500 0.074500
v 0.056500 0.302999 0.075366
v 0.056001 0.302500 0.075366
v 0.056022 0.302978 0.075237
v 0.056001 0.303366 0.074500
v 0.056500 0.303366 0.074999
v 0.056022 0.303237 0.074978
v 0.055634 0.302500 0.074999
v 0.055634 0.302999 0.074500
v 0.055763 0.302978 0.074978
v 0.056500 0.298500 0.067500
v 0.055500 0.299500 0.067500
v 0.056500 0.299500 0.066500
v 0.056001 0.298634 0.067500
v 0.056500 0.298634 0.067001
v 0.056022 0.298763 0.067022
v 0.055634 0.299500 0.067001
v 0.055634 0.299001 0.067500
v 0.055763 0.299022 0.067022
v 0.056500 0.299001 0.066634
v 0.056001 0.299500 0.066634
v 0.056022 0.299022 0.066763
v 0.056500 0.303500 0.067500
v 0.056500 0.302500 0.066500
v 0.055500 0.302500 0.067500
v 0.056500 0.303366 0.067001
v 0.056001 0.303366 0.067500
v 0.056022 0.303237 0.067022
v 0.056001 0.302500 0.066634
v 0.056500 0.302999 0.066634
v 0.056022 0.302978 0.066763
v 0.055634 0.302999 0.067500
v 0.055634 0.302500 0.067001
v 0.055763 0.302978 0.067022
v 0.063500 0.298500 0.074500
v 0.064500 0.299500 0.074500
v 0.063500 0.299500 0.075500
v 0.063999 0.298634 0.074500
v 0.063500 0.298634 0.074999
v 0.063978 0.298763 0.074978
v 0.064366 0.299500 0.074999
v 0.064366 0.299001 0.074500
v 0.064237 0.299022 0.074978
v 0.063500 0.299001 0.075366
v 0.063999 0.299500 0.075366
v 0.063978 0.299022 0.075237
v 0.063500 0.303500 0.074500
v 0.063500 0.302500 0.075500
v 0.064500 0.302500 0.074500
v 0.063500 0.303366 0.074999
v 0.063999 0.303366 0.074500
v 0.063978 0.303237 0.074978
v 0.063999 0.302500 0.075366
v 0.063500 0.302999 0.075366
v 0.063978 0.302978 0.075237
v 0.064366 0.302999 0.074500
v 0.064366 0.302500 0.074999
v 0.064237 0.302978 0.074978
v 0.063500 0.298500 0.067500
v 0.063500 0.299500 0.066500
v 0.064500 0.299500 0.067500
v 0.063500 0.298634 0.067001
v 0.063999 0.298634 0.067500
v 0.063978 0.298763 0.067022
v 0.063999 0.299500 0.066634
v 0.063500 0.299001 0.066634
v 0.063978 0.299022 0.066763
v 0.064366 0.299001 0.067500
v 0.064366 0.299500 0.067001
v 0.064237 0.299022 0.067022
v 0.063500 0.303500 0.067500
v 0.064500 0.302500 0.067500
v 0.063500 0.302500 0.066500
v 0.063999 0.303366 0.067500
v 0.063500 0.303366 0.067001
v 0.063978 0.303237 0.067022
v 0.064366 0.302500 0.067001
v 0.064366 0.302999 0.067500
v 0.064237 0.302978 0.067022
v 0.063500 0.302999 0.066634
v 0.063999 0.302500 0.066634
v 0.063978 0.302978 0.066763
vn 0.0178 -0.0381 0.9991
vn 0.0178 0.0381 0.9991
vn -0.0178 0.0381 0.9991
vn -0.0178 -0.0381 0.9991
vn 0.9991 -0.0381 -0.0178
vn 0.9991 0.0381 -0.0178
vn 0.9991 0.0381 0.0178
vn 0.9991 -0.0381 0.0178
vn 0.0178 0.9997 -0.0178
vn -0.0178 0.9997 -0.0178
vn -0.0178 0.9997 0.0178
vn 0.0178 0.9997 0.0178
vn -0.9991 -0.0381 0.0178
vn -0.9991 0.0381 0.0178
vn -0.9991 0.0381 -0.0178
vn -0.9991 -0.0381 -0.0178
vn -0.0178 -0.0381 -0.9991
vn -0.0178 0.0381 -0.9991
vn 0.0178 0.0381 -0.9991
vn 0.0178 -0.0381 -0.9991
vn -0.0178 -0.9997 0.0179
vn -0.0152 -0.8663 0.4993
vn -0.4473 -0.7745 0.4473
vn -0.4993 -0.8663 0.0152
vn -0.0152 -0.8662 0.4994
vn -0.0152 -0.4994 0.8663
vn -0.4473 -0.4474 0.7744
vn -0.4473 -0.7745 0.4474
vn -0.0178 -0.0382 0.9991
vn -0.4981 -0.0328 0.8665
vn -0.4473 -0.4473 0.7745
vn -0.0152 -0.4993 0.8663
vn -0.8665 -0.0328 0.4981
vn -0.7744 -0.4473 0.4474
vn -0.4474 -0.4473 0.7745
vn -0.9991 -0.0382 0.0178
vn -0.8663 -0.4993 0.0152
vn -0.7745 -0.4473 0.4473
vn -0.8665 -0.0328 0.4980
vn -0.8662 -0.4994 0.0152
vn -0.4994 -0.8663 0.0152
vn -0.4474 -0.7744 0.4473
vn -0.7745 -0.4474 0.4473
vn -0.4473 -0.7744 0.4474
vn -0.4474 -0.4474 0.7744
vn -0.7744 -0.4474 0.4474
vn -0.0178 0.0382 0.9991
vn -0.0152 0.4993 0.8663
vn -0.4473 0.4473 0.7745
vn -0.4980 0.0328 0.8665
vn -0.0152 0.4994 0.8662
vn -0.0152 0.8663 0.4994
vn -0.4473 0.7744 0.4474
vn -0.4473 0.4474 0.7745
vn -0.0179 0.9997 0.0178
vn -0.4993 0.8663 0.0152
vn -0.4473 0.7745 0.4473
vn -0.0152 0.8663 0.4993
vn -0.4994 0.8662 0.0152
vn -0.8663 0.4994 0.0152
vn -0.7744 0.4474 0.4473
vn -0.4474 0.7745 0.4473
vn -0.9991 0.0382 0.0178
vn -0.8665 0.0328 0.4981
vn -0.7745 0.4473 0.4473
vn -0.8663 0.4993 0.0152
vn -0.4981 0.0328 0.8665
vn -0.4474 0.4473 0.7744
vn -0.7745 0.4473 0.4474
vn -0.4473 0.4474 0.7744
vn -0.4474 0.7744 0.4474
vn -0.7744 0.4474 0.4474
vn -0.0179 -0.9997 -0.0178
vn -0.4993 -0.8663 -0.0152
vn -0.4473 -0.7745 -0.4473
vn -0.0152 -0.8663 -0.4993
vn -0.4994 -0.8662 -0.0152
vn -0.8663 -0.4994 -0.0152
vn -0.7744 -0.4474 -0.4473
vn -0.4474 -0.7745 -0.4473
vn -0.9991 -0.0382 -0.0178
vn -0.8665 -0.0328 -0.4981
vn -0.7745 -0.4473 -0.4473
vn -0.8663 -0.4993 -0.0152
vn -0.4981 -0.0328 -0.8665
vn -0.4474 -0.4473 -0.7744
vn -0.7745 -0.4473 -0.4474
vn -0.0178 -0.0382 -0.9991
vn -0.0152 -0.4993 -0.8663
vn -0.4473 -0.4473 -0.7745
vn -0.4980 -0.0328 -0.8665
vn -0.0152 -0.4994 -0.8662
vn -0.0152 -0.8663 -0.4994
vn -0.4473 -0.7744 -0.4474
vn -0.4473 -0.4474 -0.7745
vn -0.4474 -0.7744 -0.4474
vn -0.7744 -0.4474 -0.4474
vn -0.4473 -0.4474 -0.7744
vn -0.0178 0.9997 -0.0179
vn -0.0152 0.8663 -0.4993
vn -0.4473 0.7745 -0.4473
vn -0.4993 0.8663 -0.0152
vn -0.0152 0.8662 -0.4994
vn -0.0152 0.4994 -0.8663
vn -0.4473 0.4474 -0.7744
vn -0.4473 0.7745 -0.4474
vn -0.0178 0.0382 -0.9991
vn -0.4981 0.0328 -0.8665
vn -0.4473 0.4473 -0.7745
vn -0.0152 0.4993 -0.8663
vn -0.8665 0.0328 -0.4981
vn -0.7744 0.4473 -0.4474
vn -0.4474 0.4473 -0.7745
vn -0.9991 0.0382 -0.0178
vn -0.8663 0.4993 -0.0152
vn -0.7745 0.4473 -0.4473
vn -0.8665 0.0328 -0.4980
vn -0.8662 0.4994 -0.0152
vn -0.4994 0.8663 -0.0152
vn -0.4474 0.7744 -0.4473
vn -0.7745 0.4474 -0.4473
vn -0.4473 0.7744 -0.4474
vn -0.4474 0.4474 -0.7744
vn -0.7744 0.4474 -0.4474
vn 0.0179 -0.9997 0.0178
vn 0.4993 -0.8663 0.0152
vn 0.4473 -0.7745 0.4473
vn 0.0152 -0.8663 0.4993
vn 0.4994 -0.8662 0.0152
vn 0.8663 -0.4994 0.0152
vn 0.7744 -0.4474 0.4473
vn 0.4474 -0.7745 0.4473
vn 0.9991 -0.0382 0.0178
vn 0.8665 -0.0328 0.4981
vn 0.7745 -0.4473 0.4473
vn 0.8663 -0.4993 0.0152
vn 0.4981 -0.0328 0.8665
vn 0.4474 -0.4473 0.7744
vn 0.7745 -0.4473 0.4474
vn 0.0178 -0.0382 0.9991
vn 0.0152 -0.4993 0.8663
vn 0.4473 -0.4473 0.7745
vn 0.4980 -0.0328 0.8665
vn 0.0152 -0.4994 0.8662
vn 0.0152 -0.8663 0.4994
vn 0.4473 -0.7744 0.4474
vn 0.4473 -0.4474 0.7745
vn 0.4474 -0.7744 0.4474
vn 0.7744 -0.4474 0.4474
vn 0.4473 -0.4474 0.7744
vn 0.0178 0.9997 0.0179
vn 0.0152 0.8663 0.4993
vn 0.4473 0.7745 0.4473
vn 0.4993 0.8663 0.0152
vn 0.0152 0.8662 0.4994
vn 0.0152 0.4994 0.8663
vn 0.4473 0.4474 0.7744
vn 0.4473 0.7745 0.4474
vn 0.0178 0.0382 0.9991
vn 0.4981 0.0328 0.8665
vn 0.4473 0.4473 0.7745
vn 0.0152 0.4993 0.8663
vn 0.8665 0.0328 0.4981
vn 0.7744 0.4473 0.4474
vn 0.4474 0.4473 0.7745
vn 0.9991 0.0382 0.0178
vn 0.8663 0.4993 0.0152
vn 0.7745 0.4473 0.4473
vn 0.8665 0.0328 0.4980
vn 0.8662 0.4994 0.0152
vn 0.4994 0.8663 0.0152
vn 0.4474 0.7744 0.4473
vn 0.7745 0.4474 0.4473
vn 0.4473 0.7744 0.4474
vn 0.4474 0.4474 0.7744
vn 0.7744 0.4474 0.4474
vn 0.0178 -0.9997 -0.0179
vn 0.0152 -0.8663 -0.4993
vn 0.4473 -0.7745 -0.4473
vn 0.4993 -0.8663 -0.0152
vn 0.0152 -0.8662 -0.4994
vn 0.0152 -0.4994 -0.8663
vn 0.4473 -0.4474 -0.7744
vn 0.4473 -0.7745 -0.4474
vn 0.0178 -0.0382 -0.9991
vn 0.4981 -0.0328 -0.8665
vn 0.4473 -0.4473 -0.7745
vn 0.0152 -0.4993 -0.8663
vn 0.8665 -0.0328 -0.4981
vn 0.7744 -0.4473 -0.4474
vn 0.4474 -0.4473 -0.7745
vn 0.9991 -0.0382 -0.0178
vn 0.8663 -0.4993 -0.0152
vn 0.7745 -0.4473 -0.4473
vn 0.8665 -0.0328 -0.4980
vn 0.8662 -0.4994 -0.0152
vn 0.4994 -0.8663 -0.0152
vn 0.4474 -0.7744 -0.4473
vn 0.7745 -0.4474 -0.4473
vn 0.4473 -0.7744 -0.4474
vn 0.4474 -0.4474 -0.7744
vn 0.7744 -0.4474 -0.4474
vn 0.0179 0.9997 -0.0178
vn 0.4993 0.8663 -0.0152
vn 0.4473 0.7745 -0.4473
vn 0.0152 0.8663 -0.4993
vn 0.4994 0.8662 -0.0152
vn 0.8663 0.4994 -0.0152
vn 0.7744 0.4474 -0.4473
vn 0.4474 0.7745 -0.4473
vn 0.9991 0.0382 -0.0178
vn 0.8665 0.0328 -0.4981
vn 0.7745 0.4473 -0.4473
vn 0.8663 0.4993 -0.0152
vn 0.4981 0.0328 -0.8665
vn 0.4474 0.4473 -0.7744
vn 0.7745 0.4473 -0.4474
vn 0.0178 0.0382 -0.9991
vn 0.0152 0.4993 -0.8663
vn 0.4473 0.4473 -0.7745
vn 0.4980 0.0328 -0.8665
vn 0.0152 0.4994 -0.8662
vn 0.0152 0.8663 -0.4994
vn 0.4473 0.7744 -0.4474
vn 0.4473 0.4474 -0.7745
vn 0.4474 0.7744 -0.4474
vn 0.7744 0.4474 -0.4474
vn 0.4473 0.4474 -0.7744
vn -0.0179 -0.9997 0.0178
vn -0.4993 -0.8663 0.0151
vn -0.4994 -0.8662 0.0152
vn -0.8662 -0.4994 -0.0152
vn -0.8663 -0.4993 -0.0151
vn -0.4980 0.0327 0.8665
vn -0.4980 -0.0327 0.8665
vn -0.4981 -0.0327 0.8665
vn -0.4981 0.0327 0.8665
vn -0.8665 0.0327 0.4981
vn -0.8665 -0.0327 0.4981
vn -0.8665 -0.0327 0.4980
vn -0.8665 0.0327 0.4980
vn -0.0179 0.9997 -0.0178
vn -0.4993 0.8663 -0.0151
vn -0.4994 0.8662 -0.0152
vn -0.8662 0.4994 0.0152
vn -0.8663 0.4993 0.0151
vn -0.4980 -0.0327 -0.8665
vn -0.4980 0.0327 -0.8665
vn -0.4981 0.0327 -0.8665
vn -0.4981 -0.0327 -0.8665
vn -0.8665 -0.0327 -0.4981
vn -0.8665 0.0327 -0.4981
vn -0.8665 0.0327 -0.4980
vn -0.8665 -0.0327 -0.4980
vn -0.0178 -0.9997 -0.0179
vn -0.0151 -0.8663 -0.4993
vn -0.0152 -0.8662 -0.4994
vn 0.0152 -0.4994 -0.8662
vn 0.0151 -0.4993 -0.8663
vn 0.0178 0.9997 -0.0179
vn 0.0151 0.8663 -0.4993
vn 0.0152 0.8662 -0.4994
vn -0.0152 0.4994 -0.8662
vn -0.0151 0.4993 -0.8663
vn 0.8665 -0.0327 -0.4980
vn 0.8665 0.0327 -0.4980
vn 0.8665 0.0327 -0.4981
vn 0.8665 -0.0327 -0.4981
vn 0.4981 -0.0327 -0.8665
vn 0.4981 0.0327 -0.8665
vn 0.4980 0.0327 -0.8665
vn 0.4980 -0.0327 -0.8665
vn 0.0179 -0.9997 -0.0178
vn 0.4993 -0.8663 -0.0151
vn 0.4994 -0.8662 -0.0152
vn 0.8662 -0.4994 0.0152
vn 0.8663 -0.4993 0.0151
vn 0.0179 0.9997 0.0178
vn 0.4993 0.8663 0.0151
vn 0.4994 0.8662 0.0152
vn 0.8662 0.4994 -0.0152
vn 0.8663 0.4993 -0.0151
vn 0.4980 -0.0327 0.8665
vn 0.4980 0.0327 0.8665
vn 0.4981 0.0327 0.8665
vn 0.4981 -0.0327 0.8665
vn 0.8665 -0.0327 0.4981
vn 0.8665 0.0327 0.4981
vn 0.8665 0.0327 0.4980
vn 0.8665 -0.0327 0.4980
vn 0.0178 -0.9997 0.0179
vn 0.0151 -0.8663 0.4993
vn 0.0152 -0.8662 0.4994
vn -0.0152 -0.4994 0.8662
vn -0.0151 -0.4993 0.8663
vn -0.0178 0.9997 0.0179
vn -0.0151 0.8663 0.4993
vn -0.0152 0.8662 0.4994
vn 0.0152 0.4994 0.8662
vn 0.0151 0.4993 0.8663
vn -0.0178 -0.9997 -0.0178
vn 0.0178 -0.9997 -0.0178
vn 0.0178 -0.9997 0.0178
vn -0.0178 -0.9997 0.0178
vt 0.425000 0.777778
vt 0.575000 0.777778
vt 0.575000 0.972222
vt 0.425000 0.972222
vt 0.425000 0.527778
vt 0.575000 0.527778
vt 0.575000 0.722222
vt 0.425000 0.722222
vt 0.652778 0.527778
vt 0.847222 0.527778
vt 0.847222 0.722222
vt 0.652778 0.722222
vt 0.425000 0.027778
vt 0.575000 0.027778
vt 0.575000 0.222222
vt 0.425000 0.222222
vt 0.425000 0.277778
vt 0.575000 0.277778
vt 0.575000 0.472222
vt 0.425000 0.472222
vt 0.152778 0.722222
vt 0.152778 0.736093
vt 0.139494 0.735506
vt 0.138907 0.722222
vt 0.152778 0.750000
vt 0.139494 0.750000
vt 0.425000 1.000000
vt 0.375000 0.985506
vt 0.375000 0.972222
vt 0.425000 0.000000
vt 0.425000 0.013907
vt 0.375000 0.014494
vt 0.375000 0.000000
vt 0.375000 0.027778
vt 0.125000 0.722222
vt 0.125000 0.735506
vt 0.599967 0.972222
vt 0.598911 0.985506
vt 0.575000 1.000000
vt 0.625000 0.972222
vt 0.625000 0.985506
vt 0.875000 0.722222
vt 0.860506 0.750000
vt 0.847222 0.750000
vt 0.625000 0.027778
vt 0.599967 0.027778
vt 0.598911 0.014494
vt 0.625000 0.000000
vt 0.575000 0.013907
vt 0.575000 0.000000
vt 0.598911 0.007316
vt 0.598911 0.992684
vt 0.152778 0.527778
vt 0.138907 0.527778
vt 0.139494 0.514494
vt 0.152778 0.513907
vt 0.125000 0.527778
vt 0.125000 0.514494
vt 0.425000 0.236093
vt 0.375000 0.235506
vt 0.375000 0.222222
vt 0.425000 0.263907
vt 0.375000 0.264494
vt 0.375000 0.277778
vt 0.152778 0.500000
vt 0.139494 0.500000
vt 0.847222 0.500000
vt 0.860506 0.500000
vt 0.875000 0.527778
vt 0.625000 0.277778
vt 0.599967 0.277778
vt 0.598911 0.264494
vt 0.625000 0.264494
vt 0.575000 0.263907
vt 0.575000 0.236093
vt 0.598911 0.235506
vt 0.599967 0.222222
vt 0.625000 0.222222
vt 0.625000 0.250000
vt 0.598911 0.257316
vt 0.347222 0.722222
vt 0.361093 0.722222
vt 0.360506 0.735506
vt 0.347222 0.736093
vt 0.400033 0.722222
vt 0.401089 0.735506
vt 0.425000 0.736093
vt 0.425000 0.763907
vt 0.375000 0.764494
vt 0.375000 0.777778
vt 0.347222 0.750000
vt 0.360506 0.750000
vt 0.367684 0.735506
vt 0.652778 0.750000
vt 0.639494 0.750000
vt 0.638907 0.722222
vt 0.625000 0.777778
vt 0.599967 0.777778
vt 0.598911 0.764494
vt 0.625000 0.764494
vt 0.575000 0.763907
vt 0.575000 0.736093
vt 0.598911 0.735506
vt 0.599967 0.722222
vt 0.598911 0.757316
vt 0.347222 0.527778
vt 0.347222 0.513907
vt 0.360506 0.514494
vt 0.361093 0.527778
vt 0.347222 0.500000
vt 0.360506 0.500000
vt 0.425000 0.486093
vt 0.375000 0.485506
vt 0.375000 0.472222
vt 0.425000 0.513907
vt 0.401089 0.514494
vt 0.400033 0.527778
vt 0.367684 0.514494
vt 0.638907 0.527778
vt 0.639494 0.514494
vt 0.652778 0.500000
vt 0.599967 0.527778
vt 0.598911 0.514494
vt 0.575000 0.513907
vt 0.575000 0.486093
vt 0.598911 0.485506
vt 0.599967 0.472222
vt 0.625000 0.472222
vt 0.611832 0.485506
vt 0.611832 0.514494
vt 0.598911 0.507316
s 0
usemtl Elastomer
f 1611/1245/1447 1622/1246/1448 1573/1247/1449 1562/1248/1450
f 1635/1249/1451 1646/1250/1452 1623/1251/1453 1610/1252/1454
f 1645/1253/1455 1597/1254/1456 1574/1255/1457 1621/1256/1458
f 1563/1257/1459 1575/1258/1460 1599/1259/1461 1586/1260/1462
f 1587/1261/1463 1598/1262/1464 1647/1263/1465 1634/1264/1466
f 1561/1265/1467 1564/1266/1468 1566/1267/1469 1565/1268/1470
f 1564/1266/1471 1568/1269/1472 1569/1270/1473 1566/1267/1474
f 1562/1248/1475 1567/1271/1476 1569/1272/1477 1568/1273/1478
f 1567/1274/1476 1571/1275/1479 1572/1276/1480 1569/1277/1481
f 1563/1257/1482 1570/1278/1483 1572/1276/1484 1571/1275/1485
f 1570/1279/1486 1565/1268/1487 1566/1267/1488 1572/1280/1489
f 1566/1267/1490 1569/1270/1491 1572/1280/1492
f 1573/1247/1493 1576/1281/1494 1578/1282/1495 1577/1283/1496
f 1576/1281/1497 1580/1284/1498 1581/1285/1499 1578/1282/1500
f 1574/1255/1501 1579/1286/1502 1581/1287/1503 1580/1288/1504
f 1579/1289/1505 1583/1290/1506 1584/1291/1507 1581/1292/1508
f 1575/1258/1509 1582/1293/1510 1584/1291/1511 1583/1290/1512
f 1582/1293/1510 1577/1294/1513 1578/1295/1514 1584/1291/1515
f 1578/1282/1516 1581/1285/1517 1584/1296/1518
f 1585/1297/1519 1588/1298/1520 1590/1299/1521 1589/1300/1522
f 1588/1298/1523 1592/1301/1524 1593/1302/1525 1590/1299/1526
f 1586/1260/1527 1591/1303/1528 1593/1304/1529 1592/1305/1530
f 1591/1303/1528 1595/1306/1531 1596/1307/1532 1593/1304/1533
f 1587/1261/1534 1594/1308/1535 1596/1307/1536 1595/1306/1537
f 1594/1309/1538 1589/1300/1539 1590/1299/1540 1596/1310/1541
f 1590/1299/1542 1593/1302/1543 1596/1310/1544
f 1597/1254/1545 1600/1311/1546 1602/1312/1547 1601/1313/1548
f 1600/1314/1549 1604/1315/1550 1605/1316/1551 1602/1317/1552
f 1598/1262/1553 1603/1318/1554 1605/1316/1555 1604/1315/1556
f 1603/1318/1554 1607/1319/1557 1608/1320/1558 1605/1316/1559
f 1599/1259/1560 1606/1321/1561 1608/1320/1562 1607/1319/1563
f 1606/1321/1564 1601/1322/1565 1602/1323/1566 1608/1320/1567
f 1602/1317/1568 1605/1316/1569 1608/1324/1570
f 1609/1325/1571 1612/1326/1572 1614/1327/1573 1613/1328/1574
f 1612/1326/1575 1616/1329/1576 1617/1330/1577 1614/1327/1578
f 1610/1252/1579 1615/1331/1580 1617/1330/1581 1616/1329/1582
f 1615/1331/1580 1619/1332/1583 1620/1333/1584 1617/1330/1585
f 1611/1245/1586 1618/1334/1587 1620/1333/1588 1619/1332/1589
f 1618/1335/1590 1613/1328/1591 1614/1327/1592 1620/1336/1593
f 1614/1327/1594 1617/1337/1595 1620/1336/1596
f 1621/1256/1597 1624/1338/1598 1626/1339/1599 1625/1340/1600
f 1624/1341/1601 1628/1342/1602 1629/1343/1603 1626/1344/1604
f 1622/1246/1605 1627/1345/1606 1629/1343/1607 1628/1342/1608
f 1627/1345/1606 1631/1346/1609 1632/1347/1610 1629/1343/1611
f 1623/1251/1612 1630/1348/1613 1632/1347/1614 1631/1346/1615
f 1630/1348/1616 1625/1340/1617 1626/1339/1618 1632/1347/1619
f 1626/1344/1620 1629/1343/1621 1632/1349/1622
f 1633/1350/1623 1636/1351/1624 1638/1352/1625 1637/1353/1626
f 1636/1351/1627 1640/1354/1628 1641/1355/1629 1638/1352/1630
f 1634/1264/1631 1639/1356/1632 1641/1357/1633 1640/1358/1634
f 1639/1356/1632 1643/1359/1635 1644/1360/1636 1641/1357/1637
f 1635/1249/1638 1642/1361/1639 1644/1360/1640 1643/1359/1641
f 1642/1361/1642 1637/1353/1643 1638/1352/1644 1644/1360/1645
f 1638/1352/1646 1641/1355/1647 1644/1362/1648
f 1645/1253/1649 1648/1363/1650 1650/1364/1651 1649/1365/1652
f 1648/1363/1653 1652/1366/1654 1653/1367/1655 1650/1364/1656
f 1646/1250/1657 1651/1368/1658 1653/1367/1659 1652/1366/1660
f 1651/1368/1658 1655/1369/1661 1656/1370/1662 1653/1367/1663
f 1647/1263/1664 1654/1371/1665 1656/1370/1666 1655/1369/1667
f 1654/1371/1668 1649/1372/1669 1650/1373/1670 1656/1370/1671
f 1650/1374/1672 1653/1367/1673 1656/1375/1674
f 1585/1297/1519 1561/1265/1675 1565/1268/1676 1588/1298/1520
f 1588/1298/1523 1565/1268/1677 1570/1279/1486 1592/1301/1678
f 1592/1305/1679 1570/1278/1483 1563/1257/1482 1586/1260/1527
f 1562/1248/1450 1573/1247/1449 1577/1283/1680 1567/1271/1681
f 1567/1274/1682 1577/1294/1683 1582/1293/1684 1571/1275/1685
f 1571/1275/1686 1582/1293/1687 1575/1258/1460 1563/1257/1459
f 1574/1255/1501 1597/1254/1688 1601/1313/1689 1579/1286/1502
f 1579/1289/1505 1601/1322/1690 1606/1321/1564 1583/1290/1691
f 1583/1290/1692 1606/1321/1561 1599/1259/1560 1575/1258/1509
f 1598/1262/1464 1587/1261/1463 1595/1306/1693 1603/1318/1694
f 1603/1318/1695 1595/1306/1696 1591/1303/1697 1607/1319/1698
f 1607/1319/1699 1591/1303/1700 1586/1260/1462 1599/1259/1461
f 1633/1350/1623 1585/1297/1701 1589/1300/1702 1636/1351/1624
f 1636/1351/1627 1589/1300/1703 1594/1309/1538 1640/1354/1704
f 1640/1358/1705 1594/1308/1535 1587/1261/1534 1634/1264/1631
f 1597/1254/1545 1645/1253/1706 1649/1365/1707 1600/1311/1546
f 1600/1314/1549 1649/1372/1708 1654/1371/1668 1604/1315/1709
f 1604/1315/1710 1654/1371/1665 1647/1263/1664 1598/1262/1553
f 1646/1250/1452 1635/1249/1451 1643/1359/1711 1651/1368/1712
f 1651/1368/1713 1643/1359/1714 1639/1356/1715 1655/1369/1716
f 1655/1369/1717 1639/1356/1718 1634/1264/1466 1647/1263/1465
f 1609/1325/1571 1633/1350/1719 1637/1353/1720 1612/1326/1572
f 1612/1326/1575 1637/1353/1721 1642/1361/1642 1616/1329/1722
f 1616/1329/1723 1642/1361/1639 1635/1249/1638 1610/1252/1579
f 1645/1253/1649 1621/1256/1724 1625/1340/1725 1648/1363/1650
f 1648/1363/1653 1625/1340/1726 1630/1348/1616 1652/1366/1727
f 1652/1366/1728 1630/1348/1613 1623/1251/1612 1646/1250/1657
f 1622/1246/1448 1611/1245/1447 1619/1332/1729 1627/1345/1730
f 1627/1345/1731 1619/1332/1732 1615/1331/1733 1631/1346/1734
f 1631/1346/1735 1615/1331/1736 1610/1252/1454 1623/1251/1453
f 1561/1265/1467 1609/1325/1737 1613/1328/1738 1564/1266/1468
f 1564/1266/1471 1613/1328/1739 1618/1335/1590 1568/1269/1740
f 1568/1273/1741 1618/1334/1587 1611/1245/1586 1562/1248/1475
f 1621/1256/1597 1574/1255/1742 1580/1288/1743 1624/1338/1598
f 1624/1341/1601 1580/1284/1744 1576/1281/1497 1628/1342/1745
f 1628/1342/1746 1576/1281/1494 1573/1247/1493 1622/1246/1605
f 1585/1297/1747 1633/1350/1748 1609/1325/1749 1561/1265/1750
o Autopilot_connector.003
v 0.125500 0.308500 0.020000
v 0.125500 0.309500 0.021000
v 0.124500 0.309500 0.020000
v 0.125500 0.308634 0.020499
v 0.125001 0.308634 0.020000
v 0.125022 0.308763 0.020478
v 0.125001 0.309500 0.020866
v 0.125500 0.309001 0.020866
v 0.125022 0.309022 0.020737
v 0.124634 0.309001 0.020000
v 0.124634 0.309500 0.020499
v 0.124763 0.309022 0.020478
v 0.125500 0.314500 0.021000
v 0.125500 0.315500 0.020000
v 0.124500 0.314500 0.020000
v 0.125500 0.314999 0.020866
v 0.125001 0.314500 0.020866
v 0.125022 0.314978 0.020737
v 0.125001 0.315366 0.020000
v 0.125500 0.315366 0.020499
v 0.125022 0.315237 0.020478
v 0.124634 0.314500 0.020499
v 0.124634 0.314999 0.020000
v 0.124763 0.314978 0.020478
v 0.125500 0.308500 0.010000
v 0.124500 0.309500 0.010000
v 0.125500 0.309500 0.009000
v 0.125001 0.308634 0.010000
v 0.125500 0.308634 0.009501
v 0.125022 0.308763 0.009522
v 0.124634 0.309500 0.009501
v 0.124634 0.309001 0.010000
v 0.124763 0.309022 0.009522
v 0.125500 0.309001 0.009134
v 0.125001 0.309500 0.009134
v 0.125022 0.309022 0.009263
v 0.125500 0.315500 0.010000
v 0.125500 0.314500 0.009000
v 0.124500 0.314500 0.010000
v 0.125500 0.315366 0.009501
v 0.125001 0.315366 0.010000
v 0.125022 0.315237 0.009522
v 0.125001 0.314500 0.009134
v 0.125500 0.314999 0.009134
v 0.125022 0.314978 0.009263
v 0.124634 0.314999 0.010000
v 0.124634 0.314500 0.009501
v 0.124763 0.314978 0.009522
v 0.134500 0.308500 0.020000
v 0.135500 0.309500 0.020000
v 0.134500 0.309500 0.021000
v 0.134999 0.308634 0.020000
v 0.134500 0.308634 0.020499
v 0.134978 0.308763 0.020478
v 0.135366 0.309500 0.020499
v 0.135366 0.309001 0.020000
v 0.135237 0.309022 0.020478
v 0.134500 0.309001 0.020866
v 0.134999 0.309500 0.020866
v 0.134978 0.309022 0.020737
v 0.134500 0.315500 0.020000
v 0.134500 0.314500 0.021000
v 0.135500 0.314500 0.020000
v 0.134500 0.315366 0.020499
v 0.134999 0.315366 0.020000
v 0.134978 0.315237 0.020478
v 0.134999 0.314500 0.020866
v 0.134500 0.314999 0.020866
v 0.134978 0.314978 0.020737
v 0.135366 0.314999 0.020000
v 0.135366 0.314500 0.020499
v 0.135237 0.314978 0.020478
v 0.134500 0.308500 0.010000
v 0.134500 0.309500 0.009000
v 0.135500 0.309500 0.010000
v 0.134500 0.308634 0.009501
v 0.134999 0.308634 0.010000
v 0.134978 0.308763 0.009522
v 0.134999 0.309500 0.009134
v 0.134500 0.309001 0.009134
v 0.134978 0.309022 0.009263
v 0.135366 0.309001 0.010000
v 0.135366 0.309500 0.009501
v 0.135237 0.309022 0.009522
v 0.134500 0.315500 0.010000
v 0.135500 0.314500 0.010000
v 0.134500 0.314500 0.009000
v 0.134999 0.315366 0.010000
v 0.134500 0.315366 0.009501
v 0.134978 0.315237 0.009522
v 0.135366 0.314500 0.009501
v 0.135366 0.314999 0.010000
v 0.135237 0.314978 0.009522
v 0.134500 0.314999 0.009134
v 0.134999 0.314500 0.009134
v 0.134978 0.314978 0.009263
vn 0.0140 -0.0243 0.9996
vn 0.0140 0.0243 0.9996
vn -0.0140 0.0243 0.9996
vn -0.0140 -0.0243 0.9996
vn 0.9996 -0.0242 -0.0127
vn 0.9996 0.0242 -0.0127
vn 0.9996 0.0242 0.0127
vn 0.9996 -0.0242 0.0127
vn 0.0140 0.9998 -0.0127
vn -0.0140 0.9998 -0.0127
vn -0.0140 0.9998 0.0127
vn 0.0140 0.9998 0.0127
vn -0.9996 -0.0242 0.0127
vn -0.9996 0.0242 0.0127
vn -0.9996 0.0242 -0.0127
vn -0.9996 -0.0242 -0.0127
vn -0.0140 -0.0243 -0.9996
vn -0.0140 0.0243 -0.9996
vn 0.0140 0.0243 -0.9996
vn 0.0140 -0.0243 -0.9996
vn -0.0141 -0.9998 0.0128
vn -0.0120 -0.8662 0.4996
vn -0.4473 -0.7745 0.4473
vn -0.4996 -0.8662 0.0108
vn -0.0120 -0.4996 0.8662
vn -0.4473 -0.4474 0.7744
vn -0.4473 -0.7745 0.4474
vn -0.0141 -0.0243 0.9996
vn -0.4990 -0.0208 0.8664
vn -0.4473 -0.4473 0.7745
vn -0.0119 -0.4995 0.8662
vn -0.8664 -0.0208 0.4990
vn -0.7744 -0.4473 0.4474
vn -0.4474 -0.4473 0.7745
vn -0.9996 -0.0243 0.0127
vn -0.8662 -0.4996 0.0108
vn -0.7745 -0.4473 0.4473
vn -0.8664 -0.0208 0.4989
vn -0.8661 -0.4997 0.0108
vn -0.4997 -0.8662 0.0109
vn -0.4474 -0.7744 0.4473
vn -0.7745 -0.4474 0.4473
vn -0.4473 -0.7744 0.4474
vn -0.4474 -0.4473 0.7744
vn -0.7744 -0.4474 0.4474
vn -0.0141 0.0243 0.9996
vn -0.0120 0.4996 0.8662
vn -0.4473 0.4473 0.7745
vn -0.4989 0.0208 0.8664
vn -0.0120 0.8662 0.4996
vn -0.4473 0.7744 0.4474
vn -0.4473 0.4474 0.7745
vn -0.0141 0.9998 0.0127
vn -0.4996 0.8662 0.0108
vn -0.4473 0.7745 0.4473
vn -0.0119 0.8662 0.4995
vn -0.4997 0.8661 0.0108
vn -0.8662 0.4997 0.0109
vn -0.7744 0.4474 0.4473
vn -0.4474 0.7745 0.4473
vn -0.9996 0.0243 0.0127
vn -0.8664 0.0208 0.4990
vn -0.7745 0.4473 0.4473
vn -0.8662 0.4996 0.0108
vn -0.4990 0.0208 0.8664
vn -0.4474 0.4473 0.7744
vn -0.7745 0.4473 0.4474
vn -0.4473 0.4474 0.7744
vn -0.4474 0.7744 0.4474
vn -0.7744 0.4473 0.4474
vn -0.0141 -0.9998 -0.0127
vn -0.4996 -0.8662 -0.0108
vn -0.4473 -0.7745 -0.4473
vn -0.0119 -0.8662 -0.4995
vn -0.4997 -0.8661 -0.0108
vn -0.8662 -0.4997 -0.0109
vn -0.7744 -0.4474 -0.4473
vn -0.4474 -0.7745 -0.4473
vn -0.9996 -0.0243 -0.0127
vn -0.8664 -0.0208 -0.4990
vn -0.7745 -0.4473 -0.4473
vn -0.8662 -0.4996 -0.0108
vn -0.4990 -0.0208 -0.8664
vn -0.4474 -0.4473 -0.7744
vn -0.7745 -0.4473 -0.4474
vn -0.0141 -0.0243 -0.9996
vn -0.0120 -0.4996 -0.8662
vn -0.4473 -0.4473 -0.7745
vn -0.4989 -0.0208 -0.8664
vn -0.0120 -0.8662 -0.4996
vn -0.4473 -0.7744 -0.4474
vn -0.4473 -0.4474 -0.7745
vn -0.4474 -0.7744 -0.4474
vn -0.7744 -0.4473 -0.4474
vn -0.4473 -0.4474 -0.7744
vn -0.0141 0.9998 -0.0128
vn -0.0120 0.8662 -0.4996
vn -0.4473 0.7745 -0.4473
vn -0.4996 0.8662 -0.0108
vn -0.0120 0.4996 -0.8662
vn -0.4473 0.4474 -0.7744
vn -0.4473 0.7745 -0.4474
vn -0.0141 0.0243 -0.9996
vn -0.4990 0.0208 -0.8664
vn -0.4473 0.4473 -0.7745
vn -0.0119 0.4995 -0.8662
vn -0.8664 0.0208 -0.4990
vn -0.7744 0.4473 -0.4474
vn -0.4474 0.4473 -0.7745
vn -0.9996 0.0243 -0.0127
vn -0.8662 0.4996 -0.0108
vn -0.7745 0.4473 -0.4473
vn -0.8664 0.0208 -0.4989
vn -0.8661 0.4997 -0.0108
vn -0.4997 0.8662 -0.0109
vn -0.4474 0.7744 -0.4473
vn -0.7745 0.4474 -0.4473
vn -0.4473 0.7744 -0.4474
vn -0.4474 0.4473 -0.7744
vn -0.7744 0.4474 -0.4474
vn 0.0141 -0.9998 0.0127
vn 0.4996 -0.8662 0.0108
vn 0.4473 -0.7745 0.4473
vn 0.0119 -0.8662 0.4995
vn 0.4997 -0.8661 0.0108
vn 0.8662 -0.4997 0.0109
vn 0.7744 -0.4474 0.4473
vn 0.4474 -0.7745 0.4473
vn 0.9996 -0.0243 0.0127
vn 0.8664 -0.0208 0.4990
vn 0.7745 -0.4473 0.4473
vn 0.8662 -0.4996 0.0108
vn 0.4990 -0.0208 0.8664
vn 0.4474 -0.4473 0.7744
vn 0.7745 -0.4473 0.4474
vn 0.0141 -0.0243 0.9996
vn 0.0120 -0.4996 0.8662
vn 0.4473 -0.4473 0.7745
vn 0.4989 -0.0208 0.8664
vn 0.0120 -0.8662 0.4996
vn 0.4473 -0.7744 0.4474
vn 0.4473 -0.4474 0.7745
vn 0.4474 -0.7744 0.4474
vn 0.7744 -0.4473 0.4474
vn 0.4473 -0.4474 0.7744
vn 0.0141 0.9998 0.0128
vn 0.0120 0.8662 0.4996
vn 0.4473 0.7745 0.4473
vn 0.4996 0.8662 0.0108
vn 0.0120 0.4996 0.8662
vn 0.4473 0.4474 0.7744
vn 0.4473 0.7745 0.4474
vn 0.0141 0.0243 0.9996
vn 0.4990 0.0208 0.8664
vn 0.4473 0.4473 0.7745
vn 0.0119 0.4995 0.8662
vn 0.8664 0.0208 0.4990
vn 0.7744 0.4473 0.4474
vn 0.4474 0.4473 0.7745
vn 0.9996 0.0243 0.0127
vn 0.8662 0.4996 0.0108
vn 0.7745 0.4473 0.4473
vn 0.8664 0.0208 0.4989
vn 0.8661 0.4997 0.0108
vn 0.4997 0.8662 0.0109
vn 0.4474 0.7744 0.4473
vn 0.7745 0.4474 0.4473
vn 0.4473 0.7744 0.4474
vn 0.4474 0.4473 0.7744
vn 0.7744 0.4474 0.4474
vn 0.0141 -0.9998 -0.0128
vn 0.0120 -0.8662 -0.4996
vn 0.4473 -0.7745 -0.4473
vn 0.4996 -0.8662 -0.0108
vn 0.0120 -0.4996 -0.8662
vn 0.4473 -0.4474 -0.7744
vn 0.4473 -0.7745 -0.4474
vn 0.0141 -0.0243 -0.9996
vn 0.4990 -0.0208 -0.8664
vn 0.4473 -0.4473 -0.7745
vn 0.0119 -0.4995 -0.8662
vn 0.8664 -0.0208 -0.4990
vn 0.7744 -0.4473 -0.4474
vn 0.4474 -0.4473 -0.7745
vn 0.9996 -0.0243 -0.0127
vn 0.8662 -0.4996 -0.0108
vn 0.7745 -0.4473 -0.4473
vn 0.8664 -0.0208 -0.4989
vn 0.8661 -0.4997 -0.0108
vn 0.4997 -0.8662 -0.0109
vn 0.4474 -0.7744 -0.4473
vn 0.7745 -0.4474 -0.4473
vn 0.4473 -0.7744 -0.4474
vn 0.4474 -0.4473 -0.7744
vn 0.7744 -0.4474 -0.4474
vn 0.0141 0.9998 -0.0127
vn 0.4996 0.8662 -0.0108
vn 0.4473 0.7745 -0.4473
vn 0.0119 0.8662 -0.4995
vn 0.4997 0.8661 -0.0108
vn 0.8662 0.4997 -0.0109
vn 0.7744 0.4474 -0.4473
vn 0.4474 0.7745 -0.4473
vn 0.9996 0.0243 -0.0127
vn 0.8664 0.0208 -0.4990
vn 0.7745 0.4473 -0.4473
vn 0.8662 0.4996 -0.0108
vn 0.4990 0.0208 -0.8664
vn 0.4474 0.4473 -0.7744
vn 0.7745 0.4473 -0.4474
vn 0.0141 0.0243 -0.9996
vn 0.0120 0.4996 -0.8662
vn 0.4473 0.4473 -0.7745
vn 0.4989 0.0208 -0.8664
vn 0.0120 0.8662 -0.4996
vn 0.4473 0.7744 -0.4474
vn 0.4473 0.4474 -0.7745
vn 0.4474 0.7744 -0.4474
vn 0.7744 0.4473 -0.4474
vn 0.4473 0.4474 -0.7744
vn -0.0141 -0.9998 0.0127
vn -0.4997 -0.8661 0.0108
vn -0.8661 -0.4997 -0.0108
vn -0.4989 0.0207 0.8664
vn -0.4989 -0.0207 0.8664
vn -0.4990 -0.0207 0.8663
vn -0.4990 0.0207 0.8663
vn -0.8663 0.0207 0.4990
vn -0.8663 -0.0207 0.4990
vn -0.8664 -0.0207 0.4989
vn -0.8664 0.0207 0.4989
vn -0.9996 0.0243 0.0128
vn -0.9996 -0.0243 0.0128
vn -0.0141 0.9998 -0.0127
vn -0.4997 0.8661 -0.0108
vn -0.8661 0.4997 0.0108
vn -0.4989 -0.0207 -0.8664
vn -0.4989 0.0207 -0.8664
vn -0.4990 0.0207 -0.8663
vn -0.4990 -0.0207 -0.8663
vn -0.8663 -0.0207 -0.4990
vn -0.8663 0.0207 -0.4990
vn -0.8664 0.0207 -0.4989
vn -0.8664 -0.0207 -0.4989
vn -0.9996 -0.0243 -0.0128
vn -0.9996 0.0243 -0.0128
vn -0.0141 -0.9998 -0.0128
vn 0.0119 -0.8662 -0.4995
vn 0.0119 -0.8662 -0.4996
vn -0.0119 -0.4996 -0.8662
vn -0.0119 -0.4995 -0.8662
vn 0.0141 0.9998 -0.0128
vn -0.0119 0.8662 -0.4995
vn -0.0119 0.8662 -0.4996
vn 0.0119 0.4996 -0.8662
vn 0.0119 0.4995 -0.8662
vn 0.9996 0.0243 -0.0128
vn 0.9996 -0.0243 -0.0128
vn 0.8664 -0.0207 -0.4989
vn 0.8664 0.0207 -0.4989
vn 0.8663 0.0207 -0.4990
vn 0.8663 -0.0207 -0.4990
vn 0.4990 -0.0207 -0.8663
vn 0.4990 0.0207 -0.8663
vn 0.4989 0.0207 -0.8664
vn 0.4989 -0.0207 -0.8664
vn 0.0141 -0.9998 -0.0127
vn 0.4997 -0.8661 -0.0108
vn 0.8661 -0.4997 0.0108
vn 0.0141 0.9998 0.0127
vn 0.4997 0.8661 0.0108
vn 0.8661 0.4997 -0.0108
vn 0.4989 -0.0207 0.8664
vn 0.4989 0.0207 0.8664
vn 0.4990 0.0207 0.8663
vn 0.4990 -0.0207 0.8663
vn 0.8663 -0.0207 0.4990
vn 0.8663 0.0207 0.4990
vn 0.8664 0.0207 0.4989
vn 0.8664 -0.0207 0.4989
vn 0.9996 -0.0243 0.0128
vn 0.9996 0.0243 0.0128
vn 0.0141 -0.9998 0.0128
vn -0.0119 -0.8662 0.4995
vn -0.0119 -0.8662 0.4996
vn 0.0119 -0.4996 0.8662
vn 0.0119 -0.4995 0.8662
vn -0.0141 0.9998 0.0128
vn 0.0119 0.8662 0.4995
vn 0.0119 0.8662 0.4996
vn -0.0119 0.4996 0.8662
vn -0.0119 0.4995 0.8662
vn -0.0140 -0.9998 -0.0127
vn 0.0140 -0.9998 -0.0127
vn 0.0140 -0.9998 0.0127
vn -0.0140 -0.9998 0.0127
vt 0.410714 0.772727
vt 0.589286 0.772727
vt 0.589286 0.977273
vt 0.410714 0.977273
vt 0.410714 0.520833
vt 0.589286 0.520833
vt 0.589286 0.729167
vt 0.410714 0.729167
vt 0.647727 0.520833
vt 0.852273 0.520833
vt 0.852273 0.729167
vt 0.647727 0.729167
vt 0.410714 0.020833
vt 0.589286 0.020833
vt 0.589286 0.229167
vt 0.410714 0.229167
vt 0.410714 0.272727
vt 0.589286 0.272727
vt 0.589286 0.477273
vt 0.410714 0.477273
vt 0.147727 0.729167
vt 0.147727 0.739570
vt 0.136859 0.739129
vt 0.136379 0.729167
vt 0.147727 0.750000
vt 0.136859 0.750000
vt 0.410714 1.000000
vt 0.375000 0.988141
vt 0.375000 0.977273
vt 0.410714 0.000000
vt 0.410714 0.010430
vt 0.375000 0.010871
vt 0.375000 0.000000
vt 0.375000 0.020833
vt 0.125000 0.729167
vt 0.125000 0.739129
vt 0.607119 0.977273
vt 0.606365 0.988141
vt 0.589286 1.000000
vt 0.625000 0.977273
vt 0.625000 0.988141
vt 0.875000 0.729167
vt 0.863141 0.750000
vt 0.852273 0.750000
vt 0.625000 0.020833
vt 0.607119 0.020833
vt 0.606365 0.010871
vt 0.625000 0.000000
vt 0.589286 0.010430
vt 0.589286 0.000000
vt 0.606365 0.005487
vt 0.606365 0.994014
vt 0.147727 0.520833
vt 0.136379 0.520833
vt 0.136859 0.510871
vt 0.147727 0.510430
vt 0.125000 0.520833
vt 0.125000 0.510871
vt 0.410714 0.239570
vt 0.375000 0.239129
vt 0.375000 0.229167
vt 0.410714 0.261379
vt 0.375000 0.261859
vt 0.375000 0.272727
vt 0.147727 0.500000
vt 0.136859 0.500000
vt 0.852273 0.500000
vt 0.863141 0.500000
vt 0.875000 0.520833
vt 0.625000 0.272727
vt 0.607119 0.272727
vt 0.606365 0.261859
vt 0.625000 0.261859
vt 0.589286 0.261379
vt 0.589286 0.239570
vt 0.606365 0.239129
vt 0.607119 0.229167
vt 0.625000 0.229167
vt 0.625000 0.250000
vt 0.606365 0.255986
vt 0.352273 0.729167
vt 0.363621 0.729167
vt 0.363141 0.739129
vt 0.352273 0.739570
vt 0.392881 0.729167
vt 0.393635 0.739129
vt 0.410714 0.739570
vt 0.410714 0.761379
vt 0.375000 0.761859
vt 0.375000 0.772727
vt 0.352273 0.750000
vt 0.363141 0.750000
vt 0.369014 0.739129
vt 0.647727 0.750000
vt 0.636859 0.750000
vt 0.636378 0.729167
vt 0.625000 0.772727
vt 0.607119 0.772727
vt 0.606365 0.761859
vt 0.625000 0.761859
vt 0.589286 0.761379
vt 0.589286 0.739570
vt 0.606365 0.739129
vt 0.607119 0.729167
vt 0.606365 0.755986
vt 0.352273 0.520833
vt 0.352273 0.510430
vt 0.363141 0.510871
vt 0.363621 0.520833
vt 0.352273 0.500000
vt 0.363141 0.500000
vt 0.410714 0.488622
vt 0.375000 0.488141
vt 0.375000 0.477273
vt 0.410714 0.510430
vt 0.393635 0.510871
vt 0.392881 0.520833
vt 0.369014 0.510871
vt 0.636378 0.520833
vt 0.636859 0.510871
vt 0.647727 0.500000
vt 0.607119 0.520833
vt 0.606365 0.510871
vt 0.589286 0.510430
vt 0.589286 0.488621
vt 0.606365 0.488141
vt 0.607119 0.477273
vt 0.625000 0.477273
vt 0.615594 0.488141
vt 0.615594 0.510871
vt 0.606365 0.505487
s 0
usemtl Electrical_contacts
f 1707/1376/1751 1718/1377/1752 1669/1378/1753 1658/1379/1754
f 1731/1380/1755 1742/1381/1756 1719/1382/1757 1706/1383/1758
f 1741/1384/1759 1693/1385/1760 1670/1386/1761 1717/1387/1762
f 1659/1388/1763 1671/1389/1764 1695/1390/1765 1682/1391/1766
f 1683/1392/1767 1694/1393/1768 1743/1394/1769 1730/1395/1770
f 1657/1396/1771 1660/1397/1772 1662/1398/1773 1661/1399/1774
f 1660/1397/1772 1664/1400/1775 1665/1401/1776 1662/1398/1777
f 1658/1379/1778 1663/1402/1779 1665/1403/1780 1664/1404/1781
f 1663/1405/1779 1667/1406/1782 1668/1407/1783 1665/1408/1784
f 1659/1388/1785 1666/1409/1786 1668/1407/1787 1667/1406/1788
f 1666/1410/1789 1661/1399/1790 1662/1398/1791 1668/1411/1792
f 1662/1398/1793 1665/1401/1794 1668/1411/1795
f 1669/1378/1796 1672/1412/1797 1674/1413/1798 1673/1414/1799
f 1672/1412/1797 1676/1415/1800 1677/1416/1801 1674/1413/1802
f 1670/1386/1803 1675/1417/1804 1677/1418/1805 1676/1419/1806
f 1675/1420/1807 1679/1421/1808 1680/1422/1809 1677/1423/1810
f 1671/1389/1811 1678/1424/1812 1680/1422/1813 1679/1421/1814
f 1678/1424/1812 1673/1425/1815 1674/1426/1816 1680/1422/1817
f 1674/1413/1818 1677/1416/1819 1680/1427/1820
f 1681/1428/1821 1684/1429/1822 1686/1430/1823 1685/1431/1824
f 1684/1429/1825 1688/1432/1826 1689/1433/1827 1686/1430/1828
f 1682/1391/1829 1687/1434/1830 1689/1435/1831 1688/1436/1832
f 1687/1434/1830 1691/1437/1833 1692/1438/1834 1689/1435/1835
f 1683/1392/1836 1690/1439/1837 1692/1438/1838 1691/1437/1839
f 1690/1440/1837 1685/1431/1840 1686/1430/1841 1692/1441/1842
f 1686/1430/1843 1689/1433/1844 1692/1441/1845
f 1693/1385/1846 1696/1442/1847 1698/1443/1848 1697/1444/1849
f 1696/1445/1847 1700/1446/1850 1701/1447/1851 1698/1448/1852
f 1694/1393/1853 1699/1449/1854 1701/1447/1855 1700/1446/1856
f 1699/1449/1854 1703/1450/1857 1704/1451/1858 1701/1447/1859
f 1695/1390/1860 1702/1452/1861 1704/1451/1862 1703/1450/1863
f 1702/1452/1864 1697/1453/1865 1698/1454/1866 1704/1451/1867
f 1698/1448/1868 1701/1447/1869 1704/1455/1870
f 1705/1456/1871 1708/1457/1872 1710/1458/1873 1709/1459/1874
f 1708/1457/1875 1712/1460/1876 1713/1461/1877 1710/1458/1878
f 1706/1383/1879 1711/1462/1880 1713/1461/1881 1712/1460/1882
f 1711/1462/1880 1715/1463/1883 1716/1464/1884 1713/1461/1885
f 1707/1376/1886 1714/1465/1887 1716/1464/1888 1715/1463/1889
f 1714/1466/1887 1709/1459/1890 1710/1458/1891 1716/1467/1892
f 1710/1458/1893 1713/1468/1894 1716/1467/1895
f 1717/1387/1896 1720/1469/1897 1722/1470/1898 1721/1471/1899
f 1720/1472/1897 1724/1473/1900 1725/1474/1901 1722/1475/1902
f 1718/1377/1903 1723/1476/1904 1725/1474/1905 1724/1473/1906
f 1723/1476/1904 1727/1477/1907 1728/1478/1908 1725/1474/1909
f 1719/1382/1910 1726/1479/1911 1728/1478/1912 1727/1477/1913
f 1726/1479/1914 1721/1471/1915 1722/1470/1916 1728/1478/1917
f 1722/1475/1918 1725/1474/1919 1728/1480/1920
f 1729/1481/1921 1732/1482/1922 1734/1483/1923 1733/1484/1924
f 1732/1482/1922 1736/1485/1925 1737/1486/1926 1734/1483/1927
f 1730/1395/1928 1735/1487/1929 1737/1488/1930 1736/1489/1931
f 1735/1487/1929 1739/1490/1932 1740/1491/1933 1737/1488/1934
f 1731/1380/1935 1738/1492/1936 1740/1491/1937 1739/1490/1938
f 1738/1492/1939 1733/1484/1940 1734/1483/1941 1740/1491/1942
f 1734/1483/1943 1737/1486/1944 1740/1493/1945
f 1741/1384/1946 1744/1494/1947 1746/1495/1948 1745/1496/1949
f 1744/1494/1950 1748/1497/1951 1749/1498/1952 1746/1495/1953
f 1742/1381/1954 1747/1499/1955 1749/1498/1956 1748/1497/1957
f 1747/1499/1955 1751/1500/1958 1752/1501/1959 1749/1498/1960
f 1743/1394/1961 1750/1502/1962 1752/1501/1963 1751/1500/1964
f 1750/1502/1962 1745/1503/1965 1746/1504/1966 1752/1501/1967
f 1746/1505/1968 1749/1498/1969 1752/1506/1970
f 1681/1428/1821 1657/1396/1971 1661/1399/1774 1684/1429/1822
f 1684/1429/1825 1661/1399/1972 1666/1410/1789 1688/1432/1973
f 1688/1436/1832 1666/1409/1786 1659/1388/1785 1682/1391/1829
f 1658/1379/1778 1669/1378/1796 1673/1414/1974 1663/1402/1975
f 1663/1405/1976 1673/1425/1977 1678/1424/1978 1667/1406/1979
f 1667/1406/1980 1678/1424/1981 1671/1389/1982 1659/1388/1983
f 1670/1386/1803 1693/1385/1984 1697/1444/1849 1675/1417/1804
f 1675/1420/1807 1697/1453/1985 1702/1452/1864 1679/1421/1986
f 1679/1421/1814 1702/1452/1861 1695/1390/1860 1671/1389/1811
f 1694/1393/1853 1683/1392/1836 1691/1437/1987 1699/1449/1988
f 1699/1449/1989 1691/1437/1990 1687/1434/1991 1703/1450/1992
f 1703/1450/1993 1687/1434/1994 1682/1391/1995 1695/1390/1996
f 1729/1481/1921 1681/1428/1997 1685/1431/1824 1732/1482/1998
f 1732/1482/1999 1685/1431/1840 1690/1440/2000 1736/1485/1925
f 1736/1489/1931 1690/1439/2001 1683/1392/1767 1730/1395/1770
f 1693/1385/1846 1741/1384/2002 1745/1496/1949 1696/1442/2003
f 1696/1445/2004 1745/1503/1965 1750/1502/2005 1700/1446/1850
f 1700/1446/1856 1750/1502/2006 1743/1394/1769 1694/1393/1768
f 1742/1381/2007 1731/1380/2008 1739/1490/2009 1747/1499/2010
f 1747/1499/2011 1739/1490/2012 1735/1487/2013 1751/1500/2014
f 1751/1500/2015 1735/1487/2016 1730/1395/1928 1743/1394/1961
f 1705/1456/1871 1729/1481/2017 1733/1484/1924 1708/1457/1872
f 1708/1457/1875 1733/1484/2018 1738/1492/1939 1712/1460/2019
f 1712/1460/1882 1738/1492/1936 1731/1380/1935 1706/1383/1879
f 1741/1384/1946 1717/1387/2020 1721/1471/1899 1744/1494/1947
f 1744/1494/1950 1721/1471/2021 1726/1479/1914 1748/1497/2022
f 1748/1497/1957 1726/1479/1911 1719/1382/1910 1742/1381/1954
f 1718/1377/1903 1707/1376/1886 1715/1463/2023 1723/1476/2024
f 1723/1476/2025 1715/1463/2026 1711/1462/2027 1727/1477/2028
f 1727/1477/2029 1711/1462/2030 1706/1383/2031 1719/1382/2032
f 1657/1396/1771 1705/1456/2033 1709/1459/1874 1660/1397/2034
f 1660/1397/2035 1709/1459/1890 1714/1466/2036 1664/1400/1775
f 1664/1404/1781 1714/1465/2037 1707/1376/1751 1658/1379/1754
f 1717/1387/1896 1670/1386/2038 1676/1419/1806 1720/1469/2039
f 1720/1472/2040 1676/1415/1800 1672/1412/2041 1724/1473/1900
f 1724/1473/1906 1672/1412/2042 1669/1378/1753 1718/1377/1752
f 1681/1428/2043 1729/1481/2044 1705/1456/2045 1657/1396/2046
o Autopilot_connector.002
v 0.125500 0.308500 0.076000
v 0.125500 0.309500 0.077000
v 0.124500 0.309500 0.076000
v 0.125500 0.308634 0.076499
v 0.125001 0.308634 0.076000
v 0.125022 0.308763 0.076478
v 0.125001 0.309500 0.076866
v 0.125500 0.309001 0.076866
v 0.125022 0.309022 0.076737
v 0.124634 0.309001 0.076000
v 0.124634 0.309500 0.076499
v 0.124763 0.309022 0.076478
v 0.125500 0.314500 0.077000
v 0.125500 0.315500 0.076000
v 0.124500 0.314500 0.076000
v 0.125500 0.314999 0.076866
v 0.125001 0.314500 0.076866
v 0.125022 0.314978 0.076737
v 0.125001 0.315366 0.076000
v 0.125500 0.315366 0.076499
v 0.125022 0.315237 0.076478
v 0.124634 0.314500 0.076499
v 0.124634 0.314999 0.076000
v 0.124763 0.314978 0.076478
v 0.125500 0.308500 0.066000
v 0.124500 0.309500 0.066000
v 0.125500 0.309500 0.065000
v 0.125001 0.308634 0.066000
v 0.125500 0.308634 0.065501
v 0.125022 0.308763 0.065522
v 0.124634 0.309500 0.065501
v 0.124634 0.309001 0.066000
v 0.124763 0.309022 0.065522
v 0.125500 0.309001 0.065134
v 0.125001 0.309500 0.065134
v 0.125022 0.309022 0.065263
v 0.125500 0.315500 0.066000
v 0.125500 0.314500 0.065000
v 0.124500 0.314500 0.066000
v 0.125500 0.315366 0.065501
v 0.125001 0.315366 0.066000
v 0.125022 0.315237 0.065522
v 0.125001 0.314500 0.065134
v 0.125500 0.314999 0.065134
v 0.125022 0.314978 0.065263
v 0.124634 0.314999 0.066000
v 0.124634 0.314500 0.065501
v 0.124763 0.314978 0.065522
v 0.134500 0.308500 0.076000
v 0.135500 0.309500 0.076000
v 0.134500 0.309500 0.077000
v 0.134999 0.308634 0.076000
v 0.134500 0.308634 0.076499
v 0.134978 0.308763 0.076478
v 0.135366 0.309500 0.076499
v 0.135366 0.309001 0.076000
v 0.135237 0.309022 0.076478
v 0.134500 0.309001 0.076866
v 0.134999 0.309500 0.076866
v 0.134978 0.309022 0.076737
v 0.134500 0.315500 0.076000
v 0.134500 0.314500 0.077000
v 0.135500 0.314500 0.076000
v 0.134500 0.315366 0.076499
v 0.134999 0.315366 0.076000
v 0.134978 0.315237 0.076478
v 0.134999 0.314500 0.076866
v 0.134500 0.314999 0.076866
v 0.134978 0.314978 0.076737
v 0.135366 0.314999 0.076000
v 0.135366 0.314500 0.076499
v 0.135237 0.314978 0.076478
v 0.134500 0.308500 0.066000
v 0.134500 0.309500 0.065000
v 0.135500 0.309500 0.066000
v 0.134500 0.308634 0.065501
v 0.134999 0.308634 0.066000
v 0.134978 0.308763 0.065522
v 0.134999 0.309500 0.065134
v 0.134500 0.309001 0.065134
v 0.134978 0.309022 0.065263
v 0.135366 0.309001 0.066000
v 0.135366 0.309500 0.065501
v 0.135237 0.309022 0.065522
v 0.134500 0.315500 0.066000
v 0.135500 0.314500 0.066000
v 0.134500 0.314500 0.065000
v 0.134999 0.315366 0.066000
v 0.134500 0.315366 0.065501
v 0.134978 0.315237 0.065522
v 0.135366 0.314500 0.065501
v 0.135366 0.314999 0.066000
v 0.135237 0.314978 0.065522
v 0.134500 0.314999 0.065134
v 0.134999 0.314500 0.065134
v 0.134978 0.314978 0.065263
vn 0.0140 -0.0243 0.9996
vn 0.0140 0.0243 0.9996
vn -0.0140 0.0243 0.9996
vn -0.0140 -0.0243 0.9996
vn 0.9996 -0.0242 -0.0127
vn 0.9996 0.0242 -0.0127
vn 0.9996 0.0242 0.0127
vn 0.9996 -0.0242 0.0127
vn 0.0140 0.9998 -0.0127
vn -0.0140 0.9998 -0.0127
vn -0.0140 0.9998 0.0127
vn 0.0140 0.9998 0.0127
vn -0.9996 -0.0242 0.0127
vn -0.9996 0.0242 0.0127
vn -0.9996 0.0242 -0.0127
vn -0.9996 -0.0242 -0.0127
vn -0.0140 -0.0243 -0.9996
vn -0.0140 0.0243 -0.9996
vn 0.0140 0.0243 -0.9996
vn 0.0140 -0.0243 -0.9996
vn -0.0141 -0.9998 0.0128
vn -0.0120 -0.8662 0.4996
vn -0.4473 -0.7745 0.4473
vn -0.4996 -0.8662 0.0108
vn -0.0120 -0.4996 0.8662
vn -0.4473 -0.4474 0.7744
vn -0.4473 -0.7745 0.4474
vn -0.0141 -0.0243 0.9996
vn -0.4990 -0.0208 0.8664
vn -0.4473 -0.4473 0.7745
vn -0.0119 -0.4995 0.8662
vn -0.8664 -0.0208 0.4990
vn -0.7744 -0.4473 0.4474
vn -0.4474 -0.4473 0.7745
vn -0.9996 -0.0243 0.0127
vn -0.8662 -0.4996 0.0108
vn -0.7745 -0.4473 0.4473
vn -0.8664 -0.0208 0.4989
vn -0.8661 -0.4997 0.0108
vn -0.4997 -0.8662 0.0109
vn -0.4474 -0.7744 0.4473
vn -0.7745 -0.4474 0.4473
vn -0.4473 -0.7744 0.4474
vn -0.4474 -0.4473 0.7744
vn -0.7744 -0.4474 0.4474
vn -0.0141 0.0243 0.9996
vn -0.0120 0.4996 0.8662
vn -0.4473 0.4473 0.7745
vn -0.4989 0.0208 0.8664
vn -0.0120 0.8662 0.4996
vn -0.4473 0.7744 0.4474
vn -0.4473 0.4474 0.7745
vn -0.0141 0.9998 0.0127
vn -0.4996 0.8662 0.0108
vn -0.4473 0.7745 0.4473
vn -0.0119 0.8662 0.4995
vn -0.4997 0.8661 0.0108
vn -0.8662 0.4997 0.0109
vn -0.7744 0.4474 0.4473
vn -0.4474 0.7745 0.4473
vn -0.9996 0.0243 0.0127
vn -0.8664 0.0208 0.4990
vn -0.7745 0.4473 0.4473
vn -0.8662 0.4996 0.0108
vn -0.4990 0.0208 0.8664
vn -0.4474 0.4473 0.7744
vn -0.7745 0.4473 0.4474
vn -0.4473 0.4474 0.7744
vn -0.4474 0.7744 0.4474
vn -0.7744 0.4473 0.4474
vn -0.0141 -0.9998 -0.0127
vn -0.4996 -0.8662 -0.0108
vn -0.4473 -0.7745 -0.4473
vn -0.0119 -0.8662 -0.4995
vn -0.4997 -0.8661 -0.0108
vn -0.8662 -0.4997 -0.0109
vn -0.7744 -0.4474 -0.4473
vn -0.4474 -0.7745 -0.4473
vn -0.9996 -0.0243 -0.0127
vn -0.8664 -0.0208 -0.4990
vn -0.7745 -0.4473 -0.4473
vn -0.8662 -0.4996 -0.0108
vn -0.4990 -0.0208 -0.8664
vn -0.4474 -0.4473 -0.7744
vn -0.7745 -0.4473 -0.4474
vn -0.0141 -0.0243 -0.9996
vn -0.0120 -0.4996 -0.8662
vn -0.4473 -0.4473 -0.7745
vn -0.4989 -0.0208 -0.8664
vn -0.0120 -0.8662 -0.4996
vn -0.4473 -0.7744 -0.4474
vn -0.4473 -0.4474 -0.7745
vn -0.4474 -0.7744 -0.4474
vn -0.7744 -0.4473 -0.4474
vn -0.4473 -0.4474 -0.7744
vn -0.0141 0.9998 -0.0128
vn -0.0120 0.8662 -0.4996
vn -0.4473 0.7745 -0.4473
vn -0.4996 0.8662 -0.0108
vn -0.0120 0.4996 -0.8662
vn -0.4473 0.4474 -0.7744
vn -0.4473 0.7745 -0.4474
vn -0.0141 0.0243 -0.9996
vn -0.4990 0.0208 -0.8664
vn -0.4473 0.4473 -0.7745
vn -0.0119 0.4995 -0.8662
vn -0.8664 0.0208 -0.4990
vn -0.7744 0.4473 -0.4474
vn -0.4474 0.4473 -0.7745
vn -0.9996 0.0243 -0.0127
vn -0.8662 0.4996 -0.0108
vn -0.7745 0.4473 -0.4473
vn -0.8664 0.0208 -0.4989
vn -0.8661 0.4997 -0.0108
vn -0.4997 0.8662 -0.0109
vn -0.4474 0.7744 -0.4473
vn -0.7745 0.4474 -0.4473
vn -0.4473 0.7744 -0.4474
vn -0.4474 0.4473 -0.7744
vn -0.7744 0.4474 -0.4474
vn 0.0141 -0.9998 0.0127
vn 0.4996 -0.8662 0.0108
vn 0.4473 -0.7745 0.4473
vn 0.0119 -0.8662 0.4995
vn 0.4997 -0.8661 0.0108
vn 0.8662 -0.4997 0.0109
vn 0.7744 -0.4474 0.4473
vn 0.4474 -0.7745 0.4473
vn 0.9996 -0.0243 0.0127
vn 0.8664 -0.0208 0.4990
vn 0.7745 -0.4473 0.4473
vn 0.8662 -0.4996 0.0108
vn 0.4990 -0.0208 0.8664
vn 0.4474 -0.4473 0.7744
vn 0.7745 -0.4473 0.4474
vn 0.0141 -0.0243 0.9996
vn 0.0120 -0.4996 0.8662
vn 0.4473 -0.4473 0.7745
vn 0.4989 -0.0208 0.8664
vn 0.0120 -0.8662 0.4996
vn 0.4473 -0.7744 0.4474
vn 0.4473 -0.4474 0.7745
vn 0.4474 -0.7744 0.4474
vn 0.7744 -0.4473 0.4474
vn 0.4473 -0.4474 0.7744
vn 0.0141 0.9998 0.0128
vn 0.0120 0.8662 0.4996
vn 0.4473 0.7745 0.4473
vn 0.4996 0.8662 0.0108
vn 0.0120 0.4996 0.8662
vn 0.4473 0.4474 0.7744
vn 0.4473 0.7745 0.4474
vn 0.0141 0.0243 0.9996
vn 0.4990 0.0208 0.8664
vn 0.4473 0.4473 0.7745
vn 0.0119 0.4995 0.8662
vn 0.8664 0.0208 0.4990
vn 0.7744 0.4473 0.4474
vn 0.4474 0.4473 0.7745
vn 0.9996 0.0243 0.0127
vn 0.8662 0.4996 0.0108
vn 0.7745 0.4473 0.4473
vn 0.8664 0.0208 0.4989
vn 0.8661 0.4997 0.0108
vn 0.4997 0.8662 0.0109
vn 0.4474 0.7744 0.4473
vn 0.7745 0.4474 0.4473
vn 0.4473 0.7744 0.4474
vn 0.4474 0.4473 0.7744
vn 0.7744 0.4474 0.4474
vn 0.0141 -0.9998 -0.0128
vn 0.0120 -0.8662 -0.4996
vn 0.4473 -0.7745 -0.4473
vn 0.4996 -0.8662 -0.0108
vn 0.0120 -0.4996 -0.8662
vn 0.4473 -0.4474 -0.7744
vn 0.4473 -0.7745 -0.4474
vn 0.0141 -0.0243 -0.9996
vn 0.4990 -0.0208 -0.8664
vn 0.4473 -0.4473 -0.7745
vn 0.0119 -0.4995 -0.8662
vn 0.8664 -0.0208 -0.4990
vn 0.7744 -0.4473 -0.4474
vn 0.4474 -0.4473 -0.7745
vn 0.9996 -0.0243 -0.0127
vn 0.8662 -0.4996 -0.0108
vn 0.7745 -0.4473 -0.4473
vn 0.8664 -0.0208 -0.4989
vn 0.8661 -0.4997 -0.0108
vn 0.4997 -0.8662 -0.0109
vn 0.4474 -0.7744 -0.4473
vn 0.7745 -0.4474 -0.4473
vn 0.4473 -0.7744 -0.4474
vn 0.4474 -0.4473 -0.7744
vn 0.7744 -0.4474 -0.4474
vn 0.0141 0.9998 -0.0127
vn 0.4996 0.8662 -0.0108
vn 0.4473 0.7745 -0.4473
vn 0.0119 0.8662 -0.4995
vn 0.4997 0.8661 -0.0108
vn 0.8662 0.4997 -0.0109
vn 0.7744 0.4474 -0.4473
vn 0.4474 0.7745 -0.4473
vn 0.9996 0.0243 -0.0127
vn 0.8664 0.0208 -0.4990
vn 0.7745 0.4473 -0.4473
vn 0.8662 0.4996 -0.0108
vn 0.4990 0.0208 -0.8664
vn 0.4474 0.4473 -0.7744
vn 0.7745 0.4473 -0.4474
vn 0.0141 0.0243 -0.9996
vn 0.0120 0.4996 -0.8662
vn 0.4473 0.4473 -0.7745
vn 0.4989 0.0208 -0.8664
vn 0.0120 0.8662 -0.4996
vn 0.4473 0.7744 -0.4474
vn 0.4473 0.4474 -0.7745
vn 0.4474 0.7744 -0.4474
vn 0.7744 0.4473 -0.4474
vn 0.4473 0.4474 -0.7744
vn -0.0141 -0.9998 0.0127
vn -0.4997 -0.8661 0.0108
vn -0.8661 -0.4997 -0.0108
vn -0.4989 0.0207 0.8664
vn -0.4989 -0.0207 0.8664
vn -0.4990 -0.0207 0.8663
vn -0.4990 0.0207 0.8663
vn -0.8663 0.0207 0.4990
vn -0.8663 -0.0207 0.4990
vn -0.8664 -0.0207 0.4989
vn -0.8664 0.0207 0.4989
vn -0.9996 0.0243 0.0128
vn -0.9996 -0.0243 0.0128
vn -0.0141 0.9998 -0.0127
vn -0.4997 0.8661 -0.0108
vn -0.8661 0.4997 0.0108
vn -0.4989 -0.0207 -0.8664
vn -0.4989 0.0207 -0.8664
vn -0.4990 0.0207 -0.8663
vn -0.4990 -0.0207 -0.8663
vn -0.8663 -0.0207 -0.4990
vn -0.8663 0.0207 -0.4990
vn -0.8664 0.0207 -0.4989
vn -0.8664 -0.0207 -0.4989
vn -0.9996 -0.0243 -0.0128
vn -0.9996 0.0243 -0.0128
vn -0.0141 -0.9998 -0.0128
vn 0.0119 -0.8662 -0.4995
vn 0.0119 -0.8662 -0.4996
vn -0.0119 -0.4996 -0.8662
vn -0.0119 -0.4995 -0.8662
vn 0.0141 0.9998 -0.0128
vn -0.0119 0.8662 -0.4995
vn -0.0119 0.8662 -0.4996
vn 0.0119 0.4996 -0.8662
vn 0.0119 0.4995 -0.8662
vn 0.9996 0.0243 -0.0128
vn 0.9996 -0.0243 -0.0128
vn 0.8664 -0.0207 -0.4989
vn 0.8664 0.0207 -0.4989
vn 0.8663 0.0207 -0.4990
vn 0.8663 -0.0207 -0.4990
vn 0.4990 -0.0207 -0.8663
vn 0.4990 0.0207 -0.8663
vn 0.4989 0.0207 -0.8664
vn 0.4989 -0.0207 -0.8664
vn 0.0141 -0.9998 -0.0127
vn 0.4997 -0.8661 -0.0108
vn 0.8661 -0.4997 0.0108
vn 0.0141 0.9998 0.0127
vn 0.4997 0.8661 0.0108
vn 0.8661 0.4997 -0.0108
vn 0.4989 -0.0207 0.8664
vn 0.4989 0.0207 0.8664
vn 0.4990 0.0207 0.8663
vn 0.4990 -0.0207 0.8663
vn 0.8663 -0.0207 0.4990
vn 0.8663 0.0207 0.4990
vn 0.8664 0.0207 0.4989
vn 0.8664 -0.0207 0.4989
vn 0.9996 -0.0243 0.0128
vn 0.9996 0.0243 0.0128
vn 0.0141 -0.9998 0.0128
vn -0.0119 -0.8662 0.4995
vn -0.0119 -0.8662 0.4996
vn 0.0119 -0.4996 0.8662
vn 0.0119 -0.4995 0.8662
vn -0.0141 0.9998 0.0128
vn 0.0119 0.8662 0.4995
vn 0.0119 0.8662 0.4996
vn -0.0119 0.4996 0.8662
vn -0.0119 0.4995 0.8662
vn -0.0140 -0.9998 -0.0127
vn 0.0140 -0.9998 -0.0127
vn 0.0140 -0.9998 0.0127
vn -0.0140 -0.9998 0.0127
vt 0.410714 0.772727
vt 0.589286 0.772727
vt 0.589286 0.977273
vt 0.410714 0.977273
vt 0.410714 0.520833
vt 0.589286 0.520833
vt 0.589286 0.729167
vt 0.410714 0.729167
vt 0.647727 0.520833
vt 0.852273 0.520833
vt 0.852273 0.729167
vt 0.647727 0.729167
vt 0.410714 0.020833
vt 0.589286 0.020833
vt 0.589286 0.229167
vt 0.410714 0.229167
vt 0.410714 0.272727
vt 0.589286 0.272727
vt 0.589286 0.477273
vt 0.410714 0.477273
vt 0.147727 0.729167
vt 0.147727 0.739570
vt 0.136859 0.739129
vt 0.136379 0.729167
vt 0.147727 0.750000
vt 0.136859 0.750000
vt 0.410714 1.000000
vt 0.375000 0.988141
vt 0.375000 0.977273
vt 0.410714 0.000000
vt 0.410714 0.010430
vt 0.375000 0.010871
vt 0.375000 0.000000
vt 0.375000 0.020833
vt 0.125000 0.729167
vt 0.125000 0.739129
vt 0.607119 0.977273
vt 0.606365 0.988141
vt 0.589286 1.000000
vt 0.625000 0.977273
vt 0.625000 0.988141
vt 0.875000 0.729167
vt 0.863141 0.750000
vt 0.852273 0.750000
vt 0.625000 0.020833
vt 0.607119 0.020833
vt 0.606365 0.010871
vt 0.625000 0.000000
vt 0.589286 0.010430
vt 0.589286 0.000000
vt 0.606365 0.005487
vt 0.606365 0.994014
vt 0.147727 0.520833
vt 0.136379 0.520833
vt 0.136859 0.510871
vt 0.147727 0.510430
vt 0.125000 0.520833
vt 0.125000 0.510871
vt 0.410714 0.239570
vt 0.375000 0.239129
vt 0.375000 0.229167
vt 0.410714 0.261379
vt 0.375000 0.261859
vt 0.375000 0.272727
vt 0.147727 0.500000
vt 0.136859 0.500000
vt 0.852273 0.500000
vt 0.863141 0.500000
vt 0.875000 0.520833
vt 0.625000 0.272727
vt 0.607119 0.272727
vt 0.606365 0.261859
vt 0.625000 0.261859
vt 0.589286 0.261379
vt 0.589286 0.239570
vt 0.606365 0.239129
vt 0.607119 0.229167
vt 0.625000 0.229167
vt 0.625000 0.250000
vt 0.606365 0.255986
vt 0.352273 0.729167
vt 0.363621 0.729167
vt 0.363141 0.739129
vt 0.352273 0.739570
vt 0.392881 0.729167
vt 0.393635 0.739129
vt 0.410714 0.739570
vt 0.410714 0.761379
vt 0.375000 0.761859
vt 0.375000 0.772727
vt 0.352273 0.750000
vt 0.363141 0.750000
vt 0.369014 0.739129
vt 0.647727 0.750000
vt 0.636859 0.750000
vt 0.636378 0.729167
vt 0.625000 0.772727
vt 0.607119 0.772727
vt 0.606365 0.761859
vt 0.625000 0.761859
vt 0.589286 0.761379
vt 0.589286 0.739570
vt 0.606365 0.739129
vt 0.607119 0.729167
vt 0.606365 0.755986
vt 0.352273 0.520833
vt 0.352273 0.510430
vt 0.363141 0.510871
vt 0.363621 0.520833
vt 0.352273 0.500000
vt 0.363141 0.500000
vt 0.410714 0.488622
vt 0.375000 0.488141
vt 0.375000 0.477273
vt 0.410714 0.510430
vt 0.393635 0.510871
vt 0.392881 0.520833
vt 0.369014 0.510871
vt 0.636378 0.520833
vt 0.636859 0.510871
vt 0.647727 0.500000
vt 0.607119 0.520833
vt 0.606365 0.510871
vt 0.589286 0.510430
vt 0.589286 0.488621
vt 0.606365 0.488141
vt 0.607119 0.477273
vt 0.625000 0.477273
vt 0.615594 0.488141
vt 0.615594 0.510871
vt 0.606365 0.505487
s 0
usemtl Electrical_contacts
f 1803/1507/2047 1814/1508/2048 1765/1509/2049 1754/1510/2050
f 1827/1511/2051 1838/1512/2052 1815/1513/2053 1802/1514/2054
f 1837/1515/2055 1789/1516/2056 1766/1517/2057 1813/1518/2058
f 1755/1519/2059 1767/1520/2060 1791/1521/2061 1778/1522/2062
f 1779/1523/2063 1790/1524/2064 1839/1525/2065 1826/1526/2066
f 1753/1527/2067 1756/1528/2068 1758/1529/2069 1757/1530/2070
f 1756/1528/2068 1760/1531/2071 1761/1532/2072 1758/1529/2073
f 1754/1510/2074 1759/1533/2075 1761/1534/2076 1760/1535/2077
f 1759/1536/2075 1763/1537/2078 1764/1538/2079 1761/1539/2080
f 1755/1519/2081 1762/1540/2082 1764/1538/2083 1763/1537/2084
f 1762/1541/2085 1757/1530/2086 1758/1529/2087 1764/1542/2088
f 1758/1529/2089 1761/1532/2090 1764/1542/2091
f 1765/1509/2092 1768/1543/2093 1770/1544/2094 1769/1545/2095
f 1768/1543/2093 1772/1546/2096 1773/1547/2097 1770/1544/2098
f 1766/1517/2099 1771/1548/2100 1773/1549/2101 1772/1550/2102
f 1771/1551/2103 1775/1552/2104 1776/1553/2105 1773/1554/2106
f 1767/1520/2107 1774/1555/2108 1776/1553/2109 1775/1552/2110
f 1774/1555/2108 1769/1556/2111 1770/1557/2112 1776/1553/2113
f 1770/1544/2114 1773/1547/2115 1776/1558/2116
f 1777/1559/2117 1780/1560/2118 1782/1561/2119 1781/1562/2120
f 1780/1560/2121 1784/1563/2122 1785/1564/2123 1782/1561/2124
f 1778/1522/2125 1783/1565/2126 1785/1566/2127 1784/1567/2128
f 1783/1565/2126 1787/1568/2129 1788/1569/2130 1785/1566/2131
f 1779/1523/2132 1786/1570/2133 1788/1569/2134 1787/1568/2135
f 1786/1571/2133 1781/1562/2136 1782/1561/2137 1788/1572/2138
f 1782/1561/2139 1785/1564/2140 1788/1572/2141
f 1789/1516/2142 1792/1573/2143 1794/1574/2144 1793/1575/2145
f 1792/1576/2143 1796/1577/2146 1797/1578/2147 1794/1579/2148
f 1790/1524/2149 1795/1580/2150 1797/1578/2151 1796/1577/2152
f 1795/1580/2150 1799/1581/2153 1800/1582/2154 1797/1578/2155
f 1791/1521/2156 1798/1583/2157 1800/1582/2158 1799/1581/2159
f 1798/1583/2160 1793/1584/2161 1794/1585/2162 1800/1582/2163
f 1794/1579/2164 1797/1578/2165 1800/1586/2166
f 1801/1587/2167 1804/1588/2168 1806/1589/2169 1805/1590/2170
f 1804/1588/2171 1808/1591/2172 1809/1592/2173 1806/1589/2174
f 1802/1514/2175 1807/1593/2176 1809/1592/2177 1808/1591/2178
f 1807/1593/2176 1811/1594/2179 1812/1595/2180 1809/1592/2181
f 1803/1507/2182 1810/1596/2183 1812/1595/2184 1811/1594/2185
f 1810/1597/2183 1805/1590/2186 1806/1589/2187 1812/1598/2188
f 1806/1589/2189 1809/1599/2190 1812/1598/2191
f 1813/1518/2192 1816/1600/2193 1818/1601/2194 1817/1602/2195
f 1816/1603/2193 1820/1604/2196 1821/1605/2197 1818/1606/2198
f 1814/1508/2199 1819/1607/2200 1821/1605/2201 1820/1604/2202
f 1819/1607/2200 1823/1608/2203 1824/1609/2204 1821/1605/2205
f 1815/1513/2206 1822/1610/2207 1824/1609/2208 1823/1608/2209
f 1822/1610/2210 1817/1602/2211 1818/1601/2212 1824/1609/2213
f 1818/1606/2214 1821/1605/2215 1824/1611/2216
f 1825/1612/2217 1828/1613/2218 1830/1614/2219 1829/1615/2220
f 1828/1613/2218 1832/1616/2221 1833/1617/2222 1830/1614/2223
f 1826/1526/2224 1831/1618/2225 1833/1619/2226 1832/1620/2227
f 1831/1618/2225 1835/1621/2228 1836/1622/2229 1833/1619/2230
f 1827/1511/2231 1834/1623/2232 1836/1622/2233 1835/1621/2234
f 1834/1623/2235 1829/1615/2236 1830/1614/2237 1836/1622/2238
f 1830/1614/2239 1833/1617/2240 1836/1624/2241
f 1837/1515/2242 1840/1625/2243 1842/1626/2244 1841/1627/2245
f 1840/1625/2246 1844/1628/2247 1845/1629/2248 1842/1626/2249
f 1838/1512/2250 1843/1630/2251 1845/1629/2252 1844/1628/2253
f 1843/1630/2251 1847/1631/2254 1848/1632/2255 1845/1629/2256
f 1839/1525/2257 1846/1633/2258 1848/1632/2259 1847/1631/2260
f 1846/1633/2258 1841/1634/2261 1842/1635/2262 1848/1632/2263
f 1842/1636/2264 1845/1629/2265 1848/1637/2266
f 1777/1559/2117 1753/1527/2267 1757/1530/2070 1780/1560/2118
f 1780/1560/2121 1757/1530/2268 1762/1541/2085 1784/1563/2269
f 1784/1567/2128 1762/1540/2082 1755/1519/2081 1778/1522/2125
f 1754/1510/2074 1765/1509/2092 1769/1545/2270 1759/1533/2271
f 1759/1536/2272 1769/1556/2273 1774/1555/2274 1763/1537/2275
f 1763/1537/2276 1774/1555/2277 1767/1520/2278 1755/1519/2279
f 1766/1517/2099 1789/1516/2280 1793/1575/2145 1771/1548/2100
f 1771/1551/2103 1793/1584/2281 1798/1583/2160 1775/1552/2282
f 1775/1552/2110 1798/1583/2157 1791/1521/2156 1767/1520/2107
f 1790/1524/2149 1779/1523/2132 1787/1568/2283 1795/1580/2284
f 1795/1580/2285 1787/1568/2286 1783/1565/2287 1799/1581/2288
f 1799/1581/2289 1783/1565/2290 1778/1522/2291 1791/1521/2292
f 1825/1612/2217 1777/1559/2293 1781/1562/2120 1828/1613/2294
f 1828/1613/2295 1781/1562/2136 1786/1571/2296 1832/1616/2221
f 1832/1620/2227 1786/1570/2297 1779/1523/2063 1826/1526/2066
f 1789/1516/2142 1837/1515/2298 1841/1627/2245 1792/1573/2299
f 1792/1576/2300 1841/1634/2261 1846/1633/2301 1796/1577/2146
f 1796/1577/2152 1846/1633/2302 1839/1525/2065 1790/1524/2064
f 1838/1512/2303 1827/1511/2304 1835/1621/2305 1843/1630/2306
f 1843/1630/2307 1835/1621/2308 1831/1618/2309 1847/1631/2310
f 1847/1631/2311 1831/1618/2312 1826/1526/2224 1839/1525/2257
f 1801/1587/2167 1825/1612/2313 1829/1615/2220 1804/1588/2168
f 1804/1588/2171 1829/1615/2314 1834/1623/2235 1808/1591/2315
f 1808/1591/2178 1834/1623/2232 1827/1511/2231 1802/1514/2175
f 1837/1515/2242 1813/1518/2316 1817/1602/2195 1840/1625/2243
f 1840/1625/2246 1817/1602/2317 1822/1610/2210 1844/1628/2318
f 1844/1628/2253 1822/1610/2207 1815/1513/2206 1838/1512/2250
f 1814/1508/2199 1803/1507/2182 1811/1594/2319 1819/1607/2320
f 1819/1607/2321 1811/1594/2322 1807/1593/2323 1823/1608/2324
f 1823/1608/2325 1807/1593/2326 1802/1514/2327 1815/1513/2328
f 1753/1527/2067 1801/1587/2329 1805/1590/2170 1756/1528/2330
f 1756/1528/2331 1805/1590/2186 1810/1597/2332 1760/1531/2071
f 1760/1535/2077 1810/1596/2333 1803/1507/2047 1754/1510/2050
f 1813/1518/2192 1766/1517/2334 1772/1550/2102 1816/1600/2335
f 1816/1603/2336 1772/1546/2096 1768/1543/2337 1820/1604/2196
f 1820/1604/2202 1768/1543/2338 1765/1509/2049 1814/1508/2048
f 1777/1559/2339 1825/1612/2340 1801/1587/2341 1753/1527/2342
o Autopilot_connector.001
v 0.053500 0.308500 0.020000
v 0.053500 0.309500 0.021000
v 0.052500 0.309500 0.020000
v 0.053500 0.308634 0.020499
v 0.053001 0.308634 0.020000
v 0.053022 0.308763 0.020478
v 0.053001 0.309500 0.020866
v 0.053500 0.309001 0.020866
v 0.053022 0.309022 0.020737
v 0.052634 0.309001 0.020000
v 0.052634 0.309500 0.020499
v 0.052763 0.309022 0.020478
v 0.053500 0.314500 0.021000
v 0.053500 0.315500 0.020000
v 0.052500 0.314500 0.020000
v 0.053500 0.314999 0.020866
v 0.053001 0.314500 0.020866
v 0.053022 0.314978 0.020737
v 0.053001 0.315366 0.020000
v 0.053500 0.315366 0.020499
v 0.053022 0.315237 0.020478
v 0.052634 0.314500 0.020499
v 0.052634 0.314999 0.020000
v 0.052763 0.314978 0.020478
v 0.053500 0.308500 0.010000
v 0.052500 0.309500 0.010000
v 0.053500 0.309500 0.009000
v 0.053001 0.308634 0.010000
v 0.053500 0.308634 0.009501
v 0.053022 0.308763 0.009522
v 0.052634 0.309500 0.009501
v 0.052634 0.309001 0.010000
v 0.052763 0.309022 0.009522
v 0.053500 0.309001 0.009134
v 0.053001 0.309500 0.009134
v 0.053022 0.309022 0.009263
v 0.053500 0.315500 0.010000
v 0.053500 0.314500 0.009000
v 0.052500 0.314500 0.010000
v 0.053500 0.315366 0.009501
v 0.053001 0.315366 0.010000
v 0.053022 0.315237 0.009522
v 0.053001 0.314500 0.009134
v 0.053500 0.314999 0.009134
v 0.053022 0.314978 0.009263
v 0.052634 0.314999 0.010000
v 0.052634 0.314500 0.009501
v 0.052763 0.314978 0.009522
v 0.062500 0.308500 0.020000
v 0.063500 0.309500 0.020000
v 0.062500 0.309500 0.021000
v 0.062999 0.308634 0.020000
v 0.062500 0.308634 0.020499
v 0.062978 0.308763 0.020478
v 0.063366 0.309500 0.020499
v 0.063366 0.309001 0.020000
v 0.063237 0.309022 0.020478
v 0.062500 0.309001 0.020866
v 0.062999 0.309500 0.020866
v 0.062978 0.309022 0.020737
v 0.062500 0.315500 0.020000
v 0.062500 0.314500 0.021000
v 0.063500 0.314500 0.020000
v 0.062500 0.315366 0.020499
v 0.062999 0.315366 0.020000
v 0.062978 0.315237 0.020478
v 0.062999 0.314500 0.020866
v 0.062500 0.314999 0.020866
v 0.062978 0.314978 0.020737
v 0.063366 0.314999 0.020000
v 0.063366 0.314500 0.020499
v 0.063237 0.314978 0.020478
v 0.062500 0.308500 0.010000
v 0.062500 0.309500 0.009000
v 0.063500 0.309500 0.010000
v 0.062500 0.308634 0.009501
v 0.062999 0.308634 0.010000
v 0.062978 0.308763 0.009522
v 0.062999 0.309500 0.009134
v 0.062500 0.309001 0.009134
v 0.062978 0.309022 0.009263
v 0.063366 0.309001 0.010000
v 0.063366 0.309500 0.009501
v 0.063237 0.309022 0.009522
v 0.062500 0.315500 0.010000
v 0.063500 0.314500 0.010000
v 0.062500 0.314500 0.009000
v 0.062999 0.315366 0.010000
v 0.062500 0.315366 0.009501
v 0.062978 0.315237 0.009522
v 0.063366 0.314500 0.009501
v 0.063366 0.314999 0.010000
v 0.063237 0.314978 0.009522
v 0.062500 0.314999 0.009134
v 0.062999 0.314500 0.009134
v 0.062978 0.314978 0.009263
vn 0.0140 -0.0243 0.9996
vn 0.0140 0.0243 0.9996
vn -0.0140 0.0243 0.9996
vn -0.0140 -0.0243 0.9996
vn 0.9996 -0.0242 -0.0127
vn 0.9996 0.0242 -0.0127
vn 0.9996 0.0242 0.0127
vn 0.9996 -0.0242 0.0127
vn 0.0140 0.9998 -0.0127
vn -0.0140 0.9998 -0.0127
vn -0.0140 0.9998 0.0127
vn 0.0140 0.9998 0.0127
vn -0.9996 -0.0242 0.0127
vn -0.9996 0.0242 0.0127
vn -0.9996 0.0242 -0.0127
vn -0.9996 -0.0242 -0.0127
vn -0.0140 -0.0243 -0.9996
vn -0.0140 0.0243 -0.9996
vn 0.0140 0.0243 -0.9996
vn 0.0140 -0.0243 -0.9996
vn -0.0141 -0.9998 0.0128
vn -0.0120 -0.8662 0.4996
vn -0.4473 -0.7745 0.4473
vn -0.4996 -0.8662 0.0108
vn -0.0120 -0.4996 0.8662
vn -0.4473 -0.4474 0.7744
vn -0.4473 -0.7745 0.4474
vn -0.0141 -0.0243 0.9996
vn -0.4990 -0.0208 0.8664
vn -0.4473 -0.4473 0.7745
vn -0.0119 -0.4995 0.8662
vn -0.8664 -0.0208 0.4990
vn -0.7744 -0.4473 0.4474
vn -0.4474 -0.4473 0.7745
vn -0.9996 -0.0243 0.0127
vn -0.8662 -0.4996 0.0108
vn -0.7745 -0.4473 0.4473
vn -0.8664 -0.0208 0.4989
vn -0.8661 -0.4997 0.0108
vn -0.4997 -0.8662 0.0109
vn -0.4474 -0.7744 0.4473
vn -0.7745 -0.4474 0.4473
vn -0.4473 -0.7744 0.4474
vn -0.4474 -0.4473 0.7744
vn -0.7744 -0.4474 0.4474
vn -0.0141 0.0243 0.9996
vn -0.0120 0.4996 0.8662
vn -0.4473 0.4473 0.7745
vn -0.4989 0.0208 0.8664
vn -0.0120 0.8662 0.4996
vn -0.4473 0.7744 0.4474
vn -0.4473 0.4474 0.7745
vn -0.0141 0.9998 0.0127
vn -0.4996 0.8662 0.0108
vn -0.4473 0.7745 0.4473
vn -0.0119 0.8662 0.4995
vn -0.4997 0.8661 0.0108
vn -0.8662 0.4997 0.0109
vn -0.7744 0.4474 0.4473
vn -0.4474 0.7745 0.4473
vn -0.9996 0.0243 0.0127
vn -0.8664 0.0208 0.4990
vn -0.7745 0.4473 0.4473
vn -0.8662 0.4996 0.0108
vn -0.4990 0.0208 0.8664
vn -0.4474 0.4473 0.7744
vn -0.7745 0.4473 0.4474
vn -0.4473 0.4474 0.7744
vn -0.4474 0.7744 0.4474
vn -0.7744 0.4473 0.4474
vn -0.0141 -0.9998 -0.0127
vn -0.4996 -0.8662 -0.0108
vn -0.4473 -0.7745 -0.4473
vn -0.0119 -0.8662 -0.4995
vn -0.4997 -0.8661 -0.0108
vn -0.8662 -0.4997 -0.0109
vn -0.7744 -0.4474 -0.4473
vn -0.4474 -0.7745 -0.4473
vn -0.9996 -0.0243 -0.0127
vn -0.8664 -0.0208 -0.4990
vn -0.7745 -0.4473 -0.4473
vn -0.8662 -0.4996 -0.0108
vn -0.4990 -0.0208 -0.8664
vn -0.4474 -0.4473 -0.7744
vn -0.7745 -0.4473 -0.4474
vn -0.0141 -0.0243 -0.9996
vn -0.0120 -0.4996 -0.8662
vn -0.4473 -0.4473 -0.7745
vn -0.4989 -0.0208 -0.8664
vn -0.0120 -0.8662 -0.4996
vn -0.4473 -0.7744 -0.4474
vn -0.4473 -0.4474 -0.7745
vn -0.4474 -0.7744 -0.4474
vn -0.7744 -0.4473 -0.4474
vn -0.4473 -0.4474 -0.7744
vn -0.0141 0.9998 -0.0128
vn -0.0120 0.8662 -0.4996
vn -0.4473 0.7745 -0.4473
vn -0.4996 0.8662 -0.0108
vn -0.0120 0.4996 -0.8662
vn -0.4473 0.4474 -0.7744
vn -0.4473 0.7745 -0.4474
vn -0.0141 0.0243 -0.9996
vn -0.4990 0.0208 -0.8664
vn -0.4473 0.4473 -0.7745
vn -0.0119 0.4995 -0.8662
vn -0.8664 0.0208 -0.4990
vn -0.7744 0.4473 -0.4474
vn -0.4474 0.4473 -0.7745
vn -0.9996 0.0243 -0.0127
vn -0.8662 0.4996 -0.0108
vn -0.7745 0.4473 -0.4473
vn -0.8664 0.0208 -0.4989
vn -0.8661 0.4997 -0.0108
vn -0.4997 0.8662 -0.0109
vn -0.4474 0.7744 -0.4473
vn -0.7745 0.4474 -0.4473
vn -0.4473 0.7744 -0.4474
vn -0.4474 0.4473 -0.7744
vn -0.7744 0.4474 -0.4474
vn 0.0141 -0.9998 0.0127
vn 0.4996 -0.8662 0.0108
vn 0.4473 -0.7745 0.4473
vn 0.0119 -0.8662 0.4995
vn 0.4997 -0.8661 0.0108
vn 0.8662 -0.4997 0.0109
vn 0.7744 -0.4474 0.4473
vn 0.4474 -0.7745 0.4473
vn 0.9996 -0.0243 0.0127
vn 0.8664 -0.0208 0.4990
vn 0.7745 -0.4473 0.4473
vn 0.8662 -0.4996 0.0108
vn 0.4990 -0.0208 0.8664
vn 0.4474 -0.4473 0.7744
vn 0.7745 -0.4473 0.4474
vn 0.0141 -0.0243 0.9996
vn 0.0120 -0.4996 0.8662
vn 0.4473 -0.4473 0.7745
vn 0.4989 -0.0208 0.8664
vn 0.0120 -0.8662 0.4996
vn 0.4473 -0.7744 0.4474
vn 0.4473 -0.4474 0.7745
vn 0.4474 -0.7744 0.4474
vn 0.7744 -0.4473 0.4474
vn 0.4473 -0.4474 0.7744
vn 0.0141 0.9998 0.0128
vn 0.0120 0.8662 0.4996
vn 0.4473 0.7745 0.4473
vn 0.4996 0.8662 0.0108
vn 0.0120 0.4996 0.8662
vn 0.4473 0.4474 0.7744
vn 0.4473 0.7745 0.4474
vn 0.0141 0.0243 0.9996
vn 0.4990 0.0208 0.8664
vn 0.4473 0.4473 0.7745
vn 0.0119 0.4995 0.8662
vn 0.8664 0.0208 0.4990
vn 0.7744 0.4473 0.4474
vn 0.4474 0.4473 0.7745
vn 0.9996 0.0243 0.0127
vn 0.8662 0.4996 0.0108
vn 0.7745 0.4473 0.4473
vn 0.8664 0.0208 0.4989
vn 0.8661 0.4997 0.0108
vn 0.4997 0.8662 0.0109
vn 0.4474 0.7744 0.4473
vn 0.7745 0.4474 0.4473
vn 0.4473 0.7744 0.4474
vn 0.4474 0.4473 0.7744
vn 0.7744 0.4474 0.4474
vn 0.0141 -0.9998 -0.0128
vn 0.0120 -0.8662 -0.4996
vn 0.4473 -0.7745 -0.4473
vn 0.4996 -0.8662 -0.0108
vn 0.0120 -0.4996 -0.8662
vn 0.4473 -0.4474 -0.7744
vn 0.4473 -0.7745 -0.4474
vn 0.0141 -0.0243 -0.9996
vn 0.4990 -0.0208 -0.8664
vn 0.4473 -0.4473 -0.7745
vn 0.0119 -0.4995 -0.8662
vn 0.8664 -0.0208 -0.4990
vn 0.7744 -0.4473 -0.4474
vn 0.4474 -0.4473 -0.7745
vn 0.9996 -0.0243 -0.0127
vn 0.8662 -0.4996 -0.0108
vn 0.7745 -0.4473 -0.4473
vn 0.8664 -0.0208 -0.4989
vn 0.8661 -0.4997 -0.0108
vn 0.4997 -0.8662 -0.0109
vn 0.4474 -0.7744 -0.4473
vn 0.7745 -0.4474 -0.4473
vn 0.4473 -0.7744 -0.4474
vn 0.4474 -0.4473 -0.7744
vn 0.7744 -0.4474 -0.4474
vn 0.0141 0.9998 -0.0127
vn 0.4996 0.8662 -0.0108
vn 0.4473 0.7745 -0.4473
vn 0.0119 0.8662 -0.4995
vn 0.4997 0.8661 -0.0108
vn 0.8662 0.4997 -0.0109
vn 0.7744 0.4474 -0.4473
vn 0.4474 0.7745 -0.4473
vn 0.9996 0.0243 -0.0127
vn 0.8664 0.0208 -0.4990
vn 0.7745 0.4473 -0.4473
vn 0.8662 0.4996 -0.0108
vn 0.4990 0.0208 -0.8664
vn 0.4474 0.4473 -0.7744
vn 0.7745 0.4473 -0.4474
vn 0.0141 0.0243 -0.9996
vn 0.0120 0.4996 -0.8662
vn 0.4473 0.4473 -0.7745
vn 0.4989 0.0208 -0.8664
vn 0.0120 0.8662 -0.4996
vn 0.4473 0.7744 -0.4474
vn 0.4473 0.4474 -0.7745
vn 0.4474 0.7744 -0.4474
vn 0.7744 0.4473 -0.4474
vn 0.4473 0.4474 -0.7744
vn -0.0141 -0.9998 0.0127
vn -0.4997 -0.8661 0.0108
vn -0.8661 -0.4997 -0.0108
vn -0.4989 0.0207 0.8664
vn -0.4989 -0.0207 0.8664
vn -0.4990 -0.0207 0.8663
vn -0.4990 0.0207 0.8663
vn -0.8663 0.0207 0.4990
vn -0.8663 -0.0207 0.4990
vn -0.8664 -0.0207 0.4989
vn -0.8664 0.0207 0.4989
vn -0.9996 0.0243 0.0128
vn -0.9996 -0.0243 0.0128
vn -0.0141 0.9998 -0.0127
vn -0.4997 0.8661 -0.0108
vn -0.8661 0.4997 0.0108
vn -0.4989 -0.0207 -0.8664
vn -0.4989 0.0207 -0.8664
vn -0.4990 0.0207 -0.8663
vn -0.4990 -0.0207 -0.8663
vn -0.8663 -0.0207 -0.4990
vn -0.8663 0.0207 -0.4990
vn -0.8664 0.0207 -0.4989
vn -0.8664 -0.0207 -0.4989
vn -0.9996 -0.0243 -0.0128
vn -0.9996 0.0243 -0.0128
vn -0.0141 -0.9998 -0.0128
vn 0.0119 -0.8662 -0.4995
vn 0.0119 -0.8662 -0.4996
vn -0.0119 -0.4996 -0.8662
vn -0.0119 -0.4995 -0.8662
vn 0.0141 0.9998 -0.0128
vn -0.0119 0.8662 -0.4995
vn -0.0119 0.8662 -0.4996
vn 0.0119 0.4996 -0.8662
vn 0.0119 0.4995 -0.8662
vn 0.9996 0.0243 -0.0128
vn 0.9996 -0.0243 -0.0128
vn 0.8664 -0.0207 -0.4989
vn 0.8664 0.0207 -0.4989
vn 0.8663 0.0207 -0.4990
vn 0.8663 -0.0207 -0.4990
vn 0.4990 -0.0207 -0.8663
vn 0.4990 0.0207 -0.8663
vn 0.4989 0.0207 -0.8664
vn 0.4989 -0.0207 -0.8664
vn 0.0141 -0.9998 -0.0127
vn 0.4997 -0.8661 -0.0108
vn 0.8661 -0.4997 0.0108
vn 0.0141 0.9998 0.0127
vn 0.4997 0.8661 0.0108
vn 0.8661 0.4997 -0.0108
vn 0.4989 -0.0207 0.8664
vn 0.4989 0.0207 0.8664
vn 0.4990 0.0207 0.8663
vn 0.4990 -0.0207 0.8663
vn 0.8663 -0.0207 0.4990
vn 0.8663 0.0207 0.4990
vn 0.8664 0.0207 0.4989
vn 0.8664 -0.0207 0.4989
vn 0.9996 -0.0243 0.0128
vn 0.9996 0.0243 0.0128
vn 0.0141 -0.9998 0.0128
vn -0.0119 -0.8662 0.4995
vn -0.0119 -0.8662 0.4996
vn 0.0119 -0.4996 0.8662
vn 0.0119 -0.4995 0.8662
vn -0.0141 0.9998 0.0128
vn 0.0119 0.8662 0.4995
vn 0.0119 0.8662 0.4996
vn -0.0119 0.4996 0.8662
vn -0.0119 0.4995 0.8662
vn -0.0140 -0.9998 -0.0127
vn 0.0140 -0.9998 -0.0127
vn 0.0140 -0.9998 0.0127
vn -0.0140 -0.9998 0.0127
vt 0.410714 0.772727
vt 0.589286 0.772727
vt 0.589286 0.977273
vt 0.410714 0.977273
vt 0.410714 0.520833
vt 0.589286 0.520833
vt 0.589286 0.729167
vt 0.410714 0.729167
vt 0.647727 0.520833
vt 0.852273 0.520833
vt 0.852273 0.729167
vt 0.647727 0.729167
vt 0.410714 0.020833
vt 0.589286 0.020833
vt 0.589286 0.229167
vt 0.410714 0.229167
vt 0.410714 0.272727
vt 0.589286 0.272727
vt 0.589286 0.477273
vt 0.410714 0.477273
vt 0.147727 0.729167
vt 0.147727 0.739570
vt 0.136859 0.739129
vt 0.136379 0.729167
vt 0.147727 0.750000
vt 0.136859 0.750000
vt 0.410714 1.000000
vt 0.375000 0.988141
vt 0.375000 0.977273
vt 0.410714 0.000000
vt 0.410714 0.010430
vt 0.375000 0.010871
vt 0.375000 0.000000
vt 0.375000 0.020833
vt 0.125000 0.729167
vt 0.125000 0.739129
vt 0.607119 0.977273
vt 0.606365 0.988141
vt 0.589286 1.000000
vt 0.625000 0.977273
vt 0.625000 0.988141
vt 0.875000 0.729167
vt 0.863141 0.750000
vt 0.852273 0.750000
vt 0.625000 0.020833
vt 0.607119 0.020833
vt 0.606365 0.010871
vt 0.625000 0.000000
vt 0.589286 0.010430
vt 0.589286 0.000000
vt 0.606365 0.005487
vt 0.606365 0.994014
vt 0.147727 0.520833
vt 0.136379 0.520833
vt 0.136859 0.510871
vt 0.147727 0.510430
vt 0.125000 0.520833
vt 0.125000 0.510871
vt 0.410714 0.239570
vt 0.375000 0.239129
vt 0.375000 0.229167
vt 0.410714 0.261379
vt 0.375000 0.261859
vt 0.375000 0.272727
vt 0.147727 0.500000
vt 0.136859 0.500000
vt 0.852273 0.500000
vt 0.863141 0.500000
vt 0.875000 0.520833
vt 0.625000 0.272727
vt 0.607119 0.272727
vt 0.606365 0.261859
vt 0.625000 0.261859
vt 0.589286 0.261379
vt 0.589286 0.239570
vt 0.606365 0.239129
vt 0.607119 0.229167
vt 0.625000 0.229167
vt 0.625000 0.250000
vt 0.606365 0.255986
vt 0.352273 0.729167
vt 0.363621 0.729167
vt 0.363141 0.739129
vt 0.352273 0.739570
vt 0.392881 0.729167
vt 0.393635 0.739129
vt 0.410714 0.739570
vt 0.410714 0.761379
vt 0.375000 0.761859
vt 0.375000 0.772727
vt 0.352273 0.750000
vt 0.363141 0.750000
vt 0.369014 0.739129
vt 0.647727 0.750000
vt 0.636859 0.750000
vt 0.636378 0.729167
vt 0.625000 0.772727
vt 0.607119 0.772727
vt 0.606365 0.761859
vt 0.625000 0.761859
vt 0.589286 0.761379
vt 0.589286 0.739570
vt 0.606365 0.739129
vt 0.607119 0.729167
vt 0.606365 0.755986
vt 0.352273 0.520833
vt 0.352273 0.510430
vt 0.363141 0.510871
vt 0.363621 0.520833
vt 0.352273 0.500000
vt 0.363141 0.500000
vt 0.410714 0.488622
vt 0.375000 0.488141
vt 0.375000 0.477273
vt 0.410714 0.510430
vt 0.393635 0.510871
vt 0.392881 0.520833
vt 0.369014 0.510871
vt 0.636378 0.520833
vt 0.636859 0.510871
vt 0.647727 0.500000
vt 0.607119 0.520833
vt 0.606365 0.510871
vt 0.589286 0.510430
vt 0.589286 0.488621
vt 0.606365 0.488141
vt 0.607119 0.477273
vt 0.625000 0.477273
vt 0.615594 0.488141
vt 0.615594 0.510871
vt 0.606365 0.505487
s 0
usemtl Electrical_contacts
f 1899/1638/2343 1910/1639/2344 1861/1640/2345 1850/1641/2346
f 1923/1642/2347 1934/1643/2348 1911/1644/2349 1898/1645/2350
f 1933/1646/2351 1885/1647/2352 1862/1648/2353 1909/1649/2354
f 1851/1650/2355 1863/1651/2356 1887/1652/2357 1874/1653/2358
f 1875/1654/2359 1886/1655/2360 1935/1656/2361 1922/1657/2362
f 1849/1658/2363 1852/1659/2364 1854/1660/2365 1853/1661/2366
f 1852/1659/2364 1856/1662/2367 1857/1663/2368 1854/1660/2369
f 1850/1641/2370 1855/1664/2371 1857/1665/2372 1856/1666/2373
f 1855/1667/2371 1859/1668/2374 1860/1669/2375 1857/1670/2376
f 1851/1650/2377 1858/1671/2378 1860/1669/2379 1859/1668/2380
f 1858/1672/2381 1853/1661/2382 1854/1660/2383 1860/1673/2384
f 1854/1660/2385 1857/1663/2386 1860/1673/2387
f 1861/1640/2388 1864/1674/2389 1866/1675/2390 1865/1676/2391
f 1864/1674/2389 1868/1677/2392 1869/1678/2393 1866/1675/2394
f 1862/1648/2395 1867/1679/2396 1869/1680/2397 1868/1681/2398
f 1867/1682/2399 1871/1683/2400 1872/1684/2401 1869/1685/2402
f 1863/1651/2403 1870/1686/2404 1872/1684/2405 1871/1683/2406
f 1870/1686/2404 1865/1687/2407 1866/1688/2408 1872/1684/2409
f 1866/1675/2410 1869/1678/2411 1872/1689/2412
f 1873/1690/2413 1876/1691/2414 1878/1692/2415 1877/1693/2416
f 1876/1691/2417 1880/1694/2418 1881/1695/2419 1878/1692/2420
f 1874/1653/2421 1879/1696/2422 1881/1697/2423 1880/1698/2424
f 1879/1696/2422 1883/1699/2425 1884/1700/2426 1881/1697/2427
f 1875/1654/2428 1882/1701/2429 1884/1700/2430 1883/1699/2431
f 1882/1702/2429 1877/1693/2432 1878/1692/2433 1884/1703/2434
f 1878/1692/2435 1881/1695/2436 1884/1703/2437
f 1885/1647/2438 1888/1704/2439 1890/1705/2440 1889/1706/2441
f 1888/1707/2439 1892/1708/2442 1893/1709/2443 1890/1710/2444
f 1886/1655/2445 1891/1711/2446 1893/1709/2447 1892/1708/2448
f 1891/1711/2446 1895/1712/2449 1896/1713/2450 1893/1709/2451
f 1887/1652/2452 1894/1714/2453 1896/1713/2454 1895/1712/2455
f 1894/1714/2456 1889/1715/2457 1890/1716/2458 1896/1713/2459
f 1890/1710/2460 1893/1709/2461 1896/1717/2462
f 1897/1718/2463 1900/1719/2464 1902/1720/2465 1901/1721/2466
f 1900/1719/2467 1904/1722/2468 1905/1723/2469 1902/1720/2470
f 1898/1645/2471 1903/1724/2472 1905/1723/2473 1904/1722/2474
f 1903/1724/2472 1907/1725/2475 1908/1726/2476 1905/1723/2477
f 1899/1638/2478 1906/1727/2479 1908/1726/2480 1907/1725/2481
f 1906/1728/2479 1901/1721/2482 1902/1720/2483 1908/1729/2484
f 1902/1720/2485 1905/1730/2486 1908/1729/2487
f 1909/1649/2488 1912/1731/2489 1914/1732/2490 1913/1733/2491
f 1912/1734/2489 1916/1735/2492 1917/1736/2493 1914/1737/2494
f 1910/1639/2495 1915/1738/2496 1917/1736/2497 1916/1735/2498
f 1915/1738/2496 1919/1739/2499 1920/1740/2500 1917/1736/2501
f 1911/1644/2502 1918/1741/2503 1920/1740/2504 1919/1739/2505
f 1918/1741/2506 1913/1733/2507 1914/1732/2508 1920/1740/2509
f 1914/1737/2510 1917/1736/2511 1920/1742/2512
f 1921/1743/2513 1924/1744/2514 1926/1745/2515 1925/1746/2516
f 1924/1744/2514 1928/1747/2517 1929/1748/2518 1926/1745/2519
f 1922/1657/2520 1927/1749/2521 1929/1750/2522 1928/1751/2523
f 1927/1749/2521 1931/1752/2524 1932/1753/2525 1929/1750/2526
f 1923/1642/2527 1930/1754/2528 1932/1753/2529 1931/1752/2530
f 1930/1754/2531 1925/1746/2532 1926/1745/2533 1932/1753/2534
f 1926/1745/2535 1929/1748/2536 1932/1755/2537
f 1933/1646/2538 1936/1756/2539 1938/1757/2540 1937/1758/2541
f 1936/1756/2542 1940/1759/2543 1941/1760/2544 1938/1757/2545
f 1934/1643/2546 1939/1761/2547 1941/1760/2548 1940/1759/2549
f 1939/1761/2547 1943/1762/2550 1944/1763/2551 1941/1760/2552
f 1935/1656/2553 1942/1764/2554 1944/1763/2555 1943/1762/2556
f 1942/1764/2554 1937/1765/2557 1938/1766/2558 1944/1763/2559
f 1938/1767/2560 1941/1760/2561 1944/1768/2562
f 1873/1690/2413 1849/1658/2563 1853/1661/2366 1876/1691/2414
f 1876/1691/2417 1853/1661/2564 1858/1672/2381 1880/1694/2565
f 1880/1698/2424 1858/1671/2378 1851/1650/2377 1874/1653/2421
f 1850/1641/2370 1861/1640/2388 1865/1676/2566 1855/1664/2567
f 1855/1667/2568 1865/1687/2569 1870/1686/2570 1859/1668/2571
f 1859/1668/2572 1870/1686/2573 1863/1651/2574 1851/1650/2575
f 1862/1648/2395 1885/1647/2576 1889/1706/2441 1867/1679/2396
f 1867/1682/2399 1889/1715/2577 1894/1714/2456 1871/1683/2578
f 1871/1683/2406 1894/1714/2453 1887/1652/2452 1863/1651/2403
f 1886/1655/2445 1875/1654/2428 1883/1699/2579 1891/1711/2580
f 1891/1711/2581 1883/1699/2582 1879/1696/2583 1895/1712/2584
f 1895/1712/2585 1879/1696/2586 1874/1653/2587 1887/1652/2588
f 1921/1743/2513 1873/1690/2589 1877/1693/2416 1924/1744/2590
f 1924/1744/2591 1877/1693/2432 1882/1702/2592 1928/1747/2517
f 1928/1751/2523 1882/1701/2593 1875/1654/2359 1922/1657/2362
f 1885/1647/2438 1933/1646/2594 1937/1758/2541 1888/1704/2595
f 1888/1707/2596 1937/1765/2557 1942/1764/2597 1892/1708/2442
f 1892/1708/2448 1942/1764/2598 1935/1656/2361 1886/1655/2360
f 1934/1643/2599 1923/1642/2600 1931/1752/2601 1939/1761/2602
f 1939/1761/2603 1931/1752/2604 1927/1749/2605 1943/1762/2606
f 1943/1762/2607 1927/1749/2608 1922/1657/2520 1935/1656/2553
f 1897/1718/2463 1921/1743/2609 1925/1746/2516 1900/1719/2464
f 1900/1719/2467 1925/1746/2610 1930/1754/2531 1904/1722/2611
f 1904/1722/2474 1930/1754/2528 1923/1642/2527 1898/1645/2471
f 1933/1646/2538 1909/1649/2612 1913/1733/2491 1936/1756/2539
f 1936/1756/2542 1913/1733/2613 1918/1741/2506 1940/1759/2614
f 1940/1759/2549 1918/1741/2503 1911/1644/2502 1934/1643/2546
f 1910/1639/2495 1899/1638/2478 1907/1725/2615 1915/1738/2616
f 1915/1738/2617 1907/1725/2618 1903/1724/2619 1919/1739/2620
f 1919/1739/2621 1903/1724/2622 1898/1645/2623 1911/1644/2624
f 1849/1658/2363 1897/1718/2625 1901/1721/2466 1852/1659/2626
f 1852/1659/2627 1901/1721/2482 1906/1728/2628 1856/1662/2367
f 1856/1666/2373 1906/1727/2629 1899/1638/2343 1850/1641/2346
f 1909/1649/2488 1862/1648/2630 1868/1681/2398 1912/1731/2631
f 1912/1734/2632 1868/1677/2392 1864/1674/2633 1916/1735/2492
f 1916/1735/2498 1864/1674/2634 1861/1640/2345 1910/1639/2344
f 1873/1690/2635 1921/1743/2636 1897/1718/2637 1849/1658/2638
o Autopilot_connector
v 0.053500 0.308500 0.076000
v 0.053500 0.309500 0.077000
v 0.052500 0.309500 0.076000
v 0.053500 0.308634 0.076499
v 0.053001 0.308634 0.076000
v 0.053022 0.308763 0.076478
v 0.053001 0.309500 0.076866
v 0.053500 0.309001 0.076866
v 0.053022 0.309022 0.076737
v 0.052634 0.309001 0.076000
v 0.052634 0.309500 0.076499
v 0.052763 0.309022 0.076478
v 0.053500 0.314500 0.077000
v 0.053500 0.315500 0.076000
v 0.052500 0.314500 0.076000
v 0.053500 0.314999 0.076866
v 0.053001 0.314500 0.076866
v 0.053022 0.314978 0.076737
v 0.053001 0.315366 0.076000
v 0.053500 0.315366 0.076499
v 0.053022 0.315237 0.076478
v 0.052634 0.314500 0.076499
v 0.052634 0.314999 0.076000
v 0.052763 0.314978 0.076478
v 0.053500 0.308500 0.066000
v 0.052500 0.309500 0.066000
v 0.053500 0.309500 0.065000
v 0.053001 0.308634 0.066000
v 0.053500 0.308634 0.065501
v 0.053022 0.308763 0.065522
v 0.052634 0.309500 0.065501
v 0.052634 0.309001 0.066000
v 0.052763 0.309022 0.065522
v 0.053500 0.309001 0.065134
v 0.053001 0.309500 0.065134
v 0.053022 0.309022 0.065263
v 0.053500 0.315500 0.066000
v 0.053500 0.314500 0.065000
v 0.052500 0.314500 0.066000
v 0.053500 0.315366 0.065501
v 0.053001 0.315366 0.066000
v 0.053022 0.315237 0.065522
v 0.053001 0.314500 0.065134
v 0.053500 0.314999 0.065134
v 0.053022 0.314978 0.065263
v 0.052634 0.314999 0.066000
v 0.052634 0.314500 0.065501
v 0.052763 0.314978 0.065522
v 0.062500 0.308500 0.076000
v 0.063500 0.309500 0.076000
v 0.062500 0.309500 0.077000
v 0.062999 0.308634 0.076000
v 0.062500 0.308634 0.076499
v 0.062978 0.308763 0.076478
v 0.063366 0.309500 0.076499
v 0.063366 0.309001 0.076000
v 0.063237 0.309022 0.076478
v 0.062500 0.309001 0.076866
v 0.062999 0.309500 0.076866
v 0.062978 0.309022 0.076737
v 0.062500 0.315500 0.076000
v 0.062500 0.314500 0.077000
v 0.063500 0.314500 0.076000
v 0.062500 0.315366 0.076499
v 0.062999 0.315366 0.076000
v 0.062978 0.315237 0.076478
v 0.062999 0.314500 0.076866
v 0.062500 0.314999 0.076866
v 0.062978 0.314978 0.076737
v 0.063366 0.314999 0.076000
v 0.063366 0.314500 0.076499
v 0.063237 0.314978 0.076478
v 0.062500 0.308500 0.066000
v 0.062500 0.309500 0.065000
v 0.063500 0.309500 0.066000
v 0.062500 0.308634 0.065501
v 0.062999 0.308634 0.066000
v 0.062978 0.308763 0.065522
v 0.062999 0.309500 0.065134
v 0.062500 0.309001 0.065134
v 0.062978 0.309022 0.065263
v 0.063366 0.309001 0.066000
v 0.063366 0.309500 0.065501
v 0.063237 0.309022 0.065522
v 0.062500 0.315500 0.066000
v 0.063500 0.314500 0.066000
v 0.062500 0.314500 0.065000
v 0.062999 0.315366 0.066000
v 0.062500 0.315366 0.065501
v 0.062978 0.315237 0.065522
v 0.063366 0.314500 0.065501
v 0.063366 0.314999 0.066000
v 0.063237 0.314978 0.065522
v 0.062500 0.314999 0.065134
v 0.062999 0.314500 0.065134
v 0.062978 0.314978 0.065263
vn 0.0140 -0.0243 0.9996
vn 0.0140 0.0243 0.9996
vn -0.0140 0.0243 0.9996
vn -0.0140 -0.0243 0.9996
vn 0.9996 -0.0242 -0.0127
vn 0.9996 0.0242 -0.0127
vn 0.9996 0.0242 0.0127
vn 0.9996 -0.0242 0.0127
vn 0.0140 0.9998 -0.0127
vn -0.0140 0.9998 -0.0127
vn -0.0140 0.9998 0.0127
vn 0.0140 0.9998 0.0127
vn -0.9996 -0.0242 0.0127
vn -0.9996 0.0242 0.0127
vn -0.9996 0.0242 -0.0127
vn -0.9996 -0.0242 -0.0127
vn -0.0140 -0.0243 -0.9996
vn -0.0140 0.0243 -0.9996
vn 0.0140 0.0243 -0.9996
vn 0.0140 -0.0243 -0.9996
vn -0.0141 -0.9998 0.0128
vn -0.0120 -0.8662 0.4996
vn -0.4473 -0.7745 0.4473
vn -0.4996 -0.8662 0.0108
vn -0.0120 -0.4996 0.8662
vn -0.4473 -0.4474 0.7744
vn -0.4473 -0.7745 0.4474
vn -0.0141 -0.0243 0.9996
vn -0.4990 -0.0208 0.8664
vn -0.4473 -0.4473 0.7745
vn -0.0119 -0.4995 0.8662
vn -0.8664 -0.0208 0.4990
vn -0.7744 -0.4473 0.4474
vn -0.4474 -0.4473 0.7745
vn -0.9996 -0.0243 0.0127
vn -0.8662 -0.4996 0.0108
vn -0.7745 -0.4473 0.4473
vn -0.8664 -0.0208 0.4989
vn -0.8661 -0.4997 0.0108
vn -0.4997 -0.8662 0.0109
vn -0.4474 -0.7744 0.4473
vn -0.7745 -0.4474 0.4473
vn -0.4473 -0.7744 0.4474
vn -0.4474 -0.4473 0.7744
vn -0.7744 -0.4474 0.4474
vn -0.0141 0.0243 0.9996
vn -0.0120 0.4996 0.8662
vn -0.4473 0.4473 0.7745
vn -0.4989 0.0208 0.8664
vn -0.0120 0.8662 0.4996
vn -0.4473 0.7744 0.4474
vn -0.4473 0.4474 0.7745
vn -0.0141 0.9998 0.0127
vn -0.4996 0.8662 0.0108
vn -0.4473 0.7745 0.4473
vn -0.0119 0.8662 0.4995
vn -0.4997 0.8661 0.0108
vn -0.8662 0.4997 0.0109
vn -0.7744 0.4474 0.4473
vn -0.4474 0.7745 0.4473
vn -0.9996 0.0243 0.0127
vn -0.8664 0.0208 0.4990
vn -0.7745 0.4473 0.4473
vn -0.8662 0.4996 0.0108
vn -0.4990 0.0208 0.8664
vn -0.4474 0.4473 0.7744
vn -0.7745 0.4473 0.4474
vn -0.4473 0.4474 0.7744
vn -0.4474 0.7744 0.4474
vn -0.7744 0.4473 0.4474
vn -0.0141 -0.9998 -0.0127
vn -0.4996 -0.8662 -0.0108
vn -0.4473 -0.7745 -0.4473
vn -0.0119 -0.8662 -0.4995
vn -0.4997 -0.8661 -0.0108
vn -0.8662 -0.4997 -0.0109
vn -0.7744 -0.4474 -0.4473
vn -0.4474 -0.7745 -0.4473
vn -0.9996 -0.0243 -0.0127
vn -0.8664 -0.0208 -0.4990
vn -0.7745 -0.4473 -0.4473
vn -0.8662 -0.4996 -0.0108
vn -0.4990 -0.0208 -0.8664
vn -0.4474 -0.4473 -0.7744
vn -0.7745 -0.4473 -0.4474
vn -0.0141 -0.0243 -0.9996
vn -0.0120 -0.4996 -0.8662
vn -0.4473 -0.4473 -0.7745
vn -0.4989 -0.0208 -0.8664
vn -0.0120 -0.8662 -0.4996
vn -0.4473 -0.7744 -0.4474
vn -0.4473 -0.4474 -0.7745
vn -0.4474 -0.7744 -0.4474
vn -0.7744 -0.4473 -0.4474
vn -0.4473 -0.4474 -0.7744
vn -0.0141 0.9998 -0.0128
vn -0.0120 0.8662 -0.4996
vn -0.4473 0.7745 -0.4473
vn -0.4996 0.8662 -0.0108
vn -0.0120 0.4996 -0.8662
vn -0.4473 0.4474 -0.7744
vn -0.4473 0.7745 -0.4474
vn -0.0141 0.0243 -0.9996
vn -0.4990 0.0208 -0.8664
vn -0.4473 0.4473 -0.7745
vn -0.0119 0.4995 -0.8662
vn -0.8664 0.0208 -0.4990
vn -0.7744 0.4473 -0.4474
vn -0.4474 0.4473 -0.7745
vn -0.9996 0.0243 -0.0127
vn -0.8662 0.4996 -0.0108
vn -0.7745 0.4473 -0.4473
vn -0.8664 0.0208 -0.4989
vn -0.8661 0.4997 -0.0108
vn -0.4997 0.8662 -0.0109
vn -0.4474 0.7744 -0.4473
vn -0.7745 0.4474 -0.4473
vn -0.4473 0.7744 -0.4474
vn -0.4474 0.4473 -0.7744
vn -0.7744 0.4474 -0.4474
vn 0.0141 -0.9998 0.0127
vn 0.4996 -0.8662 0.0108
vn 0.4473 -0.7745 0.4473
vn 0.0119 -0.8662 0.4995
vn 0.4997 -0.8661 0.0108
vn 0.8662 -0.4997 0.0109
vn 0.7744 -0.4474 0.4473
vn 0.4474 -0.7745 0.4473
vn 0.9996 -0.0243 0.0127
vn 0.8664 -0.0208 0.4990
vn 0.7745 -0.4473 0.4473
vn 0.8662 -0.4996 0.0108
vn 0.4990 -0.0208 0.8664
vn 0.4474 -0.4473 0.7744
vn 0.7745 -0.4473 0.4474
vn 0.0141 -0.0243 0.9996
vn 0.0120 -0.4996 0.8662
vn 0.4473 -0.4473 0.7745
vn 0.4989 -0.0208 0.8664
vn 0.0120 -0.8662 0.4996
vn 0.4473 -0.7744 0.4474
vn 0.4473 -0.4474 0.7745
vn 0.4474 -0.7744 0.4474
vn 0.7744 -0.4473 0.4474
vn 0.4473 -0.4474 0.7744
vn 0.0141 0.9998 0.0128
vn 0.0120 0.8662 0.4996
vn 0.4473 0.7745 0.4473
vn 0.4996 0.8662 0.0108
vn 0.0120 0.4996 0.8662
vn 0.4473 0.4474 0.7744
vn 0.4473 0.7745 0.4474
vn 0.0141 0.0243 0.9996
vn 0.4990 0.0208 0.8664
vn 0.4473 0.4473 0.7745
vn 0.0119 0.4995 0.8662
vn 0.8664 0.0208 0.4990
vn 0.7744 0.4473 0.4474
vn 0.4474 0.4473 0.7745
vn 0.9996 0.0243 0.0127
vn 0.8662 0.4996 0.0108
vn 0.7745 0.4473 0.4473
vn 0.8664 0.0208 0.4989
vn 0.8661 0.4997 0.0108
vn 0.4997 0.8662 0.0109
vn 0.4474 0.7744 0.4473
vn 0.7745 0.4474 0.4473
vn 0.4473 0.7744 0.4474
vn 0.4474 0.4473 0.7744
vn 0.7744 0.4474 0.4474
vn 0.0141 -0.9998 -0.0128
vn 0.0120 -0.8662 -0.4996
vn 0.4473 -0.7745 -0.4473
vn 0.4996 -0.8662 -0.0108
vn 0.0120 -0.4996 -0.8662
vn 0.4473 -0.4474 -0.7744
vn 0.4473 -0.7745 -0.4474
vn 0.0141 -0.0243 -0.9996
vn 0.4990 -0.0208 -0.8664
vn 0.4473 -0.4473 -0.7745
vn 0.0119 -0.4995 -0.8662
vn 0.8664 -0.0208 -0.4990
vn 0.7744 -0.4473 -0.4474
vn 0.4474 -0.4473 -0.7745
vn 0.9996 -0.0243 -0.0127
vn 0.8662 -0.4996 -0.0108
vn 0.7745 -0.4473 -0.4473
vn 0.8664 -0.0208 -0.4989
vn 0.8661 -0.4997 -0.0108
vn 0.4997 -0.8662 -0.0109
vn 0.4474 -0.7744 -0.4473
vn 0.7745 -0.4474 -0.4473
vn 0.4473 -0.7744 -0.4474
vn 0.4474 -0.4473 -0.7744
vn 0.7744 -0.4474 -0.4474
vn 0.0141 0.9998 -0.0127
vn 0.4996 0.8662 -0.0108
vn 0.4473 0.7745 -0.4473
vn 0.0119 0.8662 -0.4995
vn 0.4997 0.8661 -0.0108
vn 0.8662 0.4997 -0.0109
vn 0.7744 0.4474 -0.4473
vn 0.4474 0.7745 -0.4473
vn 0.9996 0.0243 -0.0127
vn 0.8664 0.0208 -0.4990
vn 0.7745 0.4473 -0.4473
vn 0.8662 0.4996 -0.0108
vn 0.4990 0.0208 -0.8664
vn 0.4474 0.4473 -0.7744
vn 0.7745 0.4473 -0.4474
vn 0.0141 0.0243 -0.9996
vn 0.0120 0.4996 -0.8662
vn 0.4473 0.4473 -0.7745
vn 0.4989 0.0208 -0.8664
vn 0.0120 0.8662 -0.4996
vn 0.4473 0.7744 -0.4474
vn 0.4473 0.4474 -0.7745
vn 0.4474 0.7744 -0.4474
vn 0.7744 0.4473 -0.4474
vn 0.4473 0.4474 -0.7744
vn -0.0141 -0.9998 0.0127
vn -0.4997 -0.8661 0.0108
vn -0.8661 -0.4997 -0.0108
vn -0.4989 0.0207 0.8664
vn -0.4989 -0.0207 0.8664
vn -0.4990 -0.0207 0.8663
vn -0.4990 0.0207 0.8663
vn -0.8663 0.0207 0.4990
vn -0.8663 -0.0207 0.4990
vn -0.8664 -0.0207 0.4989
vn -0.8664 0.0207 0.4989
vn -0.9996 0.0243 0.0128
vn -0.9996 -0.0243 0.0128
vn -0.0141 0.9998 -0.0127
vn -0.4997 0.8661 -0.0108
vn -0.8661 0.4997 0.0108
vn -0.4989 -0.0207 -0.8664
vn -0.4989 0.0207 -0.8664
vn -0.4990 0.0207 -0.8663
vn -0.4990 -0.0207 -0.8663
vn -0.8663 -0.0207 -0.4990
vn -0.8663 0.0207 -0.4990
vn -0.8664 0.0207 -0.4989
vn -0.8664 -0.0207 -0.4989
vn -0.9996 -0.0243 -0.0128
vn -0.9996 0.0243 -0.0128
vn -0.0141 -0.9998 -0.0128
vn 0.0119 -0.8662 -0.4995
vn 0.0119 -0.8662 -0.4996
vn -0.0119 -0.4996 -0.8662
vn -0.0119 -0.4995 -0.8662
vn 0.0141 0.9998 -0.0128
vn -0.0119 0.8662 -0.4995
vn -0.0119 0.8662 -0.4996
vn 0.0119 0.4996 -0.8662
vn 0.0119 0.4995 -0.8662
vn 0.9996 0.0243 -0.0128
vn 0.9996 -0.0243 -0.0128
vn 0.8664 -0.0207 -0.4989
vn 0.8664 0.0207 -0.4989
vn 0.8663 0.0207 -0.4990
vn 0.8663 -0.0207 -0.4990
vn 0.4990 -0.0207 -0.8663
vn 0.4990 0.0207 -0.8663
vn 0.4989 0.0207 -0.8664
vn 0.4989 -0.0207 -0.8664
vn 0.0141 -0.9998 -0.0127
vn 0.4997 -0.8661 -0.0108
vn 0.8661 -0.4997 0.0108
vn 0.0141 0.9998 0.0127
vn 0.4997 0.8661 0.0108
vn 0.8661 0.4997 -0.0108
vn 0.4989 -0.0207 0.8664
vn 0.4989 0.0207 0.8664
vn 0.4990 0.0207 0.8663
vn 0.4990 -0.0207 0.8663
vn 0.8663 -0.0207 0.4990
vn 0.8663 0.0207 0.4990
vn 0.8664 0.0207 0.4989
vn 0.8664 -0.0207 0.4989
vn 0.9996 -0.0243 0.0128
vn 0.9996 0.0243 0.0128
vn 0.0141 -0.9998 0.0128
vn -0.0119 -0.8662 0.4995
vn -0.0119 -0.8662 0.4996
vn 0.0119 -0.4996 0.8662
vn 0.0119 -0.4995 0.8662
vn -0.0141 0.9998 0.0128
vn 0.0119 0.8662 0.4995
vn 0.0119 0.8662 0.4996
vn -0.0119 0.4996 0.8662
vn -0.0119 0.4995 0.8662
vn -0.0140 -0.9998 -0.0127
vn 0.0140 -0.9998 -0.0127
vn 0.0140 -0.9998 0.0127
vn -0.0140 -0.9998 0.0127
vt 0.410714 0.772727
vt 0.589286 0.772727
vt 0.589286 0.977273
vt 0.410714 0.977273
vt 0.410714 0.520833
vt 0.589286 0.520833
vt 0.589286 0.729167
vt 0.410714 0.729167
vt 0.647727 0.520833
vt 0.852273 0.520833
vt 0.852273 0.729167
vt 0.647727 0.729167
vt 0.410714 0.020833
vt 0.589286 0.020833
vt 0.589286 0.229167
vt 0.410714 0.229167
vt 0.410714 0.272727
vt 0.589286 0.272727
vt 0.589286 0.477273
vt 0.410714 0.477273
vt 0.147727 0.729167
vt 0.147727 0.739570
vt 0.136859 0.739129
vt 0.136379 0.729167
vt 0.147727 0.750000
vt 0.136859 0.750000
vt 0.410714 1.000000
vt 0.375000 0.988141
vt 0.375000 0.977273
vt 0.410714 0.000000
vt 0.410714 0.010430
vt 0.375000 0.010871
vt 0.375000 0.000000
vt 0.375000 0.020833
vt 0.125000 0.729167
vt 0.125000 0.739129
vt 0.607119 0.977273
vt 0.606365 0.988141
vt 0.589286 1.000000
vt 0.625000 0.977273
vt 0.625000 0.988141
vt 0.875000 0.729167
vt 0.863141 0.750000
vt 0.852273 0.750000
vt 0.625000 0.020833
vt 0.607119 0.020833
vt 0.606365 0.010871
vt 0.625000 0.000000
vt 0.589286 0.010430
vt 0.589286 0.000000
vt 0.606365 0.005487
vt 0.606365 0.994014
vt 0.147727 0.520833
vt 0.136379 0.520833
vt 0.136859 0.510871
vt 0.147727 0.510430
vt 0.125000 0.520833
vt 0.125000 0.510871
vt 0.410714 0.239570
vt 0.375000 0.239129
vt 0.375000 0.229167
vt 0.410714 0.261379
vt 0.375000 0.261859
vt 0.375000 0.272727
vt 0.147727 0.500000
vt 0.136859 0.500000
vt 0.852273 0.500000
vt 0.863141 0.500000
vt 0.875000 0.520833
vt 0.625000 0.272727
vt 0.607119 0.272727
vt 0.606365 0.261859
vt 0.625000 0.261859
vt 0.589286 0.261379
vt 0.589286 0.239570
vt 0.606365 0.239129
vt 0.607119 0.229167
vt 0.625000 0.229167
vt 0.625000 0.250000
vt 0.606365 0.255986
vt 0.352273 0.729167
vt 0.363621 0.729167
vt 0.363141 0.739129
vt 0.352273 0.739570
vt 0.392881 0.729167
vt 0.393635 0.739129
vt 0.410714 0.739570
vt 0.410714 0.761379
vt 0.375000 0.761859
vt 0.375000 0.772727
vt 0.352273 0.750000
vt 0.363141 0.750000
vt 0.369014 0.739129
vt 0.647727 0.750000
vt 0.636859 0.750000
vt 0.636378 0.729167
vt 0.625000 0.772727
vt 0.607119 0.772727
vt 0.606365 0.761859
vt 0.625000 0.761859
vt 0.589286 0.761379
vt 0.589286 0.739570
vt 0.606365 0.739129
vt 0.607119 0.729167
vt 0.606365 0.755986
vt 0.352273 0.520833
vt 0.352273 0.510430
vt 0.363141 0.510871
vt 0.363621 0.520833
vt 0.352273 0.500000
vt 0.363141 0.500000
vt 0.410714 0.488622
vt 0.375000 0.488141
vt 0.375000 0.477273
vt 0.410714 0.510430
vt 0.393635 0.510871
vt 0.392881 0.520833
vt 0.369014 0.510871
vt 0.636378 0.520833
vt 0.636859 0.510871
vt 0.647727 0.500000
vt 0.607119 0.520833
vt 0.606365 0.510871
vt 0.589286 0.510430
vt 0.589286 0.488621
vt 0.606365 0.488141
vt 0.607119 0.477273
vt 0.625000 0.477273
vt 0.615594 0.488141
vt 0.615594 0.510871
vt 0.606365 0.505487
s 0
usemtl Electrical_contacts
f 1995/1769/2639 2006/1770/2640 1957/1771/2641 1946/1772/2642
f 2019/1773/2643 2030/1774/2644 2007/1775/2645 1994/1776/2646
f 2029/1777/2647 1981/1778/2648 1958/1779/2649 2005/1780/2650
f 1947/1781/2651 1959/1782/2652 1983/1783/2653 1970/1784/2654
f 1971/1785/2655 1982/1786/2656 2031/1787/2657 2018/1788/2658
f 1945/1789/2659 1948/1790/2660 1950/1791/2661 1949/1792/2662
f 1948/1790/2660 1952/1793/2663 1953/1794/2664 1950/1791/2665
f 1946/1772/2666 1951/1795/2667 1953/1796/2668 1952/1797/2669
f 1951/1798/2667 1955/1799/2670 1956/1800/2671 1953/1801/2672
f 1947/1781/2673 1954/1802/2674 1956/1800/2675 1955/1799/2676
f 1954/1803/2677 1949/1792/2678 1950/1791/2679 1956/1804/2680
f 1950/1791/2681 1953/1794/2682 1956/1804/2683
f 1957/1771/2684 1960/1805/2685 1962/1806/2686 1961/1807/2687
f 1960/1805/2685 1964/1808/2688 1965/1809/2689 1962/1806/2690
f 1958/1779/2691 1963/1810/2692 1965/1811/2693 1964/1812/2694
f 1963/1813/2695 1967/1814/2696 1968/1815/2697 1965/1816/2698
f 1959/1782/2699 1966/1817/2700 1968/1815/2701 1967/1814/2702
f 1966/1817/2700 1961/1818/2703 1962/1819/2704 1968/1815/2705
f 1962/1806/2706 1965/1809/2707 1968/1820/2708
f 1969/1821/2709 1972/1822/2710 1974/1823/2711 1973/1824/2712
f 1972/1822/2713 1976/1825/2714 1977/1826/2715 1974/1823/2716
f 1970/1784/2717 1975/1827/2718 1977/1828/2719 1976/1829/2720
f 1975/1827/2718 1979/1830/2721 1980/1831/2722 1977/1828/2723
f 1971/1785/2724 1978/1832/2725 1980/1831/2726 1979/1830/2727
f 1978/1833/2725 1973/1824/2728 1974/1823/2729 1980/1834/2730
f 1974/1823/2731 1977/1826/2732 1980/1834/2733
f 1981/1778/2734 1984/1835/2735 1986/1836/2736 1985/1837/2737
f 1984/1838/2735 1988/1839/2738 1989/1840/2739 1986/1841/2740
f 1982/1786/2741 1987/1842/2742 1989/1840/2743 1988/1839/2744
f 1987/1842/2742 1991/1843/2745 1992/1844/2746 1989/1840/2747
f 1983/1783/2748 1990/1845/2749 1992/1844/2750 1991/1843/2751
f 1990/1845/2752 1985/1846/2753 1986/1847/2754 1992/1844/2755
f 1986/1841/2756 1989/1840/2757 1992/1848/2758
f 1993/1849/2759 1996/1850/2760 1998/1851/2761 1997/1852/2762
f 1996/1850/2763 2000/1853/2764 2001/1854/2765 1998/1851/2766
f 1994/1776/2767 1999/1855/2768 2001/1854/2769 2000/1853/2770
f 1999/1855/2768 2003/1856/2771 2004/1857/2772 2001/1854/2773
f 1995/1769/2774 2002/1858/2775 2004/1857/2776 2003/1856/2777
f 2002/1859/2775 1997/1852/2778 1998/1851/2779 2004/1860/2780
f 1998/1851/2781 2001/1861/2782 2004/1860/2783
f 2005/1780/2784 2008/1862/2785 2010/1863/2786 2009/1864/2787
f 2008/1865/2785 2012/1866/2788 2013/1867/2789 2010/1868/2790
f 2006/1770/2791 2011/1869/2792 2013/1867/2793 2012/1866/2794
f 2011/1869/2792 2015/1870/2795 2016/1871/2796 2013/1867/2797
f 2007/1775/2798 2014/1872/2799 2016/1871/2800 2015/1870/2801
f 2014/1872/2802 2009/1864/2803 2010/1863/2804 2016/1871/2805
f 2010/1868/2806 2013/1867/2807 2016/1873/2808
f 2017/1874/2809 2020/1875/2810 2022/1876/2811 2021/1877/2812
f 2020/1875/2810 2024/1878/2813 2025/1879/2814 2022/1876/2815
f 2018/1788/2816 2023/1880/2817 2025/1881/2818 2024/1882/2819
f 2023/1880/2817 2027/1883/2820 2028/1884/2821 2025/1881/2822
f 2019/1773/2823 2026/1885/2824 2028/1884/2825 2027/1883/2826
f 2026/1885/2827 2021/1877/2828 2022/1876/2829 2028/1884/2830
f 2022/1876/2831 2025/1879/2832 2028/1886/2833
f 2029/1777/2834 2032/1887/2835 2034/1888/2836 2033/1889/2837
f 2032/1887/2838 2036/1890/2839 2037/1891/2840 2034/1888/2841
f 2030/1774/2842 2035/1892/2843 2037/1891/2844 2036/1890/2845
f 2035/1892/2843 2039/1893/2846 2040/1894/2847 2037/1891/2848
f 2031/1787/2849 2038/1895/2850 2040/1894/2851 2039/1893/2852
f 2038/1895/2850 2033/1896/2853 2034/1897/2854 2040/1894/2855
f 2034/1898/2856 2037/1891/2857 2040/1899/2858
f 1969/1821/2709 1945/1789/2859 1949/1792/2662 1972/1822/2710
f 1972/1822/2713 1949/1792/2860 1954/1803/2677 1976/1825/2861
f 1976/1829/2720 1954/1802/2674 1947/1781/2673 1970/1784/2717
f 1946/1772/2666 1957/1771/2684 1961/1807/2862 1951/1795/2863
f 1951/1798/2864 1961/1818/2865 1966/1817/2866 1955/1799/2867
f 1955/1799/2868 1966/1817/2869 1959/1782/2870 1947/1781/2871
f 1958/1779/2691 1981/1778/2872 1985/1837/2737 1963/1810/2692
f 1963/1813/2695 1985/1846/2873 1990/1845/2752 1967/1814/2874
f 1967/1814/2702 1990/1845/2749 1983/1783/2748 1959/1782/2699
f 1982/1786/2741 1971/1785/2724 1979/1830/2875 1987/1842/2876
f 1987/1842/2877 1979/1830/2878 1975/1827/2879 1991/1843/2880
f 1991/1843/2881 1975/1827/2882 1970/1784/2883 1983/1783/2884
f 2017/1874/2809 1969/1821/2885 1973/1824/2712 2020/1875/2886
f 2020/1875/2887 1973/1824/2728 1978/1833/2888 2024/1878/2813
f 2024/1882/2819 1978/1832/2889 1971/1785/2655 2018/1788/2658
f 1981/1778/2734 2029/1777/2890 2033/1889/2837 1984/1835/2891
f 1984/1838/2892 2033/1896/2853 2038/1895/2893 1988/1839/2738
f 1988/1839/2744 2038/1895/2894 2031/1787/2657 1982/1786/2656
f 2030/1774/2895 2019/1773/2896 2027/1883/2897 2035/1892/2898
f 2035/1892/2899 2027/1883/2900 2023/1880/2901 2039/1893/2902
f 2039/1893/2903 2023/1880/2904 2018/1788/2816 2031/1787/2849
f 1993/1849/2759 2017/1874/2905 2021/1877/2812 1996/1850/2760
f 1996/1850/2763 2021/1877/2906 2026/1885/2827 2000/1853/2907
f 2000/1853/2770 2026/1885/2824 2019/1773/2823 1994/1776/2767
f 2029/1777/2834 2005/1780/2908 2009/1864/2787 2032/1887/2835
f 2032/1887/2838 2009/1864/2909 2014/1872/2802 2036/1890/2910
f 2036/1890/2845 2014/1872/2799 2007/1775/2798 2030/1774/2842
f 2006/1770/2791 1995/1769/2774 2003/1856/2911 2011/1869/2912
f 2011/1869/2913 2003/1856/2914 1999/1855/2915 2015/1870/2916
f 2015/1870/2917 1999/1855/2918 1994/1776/2919 2007/1775/2920
f 1945/1789/2659 1993/1849/2921 1997/1852/2762 1948/1790/2922
f 1948/1790/2923 1997/1852/2778 2002/1859/2924 1952/1793/2663
f 1952/1797/2669 2002/1858/2925 1995/1769/2639 1946/1772/2642
f 2005/1780/2784 1958/1779/2926 1964/1812/2694 2008/1862/2927
f 2008/1865/2928 1964/1808/2688 1960/1805/2929 2012/1866/2788
f 2012/1866/2794 1960/1805/2930 1957/1771/2641 2006/1770/2640
f 1969/1821/2931 2017/1874/2932 1993/1849/2933 1945/1789/2934
o Autopilot_carrier_board
v 0.050500 0.302500 0.081500
v 0.050500 0.305500 0.084500
v 0.047500 0.305500 0.081500
v 0.050500 0.302901 0.082998
v 0.049002 0.302901 0.081500
v 0.049065 0.303290 0.082935
v 0.049002 0.305500 0.084099
v 0.050500 0.304002 0.084099
v 0.049065 0.304065 0.083710
v 0.047901 0.304002 0.081500
v 0.047901 0.305500 0.082998
v 0.048290 0.304065 0.082935
v 0.050500 0.306500 0.084500
v 0.050500 0.309500 0.081500
v 0.047500 0.306500 0.081500
v 0.050500 0.307998 0.084099
v 0.049002 0.306500 0.084099
v 0.049065 0.307935 0.083710
v 0.049002 0.309099 0.081500
v 0.050500 0.309099 0.082998
v 0.049065 0.308710 0.082935
v 0.047901 0.306500 0.082998
v 0.047901 0.307998 0.081500
v 0.048290 0.307935 0.082935
v 0.050500 0.302500 0.002500
v 0.047500 0.305500 0.002500
v 0.050500 0.305500 -0.000500
v 0.049002 0.302901 0.002500
v 0.050500 0.302901 0.001002
v 0.049065 0.303290 0.001065
v 0.047901 0.305500 0.001002
v 0.047901 0.304002 0.002500
v 0.048290 0.304065 0.001065
v 0.050500 0.304002 -0.000099
v 0.049002 0.305500 -0.000099
v 0.049065 0.304065 0.000290
v 0.050500 0.309500 0.002500
v 0.050500 0.306500 -0.000500
v 0.047500 0.306500 0.002500
v 0.050500 0.309099 0.001002
v 0.049002 0.309099 0.002500
v 0.049065 0.308710 0.001065
v 0.049002 0.306500 -0.000099
v 0.050500 0.307998 -0.000099
v 0.049065 0.307935 0.000290
v 0.047901 0.307998 0.002500
v 0.047901 0.306500 0.001002
v 0.048290 0.307935 0.001065
v 0.129500 0.302500 0.081500
v 0.132500 0.305500 0.081500
v 0.129500 0.305500 0.084500
v 0.130998 0.302901 0.081500
v 0.129500 0.302901 0.082998
v 0.130935 0.303290 0.082935
v 0.132099 0.305500 0.082998
v 0.132099 0.304002 0.081500
v 0.131710 0.304065 0.082935
v 0.129500 0.304002 0.084099
v 0.130998 0.305500 0.084099
v 0.130935 0.304065 0.083710
v 0.129500 0.309500 0.081500
v 0.129500 0.306500 0.084500
v 0.132500 0.306500 0.081500
v 0.129500 0.309099 0.082998
v 0.130998 0.309099 0.081500
v 0.130935 0.308710 0.082935
v 0.130998 0.306500 0.084099
v 0.129500 0.307998 0.084099
v 0.130935 0.307935 0.083710
v 0.132099 0.307998 0.081500
v 0.132099 0.306500 0.082998
v 0.131710 0.307935 0.082935
v 0.129500 0.302500 0.002500
v 0.129500 0.305500 -0.000500
v 0.132500 0.305500 0.002500
v 0.129500 0.302901 0.001002
v 0.130998 0.302901 0.002500
v 0.130935 0.303290 0.001065
v 0.130998 0.305500 -0.000099
v 0.129500 0.304002 -0.000099
v 0.130935 0.304065 0.000290
v 0.132099 0.304002 0.002500
v 0.132099 0.305500 0.001002
v 0.131710 0.304065 0.001065
v 0.129500 0.309500 0.002500
v 0.132500 0.306500 0.002500
v 0.129500 0.306500 -0.000500
v 0.130998 0.309099 0.002500
v 0.129500 0.309099 0.001002
v 0.130935 0.308710 0.001065
v 0.132099 0.306500 0.001002
v 0.132099 0.307998 0.002500
v 0.131710 0.307935 0.001065
v 0.129500 0.307998 -0.000099
v 0.130998 0.306500 -0.000099
v 0.130935 0.307935 0.000290
vn 0.0049 -0.1584 0.9874
vn 0.0049 0.1584 0.9874
vn -0.0049 0.1584 0.9874
vn -0.0049 -0.1584 0.9874
vn 0.9874 -0.1584 -0.0049
vn 0.9874 0.1584 -0.0049
vn 0.9874 0.1584 0.0049
vn 0.9874 -0.1584 0.0049
vn 0.0050 1.0000 -0.0050
vn -0.0050 1.0000 -0.0050
vn -0.0050 1.0000 0.0050
vn 0.0050 1.0000 0.0050
vn -0.9874 -0.1584 0.0049
vn -0.9874 0.1584 0.0049
vn -0.9874 0.1584 -0.0049
vn -0.9874 -0.1584 -0.0049
vn -0.0049 -0.1584 -0.9874
vn -0.0049 0.1584 -0.9874
vn 0.0049 0.1584 -0.9874
vn 0.0049 -0.1584 -0.9874
vn -0.0050 -1.0000 0.0050
vn -0.0043 -0.8660 0.5000
vn -0.4178 -0.8067 0.4178
vn -0.5000 -0.8660 0.0043
vn -0.0042 -0.8660 0.5001
vn -0.0043 -0.5001 0.8660
vn -0.4178 -0.4179 0.8067
vn -0.4178 -0.8067 0.4179
vn -0.0049 -0.1585 0.9873
vn -0.4864 -0.1438 0.8618
vn -0.4178 -0.4178 0.8068
vn -0.0042 -0.5000 0.8660
vn -0.4865 -0.1438 0.8618
vn -0.8618 -0.1438 0.4865
vn -0.8067 -0.4178 0.4179
vn -0.4179 -0.4178 0.8067
vn -0.9874 -0.1585 0.0049
vn -0.8660 -0.5000 0.0043
vn -0.8067 -0.4178 0.4178
vn -0.8618 -0.1438 0.4864
vn -0.8660 -0.5001 0.0042
vn -0.5001 -0.8660 0.0043
vn -0.4179 -0.8067 0.4178
vn -0.8067 -0.4179 0.4178
vn -0.4179 -0.8067 0.4179
vn -0.0049 0.1585 0.9874
vn -0.0043 0.5000 0.8660
vn -0.4178 0.4178 0.8068
vn -0.4864 0.1438 0.8618
vn -0.0042 0.5001 0.8660
vn -0.0043 0.8660 0.5001
vn -0.4178 0.8067 0.4179
vn -0.4178 0.4179 0.8067
vn -0.5000 0.8660 0.0043
vn -0.4178 0.8067 0.4178
vn -0.0043 0.8660 0.5000
vn -0.5001 0.8660 0.0042
vn -0.8660 0.5001 0.0043
vn -0.8067 0.4179 0.4178
vn -0.4179 0.8067 0.4178
vn -0.9873 0.1585 0.0049
vn -0.8618 0.1438 0.4864
vn -0.8067 0.4178 0.4178
vn -0.8660 0.5000 0.0042
vn -0.8618 0.1438 0.4865
vn -0.4865 0.1438 0.8618
vn -0.4179 0.4178 0.8067
vn -0.8067 0.4178 0.4179
vn -0.4179 0.8067 0.4179
vn -0.0050 -1.0000 -0.0050
vn -0.5000 -0.8660 -0.0043
vn -0.4178 -0.8067 -0.4178
vn -0.0043 -0.8660 -0.5000
vn -0.5001 -0.8660 -0.0042
vn -0.8660 -0.5001 -0.0043
vn -0.8067 -0.4179 -0.4178
vn -0.4179 -0.8067 -0.4178
vn -0.9873 -0.1585 -0.0049
vn -0.8618 -0.1438 -0.4864
vn -0.8067 -0.4178 -0.4178
vn -0.8660 -0.5000 -0.0042
vn -0.8618 -0.1438 -0.4865
vn -0.4865 -0.1438 -0.8618
vn -0.4179 -0.4178 -0.8067
vn -0.8067 -0.4178 -0.4179
vn -0.0049 -0.1585 -0.9874
vn -0.0043 -0.5000 -0.8660
vn -0.4178 -0.4178 -0.8067
vn -0.4864 -0.1438 -0.8618
vn -0.0042 -0.5001 -0.8660
vn -0.0043 -0.8660 -0.5001
vn -0.4178 -0.8067 -0.4179
vn -0.4178 -0.4179 -0.8067
vn -0.4179 -0.8067 -0.4179
vn -0.0043 0.8660 -0.5000
vn -0.4178 0.8067 -0.4178
vn -0.5000 0.8660 -0.0043
vn -0.0042 0.8660 -0.5001
vn -0.0043 0.5001 -0.8660
vn -0.4178 0.4179 -0.8067
vn -0.4178 0.8067 -0.4179
vn -0.0049 0.1585 -0.9873
vn -0.4864 0.1438 -0.8618
vn -0.4178 0.4178 -0.8068
vn -0.0042 0.5000 -0.8660
vn -0.4865 0.1438 -0.8618
vn -0.8618 0.1438 -0.4865
vn -0.8067 0.4178 -0.4179
vn -0.4179 0.4178 -0.8067
vn -0.9874 0.1585 -0.0049
vn -0.8660 0.5000 -0.0043
vn -0.8067 0.4178 -0.4178
vn -0.8618 0.1438 -0.4864
vn -0.8660 0.5001 -0.0042
vn -0.5001 0.8660 -0.0043
vn -0.4179 0.8067 -0.4178
vn -0.8067 0.4179 -0.4178
vn -0.4179 0.8067 -0.4179
vn 0.0050 -1.0000 0.0050
vn 0.5000 -0.8660 0.0043
vn 0.4178 -0.8067 0.4178
vn 0.0043 -0.8660 0.5000
vn 0.5001 -0.8660 0.0042
vn 0.8660 -0.5001 0.0043
vn 0.8067 -0.4179 0.4178
vn 0.4179 -0.8067 0.4178
vn 0.9873 -0.1585 0.0049
vn 0.8618 -0.1438 0.4864
vn 0.8067 -0.4178 0.4178
vn 0.8660 -0.5000 0.0042
vn 0.8618 -0.1438 0.4865
vn 0.4865 -0.1438 0.8618
vn 0.4179 -0.4178 0.8067
vn 0.8067 -0.4178 0.4179
vn 0.0049 -0.1585 0.9874
vn 0.0043 -0.5000 0.8660
vn 0.4178 -0.4178 0.8067
vn 0.4864 -0.1438 0.8618
vn 0.0042 -0.5001 0.8660
vn 0.0043 -0.8660 0.5001
vn 0.4178 -0.8067 0.4179
vn 0.4178 -0.4179 0.8067
vn 0.4179 -0.8067 0.4179
vn 0.0043 0.8660 0.5000
vn 0.4178 0.8067 0.4178
vn 0.5000 0.8660 0.0043
vn 0.0042 0.8660 0.5001
vn 0.0043 0.5001 0.8660
vn 0.4178 0.4179 0.8067
vn 0.4178 0.8067 0.4179
vn 0.0049 0.1585 0.9873
vn 0.4864 0.1438 0.8618
vn 0.4178 0.4178 0.8068
vn 0.0042 0.5000 0.8660
vn 0.4865 0.1438 0.8618
vn 0.8618 0.1438 0.4865
vn 0.8067 0.4178 0.4179
vn 0.4179 0.4178 0.8067
vn 0.9874 0.1585 0.0049
vn 0.8660 0.5000 0.0043
vn 0.8067 0.4178 0.4178
vn 0.8618 0.1438 0.4864
vn 0.8660 0.5001 0.0042
vn 0.5001 0.8660 0.0043
vn 0.4179 0.8067 0.4178
vn 0.8067 0.4179 0.4178
vn 0.4179 0.8067 0.4179
vn 0.0050 -1.0000 -0.0050
vn 0.0043 -0.8660 -0.5000
vn 0.4178 -0.8067 -0.4178
vn 0.5000 -0.8660 -0.0043
vn 0.0042 -0.8660 -0.5001
vn 0.0043 -0.5001 -0.8660
vn 0.4178 -0.4179 -0.8067
vn 0.4178 -0.8067 -0.4179
vn 0.0049 -0.1585 -0.9873
vn 0.4864 -0.1438 -0.8618
vn 0.4178 -0.4178 -0.8068
vn 0.0042 -0.5000 -0.8660
vn 0.4865 -0.1438 -0.8618
vn 0.8618 -0.1438 -0.4865
vn 0.8067 -0.4178 -0.4179
vn 0.4179 -0.4178 -0.8067
vn 0.9874 -0.1585 -0.0049
vn 0.8660 -0.5000 -0.0043
vn 0.8067 -0.4178 -0.4178
vn 0.8618 -0.1438 -0.4864
vn 0.8660 -0.5001 -0.0042
vn 0.5001 -0.8660 -0.0043
vn 0.4179 -0.8067 -0.4178
vn 0.8067 -0.4179 -0.4178
vn 0.4179 -0.8067 -0.4179
vn 0.5000 0.8660 -0.0043
vn 0.4178 0.8067 -0.4178
vn 0.0043 0.8660 -0.5000
vn 0.5001 0.8660 -0.0042
vn 0.8660 0.5001 -0.0043
vn 0.8067 0.4179 -0.4178
vn 0.4179 0.8067 -0.4178
vn 0.9873 0.1585 -0.0049
vn 0.8618 0.1438 -0.4864
vn 0.8067 0.4178 -0.4178
vn 0.8660 0.5000 -0.0042
vn 0.8618 0.1438 -0.4865
vn 0.4865 0.1438 -0.8618
vn 0.4179 0.4178 -0.8067
vn 0.8067 0.4178 -0.4179
vn 0.0049 0.1585 -0.9874
vn 0.0043 0.5000 -0.8660
vn 0.4178 0.4178 -0.8067
vn 0.4864 0.1438 -0.8618
vn 0.0042 0.5001 -0.8660
vn 0.0043 0.8660 -0.5001
vn 0.4178 0.8067 -0.4179
vn 0.4178 0.4179 -0.8067
vn 0.4179 0.8067 -0.4179
vn -0.5000 -0.8660 0.0042
vn -0.5000 -0.8660 -0.0042
vn -0.5001 -0.8659 -0.0042
vn -0.5001 -0.8659 0.0042
vn -0.8659 -0.5001 -0.0042
vn -0.8660 -0.5000 0.0042
vn -0.9874 -0.1585 -0.0049
vn -0.4864 0.1437 0.8618
vn -0.4864 -0.1437 0.8618
vn -0.8618 -0.1437 0.4864
vn -0.8618 0.1437 0.4864
vn -0.5000 0.8660 -0.0042
vn -0.5000 0.8660 0.0042
vn -0.5001 0.8659 0.0042
vn -0.5001 0.8659 -0.0042
vn -0.8659 0.5001 0.0042
vn -0.8660 0.5000 -0.0042
vn -0.9874 0.1585 0.0049
vn -0.4864 -0.1437 -0.8618
vn -0.4864 0.1437 -0.8618
vn -0.8618 0.1437 -0.4864
vn -0.8618 -0.1437 -0.4864
vn -0.0042 -0.8660 -0.5000
vn 0.0042 -0.8660 -0.5000
vn 0.0042 -0.8659 -0.5001
vn -0.0042 -0.8659 -0.5001
vn 0.0042 -0.5001 -0.8659
vn -0.0042 -0.5000 -0.8660
vn 0.0049 -0.1585 -0.9874
vn 0.0042 0.8660 -0.5000
vn -0.0042 0.8660 -0.5000
vn -0.0042 0.8659 -0.5001
vn 0.0042 0.8659 -0.5001
vn -0.0042 0.5001 -0.8659
vn 0.0042 0.5000 -0.8660
vn -0.0049 0.1585 -0.9874
vn 0.8618 -0.1437 -0.4864
vn 0.8618 0.1437 -0.4864
vn 0.4864 0.1437 -0.8618
vn 0.4864 -0.1437 -0.8618
vn 0.5000 -0.8660 -0.0042
vn 0.5000 -0.8660 0.0042
vn 0.5001 -0.8659 0.0042
vn 0.5001 -0.8659 -0.0042
vn 0.8659 -0.5001 -0.0042
vn 0.8659 -0.5001 0.0042
vn 0.8660 -0.5000 -0.0042
vn 0.9874 -0.1585 0.0049
vn 0.5000 0.8660 0.0042
vn 0.5000 0.8660 -0.0042
vn 0.5001 0.8659 -0.0042
vn 0.5001 0.8659 0.0042
vn 0.8659 0.5001 0.0042
vn 0.8659 0.5001 -0.0042
vn 0.8660 0.5000 0.0042
vn 0.9874 0.1585 -0.0049
vn 0.4864 -0.1437 0.8618
vn 0.4864 0.1437 0.8618
vn 0.8618 0.1437 0.4864
vn 0.8618 -0.1437 0.4864
vn 0.0042 -0.8660 0.5000
vn -0.0042 -0.8660 0.5000
vn -0.0042 -0.8659 0.5001
vn 0.0042 -0.8659 0.5001
vn 0.0042 -0.5001 0.8659
vn -0.0042 -0.5001 0.8659
vn 0.0042 -0.5000 0.8660
vn -0.0049 -0.1585 0.9874
vn -0.0042 0.8660 0.5000
vn 0.0042 0.8660 0.5000
vn 0.0042 0.8659 0.5001
vn -0.0042 0.8659 0.5001
vn -0.0042 0.5001 0.8659
vn 0.0042 0.5001 0.8659
vn -0.0042 0.5000 0.8660
vn 0.0049 0.1585 0.9874
vt 0.482143 0.758824
vt 0.517857 0.758824
vt 0.517857 0.991176
vt 0.482143 0.991176
vt 0.482143 0.508824
vt 0.517857 0.508824
vt 0.517857 0.741176
vt 0.482143 0.741176
vt 0.633824 0.508824
vt 0.866176 0.508824
vt 0.866176 0.741176
vt 0.633824 0.741176
vt 0.482143 0.008824
vt 0.517857 0.008824
vt 0.517857 0.241176
vt 0.482143 0.241176
vt 0.482143 0.258824
vt 0.517857 0.258824
vt 0.517857 0.491176
vt 0.482143 0.491176
vt 0.133824 0.741176
vt 0.133824 0.745582
vt 0.129604 0.745396
vt 0.129418 0.741176
vt 0.133824 0.750000
vt 0.129604 0.750000
vt 0.482143 1.000000
vt 0.375000 0.995396
vt 0.375000 0.991176
vt 0.482143 0.000000
vt 0.482143 0.004418
vt 0.375000 0.004604
vt 0.375000 0.000000
vt 0.375000 0.008824
vt 0.125000 0.741176
vt 0.125000 0.745396
vt 0.571358 0.991176
vt 0.569094 0.995396
vt 0.517857 1.000000
vt 0.625000 0.991176
vt 0.625000 0.995396
vt 0.875000 0.741176
vt 0.870396 0.750000
vt 0.866176 0.750000
vt 0.625000 0.008824
vt 0.571358 0.008824
vt 0.569094 0.004604
vt 0.625000 0.000000
vt 0.517857 0.004418
vt 0.517857 0.000000
vt 0.569094 0.002324
vt 0.569094 0.997676
vt 0.133824 0.508824
vt 0.129418 0.508824
vt 0.129604 0.504604
vt 0.133824 0.504418
vt 0.125000 0.508824
vt 0.125000 0.504604
vt 0.482143 0.245582
vt 0.375000 0.245396
vt 0.375000 0.241176
vt 0.482143 0.254418
vt 0.375000 0.254604
vt 0.375000 0.258824
vt 0.133824 0.500000
vt 0.129604 0.500000
vt 0.866176 0.500000
vt 0.870396 0.500000
vt 0.875000 0.508824
vt 0.625000 0.258824
vt 0.571358 0.258824
vt 0.569094 0.254604
vt 0.625000 0.254604
vt 0.517857 0.254418
vt 0.517857 0.245582
vt 0.569094 0.245396
vt 0.571358 0.241176
vt 0.625000 0.241176
vt 0.625000 0.250000
vt 0.569094 0.252324
vt 0.366176 0.741176
vt 0.370582 0.741176
vt 0.370396 0.745396
vt 0.366176 0.745582
vt 0.428642 0.741176
vt 0.430906 0.745396
vt 0.482143 0.745582
vt 0.482143 0.754418
vt 0.375000 0.754604
vt 0.375000 0.758824
vt 0.366176 0.750000
vt 0.370396 0.750000
vt 0.372676 0.745396
vt 0.633824 0.750000
vt 0.629604 0.750000
vt 0.629418 0.741176
vt 0.625000 0.758824
vt 0.571358 0.758824
vt 0.569094 0.754604
vt 0.625000 0.754604
vt 0.517857 0.754418
vt 0.517857 0.745582
vt 0.569094 0.745396
vt 0.571358 0.741176
vt 0.569094 0.752324
vt 0.366176 0.508824
vt 0.366176 0.504418
vt 0.370396 0.504604
vt 0.370582 0.508824
vt 0.366176 0.500000
vt 0.370396 0.500000
vt 0.482143 0.495582
vt 0.375000 0.495396
vt 0.375000 0.491176
vt 0.482143 0.504418
vt 0.430906 0.504604
vt 0.428642 0.508824
vt 0.372676 0.504604
vt 0.629418 0.508824
vt 0.629604 0.504604
vt 0.633824 0.500000
vt 0.571358 0.508824
vt 0.569094 0.504604
vt 0.517857 0.504418
vt 0.517857 0.495582
vt 0.569094 0.495396
vt 0.571358 0.491176
vt 0.625000 0.491176
vt 0.596782 0.495396
vt 0.596782 0.504604
vt 0.569094 0.502324
s 0
usemtl Circuit_board
f 2091/1900/2935 2102/1901/2936 2053/1902/2937 2042/1903/2938
f 2115/1904/2939 2126/1905/2940 2103/1906/2941 2090/1907/2942
f 2125/1908/2943 2077/1909/2944 2054/1910/2945 2101/1911/2946
f 2043/1912/2947 2055/1913/2948 2079/1914/2949 2066/1915/2950
f 2067/1916/2951 2078/1917/2952 2127/1918/2953 2114/1919/2954
f 2041/1920/2955 2044/1921/2956 2046/1922/2957 2045/1923/2958
f 2044/1921/2959 2048/1924/2960 2049/1925/2961 2046/1922/2962
f 2042/1903/2963 2047/1926/2964 2049/1927/2965 2048/1928/2966
f 2047/1929/2967 2051/1930/2968 2052/1931/2969 2049/1932/2970
f 2043/1912/2971 2050/1933/2972 2052/1931/2973 2051/1930/2974
f 2050/1934/2975 2045/1923/2976 2046/1922/2977 2052/1935/2978
f 2046/1922/2979 2049/1925/2970 2052/1935/2978
f 2053/1902/2980 2056/1936/2981 2058/1937/2982 2057/1938/2983
f 2056/1936/2984 2060/1939/2985 2061/1940/2986 2058/1937/2987
f 2054/1910/2945 2059/1941/2988 2061/1942/2989 2060/1943/2990
f 2059/1944/2991 2063/1945/2992 2064/1946/2993 2061/1947/2994
f 2055/1913/2995 2062/1948/2996 2064/1946/2997 2063/1945/2998
f 2062/1948/2999 2057/1949/3000 2058/1950/3001 2064/1946/3002
f 2058/1937/2987 2061/1940/3003 2064/1951/3002
f 2065/1952/3004 2068/1953/3005 2070/1954/3006 2069/1955/3007
f 2068/1953/3008 2072/1956/3009 2073/1957/3010 2070/1954/3011
f 2066/1915/3012 2071/1958/3013 2073/1959/3014 2072/1960/3015
f 2071/1958/3016 2075/1961/3017 2076/1962/3018 2073/1959/3019
f 2067/1916/3020 2074/1963/3021 2076/1962/3022 2075/1961/3023
f 2074/1964/3024 2069/1955/3025 2070/1954/3026 2076/1965/3027
f 2070/1954/3028 2073/1957/3019 2076/1965/3027
f 2077/1909/2944 2080/1966/3029 2082/1967/3030 2081/1968/3031
f 2080/1969/3032 2084/1970/3033 2085/1971/3034 2082/1972/3035
f 2078/1917/3036 2083/1973/3037 2085/1971/3038 2084/1970/3039
f 2083/1973/3040 2087/1974/3041 2088/1975/3042 2085/1971/3043
f 2079/1914/3044 2086/1976/3045 2088/1975/3046 2087/1974/3047
f 2086/1976/3048 2081/1977/3049 2082/1978/3050 2088/1975/3051
f 2082/1972/3052 2085/1971/3043 2088/1979/3051
f 2089/1980/3053 2092/1981/3054 2094/1982/3055 2093/1983/3056
f 2092/1981/3057 2096/1984/3058 2097/1985/3059 2094/1982/3060
f 2090/1907/3061 2095/1986/3062 2097/1985/3063 2096/1984/3064
f 2095/1986/3065 2099/1987/3066 2100/1988/3067 2097/1985/3068
f 2091/1900/3069 2098/1989/3070 2100/1988/3071 2099/1987/3072
f 2098/1990/3073 2093/1983/3074 2094/1982/3075 2100/1991/3076
f 2094/1982/3077 2097/1992/3068 2100/1991/3076
f 2101/1911/2946 2104/1993/3078 2106/1994/3079 2105/1995/3080
f 2104/1996/3081 2108/1997/3082 2109/1998/3083 2106/1999/3084
f 2102/1901/3085 2107/2000/3086 2109/1998/3087 2108/1997/3088
f 2107/2000/3089 2111/2001/3090 2112/2002/3091 2109/1998/3092
f 2103/1906/3093 2110/2003/3094 2112/2002/3095 2111/2001/3096
f 2110/2003/3097 2105/1995/3098 2106/1994/3099 2112/2002/3100
f 2106/1999/3101 2109/1998/3092 2112/2004/3100
f 2113/2005/3102 2116/2006/3103 2118/2007/3104 2117/2008/3105
f 2116/2006/3106 2120/2009/3107 2121/2010/3108 2118/2007/3109
f 2114/1919/3110 2119/2011/3111 2121/2012/3112 2120/2013/3113
f 2119/2011/3114 2123/2014/3115 2124/2015/3116 2121/2012/3117
f 2115/1904/3118 2122/2016/3119 2124/2015/3120 2123/2014/3121
f 2122/2016/3122 2117/2008/3123 2118/2007/3124 2124/2015/3125
f 2118/2007/3126 2121/2010/3117 2124/2017/3125
f 2125/1908/2943 2128/2018/3127 2130/2019/3128 2129/2020/3129
f 2128/2018/3130 2132/2021/3131 2133/2022/3132 2130/2019/3133
f 2126/1905/3134 2131/2023/3135 2133/2022/3136 2132/2021/3137
f 2131/2023/3138 2135/2024/3139 2136/2025/3140 2133/2022/3141
f 2127/1918/3142 2134/2026/3143 2136/2025/3144 2135/2024/3145
f 2134/2026/3146 2129/2027/3147 2130/2028/3148 2136/2025/3149
f 2130/2029/3150 2133/2022/3141 2136/2030/3149
f 2065/1952/3004 2041/1920/2955 2045/1923/3151 2068/1953/3152
f 2068/1953/3153 2045/1923/3154 2050/1934/2975 2072/1956/3155
f 2072/1960/3015 2050/1933/3156 2043/1912/2971 2066/1915/3157
f 2042/1903/2938 2053/1902/2937 2057/1938/3158 2047/1926/3159
f 2047/1929/2967 2057/1949/3000 2062/1948/2999 2051/1930/2968
f 2051/1930/3160 2062/1948/3161 2055/1913/2948 2043/1912/2947
f 2054/1910/2945 2077/1909/2944 2081/1968/3162 2059/1941/3163
f 2059/1944/3164 2081/1977/3165 2086/1976/3048 2063/1945/3166
f 2063/1945/2998 2086/1976/3167 2079/1914/3044 2055/1913/3168
f 2078/1917/2952 2067/1916/2951 2075/1961/3169 2083/1973/3170
f 2083/1973/3040 2075/1961/3017 2071/1958/3016 2087/1974/3041
f 2087/1974/3171 2071/1958/3172 2066/1915/2950 2079/1914/2949
f 2113/2005/3102 2065/1952/3004 2069/1955/3173 2116/2006/3174
f 2116/2006/3175 2069/1955/3176 2074/1964/3024 2120/2009/3177
f 2120/2013/3113 2074/1963/3178 2067/1916/3020 2114/1919/3179
f 2077/1909/2944 2125/1908/2943 2129/2020/3180 2080/1966/3181
f 2080/1969/3182 2129/2027/3183 2134/2026/3146 2084/1970/3184
f 2084/1970/3039 2134/2026/3185 2127/1918/3142 2078/1917/3186
f 2126/1905/2940 2115/1904/2939 2123/2014/3187 2131/2023/3188
f 2131/2023/3138 2123/2014/3115 2119/2011/3114 2135/2024/3139
f 2135/2024/3189 2119/2011/3190 2114/1919/2954 2127/1918/2953
f 2089/1980/3053 2113/2005/3102 2117/2008/3191 2092/1981/3192
f 2092/1981/3193 2117/2008/3194 2122/2016/3195 2096/1984/3196
f 2096/1984/3064 2122/2016/3197 2115/1904/3118 2090/1907/3198
f 2125/1908/2943 2101/1911/2946 2105/1995/3199 2128/2018/3200
f 2128/2018/3201 2105/1995/3202 2110/2003/3203 2132/2021/3204
f 2132/2021/3137 2110/2003/3205 2103/1906/3093 2126/1905/3206
f 2102/1901/2936 2091/1900/2935 2099/1987/3207 2107/2000/3208
f 2107/2000/3089 2099/1987/3066 2095/1986/3065 2111/2001/3090
f 2111/2001/3209 2095/1986/3210 2090/1907/2942 2103/1906/2941
f 2041/1920/2955 2089/1980/3053 2093/1983/3211 2044/1921/3212
f 2044/1921/3213 2093/1983/3214 2098/1990/3215 2048/1924/3216
f 2048/1928/2966 2098/1989/3217 2091/1900/3069 2042/1903/3218
f 2101/1911/2946 2054/1910/2945 2060/1943/3219 2104/1993/3220
f 2104/1996/3221 2060/1939/3222 2056/1936/3223 2108/1997/3224
f 2108/1997/3088 2056/1936/3225 2053/1902/2980 2102/1901/3226
f 2065/1952/3004 2113/2005/3102 2089/1980/3053 2041/1920/2955
