# Blender 4.3.2
# www.blender.org
mtllib lidar.mtl
o LiDAR_label
v 0.009120 0.434983 0.017037
v 0.008939 0.434983 0.016986
v 0.008772 0.434983 0.016903
v 0.008618 0.434983 0.016790
v 0.008479 0.434983 0.016647
v 0.008355 0.434983 0.016476
v 0.008248 0.434983 0.016280
v 0.008158 0.434983 0.016058
v 0.008087 0.434983 0.015814
v 0.008035 0.434983 0.015547
v 0.008003 0.434983 0.015260
v 0.007992 0.434983 0.014954
v 0.008003 0.434983 0.014648
v 0.008035 0.434983 0.014361
v 0.008087 0.434983 0.014094
v 0.008158 0.434983 0.013850
v 0.008248 0.434983 0.013628
v 0.008355 0.434983 0.013431
v 0.008479 0.434983 0.013261
v 0.008618 0.434983 0.013118
v 0.008772 0.434983 0.013005
v 0.008939 0.434983 0.012922
v 0.009120 0.434983 0.012871
v 0.009312 0.434983 0.012854
v 0.009504 0.434983 0.012871
v 0.009685 0.434983 0.012922
v 0.009852 0.434983 0.013005
v 0.010006 0.434983 0.013118
v 0.010145 0.434983 0.013261
v 0.010269 0.434983 0.013431
v 0.010376 0.434983 0.013628
v 0.010466 0.434983 0.013850
v 0.010537 0.434983 0.014094
v 0.010589 0.434983 0.014361
v 0.010621 0.434983 0.014648
v 0.010632 0.434983 0.014954
v 0.010621 0.434983 0.015260
v 0.010589 0.434983 0.015547
v 0.010537 0.434983 0.015814
v 0.010466 0.434983 0.016058
v 0.010376 0.434983 0.016280
v 0.010269 0.434983 0.016476
v 0.010145 0.434983 0.016647
v 0.010006 0.434983 0.016790
v 0.009852 0.434983 0.016903
v 0.009685 0.434983 0.016986
v 0.009504 0.434983 0.017037
v 0.009312 0.434983 0.017054
v 0.009202 0.434983 0.013424
v 0.009099 0.434983 0.013460
v 0.009005 0.434983 0.013518
v 0.008920 0.434983 0.013598
v 0.008843 0.434983 0.013700
v 0.008775 0.434983 0.013823
v 0.008717 0.434983 0.013966
v 0.008668 0.434983 0.014128
v 0.008630 0.434983 0.014308
v 0.008603 0.434983 0.014506
v 0.008586 0.434983 0.014722
v 0.008580 0.434983 0.014954
v 0.008586 0.434983 0.015186
v 0.008603 0.434983 0.015402
v 0.008630 0.434983 0.015600
v 0.008668 0.434983 0.015780
v 0.008717 0.434983 0.015942
v 0.008775 0.434983 0.016085
v 0.008843 0.434983 0.016208
v 0.008920 0.434983 0.016310
v 0.009005 0.434983 0.016390
v 0.009099 0.434983 0.016448
v 0.009202 0.434983 0.016484
v 0.009312 0.434983 0.016496
v 0.009422 0.434983 0.016484
v 0.009525 0.434983 0.016448
v 0.009619 0.434983 0.016390
v 0.009704 0.434983 0.016310
v 0.009781 0.434983 0.016208
v 0.009849 0.434983 0.016085
v 0.009907 0.434983 0.015942
v 0.009956 0.434983 0.015780
v 0.009994 0.434983 0.015600
v 0.010021 0.434983 0.015402
v 0.010038 0.434983 0.015186
v 0.010044 0.434983 0.014954
v 0.010038 0.434983 0.014722
v 0.010021 0.434983 0.014506
v 0.009994 0.434983 0.014308
v 0.009956 0.434983 0.014128
v 0.009907 0.434983 0.013966
v 0.009849 0.434983 0.013823
v 0.009781 0.434983 0.013700
v 0.009704 0.434983 0.013598
v 0.009619 0.434983 0.013518
v 0.009525 0.434983 0.013460
v 0.009422 0.434983 0.013424
v 0.009312 0.434983 0.013412
v 0.006926 0.434983 0.013393
v 0.006787 0.434983 0.013492
v 0.006653 0.434983 0.013600
v 0.006524 0.434983 0.013716
v 0.006402 0.434983 0.013838
v 0.006288 0.434983 0.013966
v 0.006182 0.434983 0.014099
v 0.006086 0.434983 0.014236
v 0.006000 0.434983 0.014376
v 0.005925 0.434983 0.014518
v 0.005863 0.434983 0.014661
v 0.005814 0.434983 0.014804
v 0.005856 0.434983 0.014783
v 0.005899 0.434983 0.014762
v 0.005945 0.434983 0.014742
v 0.005992 0.434983 0.014723
v 0.006042 0.434983 0.014705
v 0.006094 0.434983 0.014688
v 0.006149 0.434983 0.014674
v 0.006206 0.434983 0.014661
v 0.006265 0.434983 0.014650
v 0.006326 0.434983 0.014643
v 0.006390 0.434983 0.014638
v 0.006456 0.434983 0.014636
v 0.006616 0.434983 0.014647
v 0.006768 0.434983 0.014677
v 0.006911 0.434983 0.014727
v 0.007044 0.434983 0.014795
v 0.007165 0.434983 0.014879
v 0.007274 0.434983 0.014979
v 0.007370 0.434983 0.015092
v 0.007450 0.434983 0.015219
v 0.007515 0.434983 0.015357
v 0.007563 0.434983 0.015506
v 0.007592 0.434983 0.015664
v 0.007602 0.434983 0.015830
v 0.007591 0.434983 0.015994
v 0.007558 0.434983 0.016152
v 0.007506 0.434983 0.016302
v 0.007435 0.434983 0.016443
v 0.007347 0.434983 0.016574
v 0.007244 0.434983 0.016692
v 0.007128 0.434983 0.016796
v 0.006999 0.434983 0.016885
v 0.006860 0.434983 0.016956
v 0.006712 0.434983 0.017010
v 0.006557 0.434983 0.017043
v 0.006396 0.434983 0.017054
v 0.006205 0.434983 0.017042
v 0.006025 0.434983 0.017006
v 0.005858 0.434983 0.016949
v 0.005704 0.434983 0.016870
v 0.005565 0.434983 0.016770
v 0.005441 0.434983 0.016652
v 0.005334 0.434983 0.016516
v 0.005244 0.434983 0.016362
v 0.005172 0.434983 0.016193
v 0.005119 0.434983 0.016010
v 0.005087 0.434983 0.015812
v 0.005076 0.434983 0.015602
v 0.005088 0.434983 0.015346
v 0.005124 0.434983 0.015091
v 0.005183 0.434983 0.014839
v 0.005265 0.434983 0.014591
v 0.005369 0.434983 0.014347
v 0.005497 0.434983 0.014109
v 0.005646 0.434983 0.013877
v 0.005817 0.434983 0.013653
v 0.006010 0.434983 0.013438
v 0.006224 0.434983 0.013232
v 0.006459 0.434983 0.013037
v 0.006714 0.434983 0.012854
v 0.007068 0.434983 0.013304
v 0.006455 0.434983 0.016490
v 0.006544 0.434983 0.016474
v 0.006627 0.434983 0.016448
v 0.006703 0.434983 0.016411
v 0.006772 0.434983 0.016365
v 0.006833 0.434983 0.016311
v 0.006886 0.434983 0.016248
v 0.006931 0.434983 0.016177
v 0.006967 0.434983 0.016099
v 0.006993 0.434983 0.016013
v 0.007009 0.434983 0.015922
v 0.007014 0.434983 0.015824
v 0.007008 0.434983 0.015736
v 0.006991 0.434983 0.015652
v 0.006963 0.434983 0.015574
v 0.006925 0.434983 0.015501
v 0.006877 0.434983 0.015434
v 0.006821 0.434983 0.015374
v 0.006757 0.434983 0.015322
v 0.006685 0.434983 0.015277
v 0.006606 0.434983 0.015242
v 0.006522 0.434983 0.015216
v 0.006431 0.434983 0.015200
v 0.006336 0.434983 0.015194
v 0.006275 0.434983 0.015195
v 0.006218 0.434983 0.015198
v 0.006165 0.434983 0.015204
v 0.006113 0.434983 0.015213
v 0.006063 0.434983 0.015224
v 0.006014 0.434983 0.015239
v 0.005965 0.434983 0.015257
v 0.005915 0.434983 0.015279
v 0.005863 0.434983 0.015305
v 0.005808 0.434983 0.015336
v 0.005750 0.434983 0.015370
v 0.005688 0.434983 0.015410
v 0.005660 0.434983 0.015573
v 0.005654 0.434983 0.015724
v 0.005667 0.434983 0.015863
v 0.005698 0.434983 0.015990
v 0.005745 0.434983 0.016104
v 0.005806 0.434983 0.016205
v 0.005879 0.434983 0.016292
v 0.005962 0.434983 0.016364
v 0.006053 0.434983 0.016421
v 0.006151 0.434983 0.016462
v 0.006254 0.434983 0.016487
v 0.006360 0.434983 0.016496
v 0.002359 0.434983 0.012999
v 0.002420 0.434983 0.012973
v 0.002482 0.434983 0.012950
v 0.002543 0.434983 0.012930
v 0.002605 0.434983 0.012912
v 0.002669 0.434983 0.012896
v 0.002733 0.434983 0.012883
v 0.002799 0.434983 0.012872
v 0.002867 0.434983 0.012864
v 0.002937 0.434983 0.012859
v 0.003009 0.434983 0.012855
v 0.003084 0.434983 0.012854
v 0.003262 0.434983 0.012863
v 0.003427 0.434983 0.012888
v 0.003581 0.434983 0.012930
v 0.003722 0.434983 0.012987
v 0.003849 0.434983 0.013059
v 0.003961 0.434983 0.013145
v 0.004059 0.434983 0.013245
v 0.004140 0.434983 0.013357
v 0.004205 0.434983 0.013482
v 0.004252 0.434983 0.013618
v 0.004280 0.434983 0.013765
v 0.004290 0.434983 0.013922
v 0.004287 0.434983 0.014032
v 0.004277 0.434983 0.014134
v 0.004261 0.434983 0.014229
v 0.004237 0.434983 0.014317
v 0.004207 0.434983 0.014399
v 0.004169 0.434983 0.014475
v 0.004123 0.434983 0.014546
v 0.004069 0.434983 0.014613
v 0.004007 0.434983 0.014675
v 0.003936 0.434983 0.014733
v 0.003856 0.434983 0.014788
v 0.003768 0.434983 0.014840
v 0.003865 0.434983 0.014878
v 0.003953 0.434983 0.014927
v 0.004032 0.434983 0.014986
v 0.004102 0.434983 0.015055
v 0.004163 0.434983 0.015132
v 0.004215 0.434983 0.015216
v 0.004259 0.434983 0.015306
v 0.004294 0.434983 0.015401
v 0.004322 0.434983 0.015501
v 0.004341 0.434983 0.015603
v 0.004352 0.434983 0.015707
v 0.004356 0.434983 0.015812
v 0.004345 0.434983 0.015990
v 0.004313 0.434983 0.016158
v 0.004261 0.434983 0.016315
v 0.004190 0.434983 0.016459
v 0.004100 0.434983 0.016591
v 0.003995 0.434983 0.016707
v 0.003873 0.434983 0.016809
v 0.003736 0.434983 0.016895
v 0.003587 0.434983 0.016963
v 0.003424 0.434983 0.017013
v 0.003250 0.434983 0.017044
v 0.003066 0.434983 0.017054
v 0.002995 0.434983 0.017052
v 0.002924 0.434983 0.017047
v 0.002852 0.434983 0.017039
v 0.002780 0.434983 0.017027
v 0.002708 0.434983 0.017012
v 0.002636 0.434983 0.016993
v 0.002563 0.434983 0.016972
v 0.002490 0.434983 0.016947
v 0.002416 0.434983 0.016920
v 0.002343 0.434983 0.016889
v 0.002269 0.434983 0.016856
v 0.002196 0.434983 0.016820
v 0.002196 0.434983 0.016184
v 0.002274 0.434983 0.016234
v 0.002351 0.434983 0.016280
v 0.002428 0.434983 0.016321
v 0.002504 0.434983 0.016358
v 0.002581 0.434983 0.016391
v 0.002657 0.434983 0.016419
v 0.002732 0.434983 0.016442
v 0.002808 0.434983 0.016462
v 0.002883 0.434983 0.016477
v 0.002958 0.434983 0.016487
v 0.003033 0.434983 0.016494
v 0.003108 0.434983 0.016496
v 0.003205 0.434983 0.016491
v 0.003296 0.434983 0.016475
v 0.003381 0.434983 0.016449
v 0.003458 0.434983 0.016414
v 0.003527 0.434983 0.016370
v 0.003589 0.434983 0.016317
v 0.003642 0.434983 0.016256
v 0.003686 0.434983 0.016188
v 0.003721 0.434983 0.016111
v 0.003747 0.434983 0.016028
v 0.003763 0.434983 0.015938
v 0.003768 0.434983 0.015842
v 0.003762 0.434983 0.015744
v 0.003744 0.434983 0.015650
v 0.003713 0.434983 0.015561
v 0.003670 0.434983 0.015479
v 0.003615 0.434983 0.015405
v 0.003548 0.434983 0.015338
v 0.003469 0.434983 0.015280
v 0.003378 0.434983 0.015233
v 0.003274 0.434983 0.015196
v 0.003159 0.434983 0.015170
v 0.003031 0.434983 0.015157
v 0.002892 0.434983 0.015158
v 0.002892 0.434983 0.014618
v 0.003021 0.434983 0.014613
v 0.003140 0.434983 0.014600
v 0.003246 0.434983 0.014577
v 0.003342 0.434983 0.014547
v 0.003426 0.434983 0.014508
v 0.003500 0.434983 0.014460
v 0.003561 0.434983 0.014406
v 0.003612 0.434983 0.014343
v 0.003651 0.434983 0.014274
v 0.003680 0.434983 0.014197
v 0.003696 0.434983 0.014114
v 0.003702 0.434983 0.014024
v 0.003696 0.434983 0.013933
v 0.003680 0.434983 0.013847
v 0.003652 0.434983 0.013769
v 0.003614 0.434983 0.013697
v 0.003567 0.434983 0.013633
v 0.003510 0.434983 0.013576
v 0.003444 0.434983 0.013527
v 0.003370 0.434983 0.013487
v 0.003287 0.434983 0.013454
v 0.003196 0.434983 0.013431
v 0.003099 0.434983 0.013417
v 0.002994 0.434983 0.013412
v 0.002939 0.434983 0.013413
v 0.002885 0.434983 0.013416
v 0.002831 0.434983 0.013421
v 0.002778 0.434983 0.013429
v 0.002723 0.434983 0.013439
v 0.002669 0.434983 0.013452
v 0.002612 0.434983 0.013467
v 0.002554 0.434983 0.013485
v 0.002495 0.434983 0.013506
v 0.002432 0.434983 0.013529
v 0.002367 0.434983 0.013556
v 0.002298 0.434983 0.013586
v 0.002298 0.434983 0.013028
v 0.000114 0.434983 0.015956
v 0.000114 0.434983 0.015398
v 0.001572 0.434983 0.015398
v 0.001572 0.434983 0.015956
v -0.002580 0.434983 0.012908
v -0.002220 0.434983 0.012930
v -0.001894 0.434983 0.012992
v -0.001602 0.434983 0.013092
v -0.001343 0.434983 0.013224
v -0.001118 0.434983 0.013384
v -0.000924 0.434983 0.013569
v -0.000762 0.434983 0.013773
v -0.000631 0.434983 0.013994
v -0.000530 0.434983 0.014227
v -0.000458 0.434983 0.014467
v -0.000416 0.434983 0.014711
v -0.000402 0.434983 0.014954
v -0.000419 0.434983 0.015215
v -0.000469 0.434983 0.015470
v -0.000552 0.434983 0.015717
v -0.000665 0.434983 0.015951
v -0.000809 0.434983 0.016170
v -0.000982 0.434983 0.016371
v -0.001183 0.434983 0.016549
v -0.001411 0.434983 0.016703
v -0.001665 0.434983 0.016828
v -0.001944 0.434983 0.016921
v -0.002248 0.434983 0.016980
v -0.002574 0.434983 0.017000
v -0.004170 0.434983 0.017000
v -0.004170 0.434983 0.012908
v -0.002646 0.434983 0.016472
v -0.002334 0.434983 0.016452
v -0.002062 0.434983 0.016395
v -0.001828 0.434983 0.016306
v -0.001629 0.434983 0.016190
v -0.001463 0.434983 0.016054
v -0.001327 0.434983 0.015902
v -0.001219 0.434983 0.015739
v -0.001137 0.434983 0.015572
v -0.001077 0.434983 0.015404
v -0.001037 0.434983 0.015241
v -0.001015 0.434983 0.015090
v -0.001008 0.434983 0.014954
v -0.001019 0.434983 0.014751
v -0.001052 0.434983 0.014556
v -0.001107 0.434983 0.014370
v -0.001186 0.434983 0.014195
v -0.001287 0.434983 0.014033
v -0.001412 0.434983 0.013887
v -0.001561 0.434983 0.013757
v -0.001734 0.434983 0.013647
v -0.001932 0.434983 0.013558
v -0.002155 0.434983 0.013491
v -0.002402 0.434983 0.013450
v -0.002676 0.434983 0.013436
v -0.003582 0.434983 0.013436
v -0.003582 0.434983 0.016472
v -0.005670 0.434983 0.017000
v -0.005670 0.434983 0.012908
v -0.005082 0.434983 0.012908
v -0.005082 0.434983 0.017000
v -0.007146 0.434983 0.017000
v -0.007146 0.434983 0.013814
v -0.007158 0.434983 0.013814
v -0.008418 0.434983 0.015398
v -0.008514 0.434983 0.015398
v -0.009774 0.434983 0.013814
v -0.009786 0.434983 0.013814
v -0.009786 0.434983 0.017000
v -0.010374 0.434983 0.017000
v -0.010374 0.434983 0.012908
v -0.009822 0.434983 0.012908
v -0.008466 0.434983 0.014588
v -0.007104 0.434983 0.012908
v -0.006558 0.434983 0.012908
v -0.006558 0.434983 0.017000
v 0.009120 0.434823 0.017037
v 0.008939 0.434823 0.016986
v 0.008772 0.434823 0.016903
v 0.008618 0.434823 0.016790
v 0.008479 0.434823 0.016647
v 0.008355 0.434823 0.016476
v 0.008248 0.434823 0.016280
v 0.008158 0.434823 0.016058
v 0.008087 0.434823 0.015814
v 0.008035 0.434823 0.015547
v 0.008003 0.434823 0.015260
v 0.007992 0.434823 0.014954
v 0.008003 0.434823 0.014648
v 0.008035 0.434823 0.014361
v 0.008087 0.434823 0.014094
v 0.008158 0.434823 0.013850
v 0.008248 0.434823 0.013628
v 0.008355 0.434823 0.013431
v 0.008479 0.434823 0.013261
v 0.008618 0.434823 0.013118
v 0.008772 0.434823 0.013005
v 0.008939 0.434823 0.012922
v 0.009120 0.434823 0.012871
v 0.009312 0.434823 0.012854
v 0.009504 0.434823 0.012871
v 0.009685 0.434823 0.012922
v 0.009852 0.434823 0.013005
v 0.010006 0.434823 0.013118
v 0.010145 0.434823 0.013261
v 0.010269 0.434823 0.013431
v 0.010376 0.434823 0.013628
v 0.010466 0.434823 0.013850
v 0.010537 0.434823 0.014094
v 0.010589 0.434823 0.014361
v 0.010621 0.434823 0.014648
v 0.010632 0.434823 0.014954
v 0.010621 0.434823 0.015260
v 0.010589 0.434823 0.015547
v 0.010537 0.434823 0.015814
v 0.010466 0.434823 0.016058
v 0.010376 0.434823 0.016280
v 0.010269 0.434823 0.016476
v 0.010145 0.434823 0.016647
v 0.010006 0.434823 0.016790
v 0.009852 0.434823 0.016903
v 0.009685 0.434823 0.016986
v 0.009504 0.434823 0.017037
v 0.009312 0.434823 0.017054
v 0.009202 0.434823 0.013424
v 0.009099 0.434823 0.013460
v 0.009005 0.434823 0.013518
v 0.008920 0.434823 0.013598
v 0.008843 0.434823 0.013700
v 0.008775 0.434823 0.013823
v 0.008717 0.434823 0.013966
v 0.008668 0.434823 0.014128
v 0.008630 0.434823 0.014308
v 0.008603 0.434823 0.014506
v 0.008586 0.434823 0.014722
v 0.008580 0.434823 0.014954
v 0.008586 0.434823 0.015186
v 0.008603 0.434823 0.015402
v 0.008630 0.434823 0.015600
v 0.008668 0.434823 0.015780
v 0.008717 0.434823 0.015942
v 0.008775 0.434823 0.016085
v 0.008843 0.434823 0.016208
v 0.008920 0.434823 0.016310
v 0.009005 0.434823 0.016390
v 0.009099 0.434823 0.016448
v 0.009202 0.434823 0.016484
v 0.009312 0.434823 0.016496
v 0.009422 0.434823 0.016484
v 0.009525 0.434823 0.016448
v 0.009619 0.434823 0.016390
v 0.009704 0.434823 0.016310
v 0.009781 0.434823 0.016208
v 0.009849 0.434823 0.016085
v 0.009907 0.434823 0.015942
v 0.009956 0.434823 0.015780
v 0.009994 0.434823 0.015600
v 0.010021 0.434823 0.015402
v 0.010038 0.434823 0.015186
v 0.010044 0.434823 0.014954
v 0.010038 0.434823 0.014722
v 0.010021 0.434823 0.014506
v 0.009994 0.434823 0.014308
v 0.009956 0.434823 0.014128
v 0.009907 0.434823 0.013966
v 0.009849 0.434823 0.013823
v 0.009781 0.434823 0.013700
v 0.009704 0.434823 0.013598
v 0.009619 0.434823 0.013518
v 0.009525 0.434823 0.013460
v 0.009422 0.434823 0.013424
v 0.009312 0.434823 0.013412
v 0.006926 0.434823 0.013393
v 0.006787 0.434823 0.013492
v 0.006653 0.434823 0.013600
v 0.006524 0.434823 0.013716
v 0.006402 0.434823 0.013838
v 0.006288 0.434823 0.013966
v 0.006182 0.434823 0.014099
v 0.006086 0.434823 0.014236
v 0.006000 0.434823 0.014376
v 0.005925 0.434823 0.014518
v 0.005863 0.434823 0.014661
v 0.005814 0.434823 0.014804
v 0.005856 0.434823 0.014783
v 0.005899 0.434823 0.014762
v 0.005945 0.434823 0.014742
v 0.005992 0.434823 0.014723
v 0.006042 0.434823 0.014705
v 0.006094 0.434823 0.014688
v 0.006149 0.434823 0.014674
v 0.006206 0.434823 0.014661
v 0.006265 0.434823 0.014650
v 0.006326 0.434823 0.014643
v 0.006390 0.434823 0.014638
v 0.006456 0.434823 0.014636
v 0.006616 0.434823 0.014647
v 0.006768 0.434823 0.014677
v 0.006911 0.434823 0.014727
v 0.007044 0.434823 0.014795
v 0.007165 0.434823 0.014879
v 0.007274 0.434823 0.014979
v 0.007370 0.434823 0.015092
v 0.007450 0.434823 0.015219
v 0.007515 0.434823 0.015357
v 0.007563 0.434823 0.015506
v 0.007592 0.434823 0.015664
v 0.007602 0.434823 0.015830
v 0.007591 0.434823 0.015994
v 0.007558 0.434823 0.016152
v 0.007506 0.434823 0.016302
v 0.007435 0.434823 0.016443
v 0.007347 0.434823 0.016574
v 0.007244 0.434823 0.016692
v 0.007128 0.434823 0.016796
v 0.006999 0.434823 0.016885
v 0.006860 0.434823 0.016956
v 0.006712 0.434823 0.017010
v 0.006557 0.434823 0.017043
v 0.006396 0.434823 0.017054
v 0.006205 0.434823 0.017042
v 0.006025 0.434823 0.017006
v 0.005858 0.434823 0.016949
v 0.005704 0.434823 0.016870
v 0.005565 0.434823 0.016770
v 0.005441 0.434823 0.016652
v 0.005334 0.434823 0.016516
v 0.005244 0.434823 0.016362
v 0.005172 0.434823 0.016193
v 0.005119 0.434823 0.016010
v 0.005087 0.434823 0.015812
v 0.005076 0.434823 0.015602
v 0.005088 0.434823 0.015346
v 0.005124 0.434823 0.015091
v 0.005183 0.434823 0.014839
v 0.005265 0.434823 0.014591
v 0.005369 0.434823 0.014347
v 0.005497 0.434823 0.014109
v 0.005646 0.434823 0.013877
v 0.005817 0.434823 0.013653
v 0.006010 0.434823 0.013438
v 0.006224 0.434823 0.013232
v 0.006459 0.434823 0.013037
v 0.006714 0.434823 0.012854
v 0.007068 0.434823 0.013304
v 0.006455 0.434823 0.016490
v 0.006544 0.434823 0.016474
v 0.006627 0.434823 0.016448
v 0.006703 0.434823 0.016411
v 0.006772 0.434823 0.016365
v 0.006833 0.434823 0.016311
v 0.006886 0.434823 0.016248
v 0.006931 0.434823 0.016177
v 0.006967 0.434823 0.016099
v 0.006993 0.434823 0.016013
v 0.007009 0.434823 0.015922
v 0.007014 0.434823 0.015824
v 0.007008 0.434823 0.015736
v 0.006991 0.434823 0.015652
v 0.006963 0.434823 0.015574
v 0.006925 0.434823 0.015501
v 0.006877 0.434823 0.015434
v 0.006821 0.434823 0.015374
v 0.006757 0.434823 0.015322
v 0.006685 0.434823 0.015277
v 0.006606 0.434823 0.015242
v 0.006522 0.434823 0.015216
v 0.006431 0.434823 0.015200
v 0.006336 0.434823 0.015194
v 0.006275 0.434823 0.015195
v 0.006218 0.434823 0.015198
v 0.006165 0.434823 0.015204
v 0.006113 0.434823 0.015213
v 0.006063 0.434823 0.015224
v 0.006014 0.434823 0.015239
v 0.005965 0.434823 0.015257
v 0.005915 0.434823 0.015279
v 0.005863 0.434823 0.015305
v 0.005808 0.434823 0.015336
v 0.005750 0.434823 0.015370
v 0.005688 0.434823 0.015410
v 0.005660 0.434823 0.015573
v 0.005654 0.434823 0.015724
v 0.005667 0.434823 0.015863
v 0.005698 0.434823 0.015990
v 0.005745 0.434823 0.016104
v 0.005806 0.434823 0.016205
v 0.005879 0.434823 0.016292
v 0.005962 0.434823 0.016364
v 0.006053 0.434823 0.016421
v 0.006151 0.434823 0.016462
v 0.006254 0.434823 0.016487
v 0.006360 0.434823 0.016496
v 0.002359 0.434823 0.012999
v 0.002420 0.434823 0.012973
v 0.002482 0.434823 0.012950
v 0.002543 0.434823 0.012930
v 0.002605 0.434823 0.012912
v 0.002669 0.434823 0.012896
v 0.002733 0.434823 0.012883
v 0.002799 0.434823 0.012872
v 0.002867 0.434823 0.012864
v 0.002937 0.434823 0.012859
v 0.003009 0.434823 0.012855
v 0.003084 0.434823 0.012854
v 0.003262 0.434823 0.012863
v 0.003427 0.434823 0.012888
v 0.003581 0.434823 0.012930
v 0.003722 0.434823 0.012987
v 0.003849 0.434823 0.013059
v 0.003961 0.434823 0.013145
v 0.004059 0.434823 0.013245
v 0.004140 0.434823 0.013357
v 0.004205 0.434823 0.013482
v 0.004252 0.434823 0.013618
v 0.004280 0.434823 0.013765
v 0.004290 0.434823 0.013922
v 0.004287 0.434823 0.014032
v 0.004277 0.434823 0.014134
v 0.004261 0.434823 0.014229
v 0.004237 0.434823 0.014317
v 0.004207 0.434823 0.014399
v 0.004169 0.434823 0.014475
v 0.004123 0.434823 0.014546
v 0.004069 0.434823 0.014613
v 0.004007 0.434823 0.014675
v 0.003936 0.434823 0.014733
v 0.003856 0.434823 0.014788
v 0.003768 0.434823 0.014840
v 0.003865 0.434823 0.014878
v 0.003953 0.434823 0.014927
v 0.004032 0.434823 0.014986
v 0.004102 0.434823 0.015055
v 0.004163 0.434823 0.015132
v 0.004215 0.434823 0.015216
v 0.004259 0.434823 0.015306
v 0.004294 0.434823 0.015401
v 0.004322 0.434823 0.015501
v 0.004341 0.434823 0.015603
v 0.004352 0.434823 0.015707
v 0.004356 0.434823 0.015812
v 0.004345 0.434823 0.015990
v 0.004313 0.434823 0.016158
v 0.004261 0.434823 0.016315
v 0.004190 0.434823 0.016459
v 0.004100 0.434823 0.016591
v 0.003995 0.434823 0.016707
v 0.003873 0.434823 0.016809
v 0.003736 0.434823 0.016895
v 0.003587 0.434823 0.016963
v 0.003424 0.434823 0.017013
v 0.003250 0.434823 0.017044
v 0.003066 0.434823 0.017054
v 0.002995 0.434823 0.017052
v 0.002924 0.434823 0.017047
v 0.002852 0.434823 0.017039
v 0.002780 0.434823 0.017027
v 0.002708 0.434823 0.017012
v 0.002636 0.434823 0.016993
v 0.002563 0.434823 0.016972
v 0.002490 0.434823 0.016947
v 0.002416 0.434823 0.016920
v 0.002343 0.434823 0.016889
v 0.002269 0.434823 0.016856
v 0.002196 0.434823 0.016820
v 0.002196 0.434823 0.016184
v 0.002274 0.434823 0.016234
v 0.002351 0.434823 0.016280
v 0.002428 0.434823 0.016321
v 0.002504 0.434823 0.016358
v 0.002581 0.434823 0.016391
v 0.002657 0.434823 0.016419
v 0.002732 0.434823 0.016442
v 0.002808 0.434823 0.016462
v 0.002883 0.434823 0.016477
v 0.002958 0.434823 0.016487
v 0.003033 0.434823 0.016494
v 0.003108 0.434823 0.016496
v 0.003205 0.434823 0.016491
v 0.003296 0.434823 0.016475
v 0.003381 0.434823 0.016449
v 0.003458 0.434823 0.016414
v 0.003527 0.434823 0.016370
v 0.003589 0.434823 0.016317
v 0.003642 0.434823 0.016256
v 0.003686 0.434823 0.016188
v 0.003721 0.434823 0.016111
v 0.003747 0.434823 0.016028
v 0.003763 0.434823 0.015938
v 0.003768 0.434823 0.015842
v 0.003762 0.434823 0.015744
v 0.003744 0.434823 0.015650
v 0.003713 0.434823 0.015561
v 0.003670 0.434823 0.015479
v 0.003615 0.434823 0.015405
v 0.003548 0.434823 0.015338
v 0.003469 0.434823 0.015280
v 0.003378 0.434823 0.015233
v 0.003274 0.434823 0.015196
v 0.003159 0.434823 0.015170
v 0.003031 0.434823 0.015157
v 0.002892 0.434823 0.015158
v 0.002892 0.434823 0.014618
v 0.003021 0.434823 0.014613
v 0.003140 0.434823 0.014600
v 0.003246 0.434823 0.014577
v 0.003342 0.434823 0.014547
v 0.003426 0.434823 0.014508
v 0.003500 0.434823 0.014460
v 0.003561 0.434823 0.014406
v 0.003612 0.434823 0.014343
v 0.003651 0.434823 0.014274
v 0.003680 0.434823 0.014197
v 0.003696 0.434823 0.014114
v 0.003702 0.434823 0.014024
v 0.003696 0.434823 0.013933
v 0.003680 0.434823 0.013847
v 0.003652 0.434823 0.013769
v 0.003614 0.434823 0.013697
v 0.003567 0.434823 0.013633
v 0.003510 0.434823 0.013576
v 0.003444 0.434823 0.013527
v 0.003370 0.434823 0.013487
v 0.003287 0.434823 0.013454
v 0.003196 0.434823 0.013431
v 0.003099 0.434823 0.013417
v 0.002994 0.434823 0.013412
v 0.002939 0.434823 0.013413
v 0.002885 0.434823 0.013416
v 0.002831 0.434823 0.013421
v 0.002778 0.434823 0.013429
v 0.002723 0.434823 0.013439
v 0.002669 0.434823 0.013452
v 0.002612 0.434823 0.013467
v 0.002554 0.434823 0.013485
v 0.002495 0.434823 0.013506
v 0.002432 0.434823 0.013529
v 0.002367 0.434823 0.013556
v 0.002298 0.434823 0.013586
v 0.002298 0.434823 0.013028
v 0.000114 0.434823 0.015956
v 0.000114 0.434823 0.015398
v 0.001572 0.434823 0.015398
v 0.001572 0.434823 0.015956
v -0.002580 0.434823 0.012908
v -0.002220 0.434823 0.012930
v -0.001894 0.434823 0.012992
v -0.001602 0.434823 0.013092
v -0.001343 0.434823 0.013224
v -0.001118 0.434823 0.013384
v -0.000924 0.434823 0.013569
v -0.000762 0.434823 0.013773
v -0.000631 0.434823 0.013994
v -0.000530 0.434823 0.014227
v -0.000458 0.434823 0.014467
v -0.000416 0.434823 0.014711
v -0.000402 0.434823 0.014954
v -0.000419 0.434823 0.015215
v -0.000469 0.434823 0.015470
v -0.000552 0.434823 0.015717
v -0.000665 0.434823 0.015951
v -0.000809 0.434823 0.016170
v -0.000982 0.434823 0.016371
v -0.001183 0.434823 0.016549
v -0.001411 0.434823 0.016703
v -0.001665 0.434823 0.016828
v -0.001944 0.434823 0.016921
v -0.002248 0.434823 0.016980
v -0.002574 0.434823 0.017000
v -0.004170 0.434823 0.017000
v -0.004170 0.434823 0.012908
v -0.002646 0.434823 0.016472
v -0.002334 0.434823 0.016452
v -0.002062 0.434823 0.016395
v -0.001828 0.434823 0.016306
v -0.001629 0.434823 0.016190
v -0.001463 0.434823 0.016054
v -0.001327 0.434823 0.015902
v -0.001219 0.434823 0.015739
v -0.001137 0.434823 0.015572
v -0.001077 0.434823 0.015404
v -0.001037 0.434823 0.015241
v -0.001015 0.434823 0.015090
v -0.001008 0.434823 0.014954
v -0.001019 0.434823 0.014751
v -0.001052 0.434823 0.014556
v -0.001107 0.434823 0.014370
v -0.001186 0.434823 0.014195
v -0.001287 0.434823 0.014033
v -0.001412 0.434823 0.013887
v -0.001561 0.434823 0.013757
v -0.001734 0.434823 0.013647
v -0.001932 0.434823 0.013558
v -0.002155 0.434823 0.013491
v -0.002402 0.434823 0.013450
v -0.002676 0.434823 0.013436
v -0.003582 0.434823 0.013436
v -0.003582 0.434823 0.016472
v -0.005670 0.434823 0.017000
v -0.005670 0.434823 0.012908
v -0.005082 0.434823 0.012908
v -0.005082 0.434823 0.017000
v -0.007146 0.434823 0.017000
v -0.007146 0.434823 0.013814
v -0.007158 0.434823 0.013814
v -0.008418 0.434823 0.015398
v -0.008514 0.434823 0.015398
v -0.009774 0.434823 0.013814
v -0.009786 0.434823 0.013814
v -0.009786 0.434823 0.017000
v -0.010374 0.434823 0.017000
v -0.010374 0.434823 0.012908
v -0.009822 0.434823 0.012908
v -0.008466 0.434823 0.014588
v -0.007104 0.434823 0.012908
v -0.006558 0.434823 0.012908
v -0.006558 0.434823 0.017000
v -0.007146 0.434823 0.017000
v -0.007146 0.434983 0.017000
v -0.007146 0.434823 0.013814
v -0.007146 0.434983 0.013814
v -0.007158 0.434823 0.013814
v -0.007158 0.434983 0.013814
v -0.008418 0.434823 0.015398
v -0.008418 0.434983 0.015398
v -0.008514 0.434823 0.015398
v -0.008514 0.434983 0.015398
v -0.009774 0.434823 0.013814
v -0.009774 0.434983 0.013814
v -0.009786 0.434823 0.013814
v -0.009786 0.434983 0.013814
v -0.009786 0.434823 0.017000
v -0.009786 0.434983 0.017000
v -0.010374 0.434823 0.017000
v -0.010374 0.434983 0.017000
v -0.010374 0.434823 0.012908
v -0.010374 0.434983 0.012908
v -0.009822 0.434823 0.012908
v -0.009822 0.434983 0.012908
v -0.008466 0.434823 0.014588
v -0.008466 0.434983 0.014588
v -0.007104 0.434823 0.012908
v -0.007104 0.434983 0.012908
v -0.006558 0.434823 0.012908
v -0.006558 0.434983 0.012908
v -0.006558 0.434823 0.017000
v -0.006558 0.434983 0.017000
v -0.005670 0.434823 0.017000
v -0.005670 0.434983 0.017000
v -0.005670 0.434823 0.012908
v -0.005670 0.434983 0.012908
v -0.005082 0.434823 0.012908
v -0.005082 0.434983 0.012908
v -0.005082 0.434823 0.017000
v -0.005082 0.434983 0.017000
v -0.002580 0.434823 0.012908
v -0.002580 0.434983 0.012908
v -0.002220 0.434823 0.012930
v -0.002220 0.434983 0.012930
v -0.001894 0.434823 0.012992
v -0.001894 0.434983 0.012992
v -0.001602 0.434823 0.013092
v -0.001602 0.434983 0.013092
v -0.001343 0.434823 0.013224
v -0.001343 0.434983 0.013224
v -0.001118 0.434823 0.013384
v -0.001118 0.434983 0.013384
v -0.000924 0.434823 0.013569
v -0.000924 0.434983 0.013569
v -0.000762 0.434823 0.013773
v -0.000762 0.434983 0.013773
v -0.000631 0.434823 0.013994
v -0.000631 0.434983 0.013994
v -0.000530 0.434823 0.014227
v -0.000530 0.434983 0.014227
v -0.000458 0.434823 0.014467
v -0.000458 0.434983 0.014467
v -0.000416 0.434823 0.014711
v -0.000416 0.434983 0.014711
v -0.000402 0.434823 0.014954
v -0.000402 0.434983 0.014954
v -0.000419 0.434823 0.015215
v -0.000419 0.434983 0.015215
v -0.000469 0.434823 0.015470
v -0.000469 0.434983 0.015470
v -0.000552 0.434823 0.015717
v -0.000552 0.434983 0.015717
v -0.000665 0.434823 0.015951
v -0.000665 0.434983 0.015951
v -0.000809 0.434823 0.016170
v -0.000809 0.434983 0.016170
v -0.000982 0.434823 0.016371
v -0.000982 0.434983 0.016371
v -0.001183 0.434823 0.016549
v -0.001183 0.434983 0.016549
v -0.001411 0.434823 0.016703
v -0.001411 0.434983 0.016703
v -0.001665 0.434823 0.016828
v -0.001665 0.434983 0.016828
v -0.001944 0.434823 0.016921
v -0.001944 0.434983 0.016921
v -0.002248 0.434823 0.016980
v -0.002248 0.434983 0.016980
v -0.002574 0.434823 0.017000
v -0.002574 0.434983 0.017000
v -0.004170 0.434823 0.017000
v -0.004170 0.434983 0.017000
v -0.004170 0.434823 0.012908
v -0.004170 0.434983 0.012908
v -0.002646 0.434823 0.016472
v -0.002646 0.434983 0.016472
v -0.002334 0.434823 0.016452
v -0.002334 0.434983 0.016452
v -0.002062 0.434823 0.016395
v -0.002062 0.434983 0.016395
v -0.001828 0.434823 0.016306
v -0.001828 0.434983 0.016306
v -0.001629 0.434823 0.016190
v -0.001629 0.434983 0.016190
v -0.001463 0.434823 0.016054
v -0.001463 0.434983 0.016054
v -0.001327 0.434823 0.015902
v -0.001327 0.434983 0.015902
v -0.001219 0.434823 0.015739
v -0.001219 0.434983 0.015739
v -0.001137 0.434823 0.015572
v -0.001137 0.434983 0.015572
v -0.001077 0.434823 0.015404
v -0.001077 0.434983 0.015404
v -0.001037 0.434823 0.015241
v -0.001037 0.434983 0.015241
v -0.001015 0.434823 0.015090
v -0.001015 0.434983 0.015090
v -0.001008 0.434823 0.014954
v -0.001008 0.434983 0.014954
v -0.001019 0.434823 0.014751
v -0.001019 0.434983 0.014751
v -0.001052 0.434823 0.014556
v -0.001052 0.434983 0.014556
v -0.001107 0.434823 0.014370
v -0.001107 0.434983 0.014370
v -0.001186 0.434823 0.014195
v -0.001186 0.434983 0.014195
v -0.001287 0.434823 0.014033
v -0.001287 0.434983 0.014033
v -0.001412 0.434823 0.013887
v -0.001412 0.434983 0.013887
v -0.001561 0.434823 0.013757
v -0.001561 0.434983 0.013757
v -0.001734 0.434823 0.013647
v -0.001734 0.434983 0.013647
v -0.001932 0.434823 0.013558
v -0.001932 0.434983 0.013558
v -0.002155 0.434823 0.013491
v -0.002155 0.434983 0.013491
v -0.002402 0.434823 0.013450
v -0.002402 0.434983 0.013450
v -0.002676 0.434823 0.013436
v -0.002676 0.434983 0.013436
v -0.003582 0.434823 0.013436
v -0.003582 0.434983 0.013436
v -0.003582 0.434823 0.016472
v -0.003582 0.434983 0.016472
v 0.000114 0.434823 0.015956
v 0.000114 0.434983 0.015956
v 0.000114 0.434823 0.015398
v 0.000114 0.434983 0.015398
v 0.001572 0.434823 0.015398
v 0.001572 0.434983 0.015398
v 0.001572 0.434823 0.015956
v 0.001572 0.434983 0.015956
v 0.002359 0.434823 0.012999
v 0.002359 0.434983 0.012999
v 0.002420 0.434823 0.012973
v 0.002420 0.434983 0.012973
v 0.002482 0.434823 0.012950
v 0.002482 0.434983 0.012950
v 0.002543 0.434823 0.012930
v 0.002543 0.434983 0.012930
v 0.002605 0.434823 0.012912
v 0.002605 0.434983 0.012912
v 0.002669 0.434823 0.012896
v 0.002669 0.434983 0.012896
v 0.002733 0.434823 0.012883
v 0.002733 0.434983 0.012883
v 0.002799 0.434823 0.012872
v 0.002799 0.434983 0.012872
v 0.002867 0.434823 0.012864
v 0.002867 0.434983 0.012864
v 0.002937 0.434823 0.012859
v 0.002937 0.434983 0.012859
v 0.003009 0.434823 0.012855
v 0.003009 0.434983 0.012855
v 0.003084 0.434823 0.012854
v 0.003084 0.434983 0.012854
v 0.003262 0.434823 0.012863
v 0.003262 0.434983 0.012863
v 0.003427 0.434823 0.012888
v 0.003427 0.434983 0.012888
v 0.003581 0.434823 0.012930
v 0.003581 0.434983 0.012930
v 0.003722 0.434823 0.012987
v 0.003722 0.434983 0.012987
v 0.003849 0.434823 0.013059
v 0.003849 0.434983 0.013059
v 0.003961 0.434823 0.013145
v 0.003961 0.434983 0.013145
v 0.004059 0.434823 0.013245
v 0.004059 0.434983 0.013245
v 0.004140 0.434823 0.013357
v 0.004140 0.434983 0.013357
v 0.004205 0.434823 0.013482
v 0.004205 0.434983 0.013482
v 0.004252 0.434823 0.013618
v 0.004252 0.434983 0.013618
v 0.004280 0.434823 0.013765
v 0.004280 0.434983 0.013765
v 0.004290 0.434823 0.013922
v 0.004290 0.434983 0.013922
v 0.004287 0.434823 0.014032
v 0.004287 0.434983 0.014032
v 0.004277 0.434823 0.014134
v 0.004277 0.434983 0.014134
v 0.004261 0.434823 0.014229
v 0.004261 0.434983 0.014229
v 0.004237 0.434823 0.014317
v 0.004237 0.434983 0.014317
v 0.004207 0.434823 0.014399
v 0.004207 0.434983 0.014399
v 0.004169 0.434823 0.014475
v 0.004169 0.434983 0.014475
v 0.004123 0.434823 0.014546
v 0.004123 0.434983 0.014546
v 0.004069 0.434823 0.014613
v 0.004069 0.434983 0.014613
v 0.004007 0.434823 0.014675
v 0.004007 0.434983 0.014675
v 0.003936 0.434823 0.014733
v 0.003936 0.434983 0.014733
v 0.003856 0.434823 0.014788
v 0.003856 0.434983 0.014788
v 0.003768 0.434823 0.014840
v 0.003768 0.434983 0.014840
v 0.003865 0.434823 0.014878
v 0.003865 0.434983 0.014878
v 0.003953 0.434823 0.014927
v 0.003953 0.434983 0.014927
v 0.004032 0.434823 0.014986
v 0.004032 0.434983 0.014986
v 0.004102 0.434823 0.015055
v 0.004102 0.434983 0.015055
v 0.004163 0.434823 0.015132
v 0.004163 0.434983 0.015132
v 0.004215 0.434823 0.015216
v 0.004215 0.434983 0.015216
v 0.004259 0.434823 0.015306
v 0.004259 0.434983 0.015306
v 0.004294 0.434823 0.015401
v 0.004294 0.434983 0.015401
v 0.004322 0.434823 0.015501
v 0.004322 0.434983 0.015501
v 0.004341 0.434823 0.015603
v 0.004341 0.434983 0.015603
v 0.004352 0.434823 0.015707
v 0.004352 0.434983 0.015707
v 0.004356 0.434823 0.015812
v 0.004356 0.434983 0.015812
v 0.004345 0.434823 0.015990
v 0.004345 0.434983 0.015990
v 0.004313 0.434823 0.016158
v 0.004313 0.434983 0.016158
v 0.004261 0.434823 0.016315
v 0.004261 0.434983 0.016315
v 0.004190 0.434823 0.016459
v 0.004190 0.434983 0.016459
v 0.004100 0.434823 0.016591
v 0.004100 0.434983 0.016591
v 0.003995 0.434823 0.016707
v 0.003995 0.434983 0.016707
v 0.003873 0.434823 0.016809
v 0.003873 0.434983 0.016809
v 0.003736 0.434823 0.016895
v 0.003736 0.434983 0.016895
v 0.003587 0.434823 0.016963
v 0.003587 0.434983 0.016963
v 0.003424 0.434823 0.017013
v 0.003424 0.434983 0.017013
v 0.003250 0.434823 0.017044
v 0.003250 0.434983 0.017044
v 0.003066 0.434823 0.017054
v 0.003066 0.434983 0.017054
v 0.002995 0.434823 0.017052
v 0.002995 0.434983 0.017052
v 0.002924 0.434823 0.017047
v 0.002924 0.434983 0.017047
v 0.002852 0.434823 0.017039
v 0.002852 0.434983 0.017039
v 0.002780 0.434823 0.017027
v 0.002780 0.434983 0.017027
v 0.002708 0.434823 0.017012
v 0.002708 0.434983 0.017012
v 0.002636 0.434823 0.016993
v 0.002636 0.434983 0.016993
v 0.002563 0.434823 0.016972
v 0.002563 0.434983 0.016972
v 0.002490 0.434823 0.016947
v 0.002490 0.434983 0.016947
v 0.002416 0.434823 0.016920
v 0.002416 0.434983 0.016920
v 0.002343 0.434823 0.016889
v 0.002343 0.434983 0.016889
v 0.002269 0.434823 0.016856
v 0.002269 0.434983 0.016856
v 0.002196 0.434823 0.016820
v 0.002196 0.434983 0.016820
v 0.002196 0.434823 0.016184
v 0.002196 0.434983 0.016184
v 0.002274 0.434823 0.016234
v 0.002274 0.434983 0.016234
v 0.002351 0.434823 0.016280
v 0.002351 0.434983 0.016280
v 0.002428 0.434823 0.016321
v 0.002428 0.434983 0.016321
v 0.002504 0.434823 0.016358
v 0.002504 0.434983 0.016358
v 0.002581 0.434823 0.016391
v 0.002581 0.434983 0.016391
v 0.002657 0.434823 0.016419
v 0.002657 0.434983 0.016419
v 0.002732 0.434823 0.016442
v 0.002732 0.434983 0.016442
v 0.002808 0.434823 0.016462
v 0.002808 0.434983 0.016462
v 0.002883 0.434823 0.016477
v 0.002883 0.434983 0.016477
v 0.002958 0.434823 0.016487
v 0.002958 0.434983 0.016487
v 0.003033 0.434823 0.016494
v 0.003033 0.434983 0.016494
v 0.003108 0.434823 0.016496
v 0.003108 0.434983 0.016496
v 0.003205 0.434823 0.016491
v 0.003205 0.434983 0.016491
v 0.003296 0.434823 0.016475
v 0.003296 0.434983 0.016475
v 0.003381 0.434823 0.016449
v 0.003381 0.434983 0.016449
v 0.003458 0.434823 0.016414
v 0.003458 0.434983 0.016414
v 0.003527 0.434823 0.016370
v 0.003527 0.434983 0.016370
v 0.003589 0.434823 0.016317
v 0.003589 0.434983 0.016317
v 0.003642 0.434823 0.016256
v 0.003642 0.434983 0.016256
v 0.003686 0.434823 0.016188
v 0.003686 0.434983 0.016188
v 0.003721 0.434823 0.016111
v 0.003721 0.434983 0.016111
v 0.003747 0.434823 0.016028
v 0.003747 0.434983 0.016028
v 0.003763 0.434823 0.015938
v 0.003763 0.434983 0.015938
v 0.003768 0.434823 0.015842
v 0.003768 0.434983 0.015842
v 0.003762 0.434823 0.015744
v 0.003762 0.434983 0.015744
v 0.003744 0.434823 0.015650
v 0.003744 0.434983 0.015650
v 0.003713 0.434823 0.015561
v 0.003713 0.434983 0.015561
v 0.003670 0.434823 0.015479
v 0.003670 0.434983 0.015479
v 0.003615 0.434823 0.015405
v 0.003615 0.434983 0.015405
v 0.003548 0.434823 0.015338
v 0.003548 0.434983 0.015338
v 0.003469 0.434823 0.015280
v 0.003469 0.434983 0.015280
v 0.003378 0.434823 0.015233
v 0.003378 0.434983 0.015233
v 0.003274 0.434823 0.015196
v 0.003274 0.434983 0.015196
v 0.003159 0.434823 0.015170
v 0.003159 0.434983 0.015170
v 0.003031 0.434823 0.015157
v 0.003031 0.434983 0.015157
v 0.002892 0.434823 0.015158
v 0.002892 0.434983 0.015158
v 0.002892 0.434823 0.014618
v 0.002892 0.434983 0.014618
v 0.003021 0.434823 0.014613
v 0.003021 0.434983 0.014613
v 0.003140 0.434823 0.014600
v 0.003140 0.434983 0.014600
v 0.003246 0.434823 0.014577
v 0.003246 0.434983 0.014577
v 0.003342 0.434823 0.014547
v 0.003342 0.434983 0.014547
v 0.003426 0.434823 0.014508
v 0.003426 0.434983 0.014508
v 0.003500 0.434823 0.014460
v 0.003500 0.434983 0.014460
v 0.003561 0.434823 0.014406
v 0.003561 0.434983 0.014406
v 0.003612 0.434823 0.014343
v 0.003612 0.434983 0.014343
v 0.003651 0.434823 0.014274
v 0.003651 0.434983 0.014274
v 0.003680 0.434823 0.014197
v 0.003680 0.434983 0.014197
v 0.003696 0.434823 0.014114
v 0.003696 0.434983 0.014114
v 0.003702 0.434823 0.014024
v 0.003702 0.434983 0.014024
v 0.003696 0.434823 0.013933
v 0.003696 0.434983 0.013933
v 0.003680 0.434823 0.013847
v 0.003680 0.434983 0.013847
v 0.003652 0.434823 0.013769
v 0.003652 0.434983 0.013769
v 0.003614 0.434823 0.013697
v 0.003614 0.434983 0.013697
v 0.003567 0.434823 0.013633
v 0.003567 0.434983 0.013633
v 0.003510 0.434823 0.013576
v 0.003510 0.434983 0.013576
v 0.003444 0.434823 0.013527
v 0.003444 0.434983 0.013527
v 0.003370 0.434823 0.013487
v 0.003370 0.434983 0.013487
v 0.003287 0.434823 0.013454
v 0.003287 0.434983 0.013454
v 0.003196 0.434823 0.013431
v 0.003196 0.434983 0.013431
v 0.003099 0.434823 0.013417
v 0.003099 0.434983 0.013417
v 0.002994 0.434823 0.013412
v 0.002994 0.434983 0.013412
v 0.002939 0.434823 0.013413
v 0.002939 0.434983 0.013413
v 0.002885 0.434823 0.013416
v 0.002885 0.434983 0.013416
v 0.002831 0.434823 0.013421
v 0.002831 0.434983 0.013421
v 0.002778 0.434823 0.013429
v 0.002778 0.434983 0.013429
v 0.002723 0.434823 0.013439
v 0.002723 0.434983 0.013439
v 0.002669 0.434823 0.013452
v 0.002669 0.434983 0.013452
v 0.002612 0.434823 0.013467
v 0.002612 0.434983 0.013467
v 0.002554 0.434823 0.013485
v 0.002554 0.434983 0.013485
v 0.002495 0.434823 0.013506
v 0.002495 0.434983 0.013506
v 0.002432 0.434823 0.013529
v 0.002432 0.434983 0.013529
v 0.002367 0.434823 0.013556
v 0.002367 0.434983 0.013556
v 0.002298 0.434823 0.013586
v 0.002298 0.434983 0.013586
v 0.002298 0.434823 0.013028
v 0.002298 0.434983 0.013028
v 0.006926 0.434823 0.013393
v 0.006926 0.434983 0.013393
v 0.006787 0.434823 0.013492
v 0.006787 0.434983 0.013492
v 0.006653 0.434823 0.013600
v 0.006653 0.434983 0.013600
v 0.006524 0.434823 0.013716
v 0.006524 0.434983 0.013716
v 0.006402 0.434823 0.013838
v 0.006402 0.434983 0.013838
v 0.006288 0.434823 0.013966
v 0.006288 0.434983 0.013966
v 0.006182 0.434823 0.014099
v 0.006182 0.434983 0.014099
v 0.006086 0.434823 0.014236
v 0.006086 0.434983 0.014236
v 0.006000 0.434823 0.014376
v 0.006000 0.434983 0.014376
v 0.005925 0.434823 0.014518
v 0.005925 0.434983 0.014518
v 0.005863 0.434823 0.014661
v 0.005863 0.434983 0.014661
v 0.005814 0.434823 0.014804
v 0.005814 0.434983 0.014804
v 0.005856 0.434823 0.014783
v 0.005856 0.434983 0.014783
v 0.005899 0.434823 0.014762
v 0.005899 0.434983 0.014762
v 0.005945 0.434823 0.014742
v 0.005945 0.434983 0.014742
v 0.005992 0.434823 0.014723
v 0.005992 0.434983 0.014723
v 0.006042 0.434823 0.014705
v 0.006042 0.434983 0.014705
v 0.006094 0.434823 0.014688
v 0.006094 0.434983 0.014688
v 0.006149 0.434823 0.014674
v 0.006149 0.434983 0.014674
v 0.006206 0.434823 0.014661
v 0.006206 0.434983 0.014661
v 0.006265 0.434823 0.014650
v 0.006265 0.434983 0.014650
v 0.006326 0.434823 0.014643
v 0.006326 0.434983 0.014643
v 0.006390 0.434823 0.014638
v 0.006390 0.434983 0.014638
v 0.006456 0.434823 0.014636
v 0.006456 0.434983 0.014636
v 0.006616 0.434823 0.014647
v 0.006616 0.434983 0.014647
v 0.006768 0.434823 0.014677
v 0.006768 0.434983 0.014677
v 0.006911 0.434823 0.014727
v 0.006911 0.434983 0.014727
v 0.007044 0.434823 0.014795
v 0.007044 0.434983 0.014795
v 0.007165 0.434823 0.014879
v 0.007165 0.434983 0.014879
v 0.007274 0.434823 0.014979
v 0.007274 0.434983 0.014979
v 0.007370 0.434823 0.015092
v 0.007370 0.434983 0.015092
v 0.007450 0.434823 0.015219
v 0.007450 0.434983 0.015219
v 0.007515 0.434823 0.015357
v 0.007515 0.434983 0.015357
v 0.007563 0.434823 0.015506
v 0.007563 0.434983 0.015506
v 0.007592 0.434823 0.015664
v 0.007592 0.434983 0.015664
v 0.007602 0.434823 0.015830
v 0.007602 0.434983 0.015830
v 0.007591 0.434823 0.015994
v 0.007591 0.434983 0.015994
v 0.007558 0.434823 0.016152
v 0.007558 0.434983 0.016152
v 0.007506 0.434823 0.016302
v 0.007506 0.434983 0.016302
v 0.007435 0.434823 0.016443
v 0.007435 0.434983 0.016443
v 0.007347 0.434823 0.016574
v 0.007347 0.434983 0.016574
v 0.007244 0.434823 0.016692
v 0.007244 0.434983 0.016692
v 0.007128 0.434823 0.016796
v 0.007128 0.434983 0.016796
v 0.006999 0.434823 0.016885
v 0.006999 0.434983 0.016885
v 0.006860 0.434823 0.016956
v 0.006860 0.434983 0.016956
v 0.006712 0.434823 0.017010
v 0.006712 0.434983 0.017010
v 0.006557 0.434823 0.017043
v 0.006557 0.434983 0.017043
v 0.006396 0.434823 0.017054
v 0.006396 0.434983 0.017054
v 0.006205 0.434823 0.017042
v 0.006205 0.434983 0.017042
v 0.006025 0.434823 0.017006
v 0.006025 0.434983 0.017006
v 0.005858 0.434823 0.016949
v 0.005858 0.434983 0.016949
v 0.005704 0.434823 0.016870
v 0.005704 0.434983 0.016870
v 0.005565 0.434823 0.016770
v 0.005565 0.434983 0.016770
v 0.005441 0.434823 0.016652
v 0.005441 0.434983 0.016652
v 0.005334 0.434823 0.016516
v 0.005334 0.434983 0.016516
v 0.005244 0.434823 0.016362
v 0.005244 0.434983 0.016362
v 0.005172 0.434823 0.016193
v 0.005172 0.434983 0.016193
v 0.005119 0.434823 0.016010
v 0.005119 0.434983 0.016010
v 0.005087 0.434823 0.015812
v 0.005087 0.434983 0.015812
v 0.005076 0.434823 0.015602
v 0.005076 0.434983 0.015602
v 0.005088 0.434823 0.015346
v 0.005088 0.434983 0.015346
v 0.005124 0.434823 0.015091
v 0.005124 0.434983 0.015091
v 0.005183 0.434823 0.014839
v 0.005183 0.434983 0.014839
v 0.005265 0.434823 0.014591
v 0.005265 0.434983 0.014591
v 0.005369 0.434823 0.014347
v 0.005369 0.434983 0.014347
v 0.005497 0.434823 0.014109
v 0.005497 0.434983 0.014109
v 0.005646 0.434823 0.013877
v 0.005646 0.434983 0.013877
v 0.005817 0.434823 0.013653
v 0.005817 0.434983 0.013653
v 0.006010 0.434823 0.013438
v 0.006010 0.434983 0.013438
v 0.006224 0.434823 0.013232
v 0.006224 0.434983 0.013232
v 0.006459 0.434823 0.013037
v 0.006459 0.434983 0.013037
v 0.006714 0.434823 0.012854
v 0.006714 0.434983 0.012854
v 0.007068 0.434823 0.013304
v 0.007068 0.434983 0.013304
v 0.006455 0.434823 0.016490
v 0.006455 0.434983 0.016490
v 0.006544 0.434823 0.016474
v 0.006544 0.434983 0.016474
v 0.006627 0.434823 0.016448
v 0.006627 0.434983 0.016448
v 0.006703 0.434823 0.016411
v 0.006703 0.434983 0.016411
v 0.006772 0.434823 0.016365
v 0.006772 0.434983 0.016365
v 0.006833 0.434823 0.016311
v 0.006833 0.434983 0.016311
v 0.006886 0.434823 0.016248
v 0.006886 0.434983 0.016248
v 0.006931 0.434823 0.016177
v 0.006931 0.434983 0.016177
v 0.006967 0.434823 0.016099
v 0.006967 0.434983 0.016099
v 0.006993 0.434823 0.016013
v 0.006993 0.434983 0.016013
v 0.007009 0.434823 0.015922
v 0.007009 0.434983 0.015922
v 0.007014 0.434823 0.015824
v 0.007014 0.434983 0.015824
v 0.007008 0.434823 0.015736
v 0.007008 0.434983 0.015736
v 0.006991 0.434823 0.015652
v 0.006991 0.434983 0.015652
v 0.006963 0.434823 0.015574
v 0.006963 0.434983 0.015574
v 0.006925 0.434823 0.015501
v 0.006925 0.434983 0.015501
v 0.006877 0.434823 0.015434
v 0.006877 0.434983 0.015434
v 0.006821 0.434823 0.015374
v 0.006821 0.434983 0.015374
v 0.006757 0.434823 0.015322
v 0.006757 0.434983 0.015322
v 0.006685 0.434823 0.015277
v 0.006685 0.434983 0.015277
v 0.006606 0.434823 0.015242
v 0.006606 0.434983 0.015242
v 0.006522 0.434823 0.015216
v 0.006522 0.434983 0.015216
v 0.006431 0.434823 0.015200
v 0.006431 0.434983 0.015200
v 0.006336 0.434823 0.015194
v 0.006336 0.434983 0.015194
v 0.006275 0.434823 0.015195
v 0.006275 0.434983 0.015195
v 0.006218 0.434823 0.015198
v 0.006218 0.434983 0.015198
v 0.006165 0.434823 0.015204
v 0.006165 0.434983 0.015204
v 0.006113 0.434823 0.015213
v 0.006113 0.434983 0.015213
v 0.006063 0.434823 0.015224
v 0.006063 0.434983 0.015224
v 0.006014 0.434823 0.015239
v 0.006014 0.434983 0.015239
v 0.005965 0.434823 0.015257
v 0.005965 0.434983 0.015257
v 0.005915 0.434823 0.015279
v 0.005915 0.434983 0.015279
v 0.005863 0.434823 0.015305
v 0.005863 0.434983 0.015305
v 0.005808 0.434823 0.015336
v 0.005808 0.434983 0.015336
v 0.005750 0.434823 0.015370
v 0.005750 0.434983 0.015370
v 0.005688 0.434823 0.015410
v 0.005688 0.434983 0.015410
v 0.005660 0.434823 0.015573
v 0.005660 0.434983 0.015573
v 0.005654 0.434823 0.015724
v 0.005654 0.434983 0.015724
v 0.005667 0.434823 0.015863
v 0.005667 0.434983 0.015863
v 0.005698 0.434823 0.015990
v 0.005698 0.434983 0.015990
v 0.005745 0.434823 0.016104
v 0.005745 0.434983 0.016104
v 0.005806 0.434823 0.016205
v 0.005806 0.434983 0.016205
v 0.005879 0.434823 0.016292
v 0.005879 0.434983 0.016292
v 0.005962 0.434823 0.016364
v 0.005962 0.434983 0.016364
v 0.006053 0.434823 0.016421
v 0.006053 0.434983 0.016421
v 0.006151 0.434823 0.016462
v 0.006151 0.434983 0.016462
v 0.006254 0.434823 0.016487
v 0.006254 0.434983 0.016487
v 0.006360 0.434823 0.016496
v 0.006360 0.434983 0.016496
v 0.009120 0.434823 0.017037
v 0.009120 0.434983 0.017037
v 0.008939 0.434823 0.016986
v 0.008939 0.434983 0.016986
v 0.008772 0.434823 0.016903
v 0.008772 0.434983 0.016903
v 0.008618 0.434823 0.016790
v 0.008618 0.434983 0.016790
v 0.008479 0.434823 0.016647
v 0.008479 0.434983 0.016647
v 0.008355 0.434823 0.016476
v 0.008355 0.434983 0.016476
v 0.008248 0.434823 0.016280
v 0.008248 0.434983 0.016280
v 0.008158 0.434823 0.016058
v 0.008158 0.434983 0.016058
v 0.008087 0.434823 0.015814
v 0.008087 0.434983 0.015814
v 0.008035 0.434823 0.015547
v 0.008035 0.434983 0.015547
v 0.008003 0.434823 0.015260
v 0.008003 0.434983 0.015260
v 0.007992 0.434823 0.014954
v 0.007992 0.434983 0.014954
v 0.008003 0.434823 0.014648
v 0.008003 0.434983 0.014648
v 0.008035 0.434823 0.014361
v 0.008035 0.434983 0.014361
v 0.008087 0.434823 0.014094
v 0.008087 0.434983 0.014094
v 0.008158 0.434823 0.013850
v 0.008158 0.434983 0.013850
v 0.008248 0.434823 0.013628
v 0.008248 0.434983 0.013628
v 0.008355 0.434823 0.013431
v 0.008355 0.434983 0.013431
v 0.008479 0.434823 0.013261
v 0.008479 0.434983 0.013261
v 0.008618 0.434823 0.013118
v 0.008618 0.434983 0.013118
v 0.008772 0.434823 0.013005
v 0.008772 0.434983 0.013005
v 0.008939 0.434823 0.012922
v 0.008939 0.434983 0.012922
v 0.009120 0.434823 0.012871
v 0.009120 0.434983 0.012871
v 0.009312 0.434823 0.012854
v 0.009312 0.434983 0.012854
v 0.009504 0.434823 0.012871
v 0.009504 0.434983 0.012871
v 0.009685 0.434823 0.012922
v 0.009685 0.434983 0.012922
v 0.009852 0.434823 0.013005
v 0.009852 0.434983 0.013005
v 0.010006 0.434823 0.013118
v 0.010006 0.434983 0.013118
v 0.010145 0.434823 0.013261
v 0.010145 0.434983 0.013261
v 0.010269 0.434823 0.013431
v 0.010269 0.434983 0.013431
v 0.010376 0.434823 0.013628
v 0.010376 0.434983 0.013628
v 0.010466 0.434823 0.013850
v 0.010466 0.434983 0.013850
v 0.010537 0.434823 0.014094
v 0.010537 0.434983 0.014094
v 0.010589 0.434823 0.014361
v 0.010589 0.434983 0.014361
v 0.010621 0.434823 0.014648
v 0.010621 0.434983 0.014648
v 0.010632 0.434823 0.014954
v 0.010632 0.434983 0.014954
v 0.010621 0.434823 0.015260
v 0.010621 0.434983 0.015260
v 0.010589 0.434823 0.015547
v 0.010589 0.434983 0.015547
v 0.010537 0.434823 0.015814
v 0.010537 0.434983 0.015814
v 0.010466 0.434823 0.016058
v 0.010466 0.434983 0.016058
v 0.010376 0.434823 0.016280
v 0.010376 0.434983 0.016280
v 0.010269 0.434823 0.016476
v 0.010269 0.434983 0.016476
v 0.010145 0.434823 0.016647
v 0.010145 0.434983 0.016647
v 0.010006 0.434823 0.016790
v 0.010006 0.434983 0.016790
v 0.009852 0.434823 0.016903
v 0.009852 0.434983 0.016903
v 0.009685 0.434823 0.016986
v 0.009685 0.434983 0.016986
v 0.009504 0.434823 0.017037
v 0.009504 0.434983 0.017037
v 0.009312 0.434823 0.017054
v 0.009312 0.434983 0.017054
v 0.009202 0.434823 0.013424
v 0.009202 0.434983 0.013424
v 0.009099 0.434823 0.013460
v 0.009099 0.434983 0.013460
v 0.009005 0.434823 0.013518
v 0.009005 0.434983 0.013518
v 0.008920 0.434823 0.013598
v 0.008920 0.434983 0.013598
v 0.008843 0.434823 0.013700
v 0.008843 0.434983 0.013700
v 0.008775 0.434823 0.013823
v 0.008775 0.434983 0.013823
v 0.008717 0.434823 0.013966
v 0.008717 0.434983 0.013966
v 0.008668 0.434823 0.014128
v 0.008668 0.434983 0.014128
v 0.008630 0.434823 0.014308
v 0.008630 0.434983 0.014308
v 0.008603 0.434823 0.014506
v 0.008603 0.434983 0.014506
v 0.008586 0.434823 0.014722
v 0.008586 0.434983 0.014722
v 0.008580 0.434823 0.014954
v 0.008580 0.434983 0.014954
v 0.008586 0.434823 0.015186
v 0.008586 0.434983 0.015186
v 0.008603 0.434823 0.015402
v 0.008603 0.434983 0.015402
v 0.008630 0.434823 0.015600
v 0.008630 0.434983 0.015600
v 0.008668 0.434823 0.015780
v 0.008668 0.434983 0.015780
v 0.008717 0.434823 0.015942
v 0.008717 0.434983 0.015942
v 0.008775 0.434823 0.016085
v 0.008775 0.434983 0.016085
v 0.008843 0.434823 0.016208
v 0.008843 0.434983 0.016208
v 0.008920 0.434823 0.016310
v 0.008920 0.434983 0.016310
v 0.009005 0.434823 0.016390
v 0.009005 0.434983 0.016390
v 0.009099 0.434823 0.016448
v 0.009099 0.434983 0.016448
v 0.009202 0.434823 0.016484
v 0.009202 0.434983 0.016484
v 0.009312 0.434823 0.016496
v 0.009312 0.434983 0.016496
v 0.009422 0.434823 0.016484
v 0.009422 0.434983 0.016484
v 0.009525 0.434823 0.016448
v 0.009525 0.434983 0.016448
v 0.009619 0.434823 0.016390
v 0.009619 0.434983 0.016390
v 0.009704 0.434823 0.016310
v 0.009704 0.434983 0.016310
v 0.009781 0.434823 0.016208
v 0.009781 0.434983 0.016208
v 0.009849 0.434823 0.016085
v 0.009849 0.434983 0.016085
v 0.009907 0.434823 0.015942
v 0.009907 0.434983 0.015942
v 0.009956 0.434823 0.015780
v 0.009956 0.434983 0.015780
v 0.009994 0.434823 0.015600
v 0.009994 0.434983 0.015600
v 0.010021 0.434823 0.015402
v 0.010021 0.434983 0.015402
v 0.010038 0.434823 0.015186
v 0.010038 0.434983 0.015186
v 0.010044 0.434823 0.014954
v 0.010044 0.434983 0.014954
v 0.010038 0.434823 0.014722
v 0.010038 0.434983 0.014722
v 0.010021 0.434823 0.014506
v 0.010021 0.434983 0.014506
v 0.009994 0.434823 0.014308
v 0.009994 0.434983 0.014308
v 0.009956 0.434823 0.014128
v 0.009956 0.434983 0.014128
v 0.009907 0.434823 0.013966
v 0.009907 0.434983 0.013966
v 0.009849 0.434823 0.013823
v 0.009849 0.434983 0.013823
v 0.009781 0.434823 0.013700
v 0.009781 0.434983 0.013700
v 0.009704 0.434823 0.013598
v 0.009704 0.434983 0.013598
v 0.009619 0.434823 0.013518
v 0.009619 0.434983 0.013518
v 0.009525 0.434823 0.013460
v 0.009525 0.434983 0.013460
v 0.009422 0.434823 0.013424
v 0.009422 0.434983 0.013424
v 0.009312 0.434823 0.013412
v 0.009312 0.434983 0.013412
vn -0.0000 1.0000 -0.0000
vn -0.0000 -1.0000 -0.0000
vn -0.7071 -0.0000 0.7071
vn 0.4344 -0.0000 0.9007
vn -0.4344 -0.0000 0.9007
vn 0.7071 -0.0000 0.7071
vn -0.7071 -0.0000 -0.7071
vn 0.4312 -0.0000 -0.9022
vn 0.0011 -0.0000 -1.0000
vn -0.4303 -0.0000 -0.9027
vn 0.7071 -0.0000 -0.7071
vn 0.0302 -0.0000 -0.9995
vn 0.1249 -0.0000 -0.9922
vn 0.2562 -0.0000 -0.9666
vn 0.3895 -0.0000 -0.9210
vn 0.5182 -0.0000 -0.8552
vn 0.6363 -0.0000 -0.7715
vn 0.7389 -0.0000 -0.6739
vn 0.8236 -0.0000 -0.5671
vn 0.8902 -0.0000 -0.4556
vn 0.9397 -0.0000 -0.3421
vn 0.9736 -0.0000 -0.2283
vn 0.9934 -0.0000 -0.1145
vn 1.0000 -0.0000 0.0037
vn 0.9916 -0.0000 0.1291
vn 0.9668 -0.0000 0.2555
vn 0.9261 -0.0000 0.3773
vn 0.8699 -0.0000 0.4933
vn 0.7985 -0.0000 0.6021
vn 0.7124 -0.0000 0.7018
vn 0.6126 -0.0000 0.7904
vn 0.5010 -0.0000 0.8654
vn 0.3802 -0.0000 0.9249
vn 0.2537 -0.0000 0.9673
vn 0.1257 -0.0000 0.9921
vn 0.0309 -0.0000 0.9995
vn -0.0324 -0.0000 -0.9995
vn -0.1357 -0.0000 -0.9908
vn -0.2813 -0.0000 -0.9596
vn -0.4297 -0.0000 -0.9030
vn -0.5699 -0.0000 -0.8217
vn -0.6923 -0.0000 -0.7216
vn -0.7915 -0.0000 -0.6112
vn -0.8666 -0.0000 -0.4989
vn -0.9207 -0.0000 -0.3903
vn -0.9577 -0.0000 -0.2879
vn -0.9816 -0.0000 -0.1911
vn -0.9953 -0.0000 -0.0970
vn -1.0000 -0.0000 0.0020
vn -0.9939 -0.0000 0.1105
vn -0.9740 -0.0000 0.2267
vn -0.9375 -0.0000 0.3479
vn -0.8820 -0.0000 0.4712
vn -0.8062 -0.0000 0.5917
vn -0.7106 -0.0000 0.7036
vn -0.5986 -0.0000 0.8010
vn -0.4759 -0.0000 0.8795
vn -0.3492 -0.0000 0.9370
vn -0.2250 -0.0000 0.9744
vn -0.1080 -0.0000 0.9942
vn -0.0259 -0.0000 0.9997
vn -0.4070 -0.0000 -0.9134
vn -0.3731 -0.0000 -0.9278
vn -0.3367 -0.0000 -0.9416
vn -0.2983 -0.0000 -0.9545
vn -0.2586 -0.0000 -0.9660
vn -0.2182 -0.0000 -0.9759
vn -0.1779 -0.0000 -0.9840
vn -0.1385 -0.0000 -0.9904
vn -0.1006 -0.0000 -0.9949
vn -0.0647 -0.0000 -0.9979
vn -0.0312 -0.0000 -0.9995
vn 0.0168 -0.0000 -0.9999
vn 0.1003 -0.0000 -0.9950
vn 0.2069 -0.0000 -0.9784
vn 0.3194 -0.0000 -0.9476
vn 0.4355 -0.0000 -0.9002
vn 0.5518 -0.0000 -0.8340
vn 0.6635 -0.0000 -0.7482
vn 0.7652 -0.0000 -0.6438
vn 0.8517 -0.0000 -0.5240
vn 0.9191 -0.0000 -0.3940
vn 0.9657 -0.0000 -0.2598
vn 0.9919 -0.0000 -0.1272
vn 0.9999 -0.0000 -0.0166
vn 0.9981 -0.0000 0.0615
vn 0.9912 -0.0000 0.1324
vn 0.9769 -0.0000 0.2137
vn 0.9527 -0.0000 0.3039
vn 0.9167 -0.0000 0.3997
vn 0.8682 -0.0000 0.4963
vn 0.8087 -0.0000 0.5882
vn 0.7417 -0.0000 0.6708
vn 0.6716 -0.0000 0.7409
vn 0.6029 -0.0000 0.7978
vn 0.5391 -0.0000 0.8422
vn 0.9966 -0.0000 -0.0823
vn 0.4246 -0.0000 -0.9054
vn 0.5457 -0.0000 -0.8380
vn 0.6532 -0.0000 -0.7572
vn 0.7442 -0.0000 -0.6680
vn 0.8180 -0.0000 -0.5753
vn 0.8758 -0.0000 -0.4827
vn 0.9196 -0.0000 -0.3929
vn 0.9517 -0.0000 -0.3070
vn 0.9743 -0.0000 -0.2252
vn 0.9891 -0.0000 -0.1474
vn 0.9974 -0.0000 -0.0727
vn 0.9999 -0.0000 0.0127
vn 0.9922 -0.0000 0.1248
vn 0.9676 -0.0000 0.2524
vn 0.9250 -0.0000 0.3799
vn 0.8642 -0.0000 0.5032
vn 0.7861 -0.0000 0.6181
vn 0.6929 -0.0000 0.7211
vn 0.5875 -0.0000 0.8092
vn 0.4736 -0.0000 0.8807
vn 0.3547 -0.0000 0.9350
vn 0.2344 -0.0000 0.9721
vn 0.1155 -0.0000 0.9933
vn 0.0161 -0.0000 0.9999
vn -0.0486 -0.0000 0.9988
vn -0.0956 -0.0000 0.9954
vn -0.1406 -0.0000 0.9901
vn -0.1836 -0.0000 0.9830
vn -0.2245 -0.0000 0.9745
vn -0.2633 -0.0000 0.9647
vn -0.3000 -0.0000 0.9539
vn -0.3346 -0.0000 0.9424
vn -0.3673 -0.0000 0.9301
vn -0.3981 -0.0000 0.9174
vn -0.4270 -0.0000 0.9042
vn -0.8488 -0.0000 0.5287
vn -0.4781 -0.0000 -0.8783
vn 0.5263 -0.0000 -0.8503
vn 0.4916 -0.0000 -0.8708
vn 0.4539 -0.0000 -0.8911
vn 0.4132 -0.0000 -0.9106
vn 0.3696 -0.0000 -0.9292
vn 0.3230 -0.0000 -0.9464
vn 0.2737 -0.0000 -0.9618
vn 0.2220 -0.0000 -0.9750
vn 0.1683 -0.0000 -0.9857
vn 0.1130 -0.0000 -0.9936
vn 0.0567 -0.0000 -0.9984
vn -0.0130 -0.0000 -0.9999
vn -0.1120 -0.0000 -0.9937
vn -0.2302 -0.0000 -0.9731
vn -0.3530 -0.0000 -0.9356
vn -0.4763 -0.0000 -0.8793
vn -0.5954 -0.0000 -0.8034
vn -0.7048 -0.0000 -0.7094
vn -0.7997 -0.0000 -0.6004
vn -0.8766 -0.0000 -0.4812
vn -0.9340 -0.0000 -0.3571
vn -0.9724 -0.0000 -0.2333
vn -0.9935 -0.0000 -0.1136
vn -1.0000 -0.0000 0.0034
vn -0.9919 -0.0000 0.1272
vn -0.9656 -0.0000 0.2600
vn -0.9184 -0.0000 0.3957
vn -0.8487 -0.0000 0.5288
vn -0.7575 -0.0000 0.6528
vn -0.6484 -0.0000 0.7613
vn -0.5272 -0.0000 0.8497
vn -0.4010 -0.0000 0.9161
vn -0.2762 -0.0000 0.9611
vn -0.1577 -0.0000 0.9875
vn -0.0484 -0.0000 0.9988
vn -0.7058 -0.0000 0.7084
vn -0.7195 -0.0000 -0.6945
vn -0.0749 -0.0000 -0.9972
vn -0.1596 -0.0000 -0.9872
vn -0.2561 -0.0000 -0.9667
vn -0.3643 -0.0000 -0.9313
vn -0.4820 -0.0000 -0.8762
vn -0.6041 -0.0000 -0.7969
vn -0.7222 -0.0000 -0.6917
vn -0.8262 -0.0000 -0.5634
vn -0.9075 -0.0000 -0.4200
vn -0.9622 -0.0000 -0.2724
vn -0.9914 -0.0000 -0.1308
vn -1.0000 -0.0000 -0.0002
vn -0.9918 -0.0000 0.1279
vn -0.9650 -0.0000 0.2622
vn -0.9170 -0.0000 0.3989
vn -0.8470 -0.0000 0.5315
vn -0.7573 -0.0000 0.6530
vn -0.6526 -0.0000 0.7577
vn -0.5388 -0.0000 0.8425
vn -0.4220 -0.0000 0.9066
vn -0.3072 -0.0000 0.9517
vn -0.1976 -0.0000 0.9803
vn -0.0953 -0.0000 0.9954
vn -0.0138 -0.0000 0.9999
vn 0.0381 -0.0000 0.9993
vn 0.0782 -0.0000 0.9969
vn 0.1199 -0.0000 0.9928
vn 0.1619 -0.0000 0.9868
vn 0.2030 -0.0000 0.9792
vn 0.2422 -0.0000 0.9702
vn 0.2787 -0.0000 0.9604
vn 0.3117 -0.0000 0.9502
vn 0.3412 -0.0000 0.9400
vn 0.3668 -0.0000 0.9303
vn 0.3889 -0.0000 0.9213
vn -0.5482 -0.0000 0.8364
vn -0.8436 -0.0000 -0.5370
vn 0.5560 -0.0000 0.8312
vn 0.6039 -0.0000 0.7971
vn 0.6479 -0.0000 0.7617
vn 0.6890 -0.0000 0.7247
vn 0.7279 -0.0000 0.6857
vn 0.7650 -0.0000 0.6441
vn 0.8007 -0.0000 0.5990
vn 0.8354 -0.0000 0.5496
vn 0.8691 -0.0000 0.4946
vn 0.9015 -0.0000 0.4327
vn 0.9321 -0.0000 0.3622
vn 0.6570 -0.0000 -0.7539
vn -0.4397 -0.0000 -0.8982
vn -0.4157 -0.0000 -0.9095
vn -0.3879 -0.0000 -0.9217
vn -0.3565 -0.0000 -0.9343
vn -0.3214 -0.0000 -0.9469
vn -0.2831 -0.0000 -0.9591
vn -0.2416 -0.0000 -0.9704
vn -0.1973 -0.0000 -0.9803
vn -0.1505 -0.0000 -0.9886
vn -0.1016 -0.0000 -0.9948
vn -0.0512 -0.0000 -0.9987
vn 0.0201 -0.0000 -0.9998
vn 0.1325 -0.0000 -0.9912
vn 0.2645 -0.0000 -0.9644
vn 0.3925 -0.0000 -0.9197
vn 0.5131 -0.0000 -0.8583
vn 0.6237 -0.0000 -0.7817
vn 0.7220 -0.0000 -0.6919
vn 0.8067 -0.0000 -0.5910
vn 0.8765 -0.0000 -0.4813
vn 0.9310 -0.0000 -0.3650
vn 0.9697 -0.0000 -0.2445
vn 0.9925 -0.0000 -0.1220
vn 1.0000 -0.0000 0.0039
vn 0.9907 -0.0000 0.1358
vn 0.9637 -0.0000 0.2669
vn 0.9207 -0.0000 0.3902
vn 0.8635 -0.0000 0.5043
vn 0.7936 -0.0000 0.6084
vn 0.7119 -0.0000 0.7023
vn 0.6188 -0.0000 0.7856
vn 0.5145 -0.0000 0.8575
vn 0.3993 -0.0000 0.9168
vn 0.2739 -0.0000 0.9618
vn 0.1396 -0.0000 0.9902
vn 0.0037 -0.0000 1.0000
vn -0.1287 -0.0000 0.9917
vn -0.2610 -0.0000 0.9653
vn -0.3932 -0.0000 0.9195
vn -0.5202 -0.0000 0.8541
vn -0.6371 -0.0000 0.7708
vn -0.7397 -0.0000 0.6729
vn -0.8254 -0.0000 0.5645
vn -0.8930 -0.0000 0.4501
vn -0.9427 -0.0000 0.3335
vn -0.9759 -0.0000 0.2183
vn -0.9943 -0.0000 0.1068
vn -1.0000 -0.0000 0.0028
vn -0.9957 -0.0000 -0.0927
vn -0.9830 -0.0000 -0.1835
vn -0.9626 -0.0000 -0.2711
vn -0.9350 -0.0000 -0.3546
vn -0.9012 -0.0000 -0.4334
vn -0.8620 -0.0000 -0.5070
vn -0.8181 -0.0000 -0.5751
vn -0.7704 -0.0000 -0.6375
vn -0.7196 -0.0000 -0.6943
vn -0.6664 -0.0000 -0.7456
vn -0.6113 -0.0000 -0.7914
vn 0.1405 -0.0000 -0.9901
vn 0.9852 -0.0000 0.1715
vn -0.1195 -0.0000 -0.9928
vn -0.2435 -0.0000 -0.9699
vn -0.3694 -0.0000 -0.9293
vn -0.4932 -0.0000 -0.8699
vn -0.6103 -0.0000 -0.7922
vn -0.7161 -0.0000 -0.6980
vn -0.8070 -0.0000 -0.5906
vn -0.8804 -0.0000 -0.4742
vn -0.9355 -0.0000 -0.3532
vn -0.9727 -0.0000 -0.2319
vn -0.9935 -0.0000 -0.1135
vn -1.0000 -0.0000 0.0057
vn -0.9909 -0.0000 0.1347
vn -0.9631 -0.0000 0.2691
vn -0.9168 -0.0000 0.3993
vn -0.8531 -0.0000 0.5217
vn -0.7740 -0.0000 0.6332
vn -0.6819 -0.0000 0.7315
vn -0.5794 -0.0000 0.8150
vn -0.4692 -0.0000 0.8831
vn -0.3538 -0.0000 0.9353
vn -0.2356 -0.0000 0.9718
vn -0.1171 -0.0000 0.9931
vn -0.0204 -0.0000 0.9998
vn 0.0375 -0.0000 0.9993
vn 0.0826 -0.0000 0.9966
vn 0.1357 -0.0000 0.9908
vn 0.1948 -0.0000 0.9808
vn 0.2568 -0.0000 0.9665
vn 0.3180 -0.0000 0.9481
vn 0.3748 -0.0000 0.9271
vn 0.4248 -0.0000 0.9053
vn 0.4666 -0.0000 0.8845
vn 0.5001 -0.0000 0.8660
vn 0.5259 -0.0000 0.8506
vn 0.8329 -0.0000 0.5534
vn 0.9945 -0.0000 0.1049
vn 0.9996 -0.0000 -0.0266
vn 0.9861 -0.0000 -0.1661
vn 0.9511 -0.0000 -0.3088
vn 0.8934 -0.0000 -0.4493
vn 0.8132 -0.0000 -0.5820
vn 0.7125 -0.0000 -0.7017
vn 0.5938 -0.0000 -0.8046
vn 0.4602 -0.0000 -0.8878
vn 0.3146 -0.0000 -0.9492
vn 0.1600 -0.0000 -0.9871
vn 0.0111 -0.0000 -0.9999
vn -0.1810 -0.0000 0.9835
vn -0.3587 -0.0000 0.9335
vn -0.5205 -0.0000 0.8539
vn -0.6569 -0.0000 0.7540
vn -0.7647 -0.0000 0.6444
vn -0.8456 -0.0000 0.5339
vn -0.9040 -0.0000 0.4275
vn -0.9447 -0.0000 0.3280
vn -0.9717 -0.0000 0.2361
vn -0.9885 -0.0000 0.1513
vn -0.9973 -0.0000 0.0730
vn -1.0000 -0.0000 -0.0000
vn -0.9973 -0.0000 -0.0730
vn -0.9885 -0.0000 -0.1513
vn -0.9717 -0.0000 -0.2361
vn -0.9447 -0.0000 -0.3280
vn -0.9040 -0.0000 -0.4275
vn -0.8456 -0.0000 -0.5339
vn -0.7647 -0.0000 -0.6444
vn -0.6569 -0.0000 -0.7540
vn -0.5205 -0.0000 -0.8539
vn -0.3587 -0.0000 -0.9335
vn -0.1810 -0.0000 -0.9835
vn -0.0000 -0.0000 -1.0000
vn 0.1810 -0.0000 -0.9835
vn 0.3587 -0.0000 -0.9335
vn 0.5205 -0.0000 -0.8539
vn 0.6569 -0.0000 -0.7540
vn 0.7647 -0.0000 -0.6444
vn 0.8456 -0.0000 -0.5339
vn 0.9040 -0.0000 -0.4275
vn 0.9447 -0.0000 -0.3280
vn 0.9717 -0.0000 -0.2361
vn 0.9885 -0.0000 -0.1513
vn 0.9973 -0.0000 -0.0730
vn 1.0000 -0.0000 -0.0000
vn 0.9973 -0.0000 0.0730
vn 0.9885 -0.0000 0.1513
vn 0.9717 -0.0000 0.2361
vn 0.9447 -0.0000 0.3280
vn 0.9040 -0.0000 0.4275
vn 0.8456 -0.0000 0.5339
vn 0.7647 -0.0000 0.6444
vn 0.6569 -0.0000 0.7540
vn 0.5205 -0.0000 0.8539
vn 0.3587 -0.0000 0.9335
vn 0.1810 -0.0000 0.9835
vn -0.0000 -0.0000 1.0000
vn 0.2196 -0.0000 0.9756
vn 0.4301 -0.0000 0.9028
vn 0.6088 -0.0000 0.7933
vn 0.7443 -0.0000 0.6679
vn 0.8391 -0.0000 0.5440
vn 0.9022 -0.0000 0.4313
vn 0.9432 -0.0000 0.3324
vn 0.9691 -0.0000 0.2468
vn 0.9850 -0.0000 0.1727
vn 0.9941 -0.0000 0.1082
vn 0.9987 -0.0000 0.0513
vn 0.9987 -0.0000 -0.0513
vn 0.9941 -0.0000 -0.1082
vn 0.9850 -0.0000 -0.1727
vn 0.9691 -0.0000 -0.2468
vn 0.9432 -0.0000 -0.3324
vn 0.9022 -0.0000 -0.4313
vn 0.8391 -0.0000 -0.5440
vn 0.7443 -0.0000 -0.6679
vn 0.6088 -0.0000 -0.7933
vn 0.4301 -0.0000 -0.9028
vn 0.2196 -0.0000 -0.9756
vn -0.2196 -0.0000 -0.9756
vn -0.4301 -0.0000 -0.9028
vn -0.6088 -0.0000 -0.7933
vn -0.7443 -0.0000 -0.6679
vn -0.8391 -0.0000 -0.5440
vn -0.9022 -0.0000 -0.4313
vn -0.9432 -0.0000 -0.3324
vn -0.9691 -0.0000 -0.2468
vn -0.9850 -0.0000 -0.1727
vn -0.9941 -0.0000 -0.1082
vn -0.9987 -0.0000 -0.0513
vn -0.9987 -0.0000 0.0513
vn -0.9941 -0.0000 0.1082
vn -0.9850 -0.0000 0.1727
vn -0.9691 -0.0000 0.2468
vn -0.9432 -0.0000 0.3324
vn -0.9022 -0.0000 0.4313
vn -0.8391 -0.0000 0.5440
vn -0.7443 -0.0000 0.6679
vn -0.6088 -0.0000 0.7933
vn -0.4301 -0.0000 0.9028
vn -0.2196 -0.0000 0.9756
vt 0.231579 0.000000
vt 0.252632 0.000000
vt 0.242105 0.000000
vt 0.221053 0.000000
vt 0.263158 0.000000
vt 0.210526 0.000000
vt 0.273684 0.000000
vt 0.200000 0.000000
vt 0.284211 0.000000
vt 0.294737 0.000000
vt 0.189474 0.000000
vt 0.305263 0.000000
vt 0.178947 0.000000
vt 1.000000 0.000000
vt 0.505263 0.000000
vt 0.989474 0.000000
vt 0.515789 0.000000
vt 0.978947 0.000000
vt 0.315789 0.000000
vt 0.168421 0.000000
vt 0.526316 0.000000
vt 0.968421 0.000000
vt 0.536842 0.000000
vt 0.957895 0.000000
vt 0.547368 0.000000
vt 0.947368 0.000000
vt 0.326316 0.000000
vt 0.157895 0.000000
vt 0.557895 0.000000
vt 0.936842 0.000000
vt 0.568421 0.000000
vt 0.926316 0.000000
vt 0.336842 0.000000
vt 0.147368 0.000000
vt 0.578947 0.000000
vt 0.915789 0.000000
vt 0.347368 0.000000
vt 0.136842 0.000000
vt 0.589474 0.000000
vt 0.905263 0.000000
vt 0.600000 0.000000
vt 0.894737 0.000000
vt 0.357895 0.000000
vt 0.126316 0.000000
vt 0.610526 0.000000
vt 0.884211 0.000000
vt 0.368421 0.000000
vt 0.115789 0.000000
vt 0.621053 0.000000
vt 0.873684 0.000000
vt 0.105263 0.000000
vt 0.631579 0.000000
vt 0.863158 0.000000
vt 0.378947 0.000000
vt 0.852632 0.000000
vt 0.642105 0.000000
vt 0.094737 0.000000
vt 0.389474 0.000000
vt 0.652632 0.000000
vt 0.842105 0.000000
vt 0.084211 0.000000
vt 0.400000 0.000000
vt 0.663158 0.000000
vt 0.831579 0.000000
vt 0.673684 0.000000
vt 0.821053 0.000000
vt 0.073684 0.000000
vt 0.410526 0.000000
vt 0.684211 0.000000
vt 0.810526 0.000000
vt 0.063158 0.000000
vt 0.421053 0.000000
vt 0.694737 0.000000
vt 0.800000 0.000000
vt 0.789474 0.000000
vt 0.705263 0.000000
vt 0.052632 0.000000
vt 0.431579 0.000000
vt 0.778947 0.000000
vt 0.715789 0.000000
vt 0.768421 0.000000
vt 0.726316 0.000000
vt 0.757895 0.000000
vt 0.736842 0.000000
vt 0.042105 0.000000
vt 0.442105 0.000000
vt 0.747368 0.000000
vt 0.452632 0.000000
vt 0.031579 0.000000
vt 0.463158 0.000000
vt 0.021053 0.000000
vt 0.473684 0.000000
vt 0.010526 0.000000
vt 0.000000 0.000000
vt 0.484211 0.000000
vt 0.494737 0.000000
vt 0.583333 0.000000
vt 0.591667 0.000000
vt 0.575000 0.000000
vt 0.566667 0.000000
vt 0.008333 0.000000
vt 0.558333 0.000000
vt 0.016667 0.000000
vt 0.025000 0.000000
vt 0.550000 0.000000
vt 0.033333 0.000000
vt 0.041667 0.000000
vt 0.541667 0.000000
vt 0.050000 0.000000
vt 0.058333 0.000000
vt 0.533333 0.000000
vt 0.066667 0.000000
vt 0.525000 0.000000
vt 0.075000 0.000000
vt 0.083333 0.000000
vt 0.516667 0.000000
vt 0.183333 0.000000
vt 0.191667 0.000000
vt 0.175000 0.000000
vt 0.166667 0.000000
vt 0.208333 0.000000
vt 0.158333 0.000000
vt 0.150000 0.000000
vt 0.091667 0.000000
vt 0.141667 0.000000
vt 0.216667 0.000000
vt 0.133333 0.000000
vt 0.125000 0.000000
vt 0.116667 0.000000
vt 0.225000 0.000000
vt 0.108333 0.000000
vt 0.100000 0.000000
vt 0.233333 0.000000
vt 0.508333 0.000000
vt 0.241667 0.000000
vt 0.250000 0.000000
vt 0.500000 0.000000
vt 0.825000 0.000000
vt 0.816667 0.000000
vt 0.808333 0.000000
vt 0.258333 0.000000
vt 0.791667 0.000000
vt 0.783333 0.000000
vt 0.833333 0.000000
vt 0.841667 0.000000
vt 0.775000 0.000000
vt 0.266667 0.000000
vt 0.850000 0.000000
vt 0.858333 0.000000
vt 0.766667 0.000000
vt 0.866667 0.000000
vt 0.758333 0.000000
vt 0.875000 0.000000
vt 0.883333 0.000000
vt 0.750000 0.000000
vt 0.891667 0.000000
vt 0.491667 0.000000
vt 0.275000 0.000000
vt 0.900000 0.000000
vt 0.741667 0.000000
vt 0.908333 0.000000
vt 0.733333 0.000000
vt 0.725000 0.000000
vt 0.283333 0.000000
vt 0.916667 0.000000
vt 0.716667 0.000000
vt 0.483333 0.000000
vt 0.708333 0.000000
vt 0.291667 0.000000
vt 0.925000 0.000000
vt 0.700000 0.000000
vt 0.475000 0.000000
vt 0.691667 0.000000
vt 0.300000 0.000000
vt 0.933333 0.000000
vt 0.683333 0.000000
vt 0.941667 0.000000
vt 0.308333 0.000000
vt 0.466667 0.000000
vt 0.675000 0.000000
vt 0.666667 0.000000
vt 0.950000 0.000000
vt 0.316667 0.000000
vt 0.658333 0.000000
vt 0.458333 0.000000
vt 0.958333 0.000000
vt 0.650000 0.000000
vt 0.966667 0.000000
vt 0.325000 0.000000
vt 0.641667 0.000000
vt 0.450000 0.000000
vt 0.975000 0.000000
vt 0.633333 0.000000
vt 0.625000 0.000000
vt 0.983333 0.000000
vt 0.333333 0.000000
vt 0.616667 0.000000
vt 0.991667 0.000000
vt 0.608333 0.000000
vt 0.441667 0.000000
vt 0.341667 0.000000
vt 0.433333 0.000000
vt 0.350000 0.000000
vt 0.425000 0.000000
vt 0.358333 0.000000
vt 0.416667 0.000000
vt 0.366667 0.000000
vt 0.408333 0.000000
vt 0.375000 0.000000
vt 0.383333 0.000000
vt 0.391667 0.000000
vt 0.068493 0.000000
vt 0.082192 0.000000
vt 0.075342 0.000000
vt 0.061644 0.000000
vt 0.054795 0.000000
vt 0.089041 0.000000
vt 0.047945 0.000000
vt 0.041096 0.000000
vt 0.034247 0.000000
vt 0.095890 0.000000
vt 0.027397 0.000000
vt 0.020548 0.000000
vt 0.013699 0.000000
vt 0.102740 0.000000
vt 0.006849 0.000000
vt 0.109589 0.000000
vt 0.993151 0.000000
vt 0.986301 0.000000
vt 0.979452 0.000000
vt 0.972603 0.000000
vt 0.965753 0.000000
vt 0.958904 0.000000
vt 0.952055 0.000000
vt 0.116438 0.000000
vt 0.945205 0.000000
vt 0.938356 0.000000
vt 0.123288 0.000000
vt 0.931507 0.000000
vt 0.924658 0.000000
vt 0.917808 0.000000
vt 0.130137 0.000000
vt 0.910959 0.000000
vt 0.904110 0.000000
vt 0.136986 0.000000
vt 0.897260 0.000000
vt 0.890411 0.000000
vt 0.883562 0.000000
vt 0.143836 0.000000
vt 0.876712 0.000000
vt 0.869863 0.000000
vt 0.863014 0.000000
vt 0.150685 0.000000
vt 0.856164 0.000000
vt 0.849315 0.000000
vt 0.157534 0.000000
vt 0.842466 0.000000
vt 0.835616 0.000000
vt 0.164384 0.000000
vt 0.828767 0.000000
vt 0.821918 0.000000
vt 0.171233 0.000000
vt 0.815068 0.000000
vt 0.178082 0.000000
vt 0.808219 0.000000
vt 0.184932 0.000000
vt 0.801370 0.000000
vt 0.191781 0.000000
vt 0.794521 0.000000
vt 0.198630 0.000000
vt 0.787671 0.000000
vt 0.780822 0.000000
vt 0.205479 0.000000
vt 0.773973 0.000000
vt 0.212329 0.000000
vt 0.767123 0.000000
vt 0.760274 0.000000
vt 0.753425 0.000000
vt 0.219178 0.000000
vt 0.746575 0.000000
vt 0.739726 0.000000
vt 0.226027 0.000000
vt 0.232877 0.000000
vt 0.239726 0.000000
vt 0.246575 0.000000
vt 0.253425 0.000000
vt 0.260274 0.000000
vt 0.267123 0.000000
vt 0.273973 0.000000
vt 0.732877 0.000000
vt 0.280822 0.000000
vt 0.726027 0.000000
vt 0.719178 0.000000
vt 0.712329 0.000000
vt 0.287671 0.000000
vt 0.705479 0.000000
vt 0.698630 0.000000
vt 0.294521 0.000000
vt 0.691781 0.000000
vt 0.301370 0.000000
vt 0.684932 0.000000
vt 0.678082 0.000000
vt 0.308219 0.000000
vt 0.671233 0.000000
vt 0.315068 0.000000
vt 0.664384 0.000000
vt 0.321918 0.000000
vt 0.657534 0.000000
vt 0.328767 0.000000
vt 0.650685 0.000000
vt 0.643836 0.000000
vt 0.335616 0.000000
vt 0.636986 0.000000
vt 0.630137 0.000000
vt 0.342466 0.000000
vt 0.486301 0.000000
vt 0.493151 0.000000
vt 0.623288 0.000000
vt 0.506849 0.000000
vt 0.616438 0.000000
vt 0.513699 0.000000
vt 0.349315 0.000000
vt 0.609589 0.000000
vt 0.520548 0.000000
vt 0.527397 0.000000
vt 0.602740 0.000000
vt 0.534247 0.000000
vt 0.595890 0.000000
vt 0.541096 0.000000
vt 0.547945 0.000000
vt 0.589041 0.000000
vt 0.356164 0.000000
vt 0.554795 0.000000
vt 0.582192 0.000000
vt 0.561644 0.000000
vt 0.568493 0.000000
vt 0.575342 0.000000
vt 0.363014 0.000000
vt 0.369863 0.000000
vt 0.376712 0.000000
vt 0.479452 0.000000
vt 0.472603 0.000000
vt 0.465753 0.000000
vt 0.383562 0.000000
vt 0.458904 0.000000
vt 0.452055 0.000000
vt 0.390411 0.000000
vt 0.445205 0.000000
vt 0.438356 0.000000
vt 0.431507 0.000000
vt 0.397260 0.000000
vt 0.424658 0.000000
vt 0.417808 0.000000
vt 0.404110 0.000000
vt 0.410959 0.000000
vt 0.471698 0.000000
vt 0.981132 0.000000
vt 0.490566 0.000000
vt 0.018868 0.000000
vt 0.037736 0.000000
vt 0.056604 0.000000
vt 0.075472 0.000000
vt 0.094340 0.000000
vt 0.962264 0.000000
vt 0.943396 0.000000
vt 0.113208 0.000000
vt 0.924528 0.000000
vt 0.905660 0.000000
vt 0.886792 0.000000
vt 0.132075 0.000000
vt 0.867925 0.000000
vt 0.849057 0.000000
vt 0.150943 0.000000
vt 0.830189 0.000000
vt 0.169811 0.000000
vt 0.811321 0.000000
vt 0.792453 0.000000
vt 0.188679 0.000000
vt 0.773585 0.000000
vt 0.207547 0.000000
vt 0.754717 0.000000
vt 0.226415 0.000000
vt 0.735849 0.000000
vt 0.716981 0.000000
vt 0.245283 0.000000
vt 0.698113 0.000000
vt 0.264151 0.000000
vt 0.679245 0.000000
vt 0.660377 0.000000
vt 0.283019 0.000000
vt 0.641509 0.000000
vt 0.301887 0.000000
vt 0.622642 0.000000
vt 0.603774 0.000000
vt 0.320755 0.000000
vt 0.584906 0.000000
vt 0.339623 0.000000
vt 0.566038 0.000000
vt 0.547170 0.000000
vt 0.358491 0.000000
vt 0.528302 0.000000
vt 0.509434 0.000000
vt 0.377358 0.000000
vt 0.396226 0.000000
vt 0.415094 0.000000
vt 0.433962 0.000000
vt 0.452830 0.000000
vt 0.571429 0.000000
vt 0.714286 0.000000
vt 0.642857 0.000000
vt 0.428571 0.000000
vt 0.357143 0.000000
vt 0.785714 0.000000
vt 0.928571 0.000000
vt 0.857143 0.000000
vt 0.142857 0.000000
vt 0.071429 0.000000
vt 0.285714 0.000000
vt 0.214286 0.000000
vt 0.000000 1.000000
vt 0.066667 1.000000
vt 0.133333 1.000000
vt 0.200000 1.000000
vt 0.266667 1.000000
vt 0.333333 1.000000
vt 0.400000 1.000000
vt 0.466667 1.000000
vt 0.533333 1.000000
vt 0.600000 1.000000
vt 0.666667 1.000000
vt 0.733333 1.000000
vt 0.800000 1.000000
vt 0.866667 1.000000
vt 0.933333 1.000000
vt 1.000000 1.000000
vt 0.250000 1.000000
vt 0.500000 1.000000
vt 0.750000 1.000000
vt 0.037037 1.000000
vt 0.037037 0.000000
vt 0.074074 1.000000
vt 0.074074 0.000000
vt 0.111111 1.000000
vt 0.111111 0.000000
vt 0.148148 1.000000
vt 0.148148 0.000000
vt 0.185185 1.000000
vt 0.185185 0.000000
vt 0.222222 1.000000
vt 0.222222 0.000000
vt 0.259259 1.000000
vt 0.259259 0.000000
vt 0.296296 1.000000
vt 0.296296 0.000000
vt 0.370370 1.000000
vt 0.370370 0.000000
vt 0.407407 1.000000
vt 0.407407 0.000000
vt 0.444444 1.000000
vt 0.444444 0.000000
vt 0.481481 1.000000
vt 0.481481 0.000000
vt 0.518519 1.000000
vt 0.518519 0.000000
vt 0.555556 1.000000
vt 0.555556 0.000000
vt 0.592593 1.000000
vt 0.592593 0.000000
vt 0.629630 1.000000
vt 0.629630 0.000000
vt 0.703704 1.000000
vt 0.703704 0.000000
vt 0.740741 1.000000
vt 0.740741 0.000000
vt 0.777778 1.000000
vt 0.777778 0.000000
vt 0.814815 1.000000
vt 0.814815 0.000000
vt 0.851852 1.000000
vt 0.851852 0.000000
vt 0.888889 1.000000
vt 0.888889 0.000000
vt 0.925926 1.000000
vt 0.925926 0.000000
vt 0.962963 1.000000
vt 0.962963 0.000000
vt 0.006803 1.000000
vt 0.006803 0.000000
vt 0.013605 1.000000
vt 0.013605 0.000000
vt 0.020408 1.000000
vt 0.020408 0.000000
vt 0.027211 1.000000
vt 0.027211 0.000000
vt 0.034014 1.000000
vt 0.034014 0.000000
vt 0.040816 1.000000
vt 0.040816 0.000000
vt 0.047619 1.000000
vt 0.047619 0.000000
vt 0.054422 1.000000
vt 0.054422 0.000000
vt 0.061224 1.000000
vt 0.061224 0.000000
vt 0.068027 1.000000
vt 0.068027 0.000000
vt 0.074830 1.000000
vt 0.074830 0.000000
vt 0.081633 1.000000
vt 0.081633 0.000000
vt 0.088435 1.000000
vt 0.088435 0.000000
vt 0.095238 1.000000
vt 0.095238 0.000000
vt 0.102041 1.000000
vt 0.102041 0.000000
vt 0.108844 1.000000
vt 0.108844 0.000000
vt 0.115646 1.000000
vt 0.115646 0.000000
vt 0.122449 1.000000
vt 0.122449 0.000000
vt 0.129252 1.000000
vt 0.129252 0.000000
vt 0.136054 1.000000
vt 0.136054 0.000000
vt 0.142857 1.000000
vt 0.149660 1.000000
vt 0.149660 0.000000
vt 0.156463 1.000000
vt 0.156463 0.000000
vt 0.163265 1.000000
vt 0.163265 0.000000
vt 0.170068 1.000000
vt 0.170068 0.000000
vt 0.176871 1.000000
vt 0.176871 0.000000
vt 0.183673 1.000000
vt 0.183673 0.000000
vt 0.190476 1.000000
vt 0.190476 0.000000
vt 0.197279 1.000000
vt 0.197279 0.000000
vt 0.204082 1.000000
vt 0.204082 0.000000
vt 0.210884 1.000000
vt 0.210884 0.000000
vt 0.217687 1.000000
vt 0.217687 0.000000
vt 0.224490 1.000000
vt 0.224490 0.000000
vt 0.231293 1.000000
vt 0.231293 0.000000
vt 0.238095 1.000000
vt 0.238095 0.000000
vt 0.244898 1.000000
vt 0.244898 0.000000
vt 0.251701 1.000000
vt 0.251701 0.000000
vt 0.258503 1.000000
vt 0.258503 0.000000
vt 0.265306 1.000000
vt 0.265306 0.000000
vt 0.272109 1.000000
vt 0.272109 0.000000
vt 0.278912 1.000000
vt 0.278912 0.000000
vt 0.285714 1.000000
vt 0.292517 1.000000
vt 0.292517 0.000000
vt 0.299320 1.000000
vt 0.299320 0.000000
vt 0.306122 1.000000
vt 0.306122 0.000000
vt 0.312925 1.000000
vt 0.312925 0.000000
vt 0.319728 1.000000
vt 0.319728 0.000000
vt 0.326531 1.000000
vt 0.326531 0.000000
vt 0.340136 1.000000
vt 0.340136 0.000000
vt 0.346939 1.000000
vt 0.346939 0.000000
vt 0.353741 1.000000
vt 0.353741 0.000000
vt 0.360544 1.000000
vt 0.360544 0.000000
vt 0.367347 1.000000
vt 0.367347 0.000000
vt 0.374150 1.000000
vt 0.374150 0.000000
vt 0.380952 1.000000
vt 0.380952 0.000000
vt 0.387755 1.000000
vt 0.387755 0.000000
vt 0.394558 1.000000
vt 0.394558 0.000000
vt 0.401361 1.000000
vt 0.401361 0.000000
vt 0.408163 1.000000
vt 0.408163 0.000000
vt 0.414966 1.000000
vt 0.414966 0.000000
vt 0.421769 1.000000
vt 0.421769 0.000000
vt 0.428571 1.000000
vt 0.435374 1.000000
vt 0.435374 0.000000
vt 0.442177 1.000000
vt 0.442177 0.000000
vt 0.448980 1.000000
vt 0.448980 0.000000
vt 0.455782 1.000000
vt 0.455782 0.000000
vt 0.462585 1.000000
vt 0.462585 0.000000
vt 0.469388 1.000000
vt 0.469388 0.000000
vt 0.476190 1.000000
vt 0.476190 0.000000
vt 0.482993 1.000000
vt 0.482993 0.000000
vt 0.489796 1.000000
vt 0.489796 0.000000
vt 0.496599 1.000000
vt 0.496599 0.000000
vt 0.503401 1.000000
vt 0.503401 0.000000
vt 0.510204 1.000000
vt 0.510204 0.000000
vt 0.517007 1.000000
vt 0.517007 0.000000
vt 0.523810 1.000000
vt 0.523810 0.000000
vt 0.530612 1.000000
vt 0.530612 0.000000
vt 0.537415 1.000000
vt 0.537415 0.000000
vt 0.544218 1.000000
vt 0.544218 0.000000
vt 0.551020 1.000000
vt 0.551020 0.000000
vt 0.557823 1.000000
vt 0.557823 0.000000
vt 0.564626 1.000000
vt 0.564626 0.000000
vt 0.571429 1.000000
vt 0.578231 1.000000
vt 0.578231 0.000000
vt 0.585034 1.000000
vt 0.585034 0.000000
vt 0.591837 1.000000
vt 0.591837 0.000000
vt 0.598639 1.000000
vt 0.598639 0.000000
vt 0.605442 1.000000
vt 0.605442 0.000000
vt 0.612245 1.000000
vt 0.612245 0.000000
vt 0.619048 1.000000
vt 0.619048 0.000000
vt 0.625850 1.000000
vt 0.625850 0.000000
vt 0.632653 1.000000
vt 0.632653 0.000000
vt 0.639456 1.000000
vt 0.639456 0.000000
vt 0.646259 1.000000
vt 0.646259 0.000000
vt 0.653061 1.000000
vt 0.653061 0.000000
vt 0.659864 1.000000
vt 0.659864 0.000000
vt 0.673469 1.000000
vt 0.673469 0.000000
vt 0.680272 1.000000
vt 0.680272 0.000000
vt 0.687075 1.000000
vt 0.687075 0.000000
vt 0.693878 1.000000
vt 0.693878 0.000000
vt 0.700680 1.000000
vt 0.700680 0.000000
vt 0.707483 1.000000
vt 0.707483 0.000000
vt 0.714286 1.000000
vt 0.721088 1.000000
vt 0.721088 0.000000
vt 0.727891 1.000000
vt 0.727891 0.000000
vt 0.734694 1.000000
vt 0.734694 0.000000
vt 0.741497 1.000000
vt 0.741497 0.000000
vt 0.748299 1.000000
vt 0.748299 0.000000
vt 0.755102 1.000000
vt 0.755102 0.000000
vt 0.761905 1.000000
vt 0.761905 0.000000
vt 0.768707 1.000000
vt 0.768707 0.000000
vt 0.775510 1.000000
vt 0.775510 0.000000
vt 0.782313 1.000000
vt 0.782313 0.000000
vt 0.789116 1.000000
vt 0.789116 0.000000
vt 0.795918 1.000000
vt 0.795918 0.000000
vt 0.802721 1.000000
vt 0.802721 0.000000
vt 0.809524 1.000000
vt 0.809524 0.000000
vt 0.816327 1.000000
vt 0.816327 0.000000
vt 0.823129 1.000000
vt 0.823129 0.000000
vt 0.829932 1.000000
vt 0.829932 0.000000
vt 0.836735 1.000000
vt 0.836735 0.000000
vt 0.843537 1.000000
vt 0.843537 0.000000
vt 0.850340 1.000000
vt 0.850340 0.000000
vt 0.857143 1.000000
vt 0.863946 1.000000
vt 0.863946 0.000000
vt 0.870748 1.000000
vt 0.870748 0.000000
vt 0.877551 1.000000
vt 0.877551 0.000000
vt 0.884354 1.000000
vt 0.884354 0.000000
vt 0.891156 1.000000
vt 0.891156 0.000000
vt 0.897959 1.000000
vt 0.897959 0.000000
vt 0.904762 1.000000
vt 0.904762 0.000000
vt 0.911565 1.000000
vt 0.911565 0.000000
vt 0.918367 1.000000
vt 0.918367 0.000000
vt 0.925170 1.000000
vt 0.925170 0.000000
vt 0.931973 1.000000
vt 0.931973 0.000000
vt 0.938776 1.000000
vt 0.938776 0.000000
vt 0.945578 1.000000
vt 0.945578 0.000000
vt 0.952381 1.000000
vt 0.952381 0.000000
vt 0.959184 1.000000
vt 0.959184 0.000000
vt 0.965986 1.000000
vt 0.965986 0.000000
vt 0.972789 1.000000
vt 0.972789 0.000000
vt 0.979592 1.000000
vt 0.979592 0.000000
vt 0.986395 1.000000
vt 0.986395 0.000000
vt 0.993197 1.000000
vt 0.993197 0.000000
vt 0.013699 1.000000
vt 0.027397 1.000000
vt 0.041096 1.000000
vt 0.054795 1.000000
vt 0.068493 1.000000
vt 0.082192 1.000000
vt 0.095890 1.000000
vt 0.109589 1.000000
vt 0.123288 1.000000
vt 0.136986 1.000000
vt 0.150685 1.000000
vt 0.164384 1.000000
vt 0.178082 1.000000
vt 0.191781 1.000000
vt 0.205479 1.000000
vt 0.219178 1.000000
vt 0.232877 1.000000
vt 0.246575 1.000000
vt 0.260274 1.000000
vt 0.273973 1.000000
vt 0.287671 1.000000
vt 0.301370 1.000000
vt 0.315068 1.000000
vt 0.328767 1.000000
vt 0.342466 1.000000
vt 0.356164 1.000000
vt 0.369863 1.000000
vt 0.383562 1.000000
vt 0.397260 1.000000
vt 0.410959 1.000000
vt 0.424658 1.000000
vt 0.438356 1.000000
vt 0.452055 1.000000
vt 0.465753 1.000000
vt 0.479452 1.000000
vt 0.493151 1.000000
vt 0.506849 1.000000
vt 0.520548 1.000000
vt 0.534247 1.000000
vt 0.547945 1.000000
vt 0.561644 1.000000
vt 0.575342 1.000000
vt 0.589041 1.000000
vt 0.602740 1.000000
vt 0.616438 1.000000
vt 0.630137 1.000000
vt 0.643836 1.000000
vt 0.657534 1.000000
vt 0.671233 1.000000
vt 0.684932 1.000000
vt 0.698630 1.000000
vt 0.712329 1.000000
vt 0.726027 1.000000
vt 0.739726 1.000000
vt 0.753425 1.000000
vt 0.767123 1.000000
vt 0.780822 1.000000
vt 0.794521 1.000000
vt 0.808219 1.000000
vt 0.821918 1.000000
vt 0.835616 1.000000
vt 0.849315 1.000000
vt 0.863014 1.000000
vt 0.876712 1.000000
vt 0.890411 1.000000
vt 0.904110 1.000000
vt 0.917808 1.000000
vt 0.931507 1.000000
vt 0.945205 1.000000
vt 0.958904 1.000000
vt 0.972603 1.000000
vt 0.986301 1.000000
vt 0.020833 1.000000
vt 0.020833 0.000000
vt 0.041667 1.000000
vt 0.062500 1.000000
vt 0.062500 0.000000
vt 0.083333 1.000000
vt 0.104167 1.000000
vt 0.104167 0.000000
vt 0.125000 1.000000
vt 0.145833 1.000000
vt 0.145833 0.000000
vt 0.166667 1.000000
vt 0.187500 1.000000
vt 0.187500 0.000000
vt 0.208333 1.000000
vt 0.229167 1.000000
vt 0.229167 0.000000
vt 0.270833 1.000000
vt 0.270833 0.000000
vt 0.291667 1.000000
vt 0.312500 1.000000
vt 0.312500 0.000000
vt 0.354167 1.000000
vt 0.354167 0.000000
vt 0.375000 1.000000
vt 0.395833 1.000000
vt 0.395833 0.000000
vt 0.416667 1.000000
vt 0.437500 1.000000
vt 0.437500 0.000000
vt 0.458333 1.000000
vt 0.479167 1.000000
vt 0.479167 0.000000
vt 0.520833 1.000000
vt 0.520833 0.000000
vt 0.541667 1.000000
vt 0.562500 1.000000
vt 0.562500 0.000000
vt 0.583333 1.000000
vt 0.604167 1.000000
vt 0.604167 0.000000
vt 0.625000 1.000000
vt 0.645833 1.000000
vt 0.645833 0.000000
vt 0.687500 1.000000
vt 0.687500 0.000000
vt 0.708333 1.000000
vt 0.729167 1.000000
vt 0.729167 0.000000
vt 0.770833 1.000000
vt 0.770833 0.000000
vt 0.791667 1.000000
vt 0.812500 1.000000
vt 0.812500 0.000000
vt 0.833333 1.000000
vt 0.854167 1.000000
vt 0.854167 0.000000
vt 0.875000 1.000000
vt 0.895833 1.000000
vt 0.895833 0.000000
vt 0.916667 1.000000
vt 0.937500 1.000000
vt 0.937500 0.000000
vt 0.958333 1.000000
vt 0.979167 1.000000
vt 0.979167 0.000000
s 0
usemtl Warm_white_markings
f 23/1/1 25/2/1 24/3/1
f 22/4/1 25/2/1 23/1/1
f 22/4/1 26/5/1 25/2/1
f 21/6/1 26/5/1 22/4/1
f 21/6/1 27/7/1 26/5/1
f 20/8/1 27/7/1 21/6/1
f 20/8/1 28/9/1 27/7/1
f 20/8/1 29/10/1 28/9/1
f 19/11/1 29/10/1 20/8/1
f 19/11/1 30/12/1 29/10/1
f 18/13/1 96/14/1 19/11/1
f 96/14/1 30/12/1 19/11/1
f 18/13/1 49/15/1 96/14/1
f 95/16/1 30/12/1 96/14/1
f 18/13/1 50/17/1 49/15/1
f 94/18/1 30/12/1 95/16/1
f 94/18/1 31/19/1 30/12/1
f 17/20/1 50/17/1 18/13/1
f 17/20/1 51/21/1 50/17/1
f 93/22/1 31/19/1 94/18/1
f 17/20/1 52/23/1 51/21/1
f 92/24/1 31/19/1 93/22/1
f 17/20/1 53/25/1 52/23/1
f 91/26/1 31/19/1 92/24/1
f 91/26/1 32/27/1 31/19/1
f 16/28/1 53/25/1 17/20/1
f 16/28/1 54/29/1 53/25/1
f 90/30/1 32/27/1 91/26/1
f 16/28/1 55/31/1 54/29/1
f 89/32/1 32/27/1 90/30/1
f 89/32/1 33/33/1 32/27/1
f 15/34/1 55/31/1 16/28/1
f 15/34/1 56/35/1 55/31/1
f 88/36/1 33/33/1 89/32/1
f 88/36/1 34/37/1 33/33/1
f 14/38/1 56/35/1 15/34/1
f 14/38/1 57/39/1 56/35/1
f 87/40/1 34/37/1 88/36/1
f 14/38/1 58/41/1 57/39/1
f 86/42/1 34/37/1 87/40/1
f 86/42/1 35/43/1 34/37/1
f 13/44/1 58/41/1 14/38/1
f 13/44/1 59/45/1 58/41/1
f 85/46/1 35/43/1 86/42/1
f 85/46/1 36/47/1 35/43/1
f 12/48/1 59/45/1 13/44/1
f 12/48/1 60/49/1 59/45/1
f 84/50/1 36/47/1 85/46/1
f 11/51/1 60/49/1 12/48/1
f 11/51/1 61/52/1 60/49/1
f 83/53/1 36/47/1 84/50/1
f 83/53/1 37/54/1 36/47/1
f 82/55/1 37/54/1 83/53/1
f 11/51/1 62/56/1 61/52/1
f 10/57/1 62/56/1 11/51/1
f 82/55/1 38/58/1 37/54/1
f 10/57/1 63/59/1 62/56/1
f 81/60/1 38/58/1 82/55/1
f 9/61/1 63/59/1 10/57/1
f 81/60/1 39/62/1 38/58/1
f 9/61/1 64/63/1 63/59/1
f 80/64/1 39/62/1 81/60/1
f 9/61/1 65/65/1 64/63/1
f 79/66/1 39/62/1 80/64/1
f 8/67/1 65/65/1 9/61/1
f 79/66/1 40/68/1 39/62/1
f 8/67/1 66/69/1 65/65/1
f 78/70/1 40/68/1 79/66/1
f 7/71/1 66/69/1 8/67/1
f 78/70/1 41/72/1 40/68/1
f 7/71/1 67/73/1 66/69/1
f 77/74/1 41/72/1 78/70/1
f 76/75/1 41/72/1 77/74/1
f 7/71/1 68/76/1 67/73/1
f 6/77/1 68/76/1 7/71/1
f 76/75/1 42/78/1 41/72/1
f 75/79/1 42/78/1 76/75/1
f 6/77/1 69/80/1 68/76/1
f 74/81/1 42/78/1 75/79/1
f 6/77/1 70/82/1 69/80/1
f 73/83/1 42/78/1 74/81/1
f 6/77/1 71/84/1 70/82/1
f 5/85/1 71/84/1 6/77/1
f 73/83/1 43/86/1 42/78/1
f 72/87/1 43/86/1 73/83/1
f 5/85/1 72/87/1 71/84/1
f 5/85/1 43/86/1 72/87/1
f 5/85/1 44/88/1 43/86/1
f 4/89/1 44/88/1 5/85/1
f 4/89/1 45/90/1 44/88/1
f 3/91/1 45/90/1 4/89/1
f 3/91/1 46/92/1 45/90/1
f 2/93/1 46/92/1 3/91/1
f 1/94/1 46/92/1 2/93/1
f 1/94/1 47/95/1 46/92/1
f 48/96/1 47/95/1 1/94/1
f 167/97/1 169/41/1 168/98/1
f 166/99/1 169/41/1 167/97/1
f 165/100/1 169/41/1 166/99/1
f 165/100/1 97/94/1 169/41/1
f 165/100/1 98/101/1 97/94/1
f 164/102/1 98/101/1 165/100/1
f 164/102/1 99/103/1 98/101/1
f 164/102/1 100/104/1 99/103/1
f 163/105/1 100/104/1 164/102/1
f 163/105/1 101/106/1 100/104/1
f 163/105/1 102/107/1 101/106/1
f 162/108/1 102/107/1 163/105/1
f 162/108/1 103/109/1 102/107/1
f 162/108/1 104/110/1 103/109/1
f 161/111/1 104/110/1 162/108/1
f 161/111/1 105/112/1 104/110/1
f 160/113/1 105/112/1 161/111/1
f 160/113/1 106/114/1 105/112/1
f 160/113/1 107/115/1 106/114/1
f 159/116/1 107/115/1 160/113/1
f 119/117/1 121/8/1 120/118/1
f 118/119/1 121/8/1 119/117/1
f 117/120/1 121/8/1 118/119/1
f 117/120/1 122/121/1 121/8/1
f 116/122/1 122/121/1 117/120/1
f 115/123/1 122/121/1 116/122/1
f 159/116/1 108/124/1 107/115/1
f 114/125/1 122/121/1 115/123/1
f 114/125/1 123/126/1 122/121/1
f 113/127/1 123/126/1 114/125/1
f 112/128/1 123/126/1 113/127/1
f 111/129/1 123/126/1 112/128/1
f 111/129/1 124/130/1 123/126/1
f 110/131/1 124/130/1 111/129/1
f 109/132/1 124/130/1 110/131/1
f 108/124/1 124/130/1 109/132/1
f 108/124/1 125/133/1 124/130/1
f 159/116/1 125/133/1 108/124/1
f 158/134/1 125/133/1 159/116/1
f 158/134/1 126/135/1 125/133/1
f 158/134/1 127/136/1 126/135/1
f 157/137/1 196/138/1 158/134/1
f 196/138/1 195/139/1 158/134/1
f 195/139/1 127/136/1 158/134/1
f 195/139/1 194/140/1 127/136/1
f 194/140/1 193/74/1 127/136/1
f 193/74/1 128/141/1 127/136/1
f 192/142/1 128/141/1 193/74/1
f 191/143/1 128/141/1 192/142/1
f 157/137/1 197/144/1 196/138/1
f 157/137/1 198/145/1 197/144/1
f 190/146/1 128/141/1 191/143/1
f 190/146/1 129/147/1 128/141/1
f 157/137/1 199/148/1 198/145/1
f 157/137/1 200/149/1 199/148/1
f 189/150/1 129/147/1 190/146/1
f 157/137/1 201/151/1 200/149/1
f 188/152/1 129/147/1 189/150/1
f 157/137/1 202/153/1 201/151/1
f 157/137/1 203/154/1 202/153/1
f 187/155/1 129/147/1 188/152/1
f 157/137/1 204/156/1 203/154/1
f 156/157/1 204/156/1 157/137/1
f 187/155/1 130/158/1 129/147/1
f 156/157/1 205/159/1 204/156/1
f 186/160/1 130/158/1 187/155/1
f 156/157/1 206/161/1 205/159/1
f 185/162/1 130/158/1 186/160/1
f 184/163/1 130/158/1 185/162/1
f 184/163/1 131/164/1 130/158/1
f 156/157/1 207/165/1 206/161/1
f 183/166/1 131/164/1 184/163/1
f 155/167/1 207/165/1 156/157/1
f 182/168/1 131/164/1 183/166/1
f 182/168/1 132/169/1 131/164/1
f 155/167/1 208/170/1 207/165/1
f 181/171/1 132/169/1 182/168/1
f 154/172/1 208/170/1 155/167/1
f 180/173/1 132/169/1 181/171/1
f 180/173/1 133/174/1 132/169/1
f 154/172/1 209/175/1 208/170/1
f 179/176/1 133/174/1 180/173/1
f 154/172/1 210/177/1 209/175/1
f 179/176/1 134/178/1 133/174/1
f 153/179/1 210/177/1 154/172/1
f 178/180/1 134/178/1 179/176/1
f 177/181/1 134/178/1 178/180/1
f 153/179/1 211/182/1 210/177/1
f 177/181/1 135/183/1 134/178/1
f 176/184/1 135/183/1 177/181/1
f 152/185/1 211/182/1 153/179/1
f 152/185/1 212/186/1 211/182/1
f 175/187/1 135/183/1 176/184/1
f 152/185/1 213/188/1 212/186/1
f 175/187/1 136/189/1 135/183/1
f 174/190/1 136/189/1 175/187/1
f 151/191/1 213/188/1 152/185/1
f 151/191/1 214/192/1 213/188/1
f 173/193/1 136/189/1 174/190/1
f 172/194/1 136/189/1 173/193/1
f 151/191/1 215/195/1 214/192/1
f 172/194/1 137/196/1 136/189/1
f 171/197/1 137/196/1 172/194/1
f 151/191/1 216/198/1 215/195/1
f 170/199/1 137/196/1 171/197/1
f 151/191/1 217/14/1 216/198/1
f 217/14/1 137/196/1 170/199/1
f 151/191/1 137/196/1 217/14/1
f 150/200/1 137/196/1 151/191/1
f 150/200/1 138/201/1 137/196/1
f 149/202/1 138/201/1 150/200/1
f 149/202/1 139/203/1 138/201/1
f 148/204/1 139/203/1 149/202/1
f 148/204/1 140/205/1 139/203/1
f 147/206/1 140/205/1 148/204/1
f 147/206/1 141/207/1 140/205/1
f 146/208/1 141/207/1 147/206/1
f 146/208/1 142/209/1 141/207/1
f 145/62/1 142/209/1 146/208/1
f 145/62/1 143/210/1 142/209/1
f 144/211/1 143/210/1 145/62/1
f 228/212/1 230/213/1 229/214/1
f 227/215/1 230/213/1 228/212/1
f 226/216/1 230/213/1 227/215/1
f 226/216/1 231/217/1 230/213/1
f 225/218/1 231/217/1 226/216/1
f 224/219/1 231/217/1 225/218/1
f 223/220/1 231/217/1 224/219/1
f 223/220/1 232/221/1 231/217/1
f 222/222/1 232/221/1 223/220/1
f 221/223/1 232/221/1 222/222/1
f 220/224/1 232/221/1 221/223/1
f 220/224/1 233/225/1 232/221/1
f 219/226/1 233/225/1 220/224/1
f 218/94/1 233/225/1 219/226/1
f 218/94/1 234/227/1 233/225/1
f 364/14/1 234/227/1 218/94/1
f 363/228/1 362/229/1 364/14/1
f 362/229/1 361/230/1 364/14/1
f 361/230/1 360/231/1 364/14/1
f 360/231/1 359/232/1 364/14/1
f 359/232/1 234/227/1 364/14/1
f 359/232/1 358/233/1 234/227/1
f 358/233/1 357/234/1 234/227/1
f 357/234/1 235/235/1 234/227/1
f 357/234/1 356/236/1 235/235/1
f 356/236/1 355/237/1 235/235/1
f 355/237/1 236/238/1 235/235/1
f 355/237/1 354/239/1 236/238/1
f 354/239/1 353/240/1 236/238/1
f 353/240/1 352/241/1 236/238/1
f 352/241/1 237/242/1 236/238/1
f 352/241/1 351/243/1 237/242/1
f 351/243/1 350/244/1 237/242/1
f 350/244/1 238/245/1 237/242/1
f 349/246/1 238/245/1 350/244/1
f 348/247/1 238/245/1 349/246/1
f 347/248/1 238/245/1 348/247/1
f 347/248/1 239/249/1 238/245/1
f 346/250/1 239/249/1 347/248/1
f 345/251/1 239/249/1 346/250/1
f 344/252/1 239/249/1 345/251/1
f 344/252/1 240/253/1 239/249/1
f 343/254/1 240/253/1 344/252/1
f 342/255/1 240/253/1 343/254/1
f 342/255/1 241/256/1 240/253/1
f 341/257/1 241/256/1 342/255/1
f 340/258/1 241/256/1 341/257/1
f 340/258/1 242/259/1 241/256/1
f 339/260/1 242/259/1 340/258/1
f 338/261/1 242/259/1 339/260/1
f 338/261/1 243/262/1 242/259/1
f 337/263/1 243/262/1 338/261/1
f 337/263/1 244/264/1 243/262/1
f 336/265/1 244/264/1 337/263/1
f 336/265/1 245/266/1 244/264/1
f 335/267/1 245/266/1 336/265/1
f 335/267/1 246/268/1 245/266/1
f 334/269/1 246/268/1 335/267/1
f 334/269/1 247/270/1 246/268/1
f 333/271/1 247/270/1 334/269/1
f 332/272/1 247/270/1 333/271/1
f 332/272/1 248/273/1 247/270/1
f 331/274/1 248/273/1 332/272/1
f 331/274/1 249/275/1 248/273/1
f 330/276/1 249/275/1 331/274/1
f 329/277/1 249/275/1 330/276/1
f 328/278/1 249/275/1 329/277/1
f 328/278/1 250/279/1 249/275/1
f 327/280/1 250/279/1 328/278/1
f 326/281/1 250/279/1 327/280/1
f 326/281/1 251/282/1 250/279/1
f 326/281/1 252/283/1 251/282/1
f 326/281/1 253/284/1 252/283/1
f 326/281/1 254/285/1 253/284/1
f 326/281/1 255/286/1 254/285/1
f 326/281/1 256/287/1 255/286/1
f 326/281/1 257/288/1 256/287/1
f 326/281/1 258/289/1 257/288/1
f 326/281/1 325/290/1 258/289/1
f 325/290/1 259/291/1 258/289/1
f 324/292/1 259/291/1 325/290/1
f 323/293/1 259/291/1 324/292/1
f 322/294/1 259/291/1 323/293/1
f 322/294/1 260/295/1 259/291/1
f 321/296/1 260/295/1 322/294/1
f 320/297/1 260/295/1 321/296/1
f 320/297/1 261/298/1 260/295/1
f 319/299/1 261/298/1 320/297/1
f 319/299/1 262/300/1 261/298/1
f 318/301/1 262/300/1 319/299/1
f 317/302/1 262/300/1 318/301/1
f 317/302/1 263/303/1 262/300/1
f 316/304/1 263/303/1 317/302/1
f 316/304/1 264/305/1 263/303/1
f 315/306/1 264/305/1 316/304/1
f 315/306/1 265/307/1 264/305/1
f 314/308/1 265/307/1 315/306/1
f 314/308/1 266/309/1 265/307/1
f 313/310/1 266/309/1 314/308/1
f 312/311/1 266/309/1 313/310/1
f 312/311/1 267/312/1 266/309/1
f 311/313/1 267/312/1 312/311/1
f 310/314/1 267/312/1 311/313/1
f 310/314/1 268/315/1 267/312/1
f 289/316/1 291/137/1 290/317/1
f 309/318/1 268/315/1 310/314/1
f 289/316/1 292/319/1 291/137/1
f 308/320/1 268/315/1 309/318/1
f 289/316/1 293/321/1 292/319/1
f 308/320/1 269/322/1 268/315/1
f 307/323/1 269/322/1 308/320/1
f 289/316/1 294/324/1 293/321/1
f 289/316/1 295/325/1 294/324/1
f 306/326/1 269/322/1 307/323/1
f 289/316/1 296/327/1 295/325/1
f 305/328/1 269/322/1 306/326/1
f 289/316/1 297/329/1 296/327/1
f 289/316/1 298/330/1 297/329/1
f 304/331/1 269/322/1 305/328/1
f 304/331/1 270/332/1 269/322/1
f 289/316/1 299/333/1 298/330/1
f 303/334/1 270/332/1 304/331/1
f 289/316/1 300/335/1 299/333/1
f 289/316/1 301/336/1 300/335/1
f 302/337/1 270/332/1 303/334/1
f 289/316/1 302/337/1 301/336/1
f 289/316/1 270/332/1 302/337/1
f 289/316/1 271/338/1 270/332/1
f 289/316/1 272/339/1 271/338/1
f 289/316/1 273/340/1 272/339/1
f 288/341/1 273/340/1 289/316/1
f 287/342/1 273/340/1 288/341/1
f 286/343/1 273/340/1 287/342/1
f 286/343/1 274/344/1 273/340/1
f 285/345/1 274/344/1 286/343/1
f 284/346/1 274/344/1 285/345/1
f 284/346/1 275/347/1 274/344/1
f 283/348/1 275/347/1 284/346/1
f 282/349/1 275/347/1 283/348/1
f 281/350/1 275/347/1 282/349/1
f 281/350/1 276/351/1 275/347/1
f 280/352/1 276/351/1 281/350/1
f 279/353/1 276/351/1 280/352/1
f 279/353/1 277/354/1 276/351/1
f 278/355/1 277/354/1 279/353/1
f 365/94/1 367/181/1 366/196/1
f 365/94/1 368/14/1 367/181/1
f 394/356/1 421/357/1 395/358/1
f 421/357/1 369/94/1 395/358/1
f 421/357/1 370/359/1 369/94/1
f 421/357/1 371/360/1 370/359/1
f 421/357/1 372/361/1 371/360/1
f 421/357/1 373/362/1 372/361/1
f 421/357/1 374/363/1 373/362/1
f 421/357/1 420/364/1 374/363/1
f 420/364/1 419/365/1 374/363/1
f 419/365/1 375/366/1 374/363/1
f 394/356/1 422/14/1 421/357/1
f 418/367/1 375/366/1 419/365/1
f 417/368/1 375/366/1 418/367/1
f 416/369/1 375/366/1 417/368/1
f 416/369/1 376/370/1 375/366/1
f 415/371/1 376/370/1 416/369/1
f 414/372/1 376/370/1 415/371/1
f 414/372/1 377/373/1 376/370/1
f 413/374/1 377/373/1 414/372/1
f 413/374/1 378/375/1 377/373/1
f 412/376/1 378/375/1 413/374/1
f 411/377/1 378/375/1 412/376/1
f 411/377/1 379/378/1 378/375/1
f 410/379/1 379/378/1 411/377/1
f 410/379/1 380/380/1 379/378/1
f 409/381/1 380/380/1 410/379/1
f 409/381/1 381/382/1 380/380/1
f 408/383/1 381/382/1 409/381/1
f 407/384/1 381/382/1 408/383/1
f 407/384/1 382/385/1 381/382/1
f 406/386/1 382/385/1 407/384/1
f 406/386/1 383/387/1 382/385/1
f 405/388/1 383/387/1 406/386/1
f 404/389/1 383/387/1 405/388/1
f 404/389/1 384/390/1 383/387/1
f 403/391/1 384/390/1 404/389/1
f 403/391/1 385/392/1 384/390/1
f 402/393/1 385/392/1 403/391/1
f 401/394/1 385/392/1 402/393/1
f 401/394/1 386/395/1 385/392/1
f 400/396/1 386/395/1 401/394/1
f 400/396/1 387/397/1 386/395/1
f 399/398/1 387/397/1 400/396/1
f 398/399/1 387/397/1 399/398/1
f 398/399/1 388/400/1 387/397/1
f 397/401/1 388/400/1 398/399/1
f 396/402/1 388/400/1 397/401/1
f 394/356/1 396/402/1 422/14/1
f 394/356/1 388/400/1 396/402/1
f 394/356/1 389/403/1 388/400/1
f 394/356/1 390/404/1 389/403/1
f 394/356/1 391/405/1 390/404/1
f 394/356/1 392/406/1 391/405/1
f 394/356/1 393/407/1 392/406/1
f 423/94/1 425/181/1 424/196/1
f 423/94/1 426/14/1 425/181/1
f 435/408/1 437/409/1 436/410/1
f 435/408/1 433/411/1 437/409/1
f 433/411/1 432/412/1 437/409/1
f 432/412/1 438/413/1 437/409/1
f 438/413/1 440/414/1 439/415/1
f 438/413/1 429/416/1 440/414/1
f 429/416/1 428/417/1 440/414/1
f 428/417/1 441/14/1 440/414/1
f 435/408/1 434/137/1 433/411/1
f 431/418/1 438/413/1 432/412/1
f 438/413/1 430/419/1 429/416/1
f 427/94/1 441/14/1 428/417/1
f 431/418/1 430/419/1 438/413/1
f 464/1/2 465/3/2 466/2/2
f 463/4/2 464/1/2 466/2/2
f 463/4/2 466/2/2 467/5/2
f 462/6/2 463/4/2 467/5/2
f 462/6/2 467/5/2 468/7/2
f 461/8/2 462/6/2 468/7/2
f 461/8/2 468/7/2 469/9/2
f 461/8/2 469/9/2 470/10/2
f 460/11/2 461/8/2 470/10/2
f 460/11/2 470/10/2 471/12/2
f 459/13/2 460/11/2 537/14/2
f 537/14/2 460/11/2 471/12/2
f 459/13/2 537/14/2 490/15/2
f 536/16/2 537/14/2 471/12/2
f 459/13/2 490/15/2 491/17/2
f 535/18/2 536/16/2 471/12/2
f 535/18/2 471/12/2 472/19/2
f 458/20/2 459/13/2 491/17/2
f 458/20/2 491/17/2 492/21/2
f 534/22/2 535/18/2 472/19/2
f 458/20/2 492/21/2 493/23/2
f 533/24/2 534/22/2 472/19/2
f 458/20/2 493/23/2 494/25/2
f 532/26/2 533/24/2 472/19/2
f 532/26/2 472/19/2 473/27/2
f 457/28/2 458/20/2 494/25/2
f 457/28/2 494/25/2 495/29/2
f 531/30/2 532/26/2 473/27/2
f 457/28/2 495/29/2 496/31/2
f 530/32/2 531/30/2 473/27/2
f 530/32/2 473/27/2 474/33/2
f 456/34/2 457/28/2 496/31/2
f 456/34/2 496/31/2 497/35/2
f 529/36/2 530/32/2 474/33/2
f 529/36/2 474/33/2 475/37/2
f 455/38/2 456/34/2 497/35/2
f 455/38/2 497/35/2 498/39/2
f 528/40/2 529/36/2 475/37/2
f 455/38/2 498/39/2 499/41/2
f 527/42/2 528/40/2 475/37/2
f 527/42/2 475/37/2 476/43/2
f 454/44/2 455/38/2 499/41/2
f 454/44/2 499/41/2 500/45/2
f 526/46/2 527/42/2 476/43/2
f 526/46/2 476/43/2 477/47/2
f 453/48/2 454/44/2 500/45/2
f 453/48/2 500/45/2 501/49/2
f 525/50/2 526/46/2 477/47/2
f 452/51/2 453/48/2 501/49/2
f 452/51/2 501/49/2 502/52/2
f 524/53/2 525/50/2 477/47/2
f 524/53/2 477/47/2 478/54/2
f 523/55/2 524/53/2 478/54/2
f 452/51/2 502/52/2 503/56/2
f 451/57/2 452/51/2 503/56/2
f 523/55/2 478/54/2 479/58/2
f 451/57/2 503/56/2 504/59/2
f 522/60/2 523/55/2 479/58/2
f 450/61/2 451/57/2 504/59/2
f 522/60/2 479/58/2 480/62/2
f 450/61/2 504/59/2 505/63/2
f 521/64/2 522/60/2 480/62/2
f 450/61/2 505/63/2 506/65/2
f 520/66/2 521/64/2 480/62/2
f 449/67/2 450/61/2 506/65/2
f 520/66/2 480/62/2 481/68/2
f 449/67/2 506/65/2 507/69/2
f 519/70/2 520/66/2 481/68/2
f 448/71/2 449/67/2 507/69/2
f 519/70/2 481/68/2 482/72/2
f 448/71/2 507/69/2 508/73/2
f 518/74/2 519/70/2 482/72/2
f 517/75/2 518/74/2 482/72/2
f 448/71/2 508/73/2 509/76/2
f 447/77/2 448/71/2 509/76/2
f 517/75/2 482/72/2 483/78/2
f 516/79/2 517/75/2 483/78/2
f 447/77/2 509/76/2 510/80/2
f 515/81/2 516/79/2 483/78/2
f 447/77/2 510/80/2 511/82/2
f 514/83/2 515/81/2 483/78/2
f 447/77/2 511/82/2 512/84/2
f 446/85/2 447/77/2 512/84/2
f 514/83/2 483/78/2 484/86/2
f 513/87/2 514/83/2 484/86/2
f 446/85/2 512/84/2 513/87/2
f 446/85/2 513/87/2 484/86/2
f 446/85/2 484/86/2 485/88/2
f 445/89/2 446/85/2 485/88/2
f 445/89/2 485/88/2 486/90/2
f 444/91/2 445/89/2 486/90/2
f 444/91/2 486/90/2 487/92/2
f 443/93/2 444/91/2 487/92/2
f 442/94/2 443/93/2 487/92/2
f 442/94/2 487/92/2 488/95/2
f 489/96/2 442/94/2 488/95/2
f 608/97/2 609/98/2 610/41/2
f 607/99/2 608/97/2 610/41/2
f 606/100/2 607/99/2 610/41/2
f 606/100/2 610/41/2 538/94/2
f 606/100/2 538/94/2 539/101/2
f 605/102/2 606/100/2 539/101/2
f 605/102/2 539/101/2 540/103/2
f 605/102/2 540/103/2 541/104/2
f 604/105/2 605/102/2 541/104/2
f 604/105/2 541/104/2 542/106/2
f 604/105/2 542/106/2 543/107/2
f 603/108/2 604/105/2 543/107/2
f 603/108/2 543/107/2 544/109/2
f 603/108/2 544/109/2 545/110/2
f 602/111/2 603/108/2 545/110/2
f 602/111/2 545/110/2 546/112/2
f 601/113/2 602/111/2 546/112/2
f 601/113/2 546/112/2 547/114/2
f 601/113/2 547/114/2 548/115/2
f 600/116/2 601/113/2 548/115/2
f 560/117/2 561/118/2 562/8/2
f 559/119/2 560/117/2 562/8/2
f 558/120/2 559/119/2 562/8/2
f 558/120/2 562/8/2 563/121/2
f 557/122/2 558/120/2 563/121/2
f 556/123/2 557/122/2 563/121/2
f 600/116/2 548/115/2 549/124/2
f 555/125/2 556/123/2 563/121/2
f 555/125/2 563/121/2 564/126/2
f 554/127/2 555/125/2 564/126/2
f 553/128/2 554/127/2 564/126/2
f 552/129/2 553/128/2 564/126/2
f 552/129/2 564/126/2 565/130/2
f 551/131/2 552/129/2 565/130/2
f 550/132/2 551/131/2 565/130/2
f 549/124/2 550/132/2 565/130/2
f 549/124/2 565/130/2 566/133/2
f 600/116/2 549/124/2 566/133/2
f 599/134/2 600/116/2 566/133/2
f 599/134/2 566/133/2 567/135/2
f 599/134/2 567/135/2 568/136/2
f 598/137/2 599/134/2 637/138/2
f 637/138/2 599/134/2 636/139/2
f 636/139/2 599/134/2 568/136/2
f 636/139/2 568/136/2 635/140/2
f 635/140/2 568/136/2 634/74/2
f 634/74/2 568/136/2 569/141/2
f 633/142/2 634/74/2 569/141/2
f 632/143/2 633/142/2 569/141/2
f 598/137/2 637/138/2 638/144/2
f 598/137/2 638/144/2 639/145/2
f 631/146/2 632/143/2 569/141/2
f 631/146/2 569/141/2 570/147/2
f 598/137/2 639/145/2 640/148/2
f 598/137/2 640/148/2 641/149/2
f 630/150/2 631/146/2 570/147/2
f 598/137/2 641/149/2 642/151/2
f 629/152/2 630/150/2 570/147/2
f 598/137/2 642/151/2 643/153/2
f 598/137/2 643/153/2 644/154/2
f 628/155/2 629/152/2 570/147/2
f 598/137/2 644/154/2 645/156/2
f 597/157/2 598/137/2 645/156/2
f 628/155/2 570/147/2 571/158/2
f 597/157/2 645/156/2 646/159/2
f 627/160/2 628/155/2 571/158/2
f 597/157/2 646/159/2 647/161/2
f 626/162/2 627/160/2 571/158/2
f 625/163/2 626/162/2 571/158/2
f 625/163/2 571/158/2 572/164/2
f 597/157/2 647/161/2 648/165/2
f 624/166/2 625/163/2 572/164/2
f 596/167/2 597/157/2 648/165/2
f 623/168/2 624/166/2 572/164/2
f 623/168/2 572/164/2 573/169/2
f 596/167/2 648/165/2 649/170/2
f 622/171/2 623/168/2 573/169/2
f 595/172/2 596/167/2 649/170/2
f 621/173/2 622/171/2 573/169/2
f 621/173/2 573/169/2 574/174/2
f 595/172/2 649/170/2 650/175/2
f 620/176/2 621/173/2 574/174/2
f 595/172/2 650/175/2 651/177/2
f 620/176/2 574/174/2 575/178/2
f 594/179/2 595/172/2 651/177/2
f 619/180/2 620/176/2 575/178/2
f 618/181/2 619/180/2 575/178/2
f 594/179/2 651/177/2 652/182/2
f 618/181/2 575/178/2 576/183/2
f 617/184/2 618/181/2 576/183/2
f 593/185/2 594/179/2 652/182/2
f 593/185/2 652/182/2 653/186/2
f 616/187/2 617/184/2 576/183/2
f 593/185/2 653/186/2 654/188/2
f 616/187/2 576/183/2 577/189/2
f 615/190/2 616/187/2 577/189/2
f 592/191/2 593/185/2 654/188/2
f 592/191/2 654/188/2 655/192/2
f 614/193/2 615/190/2 577/189/2
f 613/194/2 614/193/2 577/189/2
f 592/191/2 655/192/2 656/195/2
f 613/194/2 577/189/2 578/196/2
f 612/197/2 613/194/2 578/196/2
f 592/191/2 656/195/2 657/198/2
f 611/199/2 612/197/2 578/196/2
f 592/191/2 657/198/2 658/14/2
f 658/14/2 611/199/2 578/196/2
f 592/191/2 658/14/2 578/196/2
f 591/200/2 592/191/2 578/196/2
f 591/200/2 578/196/2 579/201/2
f 590/202/2 591/200/2 579/201/2
f 590/202/2 579/201/2 580/203/2
f 589/204/2 590/202/2 580/203/2
f 589/204/2 580/203/2 581/205/2
f 588/206/2 589/204/2 581/205/2
f 588/206/2 581/205/2 582/207/2
f 587/208/2 588/206/2 582/207/2
f 587/208/2 582/207/2 583/209/2
f 586/62/2 587/208/2 583/209/2
f 586/62/2 583/209/2 584/210/2
f 585/211/2 586/62/2 584/210/2
f 669/212/2 670/214/2 671/213/2
f 668/215/2 669/212/2 671/213/2
f 667/216/2 668/215/2 671/213/2
f 667/216/2 671/213/2 672/217/2
f 666/218/2 667/216/2 672/217/2
f 665/219/2 666/218/2 672/217/2
f 664/220/2 665/219/2 672/217/2
f 664/220/2 672/217/2 673/221/2
f 663/222/2 664/220/2 673/221/2
f 662/223/2 663/222/2 673/221/2
f 661/224/2 662/223/2 673/221/2
f 661/224/2 673/221/2 674/225/2
f 660/226/2 661/224/2 674/225/2
f 659/94/2 660/226/2 674/225/2
f 659/94/2 674/225/2 675/227/2
f 805/14/2 659/94/2 675/227/2
f 804/228/2 805/14/2 803/229/2
f 803/229/2 805/14/2 802/230/2
f 802/230/2 805/14/2 801/231/2
f 801/231/2 805/14/2 800/232/2
f 800/232/2 805/14/2 675/227/2
f 800/232/2 675/227/2 799/233/2
f 799/233/2 675/227/2 798/234/2
f 798/234/2 675/227/2 676/235/2
f 798/234/2 676/235/2 797/236/2
f 797/236/2 676/235/2 796/237/2
f 796/237/2 676/235/2 677/238/2
f 796/237/2 677/238/2 795/239/2
f 795/239/2 677/238/2 794/240/2
f 794/240/2 677/238/2 793/241/2
f 793/241/2 677/238/2 678/242/2
f 793/241/2 678/242/2 792/243/2
f 792/243/2 678/242/2 791/244/2
f 791/244/2 678/242/2 679/245/2
f 790/246/2 791/244/2 679/245/2
f 789/247/2 790/246/2 679/245/2
f 788/248/2 789/247/2 679/245/2
f 788/248/2 679/245/2 680/249/2
f 787/250/2 788/248/2 680/249/2
f 786/251/2 787/250/2 680/249/2
f 785/252/2 786/251/2 680/249/2
f 785/252/2 680/249/2 681/253/2
f 784/254/2 785/252/2 681/253/2
f 783/255/2 784/254/2 681/253/2
f 783/255/2 681/253/2 682/256/2
f 782/257/2 783/255/2 682/256/2
f 781/258/2 782/257/2 682/256/2
f 781/258/2 682/256/2 683/259/2
f 780/260/2 781/258/2 683/259/2
f 779/261/2 780/260/2 683/259/2
f 779/261/2 683/259/2 684/262/2
f 778/263/2 779/261/2 684/262/2
f 778/263/2 684/262/2 685/264/2
f 777/265/2 778/263/2 685/264/2
f 777/265/2 685/264/2 686/266/2
f 776/267/2 777/265/2 686/266/2
f 776/267/2 686/266/2 687/268/2
f 775/269/2 776/267/2 687/268/2
f 775/269/2 687/268/2 688/270/2
f 774/271/2 775/269/2 688/270/2
f 773/272/2 774/271/2 688/270/2
f 773/272/2 688/270/2 689/273/2
f 772/274/2 773/272/2 689/273/2
f 772/274/2 689/273/2 690/275/2
f 771/276/2 772/274/2 690/275/2
f 770/277/2 771/276/2 690/275/2
f 769/278/2 770/277/2 690/275/2
f 769/278/2 690/275/2 691/279/2
f 768/280/2 769/278/2 691/279/2
f 767/281/2 768/280/2 691/279/2
f 767/281/2 691/279/2 692/282/2
f 767/281/2 692/282/2 693/283/2
f 767/281/2 693/283/2 694/284/2
f 767/281/2 694/284/2 695/285/2
f 767/281/2 695/285/2 696/286/2
f 767/281/2 696/286/2 697/287/2
f 767/281/2 697/287/2 698/288/2
f 767/281/2 698/288/2 699/289/2
f 767/281/2 699/289/2 766/290/2
f 766/290/2 699/289/2 700/291/2
f 765/292/2 766/290/2 700/291/2
f 764/293/2 765/292/2 700/291/2
f 763/294/2 764/293/2 700/291/2
f 763/294/2 700/291/2 701/295/2
f 762/296/2 763/294/2 701/295/2
f 761/297/2 762/296/2 701/295/2
f 761/297/2 701/295/2 702/298/2
f 760/299/2 761/297/2 702/298/2
f 760/299/2 702/298/2 703/300/2
f 759/301/2 760/299/2 703/300/2
f 758/302/2 759/301/2 703/300/2
f 758/302/2 703/300/2 704/303/2
f 757/304/2 758/302/2 704/303/2
f 757/304/2 704/303/2 705/305/2
f 756/306/2 757/304/2 705/305/2
f 756/306/2 705/305/2 706/307/2
f 755/308/2 756/306/2 706/307/2
f 755/308/2 706/307/2 707/309/2
f 754/310/2 755/308/2 707/309/2
f 753/311/2 754/310/2 707/309/2
f 753/311/2 707/309/2 708/312/2
f 752/313/2 753/311/2 708/312/2
f 751/314/2 752/313/2 708/312/2
f 751/314/2 708/312/2 709/315/2
f 730/316/2 731/317/2 732/137/2
f 750/318/2 751/314/2 709/315/2
f 730/316/2 732/137/2 733/319/2
f 749/320/2 750/318/2 709/315/2
f 730/316/2 733/319/2 734/321/2
f 749/320/2 709/315/2 710/322/2
f 748/323/2 749/320/2 710/322/2
f 730/316/2 734/321/2 735/324/2
f 730/316/2 735/324/2 736/325/2
f 747/326/2 748/323/2 710/322/2
f 730/316/2 736/325/2 737/327/2
f 746/328/2 747/326/2 710/322/2
f 730/316/2 737/327/2 738/329/2
f 730/316/2 738/329/2 739/330/2
f 745/331/2 746/328/2 710/322/2
f 745/331/2 710/322/2 711/332/2
f 730/316/2 739/330/2 740/333/2
f 744/334/2 745/331/2 711/332/2
f 730/316/2 740/333/2 741/335/2
f 730/316/2 741/335/2 742/336/2
f 743/337/2 744/334/2 711/332/2
f 730/316/2 742/336/2 743/337/2
f 730/316/2 743/337/2 711/332/2
f 730/316/2 711/332/2 712/338/2
f 730/316/2 712/338/2 713/339/2
f 730/316/2 713/339/2 714/340/2
f 729/341/2 730/316/2 714/340/2
f 728/342/2 729/341/2 714/340/2
f 727/343/2 728/342/2 714/340/2
f 727/343/2 714/340/2 715/344/2
f 726/345/2 727/343/2 715/344/2
f 725/346/2 726/345/2 715/344/2
f 725/346/2 715/344/2 716/347/2
f 724/348/2 725/346/2 716/347/2
f 723/349/2 724/348/2 716/347/2
f 722/350/2 723/349/2 716/347/2
f 722/350/2 716/347/2 717/351/2
f 721/352/2 722/350/2 717/351/2
f 720/353/2 721/352/2 717/351/2
f 720/353/2 717/351/2 718/354/2
f 719/355/2 720/353/2 718/354/2
f 806/94/2 807/196/2 808/181/2
f 806/94/2 808/181/2 809/14/2
f 835/356/2 836/358/2 862/357/2
f 862/357/2 836/358/2 810/94/2
f 862/357/2 810/94/2 811/359/2
f 862/357/2 811/359/2 812/360/2
f 862/357/2 812/360/2 813/361/2
f 862/357/2 813/361/2 814/362/2
f 862/357/2 814/362/2 815/363/2
f 862/357/2 815/363/2 861/364/2
f 861/364/2 815/363/2 860/365/2
f 860/365/2 815/363/2 816/366/2
f 835/356/2 862/357/2 863/14/2
f 859/367/2 860/365/2 816/366/2
f 858/368/2 859/367/2 816/366/2
f 857/369/2 858/368/2 816/366/2
f 857/369/2 816/366/2 817/370/2
f 856/371/2 857/369/2 817/370/2
f 855/372/2 856/371/2 817/370/2
f 855/372/2 817/370/2 818/373/2
f 854/374/2 855/372/2 818/373/2
f 854/374/2 818/373/2 819/375/2
f 853/376/2 854/374/2 819/375/2
f 852/377/2 853/376/2 819/375/2
f 852/377/2 819/375/2 820/378/2
f 851/379/2 852/377/2 820/378/2
f 851/379/2 820/378/2 821/380/2
f 850/381/2 851/379/2 821/380/2
f 850/381/2 821/380/2 822/382/2
f 849/383/2 850/381/2 822/382/2
f 848/384/2 849/383/2 822/382/2
f 848/384/2 822/382/2 823/385/2
f 847/386/2 848/384/2 823/385/2
f 847/386/2 823/385/2 824/387/2
f 846/388/2 847/386/2 824/387/2
f 845/389/2 846/388/2 824/387/2
f 845/389/2 824/387/2 825/390/2
f 844/391/2 845/389/2 825/390/2
f 844/391/2 825/390/2 826/392/2
f 843/393/2 844/391/2 826/392/2
f 842/394/2 843/393/2 826/392/2
f 842/394/2 826/392/2 827/395/2
f 841/396/2 842/394/2 827/395/2
f 841/396/2 827/395/2 828/397/2
f 840/398/2 841/396/2 828/397/2
f 839/399/2 840/398/2 828/397/2
f 839/399/2 828/397/2 829/400/2
f 838/401/2 839/399/2 829/400/2
f 837/402/2 838/401/2 829/400/2
f 835/356/2 863/14/2 837/402/2
f 835/356/2 837/402/2 829/400/2
f 835/356/2 829/400/2 830/403/2
f 835/356/2 830/403/2 831/404/2
f 835/356/2 831/404/2 832/405/2
f 835/356/2 832/405/2 833/406/2
f 835/356/2 833/406/2 834/407/2
f 864/94/2 865/196/2 866/181/2
f 864/94/2 866/181/2 867/14/2
f 876/408/2 877/410/2 878/409/2
f 876/408/2 878/409/2 874/411/2
f 874/411/2 878/409/2 873/412/2
f 873/412/2 878/409/2 879/413/2
f 879/413/2 880/415/2 881/414/2
f 879/413/2 881/414/2 870/416/2
f 870/416/2 881/414/2 869/417/2
f 869/417/2 881/414/2 882/14/2
f 876/408/2 874/411/2 875/137/2
f 872/418/2 873/412/2 879/413/2
f 879/413/2 870/416/2 871/419/2
f 868/94/2 869/417/2 882/14/2
f 872/418/2 879/413/2 871/419/2
s 1
f 884/420/3 886/421/3 885/112/3 883/94/3
f 886/421/3 888/422/4 887/127/4 885/112/3
f 888/422/4 890/423/4 889/8/4 887/127/4
f 890/423/4 892/424/5 891/147/5 889/8/4
f 892/424/5 894/425/5 893/196/5 891/147/5
f 894/425/5 896/426/6 895/62/6 893/196/5
f 896/426/6 898/427/6 897/179/6 895/62/6
f 898/427/6 900/428/3 899/111/3 897/179/6
f 900/428/3 902/429/7 901/41/7 899/111/3
f 902/429/7 904/430/8 903/181/8 901/41/7
f 904/430/8 906/431/9 905/162/9 903/181/8
f 906/431/9 908/432/10 907/74/10 905/162/9
f 908/432/10 910/433/11 909/151/11 907/74/10
f 910/433/11 912/434/6 911/175/6 909/151/11
f 912/434/6 884/435/3 883/14/3 911/175/6
f 914/420/3 916/436/7 915/136/7 913/94/3
f 916/436/7 918/437/11 917/137/11 915/136/7
f 918/437/11 920/438/6 919/155/6 917/137/11
f 920/438/6 914/435/3 913/14/3 919/155/6
f 922/420/12 924/439/13 923/440/13 921/94/12
f 924/439/13 926/441/14 925/442/14 923/440/13
f 926/441/14 928/443/15 927/444/15 925/442/14
f 928/443/15 930/445/16 929/446/16 927/444/15
f 930/445/16 932/447/17 931/448/17 929/446/16
f 932/447/17 934/449/18 933/450/18 931/448/17
f 934/449/18 936/451/19 935/452/19 933/450/18
f 936/451/19 938/453/20 937/454/20 935/452/19
f 938/453/20 940/425/21 939/196/21 937/454/20
f 940/425/21 942/455/22 941/456/22 939/196/21
f 942/455/22 944/457/23 943/458/23 941/456/22
f 944/457/23 946/459/24 945/460/24 943/458/23
f 946/459/24 948/461/25 947/462/25 945/460/24
f 948/461/25 950/463/26 949/464/26 947/462/25
f 950/463/26 952/465/27 951/466/27 949/464/26
f 952/465/27 954/467/28 953/468/28 951/466/27
f 954/467/28 956/469/29 955/470/29 953/468/28
f 956/469/29 958/430/30 957/181/30 955/470/29
f 958/430/30 960/471/31 959/472/31 957/181/30
f 960/471/31 962/473/32 961/474/32 959/472/31
f 962/473/32 964/475/33 963/476/33 961/474/32
f 964/475/33 966/477/34 965/478/34 963/476/33
f 966/477/34 968/479/35 967/480/35 965/478/34
f 968/479/35 970/481/36 969/482/36 967/480/35
f 970/481/36 972/483/3 971/484/3 969/482/36
f 972/483/3 974/485/7 973/486/7 971/484/3
f 974/485/7 922/435/12 921/14/12 973/486/7
f 976/420/37 978/439/38 977/440/38 975/94/37
f 978/439/38 980/441/39 979/442/39 977/440/38
f 980/441/39 982/443/40 981/444/40 979/442/39
f 982/443/40 984/445/41 983/446/41 981/444/40
f 984/445/41 986/447/42 985/448/42 983/446/41
f 986/447/42 988/449/43 987/450/43 985/448/42
f 988/449/43 990/451/44 989/452/44 987/450/43
f 990/451/44 992/453/45 991/454/45 989/452/44
f 992/453/45 994/425/46 993/196/46 991/454/45
f 994/425/46 996/455/47 995/456/47 993/196/46
f 996/455/47 998/457/48 997/458/48 995/456/47
f 998/457/48 1000/459/49 999/460/49 997/458/48
f 1000/459/49 1002/461/50 1001/462/50 999/460/49
f 1002/461/50 1004/463/51 1003/464/51 1001/462/50
f 1004/463/51 1006/465/52 1005/466/52 1003/464/51
f 1006/465/52 1008/467/53 1007/468/53 1005/466/52
f 1008/467/53 1010/469/54 1009/470/54 1007/468/53
f 1010/469/54 1012/430/55 1011/181/55 1009/470/54
f 1012/430/55 1014/471/56 1013/472/56 1011/181/55
f 1014/471/56 1016/473/57 1015/474/57 1013/472/56
f 1016/473/57 1018/475/58 1017/476/58 1015/474/57
f 1018/475/58 1020/477/59 1019/478/59 1017/476/58
f 1020/477/59 1022/479/60 1021/480/60 1019/478/59
f 1022/479/60 1024/481/61 1023/482/61 1021/480/60
f 1024/481/61 1026/483/6 1025/484/6 1023/482/61
f 1026/483/6 1028/485/11 1027/486/11 1025/484/6
f 1028/485/11 976/435/37 975/14/37 1027/486/11
f 1030/420/3 1032/436/7 1031/136/7 1029/94/3
f 1032/436/7 1034/437/11 1033/137/11 1031/136/7
f 1034/437/11 1036/438/6 1035/155/6 1033/137/11
f 1036/438/6 1030/435/3 1029/14/3 1035/155/6
f 1038/420/62 1040/487/63 1039/488/63 1037/94/62
f 1040/487/63 1042/489/64 1041/490/64 1039/488/63
f 1042/489/64 1044/491/65 1043/492/65 1041/490/64
f 1044/491/65 1046/493/66 1045/494/66 1043/492/65
f 1046/493/66 1048/495/67 1047/496/67 1045/494/66
f 1048/495/67 1050/497/68 1049/498/68 1047/496/67
f 1050/497/68 1052/499/69 1051/500/69 1049/498/68
f 1052/499/69 1054/501/70 1053/502/70 1051/500/69
f 1054/501/70 1056/503/71 1055/504/71 1053/502/70
f 1056/503/71 1058/505/72 1057/506/72 1055/504/71
f 1058/505/72 1060/507/73 1059/508/73 1057/506/72
f 1060/507/73 1062/509/74 1061/510/74 1059/508/73
f 1062/509/74 1064/511/75 1063/512/75 1061/510/74
f 1064/511/75 1066/513/76 1065/514/76 1063/512/75
f 1066/513/76 1068/515/77 1067/516/77 1065/514/76
f 1068/515/77 1070/517/78 1069/518/78 1067/516/77
f 1070/517/78 1072/519/79 1071/520/79 1069/518/78
f 1072/519/79 1074/521/80 1073/522/80 1071/520/79
f 1074/521/80 1076/523/81 1075/524/81 1073/522/80
f 1076/523/81 1078/525/82 1077/526/82 1075/524/81
f 1078/525/82 1080/527/83 1079/416/83 1077/526/82
f 1080/527/83 1082/528/84 1081/529/84 1079/416/83
f 1082/528/84 1084/530/85 1083/531/85 1081/529/84
f 1084/530/85 1086/532/86 1085/533/86 1083/531/85
f 1086/532/86 1088/534/87 1087/535/87 1085/533/86
f 1088/534/87 1090/536/88 1089/537/88 1087/535/87
f 1090/536/88 1092/538/89 1091/539/89 1089/537/88
f 1092/538/89 1094/540/90 1093/541/90 1091/539/89
f 1094/540/90 1096/542/91 1095/543/91 1093/541/90
f 1096/542/91 1098/544/92 1097/545/92 1095/543/91
f 1098/544/92 1100/546/93 1099/547/93 1097/545/92
f 1100/546/93 1102/548/94 1101/549/94 1099/547/93
f 1102/548/94 1104/550/95 1103/551/95 1101/549/94
f 1104/550/95 1106/552/96 1105/553/96 1103/551/95
f 1106/552/96 1108/554/97 1107/555/97 1105/553/96
f 1108/554/97 1110/556/98 1109/557/98 1107/555/97
f 1110/556/98 1112/558/99 1111/559/99 1109/557/98
f 1112/558/99 1114/560/100 1113/561/100 1111/559/99
f 1114/560/100 1116/562/101 1115/563/101 1113/561/100
f 1116/562/101 1118/564/102 1117/565/102 1115/563/101
f 1118/564/102 1120/566/103 1119/567/103 1117/565/102
f 1120/566/103 1122/568/104 1121/418/104 1119/567/103
f 1122/568/104 1124/569/105 1123/570/105 1121/418/104
f 1124/569/105 1126/571/106 1125/572/106 1123/570/105
f 1126/571/106 1128/573/107 1127/574/107 1125/572/106
f 1128/573/107 1130/575/108 1129/576/108 1127/574/107
f 1130/575/108 1132/577/109 1131/578/109 1129/576/108
f 1132/577/109 1134/579/110 1133/580/110 1131/578/109
f 1134/579/110 1136/425/111 1135/196/111 1133/580/110
f 1136/425/111 1138/581/112 1137/582/112 1135/196/111
f 1138/581/112 1140/583/113 1139/584/113 1137/582/112
f 1140/583/113 1142/585/114 1141/586/114 1139/584/113
f 1142/585/114 1144/587/115 1143/588/115 1141/586/114
f 1144/587/115 1146/589/116 1145/590/116 1143/588/115
f 1146/589/116 1148/591/117 1147/592/117 1145/590/116
f 1148/591/117 1150/593/118 1149/594/118 1147/592/117
f 1150/593/118 1152/595/119 1151/596/119 1149/594/118
f 1152/595/119 1154/597/120 1153/598/120 1151/596/119
f 1154/597/120 1156/599/121 1155/600/121 1153/598/120
f 1156/599/121 1158/601/122 1157/602/122 1155/600/121
f 1158/601/122 1160/603/123 1159/604/123 1157/602/122
f 1160/603/123 1162/605/124 1161/606/124 1159/604/123
f 1162/605/124 1164/607/125 1163/411/125 1161/606/124
f 1164/607/125 1166/608/126 1165/609/126 1163/411/125
f 1166/608/126 1168/610/127 1167/611/127 1165/609/126
f 1168/610/127 1170/612/128 1169/613/128 1167/611/127
f 1170/612/128 1172/614/129 1171/615/129 1169/613/128
f 1172/614/129 1174/616/130 1173/617/130 1171/615/129
f 1174/616/130 1176/618/131 1175/619/131 1173/617/130
f 1176/618/131 1178/620/132 1177/621/132 1175/619/131
f 1178/620/132 1180/622/133 1179/623/133 1177/621/132
f 1180/622/133 1182/624/134 1181/625/134 1179/623/133
f 1182/624/134 1184/626/135 1183/627/135 1181/625/134
f 1184/626/135 1186/628/136 1185/629/136 1183/627/135
f 1186/628/136 1188/630/137 1187/631/137 1185/629/136
f 1188/630/137 1190/632/138 1189/633/138 1187/631/137
f 1190/632/138 1192/634/139 1191/635/139 1189/633/138
f 1192/634/139 1194/636/140 1193/637/140 1191/635/139
f 1194/636/140 1196/638/141 1195/639/141 1193/637/140
f 1196/638/141 1198/640/142 1197/641/142 1195/639/141
f 1198/640/142 1200/642/143 1199/643/143 1197/641/142
f 1200/642/143 1202/644/144 1201/645/144 1199/643/143
f 1202/644/144 1204/646/145 1203/647/145 1201/645/144
f 1204/646/145 1206/648/146 1205/408/146 1203/647/145
f 1206/648/146 1208/649/147 1207/650/147 1205/408/146
f 1208/649/147 1210/651/148 1209/652/148 1207/650/147
f 1210/651/148 1212/653/149 1211/654/149 1209/652/148
f 1212/653/149 1214/655/150 1213/656/150 1211/654/149
f 1214/655/150 1216/657/151 1215/658/151 1213/656/150
f 1216/657/151 1218/659/152 1217/660/152 1215/658/151
f 1218/659/152 1220/661/153 1219/662/153 1217/660/152
f 1220/661/153 1222/663/154 1221/664/154 1219/662/153
f 1222/663/154 1224/665/155 1223/666/155 1221/664/154
f 1224/665/155 1226/667/156 1225/668/156 1223/666/155
f 1226/667/156 1228/669/157 1227/670/157 1225/668/156
f 1228/669/157 1230/671/158 1229/672/158 1227/670/157
f 1230/671/158 1232/673/159 1231/674/159 1229/672/158
f 1232/673/159 1234/430/160 1233/181/160 1231/674/159
f 1234/430/160 1236/675/161 1235/676/161 1233/181/160
f 1236/675/161 1238/677/162 1237/678/162 1235/676/161
f 1238/677/162 1240/679/163 1239/680/163 1237/678/162
f 1240/679/163 1242/681/164 1241/682/164 1239/680/163
f 1242/681/164 1244/683/165 1243/684/165 1241/682/164
f 1244/683/165 1246/685/166 1245/686/166 1243/684/165
f 1246/685/166 1248/687/167 1247/409/167 1245/686/166
f 1248/687/167 1250/688/168 1249/689/168 1247/409/167
f 1250/688/168 1252/690/169 1251/691/169 1249/689/168
f 1252/690/169 1254/692/170 1253/693/170 1251/691/169
f 1254/692/170 1256/694/171 1255/695/171 1253/693/170
f 1256/694/171 1258/696/172 1257/697/172 1255/695/171
f 1258/696/172 1260/698/173 1259/699/173 1257/697/172
f 1260/698/173 1262/700/174 1261/701/174 1259/699/173
f 1262/700/174 1264/702/175 1263/703/175 1261/701/174
f 1264/702/175 1266/704/176 1265/705/176 1263/703/175
f 1266/704/176 1268/706/177 1267/707/177 1265/705/176
f 1268/706/177 1270/708/178 1269/709/178 1267/707/177
f 1270/708/178 1272/710/179 1271/711/179 1269/709/178
f 1272/710/179 1274/712/180 1273/713/180 1271/711/179
f 1274/712/180 1276/714/181 1275/715/181 1273/713/180
f 1276/714/181 1278/716/182 1277/717/182 1275/715/181
f 1278/716/182 1280/718/183 1279/719/183 1277/717/182
f 1280/718/183 1282/720/184 1281/721/184 1279/719/183
f 1282/720/184 1284/722/185 1283/723/185 1281/721/184
f 1284/722/185 1286/724/186 1285/725/186 1283/723/185
f 1286/724/186 1288/726/187 1287/727/187 1285/725/186
f 1288/726/187 1290/728/188 1289/415/188 1287/727/187
f 1290/728/188 1292/729/189 1291/730/189 1289/415/188
f 1292/729/189 1294/731/190 1293/732/190 1291/730/189
f 1294/731/190 1296/733/191 1295/734/191 1293/732/190
f 1296/733/191 1298/735/192 1297/736/192 1295/734/191
f 1298/735/192 1300/737/193 1299/738/193 1297/736/192
f 1300/737/193 1302/739/194 1301/740/194 1299/738/193
f 1302/739/194 1304/741/195 1303/742/195 1301/740/194
f 1304/741/195 1306/743/196 1305/744/196 1303/742/195
f 1306/743/196 1308/745/197 1307/746/197 1305/744/196
f 1308/745/197 1310/747/198 1309/748/198 1307/746/197
f 1310/747/198 1312/749/199 1311/750/199 1309/748/198
f 1312/749/199 1314/751/200 1313/752/200 1311/750/199
f 1314/751/200 1316/753/201 1315/754/201 1313/752/200
f 1316/753/201 1318/755/202 1317/756/202 1315/754/201
f 1318/755/202 1320/757/203 1319/758/203 1317/756/202
f 1320/757/203 1322/759/204 1321/760/204 1319/758/203
f 1322/759/204 1324/761/205 1323/762/205 1321/760/204
f 1324/761/205 1326/763/206 1325/764/206 1323/762/205
f 1326/763/206 1328/765/207 1327/766/207 1325/764/206
f 1328/765/207 1330/767/208 1329/768/208 1327/766/207
f 1330/767/208 1038/435/62 1037/14/62 1329/768/208
f 1332/420/209 1334/769/210 1333/224/210 1331/94/209
f 1334/769/210 1336/770/211 1335/222/211 1333/224/210
f 1336/770/211 1338/771/212 1337/219/212 1335/222/211
f 1338/771/212 1340/772/213 1339/216/213 1337/219/212
f 1340/772/213 1342/773/214 1341/212/214 1339/216/213
f 1342/773/214 1344/774/215 1343/213/215 1341/212/214
f 1344/774/215 1346/775/216 1345/221/216 1343/213/215
f 1346/775/216 1348/776/217 1347/227/217 1345/221/216
f 1348/776/217 1350/777/218 1349/238/218 1347/227/217
f 1350/777/218 1352/778/219 1351/245/219 1349/238/218
f 1352/778/219 1354/779/220 1353/253/220 1351/245/219
f 1354/779/220 1356/780/221 1355/259/221 1353/253/220
f 1356/780/221 1358/781/222 1357/264/222 1355/259/221
f 1358/781/222 1360/782/223 1359/268/223 1357/264/222
f 1360/782/223 1362/783/224 1361/273/224 1359/268/223
f 1362/783/224 1364/784/225 1363/279/225 1361/273/224
f 1364/784/225 1366/785/226 1365/283/226 1363/279/225
f 1366/785/226 1368/786/227 1367/285/227 1365/283/226
f 1368/786/227 1370/787/228 1369/287/228 1367/285/227
f 1370/787/228 1372/788/229 1371/289/229 1369/287/228
f 1372/788/229 1374/789/230 1373/295/230 1371/289/229
f 1374/789/230 1376/790/231 1375/300/231 1373/295/230
f 1376/790/231 1378/791/232 1377/305/232 1375/300/231
f 1378/791/232 1380/792/233 1379/309/233 1377/305/232
f 1380/792/233 1382/793/234 1381/315/234 1379/309/233
f 1382/793/234 1384/794/235 1383/332/235 1381/315/234
f 1384/794/235 1386/795/236 1385/339/236 1383/332/235
f 1386/795/236 1388/796/237 1387/344/237 1385/339/236
f 1388/796/237 1390/797/238 1389/351/238 1387/344/237
f 1390/797/238 1392/798/239 1391/355/239 1389/351/238
f 1392/798/239 1394/799/240 1393/352/240 1391/355/239
f 1394/799/240 1396/800/241 1395/349/241 1393/352/240
f 1396/800/241 1398/801/242 1397/346/242 1395/349/241
f 1398/801/242 1400/802/243 1399/343/243 1397/346/242
f 1400/802/243 1402/803/244 1401/341/244 1399/343/243
f 1402/803/244 1404/804/245 1403/317/245 1401/341/244
f 1404/804/245 1406/805/246 1405/319/246 1403/317/245
f 1406/805/246 1408/806/247 1407/324/247 1405/319/246
f 1408/806/247 1410/807/248 1409/327/248 1407/324/247
f 1410/807/248 1412/808/249 1411/330/249 1409/327/248
f 1412/808/249 1414/809/250 1413/335/250 1411/330/249
f 1414/809/250 1416/810/251 1415/337/251 1413/335/250
f 1416/810/251 1418/811/252 1417/331/252 1415/337/251
f 1418/811/252 1420/812/253 1419/326/253 1417/331/252
f 1420/812/253 1422/813/254 1421/320/254 1419/326/253
f 1422/813/254 1424/814/255 1423/314/255 1421/320/254
f 1424/814/255 1426/815/256 1425/311/256 1423/314/255
f 1426/815/256 1428/816/257 1427/308/257 1425/311/256
f 1428/816/257 1430/817/258 1429/304/258 1427/308/257
f 1430/817/258 1432/818/259 1431/301/259 1429/304/258
f 1432/818/259 1434/819/260 1433/297/260 1431/301/259
f 1434/819/260 1436/820/261 1435/294/261 1433/297/260
f 1436/820/261 1438/821/262 1437/292/262 1435/294/261
f 1438/821/262 1440/822/263 1439/281/263 1437/292/262
f 1440/822/263 1442/823/264 1441/278/264 1439/281/263
f 1442/823/264 1444/824/265 1443/276/265 1441/278/264
f 1444/824/265 1446/825/266 1445/272/266 1443/276/265
f 1446/825/266 1448/826/267 1447/269/267 1445/272/266
f 1448/826/267 1450/827/268 1449/265/268 1447/269/267
f 1450/827/268 1452/828/269 1451/261/269 1449/265/268
f 1452/828/269 1454/829/270 1453/258/270 1451/261/269
f 1454/829/270 1456/830/271 1455/255/271 1453/258/270
f 1456/830/271 1458/831/272 1457/252/272 1455/255/271
f 1458/831/272 1460/832/273 1459/250/273 1457/252/272
f 1460/832/273 1462/833/274 1461/247/274 1459/250/273
f 1462/833/274 1464/834/275 1463/244/275 1461/247/274
f 1464/834/275 1466/835/276 1465/241/276 1463/244/275
f 1466/835/276 1468/836/277 1467/239/277 1465/241/276
f 1468/836/277 1470/837/278 1469/236/278 1467/239/277
f 1470/837/278 1472/838/279 1471/233/279 1469/236/278
f 1472/838/279 1474/839/280 1473/231/280 1471/233/279
f 1474/839/280 1476/840/281 1475/229/281 1473/231/280
f 1476/840/281 1332/435/209 1331/14/209 1475/229/281
f 1478/420/282 1480/841/283 1479/842/283 1477/94/282
f 1480/841/283 1482/843/284 1481/107/284 1479/842/283
f 1482/843/284 1484/844/285 1483/845/285 1481/107/284
f 1484/844/285 1486/846/286 1485/115/286 1483/845/285
f 1486/846/286 1488/847/287 1487/848/287 1485/115/286
f 1488/847/287 1490/849/288 1489/128/288 1487/848/287
f 1490/849/288 1492/850/289 1491/851/289 1489/128/288
f 1492/850/289 1494/852/290 1493/120/290 1491/851/289
f 1494/852/290 1496/853/291 1495/854/291 1493/120/290
f 1496/853/291 1498/855/292 1497/121/292 1495/854/291
f 1498/855/292 1500/856/293 1499/857/293 1497/121/292
f 1500/856/293 1502/436/294 1501/136/294 1499/857/293
f 1502/436/294 1504/858/295 1503/859/295 1501/136/294
f 1504/858/295 1506/860/296 1505/169/296 1503/859/295
f 1506/860/296 1508/861/297 1507/862/297 1505/169/296
f 1508/861/297 1510/425/298 1509/196/298 1507/862/297
f 1510/425/298 1512/863/299 1511/864/299 1509/196/298
f 1512/863/299 1514/865/300 1513/209/300 1511/864/299
f 1514/865/300 1516/866/301 1515/867/301 1513/209/300
f 1516/866/301 1518/868/302 1517/206/302 1515/867/301
f 1518/868/302 1520/869/303 1519/870/303 1517/206/302
f 1520/869/303 1522/871/304 1521/185/304 1519/870/303
f 1522/871/304 1524/872/305 1523/873/305 1521/185/304
f 1524/872/305 1526/437/306 1525/137/306 1523/873/305
f 1526/437/306 1528/874/307 1527/875/307 1525/137/306
f 1528/874/307 1530/876/308 1529/108/308 1527/875/307
f 1530/876/308 1532/877/309 1531/878/309 1529/108/308
f 1532/877/309 1534/879/310 1533/97/310 1531/878/309
f 1534/879/310 1536/880/311 1535/881/311 1533/97/310
f 1536/880/311 1538/882/312 1537/194/312 1535/881/311
f 1538/882/312 1540/883/313 1539/884/313 1537/194/312
f 1540/883/313 1542/430/314 1541/181/314 1539/884/313
f 1542/430/314 1544/885/315 1543/886/315 1541/181/314
f 1544/885/315 1546/887/316 1545/168/316 1543/886/315
f 1546/887/316 1548/888/317 1547/889/317 1545/168/316
f 1548/888/317 1550/438/318 1549/155/318 1547/889/317
f 1550/438/318 1552/890/319 1551/891/319 1549/155/318
f 1552/890/319 1554/892/320 1553/142/320 1551/891/319
f 1554/892/320 1556/893/321 1555/894/321 1553/142/320
f 1556/893/321 1558/895/322 1557/144/322 1555/894/321
f 1558/895/322 1560/896/323 1559/897/323 1557/144/322
f 1560/896/323 1562/898/324 1561/153/324 1559/897/323
f 1562/898/324 1564/899/325 1563/900/325 1561/153/324
f 1564/899/325 1566/901/326 1565/165/326 1563/900/325
f 1566/901/326 1568/902/327 1567/903/327 1565/165/326
f 1568/902/327 1570/904/328 1569/186/328 1567/903/327
f 1570/904/328 1572/905/329 1571/906/329 1569/186/328
f 1572/905/329 1478/435/282 1477/14/282 1571/906/329
f 1574/420/330 1576/841/331 1575/842/331 1573/94/330
f 1576/841/331 1578/843/332 1577/107/332 1575/842/331
f 1578/843/332 1580/844/333 1579/845/333 1577/107/332
f 1580/844/333 1582/846/334 1581/115/334 1579/845/333
f 1582/846/334 1584/847/335 1583/848/335 1581/115/334
f 1584/847/335 1586/849/336 1585/128/336 1583/848/335
f 1586/849/336 1588/850/337 1587/851/337 1585/128/336
f 1588/850/337 1590/852/338 1589/120/338 1587/851/337
f 1590/852/338 1592/853/339 1591/854/339 1589/120/338
f 1592/853/339 1594/855/340 1593/121/340 1591/854/339
f 1594/855/340 1596/856/341 1595/857/341 1593/121/340
f 1596/856/341 1598/436/342 1597/136/342 1595/857/341
f 1598/436/342 1600/858/343 1599/859/343 1597/136/342
f 1600/858/343 1602/860/344 1601/169/344 1599/859/343
f 1602/860/344 1604/861/345 1603/862/345 1601/169/344
f 1604/861/345 1606/425/346 1605/196/346 1603/862/345
f 1606/425/346 1608/863/347 1607/864/347 1605/196/346
f 1608/863/347 1610/865/348 1609/209/348 1607/864/347
f 1610/865/348 1612/866/349 1611/867/349 1609/209/348
f 1612/866/349 1614/868/350 1613/206/350 1611/867/349
f 1614/868/350 1616/869/351 1615/870/351 1613/206/350
f 1616/869/351 1618/871/352 1617/185/352 1615/870/351
f 1618/871/352 1620/872/353 1619/873/353 1617/185/352
f 1620/872/353 1622/437/354 1621/137/354 1619/873/353
f 1622/437/354 1624/874/355 1623/875/355 1621/137/354
f 1624/874/355 1626/876/356 1625/108/356 1623/875/355
f 1626/876/356 1628/877/357 1627/878/357 1625/108/356
f 1628/877/357 1630/879/358 1629/97/358 1627/878/357
f 1630/879/358 1632/880/359 1631/881/359 1629/97/358
f 1632/880/359 1634/882/360 1633/194/360 1631/881/359
f 1634/882/360 1636/883/361 1635/884/361 1633/194/360
f 1636/883/361 1638/430/362 1637/181/362 1635/884/361
f 1638/430/362 1640/885/363 1639/886/363 1637/181/362
f 1640/885/363 1642/887/364 1641/168/364 1639/886/363
f 1642/887/364 1644/888/365 1643/889/365 1641/168/364
f 1644/888/365 1646/438/366 1645/155/366 1643/889/365
f 1646/438/366 1648/890/367 1647/891/367 1645/155/366
f 1648/890/367 1650/892/368 1649/142/368 1647/891/367
f 1650/892/368 1652/893/369 1651/894/369 1649/142/368
f 1652/893/369 1654/895/370 1653/144/370 1651/894/369
f 1654/895/370 1656/896/371 1655/897/371 1653/144/370
f 1656/896/371 1658/898/372 1657/153/372 1655/897/371
f 1658/898/372 1660/899/373 1659/900/373 1657/153/372
f 1660/899/373 1662/901/374 1661/165/374 1659/900/373
f 1662/901/374 1664/902/375 1663/903/375 1661/165/374
f 1664/902/375 1666/904/376 1665/186/376 1663/903/375
f 1666/904/376 1668/905/377 1667/906/377 1665/186/376
f 1668/905/377 1574/435/330 1573/14/330 1667/906/377
f 1670/420/378 1672/841/379 1671/842/379 1669/94/378
f 1672/841/379 1674/843/380 1673/107/380 1671/842/379
f 1674/843/380 1676/844/381 1675/845/381 1673/107/380
f 1676/844/381 1678/846/382 1677/115/382 1675/845/381
f 1678/846/382 1680/847/383 1679/848/383 1677/115/382
f 1680/847/383 1682/849/384 1681/128/384 1679/848/383
f 1682/849/384 1684/850/385 1683/851/385 1681/128/384
f 1684/850/385 1686/852/386 1685/120/386 1683/851/385
f 1686/852/386 1688/853/387 1687/854/387 1685/120/386
f 1688/853/387 1690/855/388 1689/121/388 1687/854/387
f 1690/855/388 1692/856/365 1691/857/365 1689/121/388
f 1692/856/365 1694/436/389 1693/136/389 1691/857/365
f 1694/436/389 1696/858/390 1695/859/390 1693/136/389
f 1696/858/390 1698/860/391 1697/169/391 1695/859/390
f 1698/860/391 1700/861/392 1699/862/392 1697/169/391
f 1700/861/392 1702/425/393 1701/196/393 1699/862/392
f 1702/425/393 1704/863/394 1703/864/394 1701/196/393
f 1704/863/394 1706/865/395 1705/209/395 1703/864/394
f 1706/865/395 1708/866/396 1707/867/396 1705/209/395
f 1708/866/396 1710/868/397 1709/206/397 1707/867/396
f 1710/868/397 1712/869/398 1711/870/398 1709/206/397
f 1712/869/398 1714/871/399 1713/185/399 1711/870/398
f 1714/871/399 1716/872/353 1715/873/353 1713/185/399
f 1716/872/353 1718/437/400 1717/137/400 1715/873/353
f 1718/437/400 1720/874/401 1719/875/401 1717/137/400
f 1720/874/401 1722/876/402 1721/108/402 1719/875/401
f 1722/876/402 1724/877/403 1723/878/403 1721/108/402
f 1724/877/403 1726/879/404 1725/97/404 1723/878/403
f 1726/879/404 1728/880/405 1727/881/405 1725/97/404
f 1728/880/405 1730/882/406 1729/194/406 1727/881/405
f 1730/882/406 1732/883/407 1731/884/407 1729/194/406
f 1732/883/407 1734/430/408 1733/181/408 1731/884/407
f 1734/430/408 1736/885/409 1735/886/409 1733/181/408
f 1736/885/409 1738/887/410 1737/168/410 1735/886/409
f 1738/887/410 1740/888/341 1739/889/341 1737/168/410
f 1740/888/341 1742/438/411 1741/155/411 1739/889/341
f 1742/438/411 1744/890/412 1743/891/412 1741/155/411
f 1744/890/412 1746/892/413 1745/142/413 1743/891/412
f 1746/892/413 1748/893/414 1747/894/414 1745/142/413
f 1748/893/414 1750/895/415 1749/144/415 1747/894/414
f 1750/895/415 1752/896/416 1751/897/416 1749/144/415
f 1752/896/416 1754/898/417 1753/153/417 1751/897/416
f 1754/898/417 1756/899/418 1755/900/418 1753/153/417
f 1756/899/418 1758/901/419 1757/165/419 1755/900/418
f 1758/901/419 1760/902/420 1759/903/420 1757/165/419
f 1760/902/420 1762/904/421 1761/186/421 1759/903/420
f 1762/904/421 1764/905/377 1763/906/377 1761/186/421
f 1764/905/377 1670/435/378 1669/14/378 1763/906/377
o LiDAR_heat_sink_fin.001
v 0.000236 0.453314 -0.000067
v 0.000236 0.452574 -0.003916
v 0.000236 0.447569 -0.014414
v 0.000236 0.442216 -0.019952
v 0.000236 0.435660 -0.023868
v 0.000236 0.432068 -0.025129
v 0.000236 0.428347 -0.025895
v 0.000236 0.420777 -0.025895
v 0.000236 0.417056 -0.025129
v 0.000236 0.410062 -0.022132
v 0.000236 0.404056 -0.017365
v 0.000236 0.401555 -0.014414
v 0.000236 0.399447 -0.011151
v 0.000236 0.395810 -0.000067
v 0.000747 0.453314 -0.000034
v 0.001250 0.452574 -0.003850
v 0.001735 0.451355 -0.007534
v 0.002194 0.449677 -0.011023
v 0.002620 0.447569 -0.014258
v 0.003005 0.445068 -0.017183
v 0.003343 0.442216 -0.019748
v 0.003628 0.439062 -0.021910
v 0.003854 0.435660 -0.023631
v 0.004019 0.432068 -0.024881
v 0.004119 0.428347 -0.025640
v 0.004152 0.424562 -0.025895
v 0.004119 0.420777 -0.025640
v 0.004019 0.417056 -0.024881
v 0.003854 0.413464 -0.023631
v 0.003628 0.410062 -0.021910
v 0.003343 0.406908 -0.019748
v 0.003005 0.404056 -0.017183
v 0.002620 0.401555 -0.014258
v 0.002194 0.399447 -0.011023
v 0.001735 0.397770 -0.007534
v 0.001250 0.396550 -0.003850
v 0.000747 0.395810 -0.000034
v 0.001250 0.453314 0.000066
v 0.002246 0.452574 -0.003651
v 0.003208 0.451355 -0.007241
v 0.004119 0.449677 -0.010640
v 0.004963 0.447569 -0.013792
v 0.005727 0.445068 -0.016642
v 0.006396 0.442216 -0.019141
v 0.006961 0.439062 -0.021247
v 0.007410 0.435660 -0.022923
v 0.007736 0.432068 -0.024142
v 0.007935 0.428347 -0.024881
v 0.008001 0.424562 -0.025129
v 0.007935 0.420777 -0.024881
v 0.007736 0.417056 -0.024142
v 0.007410 0.413464 -0.022923
v 0.006961 0.410062 -0.021247
v 0.006396 0.406908 -0.019141
v 0.005727 0.404056 -0.016642
v 0.004963 0.401555 -0.013792
v 0.004119 0.399447 -0.010640
v 0.003208 0.397770 -0.007241
v 0.002246 0.396550 -0.003651
v 0.001250 0.395810 0.000066
v 0.001735 0.453314 0.000231
v 0.003208 0.452574 -0.003325
v 0.004630 0.451355 -0.006758
v 0.005977 0.449677 -0.010010
v 0.007225 0.447569 -0.013024
v 0.008354 0.445068 -0.015750
v 0.009344 0.442216 -0.018140
v 0.010179 0.439062 -0.020154
v 0.010843 0.435660 -0.021758
v 0.011326 0.432068 -0.022923
v 0.011619 0.428347 -0.023631
v 0.011717 0.424562 -0.023868
v 0.011619 0.420777 -0.023631
v 0.011326 0.417056 -0.022923
v 0.010843 0.413464 -0.021758
v 0.010179 0.410062 -0.020154
v 0.009344 0.406908 -0.018140
v 0.008354 0.404056 -0.015750
v 0.007225 0.401555 -0.013024
v 0.005977 0.399447 -0.010010
v 0.004630 0.397770 -0.006758
v 0.003208 0.396550 -0.003325
v 0.001735 0.395810 0.000231
v 0.002194 0.453314 0.000457
v 0.004119 0.452574 -0.002876
v 0.005977 0.451355 -0.006094
v 0.007736 0.449677 -0.009142
v 0.009368 0.447569 -0.011967
v 0.010843 0.445068 -0.014523
v 0.012137 0.442216 -0.016763
v 0.013227 0.439062 -0.018651
v 0.014095 0.435660 -0.020154
v 0.014725 0.432068 -0.021247
v 0.015108 0.428347 -0.021910
v 0.015236 0.424562 -0.022132
v 0.015108 0.420777 -0.021910
v 0.014725 0.417056 -0.021247
v 0.014095 0.413464 -0.020154
v 0.013227 0.410062 -0.018651
v 0.012137 0.406908 -0.016763
v 0.010843 0.404056 -0.014523
v 0.009368 0.401555 -0.011967
v 0.007736 0.399447 -0.009142
v 0.005977 0.397770 -0.006094
v 0.004119 0.396550 -0.002876
v 0.002194 0.395810 0.000457
v 0.002620 0.453314 0.000742
v 0.004963 0.452574 -0.002311
v 0.007225 0.451355 -0.005259
v 0.009368 0.449677 -0.008052
v 0.011354 0.447569 -0.010640
v 0.013150 0.445068 -0.012981
v 0.014725 0.442216 -0.015034
v 0.016052 0.439062 -0.016763
v 0.017109 0.435660 -0.018140
v 0.017877 0.432068 -0.019141
v 0.018343 0.428347 -0.019748
v 0.018499 0.424562 -0.019952
v 0.018343 0.420777 -0.019748
v 0.017877 0.417056 -0.019141
v 0.017109 0.413464 -0.018140
v 0.016052 0.410062 -0.016763
v 0.014725 0.406908 -0.015034
v 0.013150 0.404056 -0.012981
v 0.011354 0.401555 -0.010640
v 0.009368 0.399447 -0.008052
v 0.007225 0.397770 -0.005259
v 0.004963 0.396550 -0.002311
v 0.002620 0.395810 0.000742
v 0.003005 0.453314 0.001080
v 0.005727 0.452574 -0.001642
v 0.008354 0.451355 -0.004269
v 0.010843 0.449677 -0.006758
v 0.013150 0.447569 -0.009065
v 0.015236 0.445068 -0.011151
v 0.017066 0.442216 -0.012981
v 0.018608 0.439062 -0.014523
v 0.019835 0.435660 -0.015750
v 0.020727 0.432068 -0.016642
v 0.021268 0.428347 -0.017183
v 0.021450 0.424562 -0.017365
v 0.021268 0.420777 -0.017183
v 0.020727 0.417056 -0.016642
v 0.019835 0.413464 -0.015750
v 0.018608 0.410062 -0.014523
v 0.017066 0.406908 -0.012981
v 0.015236 0.404056 -0.011151
v 0.013150 0.401555 -0.009065
v 0.010843 0.399447 -0.006758
v 0.008354 0.397770 -0.004269
v 0.005727 0.396550 -0.001642
v 0.003005 0.395810 0.001080
v 0.003343 0.453314 0.001465
v 0.006396 0.452574 -0.000878
v 0.009344 0.451355 -0.003140
v 0.012137 0.449677 -0.005283
v 0.014725 0.447569 -0.007269
v 0.017066 0.445068 -0.009065
v 0.019119 0.442216 -0.010640
v 0.020848 0.439062 -0.011967
v 0.022225 0.435660 -0.013024
v 0.023226 0.432068 -0.013792
v 0.023833 0.428347 -0.014258
v 0.024037 0.424562 -0.014414
v 0.023833 0.420777 -0.014258
v 0.023226 0.417056 -0.013792
v 0.022225 0.413464 -0.013024
v 0.020848 0.410062 -0.011967
v 0.019119 0.406908 -0.010640
v 0.017066 0.404056 -0.009065
v 0.014725 0.401555 -0.007269
v 0.012137 0.399447 -0.005283
v 0.009344 0.397770 -0.003140
v 0.006396 0.396550 -0.000878
v 0.003343 0.395810 0.001465
v 0.003628 0.453314 0.001891
v 0.006961 0.452574 -0.000034
v 0.010179 0.451355 -0.001892
v 0.013227 0.449677 -0.003651
v 0.016052 0.447569 -0.005283
v 0.018608 0.445068 -0.006758
v 0.020848 0.442216 -0.008052
v 0.022736 0.439062 -0.009142
v 0.024239 0.435660 -0.010010
v 0.025332 0.432068 -0.010640
v 0.025995 0.428347 -0.011023
v 0.026217 0.424562 -0.011151
v 0.025995 0.420777 -0.011023
v 0.025332 0.417056 -0.010640
v 0.024239 0.413464 -0.010010
v 0.022736 0.410062 -0.009142
v 0.020848 0.406908 -0.008052
v 0.018608 0.404056 -0.006758
v 0.016052 0.401555 -0.005283
v 0.013227 0.399447 -0.003651
v 0.010179 0.397770 -0.001892
v 0.006961 0.396550 -0.000034
v 0.003628 0.395810 0.001891
v 0.003854 0.453314 0.002350
v 0.007410 0.452574 0.000877
v 0.010843 0.451355 -0.000545
v 0.014095 0.449677 -0.001892
v 0.017109 0.447569 -0.003140
v 0.019835 0.445068 -0.004269
v 0.022225 0.442216 -0.005259
v 0.024239 0.439062 -0.006094
v 0.025843 0.435660 -0.006758
v 0.027008 0.432068 -0.007241
v 0.027716 0.428347 -0.007534
v 0.027953 0.424562 -0.007632
v 0.027716 0.420777 -0.007534
v 0.027008 0.417056 -0.007241
v 0.025843 0.413464 -0.006758
v 0.024239 0.410062 -0.006094
v 0.022225 0.406908 -0.005259
v 0.019835 0.404056 -0.004269
v 0.017109 0.401555 -0.003140
v 0.014095 0.399447 -0.001892
v 0.010843 0.397770 -0.000545
v 0.007410 0.396550 0.000877
v 0.003854 0.395810 0.002350
v 0.004019 0.453314 0.002835
v 0.007736 0.452574 0.001839
v 0.011326 0.451355 0.000877
v 0.014725 0.449677 -0.000034
v 0.017877 0.447569 -0.000878
v 0.020727 0.445068 -0.001642
v 0.023226 0.442216 -0.002311
v 0.025332 0.439062 -0.002876
v 0.027008 0.435660 -0.003325
v 0.028227 0.432068 -0.003651
v 0.028966 0.428347 -0.003850
v 0.029214 0.424562 -0.003916
v 0.028966 0.420777 -0.003850
v 0.028227 0.417056 -0.003651
v 0.027008 0.413464 -0.003325
v 0.025332 0.410062 -0.002876
v 0.023226 0.406908 -0.002311
v 0.020727 0.404056 -0.001642
v 0.017877 0.401555 -0.000878
v 0.014725 0.399447 -0.000034
v 0.011326 0.397770 0.000877
v 0.007736 0.396550 0.001839
v 0.004019 0.395810 0.002835
v 0.004119 0.453314 0.003338
v 0.007935 0.452574 0.002835
v 0.011619 0.451355 0.002350
v 0.015108 0.449677 0.001891
v 0.018343 0.447569 0.001465
v 0.021268 0.445068 0.001080
v 0.023833 0.442216 0.000742
v 0.025995 0.439062 0.000457
v 0.027716 0.435660 0.000231
v 0.028966 0.432068 0.000066
v 0.029725 0.428347 -0.000034
v 0.029980 0.424562 -0.000067
v 0.029725 0.420777 -0.000034
v 0.028966 0.417056 0.000066
v 0.027716 0.413464 0.000231
v 0.025995 0.410062 0.000457
v 0.023833 0.406908 0.000742
v 0.021268 0.404056 0.001080
v 0.018343 0.401555 0.001465
v 0.015108 0.399447 0.001891
v 0.011619 0.397770 0.002350
v 0.007935 0.396550 0.002835
v 0.004119 0.395810 0.003338
v 0.004152 0.453314 0.003849
v 0.008001 0.452574 0.003849
v 0.011717 0.451355 0.003849
v 0.015236 0.449677 0.003849
v 0.018499 0.447569 0.003849
v 0.021450 0.445068 0.003849
v 0.024037 0.442216 0.003849
v 0.026217 0.439062 0.003849
v 0.027953 0.435660 0.003849
v 0.029214 0.432068 0.003849
v 0.029980 0.428347 0.003849
v 0.030236 0.424562 0.003849
v 0.029980 0.420777 0.003849
v 0.029214 0.417056 0.003849
v 0.027953 0.413464 0.003849
v 0.026217 0.410062 0.003849
v 0.024037 0.406908 0.003849
v 0.021450 0.404056 0.003849
v 0.018499 0.401555 0.003849
v 0.015236 0.399447 0.003849
v 0.011717 0.397770 0.003849
v 0.008001 0.396550 0.003849
v 0.004152 0.395810 0.003849
v 0.004119 0.453314 0.004360
v 0.007935 0.452574 0.004862
v 0.011619 0.451355 0.005347
v 0.015108 0.449677 0.005807
v 0.018343 0.447569 0.006232
v 0.021268 0.445068 0.006618
v 0.023833 0.442216 0.006955
v 0.025995 0.439062 0.007240
v 0.027716 0.435660 0.007466
v 0.028966 0.432068 0.007631
v 0.029725 0.428347 0.007731
v 0.029980 0.424562 0.007764
v 0.029725 0.420777 0.007731
v 0.028966 0.417056 0.007631
v 0.027716 0.413464 0.007466
v 0.025995 0.410062 0.007240
v 0.023833 0.406908 0.006955
v 0.021268 0.404056 0.006618
v 0.018343 0.401555 0.006232
v 0.015108 0.399447 0.005807
v 0.011619 0.397770 0.005347
v 0.007935 0.396550 0.004862
v 0.004119 0.395810 0.004360
v 0.004019 0.453314 0.004862
v 0.007736 0.452574 0.005858
v 0.011326 0.451355 0.006820
v 0.014725 0.449677 0.007731
v 0.017877 0.447569 0.008575
v 0.020727 0.445068 0.009339
v 0.023226 0.442216 0.010009
v 0.025332 0.439062 0.010573
v 0.027008 0.435660 0.011022
v 0.028227 0.432068 0.011349
v 0.028966 0.428347 0.011547
v 0.029214 0.424562 0.011613
v 0.028966 0.420777 0.011547
v 0.028227 0.417056 0.011349
v 0.027008 0.413464 0.011022
v 0.025332 0.410062 0.010573
v 0.023226 0.406908 0.010009
v 0.020727 0.404056 0.009339
v 0.017877 0.401555 0.008575
v 0.014725 0.399447 0.007731
v 0.011326 0.397770 0.006820
v 0.007736 0.396550 0.005858
v 0.004019 0.395810 0.004862
v 0.003854 0.453314 0.005347
v 0.007410 0.452574 0.006820
v 0.010843 0.451355 0.008242
v 0.014095 0.449677 0.009589
v 0.017109 0.447569 0.010838
v 0.019835 0.445068 0.011967
v 0.022225 0.442216 0.012957
v 0.024239 0.439062 0.013791
v 0.025843 0.435660 0.014455
v 0.027008 0.432068 0.014938
v 0.027716 0.428347 0.015231
v 0.027953 0.424562 0.015329
v 0.027716 0.420777 0.015231
v 0.027008 0.417056 0.014938
v 0.025843 0.413464 0.014455
v 0.024239 0.410062 0.013791
v 0.022225 0.406908 0.012957
v 0.019835 0.404056 0.011967
v 0.017109 0.401555 0.010838
v 0.014095 0.399447 0.009589
v 0.010843 0.397770 0.008242
v 0.007410 0.396550 0.006820
v 0.003854 0.395810 0.005347
v 0.003628 0.453314 0.005807
v 0.006961 0.452574 0.007731
v 0.010179 0.451355 0.009589
v 0.013227 0.449677 0.011349
v 0.016052 0.447569 0.012980
v 0.018608 0.445068 0.014455
v 0.020848 0.442216 0.015749
v 0.022736 0.439062 0.016839
v 0.024239 0.435660 0.017707
v 0.025332 0.432068 0.018338
v 0.025995 0.428347 0.018720
v 0.026217 0.424562 0.018849
v 0.025995 0.420777 0.018720
v 0.025332 0.417056 0.018338
v 0.024239 0.413464 0.017707
v 0.022736 0.410062 0.016839
v 0.020848 0.406908 0.015749
v 0.018608 0.404056 0.014455
v 0.016052 0.401555 0.012980
v 0.013227 0.399447 0.011349
v 0.010179 0.397770 0.009589
v 0.006961 0.396550 0.007731
v 0.003628 0.395810 0.005807
v 0.003343 0.453314 0.006232
v 0.006396 0.452574 0.008575
v 0.009344 0.451355 0.010838
v 0.012137 0.449677 0.012980
v 0.014725 0.447569 0.014966
v 0.017066 0.445068 0.016762
v 0.019119 0.442216 0.018338
v 0.020848 0.439062 0.019665
v 0.022225 0.435660 0.020721
v 0.023226 0.432068 0.021489
v 0.023833 0.428347 0.021955
v 0.024037 0.424562 0.022111
v 0.023833 0.420777 0.021955
v 0.023226 0.417056 0.021489
v 0.022225 0.413464 0.020721
v 0.020848 0.410062 0.019665
v 0.019119 0.406908 0.018338
v 0.017066 0.404056 0.016762
v 0.014725 0.401555 0.014966
v 0.012137 0.399447 0.012980
v 0.009344 0.397770 0.010838
v 0.006396 0.396550 0.008575
v 0.003343 0.395810 0.006232
v 0.003005 0.453314 0.006618
v 0.005727 0.452574 0.009339
v 0.008354 0.451355 0.011967
v 0.010843 0.449677 0.014455
v 0.013150 0.447569 0.016762
v 0.015236 0.445068 0.018849
v 0.017066 0.442216 0.020678
v 0.018608 0.439062 0.022220
v 0.019835 0.435660 0.023447
v 0.020727 0.432068 0.024339
v 0.021268 0.428347 0.024880
v 0.021450 0.424562 0.025062
v 0.021268 0.420777 0.024880
v 0.020727 0.417056 0.024339
v 0.019835 0.413464 0.023447
v 0.018608 0.410062 0.022220
v 0.017066 0.406908 0.020678
v 0.015236 0.404056 0.018849
v 0.013150 0.401555 0.016762
v 0.010843 0.399447 0.014455
v 0.008354 0.397770 0.011967
v 0.005727 0.396550 0.009339
v 0.003005 0.395810 0.006618
v 0.002620 0.453314 0.006955
v 0.004963 0.452574 0.010009
v 0.007225 0.451355 0.012957
v 0.009368 0.449677 0.015749
v 0.011354 0.447569 0.018338
v 0.013150 0.445068 0.020678
v 0.014725 0.442216 0.022731
v 0.016052 0.439062 0.024461
v 0.017109 0.435660 0.025838
v 0.017877 0.432068 0.026838
v 0.018343 0.428347 0.027446
v 0.018499 0.424562 0.027649
v 0.018343 0.420777 0.027446
v 0.017877 0.417056 0.026838
v 0.017109 0.413464 0.025838
v 0.016052 0.410062 0.024461
v 0.014725 0.406908 0.022731
v 0.013150 0.404056 0.020678
v 0.011354 0.401555 0.018338
v 0.009368 0.399447 0.015749
v 0.007225 0.397770 0.012957
v 0.004963 0.396550 0.010009
v 0.002620 0.395810 0.006955
v 0.002194 0.453314 0.007240
v 0.004119 0.452574 0.010573
v 0.005977 0.451355 0.013791
v 0.007736 0.449677 0.016839
v 0.009368 0.447569 0.019665
v 0.010843 0.445068 0.022220
v 0.012137 0.442216 0.024461
v 0.013227 0.439062 0.026349
v 0.014095 0.435660 0.027852
v 0.014725 0.432068 0.028944
v 0.015108 0.428347 0.029607
v 0.015236 0.424562 0.029829
v 0.015108 0.420777 0.029607
v 0.014725 0.417056 0.028944
v 0.014095 0.413464 0.027852
v 0.013227 0.410062 0.026349
v 0.012137 0.406908 0.024461
v 0.010843 0.404056 0.022220
v 0.009368 0.401555 0.019665
v 0.007736 0.399447 0.016839
v 0.005977 0.397770 0.013791
v 0.004119 0.396550 0.010573
v 0.002194 0.395810 0.007240
v 0.001735 0.453314 0.007466
v 0.003208 0.452574 0.011022
v 0.004630 0.451355 0.014455
v 0.005977 0.449677 0.017707
v 0.007225 0.447569 0.020721
v 0.008354 0.445068 0.023447
v 0.009344 0.442216 0.025838
v 0.010179 0.439062 0.027852
v 0.010843 0.435660 0.029455
v 0.011326 0.432068 0.030621
v 0.011619 0.428347 0.031328
v 0.011717 0.424562 0.031565
v 0.011619 0.420777 0.031328
v 0.011326 0.417056 0.030621
v 0.010843 0.413464 0.029455
v 0.010179 0.410062 0.027852
v 0.009344 0.406908 0.025838
v 0.008354 0.404056 0.023447
v 0.007225 0.401555 0.020721
v 0.005977 0.399447 0.017707
v 0.004630 0.397770 0.014455
v 0.003208 0.396550 0.011022
v 0.001735 0.395810 0.007466
v 0.001250 0.453314 0.007631
v 0.002246 0.452574 0.011349
v 0.003208 0.451355 0.014938
v 0.004119 0.449677 0.018338
v 0.004963 0.447569 0.021489
v 0.005727 0.445068 0.024339
v 0.006396 0.442216 0.026838
v 0.006961 0.439062 0.028944
v 0.007410 0.435660 0.030621
v 0.007736 0.432068 0.031839
v 0.007935 0.428347 0.032579
v 0.008001 0.424562 0.032826
v 0.007935 0.420777 0.032579
v 0.007736 0.417056 0.031839
v 0.007410 0.413464 0.030621
v 0.006961 0.410062 0.028944
v 0.006396 0.406908 0.026838
v 0.005727 0.404056 0.024339
v 0.004963 0.401555 0.021489
v 0.004119 0.399447 0.018338
v 0.003208 0.397770 0.014938
v 0.002246 0.396550 0.011349
v 0.001250 0.395810 0.007631
v 0.000747 0.453314 0.007731
v 0.001250 0.452574 0.011547
v 0.001735 0.451355 0.015231
v 0.002194 0.449677 0.018720
v 0.002620 0.447569 0.021955
v 0.003005 0.445068 0.024880
v 0.003343 0.442216 0.027446
v 0.003628 0.439062 0.029607
v 0.003854 0.435660 0.031328
v 0.004019 0.432068 0.032579
v 0.004119 0.428347 0.033338
v 0.004152 0.424562 0.033592
v 0.004119 0.420777 0.033338
v 0.004019 0.417056 0.032579
v 0.003854 0.413464 0.031328
v 0.003628 0.410062 0.029607
v 0.003343 0.406908 0.027446
v 0.003005 0.404056 0.024880
v 0.002620 0.401555 0.021955
v 0.002194 0.399447 0.018720
v 0.001735 0.397770 0.015231
v 0.001250 0.396550 0.011547
v 0.000747 0.395810 0.007731
v 0.000236 0.453314 0.007764
v 0.000236 0.452574 0.011613
v 0.000236 0.451355 0.015329
v 0.000236 0.449677 0.018849
v 0.000236 0.447569 0.022111
v 0.000236 0.445068 0.025062
v 0.000236 0.442216 0.027649
v 0.000236 0.439062 0.029829
v 0.000236 0.435660 0.031565
v 0.000236 0.432068 0.032826
v 0.000236 0.428347 0.033592
v 0.000236 0.424562 0.033849
v 0.000236 0.420777 0.033592
v 0.000236 0.417056 0.032826
v 0.000236 0.413464 0.031565
v 0.000236 0.410062 0.029829
v 0.000236 0.406908 0.027649
v 0.000236 0.404056 0.025062
v 0.000236 0.401555 0.022111
v 0.000236 0.399447 0.018849
v 0.000236 0.397770 0.015329
v 0.000236 0.396550 0.011613
v 0.000236 0.395810 0.007764
v -0.000275 0.453314 0.007731
v -0.000777 0.452574 0.011547
v -0.001262 0.451355 0.015231
v -0.001722 0.449677 0.018720
v -0.002147 0.447569 0.021955
v -0.002533 0.445068 0.024880
v -0.002870 0.442216 0.027446
v -0.003155 0.439062 0.029607
v -0.003381 0.435660 0.031328
v -0.003546 0.432068 0.032579
v -0.003646 0.428347 0.033338
v -0.003679 0.424562 0.033592
v -0.003646 0.420777 0.033338
v -0.003546 0.417056 0.032579
v -0.003381 0.413464 0.031328
v -0.003155 0.410062 0.029607
v -0.002870 0.406908 0.027446
v -0.002533 0.404056 0.024880
v -0.002147 0.401555 0.021955
v -0.001722 0.399447 0.018720
v -0.001262 0.397770 0.015231
v -0.000777 0.396550 0.011547
v -0.000275 0.395810 0.007731
v -0.000777 0.453314 0.007631
v -0.001773 0.452574 0.011349
v -0.002735 0.451355 0.014938
v -0.003646 0.449677 0.018338
v -0.004490 0.447569 0.021489
v -0.005254 0.445068 0.024339
v -0.005924 0.442216 0.026838
v -0.006488 0.439062 0.028944
v -0.006937 0.435660 0.030621
v -0.007264 0.432068 0.031839
v -0.007462 0.428347 0.032579
v -0.007528 0.424562 0.032826
v -0.007462 0.420777 0.032579
v -0.007264 0.417056 0.031839
v -0.006937 0.413464 0.030621
v -0.006488 0.410062 0.028944
v -0.005924 0.406908 0.026838
v -0.005254 0.404056 0.024339
v -0.004490 0.401555 0.021489
v -0.003646 0.399447 0.018338
v -0.002735 0.397770 0.014938
v -0.001773 0.396550 0.011349
v -0.000777 0.395810 0.007631
v -0.001262 0.453314 0.007466
v -0.002735 0.452574 0.011022
v -0.004157 0.451355 0.014455
v -0.005504 0.449677 0.017707
v -0.006753 0.447569 0.020721
v -0.007882 0.445068 0.023447
v -0.008872 0.442216 0.025838
v -0.009706 0.439062 0.027852
v -0.010370 0.435660 0.029455
v -0.010853 0.432068 0.030621
v -0.011146 0.428347 0.031328
v -0.011244 0.424562 0.031565
v -0.011146 0.420777 0.031328
v -0.010853 0.417056 0.030621
v -0.010370 0.413464 0.029455
v -0.009706 0.410062 0.027852
v -0.008872 0.406908 0.025838
v -0.007882 0.404056 0.023447
v -0.006753 0.401555 0.020721
v -0.005504 0.399447 0.017707
v -0.004157 0.397770 0.014455
v -0.002735 0.396550 0.011022
v -0.001262 0.395810 0.007466
v -0.001722 0.453314 0.007240
v -0.003646 0.452574 0.010573
v -0.005504 0.451355 0.013791
v -0.007264 0.449677 0.016839
v -0.008895 0.447569 0.019665
v -0.010370 0.445068 0.022220
v -0.011664 0.442216 0.024461
v -0.012754 0.439062 0.026349
v -0.013622 0.435660 0.027852
v -0.014253 0.432068 0.028944
v -0.014635 0.428347 0.029607
v -0.014764 0.424562 0.029829
v -0.014635 0.420777 0.029607
v -0.014253 0.417056 0.028944
v -0.013622 0.413464 0.027852
v -0.012754 0.410062 0.026349
v -0.011664 0.406908 0.024461
v -0.010370 0.404056 0.022220
v -0.008895 0.401555 0.019665
v -0.007264 0.399447 0.016839
v -0.005504 0.397770 0.013791
v -0.003646 0.396550 0.010573
v -0.001722 0.395810 0.007240
v 0.000236 0.395562 0.003849
v -0.002147 0.453314 0.006955
v -0.004490 0.452574 0.010009
v -0.006753 0.451355 0.012957
v -0.008895 0.449677 0.015749
v -0.010881 0.447569 0.018338
v -0.012677 0.445068 0.020678
v -0.014253 0.442216 0.022731
v -0.015580 0.439062 0.024461
v -0.016636 0.435660 0.025838
v -0.017404 0.432068 0.026838
v -0.017870 0.428347 0.027446
v -0.018027 0.424562 0.027649
v -0.017870 0.420777 0.027446
v -0.017404 0.417056 0.026838
v -0.016636 0.413464 0.025838
v -0.015580 0.410062 0.024461
v -0.014253 0.406908 0.022731
v -0.012677 0.404056 0.020678
v -0.010881 0.401555 0.018338
v -0.008895 0.399447 0.015749
v -0.006753 0.397770 0.012957
v -0.004490 0.396550 0.010009
v -0.002147 0.395810 0.006955
v -0.002533 0.453314 0.006618
v -0.005254 0.452574 0.009339
v -0.007882 0.451355 0.011967
v -0.010370 0.449677 0.014455
v -0.012677 0.447569 0.016762
v -0.014764 0.445068 0.018849
v -0.016593 0.442216 0.020678
v -0.018135 0.439062 0.022220
v -0.019362 0.435660 0.023447
v -0.020254 0.432068 0.024339
v -0.020795 0.428347 0.024880
v -0.020977 0.424562 0.025062
v -0.020795 0.420777 0.024880
v -0.020254 0.417056 0.024339
v -0.019362 0.413464 0.023447
v -0.018135 0.410062 0.022220
v -0.016593 0.406908 0.020678
v -0.014764 0.404056 0.018849
v -0.012677 0.401555 0.016762
v -0.010370 0.399447 0.014455
v -0.007882 0.397770 0.011967
v -0.005254 0.396550 0.009339
v -0.002533 0.395810 0.006618
v 0.000236 0.453562 0.003849
v -0.002870 0.453314 0.006232
v -0.005924 0.452574 0.008575
v -0.008872 0.451355 0.010838
v -0.011664 0.449677 0.012980
v -0.014253 0.447569 0.014966
v -0.016593 0.445068 0.016762
v -0.018646 0.442216 0.018338
v -0.020376 0.439062 0.019665
v -0.021753 0.435660 0.020721
v -0.022753 0.432068 0.021489
v -0.023361 0.428347 0.021955
v -0.023564 0.424562 0.022112
v -0.023361 0.420777 0.021955
v -0.022753 0.417056 0.021489
v -0.021753 0.413464 0.020721
v -0.020376 0.410062 0.019665
v -0.018646 0.406908 0.018338
v -0.016593 0.404056 0.016762
v -0.014253 0.401555 0.014966
v -0.011664 0.399447 0.012980
v -0.008872 0.397770 0.010838
v -0.005924 0.396550 0.008575
v -0.002870 0.395810 0.006232
v -0.003155 0.453314 0.005807
v -0.006488 0.452574 0.007731
v -0.009706 0.451355 0.009589
v -0.012754 0.449677 0.011349
v -0.015580 0.447569 0.012980
v -0.018135 0.445068 0.014455
v -0.020376 0.442216 0.015749
v -0.022264 0.439062 0.016839
v -0.023767 0.435660 0.017707
v -0.024859 0.432068 0.018338
v -0.025522 0.428347 0.018720
v -0.025744 0.424562 0.018849
v -0.025522 0.420777 0.018720
v -0.024859 0.417056 0.018338
v -0.023767 0.413464 0.017707
v -0.022264 0.410062 0.016839
v -0.020376 0.406908 0.015749
v -0.018135 0.404056 0.014455
v -0.015580 0.401555 0.012980
v -0.012754 0.399447 0.011349
v -0.009706 0.397770 0.009589
v -0.006488 0.396550 0.007731
v -0.003155 0.395810 0.005807
v -0.003381 0.453314 0.005347
v -0.006937 0.452574 0.006820
v -0.010370 0.451355 0.008242
v -0.013622 0.449677 0.009589
v -0.016636 0.447569 0.010838
v -0.019362 0.445068 0.011967
v -0.021753 0.442216 0.012957
v -0.023767 0.439062 0.013791
v -0.025370 0.435660 0.014455
v -0.026536 0.432068 0.014938
v -0.027243 0.428347 0.015231
v -0.027480 0.424562 0.015329
v -0.027243 0.420777 0.015231
v -0.026536 0.417056 0.014938
v -0.025370 0.413464 0.014455
v -0.023767 0.410062 0.013791
v -0.021753 0.406908 0.012957
v -0.019362 0.404056 0.011967
v -0.016636 0.401555 0.010838
v -0.013622 0.399447 0.009589
v -0.010370 0.397770 0.008242
v -0.006937 0.396550 0.006820
v -0.003381 0.395810 0.005347
v -0.003546 0.453314 0.004862
v -0.007264 0.452574 0.005858
v -0.010853 0.451355 0.006820
v -0.014253 0.449677 0.007731
v -0.017404 0.447569 0.008575
v -0.020254 0.445068 0.009339
v -0.022753 0.442216 0.010009
v -0.024859 0.439062 0.010573
v -0.026536 0.435660 0.011022
v -0.027754 0.432068 0.011349
v -0.028494 0.428347 0.011547
v -0.028741 0.424562 0.011613
v -0.028494 0.420777 0.011547
v -0.027754 0.417056 0.011349
v -0.026536 0.413464 0.011022
v -0.024859 0.410062 0.010573
v -0.022753 0.406908 0.010009
v -0.020254 0.404056 0.009339
v -0.017404 0.401555 0.008575
v -0.014253 0.399447 0.007731
v -0.010853 0.397770 0.006820
v -0.007264 0.396550 0.005858
v -0.003546 0.395810 0.004862
v -0.003646 0.453314 0.004360
v -0.007462 0.452574 0.004862
v -0.011146 0.451355 0.005347
v -0.014635 0.449677 0.005807
v -0.017870 0.447569 0.006232
v -0.020795 0.445068 0.006618
v -0.023361 0.442216 0.006955
v -0.025522 0.439062 0.007240
v -0.027243 0.435660 0.007466
v -0.028494 0.432068 0.007631
v -0.029253 0.428347 0.007731
v -0.029507 0.424562 0.007764
v -0.029253 0.420777 0.007731
v -0.028494 0.417056 0.007631
v -0.027243 0.413464 0.007466
v -0.025522 0.410062 0.007240
v -0.023361 0.406908 0.006955
v -0.020795 0.404056 0.006618
v -0.017870 0.401555 0.006232
v -0.014635 0.399447 0.005807
v -0.011146 0.397770 0.005347
v -0.007462 0.396550 0.004862
v -0.003646 0.395810 0.004360
v -0.003679 0.453314 0.003849
v -0.007528 0.452574 0.003849
v -0.011244 0.451355 0.003849
v -0.014764 0.449677 0.003849
v -0.018026 0.447569 0.003849
v -0.020977 0.445068 0.003849
v -0.023564 0.442216 0.003849
v -0.025744 0.439062 0.003849
v -0.027480 0.435660 0.003849
v -0.028741 0.432068 0.003849
v -0.029507 0.428347 0.003849
v -0.029764 0.424562 0.003849
v -0.029507 0.420777 0.003849
v -0.028741 0.417056 0.003849
v -0.027480 0.413464 0.003849
v -0.025744 0.410062 0.003849
v -0.023564 0.406908 0.003849
v -0.020977 0.404056 0.003849
v -0.018026 0.401555 0.003849
v -0.014764 0.399447 0.003849
v -0.011244 0.397770 0.003849
v -0.007528 0.396550 0.003849
v -0.003679 0.395810 0.003849
v -0.003646 0.453314 0.003338
v -0.007462 0.452574 0.002835
v -0.011146 0.451355 0.002350
v -0.014635 0.449677 0.001891
v -0.017870 0.447569 0.001465
v -0.020795 0.445068 0.001080
v -0.023361 0.442216 0.000742
v -0.025522 0.439062 0.000457
v -0.027243 0.435660 0.000231
v -0.028494 0.432068 0.000066
v -0.029253 0.428347 -0.000034
v -0.029507 0.424562 -0.000067
v -0.029253 0.420777 -0.000034
v -0.028494 0.417056 0.000066
v -0.027243 0.413464 0.000231
v -0.025522 0.410062 0.000457
v -0.023361 0.406908 0.000742
v -0.020795 0.404056 0.001080
v -0.017870 0.401555 0.001465
v -0.014635 0.399447 0.001891
v -0.011146 0.397770 0.002350
v -0.007462 0.396550 0.002835
v -0.003646 0.395810 0.003338
v -0.003546 0.453314 0.002835
v -0.007264 0.452574 0.001839
v -0.010853 0.451355 0.000877
v -0.014253 0.449677 -0.000034
v -0.017404 0.447569 -0.000878
v -0.020254 0.445068 -0.001642
v -0.022753 0.442216 -0.002311
v -0.024859 0.439062 -0.002876
v -0.026536 0.435660 -0.003325
v -0.027754 0.432068 -0.003651
v -0.028494 0.428347 -0.003850
v -0.028741 0.424562 -0.003916
v -0.028494 0.420777 -0.003850
v -0.027754 0.417056 -0.003651
v -0.026536 0.413464 -0.003325
v -0.024859 0.410062 -0.002876
v -0.022753 0.406908 -0.002311
v -0.020254 0.404056 -0.001642
v -0.017404 0.401555 -0.000878
v -0.014253 0.399447 -0.000034
v -0.010853 0.397770 0.000877
v -0.007264 0.396550 0.001839
v -0.003546 0.395810 0.002835
v -0.003381 0.453314 0.002350
v -0.006937 0.452574 0.000877
v -0.010370 0.451355 -0.000545
v -0.013622 0.449677 -0.001892
v -0.016636 0.447569 -0.003140
v -0.019362 0.445068 -0.004269
v -0.021753 0.442216 -0.005259
v -0.023767 0.439062 -0.006094
v -0.025370 0.435660 -0.006758
v -0.026536 0.432068 -0.007241
v -0.027243 0.428347 -0.007534
v -0.027480 0.424562 -0.007632
v -0.027243 0.420777 -0.007534
v -0.026536 0.417056 -0.007241
v -0.025370 0.413464 -0.006758
v -0.023767 0.410062 -0.006094
v -0.021753 0.406908 -0.005259
v -0.019362 0.404056 -0.004269
v -0.016636 0.401555 -0.003140
v -0.013622 0.399447 -0.001892
v -0.010370 0.397770 -0.000545
v -0.006937 0.396550 0.000877
v -0.003381 0.395810 0.002350
v -0.003155 0.453314 0.001891
v -0.006488 0.452574 -0.000034
v -0.009706 0.451355 -0.001892
v -0.012754 0.449677 -0.003651
v -0.015580 0.447569 -0.005283
v -0.018135 0.445068 -0.006758
v -0.020376 0.442216 -0.008052
v -0.022264 0.439062 -0.009142
v -0.023767 0.435660 -0.010010
v -0.024859 0.432068 -0.010640
v -0.025522 0.428347 -0.011023
v -0.025744 0.424562 -0.011151
v -0.025522 0.420777 -0.011023
v -0.024859 0.417056 -0.010640
v -0.023767 0.413464 -0.010010
v -0.022264 0.410062 -0.009142
v -0.020376 0.406908 -0.008052
v -0.018135 0.404056 -0.006758
v -0.015580 0.401555 -0.005283
v -0.012754 0.399447 -0.003651
v -0.009706 0.397770 -0.001892
v -0.006488 0.396550 -0.000034
v -0.003155 0.395810 0.001891
v -0.002870 0.453314 0.001465
v -0.005924 0.452574 -0.000878
v -0.008872 0.451355 -0.003140
v -0.011664 0.449677 -0.005283
v -0.014253 0.447569 -0.007269
v -0.016593 0.445068 -0.009065
v -0.018646 0.442216 -0.010640
v -0.020376 0.439062 -0.011967
v -0.021753 0.435660 -0.013024
v -0.022753 0.432068 -0.013792
v -0.023361 0.428347 -0.014258
v -0.023564 0.424562 -0.014414
v -0.023361 0.420777 -0.014258
v -0.022753 0.417056 -0.013792
v -0.021753 0.413464 -0.013024
v -0.020376 0.410062 -0.011967
v -0.018646 0.406908 -0.010640
v -0.016593 0.404056 -0.009065
v -0.014253 0.401555 -0.007269
v -0.011664 0.399447 -0.005283
v -0.008872 0.397770 -0.003140
v -0.005924 0.396550 -0.000878
v -0.002870 0.395810 0.001465
v -0.002533 0.453314 0.001080
v -0.005254 0.452574 -0.001642
v -0.007882 0.451355 -0.004269
v -0.010370 0.449677 -0.006758
v -0.012677 0.447569 -0.009065
v -0.014764 0.445068 -0.011151
v -0.016593 0.442216 -0.012981
v -0.018135 0.439062 -0.014523
v -0.019362 0.435660 -0.015750
v -0.020254 0.432068 -0.016642
v -0.020795 0.428347 -0.017183
v -0.020977 0.424562 -0.017365
v -0.020795 0.420777 -0.017183
v -0.020254 0.417056 -0.016642
v -0.019362 0.413464 -0.015750
v -0.018135 0.410062 -0.014523
v -0.016593 0.406908 -0.012981
v -0.014764 0.404056 -0.011151
v -0.012677 0.401555 -0.009065
v -0.010370 0.399447 -0.006758
v -0.007882 0.397770 -0.004269
v -0.005254 0.396550 -0.001642
v -0.002533 0.395810 0.001080
v -0.002147 0.453314 0.000742
v -0.004490 0.452574 -0.002311
v -0.006753 0.451355 -0.005259
v -0.008895 0.449677 -0.008052
v -0.010881 0.447569 -0.010640
v -0.012677 0.445068 -0.012981
v -0.014253 0.442216 -0.015034
v -0.015580 0.439062 -0.016763
v -0.016636 0.435660 -0.018140
v -0.017404 0.432068 -0.019141
v -0.017870 0.428347 -0.019748
v -0.018027 0.424562 -0.019952
v -0.017870 0.420777 -0.019748
v -0.017404 0.417056 -0.019141
v -0.016636 0.413464 -0.018140
v -0.015580 0.410062 -0.016763
v -0.014253 0.406908 -0.015034
v -0.012677 0.404056 -0.012981
v -0.010881 0.401555 -0.010640
v -0.008895 0.399447 -0.008052
v -0.006753 0.397770 -0.005259
v -0.004490 0.396550 -0.002311
v -0.002147 0.395810 0.000742
v -0.001722 0.453314 0.000457
v -0.003646 0.452574 -0.002876
v -0.005504 0.451355 -0.006094
v -0.007264 0.449677 -0.009142
v -0.008895 0.447569 -0.011967
v -0.010370 0.445068 -0.014523
v -0.011664 0.442216 -0.016763
v -0.012754 0.439062 -0.018651
v -0.013622 0.435660 -0.020154
v -0.014253 0.432068 -0.021247
v -0.014635 0.428347 -0.021910
v -0.014764 0.424562 -0.022132
v -0.014635 0.420777 -0.021910
v -0.014253 0.417056 -0.021247
v -0.013622 0.413464 -0.020154
v -0.012754 0.410062 -0.018651
v -0.011664 0.406908 -0.016763
v -0.010370 0.404056 -0.014523
v -0.008895 0.401555 -0.011967
v -0.007264 0.399447 -0.009142
v -0.005504 0.397770 -0.006094
v -0.003646 0.396550 -0.002876
v -0.001722 0.395810 0.000457
v -0.001262 0.453314 0.000231
v -0.002735 0.452574 -0.003325
v -0.004157 0.451355 -0.006758
v -0.005504 0.449677 -0.010010
v -0.006753 0.447569 -0.013024
v -0.007882 0.445068 -0.015750
v -0.008872 0.442216 -0.018140
v -0.009706 0.439062 -0.020154
v -0.010370 0.435660 -0.021758
v -0.010853 0.432068 -0.022923
v -0.011146 0.428347 -0.023631
v -0.011244 0.424562 -0.023868
v -0.011146 0.420777 -0.023631
v -0.010853 0.417056 -0.022923
v -0.010370 0.413464 -0.021758
v -0.009706 0.410062 -0.020154
v -0.008872 0.406908 -0.018140
v -0.007882 0.404056 -0.015750
v -0.006753 0.401555 -0.013024
v -0.005504 0.399447 -0.010010
v -0.004157 0.397770 -0.006758
v -0.002735 0.396550 -0.003325
v -0.001262 0.395810 0.000231
v -0.000777 0.453314 0.000066
v -0.001773 0.452574 -0.003651
v -0.002735 0.451355 -0.007241
v -0.003646 0.449677 -0.010640
v -0.004490 0.447569 -0.013792
v -0.005254 0.445068 -0.016642
v -0.005924 0.442216 -0.019141
v -0.006488 0.439062 -0.021247
v -0.006937 0.435660 -0.022923
v -0.007264 0.432068 -0.024142
v -0.007462 0.428347 -0.024881
v -0.007528 0.424562 -0.025129
v -0.007462 0.420777 -0.024881
v -0.007264 0.417056 -0.024142
v -0.006937 0.413464 -0.022923
v -0.006488 0.410062 -0.021247
v -0.005924 0.406908 -0.019141
v -0.005254 0.404056 -0.016642
v -0.004490 0.401555 -0.013792
v -0.003646 0.399447 -0.010640
v -0.002735 0.397770 -0.007241
v -0.001773 0.396550 -0.003651
v -0.000777 0.395810 0.000066
v -0.000275 0.453314 -0.000034
v -0.000777 0.452574 -0.003850
v -0.001262 0.451355 -0.007534
v -0.001722 0.449677 -0.011023
v -0.002147 0.447569 -0.014258
v -0.002533 0.445068 -0.017183
v -0.002870 0.442216 -0.019748
v -0.003155 0.439062 -0.021910
v -0.003381 0.435660 -0.023631
v -0.003546 0.432068 -0.024881
v -0.003646 0.428347 -0.025640
v -0.003679 0.424562 -0.025895
v -0.003646 0.420777 -0.025640
v -0.003546 0.417056 -0.024881
v -0.003381 0.413464 -0.023631
v -0.003155 0.410062 -0.021910
v -0.002870 0.406908 -0.019748
v -0.002533 0.404056 -0.017183
v -0.002147 0.401555 -0.014258
v -0.001722 0.399447 -0.011023
v -0.001262 0.397770 -0.007534
v -0.000777 0.396550 -0.003850
v -0.000275 0.395810 -0.000034
v 0.000236 0.451355 -0.007632
v 0.000236 0.449677 -0.011151
v 0.000236 0.445068 -0.017365
v 0.000236 0.439062 -0.022132
v 0.000236 0.424562 -0.026151
v 0.000236 0.413464 -0.023868
v 0.000236 0.406908 -0.019952
v 0.000236 0.397770 -0.007632
v 0.000236 0.396550 -0.003916
v -0.028900 0.396000 0.036349
v -0.028900 0.396500 0.036849
v -0.029400 0.396500 0.036349
v -0.028900 0.396067 0.036598
v -0.029150 0.396067 0.036349
v -0.029139 0.396132 0.036588
v -0.029150 0.396500 0.036782
v -0.028900 0.396250 0.036782
v -0.029139 0.396261 0.036717
v -0.029333 0.396250 0.036349
v -0.029333 0.396500 0.036598
v -0.029268 0.396261 0.036588
v -0.028900 0.420500 0.036849
v -0.028900 0.421000 0.036349
v -0.029400 0.420500 0.036349
v -0.028900 0.420750 0.036782
v -0.029150 0.420500 0.036782
v -0.029139 0.420739 0.036717
v -0.029150 0.420933 0.036349
v -0.028900 0.420933 0.036598
v -0.029139 0.420868 0.036588
v -0.029333 0.420500 0.036598
v -0.029333 0.420750 0.036349
v -0.029268 0.420739 0.036588
v -0.028900 0.396000 -0.028651
v -0.029400 0.396500 -0.028651
v -0.028900 0.396500 -0.029151
v -0.029150 0.396067 -0.028651
v -0.028900 0.396067 -0.028901
v -0.029139 0.396132 -0.028890
v -0.029333 0.396500 -0.028901
v -0.029333 0.396250 -0.028651
v -0.029268 0.396261 -0.028890
v -0.028900 0.396250 -0.029085
v -0.029150 0.396500 -0.029085
v -0.029139 0.396261 -0.029020
v -0.028900 0.421000 -0.028651
v -0.028900 0.420500 -0.029151
v -0.029400 0.420500 -0.028651
v -0.028900 0.420933 -0.028901
v -0.029150 0.420933 -0.028651
v -0.029139 0.420868 -0.028890
v -0.029150 0.420500 -0.029085
v -0.028900 0.420750 -0.029085
v -0.029139 0.420739 -0.029020
v -0.029333 0.420750 -0.028651
v -0.029333 0.420500 -0.028901
v -0.029268 0.420739 -0.028890
v -0.027900 0.396000 0.036349
v -0.027400 0.396500 0.036349
v -0.027900 0.396500 0.036849
v -0.027650 0.396067 0.036349
v -0.027900 0.396067 0.036598
v -0.027661 0.396132 0.036588
v -0.027467 0.396500 0.036598
v -0.027467 0.396250 0.036349
v -0.027532 0.396261 0.036588
v -0.027900 0.396250 0.036782
v -0.027650 0.396500 0.036782
v -0.027661 0.396261 0.036717
v -0.027900 0.421000 0.036349
v -0.027900 0.420500 0.036849
v -0.027400 0.420500 0.036349
v -0.027900 0.420933 0.036598
v -0.027650 0.420933 0.036349
v -0.027661 0.420868 0.036588
v -0.027650 0.420500 0.036782
v -0.027900 0.420750 0.036782
v -0.027661 0.420739 0.036717
v -0.027467 0.420750 0.036349
v -0.027467 0.420500 0.036598
v -0.027532 0.420739 0.036588
v -0.027900 0.396000 -0.028651
v -0.027900 0.396500 -0.029151
v -0.027400 0.396500 -0.028651
v -0.027900 0.396067 -0.028901
v -0.027650 0.396067 -0.028651
v -0.027661 0.396132 -0.028890
v -0.027650 0.396500 -0.029085
v -0.027900 0.396250 -0.029085
v -0.027661 0.396261 -0.029020
v -0.027467 0.396250 -0.028651
v -0.027467 0.396500 -0.028901
v -0.027532 0.396261 -0.028890
v -0.027900 0.421000 -0.028651
v -0.027400 0.420500 -0.028651
v -0.027900 0.420500 -0.029151
v -0.027650 0.420933 -0.028651
v -0.027900 0.420933 -0.028901
v -0.027661 0.420868 -0.028890
v -0.027467 0.420500 -0.028901
v -0.027467 0.420750 -0.028651
v -0.027532 0.420739 -0.028890
v -0.027900 0.420750 -0.029085
v -0.027650 0.420500 -0.029085
v -0.027661 0.420739 -0.029020
v -0.037500 0.388500 0.037349
v -0.037500 0.389000 0.037849
v -0.038000 0.389000 0.037349
v -0.037500 0.388567 0.037598
v -0.037750 0.388567 0.037349
v -0.037739 0.388632 0.037588
v -0.037750 0.389000 0.037782
v -0.037500 0.388750 0.037782
v -0.037739 0.388761 0.037717
v -0.037933 0.388750 0.037349
v -0.037933 0.389000 0.037598
v -0.037868 0.388761 0.037588
v -0.037500 0.408000 0.037849
v -0.037500 0.408500 0.037349
v -0.038000 0.408000 0.037349
v -0.037500 0.408250 0.037782
v -0.037750 0.408000 0.037782
v -0.037739 0.408239 0.037717
v -0.037750 0.408433 0.037349
v -0.037500 0.408433 0.037598
v -0.037739 0.408368 0.037588
v -0.037933 0.408000 0.037598
v -0.037933 0.408250 0.037349
v -0.037868 0.408239 0.037588
v -0.037500 0.388500 -0.029651
v -0.038000 0.389000 -0.029651
v -0.037500 0.389000 -0.030151
v -0.037750 0.388567 -0.029651
v -0.037500 0.388567 -0.029901
v -0.037739 0.388632 -0.029890
v -0.037933 0.389000 -0.029901
v -0.037933 0.388750 -0.029651
v -0.037868 0.388761 -0.029890
v -0.037500 0.388750 -0.030085
v -0.037750 0.389000 -0.030085
v -0.037739 0.388761 -0.030020
v -0.037500 0.408500 -0.029651
v -0.037500 0.408000 -0.030151
v -0.038000 0.408000 -0.029651
v -0.037500 0.408433 -0.029901
v -0.037750 0.408433 -0.029651
v -0.037739 0.408368 -0.029890
v -0.037750 0.408000 -0.030085
v -0.037500 0.408250 -0.030085
v -0.037739 0.408239 -0.030020
v -0.037933 0.408250 -0.029651
v -0.037933 0.408000 -0.029901
v -0.037868 0.408239 -0.029890
v 0.037500 0.388500 0.037349
v 0.038000 0.389000 0.037349
v 0.037500 0.389000 0.037849
v 0.037750 0.388567 0.037349
v 0.037500 0.388567 0.037598
v 0.037739 0.388632 0.037588
v 0.037933 0.389000 0.037598
v 0.037933 0.388750 0.037349
v 0.037868 0.388761 0.037588
v 0.037500 0.388750 0.037782
v 0.037750 0.389000 0.037782
v 0.037739 0.388761 0.037717
v 0.037500 0.408500 0.037349
v 0.037500 0.408000 0.037849
v 0.038000 0.408000 0.037349
v 0.037500 0.408433 0.037598
v 0.037750 0.408433 0.037349
v 0.037739 0.408368 0.037588
v 0.037750 0.408000 0.037782
v 0.037500 0.408250 0.037782
v 0.037739 0.408239 0.037717
v 0.037933 0.408250 0.037349
v 0.037933 0.408000 0.037598
v 0.037868 0.408239 0.037588
v 0.037500 0.388500 -0.029651
v 0.037500 0.389000 -0.030151
v 0.038000 0.389000 -0.029651
v 0.037500 0.388567 -0.029901
v 0.037750 0.388567 -0.029651
v 0.037739 0.388632 -0.029890
v 0.037750 0.389000 -0.030085
v 0.037500 0.388750 -0.030085
v 0.037739 0.388761 -0.030020
v 0.037933 0.388750 -0.029651
v 0.037933 0.389000 -0.029901
v 0.037868 0.388761 -0.029890
v 0.037500 0.408500 -0.029651
v 0.038000 0.408000 -0.029651
v 0.037500 0.408000 -0.030151
v 0.037750 0.408433 -0.029651
v 0.037500 0.408433 -0.029901
v 0.037739 0.408368 -0.029890
v 0.037933 0.408000 -0.029901
v 0.037933 0.408250 -0.029651
v 0.037868 0.408239 -0.029890
v 0.037500 0.408250 -0.030085
v 0.037750 0.408000 -0.030085
v 0.037739 0.408239 -0.030020
v -0.023300 0.396000 0.036349
v -0.023300 0.396500 0.036849
v -0.023800 0.396500 0.036349
v -0.023300 0.396067 0.036598
v -0.023550 0.396067 0.036349
v -0.023539 0.396132 0.036588
v -0.023550 0.396500 0.036782
v -0.023300 0.396250 0.036782
v -0.023539 0.396261 0.036717
v -0.023733 0.396250 0.036349
v -0.023733 0.396500 0.036598
v -0.023668 0.396261 0.036588
v -0.023300 0.420500 0.036849
v -0.023300 0.421000 0.036349
v -0.023800 0.420500 0.036349
v -0.023300 0.420750 0.036782
v -0.023550 0.420500 0.036782
v -0.023539 0.420739 0.036717
v -0.023550 0.420933 0.036349
v -0.023300 0.420933 0.036598
v -0.023539 0.420868 0.036588
v -0.023733 0.420500 0.036598
v -0.023733 0.420750 0.036349
v -0.023668 0.420739 0.036588
v -0.023300 0.396000 -0.028651
v -0.023800 0.396500 -0.028651
v -0.023300 0.396500 -0.029151
v -0.023550 0.396067 -0.028651
v -0.023300 0.396067 -0.028901
v -0.023539 0.396132 -0.028890
v -0.023733 0.396500 -0.028901
v -0.023733 0.396250 -0.028651
v -0.023668 0.396261 -0.028890
v -0.023300 0.396250 -0.029085
v -0.023550 0.396500 -0.029085
v -0.023539 0.396261 -0.029020
v -0.023300 0.421000 -0.028651
v -0.023300 0.420500 -0.029151
v -0.023800 0.420500 -0.028651
v -0.023300 0.420933 -0.028901
v -0.023550 0.420933 -0.028651
v -0.023539 0.420868 -0.028890
v -0.023550 0.420500 -0.029085
v -0.023300 0.420750 -0.029085
v -0.023539 0.420739 -0.029020
v -0.023733 0.420750 -0.028651
v -0.023733 0.420500 -0.028901
v -0.023668 0.420739 -0.028890
v -0.022300 0.396000 0.036349
v -0.021800 0.396500 0.036349
v -0.022300 0.396500 0.036849
v -0.022050 0.396067 0.036349
v -0.022300 0.396067 0.036598
v -0.022061 0.396132 0.036588
v -0.021867 0.396500 0.036598
v -0.021867 0.396250 0.036349
v -0.021932 0.396261 0.036588
v -0.022300 0.396250 0.036782
v -0.022050 0.396500 0.036782
v -0.022061 0.396261 0.036717
v -0.022300 0.421000 0.036349
v -0.022300 0.420500 0.036849
v -0.021800 0.420500 0.036349
v -0.022300 0.420933 0.036598
v -0.022050 0.420933 0.036349
v -0.022061 0.420868 0.036588
v -0.022050 0.420500 0.036782
v -0.022300 0.420750 0.036782
v -0.022061 0.420739 0.036717
v -0.021867 0.420750 0.036349
v -0.021867 0.420500 0.036598
v -0.021932 0.420739 0.036588
v -0.022300 0.396000 -0.028651
v -0.022300 0.396500 -0.029151
v -0.021800 0.396500 -0.028651
v -0.022300 0.396067 -0.028901
v -0.022050 0.396067 -0.028651
v -0.022061 0.396132 -0.028890
v -0.022050 0.396500 -0.029085
v -0.022300 0.396250 -0.029085
v -0.022061 0.396261 -0.029020
v -0.021867 0.396250 -0.028651
v -0.021867 0.396500 -0.028901
v -0.021932 0.396261 -0.028890
v -0.022300 0.421000 -0.028651
v -0.021800 0.420500 -0.028651
v -0.022300 0.420500 -0.029151
v -0.022050 0.420933 -0.028651
v -0.022300 0.420933 -0.028901
v -0.022061 0.420868 -0.028890
v -0.021867 0.420500 -0.028901
v -0.021867 0.420750 -0.028651
v -0.021932 0.420739 -0.028890
v -0.022300 0.420750 -0.029085
v -0.022050 0.420500 -0.029085
v -0.022061 0.420739 -0.029020
v -0.017700 0.396000 0.036349
v -0.017700 0.396500 0.036849
v -0.018200 0.396500 0.036349
v -0.017700 0.396067 0.036598
v -0.017950 0.396067 0.036349
v -0.017939 0.396132 0.036588
v -0.017950 0.396500 0.036782
v -0.017700 0.396250 0.036782
v -0.017939 0.396261 0.036717
v -0.018133 0.396250 0.036349
v -0.018133 0.396500 0.036598
v -0.018068 0.396261 0.036588
v -0.017700 0.420500 0.036849
v -0.017700 0.421000 0.036349
v -0.018200 0.420500 0.036349
v -0.017700 0.420750 0.036782
v -0.017950 0.420500 0.036782
v -0.017939 0.420739 0.036717
v -0.017950 0.420933 0.036349
v -0.017700 0.420933 0.036598
v -0.017939 0.420868 0.036588
v -0.018133 0.420500 0.036598
v -0.018133 0.420750 0.036349
v -0.018068 0.420739 0.036588
v -0.017700 0.396000 -0.028651
v -0.018200 0.396500 -0.028651
v -0.017700 0.396500 -0.029151
v -0.017950 0.396067 -0.028651
v -0.017700 0.396067 -0.028901
v -0.017939 0.396132 -0.028890
v -0.018133 0.396500 -0.028901
v -0.018133 0.396250 -0.028651
v -0.018068 0.396261 -0.028890
v -0.017700 0.396250 -0.029085
v -0.017950 0.396500 -0.029085
v -0.017939 0.396261 -0.029020
v -0.017700 0.421000 -0.028651
v -0.017700 0.420500 -0.029151
v -0.018200 0.420500 -0.028651
v -0.017700 0.420933 -0.028901
v -0.017950 0.420933 -0.028651
v -0.017939 0.420868 -0.028890
v -0.017950 0.420500 -0.029085
v -0.017700 0.420750 -0.029085
v -0.017939 0.420739 -0.029020
v -0.018133 0.420750 -0.028651
v -0.018133 0.420500 -0.028901
v -0.018068 0.420739 -0.028890
v -0.016700 0.396000 0.036349
v -0.016200 0.396500 0.036349
v -0.016700 0.396500 0.036849
v -0.016450 0.396067 0.036349
v -0.016700 0.396067 0.036598
v -0.016461 0.396132 0.036588
v -0.016267 0.396500 0.036598
v -0.016267 0.396250 0.036349
v -0.016332 0.396261 0.036588
v -0.016700 0.396250 0.036782
v -0.016450 0.396500 0.036782
v -0.016461 0.396261 0.036717
v -0.016700 0.421000 0.036349
v -0.016700 0.420500 0.036849
v -0.016200 0.420500 0.036349
v -0.016700 0.420933 0.036598
v -0.016450 0.420933 0.036349
v -0.016461 0.420868 0.036588
v -0.016450 0.420500 0.036782
v -0.016700 0.420750 0.036782
v -0.016461 0.420739 0.036717
v -0.016267 0.420750 0.036349
v -0.016267 0.420500 0.036598
v -0.016332 0.420739 0.036588
v -0.016700 0.396000 -0.028651
v -0.016700 0.396500 -0.029151
v -0.016200 0.396500 -0.028651
v -0.016700 0.396067 -0.028901
v -0.016450 0.396067 -0.028651
v -0.016461 0.396132 -0.028890
v -0.016450 0.396500 -0.029085
v -0.016700 0.396250 -0.029085
v -0.016461 0.396261 -0.029020
v -0.016267 0.396250 -0.028651
v -0.016267 0.396500 -0.028901
v -0.016332 0.396261 -0.028890
v -0.016700 0.421000 -0.028651
v -0.016200 0.420500 -0.028651
v -0.016700 0.420500 -0.029151
v -0.016450 0.420933 -0.028651
v -0.016700 0.420933 -0.028901
v -0.016461 0.420868 -0.028890
v -0.016267 0.420500 -0.028901
v -0.016267 0.420750 -0.028651
v -0.016332 0.420739 -0.028890
v -0.016700 0.420750 -0.029085
v -0.016450 0.420500 -0.029085
v -0.016461 0.420739 -0.029020
v -0.012100 0.396000 0.036349
v -0.012100 0.396500 0.036849
v -0.012600 0.396500 0.036349
v -0.012100 0.396067 0.036598
v -0.012350 0.396067 0.036349
v -0.012339 0.396132 0.036588
v -0.012350 0.396500 0.036782
v -0.012100 0.396250 0.036782
v -0.012339 0.396261 0.036717
v -0.012533 0.396250 0.036349
v -0.012533 0.396500 0.036598
v -0.012468 0.396261 0.036588
v -0.012100 0.420500 0.036849
v -0.012100 0.421000 0.036349
v -0.012600 0.420500 0.036349
v -0.012100 0.420750 0.036782
v -0.012350 0.420500 0.036782
v -0.012339 0.420739 0.036717
v -0.012350 0.420933 0.036349
v -0.012100 0.420933 0.036598
v -0.012339 0.420868 0.036588
v -0.012533 0.420500 0.036598
v -0.012533 0.420750 0.036349
v -0.012468 0.420739 0.036588
v -0.012100 0.396000 -0.028651
v -0.012600 0.396500 -0.028651
v -0.012100 0.396500 -0.029151
v -0.012350 0.396067 -0.028651
v -0.012100 0.396067 -0.028901
v -0.012339 0.396132 -0.028890
v -0.012533 0.396500 -0.028901
v -0.012533 0.396250 -0.028651
v -0.012468 0.396261 -0.028890
v -0.012100 0.396250 -0.029085
v -0.012350 0.396500 -0.029085
v -0.012339 0.396261 -0.029020
v -0.012100 0.421000 -0.028651
v -0.012100 0.420500 -0.029151
v -0.012600 0.420500 -0.028651
v -0.012100 0.420933 -0.028901
v -0.012350 0.420933 -0.028651
v -0.012339 0.420868 -0.028890
v -0.012350 0.420500 -0.029085
v -0.012100 0.420750 -0.029085
v -0.012339 0.420739 -0.029020
v -0.012533 0.420750 -0.028651
v -0.012533 0.420500 -0.028901
v -0.012468 0.420739 -0.028890
v -0.011100 0.396000 0.036349
v -0.010600 0.396500 0.036349
v -0.011100 0.396500 0.036849
v -0.010850 0.396067 0.036349
v -0.011100 0.396067 0.036598
v -0.010861 0.396132 0.036588
v -0.010667 0.396500 0.036598
v -0.010667 0.396250 0.036349
v -0.010732 0.396261 0.036588
v -0.011100 0.396250 0.036782
v -0.010850 0.396500 0.036782
v -0.010861 0.396261 0.036717
v -0.011100 0.421000 0.036349
v -0.011100 0.420500 0.036849
v -0.010600 0.420500 0.036349
v -0.011100 0.420933 0.036598
v -0.010850 0.420933 0.036349
v -0.010861 0.420868 0.036588
v -0.010850 0.420500 0.036782
v -0.011100 0.420750 0.036782
v -0.010861 0.420739 0.036717
v -0.010667 0.420750 0.036349
v -0.010667 0.420500 0.036598
v -0.010732 0.420739 0.036588
v -0.011100 0.396000 -0.028651
v -0.011100 0.396500 -0.029151
v -0.010600 0.396500 -0.028651
v -0.011100 0.396067 -0.028901
v -0.010850 0.396067 -0.028651
v -0.010861 0.396132 -0.028890
v -0.010850 0.396500 -0.029085
v -0.011100 0.396250 -0.029085
v -0.010861 0.396261 -0.029020
v -0.010667 0.396250 -0.028651
v -0.010667 0.396500 -0.028901
v -0.010732 0.396261 -0.028890
v -0.011100 0.421000 -0.028651
v -0.010600 0.420500 -0.028651
v -0.011100 0.420500 -0.029151
v -0.010850 0.420933 -0.028651
v -0.011100 0.420933 -0.028901
v -0.010861 0.420868 -0.028890
v -0.010667 0.420500 -0.028901
v -0.010667 0.420750 -0.028651
v -0.010732 0.420739 -0.028890
v -0.011100 0.420750 -0.029085
v -0.010850 0.420500 -0.029085
v -0.010861 0.420739 -0.029020
v -0.006500 0.396000 0.036349
v -0.006500 0.396500 0.036849
v -0.007000 0.396500 0.036349
v -0.006500 0.396067 0.036598
v -0.006750 0.396067 0.036349
v -0.006739 0.396132 0.036588
v -0.006750 0.396500 0.036782
v -0.006500 0.396250 0.036782
v -0.006739 0.396261 0.036717
v -0.006933 0.396250 0.036349
v -0.006933 0.396500 0.036598
v -0.006868 0.396261 0.036588
v -0.006500 0.420500 0.036849
v -0.006500 0.421000 0.036349
v -0.007000 0.420500 0.036349
v -0.006500 0.420750 0.036782
v -0.006750 0.420500 0.036782
v -0.006739 0.420739 0.036717
v -0.006750 0.420933 0.036349
v -0.006500 0.420933 0.036598
v -0.006739 0.420868 0.036588
v -0.006933 0.420500 0.036598
v -0.006933 0.420750 0.036349
v -0.006868 0.420739 0.036588
v -0.006500 0.396000 -0.028651
v -0.007000 0.396500 -0.028651
v -0.006500 0.396500 -0.029151
v -0.006750 0.396067 -0.028651
v -0.006500 0.396067 -0.028901
v -0.006739 0.396132 -0.028890
v -0.006933 0.396500 -0.028901
v -0.006933 0.396250 -0.028651
v -0.006868 0.396261 -0.028890
v -0.006500 0.396250 -0.029085
v -0.006750 0.396500 -0.029085
v -0.006739 0.396261 -0.029020
v -0.006500 0.421000 -0.028651
v -0.006500 0.420500 -0.029151
v -0.007000 0.420500 -0.028651
v -0.006500 0.420933 -0.028901
v -0.006750 0.420933 -0.028651
v -0.006739 0.420868 -0.028890
v -0.006750 0.420500 -0.029085
v -0.006500 0.420750 -0.029085
v -0.006739 0.420739 -0.029020
v -0.006933 0.420750 -0.028651
v -0.006933 0.420500 -0.028901
v -0.006868 0.420739 -0.028890
v -0.005500 0.396000 0.036349
v -0.005000 0.396500 0.036349
v -0.005500 0.396500 0.036849
v -0.005250 0.396067 0.036349
v -0.005500 0.396067 0.036598
v -0.005261 0.396132 0.036588
v -0.005067 0.396500 0.036598
v -0.005067 0.396250 0.036349
v -0.005132 0.396261 0.036588
v -0.005500 0.396250 0.036782
v -0.005250 0.396500 0.036782
v -0.005261 0.396261 0.036717
v -0.005500 0.421000 0.036349
v -0.005500 0.420500 0.036849
v -0.005000 0.420500 0.036349
v -0.005500 0.420933 0.036598
v -0.005250 0.420933 0.036349
v -0.005261 0.420868 0.036588
v -0.005250 0.420500 0.036782
v -0.005500 0.420750 0.036782
v -0.005261 0.420739 0.036717
v -0.005067 0.420750 0.036349
v -0.005067 0.420500 0.036598
v -0.005132 0.420739 0.036588
v -0.005500 0.396000 -0.028651
v -0.005500 0.396500 -0.029151
v -0.005000 0.396500 -0.028651
v -0.005500 0.396067 -0.028901
v -0.005250 0.396067 -0.028651
v -0.005261 0.396132 -0.028890
v -0.005250 0.396500 -0.029085
v -0.005500 0.396250 -0.029085
v -0.005261 0.396261 -0.029020
v -0.005067 0.396250 -0.028651
v -0.005067 0.396500 -0.028901
v -0.005132 0.396261 -0.028890
v -0.005500 0.421000 -0.028651
v -0.005000 0.420500 -0.028651
v -0.005500 0.420500 -0.029151
v -0.005250 0.420933 -0.028651
v -0.005500 0.420933 -0.028901
v -0.005261 0.420868 -0.028890
v -0.005067 0.420500 -0.028901
v -0.005067 0.420750 -0.028651
v -0.005132 0.420739 -0.028890
v -0.005500 0.420750 -0.029085
v -0.005250 0.420500 -0.029085
v -0.005261 0.420739 -0.029020
v -0.000900 0.396000 0.036349
v -0.000900 0.396500 0.036849
v -0.001400 0.396500 0.036349
v -0.000900 0.396067 0.036598
v -0.001150 0.396067 0.036349
v -0.001139 0.396132 0.036588
v -0.001150 0.396500 0.036782
v -0.000900 0.396250 0.036782
v -0.001139 0.396261 0.036717
v -0.001333 0.396250 0.036349
v -0.001333 0.396500 0.036598
v -0.001268 0.396261 0.036588
v -0.000900 0.420500 0.036849
v -0.000900 0.421000 0.036349
v -0.001400 0.420500 0.036349
v -0.000900 0.420750 0.036782
v -0.001150 0.420500 0.036782
v -0.001139 0.420739 0.036717
v -0.001150 0.420933 0.036349
v -0.000900 0.420933 0.036598
v -0.001139 0.420868 0.036588
v -0.001333 0.420500 0.036598
v -0.001333 0.420750 0.036349
v -0.001268 0.420739 0.036588
v -0.000900 0.396000 -0.028651
v -0.001400 0.396500 -0.028651
v -0.000900 0.396500 -0.029151
v -0.001150 0.396067 -0.028651
v -0.000900 0.396067 -0.028901
v -0.001139 0.396132 -0.028890
v -0.001333 0.396500 -0.028901
v -0.001333 0.396250 -0.028651
v -0.001268 0.396261 -0.028890
v -0.000900 0.396250 -0.029085
v -0.001150 0.396500 -0.029085
v -0.001139 0.396261 -0.029020
v -0.000900 0.421000 -0.028651
v -0.000900 0.420500 -0.029151
v -0.001400 0.420500 -0.028651
v -0.000900 0.420933 -0.028901
v -0.001150 0.420933 -0.028651
v -0.001139 0.420868 -0.028890
v -0.001150 0.420500 -0.029085
v -0.000900 0.420750 -0.029085
v -0.001139 0.420739 -0.029020
v -0.001333 0.420750 -0.028651
v -0.001333 0.420500 -0.028901
v -0.001268 0.420739 -0.028890
v 0.000100 0.396000 0.036349
v 0.000600 0.396500 0.036349
v 0.000100 0.396500 0.036849
v 0.000350 0.396067 0.036349
v 0.000100 0.396067 0.036598
v 0.000339 0.396132 0.036588
v 0.000533 0.396500 0.036598
v 0.000533 0.396250 0.036349
v 0.000468 0.396261 0.036588
v 0.000100 0.396250 0.036782
v 0.000350 0.396500 0.036782
v 0.000339 0.396261 0.036717
v 0.000100 0.421000 0.036349
v 0.000100 0.420500 0.036849
v 0.000600 0.420500 0.036349
v 0.000100 0.420933 0.036598
v 0.000350 0.420933 0.036349
v 0.000339 0.420868 0.036588
v 0.000350 0.420500 0.036782
v 0.000100 0.420750 0.036782
v 0.000339 0.420739 0.036717
v 0.000533 0.420750 0.036349
v 0.000533 0.420500 0.036598
v 0.000468 0.420739 0.036588
v 0.000100 0.396000 -0.028651
v 0.000100 0.396500 -0.029151
v 0.000600 0.396500 -0.028651
v 0.000100 0.396067 -0.028901
v 0.000350 0.396067 -0.028651
v 0.000339 0.396132 -0.028890
v 0.000350 0.396500 -0.029085
v 0.000100 0.396250 -0.029085
v 0.000339 0.396261 -0.029020
v 0.000533 0.396250 -0.028651
v 0.000533 0.396500 -0.028901
v 0.000468 0.396261 -0.028890
v 0.000100 0.421000 -0.028651
v 0.000600 0.420500 -0.028651
v 0.000100 0.420500 -0.029151
v 0.000350 0.420933 -0.028651
v 0.000100 0.420933 -0.028901
v 0.000339 0.420868 -0.028890
v 0.000533 0.420500 -0.028901
v 0.000533 0.420750 -0.028651
v 0.000468 0.420739 -0.028890
v 0.000100 0.420750 -0.029085
v 0.000350 0.420500 -0.029085
v 0.000339 0.420739 -0.029020
v 0.004700 0.396000 0.036349
v 0.004700 0.396500 0.036849
v 0.004200 0.396500 0.036349
v 0.004700 0.396067 0.036598
v 0.004450 0.396067 0.036349
v 0.004461 0.396132 0.036588
v 0.004450 0.396500 0.036782
v 0.004700 0.396250 0.036782
v 0.004461 0.396261 0.036717
v 0.004267 0.396250 0.036349
v 0.004267 0.396500 0.036598
v 0.004332 0.396261 0.036588
v 0.004700 0.420500 0.036849
v 0.004700 0.421000 0.036349
v 0.004200 0.420500 0.036349
v 0.004700 0.420750 0.036782
v 0.004450 0.420500 0.036782
v 0.004461 0.420739 0.036717
v 0.004450 0.420933 0.036349
v 0.004700 0.420933 0.036598
v 0.004461 0.420868 0.036588
v 0.004267 0.420500 0.036598
v 0.004267 0.420750 0.036349
v 0.004332 0.420739 0.036588
v 0.004700 0.396000 -0.028651
v 0.004200 0.396500 -0.028651
v 0.004700 0.396500 -0.029151
v 0.004450 0.396067 -0.028651
v 0.004700 0.396067 -0.028901
v 0.004461 0.396132 -0.028890
v 0.004267 0.396500 -0.028901
v 0.004267 0.396250 -0.028651
v 0.004332 0.396261 -0.028890
v 0.004700 0.396250 -0.029085
v 0.004450 0.396500 -0.029085
v 0.004461 0.396261 -0.029020
v 0.004700 0.421000 -0.028651
v 0.004700 0.420500 -0.029151
v 0.004200 0.420500 -0.028651
v 0.004700 0.420933 -0.028901
v 0.004450 0.420933 -0.028651
v 0.004461 0.420868 -0.028890
v 0.004450 0.420500 -0.029085
v 0.004700 0.420750 -0.029085
v 0.004461 0.420739 -0.029020
v 0.004267 0.420750 -0.028651
v 0.004267 0.420500 -0.028901
v 0.004332 0.420739 -0.028890
v 0.005700 0.396000 0.036349
v 0.006200 0.396500 0.036349
v 0.005700 0.396500 0.036849
v 0.005950 0.396067 0.036349
v 0.005700 0.396067 0.036598
v 0.005939 0.396132 0.036588
v 0.006133 0.396500 0.036598
v 0.006133 0.396250 0.036349
v 0.006068 0.396261 0.036588
v 0.005700 0.396250 0.036782
v 0.005950 0.396500 0.036782
v 0.005939 0.396261 0.036717
v 0.005700 0.421000 0.036349
v 0.005700 0.420500 0.036849
v 0.006200 0.420500 0.036349
v 0.005700 0.420933 0.036598
v 0.005950 0.420933 0.036349
v 0.005939 0.420868 0.036588
v 0.005950 0.420500 0.036782
v 0.005700 0.420750 0.036782
v 0.005939 0.420739 0.036717
v 0.006133 0.420750 0.036349
v 0.006133 0.420500 0.036598
v 0.006068 0.420739 0.036588
v 0.005700 0.396000 -0.028651
v 0.005700 0.396500 -0.029151
v 0.006200 0.396500 -0.028651
v 0.005700 0.396067 -0.028901
v 0.005950 0.396067 -0.028651
v 0.005939 0.396132 -0.028890
v 0.005950 0.396500 -0.029085
v 0.005700 0.396250 -0.029085
v 0.005939 0.396261 -0.029020
v 0.006133 0.396250 -0.028651
v 0.006133 0.396500 -0.028901
v 0.006068 0.396261 -0.028890
v 0.005700 0.421000 -0.028651
v 0.006200 0.420500 -0.028651
v 0.005700 0.420500 -0.029151
v 0.005950 0.420933 -0.028651
v 0.005700 0.420933 -0.028901
v 0.005939 0.420868 -0.028890
v 0.006133 0.420500 -0.028901
v 0.006133 0.420750 -0.028651
v 0.006068 0.420739 -0.028890
v 0.005700 0.420750 -0.029085
v 0.005950 0.420500 -0.029085
v 0.005939 0.420739 -0.029020
v 0.010300 0.396000 0.036349
v 0.010300 0.396500 0.036849
v 0.009800 0.396500 0.036349
v 0.010300 0.396067 0.036598
v 0.010050 0.396067 0.036349
v 0.010061 0.396132 0.036588
v 0.010050 0.396500 0.036782
v 0.010300 0.396250 0.036782
v 0.010061 0.396261 0.036717
v 0.009867 0.396250 0.036349
v 0.009867 0.396500 0.036598
v 0.009932 0.396261 0.036588
v 0.010300 0.420500 0.036849
v 0.010300 0.421000 0.036349
v 0.009800 0.420500 0.036349
v 0.010300 0.420750 0.036782
v 0.010050 0.420500 0.036782
v 0.010061 0.420739 0.036717
v 0.010050 0.420933 0.036349
v 0.010300 0.420933 0.036598
v 0.010061 0.420868 0.036588
v 0.009867 0.420500 0.036598
v 0.009867 0.420750 0.036349
v 0.009932 0.420739 0.036588
v 0.010300 0.396000 -0.028651
v 0.009800 0.396500 -0.028651
v 0.010300 0.396500 -0.029151
v 0.010050 0.396067 -0.028651
v 0.010300 0.396067 -0.028901
v 0.010061 0.396132 -0.028890
v 0.009867 0.396500 -0.028901
v 0.009867 0.396250 -0.028651
v 0.009932 0.396261 -0.028890
v 0.010300 0.396250 -0.029085
v 0.010050 0.396500 -0.029085
v 0.010061 0.396261 -0.029020
v 0.010300 0.421000 -0.028651
v 0.010300 0.420500 -0.029151
v 0.009800 0.420500 -0.028651
v 0.010300 0.420933 -0.028901
v 0.010050 0.420933 -0.028651
v 0.010061 0.420868 -0.028890
v 0.010050 0.420500 -0.029085
v 0.010300 0.420750 -0.029085
v 0.010061 0.420739 -0.029020
v 0.009867 0.420750 -0.028651
v 0.009867 0.420500 -0.028901
v 0.009932 0.420739 -0.028890
v 0.011300 0.396000 0.036349
v 0.011800 0.396500 0.036349
v 0.011300 0.396500 0.036849
v 0.011550 0.396067 0.036349
v 0.011300 0.396067 0.036598
v 0.011539 0.396132 0.036588
v 0.011733 0.396500 0.036598
v 0.011733 0.396250 0.036349
v 0.011668 0.396261 0.036588
v 0.011300 0.396250 0.036782
v 0.011550 0.396500 0.036782
v 0.011539 0.396261 0.036717
v 0.011300 0.421000 0.036349
v 0.011300 0.420500 0.036849
v 0.011800 0.420500 0.036349
v 0.011300 0.420933 0.036598
v 0.011550 0.420933 0.036349
v 0.011539 0.420868 0.036588
v 0.011550 0.420500 0.036782
v 0.011300 0.420750 0.036782
v 0.011539 0.420739 0.036717
v 0.011733 0.420750 0.036349
v 0.011733 0.420500 0.036598
v 0.011668 0.420739 0.036588
v 0.011300 0.396000 -0.028651
v 0.011300 0.396500 -0.029151
v 0.011800 0.396500 -0.028651
v 0.011300 0.396067 -0.028901
v 0.011550 0.396067 -0.028651
v 0.011539 0.396132 -0.028890
v 0.011550 0.396500 -0.029085
v 0.011300 0.396250 -0.029085
v 0.011539 0.396261 -0.029020
v 0.011733 0.396250 -0.028651
v 0.011733 0.396500 -0.028901
v 0.011668 0.396261 -0.028890
v 0.011300 0.421000 -0.028651
v 0.011800 0.420500 -0.028651
v 0.011300 0.420500 -0.029151
v 0.011550 0.420933 -0.028651
v 0.011300 0.420933 -0.028901
v 0.011539 0.420868 -0.028890
v 0.011733 0.420500 -0.028901
v 0.011733 0.420750 -0.028651
v 0.011668 0.420739 -0.028890
v 0.011300 0.420750 -0.029085
v 0.011550 0.420500 -0.029085
v 0.011539 0.420739 -0.029020
v 0.015900 0.396000 0.036349
v 0.015900 0.396500 0.036849
v 0.015400 0.396500 0.036349
v 0.015900 0.396067 0.036598
v 0.015650 0.396067 0.036349
v 0.015661 0.396132 0.036588
v 0.015650 0.396500 0.036782
v 0.015900 0.396250 0.036782
v 0.015661 0.396261 0.036717
v 0.015467 0.396250 0.036349
v 0.015467 0.396500 0.036598
v 0.015532 0.396261 0.036588
v 0.015900 0.420500 0.036849
v 0.015900 0.421000 0.036349
v 0.015400 0.420500 0.036349
v 0.015900 0.420750 0.036782
v 0.015650 0.420500 0.036782
v 0.015661 0.420739 0.036717
v 0.015650 0.420933 0.036349
v 0.015900 0.420933 0.036598
v 0.015661 0.420868 0.036588
v 0.015467 0.420500 0.036598
v 0.015467 0.420750 0.036349
v 0.015532 0.420739 0.036588
v 0.015900 0.396000 -0.028651
v 0.015400 0.396500 -0.028651
v 0.015900 0.396500 -0.029151
v 0.015650 0.396067 -0.028651
v 0.015900 0.396067 -0.028901
v 0.015661 0.396132 -0.028890
v 0.015467 0.396500 -0.028901
v 0.015467 0.396250 -0.028651
v 0.015532 0.396261 -0.028890
v 0.015900 0.396250 -0.029085
v 0.015650 0.396500 -0.029085
v 0.015661 0.396261 -0.029020
v 0.015900 0.421000 -0.028651
v 0.015900 0.420500 -0.029151
v 0.015400 0.420500 -0.028651
v 0.015900 0.420933 -0.028901
v 0.015650 0.420933 -0.028651
v 0.015661 0.420868 -0.028890
v 0.015650 0.420500 -0.029085
v 0.015900 0.420750 -0.029085
v 0.015661 0.420739 -0.029020
v 0.015467 0.420750 -0.028651
v 0.015467 0.420500 -0.028901
v 0.015532 0.420739 -0.028890
v 0.016900 0.396000 0.036349
v 0.017400 0.396500 0.036349
v 0.016900 0.396500 0.036849
v 0.017150 0.396067 0.036349
v 0.016900 0.396067 0.036598
v 0.017139 0.396132 0.036588
v 0.017333 0.396500 0.036598
v 0.017333 0.396250 0.036349
v 0.017268 0.396261 0.036588
v 0.016900 0.396250 0.036782
v 0.017150 0.396500 0.036782
v 0.017139 0.396261 0.036717
v 0.016900 0.421000 0.036349
v 0.016900 0.420500 0.036849
v 0.017400 0.420500 0.036349
v 0.016900 0.420933 0.036598
v 0.017150 0.420933 0.036349
v 0.017139 0.420868 0.036588
v 0.017150 0.420500 0.036782
v 0.016900 0.420750 0.036782
v 0.017139 0.420739 0.036717
v 0.017333 0.420750 0.036349
v 0.017333 0.420500 0.036598
v 0.017268 0.420739 0.036588
v 0.016900 0.396000 -0.028651
v 0.016900 0.396500 -0.029151
v 0.017400 0.396500 -0.028651
v 0.016900 0.396067 -0.028901
v 0.017150 0.396067 -0.028651
v 0.017139 0.396132 -0.028890
v 0.017150 0.396500 -0.029085
v 0.016900 0.396250 -0.029085
v 0.017139 0.396261 -0.029020
v 0.017333 0.396250 -0.028651
v 0.017333 0.396500 -0.028901
v 0.017268 0.396261 -0.028890
v 0.016900 0.421000 -0.028651
v 0.017400 0.420500 -0.028651
v 0.016900 0.420500 -0.029151
v 0.017150 0.420933 -0.028651
v 0.016900 0.420933 -0.028901
v 0.017139 0.420868 -0.028890
v 0.017333 0.420500 -0.028901
v 0.017333 0.420750 -0.028651
v 0.017268 0.420739 -0.028890
v 0.016900 0.420750 -0.029085
v 0.017150 0.420500 -0.029085
v 0.017139 0.420739 -0.029020
v 0.021500 0.396000 0.036349
v 0.021500 0.396500 0.036849
v 0.021000 0.396500 0.036349
v 0.021500 0.396067 0.036598
v 0.021250 0.396067 0.036349
v 0.021261 0.396132 0.036588
v 0.021250 0.396500 0.036782
v 0.021500 0.396250 0.036782
v 0.021261 0.396261 0.036717
v 0.021067 0.396250 0.036349
v 0.021067 0.396500 0.036598
v 0.021132 0.396261 0.036588
v 0.021500 0.420500 0.036849
v 0.021500 0.421000 0.036349
v 0.021000 0.420500 0.036349
v 0.021500 0.420750 0.036782
v 0.021250 0.420500 0.036782
v 0.021261 0.420739 0.036717
v 0.021250 0.420933 0.036349
v 0.021500 0.420933 0.036598
v 0.021261 0.420868 0.036588
v 0.021067 0.420500 0.036598
v 0.021067 0.420750 0.036349
v 0.021132 0.420739 0.036588
v 0.021500 0.396000 -0.028651
v 0.021000 0.396500 -0.028651
v 0.021500 0.396500 -0.029151
v 0.021250 0.396067 -0.028651
v 0.021500 0.396067 -0.028901
v 0.021261 0.396132 -0.028890
v 0.021067 0.396500 -0.028901
v 0.021067 0.396250 -0.028651
v 0.021132 0.396261 -0.028890
v 0.021500 0.396250 -0.029085
v 0.021250 0.396500 -0.029085
v 0.021261 0.396261 -0.029020
v 0.021500 0.421000 -0.028651
v 0.021500 0.420500 -0.029151
v 0.021000 0.420500 -0.028651
v 0.021500 0.420933 -0.028901
v 0.021250 0.420933 -0.028651
v 0.021261 0.420868 -0.028890
v 0.021250 0.420500 -0.029085
v 0.021500 0.420750 -0.029085
v 0.021261 0.420739 -0.029020
v 0.021067 0.420750 -0.028651
v 0.021067 0.420500 -0.028901
v 0.021132 0.420739 -0.028890
v 0.022500 0.396000 0.036349
v 0.023000 0.396500 0.036349
v 0.022500 0.396500 0.036849
v 0.022750 0.396067 0.036349
v 0.022500 0.396067 0.036598
v 0.022739 0.396132 0.036588
v 0.022933 0.396500 0.036598
v 0.022933 0.396250 0.036349
v 0.022868 0.396261 0.036588
v 0.022500 0.396250 0.036782
v 0.022750 0.396500 0.036782
v 0.022739 0.396261 0.036717
v 0.022500 0.421000 0.036349
v 0.022500 0.420500 0.036849
v 0.023000 0.420500 0.036349
v 0.022500 0.420933 0.036598
v 0.022750 0.420933 0.036349
v 0.022739 0.420868 0.036588
v 0.022750 0.420500 0.036782
v 0.022500 0.420750 0.036782
v 0.022739 0.420739 0.036717
v 0.022933 0.420750 0.036349
v 0.022933 0.420500 0.036598
v 0.022868 0.420739 0.036588
v 0.022500 0.396000 -0.028651
v 0.022500 0.396500 -0.029151
v 0.023000 0.396500 -0.028651
v 0.022500 0.396067 -0.028901
v 0.022750 0.396067 -0.028651
v 0.022739 0.396132 -0.028890
v 0.022750 0.396500 -0.029085
v 0.022500 0.396250 -0.029085
v 0.022739 0.396261 -0.029020
v 0.022933 0.396250 -0.028651
v 0.022933 0.396500 -0.028901
v 0.022868 0.396261 -0.028890
v 0.022500 0.421000 -0.028651
v 0.023000 0.420500 -0.028651
v 0.022500 0.420500 -0.029151
v 0.022750 0.420933 -0.028651
v 0.022500 0.420933 -0.028901
v 0.022739 0.420868 -0.028890
v 0.022933 0.420500 -0.028901
v 0.022933 0.420750 -0.028651
v 0.022868 0.420739 -0.028890
v 0.022500 0.420750 -0.029085
v 0.022750 0.420500 -0.029085
v 0.022739 0.420739 -0.029020
v 0.027100 0.396000 0.036349
v 0.027100 0.396500 0.036849
v 0.026600 0.396500 0.036349
v 0.027100 0.396067 0.036598
v 0.026850 0.396067 0.036349
v 0.026861 0.396132 0.036588
v 0.026850 0.396500 0.036782
v 0.027100 0.396250 0.036782
v 0.026861 0.396261 0.036717
v 0.026667 0.396250 0.036349
v 0.026667 0.396500 0.036598
v 0.026732 0.396261 0.036588
v 0.027100 0.420500 0.036849
v 0.027100 0.421000 0.036349
v 0.026600 0.420500 0.036349
v 0.027100 0.420750 0.036782
v 0.026850 0.420500 0.036782
v 0.026861 0.420739 0.036717
v 0.026850 0.420933 0.036349
v 0.027100 0.420933 0.036598
v 0.026861 0.420868 0.036588
v 0.026667 0.420500 0.036598
v 0.026667 0.420750 0.036349
v 0.026732 0.420739 0.036588
v 0.027100 0.396000 -0.028651
v 0.026600 0.396500 -0.028651
v 0.027100 0.396500 -0.029151
v 0.026850 0.396067 -0.028651
v 0.027100 0.396067 -0.028901
v 0.026861 0.396132 -0.028890
v 0.026667 0.396500 -0.028901
v 0.026667 0.396250 -0.028651
v 0.026732 0.396261 -0.028890
v 0.027100 0.396250 -0.029085
v 0.026850 0.396500 -0.029085
v 0.026861 0.396261 -0.029020
v 0.027100 0.421000 -0.028651
v 0.027100 0.420500 -0.029151
v 0.026600 0.420500 -0.028651
v 0.027100 0.420933 -0.028901
v 0.026850 0.420933 -0.028651
v 0.026861 0.420868 -0.028890
v 0.026850 0.420500 -0.029085
v 0.027100 0.420750 -0.029085
v 0.026861 0.420739 -0.029020
v 0.026667 0.420750 -0.028651
v 0.026667 0.420500 -0.028901
v 0.026732 0.420739 -0.028890
v 0.028100 0.396000 0.036349
v 0.028600 0.396500 0.036349
v 0.028100 0.396500 0.036849
v 0.028350 0.396067 0.036349
v 0.028100 0.396067 0.036598
v 0.028339 0.396132 0.036588
v 0.028533 0.396500 0.036598
v 0.028533 0.396250 0.036349
v 0.028468 0.396261 0.036588
v 0.028100 0.396250 0.036782
v 0.028350 0.396500 0.036782
v 0.028339 0.396261 0.036717
v 0.028100 0.421000 0.036349
v 0.028100 0.420500 0.036849
v 0.028600 0.420500 0.036349
v 0.028100 0.420933 0.036598
v 0.028350 0.420933 0.036349
v 0.028339 0.420868 0.036588
v 0.028350 0.420500 0.036782
v 0.028100 0.420750 0.036782
v 0.028339 0.420739 0.036717
v 0.028533 0.420750 0.036349
v 0.028533 0.420500 0.036598
v 0.028468 0.420739 0.036588
v 0.028100 0.396000 -0.028651
v 0.028100 0.396500 -0.029151
v 0.028600 0.396500 -0.028651
v 0.028100 0.396067 -0.028901
v 0.028350 0.396067 -0.028651
v 0.028339 0.396132 -0.028890
v 0.028350 0.396500 -0.029085
v 0.028100 0.396250 -0.029085
v 0.028339 0.396261 -0.029020
v 0.028533 0.396250 -0.028651
v 0.028533 0.396500 -0.028901
v 0.028468 0.396261 -0.028890
v 0.028100 0.421000 -0.028651
v 0.028600 0.420500 -0.028651
v 0.028100 0.420500 -0.029151
v 0.028350 0.420933 -0.028651
v 0.028100 0.420933 -0.028901
v 0.028339 0.420868 -0.028890
v 0.028533 0.420500 -0.028901
v 0.028533 0.420750 -0.028651
v 0.028468 0.420739 -0.028890
v 0.028100 0.420750 -0.029085
v 0.028350 0.420500 -0.029085
v 0.028339 0.420739 -0.029020
v 0.000236 0.406062 -0.030650
v 0.000236 0.406562 -0.031151
v 0.000236 0.406129 -0.030900
v 0.000236 0.406312 -0.031084
v 0.000236 0.415062 -0.030650
v 0.000236 0.414562 -0.031151
v 0.000236 0.414995 -0.030900
v 0.000236 0.414812 -0.031084
v 0.004739 0.406062 -0.030355
v 0.004805 0.406562 -0.030852
v 0.004772 0.406129 -0.030603
v 0.004796 0.406312 -0.030785
v 0.004739 0.415062 -0.030355
v 0.004805 0.414562 -0.030852
v 0.004772 0.414995 -0.030603
v 0.004796 0.414812 -0.030785
v 0.009165 0.406062 -0.029475
v 0.009295 0.406562 -0.029959
v 0.009230 0.406129 -0.029716
v 0.009278 0.406312 -0.029894
v 0.009165 0.415062 -0.029475
v 0.009295 0.414562 -0.029959
v 0.009230 0.414995 -0.029716
v 0.009278 0.414812 -0.029894
v 0.013439 0.406062 -0.028024
v 0.013630 0.406562 -0.028487
v 0.013534 0.406129 -0.028255
v 0.013604 0.406312 -0.028425
v 0.013439 0.415062 -0.028024
v 0.013630 0.414562 -0.028487
v 0.013534 0.414995 -0.028255
v 0.013604 0.414812 -0.028425
v 0.017486 0.406062 -0.026028
v 0.017736 0.406562 -0.026462
v 0.017611 0.406129 -0.026245
v 0.017703 0.406312 -0.026404
v 0.017486 0.415062 -0.026028
v 0.017736 0.414562 -0.026462
v 0.017611 0.414995 -0.026245
v 0.017703 0.414812 -0.026404
v 0.021238 0.406062 -0.023521
v 0.021543 0.406562 -0.023919
v 0.021390 0.406129 -0.023720
v 0.021502 0.406312 -0.023865
v 0.021238 0.415062 -0.023521
v 0.021543 0.414562 -0.023919
v 0.021390 0.414995 -0.023720
v 0.021502 0.414812 -0.023865
v 0.024631 0.406062 -0.020546
v 0.024985 0.406562 -0.020900
v 0.024808 0.406129 -0.020723
v 0.024937 0.406312 -0.020852
v 0.024631 0.415062 -0.020546
v 0.024985 0.414562 -0.020900
v 0.024808 0.414995 -0.020723
v 0.024937 0.414812 -0.020852
v 0.027606 0.406062 -0.017153
v 0.028004 0.406562 -0.017458
v 0.027805 0.406129 -0.017305
v 0.027950 0.406312 -0.017417
v 0.027606 0.415062 -0.017153
v 0.028004 0.414562 -0.017458
v 0.027805 0.414995 -0.017305
v 0.027950 0.414812 -0.017417
v 0.030113 0.406062 -0.013401
v 0.030547 0.406562 -0.013651
v 0.030330 0.406129 -0.013526
v 0.030489 0.406312 -0.013618
v 0.030113 0.415062 -0.013401
v 0.030547 0.414562 -0.013651
v 0.030330 0.414995 -0.013526
v 0.030489 0.414812 -0.013618
v 0.032109 0.406062 -0.009354
v 0.032572 0.406562 -0.009545
v 0.032340 0.406129 -0.009449
v 0.032510 0.406312 -0.009519
v 0.032109 0.415062 -0.009354
v 0.032572 0.414562 -0.009545
v 0.032340 0.414995 -0.009449
v 0.032510 0.414812 -0.009519
v 0.033560 0.406062 -0.005080
v 0.034044 0.406562 -0.005210
v 0.033801 0.406129 -0.005145
v 0.033979 0.406312 -0.005193
v 0.033560 0.415062 -0.005080
v 0.034044 0.414562 -0.005210
v 0.033801 0.414995 -0.005145
v 0.033979 0.414812 -0.005193
v 0.034440 0.406062 -0.000654
v 0.034937 0.406562 -0.000720
v 0.034688 0.406129 -0.000687
v 0.034870 0.406312 -0.000711
v 0.034440 0.415062 -0.000654
v 0.034937 0.414562 -0.000720
v 0.034688 0.414995 -0.000687
v 0.034870 0.414812 -0.000711
v 0.034735 0.406062 0.003849
v 0.035236 0.406562 0.003849
v 0.034985 0.406129 0.003849
v 0.035169 0.406312 0.003849
v 0.034735 0.415062 0.003849
v 0.035236 0.414562 0.003849
v 0.034985 0.414995 0.003849
v 0.035169 0.414812 0.003849
v 0.034440 0.406062 0.008352
v 0.034937 0.406562 0.008417
v 0.034688 0.406129 0.008384
v 0.034870 0.406312 0.008408
v 0.034440 0.415062 0.008352
v 0.034937 0.414562 0.008417
v 0.034688 0.414995 0.008384
v 0.034870 0.414812 0.008408
v 0.033560 0.406062 0.012778
v 0.034044 0.406562 0.012907
v 0.033801 0.406129 0.012842
v 0.033979 0.406312 0.012890
v 0.033560 0.415062 0.012778
v 0.034044 0.414562 0.012907
v 0.033801 0.414995 0.012842
v 0.033979 0.414812 0.012890
v 0.032109 0.406062 0.017051
v 0.032572 0.406562 0.017243
v 0.032340 0.406129 0.017147
v 0.032510 0.406312 0.017217
v 0.032109 0.415062 0.017051
v 0.032572 0.414562 0.017243
v 0.032340 0.414995 0.017147
v 0.032510 0.414812 0.017217
v 0.030113 0.406062 0.021098
v 0.030547 0.406562 0.021349
v 0.030330 0.406129 0.021223
v 0.030489 0.406312 0.021315
v 0.030113 0.415062 0.021098
v 0.030547 0.414562 0.021349
v 0.030330 0.414995 0.021223
v 0.030489 0.414812 0.021315
v 0.027606 0.406062 0.024850
v 0.028004 0.406562 0.025155
v 0.027805 0.406129 0.025003
v 0.027950 0.406312 0.025114
v 0.027606 0.415062 0.024850
v 0.028004 0.414562 0.025155
v 0.027805 0.414995 0.025003
v 0.027950 0.414812 0.025114
v 0.024631 0.406062 0.028243
v 0.024985 0.406562 0.028597
v 0.024808 0.406129 0.028420
v 0.024937 0.406312 0.028550
v 0.024631 0.415062 0.028243
v 0.024985 0.414562 0.028597
v 0.024808 0.414995 0.028420
v 0.024937 0.414812 0.028550
v 0.021238 0.406062 0.031218
v 0.021543 0.406562 0.031616
v 0.021390 0.406129 0.031417
v 0.021502 0.406312 0.031562
v 0.021238 0.415062 0.031218
v 0.021543 0.414562 0.031616
v 0.021390 0.414995 0.031417
v 0.021502 0.414812 0.031562
v 0.017486 0.406062 0.033726
v 0.017736 0.406562 0.034160
v 0.017611 0.406129 0.033942
v 0.017703 0.406312 0.034101
v 0.017486 0.415062 0.033726
v 0.017736 0.414562 0.034160
v 0.017611 0.414995 0.033942
v 0.017703 0.414812 0.034101
v 0.013439 0.406062 0.035721
v 0.013630 0.406562 0.036184
v 0.013534 0.406129 0.035953
v 0.013604 0.406312 0.036122
v 0.013439 0.415062 0.035721
v 0.013630 0.414562 0.036184
v 0.013534 0.414995 0.035953
v 0.013604 0.414812 0.036122
v 0.009165 0.406062 0.037172
v 0.009295 0.406562 0.037656
v 0.009230 0.406129 0.037414
v 0.009278 0.406312 0.037591
v 0.009165 0.415062 0.037172
v 0.009295 0.414562 0.037656
v 0.009230 0.414995 0.037414
v 0.009278 0.414812 0.037591
v 0.004739 0.406062 0.038052
v 0.004805 0.406562 0.038549
v 0.004772 0.406129 0.038300
v 0.004796 0.406312 0.038482
v 0.004739 0.415062 0.038052
v 0.004805 0.414562 0.038549
v 0.004772 0.414995 0.038300
v 0.004796 0.414812 0.038482
v 0.000236 0.406062 0.038348
v 0.000236 0.406562 0.038849
v 0.000236 0.406129 0.038598
v 0.000236 0.406312 0.038781
v 0.000236 0.415062 0.038348
v 0.000236 0.414562 0.038849
v 0.000236 0.414995 0.038598
v 0.000236 0.414812 0.038781
v -0.004267 0.406062 0.038052
v -0.004332 0.406562 0.038549
v -0.004299 0.406129 0.038300
v -0.004323 0.406312 0.038482
v -0.004267 0.415062 0.038052
v -0.004332 0.414562 0.038549
v -0.004299 0.414995 0.038300
v -0.004323 0.414812 0.038482
v -0.008693 0.406062 0.037172
v -0.008822 0.406562 0.037656
v -0.008757 0.406129 0.037414
v -0.008805 0.406312 0.037591
v -0.008693 0.415062 0.037172
v -0.008822 0.414562 0.037656
v -0.008757 0.414995 0.037414
v -0.008805 0.414812 0.037591
v -0.012966 0.406062 0.035721
v -0.013158 0.406562 0.036184
v -0.013062 0.406129 0.035953
v -0.013132 0.406312 0.036122
v -0.012966 0.415062 0.035721
v -0.013158 0.414562 0.036184
v -0.013062 0.414995 0.035953
v -0.013132 0.414812 0.036122
v -0.017013 0.406062 0.033726
v -0.017264 0.406562 0.034160
v -0.017138 0.406129 0.033942
v -0.017230 0.406312 0.034101
v -0.017013 0.415062 0.033726
v -0.017264 0.414562 0.034160
v -0.017138 0.414995 0.033942
v -0.017230 0.414812 0.034101
v -0.020765 0.406062 0.031218
v -0.021070 0.406562 0.031616
v -0.020918 0.406129 0.031417
v -0.021029 0.406312 0.031562
v -0.020765 0.415062 0.031218
v -0.021070 0.414562 0.031616
v -0.020918 0.414995 0.031417
v -0.021029 0.414812 0.031562
v -0.024158 0.406062 0.028243
v -0.024512 0.406562 0.028597
v -0.024335 0.406129 0.028420
v -0.024465 0.406312 0.028550
v -0.024158 0.415062 0.028243
v -0.024512 0.414562 0.028597
v -0.024335 0.414995 0.028420
v -0.024465 0.414812 0.028550
v -0.027133 0.406062 0.024850
v -0.027531 0.406562 0.025155
v -0.027332 0.406129 0.025003
v -0.027477 0.406312 0.025114
v -0.027133 0.415062 0.024850
v -0.027531 0.414562 0.025155
v -0.027332 0.414995 0.025003
v -0.027477 0.414812 0.025114
v -0.029641 0.406062 0.021098
v -0.030075 0.406562 0.021349
v -0.029857 0.406129 0.021223
v -0.030016 0.406312 0.021315
v -0.029641 0.415062 0.021098
v -0.030075 0.414562 0.021349
v -0.029857 0.414995 0.021223
v -0.030016 0.414812 0.021315
v -0.031636 0.406062 0.017051
v -0.032099 0.406562 0.017243
v -0.031868 0.406129 0.017147
v -0.032037 0.406312 0.017217
v -0.031636 0.415062 0.017051
v -0.032099 0.414562 0.017243
v -0.031868 0.414995 0.017147
v -0.032037 0.414812 0.017217
v -0.033087 0.406062 0.012778
v -0.033571 0.406562 0.012907
v -0.033329 0.406129 0.012842
v -0.033506 0.406312 0.012890
v -0.033087 0.415062 0.012778
v -0.033571 0.414562 0.012907
v -0.033329 0.414995 0.012842
v -0.033506 0.414812 0.012890
v -0.033967 0.406062 0.008352
v -0.034464 0.406562 0.008417
v -0.034215 0.406129 0.008384
v -0.034397 0.406312 0.008408
v -0.033967 0.415062 0.008352
v -0.034464 0.414562 0.008417
v -0.034215 0.414995 0.008384
v -0.034397 0.414812 0.008408
v -0.034263 0.406062 0.003849
v -0.034764 0.406562 0.003849
v -0.034513 0.406129 0.003849
v -0.034696 0.406312 0.003849
v -0.034263 0.415062 0.003849
v -0.034764 0.414562 0.003849
v -0.034513 0.414995 0.003849
v -0.034696 0.414812 0.003849
v -0.033967 0.406062 -0.000654
v -0.034464 0.406562 -0.000720
v -0.034215 0.406129 -0.000687
v -0.034397 0.406312 -0.000711
v -0.033967 0.415062 -0.000654
v -0.034464 0.414562 -0.000720
v -0.034215 0.414995 -0.000687
v -0.034397 0.414812 -0.000711
v -0.033087 0.406062 -0.005080
v -0.033571 0.406562 -0.005210
v -0.033329 0.406129 -0.005145
v -0.033506 0.406312 -0.005193
v -0.033087 0.415062 -0.005080
v -0.033571 0.414562 -0.005210
v -0.033329 0.414995 -0.005145
v -0.033506 0.414812 -0.005193
v -0.031636 0.406062 -0.009354
v -0.032099 0.406562 -0.009545
v -0.031868 0.406129 -0.009449
v -0.032037 0.406312 -0.009519
v -0.031636 0.415062 -0.009354
v -0.032099 0.414562 -0.009545
v -0.031868 0.414995 -0.009449
v -0.032037 0.414812 -0.009519
v -0.029641 0.406062 -0.013401
v -0.030075 0.406562 -0.013651
v -0.029857 0.406129 -0.013526
v -0.030016 0.406312 -0.013618
v -0.029641 0.415062 -0.013401
v -0.030075 0.414562 -0.013651
v -0.029857 0.414995 -0.013526
v -0.030016 0.414812 -0.013618
v -0.027133 0.406062 -0.017153
v -0.027531 0.406562 -0.017458
v -0.027332 0.406129 -0.017305
v -0.027477 0.406312 -0.017417
v -0.027133 0.415062 -0.017153
v -0.027531 0.414562 -0.017458
v -0.027332 0.414995 -0.017305
v -0.027477 0.414812 -0.017417
v -0.024158 0.406062 -0.020546
v -0.024512 0.406562 -0.020900
v -0.024335 0.406129 -0.020723
v -0.024465 0.406312 -0.020852
v -0.024158 0.415062 -0.020546
v -0.024512 0.414562 -0.020900
v -0.024335 0.414995 -0.020723
v -0.024465 0.414812 -0.020852
v -0.020765 0.406062 -0.023521
v -0.021070 0.406562 -0.023919
v -0.020918 0.406129 -0.023720
v -0.021029 0.406312 -0.023865
v -0.020765 0.415062 -0.023521
v -0.021070 0.414562 -0.023919
v -0.020918 0.414995 -0.023720
v -0.021029 0.414812 -0.023865
v -0.017013 0.406062 -0.026028
v -0.017264 0.406562 -0.026462
v -0.017138 0.406129 -0.026245
v -0.017230 0.406312 -0.026404
v -0.017013 0.415062 -0.026028
v -0.017264 0.414562 -0.026462
v -0.017138 0.414995 -0.026245
v -0.017230 0.414812 -0.026404
v -0.012966 0.406062 -0.028024
v -0.013158 0.406562 -0.028487
v -0.013062 0.406129 -0.028255
v -0.013132 0.406312 -0.028425
v -0.012966 0.415062 -0.028024
v -0.013158 0.414562 -0.028487
v -0.013062 0.414995 -0.028255
v -0.013132 0.414812 -0.028425
v -0.008693 0.406062 -0.029475
v -0.008822 0.406562 -0.029959
v -0.008757 0.406129 -0.029716
v -0.008805 0.406312 -0.029894
v -0.008693 0.415062 -0.029475
v -0.008822 0.414562 -0.029959
v -0.008757 0.414995 -0.029716
v -0.008805 0.414812 -0.029894
v -0.004267 0.406062 -0.030355
v -0.004332 0.406562 -0.030852
v -0.004299 0.406129 -0.030603
v -0.004323 0.406312 -0.030785
v -0.004267 0.415062 -0.030355
v -0.004332 0.414562 -0.030852
v -0.004299 0.414995 -0.030603
v -0.004323 0.414812 -0.030785
v 0.000236 0.412562 -0.026650
v 0.000236 0.413062 -0.027151
v 0.000236 0.412629 -0.026900
v 0.000236 0.412812 -0.027084
v 0.000236 0.426562 -0.026650
v 0.000236 0.426062 -0.027151
v 0.000236 0.426495 -0.026900
v 0.000236 0.426312 -0.027084
v 0.004217 0.412562 -0.026389
v 0.004283 0.413062 -0.026886
v 0.004250 0.412629 -0.026637
v 0.004274 0.412812 -0.026819
v 0.004217 0.426562 -0.026389
v 0.004283 0.426062 -0.026886
v 0.004250 0.426495 -0.026637
v 0.004274 0.426312 -0.026819
v 0.008130 0.412562 -0.025611
v 0.008260 0.413062 -0.026095
v 0.008195 0.412629 -0.025853
v 0.008242 0.412812 -0.026030
v 0.008130 0.426562 -0.025611
v 0.008260 0.426062 -0.026095
v 0.008195 0.426495 -0.025853
v 0.008242 0.426312 -0.026030
v 0.011908 0.412562 -0.024329
v 0.012100 0.413062 -0.024792
v 0.012004 0.412629 -0.024560
v 0.012074 0.412812 -0.024729
v 0.011908 0.426562 -0.024329
v 0.012100 0.426062 -0.024792
v 0.012004 0.426495 -0.024560
v 0.012074 0.426312 -0.024729
v 0.015486 0.412562 -0.022564
v 0.015736 0.413062 -0.022998
v 0.015611 0.412629 -0.022781
v 0.015703 0.412812 -0.022940
v 0.015486 0.426562 -0.022564
v 0.015736 0.426062 -0.022998
v 0.015611 0.426495 -0.022781
v 0.015703 0.426312 -0.022940
v 0.018803 0.412562 -0.020348
v 0.019108 0.413062 -0.020745
v 0.018955 0.412629 -0.020546
v 0.019067 0.412812 -0.020692
v 0.018803 0.426562 -0.020348
v 0.019108 0.426062 -0.020745
v 0.018955 0.426495 -0.020546
v 0.019067 0.426312 -0.020692
v 0.021802 0.412562 -0.017717
v 0.022157 0.413062 -0.018072
v 0.021979 0.412629 -0.017894
v 0.022109 0.412812 -0.018024
v 0.021802 0.426562 -0.017717
v 0.022157 0.426062 -0.018072
v 0.021979 0.426495 -0.017894
v 0.022109 0.426312 -0.018024
v 0.024433 0.412562 -0.014718
v 0.024830 0.413062 -0.015023
v 0.024631 0.412629 -0.014870
v 0.024777 0.412812 -0.014982
v 0.024433 0.426562 -0.014718
v 0.024830 0.426062 -0.015023
v 0.024631 0.426495 -0.014870
v 0.024777 0.426312 -0.014982
v 0.026649 0.412562 -0.011401
v 0.027083 0.413062 -0.011651
v 0.026866 0.412629 -0.011526
v 0.027025 0.412812 -0.011618
v 0.026649 0.426562 -0.011401
v 0.027083 0.426062 -0.011651
v 0.026866 0.426495 -0.011526
v 0.027025 0.426312 -0.011618
v 0.028414 0.412562 -0.007823
v 0.028877 0.413062 -0.008015
v 0.028645 0.412629 -0.007919
v 0.028814 0.412812 -0.007989
v 0.028414 0.426562 -0.007823
v 0.028877 0.426062 -0.008015
v 0.028645 0.426495 -0.007919
v 0.028814 0.426312 -0.007989
v 0.029696 0.412562 -0.004045
v 0.030180 0.413062 -0.004175
v 0.029938 0.412629 -0.004110
v 0.030115 0.412812 -0.004157
v 0.029696 0.426562 -0.004045
v 0.030180 0.426062 -0.004175
v 0.029938 0.426495 -0.004110
v 0.030115 0.426312 -0.004157
v 0.030474 0.412562 -0.000132
v 0.030971 0.413062 -0.000198
v 0.030722 0.412629 -0.000165
v 0.030904 0.412812 -0.000189
v 0.030474 0.426562 -0.000132
v 0.030971 0.426062 -0.000198
v 0.030722 0.426495 -0.000165
v 0.030904 0.426312 -0.000189
v 0.030735 0.412562 0.003849
v 0.031236 0.413062 0.003849
v 0.030985 0.412629 0.003849
v 0.031169 0.412812 0.003849
v 0.030735 0.426562 0.003849
v 0.031236 0.426062 0.003849
v 0.030985 0.426495 0.003849
v 0.031169 0.426312 0.003849
v 0.030474 0.412562 0.007830
v 0.030971 0.413062 0.007895
v 0.030722 0.412629 0.007862
v 0.030904 0.412812 0.007886
v 0.030474 0.426562 0.007830
v 0.030971 0.426062 0.007895
v 0.030722 0.426495 0.007862
v 0.030904 0.426312 0.007886
v 0.029696 0.412562 0.011742
v 0.030180 0.413062 0.011872
v 0.029938 0.412629 0.011807
v 0.030115 0.412812 0.011855
v 0.029696 0.426562 0.011742
v 0.030180 0.426062 0.011872
v 0.029938 0.426495 0.011807
v 0.030115 0.426312 0.011855
v 0.028414 0.412562 0.015520
v 0.028877 0.413062 0.015712
v 0.028645 0.412629 0.015616
v 0.028814 0.412812 0.015686
v 0.028414 0.426562 0.015520
v 0.028877 0.426062 0.015712
v 0.028645 0.426495 0.015616
v 0.028814 0.426312 0.015686
v 0.026649 0.412562 0.019098
v 0.027083 0.413062 0.019349
v 0.026866 0.412629 0.019223
v 0.027025 0.412812 0.019315
v 0.026649 0.426562 0.019098
v 0.027083 0.426062 0.019349
v 0.026866 0.426495 0.019223
v 0.027025 0.426312 0.019315
v 0.024433 0.412562 0.022415
v 0.024830 0.413062 0.022720
v 0.024631 0.412629 0.022567
v 0.024777 0.412812 0.022679
v 0.024433 0.426562 0.022415
v 0.024830 0.426062 0.022720
v 0.024631 0.426495 0.022567
v 0.024777 0.426312 0.022679
v 0.021802 0.412562 0.025415
v 0.022157 0.413062 0.025769
v 0.021979 0.412629 0.025592
v 0.022109 0.412812 0.025721
v 0.021802 0.426562 0.025415
v 0.022157 0.426062 0.025769
v 0.021979 0.426495 0.025592
v 0.022109 0.426312 0.025721
v 0.018803 0.412562 0.028045
v 0.019108 0.413062 0.028443
v 0.018955 0.412629 0.028244
v 0.019067 0.412812 0.028389
v 0.018803 0.426562 0.028045
v 0.019108 0.426062 0.028443
v 0.018955 0.426495 0.028244
v 0.019067 0.426312 0.028389
v 0.015486 0.412562 0.030261
v 0.015736 0.413062 0.030695
v 0.015611 0.412629 0.030478
v 0.015703 0.412812 0.030637
v 0.015486 0.426562 0.030261
v 0.015736 0.426062 0.030695
v 0.015611 0.426495 0.030478
v 0.015703 0.426312 0.030637
v 0.011908 0.412562 0.032026
v 0.012100 0.413062 0.032489
v 0.012004 0.412629 0.032257
v 0.012074 0.412812 0.032427
v 0.011908 0.426562 0.032026
v 0.012100 0.426062 0.032489
v 0.012004 0.426495 0.032257
v 0.012074 0.426312 0.032427
v 0.008130 0.412562 0.033308
v 0.008260 0.413062 0.033792
v 0.008195 0.412629 0.033550
v 0.008242 0.412812 0.033727
v 0.008130 0.426562 0.033308
v 0.008260 0.426062 0.033792
v 0.008195 0.426495 0.033550
v 0.008242 0.426312 0.033727
v 0.004217 0.412562 0.034087
v 0.004283 0.413062 0.034583
v 0.004250 0.412629 0.034335
v 0.004274 0.412812 0.034516
v 0.004217 0.426562 0.034087
v 0.004283 0.426062 0.034583
v 0.004250 0.426495 0.034335
v 0.004274 0.426312 0.034516
v 0.000236 0.412562 0.034348
v 0.000236 0.413062 0.034849
v 0.000236 0.412629 0.034598
v 0.000236 0.412812 0.034781
v 0.000236 0.426562 0.034348
v 0.000236 0.426062 0.034849
v 0.000236 0.426495 0.034598
v 0.000236 0.426312 0.034781
v -0.003745 0.412562 0.034087
v -0.003810 0.413062 0.034583
v -0.003777 0.412629 0.034335
v -0.003801 0.412812 0.034516
v -0.003745 0.426562 0.034087
v -0.003810 0.426062 0.034583
v -0.003777 0.426495 0.034335
v -0.003801 0.426312 0.034516
v -0.007657 0.412562 0.033308
v -0.007787 0.413062 0.033792
v -0.007722 0.412629 0.033550
v -0.007770 0.412812 0.033727
v -0.007657 0.426562 0.033308
v -0.007787 0.426062 0.033792
v -0.007722 0.426495 0.033550
v -0.007770 0.426312 0.033727
v -0.011435 0.412562 0.032026
v -0.011627 0.413062 0.032489
v -0.011531 0.412629 0.032257
v -0.011601 0.412812 0.032427
v -0.011435 0.426562 0.032026
v -0.011627 0.426062 0.032489
v -0.011531 0.426495 0.032257
v -0.011601 0.426312 0.032427
v -0.015013 0.412562 0.030261
v -0.015264 0.413062 0.030695
v -0.015138 0.412629 0.030478
v -0.015230 0.412812 0.030637
v -0.015013 0.426562 0.030261
v -0.015264 0.426062 0.030695
v -0.015138 0.426495 0.030478
v -0.015230 0.426312 0.030637
v -0.018330 0.412562 0.028045
v -0.018635 0.413062 0.028443
v -0.018482 0.412629 0.028244
v -0.018594 0.412812 0.028389
v -0.018330 0.426562 0.028045
v -0.018635 0.426062 0.028443
v -0.018482 0.426495 0.028244
v -0.018594 0.426312 0.028389
v -0.021330 0.412562 0.025415
v -0.021684 0.413062 0.025769
v -0.021507 0.412629 0.025592
v -0.021636 0.412812 0.025721
v -0.021330 0.426562 0.025415
v -0.021684 0.426062 0.025769
v -0.021507 0.426495 0.025592
v -0.021636 0.426312 0.025721
v -0.023960 0.412562 0.022415
v -0.024358 0.413062 0.022720
v -0.024159 0.412629 0.022567
v -0.024304 0.412812 0.022679
v -0.023960 0.426562 0.022415
v -0.024358 0.426062 0.022720
v -0.024159 0.426495 0.022567
v -0.024304 0.426312 0.022679
v -0.026176 0.412562 0.019098
v -0.026610 0.413062 0.019349
v -0.026393 0.412629 0.019223
v -0.026552 0.412812 0.019315
v -0.026176 0.426562 0.019098
v -0.026610 0.426062 0.019349
v -0.026393 0.426495 0.019223
v -0.026552 0.426312 0.019315
v -0.027941 0.412562 0.015520
v -0.028404 0.413062 0.015712
v -0.028172 0.412629 0.015616
v -0.028342 0.412812 0.015686
v -0.027941 0.426562 0.015520
v -0.028404 0.426062 0.015712
v -0.028172 0.426495 0.015616
v -0.028342 0.426312 0.015686
v -0.029223 0.412562 0.011742
v -0.029707 0.413062 0.011872
v -0.029465 0.412629 0.011807
v -0.029642 0.412812 0.011855
v -0.029223 0.426562 0.011742
v -0.029707 0.426062 0.011872
v -0.029465 0.426495 0.011807
v -0.029642 0.426312 0.011855
v -0.030002 0.412562 0.007830
v -0.030498 0.413062 0.007895
v -0.030250 0.412629 0.007862
v -0.030431 0.412812 0.007886
v -0.030002 0.426562 0.007830
v -0.030498 0.426062 0.007895
v -0.030250 0.426495 0.007862
v -0.030431 0.426312 0.007886
v -0.030263 0.412562 0.003849
v -0.030764 0.413062 0.003849
v -0.030513 0.412629 0.003849
v -0.030696 0.412812 0.003849
v -0.030263 0.426562 0.003849
v -0.030764 0.426062 0.003849
v -0.030513 0.426495 0.003849
v -0.030696 0.426312 0.003849
v -0.030002 0.412562 -0.000132
v -0.030498 0.413062 -0.000198
v -0.030250 0.412629 -0.000165
v -0.030431 0.412812 -0.000189
v -0.030002 0.426562 -0.000132
v -0.030498 0.426062 -0.000198
v -0.030250 0.426495 -0.000165
v -0.030431 0.426312 -0.000189
v -0.029223 0.412562 -0.004045
v -0.029707 0.413062 -0.004175
v -0.029465 0.412629 -0.004110
v -0.029642 0.412812 -0.004157
v -0.029223 0.426562 -0.004045
v -0.029707 0.426062 -0.004175
v -0.029465 0.426495 -0.004110
v -0.029642 0.426312 -0.004157
v -0.027941 0.412562 -0.007823
v -0.028404 0.413062 -0.008015
v -0.028172 0.412629 -0.007919
v -0.028342 0.412812 -0.007989
v -0.027941 0.426562 -0.007823
v -0.028404 0.426062 -0.008015
v -0.028172 0.426495 -0.007919
v -0.028342 0.426312 -0.007989
v -0.026176 0.412562 -0.011401
v -0.026610 0.413062 -0.011651
v -0.026393 0.412629 -0.011526
v -0.026552 0.412812 -0.011618
v -0.026176 0.426562 -0.011401
v -0.026610 0.426062 -0.011651
v -0.026393 0.426495 -0.011526
v -0.026552 0.426312 -0.011618
v -0.023960 0.412562 -0.014718
v -0.024358 0.413062 -0.015023
v -0.024159 0.412629 -0.014870
v -0.024304 0.412812 -0.014982
v -0.023960 0.426562 -0.014718
v -0.024358 0.426062 -0.015023
v -0.024159 0.426495 -0.014870
v -0.024304 0.426312 -0.014982
v -0.021330 0.412562 -0.017717
v -0.021684 0.413062 -0.018072
v -0.021507 0.412629 -0.017894
v -0.021636 0.412812 -0.018024
v -0.021330 0.426562 -0.017717
v -0.021684 0.426062 -0.018072
v -0.021507 0.426495 -0.017894
v -0.021636 0.426312 -0.018024
v -0.018330 0.412562 -0.020348
v -0.018635 0.413062 -0.020745
v -0.018482 0.412629 -0.020546
v -0.018594 0.412812 -0.020692
v -0.018330 0.426562 -0.020348
v -0.018635 0.426062 -0.020745
v -0.018482 0.426495 -0.020546
v -0.018594 0.426312 -0.020692
v -0.015013 0.412562 -0.022564
v -0.015264 0.413062 -0.022998
v -0.015138 0.412629 -0.022781
v -0.015230 0.412812 -0.022940
v -0.015013 0.426562 -0.022564
v -0.015264 0.426062 -0.022998
v -0.015138 0.426495 -0.022781
v -0.015230 0.426312 -0.022940
v -0.011435 0.412562 -0.024329
v -0.011627 0.413062 -0.024792
v -0.011531 0.412629 -0.024560
v -0.011601 0.412812 -0.024729
v -0.011435 0.426562 -0.024329
v -0.011627 0.426062 -0.024792
v -0.011531 0.426495 -0.024560
v -0.011601 0.426312 -0.024729
v -0.007657 0.412562 -0.025611
v -0.007787 0.413062 -0.026095
v -0.007722 0.412629 -0.025853
v -0.007770 0.412812 -0.026030
v -0.007657 0.426562 -0.025611
v -0.007787 0.426062 -0.026095
v -0.007722 0.426495 -0.025853
v -0.007770 0.426312 -0.026030
v -0.003745 0.412562 -0.026389
v -0.003810 0.413062 -0.026886
v -0.003777 0.412629 -0.026637
v -0.003801 0.412812 -0.026819
v -0.003745 0.426562 -0.026389
v -0.003810 0.426062 -0.026886
v -0.003777 0.426495 -0.026637
v -0.003801 0.426312 -0.026819
vn 0.0534 -0.0027 0.9986
vn 0.0534 0.0027 0.9986
vn -0.0534 0.0027 0.9986
vn -0.0534 -0.0027 0.9986
vn 1.0000 -0.0028 -0.0010
vn 1.0000 0.0028 -0.0010
vn 1.0000 0.0028 0.0010
vn 1.0000 -0.0028 0.0010
vn -0.0010 -1.0000 -0.0011
vn 0.0010 -1.0000 -0.0011
vn 0.0010 -1.0000 0.0011
vn -0.0010 -1.0000 0.0011
vn 0.0534 0.9986 -0.0010
vn -0.0534 0.9986 -0.0010
vn -0.0534 0.9986 0.0010
vn 0.0534 0.9986 0.0010
vn -1.0000 -0.0028 0.0010
vn -1.0000 0.0028 0.0010
vn -1.0000 0.0028 -0.0010
vn -1.0000 -0.0028 -0.0010
vn -0.0534 -0.0027 -0.9986
vn -0.0534 0.0027 -0.9986
vn 0.0534 0.0027 -0.9986
vn 0.0534 -0.0027 -0.9986
vn 0.0009 -0.0034 1.0000
vn 0.0009 0.0035 1.0000
vn -0.0009 0.0035 1.0000
vn -0.0009 -0.0034 1.0000
vn 1.0000 -0.0035 -0.0010
vn 1.0000 0.0035 -0.0010
vn 1.0000 0.0035 0.0010
vn 1.0000 -0.0035 0.0010
vn -0.0534 -0.9986 -0.0010
vn 0.0534 -0.9986 -0.0010
vn 0.0534 -0.9986 0.0010
vn -0.0534 -0.9986 0.0010
vn 0.0010 1.0000 -0.0011
vn -0.0010 1.0000 -0.0011
vn -0.0010 1.0000 0.0011
vn 0.0010 1.0000 0.0011
vn -1.0000 -0.0035 0.0010
vn -1.0000 0.0035 0.0010
vn -1.0000 0.0035 -0.0010
vn -1.0000 -0.0035 -0.0010
vn -0.0009 -0.0034 -1.0000
vn -0.0009 0.0035 -1.0000
vn 0.0009 0.0035 -1.0000
vn 0.0009 -0.0034 -1.0000
vn -0.0000 -1.0000 -0.0002
vn 0.0001 -1.0000 -0.0002
vn 0.0001 -1.0000 -0.0001
vn 0.0002 -1.0000 -0.0001
vn 0.0002 -1.0000 -0.0000
vn 0.0002 -1.0000 0.0001
vn 0.0001 -1.0000 0.0001
vn 0.0001 -1.0000 0.0002
vn -0.0000 -1.0000 0.0002
vn -0.0001 -1.0000 0.0002
vn -0.0001 -1.0000 0.0001
vn -0.0002 -1.0000 0.0001
vn -0.0002 -1.0000 -0.0000
vn -0.0002 -1.0000 -0.0001
vn -0.0001 -1.0000 -0.0001
vn -0.0001 -1.0000 -0.0002
vn -0.1305 -0.0082 -0.9914
vn -0.1305 0.0082 -0.9914
vn -0.0000 0.0082 -1.0000
vn -0.0000 -0.0082 -1.0000
vn 0.2588 -0.0082 -0.9659
vn 0.2588 0.0082 -0.9659
vn 0.3827 0.0082 -0.9238
vn 0.3827 -0.0082 -0.9239
vn 0.5000 0.0082 -0.8660
vn 0.5000 -0.0082 -0.8660
vn 0.6087 0.0082 -0.7933
vn 0.6087 -0.0082 -0.7933
vn 0.7071 0.0082 -0.7071
vn 0.7071 -0.0082 -0.7071
vn 0.7933 0.0082 -0.6087
vn 0.7933 -0.0082 -0.6087
vn 0.8660 0.0082 -0.5000
vn 0.8660 -0.0082 -0.5000
vn 0.9238 0.0082 -0.3827
vn 0.9238 -0.0082 -0.3827
vn 0.9659 0.0082 -0.2588
vn 0.9659 -0.0082 -0.2588
vn 0.9914 0.0082 -0.1305
vn 0.9914 -0.0082 -0.1305
vn 1.0000 0.0082 -0.0000
vn 1.0000 -0.0082 -0.0000
vn 0.9914 0.0082 0.1305
vn 0.9914 -0.0082 0.1305
vn 0.9659 0.0082 0.2588
vn 0.9659 -0.0082 0.2588
vn 0.9238 0.0082 0.3827
vn 0.9239 -0.0082 0.3827
vn 0.8660 0.0082 0.5000
vn 0.8660 -0.0082 0.5000
vn 0.7933 0.0082 0.6087
vn 0.7933 -0.0082 0.6087
vn 0.7071 0.0082 0.7071
vn 0.7071 -0.0082 0.7071
vn 0.6087 0.0082 0.7933
vn 0.6087 -0.0082 0.7933
vn 0.5000 0.0082 0.8660
vn 0.5000 -0.0082 0.8660
vn 0.3827 0.0082 0.9238
vn 0.3827 -0.0082 0.9238
vn 0.2588 0.0082 0.9659
vn 0.2588 -0.0082 0.9659
vn 0.1305 0.0082 0.9914
vn 0.1305 -0.0082 0.9914
vn -0.0000 0.0082 1.0000
vn -0.0000 -0.0082 1.0000
vn -0.1305 0.0082 0.9914
vn -0.1305 -0.0082 0.9914
vn -0.2588 0.0082 0.9659
vn -0.2588 -0.0082 0.9659
vn -0.3827 0.0082 0.9238
vn -0.3827 -0.0082 0.9239
vn -0.5000 0.0082 0.8660
vn -0.5000 -0.0082 0.8660
vn -0.6087 0.0082 0.7933
vn -0.6087 -0.0082 0.7933
vn -0.7071 0.0082 0.7071
vn -0.7071 -0.0082 0.7071
vn -0.7933 0.0082 0.6087
vn -0.7933 -0.0082 0.6087
vn -0.8660 0.0082 0.5000
vn -0.8660 -0.0082 0.5000
vn -0.9238 0.0082 0.3827
vn -0.9238 -0.0082 0.3827
vn -0.9659 0.0082 0.2588
vn -0.9659 -0.0082 0.2588
vn -0.9914 0.0082 0.1305
vn -0.9914 -0.0082 0.1305
vn -1.0000 0.0082 -0.0000
vn -1.0000 -0.0082 -0.0000
vn -0.9914 0.0082 -0.1305
vn -0.9914 -0.0082 -0.1305
vn -0.9659 0.0082 -0.2588
vn -0.9659 -0.0082 -0.2588
vn -0.9238 0.0082 -0.3827
vn -0.9239 -0.0082 -0.3827
vn -0.8660 0.0082 -0.5000
vn -0.8660 -0.0082 -0.5000
vn -0.7933 0.0082 -0.6087
vn -0.7933 -0.0082 -0.6087
vn -0.7071 0.0082 -0.7071
vn -0.7071 -0.0082 -0.7071
vn -0.6087 0.0082 -0.7933
vn -0.6087 -0.0082 -0.7933
vn -0.5000 0.0082 -0.8660
vn -0.5000 -0.0082 -0.8660
vn -0.3827 0.0082 -0.9238
vn -0.3827 -0.0082 -0.9238
vn -0.2588 0.0082 -0.9659
vn -0.2588 -0.0082 -0.9659
vn 0.1305 -0.0082 -0.9914
vn 0.1305 0.0082 -0.9914
vn 0.0002 -1.0000 -0.0002
vn 0.0002 -1.0000 0.0002
vn -0.0002 -1.0000 0.0002
vn -0.0002 -1.0000 -0.0002
vn -0.0000 1.0000 -0.0002
vn -0.0001 1.0000 -0.0002
vn -0.0001 1.0000 -0.0001
vn -0.0002 1.0000 -0.0001
vn -0.0002 1.0000 -0.0000
vn -0.0002 1.0000 0.0001
vn -0.0001 1.0000 0.0001
vn -0.0001 1.0000 0.0002
vn -0.0000 1.0000 0.0002
vn 0.0001 1.0000 0.0002
vn 0.0001 1.0000 0.0001
vn 0.0002 1.0000 0.0001
vn 0.0002 1.0000 -0.0000
vn 0.0002 1.0000 -0.0001
vn 0.0001 1.0000 -0.0001
vn 0.0001 1.0000 -0.0002
vn -0.1305 -0.0051 -0.9914
vn -0.1305 0.0051 -0.9914
vn -0.0000 0.0051 -1.0000
vn -0.0000 -0.0051 -1.0000
vn 0.2588 -0.0051 -0.9659
vn 0.2588 0.0051 -0.9659
vn 0.3827 0.0051 -0.9239
vn 0.3827 -0.0051 -0.9239
vn 0.5000 0.0051 -0.8660
vn 0.5000 -0.0051 -0.8660
vn 0.6088 0.0051 -0.7933
vn 0.6087 -0.0051 -0.7933
vn 0.7071 0.0051 -0.7071
vn 0.7071 -0.0051 -0.7071
vn 0.7933 0.0051 -0.6088
vn 0.7933 -0.0051 -0.6088
vn 0.8660 0.0051 -0.5000
vn 0.8660 -0.0051 -0.5000
vn 0.9239 0.0051 -0.3827
vn 0.9239 -0.0051 -0.3827
vn 0.9659 0.0051 -0.2588
vn 0.9659 -0.0051 -0.2588
vn 0.9914 0.0051 -0.1305
vn 0.9914 -0.0051 -0.1305
vn 1.0000 0.0051 -0.0000
vn 1.0000 -0.0051 -0.0000
vn 0.9914 0.0051 0.1305
vn 0.9914 -0.0051 0.1305
vn 0.9659 0.0051 0.2588
vn 0.9659 -0.0051 0.2588
vn 0.9239 0.0051 0.3827
vn 0.9239 -0.0051 0.3827
vn 0.8660 0.0051 0.5000
vn 0.8660 -0.0051 0.5000
vn 0.7933 0.0051 0.6088
vn 0.7933 -0.0051 0.6087
vn 0.7071 0.0051 0.7071
vn 0.7071 -0.0051 0.7071
vn 0.6088 0.0051 0.7933
vn 0.6088 -0.0051 0.7933
vn 0.5000 0.0051 0.8660
vn 0.5000 -0.0051 0.8660
vn 0.3827 0.0051 0.9239
vn 0.3827 -0.0051 0.9239
vn 0.2588 0.0051 0.9659
vn 0.2588 -0.0051 0.9659
vn 0.1305 0.0051 0.9914
vn 0.1305 -0.0051 0.9914
vn -0.0000 0.0051 1.0000
vn -0.0000 -0.0051 1.0000
vn -0.1305 0.0051 0.9914
vn -0.1305 -0.0051 0.9914
vn -0.2588 0.0051 0.9659
vn -0.2588 -0.0051 0.9659
vn -0.3827 0.0051 0.9239
vn -0.3827 -0.0051 0.9239
vn -0.5000 0.0051 0.8660
vn -0.5000 -0.0051 0.8660
vn -0.6088 0.0051 0.7933
vn -0.6087 -0.0051 0.7933
vn -0.7071 0.0051 0.7071
vn -0.7071 -0.0051 0.7071
vn -0.7933 0.0051 0.6088
vn -0.7933 -0.0051 0.6088
vn -0.8660 0.0051 0.5000
vn -0.8660 -0.0051 0.5000
vn -0.9239 0.0051 0.3827
vn -0.9239 -0.0051 0.3827
vn -0.9659 0.0051 0.2588
vn -0.9659 -0.0051 0.2588
vn -0.9914 0.0051 0.1305
vn -0.9914 -0.0051 0.1305
vn -1.0000 0.0051 -0.0000
vn -1.0000 -0.0051 -0.0000
vn -0.9914 0.0051 -0.1305
vn -0.9914 -0.0051 -0.1305
vn -0.9659 0.0051 -0.2588
vn -0.9659 -0.0051 -0.2588
vn -0.9239 0.0051 -0.3827
vn -0.9239 -0.0051 -0.3827
vn -0.8660 0.0051 -0.5000
vn -0.8660 -0.0051 -0.5000
vn -0.7933 0.0051 -0.6088
vn -0.7933 -0.0051 -0.6087
vn -0.7071 0.0051 -0.7071
vn -0.7071 -0.0051 -0.7071
vn -0.6088 0.0051 -0.7933
vn -0.6088 -0.0051 -0.7933
vn -0.5000 0.0051 -0.8660
vn -0.5000 -0.0051 -0.8660
vn -0.3827 0.0051 -0.9239
vn -0.3827 -0.0051 -0.9239
vn -0.2588 0.0051 -0.9659
vn -0.2588 -0.0051 -0.9659
vn 0.1305 -0.0051 -0.9914
vn 0.1305 0.0051 -0.9914
vn -0.0002 1.0000 -0.0002
vn -0.0002 1.0000 0.0002
vn 0.0002 1.0000 0.0002
vn 0.0002 1.0000 -0.0002
vn -0.0000 0.8696 -0.4937
vn -0.0000 0.9245 -0.3811
vn 0.0497 0.9245 -0.3779
vn 0.0644 0.8696 -0.4895
vn -0.0000 -0.7998 -0.6002
vn -0.0000 -0.7160 -0.6981
vn 0.0911 -0.7160 -0.6921
vn 0.0783 -0.7998 -0.5951
vn -0.0000 -0.0000 -1.0000
vn -0.0000 0.1342 -0.9910
vn 0.1293 0.1345 -0.9824
vn 0.1305 -0.0000 -0.9914
vn -0.0000 0.7999 -0.6002
vn 0.0783 0.7999 -0.5950
vn -0.0000 -0.8696 -0.4937
vn 0.0644 -0.8696 -0.4895
vn -0.0000 -0.1345 -0.9909
vn 0.1293 -0.1345 -0.9824
vn -0.0000 0.7160 -0.6981
vn 0.0911 0.7160 -0.6922
vn -0.0000 -0.9245 -0.3811
vn 0.0497 -0.9245 -0.3778
vn -0.0000 -0.2663 -0.9639
vn 0.1258 -0.2660 -0.9557
vn -0.0000 0.6191 -0.7853
vn 0.1025 0.6191 -0.7786
vn -0.0000 -0.9640 -0.2658
vn 0.0347 -0.9640 -0.2635
vn -0.0000 -0.3923 -0.9198
vn 0.1201 -0.3921 -0.9121
vn -0.0000 0.5106 -0.8598
vn 0.1122 0.5107 -0.8524
vn -0.0000 -0.9875 -0.1575
vn 0.0206 -0.9875 -0.1562
vn -0.0000 0.9875 -0.1575
vn -0.0000 1.0000 -0.0000
vn 0.0206 0.9875 -0.1562
vn -0.0000 -0.5106 -0.8598
vn 0.1122 -0.5106 -0.8525
vn -0.0000 0.3921 -0.9199
vn 0.1201 0.3921 -0.9120
vn -0.0000 -1.0000 -0.0000
vn -0.0000 0.9640 -0.2658
vn 0.0347 0.9640 -0.2635
vn -0.0000 -0.6191 -0.7853
vn 0.1025 -0.6191 -0.7786
vn -0.0000 0.2663 -0.9639
vn 0.1258 0.2657 -0.9558
vn 0.0408 0.9875 -0.1521
vn 0.0688 0.9640 -0.2567
vn 0.2225 -0.5106 -0.8305
vn 0.2033 -0.6191 -0.7585
vn 0.2381 0.3922 -0.8885
vn 0.2495 0.2658 -0.9312
vn 0.0986 0.9245 -0.3681
vn 0.1807 -0.7160 -0.6743
vn 0.2565 0.1345 -0.9571
vn 0.1278 0.8696 -0.4769
vn 0.1553 -0.7998 -0.5798
vn 0.2588 -0.0000 -0.9659
vn 0.1553 0.7998 -0.5798
vn 0.1278 -0.8696 -0.4769
vn 0.2565 -0.1345 -0.9571
vn 0.1807 0.7160 -0.6743
vn 0.0986 -0.9245 -0.3681
vn 0.2495 -0.2658 -0.9312
vn 0.2033 0.6191 -0.7586
vn 0.0688 -0.9640 -0.2567
vn 0.2381 -0.3922 -0.8885
vn 0.2225 0.5107 -0.8305
vn 0.0408 -0.9875 -0.1521
vn 0.1889 0.8696 -0.4562
vn 0.2297 0.7998 -0.5545
vn 0.2297 -0.7999 -0.5545
vn 0.1889 -0.8696 -0.4562
vn 0.3827 -0.0000 -0.9239
vn 0.3792 -0.1345 -0.9155
vn 0.2671 0.7160 -0.6450
vn 0.1458 -0.9245 -0.3521
vn 0.3689 -0.2663 -0.8905
vn 0.3005 0.6191 -0.7255
vn 0.1017 -0.9640 -0.2455
vn 0.3520 -0.3923 -0.8498
vn 0.3291 0.5105 -0.7944
vn 0.0603 -0.9875 -0.1455
vn 0.0603 0.9875 -0.1455
vn 0.3290 -0.5106 -0.7944
vn 0.3520 0.3921 -0.8499
vn 0.1017 0.9640 -0.2455
vn 0.3005 -0.6191 -0.7255
vn 0.3689 0.2663 -0.8905
vn 0.1458 0.9245 -0.3521
vn 0.2671 -0.7160 -0.6450
vn 0.3792 0.1345 -0.9155
vn 0.4820 -0.2658 -0.8349
vn 0.4599 -0.3924 -0.7966
vn 0.3926 0.6191 -0.6801
vn 0.4299 0.5106 -0.7446
vn 0.1329 -0.9640 -0.2302
vn 0.0788 -0.9875 -0.1364
vn 0.0787 0.9875 -0.1364
vn 0.4299 -0.5105 -0.7447
vn 0.4599 0.3922 -0.7966
vn 0.1329 0.9640 -0.2302
vn 0.3927 -0.6191 -0.6801
vn 0.4820 0.2658 -0.8349
vn 0.1905 0.9245 -0.3300
vn 0.3491 -0.7160 -0.6046
vn 0.4955 0.1340 -0.8582
vn 0.2469 0.8696 -0.4276
vn 0.3001 -0.7999 -0.5198
vn 0.5000 -0.0000 -0.8660
vn 0.3001 0.7999 -0.5198
vn 0.2469 -0.8696 -0.4276
vn 0.4955 -0.1340 -0.8582
vn 0.3491 0.7160 -0.6046
vn 0.1905 -0.9245 -0.3300
vn 0.1618 0.9640 -0.2108
vn 0.2320 0.9245 -0.3023
vn 0.4780 -0.6191 -0.6230
vn 0.4250 -0.7160 -0.5538
vn 0.5868 0.2663 -0.7647
vn 0.6033 0.1342 -0.7862
vn 0.3005 0.8696 -0.3917
vn 0.3654 -0.7999 -0.4761
vn 0.6088 -0.0000 -0.7934
vn 0.3654 0.7999 -0.4761
vn 0.3005 -0.8696 -0.3917
vn 0.6032 -0.1345 -0.7861
vn 0.4250 0.7160 -0.5538
vn 0.2320 -0.9245 -0.3023
vn 0.5869 -0.2658 -0.7648
vn 0.4780 0.6191 -0.6230
vn 0.1618 -0.9640 -0.2108
vn 0.5600 -0.3922 -0.7298
vn 0.5234 0.5106 -0.6821
vn 0.0959 -0.9875 -0.1250
vn 0.0959 0.9875 -0.1250
vn 0.5234 -0.5106 -0.6821
vn 0.5600 0.3921 -0.7298
vn 0.4244 0.7998 -0.4244
vn 0.4936 0.7160 -0.4936
vn 0.3491 -0.8696 -0.3491
vn 0.2695 -0.9245 -0.2695
vn 0.7007 -0.1342 -0.7007
vn 0.6817 -0.2657 -0.6817
vn 0.5553 0.6191 -0.5553
vn 0.1879 -0.9640 -0.1879
vn 0.6505 -0.3921 -0.6505
vn 0.6080 0.5107 -0.6080
vn 0.1114 -0.9875 -0.1114
vn 0.1114 0.9875 -0.1114
vn 0.6079 -0.5107 -0.6079
vn 0.6505 0.3921 -0.6505
vn 0.1879 0.9640 -0.1879
vn 0.5553 -0.6191 -0.5553
vn 0.6817 0.2658 -0.6817
vn 0.2695 0.9245 -0.2695
vn 0.4936 -0.7160 -0.4936
vn 0.7007 0.1342 -0.7007
vn 0.3491 0.8696 -0.3491
vn 0.4244 -0.7998 -0.4244
vn 0.7071 -0.0000 -0.7071
vn 0.7298 -0.3923 -0.5600
vn 0.6821 -0.5106 -0.5234
vn 0.6821 0.5107 -0.5234
vn 0.7298 0.3923 -0.5600
vn 0.1250 -0.9875 -0.0959
vn 0.1250 0.9875 -0.0959
vn 0.2109 0.9640 -0.1618
vn 0.6230 -0.6191 -0.4781
vn 0.7648 0.2660 -0.5868
vn 0.3024 0.9245 -0.2320
vn 0.5538 -0.7160 -0.4250
vn 0.7862 0.1342 -0.6033
vn 0.3917 0.8696 -0.3005
vn 0.4762 -0.7998 -0.3654
vn 0.7934 -0.0000 -0.6088
vn 0.4762 0.7998 -0.3654
vn 0.3917 -0.8696 -0.3005
vn 0.7861 -0.1345 -0.6032
vn 0.5538 0.7160 -0.4250
vn 0.3023 -0.9245 -0.2320
vn 0.7647 -0.2663 -0.5868
vn 0.6230 0.6192 -0.4780
vn 0.2108 -0.9640 -0.1618
vn 0.3300 0.9245 -0.1905
vn 0.4276 0.8696 -0.2469
vn 0.6046 -0.7160 -0.3490
vn 0.5198 -0.7998 -0.3001
vn 0.8582 0.1345 -0.4955
vn 0.8660 -0.0000 -0.5000
vn 0.5198 0.7999 -0.3001
vn 0.4276 -0.8696 -0.2469
vn 0.8582 -0.1340 -0.4955
vn 0.6046 0.7160 -0.3490
vn 0.3301 -0.9245 -0.1906
vn 0.8348 -0.2660 -0.4820
vn 0.6800 0.6192 -0.3926
vn 0.2302 -0.9640 -0.1329
vn 0.7966 -0.3923 -0.4599
vn 0.7446 0.5107 -0.4299
vn 0.1364 -0.9875 -0.0788
vn 0.1364 0.9875 -0.0788
vn 0.7446 -0.5107 -0.4299
vn 0.7967 0.3921 -0.4600
vn 0.2302 0.9640 -0.1329
vn 0.6801 -0.6191 -0.3927
vn 0.8348 0.2660 -0.4820
vn 0.6450 0.7160 -0.2672
vn 0.7255 0.6192 -0.3005
vn 0.3521 -0.9245 -0.1458
vn 0.2455 -0.9640 -0.1017
vn 0.8905 -0.2663 -0.3689
vn 0.8498 -0.3923 -0.3520
vn 0.7944 0.5106 -0.3290
vn 0.1455 -0.9875 -0.0603
vn 0.1455 0.9875 -0.0603
vn 0.7944 -0.5105 -0.3291
vn 0.8499 0.3921 -0.3520
vn 0.2455 0.9640 -0.1017
vn 0.7255 -0.6191 -0.3005
vn 0.8905 0.2663 -0.3689
vn 0.3521 0.9245 -0.1458
vn 0.6450 -0.7160 -0.2671
vn 0.9155 0.1345 -0.3792
vn 0.4561 0.8696 -0.1889
vn 0.5545 -0.7999 -0.2297
vn 0.9239 -0.0000 -0.3827
vn 0.5545 0.7998 -0.2297
vn 0.4561 -0.8696 -0.1889
vn 0.9155 -0.1342 -0.3792
vn 0.8305 -0.5106 -0.2225
vn 0.7585 -0.6191 -0.2032
vn 0.8886 0.3921 -0.2381
vn 0.9311 0.2660 -0.2495
vn 0.2567 0.9640 -0.0688
vn 0.3681 0.9245 -0.0986
vn 0.6743 -0.7160 -0.1807
vn 0.9571 0.1345 -0.2565
vn 0.4769 0.8696 -0.1278
vn 0.5797 -0.7999 -0.1553
vn 0.9659 -0.0000 -0.2588
vn 0.5798 0.7998 -0.1553
vn 0.4769 -0.8696 -0.1278
vn 0.9571 -0.1345 -0.2565
vn 0.6743 0.7160 -0.1807
vn 0.3681 -0.9245 -0.0986
vn 0.9310 -0.2663 -0.2495
vn 0.7585 0.6191 -0.2033
vn 0.2567 -0.9640 -0.0688
vn 0.8885 -0.3922 -0.2381
vn 0.8305 0.5107 -0.2225
vn 0.1521 -0.9875 -0.0408
vn 0.1521 0.9875 -0.0408
vn 0.4895 0.8696 -0.0644
vn 0.5951 0.7998 -0.0783
vn 0.5950 -0.7999 -0.0783
vn 0.4895 -0.8696 -0.0644
vn 0.9914 -0.0000 -0.1305
vn 0.9824 -0.1345 -0.1293
vn 0.6921 0.7160 -0.0911
vn 0.3778 -0.9245 -0.0497
vn 0.9558 -0.2658 -0.1258
vn 0.7786 0.6191 -0.1025
vn 0.2635 -0.9640 -0.0347
vn 0.9120 -0.3921 -0.1201
vn 0.8524 0.5107 -0.1122
vn 0.1562 -0.9875 -0.0206
vn 0.1562 0.9875 -0.0206
vn 0.8524 -0.5107 -0.1122
vn 0.9120 0.3923 -0.1201
vn 0.2635 0.9640 -0.0347
vn 0.7786 -0.6191 -0.1025
vn 0.9557 0.2660 -0.1258
vn 0.3778 0.9245 -0.0497
vn 0.6921 -0.7160 -0.0911
vn 0.9825 0.1342 -0.1293
vn 0.7853 0.6191 -0.0000
vn 0.8598 0.5106 -0.0000
vn 0.2658 -0.9640 -0.0000
vn 0.1575 -0.9875 -0.0000
vn 0.1575 0.9875 -0.0000
vn 0.9198 -0.3923 -0.0000
vn 0.8598 -0.5106 -0.0000
vn 0.9199 0.3922 -0.0000
vn 0.2658 0.9640 -0.0000
vn 0.7853 -0.6191 -0.0000
vn 0.9640 0.2660 -0.0000
vn 0.3811 0.9245 -0.0000
vn 0.6981 -0.7160 -0.0000
vn 0.9910 0.1342 -0.0000
vn 0.4937 0.8696 -0.0000
vn 0.6002 -0.7998 -0.0000
vn 1.0000 -0.0000 -0.0000
vn 0.6002 0.7999 -0.0000
vn 0.4937 -0.8696 -0.0000
vn 0.9910 -0.1342 -0.0000
vn 0.6981 0.7160 -0.0000
vn 0.3811 -0.9245 -0.0000
vn 0.9640 -0.2658 -0.0000
vn 0.7786 -0.6191 0.1025
vn 0.6921 -0.7160 0.0911
vn 0.9557 0.2660 0.1258
vn 0.9824 0.1345 0.1293
vn 0.3778 0.9245 0.0497
vn 0.4895 0.8696 0.0644
vn 0.5950 -0.7999 0.0783
vn 0.9914 -0.0000 0.1305
vn 0.5950 0.7999 0.0783
vn 0.4895 -0.8696 0.0644
vn 0.9824 -0.1345 0.1293
vn 0.6921 0.7160 0.0911
vn 0.3778 -0.9245 0.0497
vn 0.9558 -0.2658 0.1258
vn 0.7786 0.6191 0.1025
vn 0.2635 -0.9640 0.0347
vn 0.9120 -0.3921 0.1201
vn 0.8525 0.5105 0.1122
vn 0.1562 -0.9875 0.0206
vn 0.1562 0.9875 0.0206
vn 0.8525 -0.5106 0.1122
vn 0.9120 0.3921 0.1201
vn 0.2635 0.9640 0.0347
vn 0.5798 0.7998 0.1553
vn 0.6743 0.7160 0.1807
vn 0.4769 -0.8696 0.1278
vn 0.3681 -0.9245 0.0986
vn 0.9571 -0.1345 0.2565
vn 0.9311 -0.2660 0.2495
vn 0.7585 0.6191 0.2032
vn 0.2567 -0.9640 0.0688
vn 0.8885 -0.3923 0.2381
vn 0.8306 0.5105 0.2225
vn 0.1521 -0.9875 0.0408
vn 0.1521 0.9875 0.0408
vn 0.8305 -0.5107 0.2225
vn 0.8885 0.3923 0.2381
vn 0.2567 0.9640 0.0688
vn 0.7585 -0.6191 0.2033
vn 0.9310 0.2663 0.2495
vn 0.3681 0.9245 0.0986
vn 0.6743 -0.7160 0.1807
vn 0.9571 0.1345 0.2565
vn 0.4769 0.8696 0.1278
vn 0.5798 -0.7998 0.1553
vn 0.9659 -0.0000 0.2588
vn 0.7943 0.5107 0.3290
vn 0.8499 0.3921 0.3520
vn 0.1455 -0.9875 0.0603
vn 0.1455 0.9875 0.0603
vn 0.2455 0.9640 0.1017
vn 0.7944 -0.5106 0.3290
vn 0.7255 -0.6191 0.3005
vn 0.8906 0.2660 0.3689
vn 0.3521 0.9245 0.1458
vn 0.6450 -0.7160 0.2671
vn 0.9155 0.1345 0.3792
vn 0.4561 0.8696 0.1889
vn 0.5545 -0.7999 0.2297
vn 0.9239 -0.0000 0.3827
vn 0.5545 0.7998 0.2297
vn 0.4561 -0.8696 0.1889
vn 0.9155 -0.1340 0.3792
vn 0.6450 0.7160 0.2672
vn 0.3521 -0.9245 0.1458
vn 0.8906 -0.2660 0.3689
vn 0.7255 0.6191 0.3005
vn 0.2455 -0.9640 0.1017
vn 0.8499 -0.3921 0.3520
vn 0.6046 -0.7160 0.3490
vn 0.5198 -0.7999 0.3001
vn 0.8582 0.1342 0.4955
vn 0.8660 -0.0000 0.5000
vn 0.4276 0.8696 0.2469
vn 0.5198 0.7999 0.3001
vn 0.4276 -0.8696 0.2469
vn 0.8582 -0.1345 0.4955
vn 0.6046 0.7160 0.3491
vn 0.3300 -0.9245 0.1905
vn 0.8348 -0.2660 0.4820
vn 0.6801 0.6191 0.3927
vn 0.2302 -0.9640 0.1329
vn 0.7966 -0.3922 0.4599
vn 0.7446 0.5107 0.4299
vn 0.1364 -0.9875 0.0788
vn 0.1364 0.9875 0.0788
vn 0.7446 -0.5106 0.4299
vn 0.7966 0.3923 0.4599
vn 0.2302 0.9640 0.1329
vn 0.6801 -0.6191 0.3927
vn 0.8349 0.2658 0.4820
vn 0.3300 0.9245 0.1905
vn 0.5539 0.7160 0.4250
vn 0.6230 0.6191 0.4780
vn 0.3024 -0.9245 0.2320
vn 0.2108 -0.9640 0.1618
vn 0.7647 -0.2663 0.5868
vn 0.7298 -0.3921 0.5600
vn 0.6822 0.5105 0.5234
vn 0.1250 -0.9875 0.0959
vn 0.1250 0.9875 0.0959
vn 0.6821 -0.5107 0.5234
vn 0.7298 0.3921 0.5600
vn 0.2108 0.9640 0.1618
vn 0.6230 -0.6191 0.4780
vn 0.7647 0.2663 0.5868
vn 0.3024 0.9245 0.2320
vn 0.5538 -0.7160 0.4250
vn 0.7861 0.1345 0.6032
vn 0.3917 0.8696 0.3005
vn 0.4761 -0.7999 0.3654
vn 0.7934 -0.0000 0.6088
vn 0.4761 0.7999 0.3654
vn 0.3917 -0.8696 0.3005
vn 0.7861 -0.1345 0.6032
vn 0.6505 0.3922 0.6505
vn 0.6816 0.2660 0.6816
vn 0.1879 0.9640 0.1879
vn 0.2695 0.9245 0.2695
vn 0.5553 -0.6191 0.5553
vn 0.4936 -0.7160 0.4936
vn 0.7007 0.1345 0.7007
vn 0.3491 0.8696 0.3491
vn 0.4244 -0.7998 0.4244
vn 0.7071 -0.0000 0.7071
vn 0.4244 0.7998 0.4244
vn 0.3491 -0.8696 0.3491
vn 0.7007 -0.1345 0.7007
vn 0.4936 0.7160 0.4936
vn 0.2695 -0.9245 0.2695
vn 0.6817 -0.2657 0.6817
vn 0.5553 0.6191 0.5553
vn 0.1879 -0.9640 0.1879
vn 0.6504 -0.3923 0.6504
vn 0.6080 0.5106 0.6080
vn 0.1114 -0.9875 0.1114
vn 0.1114 0.9875 0.1114
vn 0.6080 -0.5106 0.6080
vn 0.3654 -0.7998 0.4762
vn 0.3005 -0.8696 0.3917
vn 0.6088 -0.0000 0.7934
vn 0.6032 -0.1345 0.7861
vn 0.3654 0.7998 0.4762
vn 0.4249 0.7160 0.5538
vn 0.2320 -0.9245 0.3024
vn 0.5868 -0.2663 0.7647
vn 0.4781 0.6191 0.6230
vn 0.1618 -0.9640 0.2108
vn 0.5599 -0.3924 0.7297
vn 0.5234 0.5107 0.6821
vn 0.0959 -0.9875 0.1250
vn 0.0959 0.9875 0.1250
vn 0.5234 -0.5107 0.6821
vn 0.5599 0.3924 0.7297
vn 0.1618 0.9640 0.2108
vn 0.4781 -0.6191 0.6230
vn 0.5869 0.2658 0.7648
vn 0.2320 0.9245 0.3023
vn 0.4250 -0.7160 0.5538
vn 0.6032 0.1345 0.7861
vn 0.3005 0.8696 0.3917
vn 0.3927 0.6191 0.6801
vn 0.4299 0.5106 0.7446
vn 0.1329 -0.9640 0.2302
vn 0.0788 -0.9875 0.1364
vn 0.0788 0.9875 0.1364
vn 0.4600 -0.3921 0.7967
vn 0.4299 -0.5105 0.7447
vn 0.4600 0.3921 0.7967
vn 0.1329 0.9640 0.2302
vn 0.3927 -0.6191 0.6801
vn 0.4820 0.2660 0.8348
vn 0.1906 0.9245 0.3301
vn 0.3491 -0.7160 0.6046
vn 0.4955 0.1342 0.8582
vn 0.2469 0.8696 0.4276
vn 0.3001 -0.7999 0.5198
vn 0.5000 -0.0000 0.8660
vn 0.3001 0.7998 0.5198
vn 0.2469 -0.8696 0.4276
vn 0.4955 -0.1345 0.8582
vn 0.3491 0.7160 0.6046
vn 0.1905 -0.9245 0.3300
vn 0.4820 -0.2658 0.8349
vn 0.3689 0.2663 0.8905
vn 0.3792 0.1345 0.9155
vn 0.1458 0.9245 0.3521
vn 0.1889 0.8696 0.4562
vn 0.2672 -0.7160 0.6450
vn 0.2297 -0.7999 0.5545
vn 0.3827 -0.0000 0.9239
vn 0.2297 0.7998 0.5545
vn 0.1889 -0.8696 0.4562
vn 0.3792 -0.1345 0.9155
vn 0.2671 0.7160 0.6450
vn 0.1458 -0.9245 0.3521
vn 0.3689 -0.2660 0.8906
vn 0.3005 0.6192 0.7255
vn 0.1017 -0.9640 0.2455
vn 0.3520 -0.3923 0.8498
vn 0.3290 0.5106 0.7944
vn 0.0603 -0.9875 0.1455
vn 0.0603 0.9875 0.1455
vn 0.3290 -0.5106 0.7944
vn 0.3520 0.3922 0.8499
vn 0.1017 0.9640 0.2455
vn 0.3005 -0.6191 0.7255
vn 0.1278 -0.8696 0.4769
vn 0.0986 -0.9245 0.3681
vn 0.2565 -0.1342 0.9572
vn 0.2495 -0.2658 0.9312
vn 0.1807 0.7160 0.6743
vn 0.2032 0.6191 0.7585
vn 0.0688 -0.9640 0.2567
vn 0.2381 -0.3923 0.8885
vn 0.2225 0.5106 0.8305
vn 0.0408 -0.9875 0.1521
vn 0.0408 0.9875 0.1521
vn 0.2225 -0.5106 0.8305
vn 0.2381 0.3922 0.8885
vn 0.0688 0.9640 0.2567
vn 0.2032 -0.6191 0.7585
vn 0.2495 0.2658 0.9312
vn 0.0986 0.9245 0.3681
vn 0.1807 -0.7160 0.6743
vn 0.2565 0.1345 0.9571
vn 0.1278 0.8696 0.4769
vn 0.1553 -0.7998 0.5798
vn 0.2588 -0.0000 0.9659
vn 0.1553 0.7998 0.5798
vn 0.1122 0.5105 0.8525
vn 0.1201 0.3921 0.9121
vn 0.0206 -0.9875 0.1562
vn 0.0206 0.9875 0.1562
vn 0.0347 0.9640 0.2635
vn 0.1122 -0.5105 0.8525
vn 0.1025 -0.6191 0.7786
vn 0.1258 0.2660 0.9557
vn 0.0497 0.9245 0.3778
vn 0.0911 -0.7160 0.6921
vn 0.1293 0.1340 0.9825
vn 0.0644 0.8696 0.4895
vn 0.0783 -0.7998 0.5951
vn 0.1305 -0.0000 0.9914
vn 0.0783 0.7999 0.5950
vn 0.0644 -0.8696 0.4895
vn 0.1293 -0.1345 0.9824
vn 0.0911 0.7160 0.6921
vn 0.0497 -0.9245 0.3778
vn 0.1258 -0.2658 0.9558
vn 0.1025 0.6191 0.7786
vn 0.0347 -0.9640 0.2635
vn 0.1201 -0.3920 0.9121
vn -0.0000 0.1345 0.9909
vn -0.0000 -0.0000 1.0000
vn -0.0000 0.8696 0.4937
vn -0.0000 0.7999 0.6002
vn -0.0000 -0.7998 0.6002
vn -0.0000 -0.8696 0.4937
vn -0.0000 -0.1345 0.9909
vn -0.0000 0.7160 0.6981
vn -0.0000 -0.9245 0.3811
vn -0.0000 -0.2663 0.9639
vn -0.0000 0.6191 0.7853
vn -0.0000 -0.9640 0.2658
vn -0.0000 -0.3922 0.9199
vn -0.0000 0.5107 0.8598
vn -0.0000 -0.9875 0.1575
vn -0.0000 0.9875 0.1575
vn -0.0000 -0.5106 0.8598
vn -0.0000 0.3922 0.9199
vn -0.0000 0.9640 0.2658
vn -0.0000 -0.6191 0.7853
vn -0.0000 0.2660 0.9640
vn -0.0000 0.9245 0.3811
vn -0.0000 -0.7160 0.6981
vn -0.0497 -0.9245 0.3778
vn -0.0347 -0.9640 0.2635
vn -0.1258 -0.2658 0.9558
vn -0.1201 -0.3923 0.9120
vn -0.1025 0.6191 0.7786
vn -0.1122 0.5107 0.8524
vn -0.0206 -0.9875 0.1562
vn -0.0206 0.9875 0.1562
vn -0.1122 -0.5106 0.8525
vn -0.1201 0.3923 0.9120
vn -0.0347 0.9640 0.2635
vn -0.1025 -0.6191 0.7786
vn -0.1258 0.2663 0.9556
vn -0.0497 0.9245 0.3778
vn -0.0911 -0.7160 0.6921
vn -0.1293 0.1342 0.9825
vn -0.0644 0.8696 0.4895
vn -0.0783 -0.7998 0.5951
vn -0.1305 -0.0000 0.9914
vn -0.0783 0.7998 0.5951
vn -0.0644 -0.8696 0.4895
vn -0.1293 -0.1342 0.9825
vn -0.0911 0.7160 0.6921
vn -0.2381 0.3922 0.8885
vn -0.2495 0.2657 0.9312
vn -0.0688 0.9640 0.2567
vn -0.0986 0.9245 0.3681
vn -0.2032 -0.6191 0.7585
vn -0.1807 -0.7160 0.6743
vn -0.2565 0.1345 0.9571
vn -0.1278 0.8696 0.4769
vn -0.1553 -0.7999 0.5797
vn -0.2588 -0.0000 0.9659
vn -0.1553 0.7998 0.5798
vn -0.1278 -0.8696 0.4769
vn -0.2565 -0.1345 0.9571
vn -0.1807 0.7160 0.6743
vn -0.0986 -0.9245 0.3681
vn -0.2495 -0.2660 0.9311
vn -0.2032 0.6191 0.7585
vn -0.0688 -0.9640 0.2567
vn -0.2381 -0.3922 0.8885
vn -0.2225 0.5107 0.8305
vn -0.0408 -0.9875 0.1521
vn -0.0408 0.9875 0.1521
vn -0.2225 -0.5106 0.8305
vn -0.3827 -0.0000 0.9239
vn -0.3792 -0.1345 0.9155
vn -0.2297 0.7998 0.5545
vn -0.2671 0.7160 0.6450
vn -0.1889 -0.8696 0.4561
vn -0.1458 -0.9245 0.3521
vn -0.3689 -0.2660 0.8906
vn -0.3005 0.6191 0.7255
vn -0.1017 -0.9640 0.2455
vn -0.3520 -0.3921 0.8499
vn -0.3290 0.5106 0.7944
vn -0.0603 -0.9875 0.1455
vn -0.0603 0.9875 0.1455
vn -0.3291 -0.5105 0.7944
vn -0.3520 0.3924 0.8498
vn -0.1017 0.9640 0.2455
vn -0.3005 -0.6191 0.7255
vn -0.3689 0.2660 0.8906
vn -0.1458 0.9245 0.3521
vn -0.2672 -0.7160 0.6450
vn -0.3792 0.1345 0.9155
vn -0.1889 0.8696 0.4561
vn -0.2297 -0.7999 0.5545
vn -0.1329 -0.9640 0.2302
vn -0.0787 -0.9875 0.1364
vn -0.0788 0.9875 0.1364
vn -0.4599 -0.3922 0.7966
vn -0.4299 -0.5106 0.7446
vn -0.4299 0.5106 0.7446
vn -0.4600 0.3921 0.7967
vn -0.1329 0.9640 0.2302
vn -0.3926 -0.6191 0.6801
vn -0.4820 0.2660 0.8348
vn -0.1906 0.9245 0.3301
vn -0.3490 -0.7160 0.6046
vn -0.4955 0.1342 0.8582
vn -0.2468 0.8696 0.4276
vn -0.3001 -0.7998 0.5198
vn -0.5000 -0.0000 0.8660
vn -0.3001 0.7998 0.5198
vn -0.2469 -0.8696 0.4276
vn -0.4955 -0.1345 0.8582
vn -0.3490 0.7160 0.6046
vn -0.1905 -0.9245 0.3300
vn -0.4819 -0.2663 0.8347
vn -0.3927 0.6191 0.6801
vn -0.5869 0.2657 0.7648
vn -0.6033 0.1342 0.7862
vn -0.2320 0.9245 0.3023
vn -0.3006 0.8696 0.3917
vn -0.4250 -0.7160 0.5538
vn -0.3654 -0.7999 0.4761
vn -0.6088 -0.0000 0.7934
vn -0.3654 0.7999 0.4761
vn -0.3005 -0.8696 0.3917
vn -0.6033 -0.1339 0.7862
vn -0.4250 0.7160 0.5538
vn -0.2320 -0.9245 0.3023
vn -0.5869 -0.2658 0.7648
vn -0.4781 0.6191 0.6230
vn -0.1618 -0.9640 0.2108
vn -0.5599 -0.3924 0.7297
vn -0.5234 0.5106 0.6821
vn -0.0959 -0.9875 0.1250
vn -0.0959 0.9875 0.1250
vn -0.5235 -0.5105 0.6822
vn -0.5600 0.3922 0.7298
vn -0.1618 0.9640 0.2108
vn -0.4780 -0.6191 0.6230
vn -0.7007 -0.1340 0.7007
vn -0.6816 -0.2660 0.6816
vn -0.4936 0.7160 0.4936
vn -0.5553 0.6191 0.5553
vn -0.2695 -0.9245 0.2695
vn -0.1879 -0.9640 0.1879
vn -0.6504 -0.3923 0.6504
vn -0.6080 0.5106 0.6080
vn -0.1114 -0.9875 0.1114
vn -0.1114 0.9875 0.1114
vn -0.6080 -0.5106 0.6080
vn -0.6504 0.3923 0.6504
vn -0.1879 0.9640 0.1879
vn -0.5553 -0.6191 0.5553
vn -0.6816 0.2663 0.6816
vn -0.2695 0.9245 0.2695
vn -0.4936 -0.7160 0.4936
vn -0.7007 0.1342 0.7007
vn -0.3491 0.8696 0.3491
vn -0.4244 -0.7999 0.4244
vn -0.7071 -0.0000 0.7071
vn -0.4244 0.7998 0.4244
vn -0.3491 -0.8696 0.3491
vn -0.1250 -0.9875 0.0959
vn -0.1250 0.9875 0.0959
vn -0.2109 0.9640 0.1618
vn -0.6821 -0.5106 0.5234
vn -0.6230 -0.6191 0.4780
vn -0.7298 0.3922 0.5600
vn -0.7648 0.2657 0.5869
vn -0.3023 0.9245 0.2320
vn -0.5538 -0.7160 0.4249
vn -0.7861 0.1345 0.6032
vn -0.3917 0.8696 0.3005
vn -0.4762 -0.7998 0.3654
vn -0.7934 -0.0000 0.6088
vn -0.4761 0.7999 0.3654
vn -0.3917 -0.8696 0.3005
vn -0.7861 -0.1345 0.6032
vn -0.5538 0.7160 0.4249
vn -0.3023 -0.9245 0.2320
vn -0.7648 -0.2657 0.5869
vn -0.6230 0.6191 0.4780
vn -0.2108 -0.9640 0.1618
vn -0.7298 -0.3923 0.5600
vn -0.6822 0.5105 0.5234
vn -0.8582 0.1345 0.4955
vn -0.8660 -0.0000 0.5000
vn -0.4276 0.8696 0.2469
vn -0.5198 0.7998 0.3001
vn -0.5198 -0.7998 0.3001
vn -0.4276 -0.8696 0.2469
vn -0.8582 -0.1345 0.4955
vn -0.6045 0.7160 0.3490
vn -0.3300 -0.9245 0.1905
vn -0.8347 -0.2663 0.4819
vn -0.6801 0.6191 0.3926
vn -0.2302 -0.9640 0.1329
vn -0.7967 -0.3921 0.4600
vn -0.7446 0.5107 0.4299
vn -0.1364 -0.9875 0.0788
vn -0.1364 0.9875 0.0788
vn -0.7446 -0.5107 0.4299
vn -0.7966 0.3922 0.4599
vn -0.2302 0.9640 0.1329
vn -0.6801 -0.6191 0.3927
vn -0.8349 0.2658 0.4820
vn -0.3300 0.9245 0.1905
vn -0.6046 -0.7160 0.3491
vn -0.8906 -0.2658 0.3689
vn -0.8499 -0.3922 0.3520
vn -0.7255 0.6191 0.3005
vn -0.7944 0.5105 0.3291
vn -0.2455 -0.9640 0.1017
vn -0.1455 -0.9875 0.0603
vn -0.1455 0.9875 0.0603
vn -0.7944 -0.5106 0.3290
vn -0.8499 0.3922 0.3520
vn -0.2455 0.9640 0.1017
vn -0.7255 -0.6191 0.3005
vn -0.8906 0.2660 0.3689
vn -0.3521 0.9245 0.1458
vn -0.6450 -0.7160 0.2671
vn -0.9155 0.1345 0.3792
vn -0.4561 0.8696 0.1889
vn -0.5545 -0.7999 0.2297
vn -0.9239 -0.0000 0.3827
vn -0.5545 0.7998 0.2297
vn -0.4561 -0.8696 0.1889
vn -0.9155 -0.1345 0.3792
vn -0.6449 0.7160 0.2671
vn -0.3521 -0.9245 0.1458
vn -0.2567 0.9640 0.0688
vn -0.3681 0.9245 0.0986
vn -0.7585 -0.6191 0.2032
vn -0.6743 -0.7160 0.1807
vn -0.9312 0.2658 0.2495
vn -0.9571 0.1345 0.2565
vn -0.4769 0.8696 0.1278
vn -0.5798 -0.7998 0.1553
vn -0.9659 -0.0000 0.2588
vn -0.5798 0.7998 0.1553
vn -0.4769 -0.8696 0.1278
vn -0.9571 -0.1345 0.2565
vn -0.6743 0.7160 0.1807
vn -0.3681 -0.9245 0.0986
vn -0.9311 -0.2660 0.2495
vn -0.7585 0.6191 0.2032
vn -0.2567 -0.9640 0.0688
vn -0.8886 -0.3921 0.2381
vn -0.8305 0.5106 0.2225
vn -0.1521 -0.9875 0.0408
vn -0.1521 0.9875 0.0408
vn -0.8305 -0.5107 0.2225
vn -0.8886 0.3921 0.2381
vn -0.3779 -0.9245 0.0497
vn -0.2635 -0.9640 0.0347
vn -0.9556 -0.2663 0.1258
vn -0.9120 -0.3923 0.1201
vn -0.7786 0.6191 0.1025
vn -0.8525 0.5105 0.1122
vn -0.1562 -0.9875 0.0206
vn -0.1562 0.9875 0.0206
vn -0.8524 -0.5107 0.1122
vn -0.9120 0.3923 0.1201
vn -0.2635 0.9640 0.0347
vn -0.7786 -0.6191 0.1025
vn -0.9557 0.2660 0.1258
vn -0.3779 0.9245 0.0497
vn -0.6921 -0.7160 0.0911
vn -0.9824 0.1345 0.1293
vn -0.4895 0.8696 0.0644
vn -0.5950 -0.7999 0.0783
vn -0.9914 -0.0000 0.1305
vn -0.5951 0.7998 0.0783
vn -0.4895 -0.8696 0.0644
vn -0.9825 -0.1342 0.1293
vn -0.6921 0.7160 0.0911
vn -0.9199 0.3921 -0.0000
vn -0.9639 0.2663 -0.0000
vn -0.2658 0.9640 -0.0000
vn -0.3811 0.9245 -0.0000
vn -0.7853 -0.6191 -0.0000
vn -0.6981 -0.7160 -0.0000
vn -0.9910 0.1342 -0.0000
vn -0.4937 0.8696 -0.0000
vn -0.6002 -0.7999 -0.0000
vn -1.0000 -0.0000 -0.0000
vn -0.6002 0.7998 -0.0000
vn -0.4937 -0.8696 -0.0000
vn -0.9910 -0.1342 -0.0000
vn -0.6981 0.7160 -0.0000
vn -0.3811 -0.9245 -0.0000
vn -0.9639 -0.2663 -0.0000
vn -0.7853 0.6191 -0.0000
vn -0.2658 -0.9640 -0.0000
vn -0.9200 -0.3920 -0.0000
vn -0.8598 0.5106 -0.0000
vn -0.1575 -0.9875 -0.0000
vn -0.1575 0.9875 -0.0000
vn -0.8598 -0.5107 -0.0000
vn -0.9914 -0.0000 -0.1305
vn -0.9825 -0.1342 -0.1293
vn -0.5951 0.7998 -0.0783
vn -0.6921 0.7160 -0.0911
vn -0.4895 -0.8696 -0.0644
vn -0.3778 -0.9245 -0.0497
vn -0.9556 -0.2663 -0.1258
vn -0.7786 0.6191 -0.1025
vn -0.2635 -0.9640 -0.0347
vn -0.9120 -0.3921 -0.1201
vn -0.8525 0.5106 -0.1122
vn -0.1562 -0.9875 -0.0206
vn -0.1562 0.9875 -0.0206
vn -0.8525 -0.5105 -0.1122
vn -0.9120 0.3923 -0.1201
vn -0.2635 0.9640 -0.0347
vn -0.7786 -0.6191 -0.1025
vn -0.9557 0.2660 -0.1258
vn -0.3778 0.9245 -0.0497
vn -0.6921 -0.7160 -0.0911
vn -0.9825 0.1342 -0.1293
vn -0.4895 0.8696 -0.0644
vn -0.5950 -0.7999 -0.0783
vn -0.2567 -0.9640 -0.0688
vn -0.1521 -0.9875 -0.0408
vn -0.1521 0.9875 -0.0408
vn -0.8885 -0.3923 -0.2381
vn -0.8305 -0.5106 -0.2225
vn -0.8305 0.5106 -0.2225
vn -0.8885 0.3923 -0.2381
vn -0.2567 0.9640 -0.0688
vn -0.7585 -0.6191 -0.2032
vn -0.9310 0.2663 -0.2495
vn -0.3681 0.9245 -0.0986
vn -0.6743 -0.7160 -0.1807
vn -0.9571 0.1345 -0.2565
vn -0.4769 0.8696 -0.1278
vn -0.5798 -0.7998 -0.1553
vn -0.9659 -0.0000 -0.2588
vn -0.5797 0.7999 -0.1553
vn -0.4769 -0.8696 -0.1278
vn -0.9571 -0.1345 -0.2565
vn -0.6743 0.7160 -0.1807
vn -0.3681 -0.9245 -0.0986
vn -0.9312 -0.2657 -0.2495
vn -0.7586 0.6191 -0.2033
vn -0.8905 0.2663 -0.3689
vn -0.9155 0.1345 -0.3792
vn -0.3521 0.9245 -0.1458
vn -0.4561 0.8696 -0.1889
vn -0.6450 -0.7160 -0.2671
vn -0.5545 -0.7999 -0.2297
vn -0.9239 -0.0000 -0.3827
vn -0.5545 0.7999 -0.2297
vn -0.4561 -0.8696 -0.1889
vn -0.9155 -0.1342 -0.3792
vn -0.6450 0.7160 -0.2671
vn -0.3521 -0.9245 -0.1458
vn -0.8906 -0.2660 -0.3689
vn -0.7255 0.6191 -0.3005
vn -0.2455 -0.9640 -0.1017
vn -0.8498 -0.3923 -0.3520
vn -0.7944 0.5106 -0.3290
vn -0.1455 -0.9875 -0.0603
vn -0.1455 0.9875 -0.0603
vn -0.7944 -0.5106 -0.3290
vn -0.8499 0.3922 -0.3520
vn -0.2455 0.9640 -0.1017
vn -0.7256 -0.6191 -0.3005
vn -0.8582 -0.1345 -0.4955
vn -0.8348 -0.2660 -0.4820
vn -0.6046 0.7160 -0.3491
vn -0.6801 0.6191 -0.3927
vn -0.3300 -0.9245 -0.1905
vn -0.2302 -0.9640 -0.1329
vn -0.7967 -0.3921 -0.4600
vn -0.7446 0.5107 -0.4299
vn -0.1364 -0.9875 -0.0788
vn -0.1364 0.9875 -0.0788
vn -0.7446 -0.5107 -0.4299
vn -0.7966 0.3923 -0.4599
vn -0.2302 0.9640 -0.1329
vn -0.6801 -0.6191 -0.3926
vn -0.8348 0.2660 -0.4820
vn -0.3300 0.9245 -0.1905
vn -0.6045 -0.7160 -0.3490
vn -0.8582 0.1345 -0.4955
vn -0.4276 0.8696 -0.2468
vn -0.5198 -0.7999 -0.3001
vn -0.8660 -0.0000 -0.5000
vn -0.5198 0.7999 -0.3001
vn -0.4276 -0.8696 -0.2468
vn -0.1250 -0.9875 -0.0959
vn -0.1250 0.9875 -0.0959
vn -0.2108 0.9640 -0.1618
vn -0.6821 -0.5106 -0.5234
vn -0.6230 -0.6191 -0.4780
vn -0.7298 0.3921 -0.5600
vn -0.7648 0.2660 -0.5868
vn -0.3023 0.9245 -0.2320
vn -0.5538 -0.7160 -0.4250
vn -0.7862 0.1342 -0.6033
vn -0.3917 0.8696 -0.3006
vn -0.4762 -0.7998 -0.3654
vn -0.7934 -0.0000 -0.6088
vn -0.4762 0.7998 -0.3654
vn -0.3917 -0.8696 -0.3005
vn -0.7861 -0.1345 -0.6032
vn -0.5538 0.7160 -0.4250
vn -0.3023 -0.9245 -0.2320
vn -0.7648 -0.2657 -0.5869
vn -0.6230 0.6191 -0.4780
vn -0.2108 -0.9640 -0.1618
vn -0.7299 -0.3920 -0.5600
vn -0.6821 0.5106 -0.5234
vn -0.7007 0.1342 -0.7007
vn -0.7071 -0.0000 -0.7071
vn -0.3491 0.8696 -0.3491
vn -0.4244 0.7998 -0.4244
vn -0.4244 -0.7998 -0.4244
vn -0.3491 -0.8696 -0.3491
vn -0.7007 -0.1345 -0.7007
vn -0.4936 0.7160 -0.4936
vn -0.2695 -0.9245 -0.2695
vn -0.6816 -0.2663 -0.6816
vn -0.5553 0.6191 -0.5553
vn -0.1879 -0.9640 -0.1879
vn -0.6504 -0.3923 -0.6504
vn -0.6080 0.5106 -0.6080
vn -0.1114 -0.9875 -0.1114
vn -0.1114 0.9875 -0.1114
vn -0.6079 -0.5107 -0.6079
vn -0.6505 0.3922 -0.6505
vn -0.1879 0.9640 -0.1879
vn -0.5553 -0.6191 -0.5553
vn -0.6817 0.2658 -0.6817
vn -0.2695 0.9245 -0.2695
vn -0.4936 -0.7160 -0.4936
vn -0.5868 -0.2663 -0.7647
vn -0.5600 -0.3922 -0.7298
vn -0.4781 0.6191 -0.6230
vn -0.5234 0.5106 -0.6821
vn -0.1618 -0.9640 -0.2108
vn -0.0959 -0.9875 -0.1250
vn -0.0959 0.9875 -0.1250
vn -0.5235 -0.5105 -0.6822
vn -0.5600 0.3921 -0.7298
vn -0.1618 0.9640 -0.2108
vn -0.4780 -0.6191 -0.6230
vn -0.5869 0.2657 -0.7648
vn -0.2320 0.9245 -0.3023
vn -0.4250 -0.7160 -0.5539
vn -0.6033 0.1340 -0.7862
vn -0.3006 0.8696 -0.3917
vn -0.3654 -0.7999 -0.4761
vn -0.6088 -0.0000 -0.7934
vn -0.3654 0.7998 -0.4762
vn -0.3006 -0.8696 -0.3917
vn -0.6032 -0.1345 -0.7861
vn -0.4250 0.7160 -0.5538
vn -0.2320 -0.9245 -0.3023
vn -0.1329 0.9640 -0.2302
vn -0.1905 0.9245 -0.3300
vn -0.3926 -0.6191 -0.6801
vn -0.3490 -0.7160 -0.6045
vn -0.4820 0.2657 -0.8349
vn -0.4955 0.1345 -0.8582
vn -0.2469 0.8696 -0.4276
vn -0.3001 -0.7999 -0.5198
vn -0.5000 -0.0000 -0.8660
vn -0.3001 0.7998 -0.5198
vn -0.2469 -0.8696 -0.4276
vn -0.4955 -0.1345 -0.8582
vn -0.3490 0.7160 -0.6046
vn -0.1905 -0.9245 -0.3300
vn -0.4820 -0.2658 -0.8349
vn -0.3926 0.6191 -0.6801
vn -0.1329 -0.9640 -0.2302
vn -0.4600 -0.3921 -0.7967
vn -0.4299 0.5106 -0.7446
vn -0.0788 -0.9875 -0.1364
vn -0.0788 0.9875 -0.1364
vn -0.4299 -0.5106 -0.7446
vn -0.4600 0.3921 -0.7967
vn -0.3827 -0.0000 -0.9239
vn -0.3792 -0.1340 -0.9155
vn -0.2297 0.7998 -0.5545
vn -0.2672 0.7160 -0.6450
vn -0.1889 -0.8696 -0.4561
vn -0.1458 -0.9245 -0.3521
vn -0.3689 -0.2660 -0.8906
vn -0.3005 0.6191 -0.7255
vn -0.1017 -0.9640 -0.2455
vn -0.3520 -0.3921 -0.8499
vn -0.3290 0.5107 -0.7943
vn -0.0603 -0.9875 -0.1455
vn -0.0603 0.9875 -0.1455
vn -0.3290 -0.5106 -0.7944
vn -0.3520 0.3921 -0.8499
vn -0.1017 0.9640 -0.2455
vn -0.3005 -0.6191 -0.7255
vn -0.3689 0.2658 -0.8906
vn -0.1458 0.9245 -0.3521
vn -0.2671 -0.7160 -0.6449
vn -0.3792 0.1340 -0.9155
vn -0.1889 0.8696 -0.4561
vn -0.2297 -0.7999 -0.5545
vn -0.0408 0.9875 -0.1521
vn -0.2381 -0.3923 -0.8885
vn -0.2225 -0.5107 -0.8305
vn -0.2225 0.5107 -0.8305
vn -0.2381 0.3923 -0.8885
vn -0.0408 -0.9875 -0.1521
vn -0.0688 0.9640 -0.2567
vn -0.2033 -0.6191 -0.7586
vn -0.2495 0.2663 -0.9310
vn -0.0986 0.9245 -0.3681
vn -0.1807 -0.7160 -0.6743
vn -0.2565 0.1340 -0.9572
vn -0.1278 0.8696 -0.4769
vn -0.1553 -0.7998 -0.5798
vn -0.2588 -0.0000 -0.9659
vn -0.1553 0.7999 -0.5797
vn -0.1278 -0.8696 -0.4769
vn -0.2565 -0.1342 -0.9572
vn -0.1807 0.7160 -0.6743
vn -0.0986 -0.9245 -0.3681
vn -0.2495 -0.2663 -0.9310
vn -0.2032 0.6191 -0.7585
vn -0.0688 -0.9640 -0.2567
vn -0.0497 0.9245 -0.3778
vn -0.0644 0.8696 -0.4895
vn -0.0911 -0.7160 -0.6921
vn -0.0783 -0.7998 -0.5951
vn -0.1293 0.1345 -0.9824
vn -0.1305 -0.0000 -0.9914
vn -0.0783 0.7998 -0.5951
vn -0.0644 -0.8696 -0.4895
vn -0.1293 -0.1345 -0.9824
vn -0.0911 0.7160 -0.6922
vn -0.0497 -0.9245 -0.3778
vn -0.1258 -0.2660 -0.9557
vn -0.1025 0.6191 -0.7786
vn -0.0347 -0.9640 -0.2635
vn -0.1201 -0.3922 -0.9120
vn -0.1122 0.5106 -0.8525
vn -0.0206 -0.9875 -0.1562
vn -0.0206 0.9875 -0.1562
vn -0.1122 -0.5106 -0.8525
vn -0.1201 0.3923 -0.9120
vn -0.0347 0.9640 -0.2635
vn -0.1025 -0.6191 -0.7786
vn -0.1258 0.2663 -0.9556
vn -0.0534 -0.9986 0.0011
vn -0.1216 -0.8624 0.4915
vn -0.4473 -0.7745 0.4473
vn -0.5002 -0.8659 0.0009
vn -0.1216 -0.8623 0.4916
vn -0.1216 -0.4916 0.8623
vn -0.4473 -0.4474 0.7744
vn -0.4473 -0.7744 0.4474
vn -0.0534 -0.0028 0.9986
vn -0.5002 -0.0024 0.8659
vn -0.4473 -0.4473 0.7745
vn -0.1216 -0.4915 0.8623
vn -0.8659 -0.0024 0.5002
vn -0.7744 -0.4473 0.4474
vn -0.4474 -0.4473 0.7745
vn -0.8659 -0.5003 0.0009
vn -0.7745 -0.4473 0.4473
vn -0.8659 -0.0023 0.5001
vn -0.8658 -0.5003 0.0009
vn -0.5003 -0.8659 0.0009
vn -0.4474 -0.7744 0.4473
vn -0.7744 -0.4474 0.4473
vn -0.4474 -0.7744 0.4474
vn -0.4474 -0.4474 0.7744
vn -0.7744 -0.4474 0.4474
vn -0.0534 0.0028 0.9986
vn -0.1216 0.4915 0.8623
vn -0.4474 0.4473 0.7745
vn -0.5002 0.0024 0.8659
vn -0.1216 0.4916 0.8623
vn -0.1216 0.8623 0.4916
vn -0.4473 0.7744 0.4474
vn -0.4473 0.4474 0.7745
vn -0.5003 0.8659 0.0009
vn -0.4473 0.7745 0.4473
vn -0.1216 0.8623 0.4915
vn -0.8658 0.5003 0.0009
vn -0.7744 0.4474 0.4473
vn -0.4474 0.7745 0.4473
vn -0.8659 0.0024 0.5002
vn -0.7745 0.4473 0.4473
vn -0.8659 0.5003 0.0009
vn -0.4474 0.4473 0.7744
vn -0.7745 0.4473 0.4474
vn -0.4474 0.4474 0.7744
vn -0.4474 0.7744 0.4474
vn -0.7744 0.4474 0.4474
vn -0.5003 -0.8659 -0.0009
vn -0.4473 -0.7745 -0.4473
vn -0.1216 -0.8623 -0.4915
vn -0.8658 -0.5003 -0.0009
vn -0.7744 -0.4474 -0.4473
vn -0.4474 -0.7745 -0.4473
vn -0.8659 -0.0024 -0.5002
vn -0.7745 -0.4473 -0.4473
vn -0.8659 -0.5003 -0.0009
vn -0.5002 -0.0024 -0.8659
vn -0.4474 -0.4473 -0.7744
vn -0.7745 -0.4473 -0.4474
vn -0.0534 -0.0028 -0.9986
vn -0.1216 -0.4915 -0.8623
vn -0.4474 -0.4473 -0.7745
vn -0.1216 -0.4916 -0.8623
vn -0.1216 -0.8623 -0.4916
vn -0.4473 -0.7744 -0.4474
vn -0.4473 -0.4474 -0.7745
vn -0.4474 -0.7744 -0.4474
vn -0.7744 -0.4474 -0.4474
vn -0.4474 -0.4474 -0.7744
vn -0.0534 0.9986 -0.0011
vn -0.1216 0.8624 -0.4915
vn -0.4473 0.7745 -0.4473
vn -0.5002 0.8659 -0.0009
vn -0.1216 0.8623 -0.4916
vn -0.1216 0.4916 -0.8623
vn -0.4473 0.4474 -0.7744
vn -0.4473 0.7744 -0.4474
vn -0.0534 0.0028 -0.9986
vn -0.5002 0.0024 -0.8659
vn -0.4473 0.4473 -0.7745
vn -0.1216 0.4915 -0.8623
vn -0.8659 0.0024 -0.5002
vn -0.7744 0.4473 -0.4474
vn -0.4474 0.4473 -0.7745
vn -0.8659 0.5003 -0.0009
vn -0.7745 0.4473 -0.4473
vn -0.8659 0.0023 -0.5001
vn -0.8658 0.5003 -0.0009
vn -0.5003 0.8659 -0.0009
vn -0.4474 0.7744 -0.4473
vn -0.7744 0.4474 -0.4473
vn -0.4474 0.7744 -0.4474
vn -0.4474 0.4474 -0.7744
vn -0.7744 0.4474 -0.4474
vn 0.5003 -0.8659 0.0009
vn 0.4473 -0.7745 0.4473
vn 0.1216 -0.8623 0.4915
vn 0.8658 -0.5003 0.0009
vn 0.7744 -0.4474 0.4473
vn 0.4474 -0.7745 0.4473
vn 0.8659 -0.0024 0.5002
vn 0.7745 -0.4473 0.4473
vn 0.8659 -0.5003 0.0009
vn 0.5002 -0.0024 0.8659
vn 0.4474 -0.4473 0.7744
vn 0.7745 -0.4473 0.4474
vn 0.0534 -0.0028 0.9986
vn 0.1216 -0.4915 0.8623
vn 0.4474 -0.4473 0.7745
vn 0.1216 -0.4916 0.8623
vn 0.1216 -0.8623 0.4916
vn 0.4473 -0.7744 0.4474
vn 0.4473 -0.4474 0.7745
vn 0.4474 -0.7744 0.4474
vn 0.7744 -0.4474 0.4474
vn 0.4474 -0.4474 0.7744
vn 0.0534 0.9986 0.0011
vn 0.1216 0.8624 0.4915
vn 0.4473 0.7745 0.4473
vn 0.5002 0.8659 0.0009
vn 0.1216 0.8623 0.4916
vn 0.1216 0.4916 0.8623
vn 0.4473 0.4474 0.7744
vn 0.4473 0.7744 0.4474
vn 0.0534 0.0028 0.9986
vn 0.5002 0.0024 0.8659
vn 0.4473 0.4473 0.7745
vn 0.1216 0.4915 0.8623
vn 0.8659 0.0024 0.5002
vn 0.7744 0.4473 0.4474
vn 0.4474 0.4473 0.7745
vn 0.8659 0.5003 0.0009
vn 0.7745 0.4473 0.4473
vn 0.8659 0.0023 0.5001
vn 0.8658 0.5003 0.0009
vn 0.5003 0.8659 0.0009
vn 0.4474 0.7744 0.4473
vn 0.7744 0.4474 0.4473
vn 0.4474 0.7744 0.4474
vn 0.4474 0.4474 0.7744
vn 0.7744 0.4474 0.4474
vn 0.0534 -0.9986 -0.0011
vn 0.1216 -0.8624 -0.4915
vn 0.4473 -0.7745 -0.4473
vn 0.5002 -0.8659 -0.0009
vn 0.1216 -0.8623 -0.4916
vn 0.1216 -0.4916 -0.8623
vn 0.4473 -0.4474 -0.7744
vn 0.4473 -0.7744 -0.4474
vn 0.0534 -0.0028 -0.9986
vn 0.5002 -0.0024 -0.8659
vn 0.4473 -0.4473 -0.7745
vn 0.1216 -0.4915 -0.8623
vn 0.8659 -0.0024 -0.5002
vn 0.7744 -0.4473 -0.4474
vn 0.4474 -0.4473 -0.7745
vn 0.8659 -0.5003 -0.0009
vn 0.7745 -0.4473 -0.4473
vn 0.8659 -0.0023 -0.5001
vn 0.8658 -0.5003 -0.0009
vn 0.5003 -0.8659 -0.0009
vn 0.4474 -0.7744 -0.4473
vn 0.7744 -0.4474 -0.4473
vn 0.4474 -0.7744 -0.4474
vn 0.4474 -0.4474 -0.7744
vn 0.7744 -0.4474 -0.4474
vn 0.5003 0.8659 -0.0009
vn 0.4473 0.7745 -0.4473
vn 0.1216 0.8623 -0.4915
vn 0.8658 0.5003 -0.0009
vn 0.7744 0.4474 -0.4473
vn 0.4474 0.7745 -0.4473
vn 0.8659 0.0024 -0.5002
vn 0.7745 0.4473 -0.4473
vn 0.8659 0.5003 -0.0009
vn 0.5002 0.0024 -0.8659
vn 0.4474 0.4473 -0.7744
vn 0.7745 0.4473 -0.4474
vn 0.0534 0.0028 -0.9986
vn 0.1216 0.4915 -0.8623
vn 0.4474 0.4473 -0.7745
vn 0.1216 0.4916 -0.8623
vn 0.1216 0.8623 -0.4916
vn 0.4473 0.7744 -0.4474
vn 0.4473 0.4474 -0.7745
vn 0.4474 0.7744 -0.4474
vn 0.7744 0.4474 -0.4474
vn 0.4474 0.4474 -0.7744
vn -0.0009 -1.0000 0.0010
vn -0.0008 -0.8659 0.5003
vn -0.0008 -0.8658 0.5003
vn -0.0008 -0.5003 0.8659
vn -0.4473 -0.7745 0.4474
vn -0.0009 -0.0035 1.0000
vn -0.5001 -0.0030 0.8659
vn -0.5002 -0.0029 0.8659
vn -0.8659 -0.0030 0.5002
vn -0.8659 -0.5002 0.0009
vn -0.8660 -0.0029 0.5001
vn -0.8658 -0.5003 0.0008
vn -0.0008 0.5003 0.8659
vn -0.4473 0.4473 0.7745
vn -0.5001 0.0029 0.8659
vn -0.0008 0.5003 0.8658
vn -0.0008 0.8658 0.5003
vn -0.0009 1.0000 0.0010
vn -0.5002 0.8659 0.0009
vn -0.0008 0.8659 0.5003
vn -0.5003 0.8658 0.0008
vn -0.4474 0.7744 0.4473
vn -0.8659 0.0030 0.5001
vn -0.8659 0.0030 0.5002
vn -0.5002 0.0030 0.8659
vn -0.0009 -1.0000 -0.0010
vn -0.0008 -0.8659 -0.5003
vn -0.5003 -0.8658 -0.0008
vn -0.4474 -0.7744 -0.4473
vn -0.8659 -0.0030 -0.5001
vn -0.8659 -0.0030 -0.5002
vn -0.5001 -0.0030 -0.8659
vn -0.0009 -0.0035 -1.0000
vn -0.0008 -0.5003 -0.8659
vn -0.5001 -0.0029 -0.8659
vn -0.0008 -0.5003 -0.8658
vn -0.0008 -0.8658 -0.5003
vn -0.0009 1.0000 -0.0010
vn -0.0008 0.8659 -0.5003
vn -0.0008 0.8658 -0.5003
vn -0.0008 0.5003 -0.8659
vn -0.4473 0.7745 -0.4474
vn -0.5001 0.0030 -0.8660
vn -0.5002 0.0030 -0.8659
vn -0.8659 0.0030 -0.5002
vn -0.8659 0.5002 -0.0009
vn -0.8660 0.0029 -0.5001
vn -0.8658 0.5003 -0.0008
vn 0.0009 -1.0000 0.0010
vn 0.5002 -0.8659 0.0009
vn 0.0007 -0.8659 0.5002
vn 0.5003 -0.8658 0.0009
vn 0.4474 -0.7744 0.4473
vn 1.0000 -0.0035 0.0011
vn 0.8659 -0.0030 0.5001
vn 0.7745 -0.4474 0.4473
vn 0.8659 -0.0030 0.5002
vn 0.5002 -0.0030 0.8659
vn 0.0009 -0.0035 1.0000
vn 0.0008 -0.5003 0.8659
vn 0.5001 -0.0029 0.8659
vn 0.0008 -0.5003 0.8658
vn 0.0008 -0.8658 0.5003
vn 0.0009 1.0000 0.0010
vn 0.0008 0.8659 0.5003
vn 0.4474 0.7745 0.4473
vn 0.0008 0.8658 0.5003
vn 0.0008 0.5003 0.8658
vn 0.4473 0.7745 0.4474
vn 0.5001 0.0030 0.8659
vn 0.0008 0.5003 0.8659
vn 0.5002 0.0030 0.8659
vn 0.8659 0.0030 0.5002
vn 0.8660 0.0029 0.5001
vn 0.8659 0.5003 0.0008
vn 0.5003 0.8658 0.0009
vn 0.0009 -1.0000 -0.0010
vn 0.0008 -0.8659 -0.5003
vn 0.0008 -0.8658 -0.5003
vn 0.0008 -0.5003 -0.8658
vn 0.4473 -0.7745 -0.4474
vn 0.0009 -0.0035 -1.0000
vn 0.5001 -0.0030 -0.8659
vn 0.0007 -0.5002 -0.8659
vn 0.5002 -0.0030 -0.8659
vn 0.8659 -0.0030 -0.5002
vn 0.8660 -0.0029 -0.5001
vn 0.5003 -0.8658 -0.0009
vn 0.0009 1.0000 -0.0010
vn 0.5002 0.8659 -0.0009
vn 0.0007 0.8659 -0.5002
vn 0.5003 0.8658 -0.0009
vn 0.4474 0.7744 -0.4473
vn 0.8659 0.0030 -0.5001
vn 0.7745 0.4474 -0.4473
vn 0.8659 0.0030 -0.5002
vn 0.5002 0.0030 -0.8659
vn 0.7744 0.4473 -0.4474
vn 0.0008 0.5003 -0.8659
vn 0.4473 0.4473 -0.7745
vn 0.5001 0.0029 -0.8659
vn 0.0008 0.5003 -0.8658
vn 0.0008 0.8658 -0.5003
vn -0.1216 -0.8623 0.4915
vn -0.4473 0.7745 0.4474
vn -0.4473 -0.7745 -0.4474
vn -0.1216 0.8623 -0.4915
vn 0.4473 -0.7745 0.4474
vn 0.1216 0.8623 0.4915
vn 0.1216 -0.8623 -0.4915
vn 0.4473 0.7745 -0.4474
vn -0.4473 -0.4474 0.7745
vn -0.1216 0.4915 0.8624
vn -0.5001 0.0023 0.8659
vn -0.8659 0.0023 0.5002
vn -0.8659 -0.0023 -0.5002
vn -0.1216 -0.4915 -0.8624
vn -0.5001 -0.0023 -0.8659
vn -0.4473 0.4474 -0.7745
vn 0.1216 -0.4915 0.8624
vn 0.5001 -0.0023 0.8659
vn 0.4473 0.4474 0.7745
vn 0.8660 0.0023 0.5001
vn 0.7745 0.4474 0.4473
vn 0.4473 -0.4474 -0.7745
vn 0.8660 -0.0023 -0.5001
vn 0.7745 -0.4474 -0.4473
vn 0.1216 0.4915 -0.8624
vn 0.5001 0.0023 -0.8659
vn -0.8659 -0.0023 0.5002
vn -0.5003 -0.8658 0.0009
vn -0.5003 0.8658 0.0009
vn -0.5003 -0.8658 -0.0009
vn -0.8659 0.0023 -0.5002
vn -0.5003 0.8658 -0.0009
vn 0.8659 -0.0023 0.5002
vn 0.8659 0.0023 -0.5002
vn -0.4474 -0.4473 0.7744
vn -0.8660 -0.0023 0.5001
vn -0.4474 0.4473 -0.7744
vn -0.8660 0.0023 -0.5001
vn 1.0000 -0.0028 0.0011
vn 0.8659 -0.0024 0.5001
vn 0.8659 -0.5002 0.0009
vn 1.0000 0.0028 -0.0011
vn 0.8659 0.0024 -0.5001
vn 0.8659 0.5002 -0.0009
vn -0.7745 -0.4474 0.4473
vn -0.4473 0.4474 0.7744
vn -1.0000 0.0027 0.0011
vn -0.7745 0.4474 0.4473
vn -1.0000 -0.0027 -0.0011
vn -0.7745 -0.4474 -0.4473
vn -0.4473 -0.4474 -0.7744
vn -0.7745 0.4474 -0.4473
vn 0.1216 -0.8624 0.4915
vn 1.0000 -0.0027 0.0011
vn 0.1216 0.8624 -0.4915
vn 1.0000 0.0027 -0.0011
vn -0.8659 0.0024 0.5001
vn -0.8659 -0.0024 -0.5001
vn -0.4473 -0.4473 -0.7745
vn 0.4473 -0.4474 0.7744
vn 0.7745 0.4473 0.4474
vn 0.4474 0.4473 0.7744
vn 0.7745 -0.4473 -0.4474
vn 0.4474 -0.4473 -0.7744
vn 0.4473 0.4474 -0.7744
vn -0.8659 -0.0024 0.5001
vn -1.0000 0.0028 0.0011
vn -0.7744 0.4473 0.4474
vn -1.0000 -0.0028 -0.0011
vn -0.7744 -0.4473 -0.4474
vn -0.8659 0.0024 -0.5001
vn 0.7744 -0.4473 0.4474
vn 0.8659 0.0024 0.5001
vn 0.8659 -0.0024 -0.5001
vn -0.1216 0.8624 0.4915
vn -0.1216 -0.8624 -0.4915
vn 0.4473 -0.4473 0.7745
vn -0.5002 -0.8659 0.0008
vn -0.5002 -0.8659 -0.0009
vn -0.5003 -0.8659 0.0008
vn -0.8659 -0.5002 -0.0008
vn -0.8659 -0.5002 0.0008
vn -0.5002 0.0023 0.8659
vn -0.5002 -0.0023 0.8659
vn -1.0000 -0.0028 0.0011
vn -0.5002 0.8659 -0.0008
vn -0.5003 0.8659 -0.0008
vn -0.8659 0.5002 0.0008
vn -0.8659 0.5002 -0.0008
vn -0.5002 -0.0023 -0.8659
vn -0.5002 0.0023 -0.8659
vn -1.0000 0.0028 -0.0011
vn -0.0533 -0.9986 -0.0011
vn -0.1215 -0.8623 -0.4915
vn 0.1215 -0.8623 -0.4915
vn -0.1215 -0.8623 -0.4916
vn 0.1215 -0.4916 -0.8623
vn 0.1215 -0.4915 -0.8623
vn -0.1215 -0.4915 -0.8623
vn 0.0533 -0.0028 -0.9986
vn 0.0533 0.9986 -0.0011
vn 0.1215 0.8623 -0.4915
vn -0.1215 0.8623 -0.4915
vn 0.1215 0.8623 -0.4916
vn -0.1215 0.4916 -0.8623
vn -0.1215 0.4915 -0.8623
vn 0.1215 0.4915 -0.8623
vn -0.0533 0.0028 -0.9986
vn 1.0000 -0.0028 -0.0011
vn 0.8659 -0.0023 -0.5002
vn 0.5002 -0.0023 -0.8659
vn 0.5002 0.0023 -0.8659
vn 0.5002 -0.8659 -0.0008
vn 0.5003 -0.8659 -0.0008
vn 0.8659 -0.5002 0.0008
vn 0.8659 -0.5002 -0.0008
vn 0.5002 0.8659 0.0008
vn 0.5003 0.8659 0.0008
vn 0.8659 0.5002 -0.0008
vn 0.8659 0.5002 0.0008
vn 0.5002 -0.0023 0.8659
vn 0.5002 0.0023 0.8659
vn 0.8659 0.0023 0.5002
vn 1.0000 0.0028 0.0011
vn 0.0533 -0.9986 0.0011
vn 0.1215 -0.8623 0.4915
vn -0.1215 -0.8623 0.4915
vn 0.1215 -0.8623 0.4916
vn -0.1215 -0.4916 0.8623
vn -0.1215 -0.4915 0.8623
vn 0.1215 -0.4915 0.8623
vn -0.0533 -0.0028 0.9986
vn -0.0533 0.9986 0.0011
vn -0.1215 0.8623 0.4915
vn 0.1215 0.8623 0.4915
vn -0.1215 0.8623 0.4916
vn 0.1215 0.4916 0.8623
vn 0.1215 0.4915 0.8623
vn -0.1215 0.4915 0.8623
vn 0.0533 0.0028 0.9986
vn -0.5002 -0.8659 -0.0008
vn -0.5003 -0.8659 -0.0008
vn -0.8659 -0.5003 0.0008
vn -0.8659 -0.5003 -0.0008
vn -0.5001 0.0029 0.8660
vn -0.5001 -0.0029 0.8660
vn -0.5002 0.0029 0.8659
vn -0.8659 0.0029 0.5002
vn -0.8659 -0.0029 0.5002
vn -0.8660 0.0029 0.5001
vn -0.5002 0.8659 0.0008
vn -0.5003 0.8659 0.0008
vn -0.8659 0.5003 -0.0008
vn -0.8659 0.5003 0.0008
vn -0.5001 -0.0029 -0.8660
vn -0.5001 0.0029 -0.8660
vn -0.5002 0.0029 -0.8659
vn -0.5002 -0.0029 -0.8659
vn -0.8659 -0.0029 -0.5002
vn -0.8659 0.0029 -0.5002
vn -0.8660 -0.0029 -0.5001
vn -0.0007 -0.8659 -0.5002
vn 0.0007 -0.8659 -0.5002
vn 0.0007 -0.8658 -0.5003
vn -0.0007 -0.5003 -0.8658
vn 0.0007 -0.5003 -0.8658
vn 0.0007 -0.5003 -0.8659
vn -0.0007 -0.5003 -0.8659
vn -0.0008 0.8659 -0.5002
vn -0.0007 0.8658 -0.5003
vn 0.0007 0.8658 -0.5003
vn 0.0007 0.5003 -0.8658
vn -0.0007 0.5003 -0.8658
vn -0.0007 0.5003 -0.8659
vn 0.0007 0.5003 -0.8659
vn 0.8659 -0.0029 -0.5001
vn 0.8659 0.0029 -0.5001
vn 0.8659 0.0029 -0.5002
vn 0.8659 -0.0029 -0.5002
vn 0.5002 -0.0029 -0.8659
vn 0.5002 0.0029 -0.8659
vn 0.5001 0.0029 -0.8660
vn 0.5001 -0.0029 -0.8660
vn 0.5002 -0.8659 0.0008
vn 0.5003 -0.8658 0.0008
vn 0.5003 -0.8658 -0.0008
vn 0.8658 -0.5003 -0.0008
vn 0.8658 -0.5003 0.0008
vn 0.8659 -0.5003 0.0008
vn 0.8659 -0.5003 -0.0008
vn 0.5002 0.8659 -0.0008
vn 0.5003 0.8659 -0.0008
vn 0.8658 0.5003 0.0008
vn 0.8658 0.5003 -0.0008
vn 0.8659 0.5003 -0.0008
vn 0.5001 -0.0029 0.8660
vn 0.5001 0.0029 0.8660
vn 0.5002 0.0029 0.8659
vn 0.5002 -0.0029 0.8659
vn 0.8659 -0.0029 0.5002
vn 0.8659 0.0029 0.5002
vn 0.8659 0.0029 0.5001
vn 0.8659 -0.0029 0.5001
vn -0.0007 -0.8659 0.5002
vn -0.0007 -0.8658 0.5003
vn 0.0007 -0.5003 0.8658
vn -0.0007 -0.5003 0.8658
vn -0.0007 -0.5003 0.8659
vn 0.0007 -0.5003 0.8659
vn -0.0007 0.8659 0.5002
vn 0.0007 0.8659 0.5002
vn 0.0007 0.8658 0.5003
vn -0.0007 0.8658 0.5003
vn -0.0007 0.5003 0.8658
vn 0.0007 0.5003 0.8658
vn 0.0007 0.5003 0.8659
vn -0.0007 0.5003 0.8659
vn -0.0533 -0.9986 -0.0010
vn 0.0533 0.9986 -0.0010
vn 0.0533 -0.9986 0.0010
vn -0.0533 0.9986 0.0010
vn 0.8659 0.0023 -0.5001
vn 0.8659 -0.0023 0.5001
vn -0.5001 -0.0023 0.8659
vn -0.8659 0.0023 0.5001
vn -0.5001 0.0023 -0.8659
vn -0.8659 -0.0023 -0.5001
vn -0.8658 -0.5003 -0.0008
vn -0.8658 0.5003 0.0008
vn 0.5001 -0.0023 -0.8659
vn 0.5001 0.0023 0.8659
vn 0.1130 -0.5010 -0.8581
vn -0.0000 -0.5010 -0.8655
vn 0.0653 -0.8659 -0.4960
vn -0.0000 -0.8659 -0.5003
vn -0.0000 0.5010 -0.8655
vn 0.1130 0.5010 -0.8581
vn -0.0000 0.8659 -0.5003
vn 0.0653 0.8659 -0.4960
vn 0.2240 -0.5010 -0.8360
vn 0.1295 -0.8659 -0.4832
vn 0.2240 0.5009 -0.8360
vn 0.1295 0.8659 -0.4832
vn 0.3312 -0.5010 -0.7996
vn 0.1914 -0.8659 -0.4622
vn 0.3312 0.5010 -0.7996
vn 0.1914 0.8659 -0.4622
vn 0.4327 -0.5010 -0.7495
vn 0.2501 -0.8659 -0.4332
vn 0.4327 0.5010 -0.7495
vn 0.2501 0.8659 -0.4332
vn 0.5269 -0.5010 -0.6866
vn 0.3045 -0.8659 -0.3969
vn 0.5269 0.5010 -0.6866
vn 0.3045 0.8659 -0.3969
vn 0.6120 -0.5010 -0.6120
vn 0.3537 -0.8659 -0.3537
vn 0.6120 0.5010 -0.6120
vn 0.3537 0.8659 -0.3537
vn 0.6866 -0.5010 -0.5269
vn 0.3969 -0.8659 -0.3045
vn 0.6866 0.5010 -0.5269
vn 0.3969 0.8659 -0.3045
vn 0.7495 -0.5010 -0.4327
vn 0.4332 -0.8659 -0.2501
vn 0.7495 0.5010 -0.4327
vn 0.4332 0.8659 -0.2501
vn 0.7996 -0.5010 -0.3312
vn 0.4622 -0.8659 -0.1914
vn 0.7996 0.5010 -0.3312
vn 0.4622 0.8659 -0.1914
vn 0.8360 -0.5010 -0.2240
vn 0.4832 -0.8659 -0.1295
vn 0.8360 0.5010 -0.2240
vn 0.4832 0.8659 -0.1295
vn 0.8581 -0.5010 -0.1130
vn 0.4960 -0.8659 -0.0653
vn 0.8581 0.5009 -0.1130
vn 0.4960 0.8659 -0.0653
vn 0.8655 -0.5010 -0.0000
vn 0.5003 -0.8659 -0.0000
vn 0.8655 0.5010 -0.0000
vn 0.5003 0.8659 -0.0000
vn 0.8581 -0.5010 0.1130
vn 0.4960 -0.8659 0.0653
vn 0.8581 0.5009 0.1130
vn 0.4960 0.8659 0.0653
vn 0.8360 -0.5010 0.2240
vn 0.4832 -0.8659 0.1295
vn 0.8360 0.5010 0.2240
vn 0.4832 0.8659 0.1295
vn 0.7996 -0.5010 0.3312
vn 0.4622 -0.8659 0.1914
vn 0.7996 0.5010 0.3312
vn 0.4622 0.8659 0.1914
vn 0.7495 -0.5010 0.4327
vn 0.4332 -0.8659 0.2501
vn 0.7495 0.5010 0.4327
vn 0.4332 0.8659 0.2501
vn 0.6866 -0.5010 0.5269
vn 0.3969 -0.8659 0.3045
vn 0.6866 0.5010 0.5269
vn 0.3969 0.8659 0.3045
vn 0.6120 -0.5010 0.6120
vn 0.3537 -0.8659 0.3537
vn 0.6120 0.5010 0.6120
vn 0.3537 0.8659 0.3537
vn 0.5269 -0.5010 0.6866
vn 0.3045 -0.8659 0.3969
vn 0.5269 0.5010 0.6866
vn 0.3045 0.8659 0.3969
vn 0.4327 -0.5010 0.7495
vn 0.2501 -0.8659 0.4332
vn 0.4327 0.5010 0.7495
vn 0.2501 0.8659 0.4332
vn 0.3312 -0.5010 0.7996
vn 0.1914 -0.8659 0.4622
vn 0.3312 0.5010 0.7996
vn 0.1914 0.8659 0.4622
vn 0.2240 -0.5010 0.8360
vn 0.1295 -0.8659 0.4832
vn 0.2240 0.5010 0.8360
vn 0.1295 0.8659 0.4832
vn 0.1130 -0.5010 0.8581
vn 0.0653 -0.8659 0.4960
vn 0.1130 0.5010 0.8581
vn 0.0653 0.8659 0.4960
vn -0.0000 -0.5010 0.8655
vn -0.0000 -0.8659 0.5003
vn -0.0000 0.5010 0.8655
vn -0.0000 0.8659 0.5003
vn -0.1130 -0.5010 0.8581
vn -0.0653 -0.8659 0.4960
vn -0.1130 0.5010 0.8581
vn -0.0653 0.8659 0.4960
vn -0.2240 -0.5010 0.8360
vn -0.1295 -0.8659 0.4832
vn -0.2240 0.5010 0.8360
vn -0.1295 0.8659 0.4832
vn -0.3312 -0.5010 0.7996
vn -0.1914 -0.8659 0.4622
vn -0.3312 0.5010 0.7996
vn -0.1914 0.8659 0.4622
vn -0.4327 -0.5010 0.7495
vn -0.2501 -0.8659 0.4332
vn -0.4327 0.5010 0.7495
vn -0.2501 0.8659 0.4332
vn -0.5269 -0.5010 0.6866
vn -0.3045 -0.8659 0.3969
vn -0.5269 0.5010 0.6866
vn -0.3045 0.8659 0.3969
vn -0.6120 -0.5009 0.6120
vn -0.3537 -0.8659 0.3537
vn -0.6120 0.5010 0.6120
vn -0.3537 0.8659 0.3537
vn -0.6866 -0.5010 0.5269
vn -0.3969 -0.8659 0.3045
vn -0.6866 0.5010 0.5269
vn -0.3969 0.8659 0.3045
vn -0.7495 -0.5010 0.4327
vn -0.4332 -0.8659 0.2501
vn -0.7495 0.5010 0.4327
vn -0.4332 0.8659 0.2501
vn -0.7996 -0.5010 0.3312
vn -0.4622 -0.8659 0.1914
vn -0.7996 0.5010 0.3312
vn -0.4622 0.8659 0.1914
vn -0.8360 -0.5010 0.2240
vn -0.4832 -0.8659 0.1295
vn -0.8360 0.5010 0.2240
vn -0.4832 0.8659 0.1295
vn -0.8581 -0.5010 0.1130
vn -0.4960 -0.8659 0.0653
vn -0.8581 0.5010 0.1130
vn -0.4960 0.8659 0.0653
vn -0.8655 -0.5010 -0.0000
vn -0.5003 -0.8659 -0.0000
vn -0.8655 0.5010 -0.0000
vn -0.5003 0.8659 -0.0000
vn -0.8581 -0.5010 -0.1130
vn -0.4960 -0.8659 -0.0653
vn -0.8581 0.5010 -0.1130
vn -0.4960 0.8659 -0.0653
vn -0.8360 -0.5010 -0.2240
vn -0.4832 -0.8659 -0.1295
vn -0.8360 0.5010 -0.2240
vn -0.4832 0.8659 -0.1295
vn -0.7996 -0.5010 -0.3312
vn -0.4622 -0.8659 -0.1914
vn -0.7996 0.5010 -0.3312
vn -0.4622 0.8659 -0.1914
vn -0.7495 -0.5010 -0.4327
vn -0.4332 -0.8659 -0.2501
vn -0.7495 0.5010 -0.4327
vn -0.4332 0.8659 -0.2501
vn -0.6866 -0.5010 -0.5269
vn -0.3969 -0.8659 -0.3045
vn -0.6866 0.5010 -0.5269
vn -0.3969 0.8659 -0.3045
vn -0.6120 -0.5009 -0.6120
vn -0.3537 -0.8659 -0.3537
vn -0.6120 0.5010 -0.6120
vn -0.3537 0.8659 -0.3537
vn -0.5269 -0.5010 -0.6866
vn -0.3045 -0.8659 -0.3969
vn -0.5269 0.5009 -0.6866
vn -0.3045 0.8659 -0.3969
vn -0.4327 -0.5010 -0.7495
vn -0.2501 -0.8659 -0.4332
vn -0.4327 0.5010 -0.7495
vn -0.2501 0.8659 -0.4332
vn -0.3312 -0.5010 -0.7996
vn -0.1914 -0.8659 -0.4622
vn -0.3312 0.5010 -0.7996
vn -0.1914 0.8659 -0.4622
vn -0.2240 -0.5010 -0.8360
vn -0.1295 -0.8659 -0.4832
vn -0.2240 0.5010 -0.8360
vn -0.1295 0.8659 -0.4832
vn -0.1130 -0.5010 -0.8581
vn -0.0653 -0.8659 -0.4960
vn -0.1130 0.5010 -0.8581
vn -0.0653 0.8659 -0.4960
vn 0.1130 -0.5009 -0.8581
vn -0.0000 -0.5009 -0.8655
vn 0.0653 -0.8658 -0.4961
vn -0.0000 -0.8658 -0.5004
vn -0.0000 0.5009 -0.8655
vn 0.1130 0.5009 -0.8581
vn -0.0000 0.8658 -0.5004
vn 0.0653 0.8658 -0.4961
vn 0.2240 -0.5009 -0.8360
vn 0.1295 -0.8658 -0.4833
vn 0.1295 0.8658 -0.4833
vn 0.3312 -0.5009 -0.7996
vn 0.1915 -0.8658 -0.4623
vn 0.3312 0.5009 -0.7996
vn 0.1915 0.8658 -0.4623
vn 0.4327 -0.5009 -0.7495
vn 0.2502 -0.8658 -0.4333
vn 0.4327 0.5009 -0.7495
vn 0.2502 0.8658 -0.4333
vn 0.5269 -0.5009 -0.6866
vn 0.3046 -0.8658 -0.3970
vn 0.5269 0.5009 -0.6867
vn 0.3046 0.8658 -0.3970
vn 0.6120 -0.5009 -0.6120
vn 0.3538 -0.8658 -0.3538
vn 0.6120 0.5009 -0.6120
vn 0.3538 0.8658 -0.3538
vn 0.6866 -0.5009 -0.5269
vn 0.3970 -0.8658 -0.3046
vn 0.6866 0.5009 -0.5269
vn 0.3970 0.8658 -0.3046
vn 0.7495 -0.5009 -0.4327
vn 0.4333 -0.8658 -0.2502
vn 0.7496 0.5009 -0.4328
vn 0.4333 0.8658 -0.2502
vn 0.7996 -0.5009 -0.3312
vn 0.4623 -0.8658 -0.1915
vn 0.7996 0.5009 -0.3312
vn 0.4623 0.8658 -0.1915
vn 0.8360 -0.5009 -0.2240
vn 0.4833 -0.8658 -0.1295
vn 0.8360 0.5009 -0.2240
vn 0.4833 0.8658 -0.1295
vn 0.8581 -0.5009 -0.1130
vn 0.4961 -0.8658 -0.0653
vn 0.4961 0.8658 -0.0653
vn 0.8655 -0.5009 -0.0000
vn 0.5004 -0.8658 -0.0000
vn 0.8655 0.5009 -0.0000
vn 0.5004 0.8658 -0.0000
vn 0.8581 -0.5009 0.1130
vn 0.4961 -0.8658 0.0653
vn 0.4961 0.8658 0.0653
vn 0.8360 -0.5009 0.2240
vn 0.4833 -0.8658 0.1295
vn 0.8360 0.5009 0.2240
vn 0.4833 0.8658 0.1295
vn 0.7996 -0.5009 0.3312
vn 0.4623 -0.8658 0.1915
vn 0.7996 0.5009 0.3312
vn 0.4623 0.8658 0.1915
vn 0.7495 -0.5009 0.4327
vn 0.4333 -0.8658 0.2502
vn 0.7496 0.5009 0.4328
vn 0.4333 0.8658 0.2502
vn 0.6866 -0.5009 0.5269
vn 0.3970 -0.8658 0.3046
vn 0.6866 0.5009 0.5269
vn 0.3970 0.8658 0.3046
vn 0.6120 -0.5009 0.6120
vn 0.3538 -0.8658 0.3538
vn 0.6120 0.5009 0.6120
vn 0.3538 0.8658 0.3538
vn 0.5269 -0.5009 0.6866
vn 0.3046 -0.8658 0.3970
vn 0.5269 0.5009 0.6866
vn 0.3046 0.8658 0.3970
vn 0.4327 -0.5009 0.7495
vn 0.2502 -0.8658 0.4333
vn 0.4327 0.5009 0.7495
vn 0.2502 0.8658 0.4333
vn 0.3312 -0.5009 0.7996
vn 0.1915 -0.8658 0.4623
vn 0.3312 0.5009 0.7996
vn 0.1915 0.8658 0.4623
vn 0.2240 -0.5009 0.8360
vn 0.1295 -0.8658 0.4833
vn 0.2240 0.5009 0.8360
vn 0.1295 0.8658 0.4833
vn 0.1130 -0.5009 0.8581
vn 0.0653 -0.8658 0.4961
vn 0.1130 0.5009 0.8581
vn 0.0653 0.8658 0.4961
vn -0.0000 -0.5009 0.8655
vn -0.0000 -0.8658 0.5004
vn -0.0000 0.5009 0.8655
vn -0.0000 0.8658 0.5004
vn -0.1130 -0.5009 0.8581
vn -0.0653 -0.8658 0.4961
vn -0.1130 0.5009 0.8581
vn -0.0653 0.8658 0.4961
vn -0.2240 -0.5009 0.8360
vn -0.1295 -0.8658 0.4833
vn -0.2240 0.5009 0.8360
vn -0.1295 0.8658 0.4833
vn -0.3312 -0.5009 0.7996
vn -0.1915 -0.8658 0.4623
vn -0.3312 0.5009 0.7996
vn -0.1915 0.8658 0.4623
vn -0.4327 -0.5009 0.7495
vn -0.2502 -0.8658 0.4333
vn -0.4327 0.5009 0.7495
vn -0.2502 0.8658 0.4333
vn -0.5269 -0.5009 0.6866
vn -0.3046 -0.8658 0.3970
vn -0.5269 0.5009 0.6866
vn -0.3046 0.8658 0.3970
vn -0.3538 -0.8658 0.3538
vn -0.6120 0.5009 0.6120
vn -0.3538 0.8658 0.3538
vn -0.6866 -0.5009 0.5269
vn -0.3970 -0.8658 0.3046
vn -0.6866 0.5009 0.5269
vn -0.3970 0.8658 0.3046
vn -0.7495 -0.5009 0.4327
vn -0.4333 -0.8658 0.2502
vn -0.7495 0.5009 0.4327
vn -0.4333 0.8658 0.2502
vn -0.7996 -0.5009 0.3312
vn -0.4623 -0.8658 0.1915
vn -0.7996 0.5009 0.3312
vn -0.4623 0.8658 0.1915
vn -0.8360 -0.5009 0.2240
vn -0.4833 -0.8658 0.1295
vn -0.8360 0.5009 0.2240
vn -0.4833 0.8658 0.1295
vn -0.8581 -0.5009 0.1130
vn -0.4961 -0.8658 0.0653
vn -0.8581 0.5009 0.1130
vn -0.4961 0.8658 0.0653
vn -0.8655 -0.5009 -0.0000
vn -0.5004 -0.8658 -0.0000
vn -0.8655 0.5009 -0.0000
vn -0.5004 0.8658 -0.0000
vn -0.8581 -0.5009 -0.1130
vn -0.4961 -0.8658 -0.0653
vn -0.8581 0.5009 -0.1130
vn -0.4961 0.8658 -0.0653
vn -0.8360 -0.5009 -0.2240
vn -0.4833 -0.8658 -0.1295
vn -0.8360 0.5009 -0.2240
vn -0.4833 0.8658 -0.1295
vn -0.7996 -0.5009 -0.3312
vn -0.4623 -0.8658 -0.1915
vn -0.7996 0.5009 -0.3312
vn -0.4623 0.8658 -0.1915
vn -0.7495 -0.5009 -0.4327
vn -0.4333 -0.8658 -0.2502
vn -0.7495 0.5009 -0.4327
vn -0.4333 0.8658 -0.2502
vn -0.6866 -0.5009 -0.5269
vn -0.3970 -0.8658 -0.3046
vn -0.6866 0.5009 -0.5269
vn -0.3970 0.8658 -0.3046
vn -0.3538 -0.8658 -0.3538
vn -0.6120 0.5009 -0.6120
vn -0.3538 0.8658 -0.3538
vn -0.5269 -0.5009 -0.6866
vn -0.3046 -0.8658 -0.3970
vn -0.3046 0.8658 -0.3970
vn -0.4327 -0.5009 -0.7495
vn -0.2502 -0.8658 -0.4333
vn -0.4327 0.5009 -0.7495
vn -0.2502 0.8658 -0.4333
vn -0.3312 -0.5009 -0.7996
vn -0.1915 -0.8658 -0.4623
vn -0.3312 0.5009 -0.7996
vn -0.1915 0.8658 -0.4623
vn -0.2240 -0.5009 -0.8360
vn -0.1295 -0.8658 -0.4833
vn -0.2240 0.5009 -0.8360
vn -0.1295 0.8658 -0.4833
vn -0.1130 -0.5009 -0.8581
vn -0.0653 -0.8658 -0.4961
vn -0.1130 0.5009 -0.8581
vn -0.0653 0.8658 -0.4961
vt 0.380000 0.812500
vt 0.620000 0.812500
vt 0.620000 0.937500
vt 0.380000 0.937500
vt 0.380000 0.501894
vt 0.620000 0.501894
vt 0.620000 0.748106
vt 0.380000 0.748106
vt 0.126645 0.501838
vt 0.373355 0.501838
vt 0.373355 0.748162
vt 0.126645 0.748162
vt 0.687500 0.501894
vt 0.812500 0.501894
vt 0.812500 0.748106
vt 0.687500 0.748106
vt 0.380000 0.001894
vt 0.620000 0.001894
vt 0.620000 0.248106
vt 0.380000 0.248106
vt 0.380000 0.312500
vt 0.620000 0.312500
vt 0.620000 0.437500
vt 0.380000 0.437500
vt 0.381250 0.751645
vt 0.618750 0.751645
vt 0.618750 0.998355
vt 0.381250 0.998355
vt 0.381250 0.501838
vt 0.618750 0.501838
vt 0.618750 0.748162
vt 0.381250 0.748162
vt 0.187500 0.501894
vt 0.312500 0.501894
vt 0.312500 0.748106
vt 0.187500 0.748106
vt 0.626645 0.501838
vt 0.873355 0.501838
vt 0.873355 0.748162
vt 0.626645 0.748162
vt 0.381250 0.001838
vt 0.618750 0.001838
vt 0.618750 0.248162
vt 0.381250 0.248162
vt 0.381250 0.251645
vt 0.618750 0.251645
vt 0.618750 0.498355
vt 0.381250 0.498355
vt 0.380000 0.812500
vt 0.620000 0.812500
vt 0.620000 0.937500
vt 0.687500 0.501894
vt 0.812500 0.501894
vt 0.380000 0.312500
vt 0.620000 0.312500
vt 0.620000 0.437500
vt 0.187500 0.501894
vt 0.312500 0.501894
vt 0.312500 0.748106
vt 0.187500 0.748106
vt 0.380000 0.812500
vt 0.620000 0.812500
vt 0.620000 0.937500
vt 0.380000 0.937500
vt 0.687500 0.501894
vt 0.812500 0.501894
vt 0.687500 0.748106
vt 0.380000 0.312500
vt 0.620000 0.312500
vt 0.620000 0.437500
vt 0.380000 0.437500
vt 0.187500 0.501894
vt 0.312500 0.501894
vt 0.312500 0.748106
vt 0.187500 0.748106
vt 0.380000 0.812500
vt 0.620000 0.812500
vt 0.620000 0.937500
vt 0.380000 0.937500
vt 0.687500 0.501894
vt 0.812500 0.501894
vt 0.812500 0.748106
vt 0.687500 0.748106
vt 0.380000 0.312500
vt 0.620000 0.312500
vt 0.620000 0.437500
vt 0.380000 0.437500
vt 0.750000 0.486564
vt 0.780878 0.484540
vt 0.811227 0.478503
vt 0.840529 0.468557
vt 0.868282 0.454870
vt 0.894011 0.437679
vt 0.917276 0.417276
vt 0.937679 0.394011
vt 0.954870 0.368282
vt 0.968557 0.340529
vt 0.978503 0.311227
vt 0.984540 0.280878
vt 0.986564 0.250000
vt 0.984540 0.219122
vt 0.978503 0.188773
vt 0.968557 0.159471
vt 0.954870 0.131718
vt 0.937679 0.105989
vt 0.917276 0.082724
vt 0.894011 0.062321
vt 0.868282 0.045130
vt 0.840529 0.031443
vt 0.811227 0.021497
vt 0.780878 0.015460
vt 0.750000 0.013436
vt 0.719122 0.015460
vt 0.688773 0.021497
vt 0.659471 0.031443
vt 0.631718 0.045129
vt 0.605989 0.062321
vt 0.582724 0.082724
vt 0.562321 0.105989
vt 0.545130 0.131718
vt 0.531443 0.159471
vt 0.521497 0.188773
vt 0.515460 0.219122
vt 0.513436 0.250000
vt 0.515460 0.280878
vt 0.521497 0.311227
vt 0.531443 0.340529
vt 0.545130 0.368282
vt 0.562321 0.394011
vt 0.582724 0.417276
vt 0.605989 0.437679
vt 0.631718 0.454871
vt 0.659471 0.468557
vt 0.688773 0.478503
vt 0.719122 0.484540
vt 0.020834 0.527778
vt 0.020834 0.972222
vt 0.000000 0.972222
vt 0.000000 0.527778
vt 0.958333 0.527778
vt 0.958333 0.972222
vt 0.937500 0.972222
vt 0.937500 0.527778
vt 0.916667 0.972222
vt 0.916667 0.527778
vt 0.916667 0.527778
vt 0.895833 0.972222
vt 0.895833 0.527778
vt 0.895833 0.527778
vt 0.895833 0.972222
vt 0.875000 0.972222
vt 0.875000 0.527778
vt 0.875000 0.527778
vt 0.875000 0.972222
vt 0.854167 0.972222
vt 0.854167 0.527778
vt 0.854167 0.527778
vt 0.854167 0.972222
vt 0.833333 0.972222
vt 0.833333 0.527778
vt 0.812500 0.972222
vt 0.812500 0.527778
vt 0.791667 0.972222
vt 0.791667 0.527778
vt 0.770834 0.972222
vt 0.770833 0.527778
vt 0.770834 0.527778
vt 0.750000 0.972222
vt 0.750000 0.527778
vt 0.729167 0.972222
vt 0.729167 0.527778
vt 0.708334 0.972222
vt 0.708334 0.527778
vt 0.687500 0.972222
vt 0.687500 0.527778
vt 0.666667 0.972222
vt 0.666667 0.527778
vt 0.645834 0.972222
vt 0.645834 0.527778
vt 0.625000 0.972222
vt 0.625000 0.527778
vt 0.604167 0.972222
vt 0.604167 0.527778
vt 0.583334 0.972222
vt 0.583334 0.527778
vt 0.562500 0.972222
vt 0.562500 0.527778
vt 0.541667 0.972222
vt 0.541667 0.527778
vt 0.541667 0.527778
vt 0.541667 0.972222
vt 0.520834 0.972222
vt 0.520834 0.527778
vt 0.500000 0.972222
vt 0.500000 0.527778
vt 0.479167 0.972222
vt 0.479167 0.527778
vt 0.479167 0.527778
vt 0.479167 0.972222
vt 0.458334 0.972222
vt 0.458334 0.527778
vt 0.458334 0.527778
vt 0.458334 0.972222
vt 0.437500 0.972222
vt 0.437500 0.527778
vt 0.416667 0.972222
vt 0.416667 0.527778
vt 0.395834 0.972222
vt 0.395834 0.527778
vt 0.375000 0.972222
vt 0.375000 0.527778
vt 0.354167 0.972222
vt 0.354167 0.527778
vt 0.354167 0.527778
vt 0.354167 0.972222
vt 0.333334 0.972222
vt 0.333334 0.527778
vt 0.312500 0.972222
vt 0.312500 0.527778
vt 0.291667 0.972222
vt 0.291667 0.527778
vt 0.270834 0.972222
vt 0.270834 0.527778
vt 0.250000 0.972222
vt 0.250000 0.527778
vt 0.229167 0.972222
vt 0.229167 0.527778
vt 0.208334 0.972222
vt 0.208334 0.527778
vt 0.187500 0.972222
vt 0.187500 0.527778
vt 0.166667 0.972222
vt 0.166667 0.527778
vt 0.145834 0.972222
vt 0.145834 0.527778
vt 0.125000 0.972222
vt 0.125000 0.527778
vt 0.104167 0.972222
vt 0.104167 0.527778
vt 0.083334 0.972222
vt 0.083334 0.527778
vt 0.083334 0.527778
vt 0.083334 0.972222
vt 0.062500 0.972222
vt 0.062500 0.527778
vt 0.041667 0.972222
vt 0.041667 0.527778
vt 0.979167 0.527778
vt 0.979167 0.972222
vt 0.750000 0.486121
vt 0.780820 0.484101
vt 0.811113 0.478075
vt 0.840359 0.468147
vt 0.868060 0.454487
vt 0.893741 0.437327
vt 0.916963 0.416963
vt 0.937327 0.393741
vt 0.954486 0.368060
vt 0.968147 0.340360
vt 0.978075 0.311113
vt 0.984101 0.280820
vt 0.986120 0.250000
vt 0.984101 0.219180
vt 0.978075 0.188887
vt 0.968147 0.159640
vt 0.954486 0.131940
vt 0.937327 0.106259
vt 0.916963 0.083037
vt 0.893741 0.062673
vt 0.868060 0.045513
vt 0.840360 0.031853
vt 0.811113 0.021925
vt 0.780820 0.015899
vt 0.750000 0.013879
vt 0.719180 0.015899
vt 0.688887 0.021925
vt 0.659640 0.031853
vt 0.631940 0.045513
vt 0.606259 0.062673
vt 0.583038 0.083037
vt 0.562673 0.106259
vt 0.545513 0.131940
vt 0.531853 0.159641
vt 0.521925 0.188887
vt 0.515899 0.219180
vt 0.513879 0.250000
vt 0.515899 0.280820
vt 0.521925 0.311113
vt 0.531853 0.340360
vt 0.545514 0.368060
vt 0.562673 0.393741
vt 0.583037 0.416963
vt 0.606259 0.437327
vt 0.631940 0.454487
vt 0.659640 0.468147
vt 0.688887 0.478075
vt 0.719180 0.484101
vt 0.280878 0.484540
vt 0.250000 0.486564
vt 0.219122 0.484540
vt 0.188773 0.478503
vt 0.159471 0.468557
vt 0.131718 0.454871
vt 0.105989 0.437679
vt 0.082724 0.417276
vt 0.062321 0.394011
vt 0.045130 0.368282
vt 0.031443 0.340529
vt 0.021497 0.311227
vt 0.015460 0.280878
vt 0.013436 0.250000
vt 0.015460 0.219122
vt 0.021497 0.188773
vt 0.031443 0.159471
vt 0.045130 0.131718
vt 0.062321 0.105989
vt 0.082724 0.082724
vt 0.105989 0.062321
vt 0.131718 0.045130
vt 0.159471 0.031443
vt 0.188773 0.021497
vt 0.219122 0.015460
vt 0.250000 0.013436
vt 0.280878 0.015460
vt 0.311227 0.021497
vt 0.340529 0.031443
vt 0.368282 0.045130
vt 0.394011 0.062321
vt 0.417276 0.082724
vt 0.437679 0.105989
vt 0.454870 0.131718
vt 0.468557 0.159471
vt 0.478503 0.188773
vt 0.484540 0.219122
vt 0.486564 0.250000
vt 0.484540 0.280878
vt 0.478503 0.311227
vt 0.468557 0.340529
vt 0.454871 0.368282
vt 0.437679 0.394011
vt 0.417276 0.417276
vt 0.394011 0.437679
vt 0.368282 0.454870
vt 0.340529 0.468557
vt 0.311227 0.478503
vt 1.000000 0.527778
vt 1.000000 0.972222
vt 0.020834 0.517857
vt 0.020834 0.982143
vt 0.000000 0.982143
vt 0.000000 0.517857
vt 0.958333 0.517857
vt 0.958333 0.982143
vt 0.937500 0.982143
vt 0.937500 0.517857
vt 0.937500 0.517857
vt 0.937500 0.982143
vt 0.916667 0.982143
vt 0.916667 0.517857
vt 0.916667 0.517857
vt 0.895833 0.982143
vt 0.895833 0.517857
vt 0.875000 0.982143
vt 0.875000 0.517857
vt 0.875000 0.517857
vt 0.854167 0.982143
vt 0.854167 0.517857
vt 0.833333 0.982143
vt 0.833333 0.517857
vt 0.812500 0.982143
vt 0.812500 0.517857
vt 0.791667 0.982143
vt 0.791667 0.517857
vt 0.770834 0.982143
vt 0.770834 0.517857
vt 0.750000 0.982143
vt 0.750000 0.517857
vt 0.729167 0.982143
vt 0.729167 0.517857
vt 0.708334 0.982143
vt 0.708334 0.517857
vt 0.687500 0.982143
vt 0.687500 0.517857
vt 0.666667 0.982143
vt 0.666667 0.517857
vt 0.645834 0.982143
vt 0.645834 0.517857
vt 0.625000 0.982143
vt 0.625000 0.517857
vt 0.625000 0.517857
vt 0.604167 0.982143
vt 0.604167 0.517857
vt 0.604167 0.517857
vt 0.583334 0.982143
vt 0.583334 0.517857
vt 0.583334 0.517857
vt 0.583334 0.982143
vt 0.562500 0.982143
vt 0.562500 0.517857
vt 0.562500 0.517857
vt 0.541667 0.982143
vt 0.541667 0.517857
vt 0.541667 0.517857
vt 0.520834 0.982143
vt 0.520834 0.517857
vt 0.520834 0.517857
vt 0.500000 0.982143
vt 0.500000 0.517857
vt 0.479167 0.982143
vt 0.479167 0.517857
vt 0.479167 0.982143
vt 0.458334 0.982143
vt 0.458334 0.517857
vt 0.458334 0.517857
vt 0.458334 0.982143
vt 0.437500 0.982143
vt 0.437500 0.517857
vt 0.437500 0.517857
vt 0.437500 0.982143
vt 0.416667 0.982143
vt 0.416667 0.517857
vt 0.416667 0.517857
vt 0.416667 0.982143
vt 0.395834 0.982143
vt 0.395834 0.517857
vt 0.395834 0.982143
vt 0.375000 0.982143
vt 0.375000 0.517857
vt 0.354167 0.982143
vt 0.354167 0.517857
vt 0.333334 0.982143
vt 0.333334 0.517857
vt 0.312500 0.982143
vt 0.312500 0.517857
vt 0.312500 0.517857
vt 0.291667 0.982143
vt 0.291667 0.517857
vt 0.270834 0.982143
vt 0.270834 0.517857
vt 0.250000 0.982143
vt 0.250000 0.517857
vt 0.229167 0.982143
vt 0.229167 0.517857
vt 0.208334 0.982143
vt 0.208334 0.517857
vt 0.187500 0.982143
vt 0.187500 0.517857
vt 0.187500 0.517857
vt 0.166667 0.982143
vt 0.166667 0.517857
vt 0.166667 0.517857
vt 0.145834 0.982143
vt 0.145834 0.517857
vt 0.125000 0.982143
vt 0.125000 0.517857
vt 0.104167 0.982143
vt 0.104167 0.517857
vt 0.104167 0.517857
vt 0.083334 0.982143
vt 0.083334 0.517857
vt 0.083334 0.982143
vt 0.062500 0.982143
vt 0.062500 0.517857
vt 0.062500 0.517857
vt 0.041667 0.982143
vt 0.041667 0.517857
vt 0.979167 0.517857
vt 0.979167 0.982143
vt 0.280820 0.484101
vt 0.250000 0.486121
vt 0.219180 0.484101
vt 0.188887 0.478075
vt 0.159640 0.468147
vt 0.131940 0.454487
vt 0.106259 0.437327
vt 0.083037 0.416963
vt 0.062673 0.393741
vt 0.045513 0.368060
vt 0.031853 0.340360
vt 0.021925 0.311113
vt 0.015899 0.280820
vt 0.013879 0.250000
vt 0.015899 0.219180
vt 0.021925 0.188887
vt 0.031853 0.159641
vt 0.045513 0.131940
vt 0.062673 0.106259
vt 0.083037 0.083037
vt 0.106259 0.062673
vt 0.131940 0.045513
vt 0.159640 0.031853
vt 0.188887 0.021925
vt 0.219180 0.015899
vt 0.250000 0.013879
vt 0.280820 0.015899
vt 0.311113 0.021925
vt 0.340360 0.031853
vt 0.368060 0.045513
vt 0.393741 0.062673
vt 0.416963 0.083037
vt 0.437327 0.106259
vt 0.454487 0.131940
vt 0.468147 0.159640
vt 0.478075 0.188887
vt 0.484101 0.219180
vt 0.486121 0.250000
vt 0.484101 0.280820
vt 0.478075 0.311113
vt 0.468147 0.340360
vt 0.454487 0.368060
vt 0.437327 0.393741
vt 0.416963 0.416963
vt 0.393741 0.437327
vt 0.368060 0.454487
vt 0.340360 0.468147
vt 0.311113 0.478075
vt 1.000000 0.517857
vt 1.000000 0.982143
vt 0.750000 0.833333
vt 0.750000 0.875000
vt 0.729167 0.875000
vt 0.729167 0.833333
vt 0.750000 0.208333
vt 0.750000 0.250000
vt 0.729167 0.250000
vt 0.729167 0.208333
vt 0.750000 0.500000
vt 0.750000 0.541667
vt 0.729167 0.541667
vt 0.729167 0.500000
vt 0.750000 0.791667
vt 0.729167 0.791667
vt 0.750000 0.166667
vt 0.729167 0.166667
vt 0.750000 0.458333
vt 0.729167 0.458333
vt 0.750000 0.750000
vt 0.729167 0.750000
vt 0.750000 0.125000
vt 0.729167 0.125000
vt 0.750000 0.416667
vt 0.729167 0.416667
vt 0.750000 0.708333
vt 0.729167 0.708333
vt 0.750000 0.083333
vt 0.729167 0.083333
vt 0.750000 0.375000
vt 0.729167 0.375000
vt 0.750000 0.666667
vt 0.729167 0.666667
vt 0.750000 0.041667
vt 0.729167 0.041667
vt 0.750000 0.958333
vt 0.739583 1.000000
vt 0.729167 0.958333
vt 0.750000 0.333333
vt 0.729167 0.333333
vt 0.750000 0.625000
vt 0.729167 0.625000
vt 0.739583 0.000000
vt 0.750000 0.916667
vt 0.729167 0.916667
vt 0.750000 0.291667
vt 0.729167 0.291667
vt 0.750000 0.583333
vt 0.729167 0.583333
vt 0.708333 0.958333
vt 0.708333 0.916667
vt 0.708333 0.333333
vt 0.708333 0.291667
vt 0.708333 0.625000
vt 0.708333 0.583333
vt 0.708333 0.875000
vt 0.708333 0.250000
vt 0.708333 0.541667
vt 0.708333 0.833333
vt 0.708333 0.208333
vt 0.708333 0.500000
vt 0.708333 0.791667
vt 0.708333 0.166667
vt 0.708333 0.458333
vt 0.708333 0.750000
vt 0.708333 0.125000
vt 0.708333 0.416667
vt 0.708333 0.708333
vt 0.708333 0.083333
vt 0.708333 0.375000
vt 0.708333 0.666667
vt 0.708333 0.041667
vt 0.718750 1.000000
vt 0.718750 0.000000
vt 0.687500 0.833333
vt 0.687500 0.791667
vt 0.687500 0.208333
vt 0.687500 0.166667
vt 0.687500 0.500000
vt 0.687500 0.458333
vt 0.687500 0.750000
vt 0.687500 0.125000
vt 0.687500 0.416667
vt 0.687500 0.708333
vt 0.687500 0.083333
vt 0.687500 0.375000
vt 0.687500 0.666667
vt 0.687500 0.041667
vt 0.697917 1.000000
vt 0.687500 0.958333
vt 0.687500 0.333333
vt 0.687500 0.625000
vt 0.697917 0.000000
vt 0.687500 0.916667
vt 0.687500 0.291667
vt 0.687500 0.583333
vt 0.687500 0.875000
vt 0.687500 0.250000
vt 0.687500 0.541667
vt 0.666667 0.416667
vt 0.666667 0.375000
vt 0.666667 0.708333
vt 0.666667 0.666667
vt 0.666667 0.083333
vt 0.666667 0.041667
vt 0.677083 1.000000
vt 0.666667 0.958333
vt 0.666667 0.333333
vt 0.666667 0.625000
vt 0.677083 0.000000
vt 0.666667 0.916667
vt 0.666667 0.291667
vt 0.666667 0.583333
vt 0.666667 0.875000
vt 0.666667 0.250000
vt 0.666667 0.541667
vt 0.666667 0.833333
vt 0.666667 0.208333
vt 0.666667 0.500000
vt 0.666667 0.791667
vt 0.666667 0.166667
vt 0.666667 0.458333
vt 0.666667 0.750000
vt 0.666667 0.125000
vt 0.645833 0.916667
vt 0.645833 0.875000
vt 0.645833 0.291667
vt 0.645833 0.250000
vt 0.645833 0.583333
vt 0.645833 0.541667
vt 0.645833 0.833333
vt 0.645833 0.208333
vt 0.645833 0.500000
vt 0.645833 0.791667
vt 0.645833 0.166667
vt 0.645833 0.458333
vt 0.645833 0.750000
vt 0.645833 0.125000
vt 0.645833 0.416667
vt 0.645833 0.708333
vt 0.645833 0.083333
vt 0.645833 0.375000
vt 0.645833 0.666667
vt 0.645833 0.041667
vt 0.656250 1.000000
vt 0.645833 0.958333
vt 0.645833 0.333333
vt 0.645833 0.625000
vt 0.656250 0.000000
vt 0.625000 0.791667
vt 0.625000 0.750000
vt 0.625000 0.166667
vt 0.625000 0.125000
vt 0.625000 0.458333
vt 0.625000 0.416667
vt 0.625000 0.708333
vt 0.625000 0.083333
vt 0.625000 0.375000
vt 0.625000 0.666667
vt 0.625000 0.041667
vt 0.635417 1.000000
vt 0.625000 0.958333
vt 0.625000 0.333333
vt 0.625000 0.625000
vt 0.635417 0.000000
vt 0.625000 0.916667
vt 0.625000 0.291667
vt 0.625000 0.583333
vt 0.625000 0.875000
vt 0.625000 0.250000
vt 0.625000 0.541667
vt 0.625000 0.833333
vt 0.625000 0.208333
vt 0.625000 0.500000
vt 0.604167 0.375000
vt 0.604167 0.333333
vt 0.604167 0.666667
vt 0.604167 0.625000
vt 0.614583 0.000000
vt 0.604167 0.041667
vt 0.604167 0.958333
vt 0.604167 0.916667
vt 0.604167 0.291667
vt 0.604167 0.583333
vt 0.604167 0.875000
vt 0.604167 0.250000
vt 0.604167 0.541667
vt 0.604167 0.833333
vt 0.604167 0.208333
vt 0.604167 0.500000
vt 0.604167 0.791667
vt 0.604167 0.166667
vt 0.604167 0.458333
vt 0.604167 0.750000
vt 0.604167 0.125000
vt 0.604167 0.416667
vt 0.604167 0.708333
vt 0.604167 0.083333
vt 0.614583 1.000000
vt 0.583333 0.875000
vt 0.583333 0.833333
vt 0.583333 0.250000
vt 0.583333 0.208333
vt 0.583333 0.541667
vt 0.583333 0.500000
vt 0.583333 0.791667
vt 0.583333 0.166667
vt 0.583333 0.458333
vt 0.583333 0.750000
vt 0.583333 0.125000
vt 0.583333 0.416667
vt 0.583333 0.708333
vt 0.583333 0.083333
vt 0.583333 0.375000
vt 0.583333 0.666667
vt 0.583333 0.041667
vt 0.593750 1.000000
vt 0.583333 0.958333
vt 0.583333 0.333333
vt 0.583333 0.625000
vt 0.593750 0.000000
vt 0.583333 0.916667
vt 0.583333 0.291667
vt 0.583333 0.583333
vt 0.562500 0.750000
vt 0.562500 0.708333
vt 0.562500 0.125000
vt 0.562500 0.083333
vt 0.562500 0.416667
vt 0.562500 0.375000
vt 0.562500 0.666667
vt 0.562500 0.041667
vt 0.572917 1.000000
vt 0.562500 0.958333
vt 0.562500 0.333333
vt 0.562500 0.625000
vt 0.572917 0.000000
vt 0.562500 0.916667
vt 0.562500 0.291667
vt 0.562500 0.583333
vt 0.562500 0.875000
vt 0.562500 0.250000
vt 0.562500 0.541667
vt 0.562500 0.833333
vt 0.562500 0.208333
vt 0.562500 0.500000
vt 0.562500 0.791667
vt 0.562500 0.166667
vt 0.562500 0.458333
vt 0.541667 0.333333
vt 0.541667 0.291667
vt 0.541667 0.625000
vt 0.541667 0.583333
vt 0.541667 0.916667
vt 0.541667 0.875000
vt 0.541667 0.250000
vt 0.541667 0.541667
vt 0.541667 0.833333
vt 0.541667 0.208333
vt 0.541667 0.500000
vt 0.541667 0.791667
vt 0.541667 0.166667
vt 0.541667 0.458333
vt 0.541667 0.750000
vt 0.541667 0.125000
vt 0.541667 0.416667
vt 0.541667 0.708333
vt 0.541667 0.083333
vt 0.541667 0.375000
vt 0.541667 0.666667
vt 0.541667 0.041667
vt 0.552083 1.000000
vt 0.541667 0.958333
vt 0.552083 0.000000
vt 0.520833 0.833333
vt 0.520833 0.791667
vt 0.520833 0.208333
vt 0.520833 0.166667
vt 0.520833 0.500000
vt 0.520833 0.458333
vt 0.520833 0.750000
vt 0.520833 0.125000
vt 0.520833 0.416667
vt 0.520833 0.708333
vt 0.520833 0.083333
vt 0.520833 0.375000
vt 0.520833 0.666667
vt 0.520833 0.041667
vt 0.531250 1.000000
vt 0.520833 0.958333
vt 0.520833 0.333333
vt 0.520833 0.625000
vt 0.531250 0.000000
vt 0.520833 0.916667
vt 0.520833 0.291667
vt 0.520833 0.583333
vt 0.520833 0.875000
vt 0.520833 0.250000
vt 0.520833 0.541667
vt 0.500000 0.708333
vt 0.500000 0.666667
vt 0.500000 0.083333
vt 0.500000 0.041667
vt 0.510417 1.000000
vt 0.500000 0.958333
vt 0.500000 0.375000
vt 0.500000 0.333333
vt 0.500000 0.625000
vt 0.510417 0.000000
vt 0.500000 0.916667
vt 0.500000 0.291667
vt 0.500000 0.583333
vt 0.500000 0.875000
vt 0.500000 0.250000
vt 0.500000 0.541667
vt 0.500000 0.833333
vt 0.500000 0.208333
vt 0.500000 0.500000
vt 0.500000 0.791667
vt 0.500000 0.166667
vt 0.500000 0.458333
vt 0.500000 0.750000
vt 0.500000 0.125000
vt 0.500000 0.416667
vt 0.479167 0.291667
vt 0.479167 0.250000
vt 0.479167 0.583333
vt 0.479167 0.541667
vt 0.479167 0.875000
vt 0.479167 0.833333
vt 0.479167 0.208333
vt 0.479167 0.500000
vt 0.479167 0.791667
vt 0.479167 0.166667
vt 0.479167 0.458333
vt 0.479167 0.750000
vt 0.479167 0.125000
vt 0.479167 0.416667
vt 0.479167 0.708333
vt 0.479167 0.083333
vt 0.479167 0.375000
vt 0.479167 0.666667
vt 0.479167 0.041667
vt 0.489583 1.000000
vt 0.479167 0.958333
vt 0.479167 0.333333
vt 0.479167 0.625000
vt 0.489583 0.000000
vt 0.479167 0.916667
vt 0.458333 0.791667
vt 0.458333 0.750000
vt 0.458333 0.166667
vt 0.458333 0.125000
vt 0.458333 0.458333
vt 0.458333 0.416667
vt 0.458333 0.708333
vt 0.458333 0.083333
vt 0.458333 0.375000
vt 0.458333 0.666667
vt 0.458333 0.041667
vt 0.468750 1.000000
vt 0.458333 0.958333
vt 0.458333 0.333333
vt 0.458333 0.625000
vt 0.468750 0.000000
vt 0.458333 0.916667
vt 0.458333 0.291667
vt 0.458333 0.583333
vt 0.458333 0.875000
vt 0.458333 0.250000
vt 0.458333 0.541667
vt 0.458333 0.833333
vt 0.458333 0.208333
vt 0.458333 0.500000
vt 0.437500 0.666667
vt 0.437500 0.625000
vt 0.447917 0.000000
vt 0.437500 0.041667
vt 0.437500 0.958333
vt 0.437500 0.916667
vt 0.437500 0.333333
vt 0.437500 0.291667
vt 0.437500 0.583333
vt 0.437500 0.875000
vt 0.437500 0.250000
vt 0.437500 0.541667
vt 0.437500 0.833333
vt 0.437500 0.208333
vt 0.437500 0.500000
vt 0.437500 0.791667
vt 0.437500 0.166667
vt 0.437500 0.458333
vt 0.437500 0.750000
vt 0.437500 0.125000
vt 0.437500 0.416667
vt 0.437500 0.708333
vt 0.437500 0.083333
vt 0.437500 0.375000
vt 0.447917 1.000000
vt 0.416667 0.250000
vt 0.416667 0.208333
vt 0.416667 0.541667
vt 0.416667 0.500000
vt 0.416667 0.833333
vt 0.416667 0.791667
vt 0.416667 0.166667
vt 0.416667 0.458333
vt 0.416667 0.750000
vt 0.416667 0.125000
vt 0.416667 0.416667
vt 0.416667 0.708333
vt 0.416667 0.083333
vt 0.416667 0.375000
vt 0.416667 0.666667
vt 0.416667 0.041667
vt 0.427083 1.000000
vt 0.416667 0.958333
vt 0.416667 0.333333
vt 0.416667 0.625000
vt 0.427083 0.000000
vt 0.416667 0.916667
vt 0.416667 0.291667
vt 0.416667 0.583333
vt 0.416667 0.875000
vt 0.395833 0.750000
vt 0.395833 0.708333
vt 0.395833 0.125000
vt 0.395833 0.083333
vt 0.395833 0.416667
vt 0.395833 0.375000
vt 0.395833 0.666667
vt 0.395833 0.041667
vt 0.406250 1.000000
vt 0.395833 0.958333
vt 0.395833 0.333333
vt 0.395833 0.625000
vt 0.406250 0.000000
vt 0.395833 0.916667
vt 0.395833 0.291667
vt 0.395833 0.583333
vt 0.395833 0.875000
vt 0.395833 0.250000
vt 0.395833 0.541667
vt 0.395833 0.833333
vt 0.395833 0.208333
vt 0.395833 0.500000
vt 0.395833 0.791667
vt 0.395833 0.166667
vt 0.395833 0.458333
vt 0.375000 0.625000
vt 0.375000 0.583333
vt 0.375000 0.916667
vt 0.375000 0.875000
vt 0.375000 0.291667
vt 0.375000 0.250000
vt 0.375000 0.541667
vt 0.375000 0.833333
vt 0.375000 0.208333
vt 0.375000 0.500000
vt 0.375000 0.791667
vt 0.375000 0.166667
vt 0.375000 0.458333
vt 0.375000 0.750000
vt 0.375000 0.125000
vt 0.375000 0.416667
vt 0.375000 0.708333
vt 0.375000 0.083333
vt 0.375000 0.375000
vt 0.375000 0.666667
vt 0.375000 0.041667
vt 0.385417 1.000000
vt 0.375000 0.958333
vt 0.375000 0.333333
vt 0.385417 0.000000
vt 0.354167 0.208333
vt 0.354167 0.166667
vt 0.354167 0.500000
vt 0.354167 0.458333
vt 0.354167 0.791667
vt 0.354167 0.750000
vt 0.354167 0.125000
vt 0.354167 0.416667
vt 0.354167 0.708333
vt 0.354167 0.083333
vt 0.354167 0.375000
vt 0.354167 0.666667
vt 0.354167 0.041667
vt 0.364583 1.000000
vt 0.354167 0.958333
vt 0.354167 0.333333
vt 0.354167 0.625000
vt 0.364583 0.000000
vt 0.354167 0.916667
vt 0.354167 0.291667
vt 0.354167 0.583333
vt 0.354167 0.875000
vt 0.354167 0.250000
vt 0.354167 0.541667
vt 0.354167 0.833333
vt 0.333333 0.708333
vt 0.333333 0.666667
vt 0.333333 0.083333
vt 0.333333 0.041667
vt 0.343750 1.000000
vt 0.333333 0.958333
vt 0.333333 0.375000
vt 0.333333 0.333333
vt 0.333333 0.625000
vt 0.343750 0.000000
vt 0.333333 0.916667
vt 0.333333 0.291667
vt 0.333333 0.583333
vt 0.333333 0.875000
vt 0.333333 0.250000
vt 0.333333 0.541667
vt 0.333333 0.833333
vt 0.333333 0.208333
vt 0.333333 0.500000
vt 0.333333 0.791667
vt 0.333333 0.166667
vt 0.333333 0.458333
vt 0.333333 0.750000
vt 0.333333 0.125000
vt 0.333333 0.416667
vt 0.312500 0.583333
vt 0.312500 0.541667
vt 0.312500 0.875000
vt 0.312500 0.833333
vt 0.312500 0.250000
vt 0.312500 0.208333
vt 0.312500 0.500000
vt 0.312500 0.791667
vt 0.312500 0.166667
vt 0.312500 0.458333
vt 0.312500 0.750000
vt 0.312500 0.125000
vt 0.312500 0.416667
vt 0.312500 0.708333
vt 0.312500 0.083333
vt 0.312500 0.375000
vt 0.312500 0.666667
vt 0.312500 0.041667
vt 0.322917 1.000000
vt 0.312500 0.958333
vt 0.312500 0.333333
vt 0.312500 0.625000
vt 0.322917 0.000000
vt 0.312500 0.916667
vt 0.312500 0.291667
vt 0.291667 0.166667
vt 0.291667 0.125000
vt 0.291667 0.458333
vt 0.291667 0.416667
vt 0.291667 0.750000
vt 0.291667 0.708333
vt 0.291667 0.083333
vt 0.291667 0.375000
vt 0.291667 0.666667
vt 0.291667 0.041667
vt 0.302083 1.000000
vt 0.291667 0.958333
vt 0.291667 0.333333
vt 0.291667 0.625000
vt 0.302083 0.000000
vt 0.291667 0.916667
vt 0.291667 0.291667
vt 0.291667 0.583333
vt 0.291667 0.875000
vt 0.291667 0.250000
vt 0.291667 0.541667
vt 0.291667 0.833333
vt 0.291667 0.208333
vt 0.291667 0.500000
vt 0.291667 0.791667
vt 0.270833 0.666667
vt 0.270833 0.625000
vt 0.281250 0.000000
vt 0.270833 0.041667
vt 0.270833 0.958333
vt 0.270833 0.916667
vt 0.270833 0.333333
vt 0.270833 0.291667
vt 0.270833 0.583333
vt 0.270833 0.875000
vt 0.270833 0.250000
vt 0.270833 0.541667
vt 0.270833 0.833333
vt 0.270833 0.208333
vt 0.270833 0.500000
vt 0.270833 0.791667
vt 0.270833 0.166667
vt 0.270833 0.458333
vt 0.270833 0.750000
vt 0.270833 0.125000
vt 0.270833 0.416667
vt 0.270833 0.708333
vt 0.270833 0.083333
vt 0.270833 0.375000
vt 0.281250 1.000000
vt 0.250000 0.541667
vt 0.250000 0.500000
vt 0.250000 0.833333
vt 0.250000 0.791667
vt 0.250000 0.208333
vt 0.250000 0.166667
vt 0.250000 0.458333
vt 0.250000 0.750000
vt 0.250000 0.125000
vt 0.250000 0.416667
vt 0.250000 0.708333
vt 0.250000 0.083333
vt 0.250000 0.375000
vt 0.250000 0.666667
vt 0.250000 0.041667
vt 0.260417 1.000000
vt 0.250000 0.958333
vt 0.250000 0.333333
vt 0.250000 0.625000
vt 0.260417 0.000000
vt 0.250000 0.916667
vt 0.250000 0.291667
vt 0.250000 0.583333
vt 0.250000 0.875000
vt 0.250000 0.250000
vt 0.229167 0.125000
vt 0.229167 0.083333
vt 0.229167 0.416667
vt 0.229167 0.375000
vt 0.229167 0.708333
vt 0.229167 0.666667
vt 0.229167 0.041667
vt 0.239583 1.000000
vt 0.229167 0.958333
vt 0.229167 0.333333
vt 0.229167 0.625000
vt 0.239583 0.000000
vt 0.229167 0.916667
vt 0.229167 0.291667
vt 0.229167 0.583333
vt 0.229167 0.875000
vt 0.229167 0.250000
vt 0.229167 0.541667
vt 0.229167 0.833333
vt 0.229167 0.208333
vt 0.229167 0.500000
vt 0.229167 0.791667
vt 0.229167 0.166667
vt 0.229167 0.458333
vt 0.229167 0.750000
vt 0.208333 0.625000
vt 0.208333 0.583333
vt 0.208333 0.916667
vt 0.208333 0.875000
vt 0.208333 0.291667
vt 0.208333 0.250000
vt 0.208333 0.541667
vt 0.208333 0.833333
vt 0.208333 0.208333
vt 0.208333 0.500000
vt 0.208333 0.791667
vt 0.208333 0.166667
vt 0.208333 0.458333
vt 0.208333 0.750000
vt 0.208333 0.125000
vt 0.208333 0.416667
vt 0.208333 0.708333
vt 0.208333 0.083333
vt 0.208333 0.375000
vt 0.208333 0.666667
vt 0.208333 0.041667
vt 0.218750 1.000000
vt 0.208333 0.958333
vt 0.208333 0.333333
vt 0.218750 0.000000
vt 0.187500 0.500000
vt 0.187500 0.458333
vt 0.187500 0.791667
vt 0.187500 0.750000
vt 0.187500 0.166667
vt 0.187500 0.125000
vt 0.187500 0.416667
vt 0.187500 0.708333
vt 0.187500 0.083333
vt 0.187500 0.375000
vt 0.187500 0.666667
vt 0.187500 0.041667
vt 0.197917 1.000000
vt 0.187500 0.958333
vt 0.187500 0.333333
vt 0.187500 0.625000
vt 0.197917 0.000000
vt 0.187500 0.916667
vt 0.187500 0.291667
vt 0.187500 0.583333
vt 0.187500 0.875000
vt 0.187500 0.250000
vt 0.187500 0.541667
vt 0.187500 0.833333
vt 0.187500 0.208333
vt 0.166667 0.083333
vt 0.166667 0.041667
vt 0.177083 1.000000
vt 0.166667 0.958333
vt 0.166667 0.375000
vt 0.166667 0.333333
vt 0.166667 0.666667
vt 0.166667 0.625000
vt 0.177083 0.000000
vt 0.166667 0.916667
vt 0.166667 0.291667
vt 0.166667 0.583333
vt 0.166667 0.875000
vt 0.166667 0.250000
vt 0.166667 0.541667
vt 0.166667 0.833333
vt 0.166667 0.208333
vt 0.166667 0.500000
vt 0.166667 0.791667
vt 0.166667 0.166667
vt 0.166667 0.458333
vt 0.166667 0.750000
vt 0.166667 0.125000
vt 0.166667 0.416667
vt 0.166667 0.708333
vt 0.145833 0.583333
vt 0.145833 0.541667
vt 0.145833 0.875000
vt 0.145833 0.833333
vt 0.145833 0.250000
vt 0.145833 0.208333
vt 0.145833 0.500000
vt 0.145833 0.791667
vt 0.145833 0.166667
vt 0.145833 0.458333
vt 0.145833 0.750000
vt 0.145833 0.125000
vt 0.145833 0.416667
vt 0.145833 0.708333
vt 0.145833 0.083333
vt 0.145833 0.375000
vt 0.145833 0.666667
vt 0.145833 0.041667
vt 0.156250 1.000000
vt 0.145833 0.958333
vt 0.145833 0.333333
vt 0.145833 0.625000
vt 0.156250 0.000000
vt 0.145833 0.916667
vt 0.145833 0.291667
vt 0.125000 0.458333
vt 0.125000 0.416667
vt 0.125000 0.750000
vt 0.125000 0.708333
vt 0.125000 0.125000
vt 0.125000 0.083333
vt 0.125000 0.375000
vt 0.125000 0.666667
vt 0.125000 0.041667
vt 0.135417 1.000000
vt 0.125000 0.958333
vt 0.125000 0.333333
vt 0.125000 0.625000
vt 0.135417 0.000000
vt 0.125000 0.916667
vt 0.125000 0.291667
vt 0.125000 0.583333
vt 0.125000 0.875000
vt 0.125000 0.250000
vt 0.125000 0.541667
vt 0.125000 0.833333
vt 0.125000 0.208333
vt 0.125000 0.500000
vt 0.125000 0.791667
vt 0.125000 0.166667
vt 0.114583 0.000000
vt 0.104167 0.041667
vt 0.104167 0.958333
vt 0.104167 0.916667
vt 0.104167 0.333333
vt 0.104167 0.291667
vt 0.104167 0.625000
vt 0.104167 0.583333
vt 0.104167 0.875000
vt 0.104167 0.250000
vt 0.104167 0.541667
vt 0.104167 0.833333
vt 0.104167 0.208333
vt 0.104167 0.500000
vt 0.104167 0.791667
vt 0.104167 0.166667
vt 0.104167 0.458333
vt 0.104167 0.750000
vt 0.104167 0.125000
vt 0.104167 0.416667
vt 0.104167 0.708333
vt 0.104167 0.083333
vt 0.104167 0.375000
vt 0.104167 0.666667
vt 0.114583 1.000000
vt 0.083333 0.541667
vt 0.083333 0.500000
vt 0.083333 0.833333
vt 0.083333 0.791667
vt 0.083333 0.208333
vt 0.083333 0.166667
vt 0.083333 0.458333
vt 0.083333 0.750000
vt 0.083333 0.125000
vt 0.083333 0.416667
vt 0.083333 0.708333
vt 0.083333 0.083333
vt 0.083333 0.375000
vt 0.083333 0.666667
vt 0.083333 0.041667
vt 0.093750 1.000000
vt 0.083333 0.958333
vt 0.083333 0.333333
vt 0.083333 0.625000
vt 0.093750 0.000000
vt 0.083333 0.916667
vt 0.083333 0.291667
vt 0.083333 0.583333
vt 0.083333 0.875000
vt 0.083333 0.250000
vt 0.062500 0.416667
vt 0.062500 0.375000
vt 0.062500 0.708333
vt 0.062500 0.666667
vt 0.062500 0.083333
vt 0.062500 0.041667
vt 0.072917 1.000000
vt 0.062500 0.958333
vt 0.062500 0.333333
vt 0.062500 0.625000
vt 0.072917 0.000000
vt 0.062500 0.916667
vt 0.062500 0.291667
vt 0.062500 0.583333
vt 0.062500 0.875000
vt 0.062500 0.250000
vt 0.062500 0.541667
vt 0.062500 0.833333
vt 0.062500 0.208333
vt 0.062500 0.500000
vt 0.062500 0.791667
vt 0.062500 0.166667
vt 0.062500 0.458333
vt 0.062500 0.750000
vt 0.062500 0.125000
vt 0.041667 0.916667
vt 0.041667 0.875000
vt 0.041667 0.291667
vt 0.041667 0.250000
vt 0.041667 0.583333
vt 0.041667 0.541667
vt 0.041667 0.833333
vt 0.041667 0.208333
vt 0.041667 0.500000
vt 0.041667 0.791667
vt 0.041667 0.166667
vt 0.041667 0.458333
vt 0.041667 0.750000
vt 0.041667 0.125000
vt 0.041667 0.416667
vt 0.041667 0.708333
vt 0.041667 0.083333
vt 0.041667 0.375000
vt 0.041667 0.666667
vt 0.041667 0.041667
vt 0.052083 1.000000
vt 0.041667 0.958333
vt 0.041667 0.333333
vt 0.041667 0.625000
vt 0.052083 0.000000
vt 0.020833 0.125000
vt 0.020833 0.083333
vt 0.020833 0.416667
vt 0.020833 0.375000
vt 0.020833 0.708333
vt 0.020833 0.666667
vt 0.020833 0.041667
vt 0.031250 1.000000
vt 0.020833 0.958333
vt 0.020833 0.333333
vt 0.020833 0.625000
vt 0.031250 0.000000
vt 0.020833 0.916667
vt 0.020833 0.291667
vt 0.020833 0.583333
vt 0.020833 0.875000
vt 0.020833 0.250000
vt 0.020833 0.541667
vt 0.020833 0.833333
vt 0.020833 0.208333
vt 0.020833 0.500000
vt 0.020833 0.791667
vt 0.020833 0.166667
vt 0.020833 0.458333
vt 0.020833 0.750000
vt 0.000000 0.625000
vt 0.000000 0.583333
vt 0.000000 0.916667
vt 0.000000 0.875000
vt 0.000000 0.291667
vt 0.000000 0.250000
vt 0.000000 0.541667
vt 0.000000 0.833333
vt 0.000000 0.208333
vt 0.000000 0.500000
vt 0.000000 0.791667
vt 0.000000 0.166667
vt 0.000000 0.458333
vt 0.000000 0.750000
vt 0.000000 0.125000
vt 0.000000 0.416667
vt 0.000000 0.708333
vt 0.000000 0.083333
vt 0.000000 0.375000
vt 0.000000 0.666667
vt 0.000000 0.041667
vt 0.010417 1.000000
vt 0.000000 0.958333
vt 0.000000 0.333333
vt 0.010417 0.000000
vt 1.000000 0.458333
vt 1.000000 0.500000
vt 0.979167 0.500000
vt 0.979167 0.458333
vt 1.000000 0.750000
vt 1.000000 0.791667
vt 0.979167 0.791667
vt 0.979167 0.750000
vt 1.000000 0.125000
vt 1.000000 0.166667
vt 0.979167 0.166667
vt 0.979167 0.125000
vt 1.000000 0.416667
vt 0.979167 0.416667
vt 1.000000 0.708333
vt 0.979167 0.708333
vt 1.000000 0.083333
vt 0.979167 0.083333
vt 1.000000 0.375000
vt 0.979167 0.375000
vt 1.000000 0.666667
vt 0.979167 0.666667
vt 1.000000 0.041667
vt 0.979167 0.041667
vt 1.000000 0.958333
vt 0.989583 1.000000
vt 0.979167 0.958333
vt 1.000000 0.333333
vt 0.979167 0.333333
vt 1.000000 0.625000
vt 0.979167 0.625000
vt 0.989583 0.000000
vt 1.000000 0.916667
vt 0.979167 0.916667
vt 1.000000 0.291667
vt 0.979167 0.291667
vt 1.000000 0.583333
vt 0.979167 0.583333
vt 1.000000 0.875000
vt 0.979167 0.875000
vt 1.000000 0.250000
vt 0.979167 0.250000
vt 1.000000 0.541667
vt 0.979167 0.541667
vt 1.000000 0.833333
vt 0.979167 0.833333
vt 1.000000 0.208333
vt 0.979167 0.208333
vt 0.958333 0.083333
vt 0.958333 0.041667
vt 0.968750 1.000000
vt 0.958333 0.958333
vt 0.958333 0.375000
vt 0.958333 0.333333
vt 0.958333 0.666667
vt 0.958333 0.625000
vt 0.968750 0.000000
vt 0.958333 0.916667
vt 0.958333 0.291667
vt 0.958333 0.583333
vt 0.958333 0.875000
vt 0.958333 0.250000
vt 0.958333 0.541667
vt 0.958333 0.833333
vt 0.958333 0.208333
vt 0.958333 0.500000
vt 0.958333 0.791667
vt 0.958333 0.166667
vt 0.958333 0.458333
vt 0.958333 0.750000
vt 0.958333 0.125000
vt 0.958333 0.416667
vt 0.958333 0.708333
vt 0.937500 0.583333
vt 0.937500 0.541667
vt 0.937500 0.875000
vt 0.937500 0.833333
vt 0.937500 0.250000
vt 0.937500 0.208333
vt 0.937500 0.500000
vt 0.937500 0.791667
vt 0.937500 0.166667
vt 0.937500 0.458333
vt 0.937500 0.750000
vt 0.937500 0.125000
vt 0.937500 0.416667
vt 0.937500 0.708333
vt 0.937500 0.083333
vt 0.937500 0.375000
vt 0.937500 0.666667
vt 0.937500 0.041667
vt 0.947917 1.000000
vt 0.937500 0.958333
vt 0.937500 0.333333
vt 0.937500 0.625000
vt 0.947917 0.000000
vt 0.937500 0.916667
vt 0.937500 0.291667
vt 0.916667 0.458333
vt 0.916667 0.416667
vt 0.916667 0.750000
vt 0.916667 0.708333
vt 0.916667 0.125000
vt 0.916667 0.083333
vt 0.916667 0.375000
vt 0.916667 0.666667
vt 0.916667 0.041667
vt 0.927083 1.000000
vt 0.916667 0.958333
vt 0.916667 0.333333
vt 0.916667 0.625000
vt 0.927083 0.000000
vt 0.916667 0.916667
vt 0.916667 0.291667
vt 0.916667 0.583333
vt 0.916667 0.875000
vt 0.916667 0.250000
vt 0.916667 0.541667
vt 0.916667 0.833333
vt 0.916667 0.208333
vt 0.916667 0.500000
vt 0.916667 0.791667
vt 0.916667 0.166667
vt 0.906250 0.000000
vt 0.895833 0.041667
vt 0.895833 0.958333
vt 0.895833 0.916667
vt 0.895833 0.333333
vt 0.895833 0.291667
vt 0.895833 0.625000
vt 0.895833 0.583333
vt 0.895833 0.875000
vt 0.895833 0.250000
vt 0.895833 0.541667
vt 0.895833 0.833333
vt 0.895833 0.208333
vt 0.895833 0.500000
vt 0.895833 0.791667
vt 0.895833 0.166667
vt 0.895833 0.458333
vt 0.895833 0.750000
vt 0.895833 0.125000
vt 0.895833 0.416667
vt 0.895833 0.708333
vt 0.895833 0.083333
vt 0.895833 0.375000
vt 0.895833 0.666667
vt 0.906250 1.000000
vt 0.875000 0.541667
vt 0.875000 0.500000
vt 0.875000 0.833333
vt 0.875000 0.791667
vt 0.875000 0.208333
vt 0.875000 0.166667
vt 0.875000 0.458333
vt 0.875000 0.750000
vt 0.875000 0.125000
vt 0.875000 0.416667
vt 0.875000 0.708333
vt 0.875000 0.083333
vt 0.875000 0.375000
vt 0.875000 0.666667
vt 0.875000 0.041667
vt 0.885417 1.000000
vt 0.875000 0.958333
vt 0.875000 0.333334
vt 0.875000 0.625000
vt 0.885417 0.000000
vt 0.875000 0.916667
vt 0.875000 0.291667
vt 0.875000 0.583333
vt 0.875000 0.875000
vt 0.875000 0.250000
vt 0.854167 0.416667
vt 0.854167 0.375000
vt 0.854167 0.708333
vt 0.854167 0.666667
vt 0.854167 0.083333
vt 0.854167 0.041667
vt 0.864583 1.000000
vt 0.854167 0.958333
vt 0.854167 0.333333
vt 0.854167 0.625000
vt 0.864583 0.000000
vt 0.854167 0.916667
vt 0.854167 0.291667
vt 0.854167 0.583333
vt 0.854167 0.875000
vt 0.854167 0.250000
vt 0.854167 0.541667
vt 0.854167 0.833333
vt 0.854167 0.208333
vt 0.854167 0.500000
vt 0.854167 0.791667
vt 0.854167 0.166667
vt 0.854167 0.458333
vt 0.854167 0.750000
vt 0.854167 0.125000
vt 0.833333 0.916667
vt 0.833333 0.875000
vt 0.833333 0.291667
vt 0.833333 0.250000
vt 0.833333 0.583333
vt 0.833333 0.541667
vt 0.833333 0.833333
vt 0.833333 0.208333
vt 0.833333 0.500000
vt 0.833333 0.791667
vt 0.833333 0.166667
vt 0.833333 0.458333
vt 0.833333 0.750000
vt 0.833333 0.125000
vt 0.833333 0.416667
vt 0.833333 0.708333
vt 0.833333 0.083333
vt 0.833333 0.375000
vt 0.833333 0.666667
vt 0.833333 0.041667
vt 0.843750 1.000000
vt 0.833333 0.958333
vt 0.833333 0.333334
vt 0.833333 0.625000
vt 0.843750 0.000000
vt 0.812500 0.500000
vt 0.812500 0.458333
vt 0.812500 0.791667
vt 0.812500 0.750000
vt 0.812500 0.166667
vt 0.812500 0.125000
vt 0.812500 0.416667
vt 0.812500 0.708333
vt 0.812500 0.083333
vt 0.812500 0.375000
vt 0.812500 0.666667
vt 0.812500 0.041667
vt 0.822917 1.000000
vt 0.812500 0.958333
vt 0.812500 0.333334
vt 0.812500 0.625000
vt 0.822917 0.000000
vt 0.812500 0.916667
vt 0.812500 0.291667
vt 0.812500 0.583333
vt 0.812500 0.875000
vt 0.812500 0.250000
vt 0.812500 0.541667
vt 0.812500 0.833333
vt 0.812500 0.208333
vt 0.802083 1.000000
vt 0.791667 0.958333
vt 0.791667 0.375000
vt 0.791667 0.333334
vt 0.791667 0.666667
vt 0.791667 0.625000
vt 0.802083 0.000000
vt 0.791667 0.041667
vt 0.791667 0.916667
vt 0.791667 0.291667
vt 0.791667 0.583333
vt 0.791667 0.875000
vt 0.791667 0.250000
vt 0.791667 0.541667
vt 0.791667 0.833333
vt 0.791667 0.208333
vt 0.791667 0.500000
vt 0.791667 0.791667
vt 0.791667 0.166667
vt 0.791667 0.458333
vt 0.791667 0.750000
vt 0.791667 0.125000
vt 0.791667 0.416667
vt 0.791667 0.708333
vt 0.791667 0.083333
vt 0.770833 0.875000
vt 0.770833 0.833333
vt 0.770833 0.250000
vt 0.770833 0.208333
vt 0.770833 0.541667
vt 0.770833 0.500000
vt 0.770833 0.791667
vt 0.770833 0.166667
vt 0.770833 0.458333
vt 0.770833 0.750000
vt 0.770833 0.125000
vt 0.770833 0.416667
vt 0.770833 0.708333
vt 0.770833 0.083333
vt 0.770833 0.375000
vt 0.770833 0.666667
vt 0.770833 0.041667
vt 0.781250 1.000000
vt 0.770833 0.958333
vt 0.770833 0.333334
vt 0.770833 0.625000
vt 0.781250 0.000000
vt 0.770833 0.916667
vt 0.770833 0.291667
vt 0.770833 0.583333
vt 0.760417 1.000000
vt 0.760417 0.000000
vt 0.187500 0.748106
vt 0.187500 0.749052
vt 0.157612 0.749012
vt 0.156291 0.748106
vt 0.187500 0.750000
vt 0.157612 0.750000
vt 0.380000 1.000000
vt 0.375000 0.967388
vt 0.375000 0.937500
vt 0.380000 0.000000
vt 0.380000 0.000948
vt 0.375000 0.000988
vt 0.375000 0.000000
vt 0.375000 0.001894
vt 0.125000 0.748106
vt 0.125000 0.749012
vt 0.622497 0.937500
vt 0.622391 0.967388
vt 0.620000 1.000000
vt 0.625000 0.937500
vt 0.625000 0.967388
vt 0.875000 0.748106
vt 0.842388 0.750000
vt 0.812500 0.750000
vt 0.625000 0.001894
vt 0.622497 0.001894
vt 0.622391 0.000988
vt 0.625000 0.000000
vt 0.620000 0.000948
vt 0.620000 0.000000
vt 0.622391 0.000499
vt 0.622391 0.983540
vt 0.187500 0.501894
vt 0.156291 0.501894
vt 0.157612 0.500988
vt 0.187500 0.500948
vt 0.125000 0.501894
vt 0.125000 0.500988
vt 0.380000 0.249052
vt 0.375000 0.249012
vt 0.375000 0.248106
vt 0.380000 0.281291
vt 0.375000 0.282612
vt 0.375000 0.312500
vt 0.187500 0.500000
vt 0.157612 0.500000
vt 0.842388 0.500000
vt 0.875000 0.501894
vt 0.625000 0.312500
vt 0.622497 0.312500
vt 0.622391 0.282612
vt 0.625000 0.282612
vt 0.620000 0.281291
vt 0.620000 0.249052
vt 0.622391 0.249012
vt 0.622497 0.248106
vt 0.625000 0.248106
vt 0.622391 0.266460
vt 0.343709 0.748106
vt 0.342388 0.749012
vt 0.312500 0.749052
vt 0.377503 0.748106
vt 0.377609 0.749012
vt 0.380000 0.749052
vt 0.380000 0.781291
vt 0.375000 0.782612
vt 0.375000 0.812500
vt 0.312500 0.750000
vt 0.342388 0.750000
vt 0.358540 0.749012
vt 0.657612 0.750000
vt 0.656291 0.748106
vt 0.625000 0.812500
vt 0.622497 0.812500
vt 0.622391 0.782612
vt 0.625000 0.782612
vt 0.620000 0.781291
vt 0.620000 0.749052
vt 0.622391 0.749012
vt 0.622497 0.748106
vt 0.622391 0.766460
vt 0.312500 0.501894
vt 0.312500 0.500948
vt 0.342388 0.500988
vt 0.343709 0.501894
vt 0.312500 0.500000
vt 0.342388 0.500000
vt 0.380000 0.468709
vt 0.375000 0.467388
vt 0.375000 0.437500
vt 0.380000 0.500948
vt 0.377609 0.500988
vt 0.377503 0.501894
vt 0.358540 0.500988
vt 0.656291 0.501894
vt 0.657612 0.500988
vt 0.622497 0.501894
vt 0.622391 0.500988
vt 0.620000 0.500948
vt 0.620000 0.468709
vt 0.622391 0.467388
vt 0.622497 0.437500
vt 0.625000 0.437500
vt 0.623683 0.467388
vt 0.623683 0.500988
vt 0.622391 0.500499
vt 0.126645 0.749080
vt 0.125858 0.749041
vt 0.125823 0.748162
vt 0.126645 0.750000
vt 0.125858 0.750000
vt 0.381250 1.000000
vt 0.375000 0.999142
vt 0.375000 0.998355
vt 0.381250 0.000000
vt 0.381250 0.000920
vt 0.375000 0.000959
vt 0.375000 0.001838
vt 0.125000 0.748162
vt 0.125000 0.749041
vt 0.621871 0.998355
vt 0.621739 0.999142
vt 0.618750 1.000000
vt 0.625000 0.998355
vt 0.625000 0.999142
vt 0.875000 0.748162
vt 0.874142 0.750000
vt 0.873355 0.750000
vt 0.625000 0.001838
vt 0.621871 0.001838
vt 0.621739 0.000959
vt 0.618750 0.000920
vt 0.618750 0.000000
vt 0.621739 0.000484
vt 0.621739 0.999567
vt 0.125823 0.501838
vt 0.125858 0.500959
vt 0.126645 0.500920
vt 0.125000 0.501838
vt 0.125000 0.500959
vt 0.381250 0.249080
vt 0.375000 0.249041
vt 0.375000 0.248162
vt 0.381250 0.250823
vt 0.375000 0.250858
vt 0.375000 0.251645
vt 0.126645 0.500000
vt 0.125858 0.500000
vt 0.873355 0.500000
vt 0.874142 0.500000
vt 0.875000 0.501838
vt 0.625000 0.251645
vt 0.621871 0.251645
vt 0.621739 0.250858
vt 0.625000 0.250858
vt 0.618750 0.250823
vt 0.618750 0.249080
vt 0.621739 0.249041
vt 0.621871 0.248162
vt 0.625000 0.248162
vt 0.621739 0.250433
vt 0.374177 0.748162
vt 0.374142 0.749041
vt 0.373355 0.749080
vt 0.378129 0.748162
vt 0.378261 0.749041
vt 0.381250 0.749080
vt 0.381250 0.750823
vt 0.375000 0.750858
vt 0.375000 0.751645
vt 0.373355 0.750000
vt 0.374142 0.750000
vt 0.374567 0.749041
vt 0.626645 0.750000
vt 0.625858 0.750000
vt 0.625823 0.748162
vt 0.625000 0.751645
vt 0.621871 0.751645
vt 0.621739 0.750858
vt 0.625000 0.750858
vt 0.618750 0.750823
vt 0.618750 0.749080
vt 0.621739 0.749041
vt 0.621871 0.748162
vt 0.621739 0.750433
vt 0.373355 0.500920
vt 0.374142 0.500959
vt 0.374177 0.501838
vt 0.373355 0.500000
vt 0.374142 0.500000
vt 0.381250 0.499177
vt 0.375000 0.499142
vt 0.375000 0.498355
vt 0.381250 0.500920
vt 0.378261 0.500959
vt 0.378129 0.501838
vt 0.374567 0.500959
vt 0.625823 0.501838
vt 0.625858 0.500959
vt 0.626645 0.500000
vt 0.621871 0.501838
vt 0.621739 0.500959
vt 0.618750 0.500920
vt 0.618750 0.499177
vt 0.621739 0.499142
vt 0.621871 0.498355
vt 0.625000 0.498355
vt 0.623354 0.499142
vt 0.623354 0.500959
vt 0.621739 0.500484
vt 0.157612 0.749012
vt 0.156291 0.748106
vt 0.187500 0.750000
vt 0.622391 0.967388
vt 0.812500 0.750000
vt 0.156291 0.501894
vt 0.157612 0.500988
vt 0.380000 0.281291
vt 0.375000 0.312500
vt 0.157612 0.500000
vt 0.622391 0.282612
vt 0.625000 0.282612
vt 0.620000 0.281291
vt 0.622391 0.266461
vt 0.343709 0.748106
vt 0.342388 0.749012
vt 0.380000 0.781291
vt 0.312500 0.750000
vt 0.656291 0.748106
vt 0.622391 0.782612
vt 0.620000 0.781291
vt 0.622391 0.766460
vt 0.343709 0.501894
vt 0.656291 0.501894
vt 0.657612 0.500988
vt 0.620000 0.468709
vt 0.622391 0.467388
vt 0.625000 0.437500
vt 0.623683 0.467388
vt 0.156291 0.748106
vt 0.156291 0.501894
vt 0.380000 0.281291
vt 0.620000 0.281291
vt 0.622391 0.266460
vt 0.343709 0.748106
vt 0.380000 0.781291
vt 0.358540 0.749012
vt 0.620000 0.781291
vt 0.622391 0.766460
vt 0.343709 0.501894
vt 0.380000 0.468709
vt 0.358540 0.500988
vt 0.620000 0.468709
vt 0.187500 0.749052
vt 0.157612 0.749012
vt 0.187500 0.750000
vt 0.157612 0.750000
vt 0.375000 0.967388
vt 0.375000 0.937500
vt 0.622497 0.937500
vt 0.622391 0.967388
vt 0.625000 0.937500
vt 0.625000 0.967388
vt 0.842388 0.750000
vt 0.812500 0.750000
vt 0.157612 0.500988
vt 0.187500 0.500948
vt 0.375000 0.282612
vt 0.375000 0.312500
vt 0.187500 0.500000
vt 0.157612 0.500000
vt 0.812500 0.500000
vt 0.842388 0.500000
vt 0.625000 0.312500
vt 0.622497 0.312500
vt 0.622391 0.282612
vt 0.625000 0.282612
vt 0.342388 0.749012
vt 0.312500 0.749052
vt 0.375000 0.782612
vt 0.375000 0.812500
vt 0.312500 0.750000
vt 0.342388 0.750000
vt 0.687500 0.750000
vt 0.657612 0.750000
vt 0.625000 0.812500
vt 0.622497 0.812500
vt 0.622391 0.782612
vt 0.625000 0.782612
vt 0.312500 0.500948
vt 0.342388 0.500988
vt 0.312500 0.500000
vt 0.342388 0.500000
vt 0.375000 0.467388
vt 0.375000 0.437500
vt 0.657612 0.500988
vt 0.687500 0.500000
vt 0.622391 0.467388
vt 0.622497 0.437500
vt 0.625000 0.437500
vt 0.623683 0.467388
vt 0.343709 0.748106
vt 0.342389 0.749012
vt 0.312501 0.749052
vt 0.380000 0.781291
vt 0.375000 0.782611
vt 0.375000 0.812499
vt 0.312501 0.750000
vt 0.342389 0.750000
vt 0.358540 0.749012
vt 0.656291 0.501894
vt 0.657611 0.500988
vt 0.687499 0.500000
vt 0.620000 0.468709
vt 0.622391 0.467389
vt 0.622497 0.437501
vt 0.625000 0.437501
vt 0.623683 0.467389
vt 0.187500 0.749052
vt 0.157612 0.749012
vt 0.156291 0.748106
vt 0.187500 0.750000
vt 0.157612 0.750000
vt 0.375000 0.967388
vt 0.375000 0.937500
vt 0.622497 0.937500
vt 0.625000 0.937500
vt 0.625000 0.967388
vt 0.842388 0.750000
vt 0.812500 0.750000
vt 0.622391 0.983539
vt 0.156291 0.501894
vt 0.157612 0.500988
vt 0.187500 0.500948
vt 0.380000 0.281291
vt 0.375000 0.282612
vt 0.375000 0.312500
vt 0.187500 0.500000
vt 0.157612 0.500000
vt 0.812500 0.500000
vt 0.842388 0.500000
vt 0.625000 0.312500
vt 0.622497 0.312500
vt 0.622391 0.282612
vt 0.625000 0.282612
vt 0.620000 0.281291
vt 0.622391 0.266461
vt 0.343709 0.748106
vt 0.342388 0.749012
vt 0.312500 0.749052
vt 0.375000 0.782612
vt 0.375000 0.812500
vt 0.312500 0.750000
vt 0.342388 0.750000
vt 0.358539 0.749012
vt 0.687500 0.750000
vt 0.657612 0.750000
vt 0.656291 0.748106
vt 0.625000 0.812500
vt 0.622497 0.812500
vt 0.622391 0.782612
vt 0.625000 0.782612
vt 0.620000 0.781291
vt 0.622391 0.766461
vt 0.312500 0.500948
vt 0.342388 0.500988
vt 0.343709 0.501894
vt 0.312500 0.500000
vt 0.342388 0.500000
vt 0.380000 0.468709
vt 0.375000 0.467388
vt 0.375000 0.437500
vt 0.358539 0.500988
vt 0.656291 0.501894
vt 0.657612 0.500988
vt 0.687500 0.500000
vt 0.620000 0.468709
vt 0.622391 0.467388
vt 0.622497 0.437500
vt 0.625000 0.437500
vt 0.623683 0.467388
vt 0.187500 0.749052
vt 0.157611 0.749012
vt 0.156291 0.748106
vt 0.187500 0.750000
vt 0.157611 0.750000
vt 0.375000 0.967389
vt 0.375000 0.937500
vt 0.622497 0.937500
vt 0.622391 0.967389
vt 0.625000 0.937500
vt 0.625000 0.967389
vt 0.842389 0.750000
vt 0.812500 0.750000
vt 0.622391 0.983540
vt 0.156291 0.501894
vt 0.157611 0.500988
vt 0.187500 0.500948
vt 0.380000 0.281291
vt 0.375000 0.282611
vt 0.375000 0.312500
vt 0.187500 0.500000
vt 0.157611 0.500000
vt 0.812500 0.500000
vt 0.842389 0.500000
vt 0.625000 0.312500
vt 0.622497 0.312500
vt 0.622391 0.282611
vt 0.625000 0.282611
vt 0.620000 0.281291
vt 0.622391 0.266460
vt 0.343709 0.748106
vt 0.342389 0.749012
vt 0.312500 0.749052
vt 0.380000 0.781291
vt 0.375000 0.782611
vt 0.375000 0.812500
vt 0.312500 0.750000
vt 0.342389 0.750000
vt 0.358540 0.749012
vt 0.687500 0.750000
vt 0.657611 0.750000
vt 0.656291 0.748106
vt 0.625000 0.812500
vt 0.622497 0.812500
vt 0.622391 0.782611
vt 0.625000 0.782611
vt 0.620000 0.781291
vt 0.622391 0.766460
vt 0.312500 0.500948
vt 0.342389 0.500988
vt 0.343709 0.501894
vt 0.312500 0.500000
vt 0.342389 0.500000
vt 0.380000 0.468709
vt 0.375000 0.467389
vt 0.375000 0.437500
vt 0.358540 0.500988
vt 0.656291 0.501894
vt 0.687500 0.500000
vt 0.620000 0.468709
vt 0.622391 0.467389
vt 0.622497 0.437500
vt 0.625000 0.437500
vt 0.623683 0.467389
vt 0.187501 0.749052
vt 0.157612 0.749012
vt 0.156292 0.748106
vt 0.187501 0.750000
vt 0.157612 0.750000
vt 0.375000 0.967388
vt 0.375000 0.937499
vt 0.622497 0.937499
vt 0.622391 0.967388
vt 0.625000 0.937499
vt 0.625000 0.967388
vt 0.842388 0.750000
vt 0.812499 0.750000
vt 0.622391 0.983539
vt 0.156292 0.501894
vt 0.157612 0.500988
vt 0.187501 0.500948
vt 0.380000 0.281292
vt 0.375000 0.282612
vt 0.375000 0.312501
vt 0.187501 0.500000
vt 0.157612 0.500000
vt 0.812499 0.500000
vt 0.842388 0.500000
vt 0.625000 0.312501
vt 0.622497 0.312501
vt 0.622391 0.282612
vt 0.625000 0.282612
vt 0.620000 0.281292
vt 0.622391 0.266461
vt 0.343708 0.748106
vt 0.342388 0.749012
vt 0.312499 0.749052
vt 0.380000 0.781292
vt 0.375000 0.782612
vt 0.375000 0.812501
vt 0.312499 0.750000
vt 0.342388 0.750000
vt 0.358539 0.749012
vt 0.687501 0.750000
vt 0.657612 0.750000
vt 0.656292 0.748106
vt 0.625000 0.812501
vt 0.622497 0.812501
vt 0.622391 0.782612
vt 0.625000 0.782612
vt 0.620000 0.781292
vt 0.622391 0.766461
vt 0.312499 0.500948
vt 0.342388 0.500988
vt 0.343708 0.501894
vt 0.312499 0.500000
vt 0.342388 0.500000
vt 0.380000 0.468708
vt 0.375000 0.467388
vt 0.375000 0.437499
vt 0.358539 0.500988
vt 0.656292 0.501894
vt 0.657612 0.500988
vt 0.687501 0.500000
vt 0.620000 0.468708
vt 0.622391 0.467388
vt 0.622497 0.437499
vt 0.625000 0.437499
vt 0.623683 0.467388
vt 0.979187 0.513889
vt 0.999980 0.513889
vt 0.979241 0.500000
vt 0.999925 0.500000
vt 0.750112 0.489993
vt 0.781214 0.487954
vt 0.999980 0.986111
vt 0.979187 0.986111
vt 0.999925 1.000000
vt 0.979241 1.000000
vt 0.281214 0.487954
vt 0.250112 0.489993
vt 0.958353 0.513889
vt 0.979147 0.513889
vt 0.958408 0.500000
vt 0.979092 0.500000
vt 0.781437 0.487925
vt 0.812006 0.481844
vt 0.979147 0.986111
vt 0.958353 0.986111
vt 0.979092 1.000000
vt 0.958408 1.000000
vt 0.312006 0.481844
vt 0.281437 0.487925
vt 0.937520 0.513889
vt 0.958313 0.513889
vt 0.937575 0.500000
vt 0.958259 0.500000
vt 0.812223 0.481786
vt 0.841738 0.471767
vt 0.958313 0.986111
vt 0.937520 0.986111
vt 0.958259 1.000000
vt 0.937575 1.000000
vt 0.341738 0.471767
vt 0.312223 0.481786
vt 0.916687 0.513889
vt 0.937480 0.513889
vt 0.916741 0.500000
vt 0.937425 0.500000
vt 0.841945 0.471681
vt 0.869899 0.457896
vt 0.937480 0.986111
vt 0.916687 0.986111
vt 0.937425 1.000000
vt 0.916741 1.000000
vt 0.369899 0.457896
vt 0.341945 0.471681
vt 0.895854 0.513889
vt 0.916647 0.513889
vt 0.895908 0.500000
vt 0.916592 0.500000
vt 0.870094 0.457784
vt 0.896009 0.440467
vt 0.916647 0.986111
vt 0.895854 0.986111
vt 0.916592 1.000000
vt 0.895908 1.000000
vt 0.396009 0.440467
vt 0.370094 0.457784
vt 0.875020 0.513889
vt 0.895813 0.513889
vt 0.875075 0.500000
vt 0.895759 0.500000
vt 0.896187 0.440331
vt 0.919621 0.419780
vt 0.895813 0.986111
vt 0.875020 0.986111
vt 0.895759 1.000000
vt 0.875075 1.000000
vt 0.419621 0.419780
vt 0.396187 0.440331
vt 0.854187 0.513889
vt 0.874980 0.513889
vt 0.854241 0.500000
vt 0.874925 0.500000
vt 0.919780 0.419621
vt 0.940331 0.396187
vt 0.874980 0.986111
vt 0.854187 0.986111
vt 0.874925 1.000000
vt 0.854242 1.000000
vt 0.440331 0.396187
vt 0.419780 0.419621
vt 0.833354 0.513889
vt 0.854147 0.513889
vt 0.833408 0.500000
vt 0.854092 0.500000
vt 0.940467 0.396009
vt 0.957784 0.370094
vt 0.854147 0.986111
vt 0.833354 0.986111
vt 0.854092 1.000000
vt 0.833408 1.000000
vt 0.457784 0.370094
vt 0.440467 0.396009
vt 0.812520 0.513889
vt 0.833313 0.513889
vt 0.812575 0.500000
vt 0.833259 0.500000
vt 0.957896 0.369899
vt 0.971681 0.341945
vt 0.833313 0.986111
vt 0.812520 0.986111
vt 0.833259 1.000000
vt 0.812575 1.000000
vt 0.471681 0.341945
vt 0.457896 0.369899
vt 0.791687 0.513889
vt 0.812480 0.513889
vt 0.791742 0.500000
vt 0.812425 0.500000
vt 0.971767 0.341738
vt 0.981786 0.312223
vt 0.812480 0.986111
vt 0.791687 0.986111
vt 0.812426 1.000000
vt 0.791742 1.000000
vt 0.481786 0.312223
vt 0.471767 0.341737
vt 0.770854 0.513889
vt 0.791647 0.513889
vt 0.770908 0.500000
vt 0.791592 0.500000
vt 0.981844 0.312006
vt 0.987925 0.281437
vt 0.791647 0.986111
vt 0.770854 0.986111
vt 0.791592 1.000000
vt 0.770908 1.000000
vt 0.487925 0.281437
vt 0.481844 0.312006
vt 0.750020 0.513889
vt 0.770813 0.513889
vt 0.750075 0.500000
vt 0.770759 0.500000
vt 0.987954 0.281214
vt 0.989993 0.250112
vt 0.770813 0.986111
vt 0.750020 0.986111
vt 0.770759 1.000000
vt 0.750075 1.000000
vt 0.489993 0.250112
vt 0.487954 0.281214
vt 0.729187 0.513889
vt 0.749980 0.513889
vt 0.729242 0.500000
vt 0.749926 0.500000
vt 0.989993 0.249888
vt 0.987954 0.218786
vt 0.749980 0.986111
vt 0.729187 0.986111
vt 0.749926 1.000000
vt 0.729242 1.000000
vt 0.487954 0.218786
vt 0.489993 0.249888
vt 0.708354 0.513889
vt 0.729147 0.513889
vt 0.708408 0.500000
vt 0.729092 0.500000
vt 0.987925 0.218563
vt 0.981844 0.187994
vt 0.729147 0.986111
vt 0.708354 0.986111
vt 0.729092 1.000000
vt 0.708408 1.000000
vt 0.481844 0.187994
vt 0.487925 0.218563
vt 0.687520 0.513889
vt 0.708313 0.513889
vt 0.687575 0.500000
vt 0.708259 0.500000
vt 0.981786 0.187777
vt 0.971767 0.158263
vt 0.708313 0.986111
vt 0.687520 0.986111
vt 0.708259 1.000000
vt 0.687575 1.000000
vt 0.471767 0.158263
vt 0.481786 0.187777
vt 0.666687 0.513889
vt 0.687480 0.513889
vt 0.666742 0.500000
vt 0.687426 0.500000
vt 0.971681 0.158055
vt 0.957896 0.130101
vt 0.687480 0.986111
vt 0.666687 0.986111
vt 0.687426 1.000000
vt 0.666742 1.000000
vt 0.457896 0.130101
vt 0.471681 0.158055
vt 0.645854 0.513889
vt 0.666647 0.513889
vt 0.645908 0.500000
vt 0.666592 0.500000
vt 0.957784 0.129906
vt 0.940467 0.103991
vt 0.666647 0.986111
vt 0.645854 0.986111
vt 0.666592 1.000000
vt 0.645908 1.000000
vt 0.440467 0.103991
vt 0.457784 0.129906
vt 0.625020 0.513889
vt 0.645813 0.513889
vt 0.625075 0.500000
vt 0.645759 0.500000
vt 0.940331 0.103813
vt 0.919780 0.080379
vt 0.645813 0.986111
vt 0.625020 0.986111
vt 0.645759 1.000000
vt 0.625075 1.000000
vt 0.419780 0.080379
vt 0.440331 0.103813
vt 0.604187 0.513889
vt 0.624980 0.513889
vt 0.604242 0.500000
vt 0.624926 0.500000
vt 0.919621 0.080220
vt 0.896187 0.059669
vt 0.624980 0.986111
vt 0.604187 0.986111
vt 0.624926 1.000000
vt 0.604242 1.000000
vt 0.396187 0.059669
vt 0.419621 0.080220
vt 0.583354 0.513889
vt 0.604147 0.513889
vt 0.583408 0.500000
vt 0.604092 0.500000
vt 0.896009 0.059533
vt 0.870094 0.042216
vt 0.604147 0.986111
vt 0.583354 0.986111
vt 0.604092 1.000000
vt 0.583408 1.000000
vt 0.370094 0.042216
vt 0.396009 0.059533
vt 0.562521 0.513889
vt 0.583314 0.513889
vt 0.562575 0.500000
vt 0.583259 0.500000
vt 0.869899 0.042104
vt 0.841945 0.028319
vt 0.583314 0.986111
vt 0.562521 0.986111
vt 0.583259 1.000000
vt 0.562575 1.000000
vt 0.341945 0.028319
vt 0.369899 0.042104
vt 0.541687 0.513889
vt 0.562480 0.513889
vt 0.541742 0.500000
vt 0.562426 0.500000
vt 0.841737 0.028233
vt 0.812223 0.018214
vt 0.562480 0.986111
vt 0.541687 0.986111
vt 0.562426 1.000000
vt 0.541742 1.000000
vt 0.312223 0.018214
vt 0.341738 0.028233
vt 0.520854 0.513889
vt 0.541647 0.513889
vt 0.520908 0.500000
vt 0.541592 0.500000
vt 0.812006 0.018156
vt 0.781437 0.012075
vt 0.541647 0.986111
vt 0.520854 0.986111
vt 0.541592 1.000000
vt 0.520908 1.000000
vt 0.281437 0.012075
vt 0.312006 0.018156
vt 0.500021 0.513889
vt 0.520814 0.513889
vt 0.500075 0.500000
vt 0.520759 0.500000
vt 0.781214 0.012046
vt 0.750112 0.010007
vt 0.520814 0.986111
vt 0.500021 0.986111
vt 0.520759 1.000000
vt 0.500075 1.000000
vt 0.250112 0.010007
vt 0.281214 0.012046
vt 0.479187 0.513889
vt 0.499980 0.513889
vt 0.479242 0.500000
vt 0.499926 0.500000
vt 0.749888 0.010007
vt 0.718786 0.012046
vt 0.499980 0.986111
vt 0.479187 0.986111
vt 0.499926 1.000000
vt 0.479242 1.000000
vt 0.218786 0.012046
vt 0.249888 0.010007
vt 0.458354 0.513889
vt 0.479147 0.513889
vt 0.458408 0.500000
vt 0.479093 0.500000
vt 0.718563 0.012075
vt 0.687994 0.018156
vt 0.479147 0.986111
vt 0.458354 0.986111
vt 0.479093 1.000000
vt 0.458408 1.000000
vt 0.187994 0.018156
vt 0.218563 0.012075
vt 0.437521 0.513889
vt 0.458314 0.513889
vt 0.437575 0.500000
vt 0.458259 0.500000
vt 0.687777 0.018214
vt 0.658262 0.028233
vt 0.458314 0.986111
vt 0.437521 0.986111
vt 0.458259 1.000000
vt 0.437575 1.000000
vt 0.158263 0.028233
vt 0.187777 0.018214
vt 0.416687 0.513889
vt 0.437480 0.513889
vt 0.416742 0.500000
vt 0.437426 0.500000
vt 0.658055 0.028319
vt 0.630101 0.042104
vt 0.437480 0.986111
vt 0.416687 0.986111
vt 0.437426 1.000000
vt 0.416742 1.000000
vt 0.130101 0.042104
vt 0.158055 0.028319
vt 0.395854 0.513889
vt 0.416647 0.513889
vt 0.395908 0.500000
vt 0.416592 0.500000
vt 0.629906 0.042216
vt 0.603991 0.059533
vt 0.416647 0.986111
vt 0.395854 0.986111
vt 0.416592 1.000000
vt 0.395908 1.000000
vt 0.103991 0.059533
vt 0.129906 0.042216
vt 0.375021 0.513889
vt 0.395814 0.513889
vt 0.375075 0.500000
vt 0.395759 0.500000
vt 0.603813 0.059669
vt 0.580379 0.080220
vt 0.395814 0.986111
vt 0.375021 0.986111
vt 0.395759 1.000000
vt 0.375075 1.000000
vt 0.080379 0.080220
vt 0.103813 0.059669
vt 0.354187 0.513889
vt 0.374980 0.513889
vt 0.354242 0.500000
vt 0.374926 0.500000
vt 0.580220 0.080379
vt 0.559669 0.103813
vt 0.374980 0.986111
vt 0.354187 0.986111
vt 0.374926 1.000000
vt 0.354242 1.000000
vt 0.059669 0.103813
vt 0.080220 0.080379
vt 0.333354 0.513889
vt 0.354147 0.513889
vt 0.333408 0.500000
vt 0.354092 0.500000
vt 0.559533 0.103991
vt 0.542216 0.129906
vt 0.354147 0.986111
vt 0.333354 0.986111
vt 0.354092 1.000000
vt 0.333408 1.000000
vt 0.042216 0.129906
vt 0.059533 0.103991
vt 0.312520 0.513889
vt 0.333314 0.513889
vt 0.312575 0.500000
vt 0.333259 0.500000
vt 0.542104 0.130101
vt 0.528319 0.158055
vt 0.333314 0.986111
vt 0.312520 0.986111
vt 0.333259 1.000000
vt 0.312575 1.000000
vt 0.028319 0.158055
vt 0.042104 0.130101
vt 0.291687 0.513889
vt 0.312480 0.513889
vt 0.291742 0.500000
vt 0.312426 0.500000
vt 0.528233 0.158263
vt 0.518214 0.187777
vt 0.312480 0.986111
vt 0.291687 0.986111
vt 0.312426 1.000000
vt 0.291742 1.000000
vt 0.018214 0.187777
vt 0.028233 0.158263
vt 0.270854 0.513889
vt 0.291647 0.513889
vt 0.270908 0.500000
vt 0.291592 0.500000
vt 0.518156 0.187994
vt 0.512075 0.218563
vt 0.291647 0.986111
vt 0.270854 0.986111
vt 0.291592 1.000000
vt 0.270908 1.000000
vt 0.012075 0.218563
vt 0.018156 0.187994
vt 0.250020 0.513889
vt 0.270814 0.513889
vt 0.250075 0.500000
vt 0.270759 0.500000
vt 0.512046 0.218786
vt 0.510007 0.249888
vt 0.270814 0.986111
vt 0.250020 0.986111
vt 0.270759 1.000000
vt 0.250075 1.000000
vt 0.010007 0.249888
vt 0.012046 0.218786
vt 0.229187 0.513889
vt 0.249980 0.513889
vt 0.229242 0.500000
vt 0.249926 0.500000
vt 0.510007 0.250112
vt 0.512046 0.281214
vt 0.249980 0.986111
vt 0.229187 0.986111
vt 0.249926 1.000000
vt 0.229242 1.000000
vt 0.012046 0.281214
vt 0.010007 0.250112
vt 0.208354 0.513889
vt 0.229147 0.513889
vt 0.208408 0.500000
vt 0.229092 0.500000
vt 0.512075 0.281437
vt 0.518156 0.312006
vt 0.229147 0.986111
vt 0.208354 0.986111
vt 0.229092 1.000000
vt 0.208408 1.000000
vt 0.018156 0.312006
vt 0.012075 0.281437
vt 0.187520 0.513889
vt 0.208314 0.513889
vt 0.187575 0.500000
vt 0.208259 0.500000
vt 0.518214 0.312223
vt 0.528233 0.341737
vt 0.208314 0.986111
vt 0.187520 0.986111
vt 0.208259 1.000000
vt 0.187575 1.000000
vt 0.028233 0.341737
vt 0.018214 0.312223
vt 0.166687 0.513889
vt 0.187480 0.513889
vt 0.166742 0.500000
vt 0.187426 0.500000
vt 0.528319 0.341945
vt 0.542104 0.369899
vt 0.187480 0.986111
vt 0.166687 0.986111
vt 0.187426 1.000000
vt 0.166742 1.000000
vt 0.042104 0.369899
vt 0.028319 0.341945
vt 0.145854 0.513889
vt 0.166647 0.513889
vt 0.145908 0.500000
vt 0.166592 0.500000
vt 0.542216 0.370094
vt 0.559533 0.396009
vt 0.166647 0.986111
vt 0.145854 0.986111
vt 0.166592 1.000000
vt 0.145908 1.000000
vt 0.059533 0.396009
vt 0.042216 0.370094
vt 0.125020 0.513889
vt 0.145814 0.513889
vt 0.125075 0.500000
vt 0.145759 0.500000
vt 0.559669 0.396187
vt 0.580220 0.419621
vt 0.145814 0.986111
vt 0.125020 0.986111
vt 0.145759 1.000000
vt 0.125075 1.000000
vt 0.080220 0.419621
vt 0.059669 0.396187
vt 0.104187 0.513889
vt 0.124980 0.513889
vt 0.104242 0.500000
vt 0.124926 0.500000
vt 0.580379 0.419780
vt 0.603813 0.440331
vt 0.124980 0.986111
vt 0.104187 0.986111
vt 0.124926 1.000000
vt 0.104242 1.000000
vt 0.103813 0.440331
vt 0.080379 0.419780
vt 0.083354 0.513889
vt 0.104147 0.513889
vt 0.083408 0.500000
vt 0.104092 0.500000
vt 0.603991 0.440467
vt 0.629906 0.457784
vt 0.104147 0.986111
vt 0.083354 0.986111
vt 0.104092 1.000000
vt 0.083408 1.000000
vt 0.129906 0.457784
vt 0.103991 0.440467
vt 0.062520 0.513889
vt 0.083314 0.513889
vt 0.062575 0.500000
vt 0.083259 0.500000
vt 0.630101 0.457896
vt 0.658055 0.471681
vt 0.083314 0.986111
vt 0.062520 0.986111
vt 0.083259 1.000000
vt 0.062575 1.000000
vt 0.158055 0.471681
vt 0.130101 0.457896
vt 0.041687 0.513889
vt 0.062480 0.513889
vt 0.041742 0.500000
vt 0.062426 0.500000
vt 0.658263 0.471767
vt 0.687777 0.481786
vt 0.062480 0.986111
vt 0.041687 0.986111
vt 0.062426 1.000000
vt 0.041742 1.000000
vt 0.187777 0.481786
vt 0.158263 0.471767
vt 0.020854 0.513889
vt 0.041647 0.513889
vt 0.020908 0.500000
vt 0.041592 0.500000
vt 0.687994 0.481844
vt 0.718563 0.487925
vt 0.041647 0.986111
vt 0.020854 0.986111
vt 0.041592 1.000000
vt 0.020908 1.000000
vt 0.218563 0.487925
vt 0.187994 0.481844
vt 0.000020 0.513889
vt 0.020814 0.513889
vt 0.000075 0.500000
vt 0.020759 0.500000
vt 0.718786 0.487954
vt 0.749888 0.489993
vt 0.020814 0.986111
vt 0.000020 0.986111
vt 0.020759 1.000000
vt 0.000075 1.000000
vt 0.249888 0.489993
vt 0.218786 0.487954
vt 0.979189 0.508929
vt 0.999977 0.508929
vt 0.979251 0.500000
vt 0.999916 0.500000
vt 0.750127 0.489992
vt 0.781200 0.487955
vt 0.999977 0.991071
vt 0.979189 0.991071
vt 0.999916 1.000000
vt 0.979251 1.000000
vt 0.281199 0.487955
vt 0.250127 0.489992
vt 0.958356 0.508929
vt 0.979144 0.508929
vt 0.958418 0.500000
vt 0.979082 0.500000
vt 0.781451 0.487922
vt 0.811992 0.481847
vt 0.979144 0.991071
vt 0.958356 0.991071
vt 0.979082 1.000000
vt 0.958418 1.000000
vt 0.311992 0.481847
vt 0.281451 0.487922
vt 0.937523 0.508929
vt 0.958311 0.508929
vt 0.937584 0.500000
vt 0.958249 0.500000
vt 0.812237 0.481781
vt 0.841724 0.471772
vt 0.958311 0.991071
vt 0.937523 0.991071
vt 0.958249 1.000000
vt 0.937584 1.000000
vt 0.341724 0.471772
vt 0.312237 0.481781
vt 0.916689 0.508929
vt 0.937477 0.508929
vt 0.916751 0.500000
vt 0.937416 0.500000
vt 0.841958 0.471675
vt 0.869886 0.457902
vt 0.937477 0.991071
vt 0.916689 0.991071
vt 0.937416 1.000000
vt 0.916751 1.000000
vt 0.369886 0.457902
vt 0.341958 0.471675
vt 0.895856 0.508929
vt 0.916644 0.508929
vt 0.895918 0.500000
vt 0.916582 0.500000
vt 0.870106 0.457776
vt 0.895997 0.440475
vt 0.916644 0.991071
vt 0.895856 0.991071
vt 0.916582 1.000000
vt 0.895918 1.000000
vt 0.395997 0.440475
vt 0.370106 0.457776
vt 0.875023 0.508929
vt 0.895811 0.508929
vt 0.875084 0.500000
vt 0.895749 0.500000
vt 0.896198 0.440321
vt 0.919610 0.419789
vt 0.895811 0.991071
vt 0.875023 0.991071
vt 0.895749 1.000000
vt 0.875084 1.000000
vt 0.419610 0.419789
vt 0.396198 0.440321
vt 0.854190 0.508929
vt 0.874977 0.508929
vt 0.854251 0.500000
vt 0.874916 0.500000
vt 0.919789 0.419610
vt 0.940321 0.396198
vt 0.874977 0.991071
vt 0.854189 0.991071
vt 0.874916 1.000000
vt 0.854251 1.000000
vt 0.440321 0.396198
vt 0.419789 0.419610
vt 0.833356 0.508929
vt 0.854144 0.508929
vt 0.833418 0.500000
vt 0.854083 0.500000
vt 0.940475 0.395997
vt 0.957776 0.370106
vt 0.854144 0.991071
vt 0.833356 0.991071
vt 0.854083 1.000000
vt 0.833418 1.000000
vt 0.457776 0.370106
vt 0.440475 0.395997
vt 0.812523 0.508929
vt 0.833311 0.508929
vt 0.812585 0.500000
vt 0.833249 0.500000
vt 0.957902 0.369886
vt 0.971675 0.341958
vt 0.833311 0.991071
vt 0.812523 0.991071
vt 0.833249 1.000000
vt 0.812585 1.000000
vt 0.471675 0.341958
vt 0.457902 0.369886
vt 0.791690 0.508929
vt 0.812477 0.508929
vt 0.791751 0.500000
vt 0.812416 0.500000
vt 0.971772 0.341724
vt 0.981781 0.312237
vt 0.812478 0.991071
vt 0.791690 0.991071
vt 0.812416 1.000000
vt 0.791751 1.000000
vt 0.481781 0.312237
vt 0.471772 0.341724
vt 0.770856 0.508929
vt 0.791644 0.508929
vt 0.770918 0.500000
vt 0.791583 0.500000
vt 0.981847 0.311992
vt 0.987922 0.281451
vt 0.791644 0.991071
vt 0.770856 0.991071
vt 0.791583 1.000000
vt 0.770918 1.000000
vt 0.487922 0.281451
vt 0.481847 0.311992
vt 0.750023 0.508929
vt 0.770811 0.508929
vt 0.750085 0.500000
vt 0.770749 0.500000
vt 0.987955 0.281199
vt 0.989992 0.250127
vt 0.770811 0.991071
vt 0.750023 0.991071
vt 0.770749 1.000000
vt 0.750085 1.000000
vt 0.489992 0.250127
vt 0.487955 0.281199
vt 0.729190 0.508929
vt 0.749978 0.508929
vt 0.729251 0.500000
vt 0.749916 0.500000
vt 0.989992 0.249873
vt 0.987955 0.218801
vt 0.749978 0.991071
vt 0.729190 0.991071
vt 0.749916 1.000000
vt 0.729251 1.000000
vt 0.487955 0.218801
vt 0.489992 0.249873
vt 0.708356 0.508929
vt 0.729144 0.508929
vt 0.708418 0.500000
vt 0.729083 0.500000
vt 0.987922 0.218549
vt 0.981847 0.188008
vt 0.729144 0.991071
vt 0.708356 0.991071
vt 0.729083 1.000000
vt 0.708418 1.000000
vt 0.481847 0.188008
vt 0.487922 0.218549
vt 0.687523 0.508929
vt 0.708311 0.508929
vt 0.687585 0.500000
vt 0.708249 0.500000
vt 0.981781 0.187763
vt 0.971772 0.158276
vt 0.708311 0.991071
vt 0.687523 0.991071
vt 0.708249 1.000000
vt 0.687585 1.000000
vt 0.471772 0.158276
vt 0.481781 0.187763
vt 0.666690 0.508929
vt 0.687478 0.508929
vt 0.666751 0.500000
vt 0.687416 0.500000
vt 0.971675 0.158042
vt 0.957902 0.130114
vt 0.687478 0.991071
vt 0.666690 0.991071
vt 0.687416 1.000000
vt 0.666751 1.000000
vt 0.457902 0.130114
vt 0.471675 0.158042
vt 0.645856 0.508929
vt 0.666644 0.508929
vt 0.645918 0.500000
vt 0.666583 0.500000
vt 0.957776 0.129894
vt 0.940475 0.104003
vt 0.666644 0.991071
vt 0.645856 0.991071
vt 0.666583 1.000000
vt 0.645918 1.000000
vt 0.440475 0.104003
vt 0.457776 0.129894
vt 0.625023 0.508929
vt 0.645811 0.508929
vt 0.625085 0.500000
vt 0.645749 0.500000
vt 0.940321 0.103802
vt 0.919789 0.080390
vt 0.645811 0.991071
vt 0.625023 0.991071
vt 0.645749 1.000000
vt 0.625085 1.000000
vt 0.419789 0.080390
vt 0.440321 0.103802
vt 0.604190 0.508929
vt 0.624978 0.508929
vt 0.604251 0.500000
vt 0.624916 0.500000
vt 0.919610 0.080211
vt 0.896198 0.059679
vt 0.624978 0.991071
vt 0.604190 0.991071
vt 0.624916 1.000000
vt 0.604251 1.000000
vt 0.396198 0.059679
vt 0.419610 0.080211
vt 0.583356 0.508929
vt 0.604144 0.508929
vt 0.583418 0.500000
vt 0.604083 0.500000
vt 0.895997 0.059525
vt 0.870106 0.042225
vt 0.604144 0.991071
vt 0.583356 0.991071
vt 0.604083 1.000000
vt 0.583418 1.000000
vt 0.370106 0.042225
vt 0.395997 0.059525
vt 0.562523 0.508929
vt 0.583311 0.508929
vt 0.562585 0.500000
vt 0.583249 0.500000
vt 0.869886 0.042098
vt 0.841958 0.028325
vt 0.583311 0.991071
vt 0.562523 0.991071
vt 0.583249 1.000000
vt 0.562585 1.000000
vt 0.341958 0.028325
vt 0.369886 0.042098
vt 0.541690 0.508929
vt 0.562478 0.508929
vt 0.541751 0.500000
vt 0.562416 0.500000
vt 0.841724 0.028228
vt 0.812237 0.018219
vt 0.562478 0.991071
vt 0.541690 0.991071
vt 0.562416 1.000000
vt 0.541751 1.000000
vt 0.312237 0.018219
vt 0.341724 0.028228
vt 0.520856 0.508929
vt 0.541644 0.508929
vt 0.520918 0.500000
vt 0.541583 0.500000
vt 0.811992 0.018153
vt 0.781451 0.012078
vt 0.541644 0.991071
vt 0.520856 0.991071
vt 0.541583 1.000000
vt 0.520918 1.000000
vt 0.281451 0.012078
vt 0.311992 0.018153
vt 0.500023 0.508929
vt 0.520811 0.508929
vt 0.500085 0.500000
vt 0.520749 0.500000
vt 0.781199 0.012045
vt 0.750127 0.010008
vt 0.520811 0.991071
vt 0.500023 0.991071
vt 0.520749 1.000000
vt 0.500085 1.000000
vt 0.250127 0.010008
vt 0.281199 0.012045
vt 0.479190 0.508929
vt 0.499978 0.508929
vt 0.479251 0.500000
vt 0.499916 0.500000
vt 0.749873 0.010008
vt 0.718801 0.012045
vt 0.499978 0.991071
vt 0.479190 0.991071
vt 0.499916 1.000000
vt 0.479251 1.000000
vt 0.218801 0.012045
vt 0.249873 0.010008
vt 0.458356 0.508929
vt 0.479144 0.508929
vt 0.458418 0.500000
vt 0.479083 0.500000
vt 0.718549 0.012078
vt 0.688008 0.018153
vt 0.479144 0.991071
vt 0.458356 0.991071
vt 0.479083 1.000000
vt 0.458418 1.000000
vt 0.188008 0.018153
vt 0.218549 0.012078
vt 0.437523 0.508929
vt 0.458311 0.508929
vt 0.437585 0.500000
vt 0.458249 0.500000
vt 0.687763 0.018219
vt 0.658276 0.028228
vt 0.458311 0.991071
vt 0.437523 0.991071
vt 0.458249 1.000000
vt 0.437585 1.000000
vt 0.158276 0.028228
vt 0.187763 0.018219
vt 0.416690 0.508929
vt 0.437478 0.508929
vt 0.416751 0.500000
vt 0.437416 0.500000
vt 0.658042 0.028325
vt 0.630114 0.042098
vt 0.437478 0.991071
vt 0.416690 0.991071
vt 0.437416 1.000000
vt 0.416751 1.000000
vt 0.130114 0.042098
vt 0.158042 0.028325
vt 0.395856 0.508929
vt 0.416644 0.508929
vt 0.395918 0.500000
vt 0.416583 0.500000
vt 0.629894 0.042224
vt 0.604003 0.059525
vt 0.416644 0.991071
vt 0.395856 0.991071
vt 0.416583 1.000000
vt 0.395918 1.000000
vt 0.104003 0.059525
vt 0.129894 0.042224
vt 0.375023 0.508929
vt 0.395811 0.508929
vt 0.375085 0.500000
vt 0.395749 0.500000
vt 0.603802 0.059679
vt 0.580390 0.080211
vt 0.395811 0.991071
vt 0.375023 0.991071
vt 0.395749 1.000000
vt 0.375085 1.000000
vt 0.080390 0.080211
vt 0.103802 0.059679
vt 0.354190 0.508929
vt 0.374978 0.508929
vt 0.354251 0.500000
vt 0.374916 0.500000
vt 0.580211 0.080390
vt 0.559679 0.103802
vt 0.374978 0.991071
vt 0.354190 0.991071
vt 0.374916 1.000000
vt 0.354251 1.000000
vt 0.059679 0.103802
vt 0.080211 0.080390
vt 0.333356 0.508929
vt 0.354144 0.508929
vt 0.333418 0.500000
vt 0.354083 0.500000
vt 0.559525 0.104003
vt 0.542225 0.129894
vt 0.354144 0.991071
vt 0.333356 0.991071
vt 0.354083 1.000000
vt 0.333418 1.000000
vt 0.042224 0.129894
vt 0.059525 0.104003
vt 0.312523 0.508929
vt 0.333311 0.508929
vt 0.312585 0.500000
vt 0.333249 0.500000
vt 0.542098 0.130114
vt 0.528325 0.158042
vt 0.333311 0.991071
vt 0.312523 0.991071
vt 0.333249 1.000000
vt 0.312585 1.000000
vt 0.028325 0.158042
vt 0.042098 0.130114
vt 0.291690 0.508929
vt 0.312478 0.508929
vt 0.291751 0.500000
vt 0.312416 0.500000
vt 0.528228 0.158276
vt 0.518219 0.187763
vt 0.312478 0.991071
vt 0.291690 0.991071
vt 0.312416 1.000000
vt 0.291751 1.000000
vt 0.018219 0.187763
vt 0.028228 0.158276
vt 0.270856 0.508929
vt 0.291644 0.508929
vt 0.270918 0.500000
vt 0.291583 0.500000
vt 0.518153 0.188008
vt 0.512078 0.218549
vt 0.291644 0.991071
vt 0.270856 0.991071
vt 0.291583 1.000000
vt 0.270918 1.000000
vt 0.012078 0.218549
vt 0.018153 0.188008
vt 0.250023 0.508929
vt 0.270811 0.508929
vt 0.250085 0.500000
vt 0.270749 0.500000
vt 0.512045 0.218800
vt 0.510008 0.249873
vt 0.270811 0.991071
vt 0.250023 0.991071
vt 0.270749 1.000000
vt 0.250085 1.000000
vt 0.010008 0.249873
vt 0.012045 0.218800
vt 0.229190 0.508929
vt 0.249978 0.508929
vt 0.229251 0.500000
vt 0.249916 0.500000
vt 0.510008 0.250127
vt 0.512045 0.281200
vt 0.249978 0.991071
vt 0.229190 0.991071
vt 0.249916 1.000000
vt 0.229251 1.000000
vt 0.012045 0.281200
vt 0.010008 0.250127
vt 0.208356 0.508929
vt 0.229144 0.508929
vt 0.208418 0.500000
vt 0.229083 0.500000
vt 0.512078 0.281451
vt 0.518153 0.311992
vt 0.229144 0.991071
vt 0.208356 0.991071
vt 0.229083 1.000000
vt 0.208418 1.000000
vt 0.018153 0.311992
vt 0.012078 0.281451
vt 0.187523 0.508929
vt 0.208311 0.508929
vt 0.187585 0.500000
vt 0.208249 0.500000
vt 0.518219 0.312237
vt 0.528228 0.341724
vt 0.208311 0.991071
vt 0.187523 0.991071
vt 0.208249 1.000000
vt 0.187585 1.000000
vt 0.028228 0.341724
vt 0.018219 0.312237
vt 0.166690 0.508929
vt 0.187478 0.508929
vt 0.166751 0.500000
vt 0.187416 0.500000
vt 0.528325 0.341958
vt 0.542098 0.369886
vt 0.187478 0.991071
vt 0.166690 0.991071
vt 0.187416 1.000000
vt 0.166751 1.000000
vt 0.042098 0.369886
vt 0.028325 0.341958
vt 0.145856 0.508929
vt 0.166644 0.508929
vt 0.145918 0.500000
vt 0.166583 0.500000
vt 0.542224 0.370106
vt 0.559525 0.395997
vt 0.166644 0.991071
vt 0.145856 0.991071
vt 0.166583 1.000000
vt 0.145918 1.000000
vt 0.059525 0.395997
vt 0.042224 0.370106
vt 0.125023 0.508929
vt 0.145811 0.508929
vt 0.125085 0.500000
vt 0.145749 0.500000
vt 0.559679 0.396198
vt 0.580211 0.419610
vt 0.145811 0.991071
vt 0.125023 0.991071
vt 0.145749 1.000000
vt 0.125085 1.000000
vt 0.080211 0.419610
vt 0.059679 0.396198
vt 0.104190 0.508929
vt 0.124978 0.508929
vt 0.104251 0.500000
vt 0.124916 0.500000
vt 0.580390 0.419789
vt 0.603802 0.440321
vt 0.124978 0.991071
vt 0.104190 0.991071
vt 0.124916 1.000000
vt 0.104251 1.000000
vt 0.103802 0.440321
vt 0.080390 0.419789
vt 0.083356 0.508929
vt 0.104144 0.508929
vt 0.083418 0.500000
vt 0.104083 0.500000
vt 0.604003 0.440475
vt 0.629894 0.457776
vt 0.104144 0.991071
vt 0.083356 0.991071
vt 0.104083 1.000000
vt 0.083418 1.000000
vt 0.129894 0.457776
vt 0.104003 0.440475
vt 0.062523 0.508929
vt 0.083311 0.508929
vt 0.062585 0.500000
vt 0.083249 0.500000
vt 0.630114 0.457902
vt 0.658042 0.471675
vt 0.083311 0.991071
vt 0.062523 0.991071
vt 0.083249 1.000000
vt 0.062585 1.000000
vt 0.158042 0.471675
vt 0.130114 0.457902
vt 0.041690 0.508929
vt 0.062478 0.508929
vt 0.041751 0.500000
vt 0.062416 0.500000
vt 0.658276 0.471772
vt 0.687763 0.481781
vt 0.062478 0.991071
vt 0.041690 0.991071
vt 0.062416 1.000000
vt 0.041751 1.000000
vt 0.187763 0.481781
vt 0.158276 0.471772
vt 0.020856 0.508929
vt 0.041644 0.508929
vt 0.020918 0.500000
vt 0.041583 0.500000
vt 0.688008 0.481847
vt 0.718549 0.487922
vt 0.041644 0.991071
vt 0.020856 0.991071
vt 0.041583 1.000000
vt 0.020918 1.000000
vt 0.218549 0.487922
vt 0.188008 0.481847
vt 0.000023 0.508929
vt 0.020811 0.508929
vt 0.000085 0.500000
vt 0.020749 0.500000
vt 0.718801 0.487955
vt 0.749873 0.489992
vt 0.020811 0.991071
vt 0.000023 0.991071
vt 0.020749 1.000000
vt 0.000085 1.000000
vt 0.249873 0.489992
vt 0.218801 0.487955
s 0
usemtl Brushed_aluminum
f 2921/907/422 2932/908/423 2883/909/424 2872/910/425
f 2945/911/426 2956/912/427 2933/913/428 2920/914/429
f 2991/915/430 3039/916/431 3015/917/432 2967/918/433
f 2955/919/434 2907/920/435 2884/921/436 2931/922/437
f 2873/923/438 2885/924/439 2909/925/440 2896/926/441
f 2897/927/442 2908/928/443 2957/929/444 2944/930/445
f 3017/931/446 3028/932/447 2979/933/448 2968/934/449
f 3041/935/450 3052/936/451 3029/937/452 3016/938/453
f 3087/939/454 3135/940/455 3111/941/456 3063/942/457
f 3051/943/458 3003/944/459 2980/945/460 3027/946/461
f 2969/947/462 2981/948/463 3005/949/464 2992/950/465
f 2993/951/466 3004/952/467 3053/953/468 3040/954/469
f 3113/955/422 3124/956/423 3075/957/424 3064/910/425
f 3137/911/426 3148/912/427 3125/913/428 3112/914/429
f 3183/939/454 3231/940/455 3207/941/456 3159/942/457
f 3147/958/434 3099/959/435 3076/921/436 3123/922/437
f 3065/923/438 3077/924/439 3101/925/440 3088/926/441
f 3089/960/442 3100/961/443 3149/962/444 3136/930/445
f 3209/955/422 3220/956/423 3171/957/424 3160/910/425
f 3233/911/426 3244/912/427 3221/913/428 3208/914/429
f 3279/963/454 3327/964/455 3303/965/456 3255/966/457
f 3243/958/434 3195/959/435 3172/921/436 3219/922/437
f 3161/923/438 3173/924/439 3197/925/440 3184/926/441
f 3185/960/442 3196/961/443 3245/962/444 3232/930/445
f 3305/967/422 3316/968/423 3267/969/424 3256/970/425
f 3329/911/426 3340/912/427 3317/913/428 3304/914/429
f 3375/963/454 3423/964/455 3399/965/456 3351/966/457
f 3339/971/434 3291/972/435 3268/921/436 3315/973/437
f 3257/923/438 3269/924/439 3293/925/440 3280/926/441
f 3281/974/442 3292/975/443 3341/976/444 3328/977/445
f 3401/967/422 3412/968/423 3363/969/424 3352/970/425
f 3425/911/426 3436/912/427 3413/913/428 3400/914/429
f 3471/963/454 3519/964/455 3495/965/456 3447/966/457
f 3435/971/434 3387/972/435 3364/921/436 3411/973/437
f 3353/923/438 3365/924/439 3389/925/440 3376/926/441
f 3377/974/442 3388/975/443 3437/976/444 3424/977/445
f 3497/967/422 3508/968/423 3459/969/424 3448/970/425
f 3521/911/426 3532/912/427 3509/913/428 3496/914/429
f 3567/978/454 3615/979/455 3591/980/456 3543/981/457
f 3531/971/434 3483/972/435 3460/921/436 3507/973/437
f 3449/923/438 3461/924/439 3485/925/440 3472/926/441
f 3473/974/442 3484/975/443 3533/976/444 3520/977/445
f 3593/982/422 3604/983/423 3555/984/424 3544/985/425
f 3617/911/426 3628/912/427 3605/913/428 3592/914/429
f 3663/978/454 3711/979/455 3687/980/456 3639/981/457
f 3627/986/434 3579/987/435 3556/988/436 3603/989/437
f 3545/923/438 3557/924/439 3581/925/440 3568/926/441
f 3569/990/442 3580/991/443 3629/992/444 3616/993/445
f 3689/982/422 3700/983/423 3651/984/424 3640/985/425
f 3713/911/426 3724/912/427 3701/913/428 3688/914/429
f 3759/978/454 3807/979/455 3783/980/456 3735/981/457
f 3723/986/434 3675/987/435 3652/988/436 3699/989/437
f 3641/923/438 3653/924/439 3677/925/440 3664/926/441
f 3665/990/442 3676/991/443 3725/992/444 3712/993/445
f 3785/982/422 3796/983/423 3747/984/424 3736/985/425
f 3809/911/426 3820/912/427 3797/913/428 3784/914/429
f 3855/978/454 3903/979/455 3879/980/456 3831/981/457
f 3819/986/434 3771/987/435 3748/988/436 3795/989/437
f 3737/923/438 3749/924/439 3773/925/440 3760/926/441
f 3761/990/442 3772/991/443 3821/992/444 3808/993/445
f 3881/982/422 3892/983/423 3843/984/424 3832/985/425
f 3905/911/426 3916/912/427 3893/913/428 3880/914/429
f 3951/978/454 3999/979/455 3975/980/456 3927/981/457
f 3915/986/434 3867/987/435 3844/988/436 3891/989/437
f 3833/923/438 3845/924/439 3869/925/440 3856/926/441
f 3857/990/442 3868/991/443 3917/992/444 3904/993/445
f 3977/982/422 3988/983/423 3939/984/424 3928/985/425
f 4001/911/426 4012/912/427 3989/913/428 3976/914/429
s 1
f 4023/994/470 4031/995/470 4039/996/470 4047/997/471 4055/998/471 4063/999/472 4071/1000/472 4079/1001/472 4087/1002/472 4095/1003/473 4103/1004/473 4111/1005/474 4119/1006/474 4127/1007/474 4135/1008/474 4143/1009/475 4151/1010/475 4159/1011/476 4167/1012/476 4175/1013/476 4183/1014/476 4191/1015/477 4199/1016/477 4207/1017/478 4215/1018/478 4223/1019/478 4231/1020/478 4239/1021/479 4247/1022/479 4255/1023/480 4263/1024/480 4271/1025/480 4279/1026/480 4287/1027/481 4295/1028/481 4303/1029/482 4311/1030/482 4319/1031/482 4327/1032/482 4335/1033/483 4343/1034/483 4351/1035/484 4359/1036/484 4367/1037/484 4375/1038/484 4383/1039/485 4391/1040/485 4399/1041/470
s 0
f 4011/986/434 3963/987/435 3940/988/436 3987/989/437
f 3929/923/438 3941/924/439 3965/925/440 3952/926/441
f 3953/990/442 3964/991/443 4013/992/444 4000/993/445
s 1
f 4400/1042/486 4404/1043/487 4028/1044/488 4024/1045/489
f 4040/1046/490 4044/1047/491 4052/1048/492 4048/1049/493
f 4048/1049/493 4052/1048/492 4060/1050/494 4056/1051/495
f 4056/1052/495 4060/1050/494 4068/1053/496 4064/1054/497
f 4064/1055/497 4068/1056/496 4076/1057/498 4072/1058/499
f 4072/1059/499 4076/1060/498 4084/1061/500 4080/1062/501
f 4080/1063/501 4084/1064/500 4092/1065/502 4088/1066/503
f 4088/1066/503 4092/1065/502 4100/1067/504 4096/1068/505
f 4096/1068/505 4100/1067/504 4108/1069/506 4104/1070/507
f 4104/1070/507 4108/1069/506 4116/1071/508 4112/1072/509
f 4112/1073/509 4116/1071/508 4124/1074/510 4120/1075/511
f 4120/1075/511 4124/1074/510 4132/1076/512 4128/1077/513
f 4128/1077/513 4132/1076/512 4140/1078/514 4136/1079/515
f 4136/1079/515 4140/1078/514 4148/1080/516 4144/1081/517
f 4144/1081/517 4148/1080/516 4156/1082/518 4152/1083/519
f 4152/1083/519 4156/1082/518 4164/1084/520 4160/1085/521
f 4160/1085/521 4164/1084/520 4172/1086/522 4168/1087/523
f 4168/1087/523 4172/1086/522 4180/1088/524 4176/1089/525
f 4176/1089/525 4180/1088/524 4188/1090/526 4184/1091/527
f 4184/1091/527 4188/1090/526 4196/1092/528 4192/1093/529
f 4192/1093/529 4196/1092/528 4204/1094/530 4200/1095/531
f 4200/1096/531 4204/1097/530 4212/1098/532 4208/1099/533
f 4208/1099/533 4212/1098/532 4220/1100/534 4216/1101/535
f 4216/1101/535 4220/1100/534 4228/1102/536 4224/1103/537
f 4224/1104/537 4228/1105/536 4236/1106/538 4232/1107/539
f 4232/1108/539 4236/1109/538 4244/1110/540 4240/1111/541
f 4240/1111/541 4244/1110/540 4252/1112/542 4248/1113/543
f 4248/1113/543 4252/1112/542 4260/1114/544 4256/1115/545
f 4256/1115/545 4260/1114/544 4268/1116/546 4264/1117/547
f 4264/1117/547 4268/1116/546 4276/1118/548 4272/1119/549
f 4272/1120/549 4276/1121/548 4284/1122/550 4280/1123/551
f 4280/1123/551 4284/1122/550 4292/1124/552 4288/1125/553
f 4288/1125/553 4292/1124/552 4300/1126/554 4296/1127/555
f 4296/1127/555 4300/1126/554 4308/1128/556 4304/1129/557
f 4304/1129/557 4308/1128/556 4316/1130/558 4312/1131/559
f 4312/1131/559 4316/1130/558 4324/1132/560 4320/1133/561
f 4320/1133/561 4324/1132/560 4332/1134/562 4328/1135/563
f 4328/1135/563 4332/1134/562 4340/1136/564 4336/1137/565
f 4336/1137/565 4340/1136/564 4348/1138/566 4344/1139/567
f 4344/1139/567 4348/1138/566 4356/1140/568 4352/1141/569
f 4352/1141/569 4356/1140/568 4364/1142/570 4360/1143/571
f 4360/1143/571 4364/1142/570 4372/1144/572 4368/1145/573
f 4368/1145/573 4372/1144/572 4380/1146/574 4376/1147/575
f 4376/1148/575 4380/1149/574 4388/1150/576 4384/1151/577
f 4384/1151/577 4388/1150/576 4396/1152/578 4392/1153/579
f 4392/1153/579 4396/1152/578 4404/1043/487 4400/1042/486
f 4032/1154/580 4036/1155/581 4044/1047/491 4040/1046/490
f 4035/1204/586 4027/1205/586 4403/1206/586 4395/1207/586 4387/1208/587 4379/1209/587 4371/1210/588 4363/1211/588 4355/1212/588 4347/1213/588 4339/1214/589 4331/1215/589 4323/1216/590 4315/1217/590 4307/1218/590 4299/1219/590 4291/1220/591 4283/1221/591 4275/1222/592 4267/1223/592 4259/1224/592 4251/1225/592 4243/1226/593 4235/1227/593 4227/1228/594 4219/1229/594 4211/1230/594 4203/1231/594 4195/1232/595 4187/1233/595 4179/1234/596 4171/1235/596 4163/1236/596 4155/1237/596 4147/1238/597 4139/1239/597 4131/1240/598 4123/1241/598 4115/1242/598 4107/1243/598 4099/1244/599 4091/1245/599 4083/1246/600 4075/1247/600 4067/1248/600 4059/1249/600 4051/1250/601 4043/1251/601
f 4024/1252/489 4028/1253/488 4036/1155/581 4032/1154/580
s 0
f 2871/2648/1808 2874/2649/1809 2876/2650/1810 2875/2651/1811
f 2874/2649/1812 2878/2652/1813 2879/2653/1814 2876/2650/1815
f 2872/910/1816 2877/2654/1817 2879/2655/1818 2878/2656/1819
f 2877/2657/1817 2881/2658/1820 2882/2659/1821 2879/2660/1822
f 2873/923/438 2880/2661/1823 2882/2659/1824 2881/2658/1825
f 2880/2662/1826 2875/2651/1827 2876/2650/1828 2882/2663/1829
f 2876/2650/1830 2879/2653/1831 2882/2663/1832
f 2883/909/1833 2886/2664/1834 2888/2665/1835 2887/2666/1836
f 2886/2664/1837 2890/2667/1838 2891/2668/1839 2888/2665/1840
f 2884/921/436 2889/2669/1841 2891/2670/1842 2890/2671/1843
f 2889/2672/1841 2893/2673/1844 2894/2674/1845 2891/2675/1846
f 2885/924/439 2892/2676/1847 2894/2674/1848 2893/2673/1849
f 2892/2676/1847 2887/2677/1836 2888/2678/1850 2894/2674/1851
f 2888/2665/1852 2891/2668/1853 2894/2679/1854
f 2895/2680/454 2898/2681/1855 2900/2682/1856 2899/2683/1857
f 2898/2681/1855 2902/2684/1858 2903/2685/1859 2900/2682/1860
f 2896/926/441 2901/2686/1861 2903/2687/1862 2902/2688/1863
f 2901/2686/1861 2905/2689/1864 2906/2690/1865 2903/2687/1866
f 2897/927/1867 2904/2691/1868 2906/2690/1869 2905/2689/1864
f 2904/2692/1870 2899/2683/1871 2900/2682/1872 2906/2693/1873
f 2900/2682/1874 2903/2685/1875 2906/2693/1876
f 2907/920/1877 2910/2571/1878 2912/2694/1879 2911/2695/1880
f 2910/2696/1881 2914/2697/1882 2915/2698/1883 2912/2699/1884
f 2908/928/1885 2913/2700/1886 2915/2698/1887 2914/2697/1888
f 2913/2700/1886 2917/2701/1889 2918/2702/1890 2915/2698/1891
f 2909/925/440 2916/2703/1892 2918/2702/1893 2917/2701/1894
f 2916/2703/1895 2911/2704/1896 2912/1593/1897 2918/2702/1898
f 2912/2699/1899 2915/2698/1900 2918/2705/1901
f 2919/941/456 2922/2706/1902 2924/2707/1903 2923/2708/1904
f 2922/2706/1902 2926/2709/1905 2927/2710/1906 2924/2707/1907
f 2920/914/429 2925/2711/1908 2927/2710/1909 2926/2709/1910
f 2925/2711/1908 2929/2712/1911 2930/2713/1912 2927/2710/1913
f 2921/907/1914 2928/2714/1915 2930/2713/1916 2929/2712/1911
f 2928/2715/1917 2923/2708/1918 2924/2707/1919 2930/2716/1920
f 2924/2707/1921 2927/2717/1922 2930/2716/1923
f 2931/922/1924 2934/1504/1925 2936/2718/1926 2935/2719/1927
f 2934/2720/1928 2938/2721/1929 2939/2722/1930 2936/2723/1931
f 2932/908/1932 2937/2724/1933 2939/2722/1934 2938/2721/1935
f 2937/2724/1933 2941/2725/1936 2942/2726/1937 2939/2722/1938
f 2933/913/428 2940/2727/1939 2942/2726/1940 2941/2725/1941
f 2940/2727/1942 2935/2719/1943 2936/2718/1944 2942/2726/1945
f 2936/2723/1946 2939/2722/1947 2942/2728/1948
f 2943/2729/1949 2946/2730/1950 2948/2731/1951 2947/2732/1952
f 2946/2730/1953 2950/2733/1954 2951/2734/1955 2948/2731/1956
f 2944/930/1957 2949/2735/1958 2951/2736/1959 2950/2737/1960
f 2949/2735/1958 2953/2738/1961 2954/2739/1962 2951/2736/1963
f 2945/911/426 2952/2740/1964 2954/2739/1965 2953/2738/1966
f 2952/2740/1967 2947/2732/1968 2948/2731/1969 2954/2739/1970
f 2948/2731/1971 2951/2734/1972 2954/2741/1973
f 2955/919/434 2958/2742/1974 2960/2743/1975 2959/1502/1976
f 2958/2742/1974 2962/2744/1977 2963/2745/1978 2960/2743/1979
f 2956/912/427 2961/2746/1980 2963/2745/1981 2962/2744/1982
f 2961/2746/1980 2965/2747/1983 2966/2748/1984 2963/2745/1985
f 2957/929/1986 2964/2749/1987 2966/2748/1988 2965/2747/1983
f 2964/2749/1989 2959/2750/1990 2960/2751/1991 2966/2748/1992
f 2960/2752/1993 2963/2745/1994 2966/2753/1995
f 2967/918/1996 2970/2754/1997 2972/2755/1810 2971/2756/1811
f 2970/2754/1998 2974/2757/1999 2975/2758/1814 2972/2755/2000
f 2968/934/2001 2973/2759/2002 2975/2760/1818 2974/2761/1999
f 2973/2762/2003 2977/2763/2004 2978/2764/1821 2975/2660/1822
f 2969/947/462 2976/2765/2005 2978/2764/1824 2977/2763/2006
f 2976/2766/2007 2971/2756/1827 2972/2755/1828 2978/2767/1829
f 2972/2755/1830 2975/2758/1831 2978/2767/1832
f 2979/933/448 2982/2768/2008 2984/2769/2009 2983/2770/2010
f 2982/2768/2011 2986/2771/2012 2987/2772/1839 2984/2769/1840
f 2980/945/2013 2985/2773/2014 2987/2774/1842 2986/2775/2015
f 2985/2776/2016 2989/2777/1849 2990/2778/1845 2987/2675/2017
f 2981/948/463 2988/2779/2018 2990/2778/1848 2989/2777/1849
f 2988/2779/2019 2983/2780/2020 2984/2781/1850 2990/2778/1851
f 2984/2769/1852 2987/2772/1853 2990/2782/1854
f 2991/915/2021 2994/2783/1855 2996/2784/1856 2995/2785/2022
f 2994/2783/2023 2998/2786/1863 2999/2787/1859 2996/2784/2024
f 2992/950/465 2997/2788/2025 2999/2789/1862 2998/2790/1863
f 2997/2788/2026 3001/2791/2027 3002/2792/1865 2999/2789/1866
f 2993/951/2028 3000/2793/2029 3002/2792/1869 3001/2791/2030
f 3000/2794/2031 2995/2785/2032 2996/2784/1872 3002/2795/1873
f 2996/2784/1874 2999/2787/1875 3002/2795/1876
f 3003/944/2033 3006/2796/2034 3008/2797/1879 3007/2798/1896
f 3006/2799/2035 3010/2800/2036 3011/2801/1883 3008/2802/2037
f 3004/952/467 3009/2803/2038 3011/2801/1887 3010/2800/2036
f 3009/2803/2039 3013/2804/2040 3014/2805/1890 3011/2801/1891
f 3005/949/464 3012/2806/2041 3014/2805/1893 3013/2804/2042
f 3012/2806/2043 3007/2807/1896 3008/1593/1897 3014/2805/1898
f 3008/2802/1899 3011/2801/1900 3014/2808/1901
f 3015/917/2044 3018/2809/2045 3020/2810/1903 3019/2811/2046
f 3018/2809/2047 3022/2812/1905 3023/2813/1906 3020/2810/2048
f 3016/938/2049 3021/2814/2050 3023/2813/2051 3022/2812/1910
f 3021/2814/2052 3025/2815/2053 3026/2816/1912 3023/2813/1913
f 3017/931/2054 3024/2817/2055 3026/2816/1916 3025/2815/2056
f 3024/2818/2057 3019/2811/2058 3020/2810/1919 3026/2819/1920
f 3020/2810/1921 3023/2820/1922 3026/2819/1923
f 3027/946/2059 3030/2821/2060 3032/2822/2061 3031/2823/1943
f 3030/2824/2062 3034/2825/2063 3035/2826/1930 3032/2827/2064
f 3028/932/447 3033/2828/2065 3035/2826/1934 3034/2825/2066
f 3033/2828/2067 3037/2829/2068 3038/2830/1937 3035/2826/1938
f 3029/937/452 3036/2831/1939 3038/2830/1940 3037/2829/2069
f 3036/2831/2070 3031/2823/2071 3032/2822/1944 3038/2830/1945
f 3032/2827/1946 3035/2826/1947 3038/2832/1948
f 3039/916/2072 3042/2833/2073 3044/2834/1951 3043/2835/1968
f 3042/2833/2074 3046/2836/2075 3047/2837/1955 3044/2834/2076
f 3040/954/2077 3045/2838/2078 3047/2839/1959 3046/2840/2079
f 3045/2838/2080 3049/2841/2081 3050/2842/1962 3047/2839/1963
f 3041/935/450 3048/2843/1964 3050/2842/1965 3049/2841/2082
f 3048/2843/1967 3043/2835/2083 3044/2834/1969 3050/2842/1970
f 3044/2834/1971 3047/2837/1972 3050/2844/1973
f 3051/943/2084 3054/2845/2085 3056/2846/1975 3055/2847/2086
f 3054/2845/2087 3058/2848/1982 3059/2849/1978 3056/2846/2088
f 3052/936/451 3057/2850/2089 3059/2849/2090 3058/2848/1982
f 3057/2850/2091 3061/2851/2092 3062/2852/1984 3059/2849/2093
f 3053/953/468 3060/2853/2094 3062/2852/2095 3061/2851/2096
f 3060/2853/2097 3055/2854/2098 3056/2855/1991 3062/2852/1992
f 3056/2856/1993 3059/2849/1994 3062/2857/1995
f 3063/942/1808 3066/2649/2099 3068/2858/1810 3067/2859/1827
f 3066/2649/1812 3070/2860/1813 3071/2653/1814 3068/2858/2000
f 3064/910/1816 3069/2654/1817 3071/2655/1818 3070/2656/1819
f 3069/2657/1817 3073/2658/1820 3074/2659/1821 3071/2660/1822
f 3065/923/438 3072/2661/1823 3074/2659/1824 3073/2658/1825
f 3072/2662/1826 3067/2859/1827 3068/2858/1828 3074/2663/1829
f 3068/2858/1830 3071/2653/1831 3074/2663/1832
f 3075/957/1833 3078/2664/1834 3080/2861/1835 3079/2666/1836
f 3078/2664/1837 3082/2667/1838 3083/2668/1839 3080/2861/1840
f 3076/921/436 3081/2669/1841 3083/2670/2100 3082/2862/1843
f 3081/2672/1841 3085/2673/1844 3086/2674/1845 3083/2675/1846
f 3077/924/439 3084/2676/1847 3086/2674/1848 3085/2673/1849
f 3084/2676/1847 3079/2677/1836 3080/2678/1850 3086/2674/1851
f 3080/2861/1852 3083/2668/1853 3086/2679/1854
f 3087/939/454 3090/2863/1855 3092/2864/2101 3091/2683/1857
f 3090/2863/1855 3094/2684/1858 3095/2685/1859 3092/2864/1860
f 3088/926/441 3093/2686/1861 3095/2687/1862 3094/2688/1863
f 3093/2686/1861 3097/2865/1864 3098/2690/1865 3095/2687/1866
f 3089/960/1867 3096/2866/1868 3098/2690/1869 3097/2865/1864
f 3096/2098/1870 3091/2683/1871 3092/2864/1872 3098/2867/1873
f 3092/2864/1874 3095/2685/1875 3098/2867/1876
f 3099/959/1877 3102/2571/2102 3104/2694/1879 3103/2695/1896
f 3102/2696/1881 3106/2697/1882 3107/2868/1883 3104/2869/2037
f 3100/961/1885 3105/2870/1886 3107/2868/1887 3106/2697/1888
f 3105/2870/1886 3109/2701/1889 3110/2702/1890 3107/2868/1891
f 3101/925/440 3108/2703/1892 3110/2702/1893 3109/2701/1894
f 3108/2703/1895 3103/2704/1896 3104/1593/1897 3110/2702/1898
f 3104/2869/1899 3107/2868/1900 3110/2871/1901
f 3111/941/456 3114/2872/1902 3116/2873/2103 3115/2708/1904
f 3114/2872/1902 3118/2709/1905 3119/2710/1906 3116/2873/1907
f 3112/914/429 3117/2711/1908 3119/2710/1909 3118/2709/1910
f 3117/2711/1908 3121/2874/1911 3122/2713/1912 3119/2710/1913
f 3113/955/1914 3120/2714/1915 3122/2713/1916 3121/2874/1911
f 3120/2875/1917 3115/2708/1918 3116/2873/1919 3122/2716/1920
f 3116/2873/1921 3119/2717/1922 3122/2716/1923
f 3123/922/1924 3126/1504/2104 3128/2718/1926 3127/2876/1943
f 3126/2720/1928 3130/2721/1929 3131/2877/1930 3128/2723/2064
f 3124/956/1932 3129/2878/1933 3131/2877/1934 3130/2721/1935
f 3129/2878/1933 3133/2725/1936 3134/2726/1937 3131/2877/1938
f 3125/913/428 3132/2727/1939 3134/2726/1940 3133/2725/1941
f 3132/2727/1942 3127/2876/1943 3128/2718/1944 3134/2726/1945
f 3128/2723/1946 3131/2877/1947 3134/2879/1948
f 3135/940/1949 3138/2730/2105 3140/2731/1951 3139/2880/1968
f 3138/2730/1953 3142/1954/1954 3143/2734/1955 3140/2731/2076
f 3136/930/1957 3141/2735/1958 3143/2736/1959 3142/2737/1960
f 3141/2735/1958 3145/2738/1961 3146/2739/1962 3143/2736/1963
f 3137/911/426 3144/2740/1964 3146/2739/1965 3145/2738/1966
f 3144/2740/1967 3139/2880/1968 3140/2731/1969 3146/2739/1970
f 3140/2731/1971 3143/2734/1972 3146/2741/1973
f 3147/958/434 3150/2881/1974 3152/2882/2106 3151/1502/1976
f 3150/2881/1974 3154/2744/1977 3155/2745/1978 3152/2882/1979
f 3148/912/427 3153/2746/1980 3155/2745/1981 3154/2744/1982
f 3153/2746/1980 3157/2883/1983 3158/2884/1984 3155/2745/1985
f 3149/962/1986 3156/2749/1987 3158/2884/1988 3157/2883/1983
f 3156/2749/1989 3151/2885/1990 3152/2886/1991 3158/2884/1992
f 3152/2752/1993 3155/2745/1994 3158/2753/1995
f 3159/942/1808 3162/2649/1809 3164/2858/1810 3163/2887/1827
f 3162/2649/1812 3166/2860/1813 3167/2653/1814 3164/2858/1815
f 3160/910/1816 3165/2654/1817 3167/2655/2107 3166/2656/1819
f 3165/2657/1817 3169/2658/1820 3170/2659/1821 3167/2660/1822
f 3161/923/438 3168/2661/1823 3170/2659/1824 3169/2658/1825
f 3168/2662/1826 3163/2887/1827 3164/2858/1828 3170/2663/1829
f 3164/2858/1830 3167/2653/1831 3170/2663/1832
f 3171/957/1833 3174/2664/2108 3176/2861/1835 3175/2666/2109
f 3174/2664/1837 3178/2667/1838 3179/2668/1839 3176/2861/1840
f 3172/921/436 3177/2669/1841 3179/2670/2100 3178/2862/1843
f 3177/2672/1841 3181/2673/1844 3182/2674/1845 3179/2675/1846
f 3173/924/439 3180/2676/1847 3182/2674/1848 3181/2673/1849
f 3180/2676/2110 3175/2677/1836 3176/2678/1850 3182/2674/1851
f 3176/2861/1852 3179/2668/1853 3182/2679/1854
f 3183/939/454 3186/2888/1855 3188/2864/2101 3187/2683/1857
f 3186/2888/1855 3190/2684/1858 3191/2685/1859 3188/2864/1860
f 3184/926/441 3189/2686/1861 3191/2687/1862 3190/2688/1863
f 3189/2686/2111 3193/2889/1864 3194/2690/1865 3191/2687/1866
f 3185/960/1867 3192/2866/2112 3194/2690/1869 3193/2889/2113
f 3192/2098/1870 3187/2683/1871 3188/2864/1872 3194/2867/1873
f 3188/2864/1874 3191/2685/1875 3194/2867/1876
f 3195/959/1877 3198/2571/1878 3200/2694/1879 3199/2695/1896
f 3198/2696/1881 3202/2697/1882 3203/2868/1883 3200/2869/1884
f 3196/961/1885 3201/2890/1886 3203/2868/2114 3202/2697/1888
f 3201/2890/1886 3205/2701/1889 3206/2702/1890 3203/2868/1891
f 3197/925/440 3204/2703/1892 3206/2702/1893 3205/2701/1894
f 3204/2703/1895 3199/2704/1896 3200/1593/1897 3206/2702/1898
f 3200/2869/1899 3203/2868/1900 3206/2891/1901
f 3207/941/456 3210/2892/1902 3212/2873/2103 3211/2708/1904
f 3210/2892/1902 3214/2709/1905 3215/2710/1906 3212/2873/2048
f 3208/914/429 3213/2711/1908 3215/2710/1909 3214/2709/1910
f 3213/2711/1908 3217/2893/1911 3218/2713/1912 3215/2710/1913
f 3209/955/1914 3216/2714/2115 3218/2713/1916 3217/2893/2116
f 3216/2875/1917 3211/2708/1918 3212/2873/1919 3218/2716/1920
f 3212/2873/1921 3215/2894/1922 3218/2716/1923
f 3219/922/1924 3222/1504/1925 3224/2718/1926 3223/2719/1943
f 3222/2720/1928 3226/2721/1929 3227/2877/1930 3224/2723/1931
f 3220/956/1932 3225/2895/1933 3227/2877/2117 3226/2721/1935
f 3225/2895/1933 3229/2725/1936 3230/2726/1937 3227/2877/1938
f 3221/913/428 3228/2727/1939 3230/2726/1940 3229/2725/2118
f 3228/2727/1942 3223/2719/1943 3224/2718/1944 3230/2726/2119
f 3224/2723/1946 3227/2877/1947 3230/2896/1948
f 3231/940/1949 3234/2730/1950 3236/2731/1951 3235/2897/1968
f 3234/2730/1953 3238/1954/1954 3239/2734/1955 3236/2731/1956
f 3232/930/1957 3237/2898/1958 3239/2736/2120 3238/2737/1960
f 3237/2898/1958 3241/2738/1961 3242/2739/1962 3239/2736/1963
f 3233/911/426 3240/2740/1964 3242/2739/1965 3241/2738/2121
f 3240/2740/1967 3235/2897/1968 3236/2731/1969 3242/2739/2122
f 3236/2731/1971 3239/2734/1972 3242/2899/1973
f 3243/958/434 3246/2742/1974 3248/2882/2106 3247/1502/1976
f 3246/2742/1974 3250/2744/1977 3251/2745/1978 3248/2882/2088
f 3244/912/427 3249/2746/1980 3251/2745/1981 3250/2744/1982
f 3249/2746/1980 3253/2900/1983 3254/2884/1984 3251/2745/1985
f 3245/962/1986 3252/2749/2123 3254/2884/1988 3253/2900/2124
f 3252/2749/1989 3247/2885/1990 3248/2886/1991 3254/2884/1992
f 3248/2752/1993 3251/2745/1994 3254/2753/1995
f 3255/966/1808 3258/2901/1809 3260/2902/1810 3259/2887/1827
f 3258/2901/1812 3262/2903/1813 3263/2904/1814 3260/2902/1815
f 3256/970/1816 3261/2654/1817 3263/2905/1818 3262/2906/1819
f 3261/2657/1817 3265/2658/1820 3266/2659/1821 3263/2660/1822
f 3257/923/438 3264/2661/1823 3266/2659/1824 3265/2658/2125
f 3264/2662/1826 3259/2887/2126 3260/2902/1828 3266/2663/1829
f 3260/2902/1830 3263/2904/1831 3266/2663/1832
f 3267/969/1833 3270/2907/1834 3272/2908/1835 3271/2666/2109
f 3270/2907/1837 3274/2909/1838 3275/2910/1839 3272/2908/1840
f 3268/921/436 3273/2669/1841 3275/2911/1842 3274/2912/1843
f 3273/2672/2127 3277/2673/1844 3278/2674/1845 3275/2675/2017
f 3269/924/439 3276/2676/2110 3278/2674/1848 3277/2673/1849
f 3276/2676/1847 3271/2677/1836 3272/2678/1850 3278/2674/1851
f 3272/2908/1852 3275/2910/1853 3278/2679/1854
f 3279/963/454 3282/2888/1855 3284/2913/1856 3283/2914/1857
f 3282/2888/2128 3286/2684/1858 3287/2685/1859 3284/2913/2024
f 3280/926/441 3285/2686/2111 3287/2687/1862 3286/2688/1863
f 3285/2686/1861 3289/2889/1864 3290/2915/1865 3287/2687/1866
f 3281/974/1867 3288/2916/1868 3290/2915/1869 3289/2889/2113
f 3288/2917/1870 3283/2914/1871 3284/2913/1872 3290/2918/1873
f 3284/2913/1874 3287/2685/1875 3290/2918/1876
f 3291/972/1877 3294/2919/2102 3296/2920/1879 3295/2695/1896
f 3294/2921/1881 3298/2922/1882 3299/2923/1883 3296/2924/1884
f 3292/975/1885 3297/2890/1886 3299/2923/1887 3298/2922/1888
f 3297/2890/1886 3301/2701/1889 3302/2702/1890 3299/2923/1891
f 3293/925/440 3300/2703/1892 3302/2702/1893 3301/2701/2129
f 3300/2703/1895 3295/2704/2130 3296/1593/1897 3302/2702/1898
f 3296/2924/1899 3299/2923/1900 3302/2891/1901
f 3303/965/456 3306/2892/1902 3308/2925/1903 3307/2926/1904
f 3306/2892/1902 3310/2709/1905 3311/2710/1906 3308/2925/2048
f 3304/914/429 3309/2711/2131 3311/2710/1909 3310/2709/1910
f 3309/2711/1908 3313/2893/1911 3314/2927/1912 3311/2710/1913
f 3305/967/1914 3312/2928/1915 3314/2927/1916 3313/2893/2116
f 3312/2929/1917 3307/2926/1918 3308/2925/1919 3314/2930/1920
f 3308/2925/1921 3311/2894/1922 3314/2930/1923
f 3315/973/1924 3318/2931/2104 3320/2932/1926 3319/2719/1943
f 3318/2933/1928 3322/2934/1929 3323/2935/1930 3320/2936/1931
f 3316/968/1932 3321/2895/1933 3323/2935/1934 3322/2934/1935
f 3321/2895/1933 3325/2725/1936 3326/2726/1937 3323/2935/1938
f 3317/913/428 3324/2727/1939 3326/2726/1940 3325/2725/2118
f 3324/2727/1942 3319/2719/2071 3320/2932/1944 3326/2726/1945
f 3320/2936/1946 3323/2935/1947 3326/2896/1948
f 3327/964/1949 3330/2937/1950 3332/2938/1951 3331/2897/1968
f 3330/2937/1953 3334/2939/1954 3335/2940/1955 3332/2938/1956
f 3328/977/1957 3333/2898/1958 3335/2941/1959 3334/2942/1960
f 3333/2898/1958 3337/2738/1961 3338/2739/1962 3335/2941/1963
f 3329/911/426 3336/2740/1964 3338/2739/1965 3337/2738/2121
f 3336/2740/1967 3331/2897/2083 3332/2938/1969 3338/2739/1970
f 3332/2938/1971 3335/2940/1972 3338/2899/1973
f 3339/971/434 3342/2742/1974 3344/2943/1975 3343/2944/1976
f 3342/2742/1974 3346/2744/1977 3347/2745/1978 3344/2943/2088
f 3340/912/427 3345/2746/2132 3347/2745/1981 3346/2744/1982
f 3345/2746/1980 3349/2900/1983 3350/2945/1984 3347/2745/1985
f 3341/976/1986 3348/2946/1987 3350/2945/1988 3349/2900/2124
f 3348/2946/1989 3343/2947/1990 3344/2948/1991 3350/2945/1992
f 3344/2752/1993 3347/2745/1994 3350/2753/1995
f 3351/966/1808 3354/2901/1809 3356/2902/1810 3355/2887/1827
f 3354/2901/1812 3358/2903/1813 3359/2904/1814 3356/2902/1815
f 3352/970/1816 3357/2654/1817 3359/2905/1818 3358/2906/1819
f 3357/2657/1817 3361/2658/1820 3362/2659/1821 3359/2660/1822
f 3353/923/438 3360/2661/1823 3362/2659/1824 3361/2658/2125
f 3360/2662/1826 3355/2887/1827 3356/2902/1828 3362/2663/1829
f 3356/2902/1830 3359/2904/1831 3362/2663/1832
f 3363/969/1833 3366/2907/1834 3368/2908/1835 3367/2666/2109
f 3366/2907/1837 3370/2909/1838 3371/2910/1839 3368/2908/1840
f 3364/921/436 3369/2669/1841 3371/2911/1842 3370/2912/1843
f 3369/2672/2127 3373/2673/1844 3374/2674/1845 3371/2675/2017
f 3365/924/439 3372/2676/2110 3374/2674/1848 3373/2673/1849
f 3372/2676/1847 3367/2677/1836 3368/2678/1850 3374/2674/1851
f 3368/2908/1852 3371/2910/1853 3374/2679/1854
f 3375/963/454 3378/2888/1855 3380/2913/1856 3379/2914/1857
f 3378/2888/2128 3382/2684/1858 3383/2685/1859 3380/2913/2024
f 3376/926/441 3381/2686/2111 3383/2687/1862 3382/2688/1863
f 3381/2686/1861 3385/2889/1864 3386/2915/1865 3383/2687/1866
f 3377/974/1867 3384/2916/1868 3386/2915/1869 3385/2889/2113
f 3384/2917/1870 3379/2914/1871 3380/2913/1872 3386/2918/1873
f 3380/2913/1874 3383/2685/1875 3386/2918/1876
f 3387/972/1877 3390/2919/2102 3392/2920/1879 3391/2695/1896
f 3390/2921/1881 3394/2922/1882 3395/2923/1883 3392/2924/1884
f 3388/975/1885 3393/2890/1886 3395/2923/1887 3394/2922/1888
f 3393/2890/1886 3397/2701/1889 3398/2702/1890 3395/2923/1891
f 3389/925/440 3396/2703/1892 3398/2702/1893 3397/2701/2129
f 3396/2703/1895 3391/2704/1896 3392/1593/1897 3398/2702/1898
f 3392/2924/1899 3395/2923/1900 3398/2891/1901
f 3399/965/456 3402/2892/1902 3404/2925/1903 3403/2926/1904
f 3402/2892/2047 3406/2709/1905 3407/2710/1906 3404/2925/2048
f 3400/914/429 3405/2711/1908 3407/2710/1909 3406/2709/1910
f 3405/2711/1908 3409/2893/1911 3410/2927/1912 3407/2710/1913
f 3401/967/1914 3408/2928/1915 3410/2927/1916 3409/2893/2116
f 3408/2929/1917 3403/2926/1918 3404/2925/1919 3410/2930/1920
f 3404/2925/1921 3407/2894/1922 3410/2930/1923
f 3411/973/1924 3414/2931/2104 3416/2932/1926 3415/2719/1943
f 3414/2933/1928 3418/2934/1929 3419/2935/1930 3416/2936/1931
f 3412/968/1932 3417/2895/1933 3419/2935/1934 3418/2934/1935
f 3417/2895/1933 3421/2725/1936 3422/2726/1937 3419/2935/1938
f 3413/913/428 3420/2727/1939 3422/2726/1940 3421/2725/2118
f 3420/2727/1942 3415/2719/2071 3416/2932/1944 3422/2726/1945
f 3416/2936/1946 3419/2935/1947 3422/2896/1948
f 3423/964/1949 3426/2937/1950 3428/2938/1951 3427/2897/1968
f 3426/2937/1953 3430/2939/1954 3431/2940/1955 3428/2938/1956
f 3424/977/1957 3429/2898/1958 3431/2941/1959 3430/2942/1960
f 3429/2898/1958 3433/2738/1961 3434/2739/1962 3431/2941/1963
f 3425/911/426 3432/2740/1964 3434/2739/1965 3433/2738/2121
f 3432/2740/1967 3427/2897/2083 3428/2938/1969 3434/2739/1970
f 3428/2938/1971 3431/2940/1972 3434/2899/1973
f 3435/971/434 3438/2742/1974 3440/2943/1975 3439/2944/1976
f 3438/2742/2087 3442/2744/1977 3443/2745/1978 3440/2943/2088
f 3436/912/427 3441/2746/1980 3443/2745/1981 3442/2744/1982
f 3441/2746/1980 3445/2900/1983 3446/2945/1984 3443/2745/1985
f 3437/976/1986 3444/2946/1987 3446/2945/1988 3445/2900/2124
f 3444/2946/1989 3439/2947/1990 3440/2948/1991 3446/2945/1992
f 3440/2752/1993 3443/2745/1994 3446/2753/1995
f 3447/966/1808 3450/2901/1809 3452/2902/1810 3451/2887/1827
f 3450/2901/1812 3454/2903/1813 3455/2904/1814 3452/2902/1815
f 3448/970/1816 3453/2654/1817 3455/2905/1818 3454/2906/1819
f 3453/2657/1817 3457/2658/1820 3458/2659/1821 3455/2660/2133
f 3449/923/438 3456/2661/1823 3458/2659/1824 3457/2658/2134
f 3456/2662/1826 3451/2887/1827 3452/2902/1828 3458/2663/1829
f 3452/2902/1830 3455/2904/1831 3458/2663/1832
f 3459/969/1833 3462/2907/1834 3464/2908/1835 3463/2666/2109
f 3462/2907/1837 3466/2909/1838 3467/2910/1839 3464/2908/1840
f 3460/921/436 3465/2669/1841 3467/2911/1842 3466/2912/1843
f 3465/2672/1841 3469/2673/1844 3470/2674/1845 3467/2675/2017
f 3461/924/439 3468/2676/1847 3470/2674/1848 3469/2673/1849
f 3468/2676/1847 3463/2677/1836 3464/2678/1850 3470/2674/1851
f 3464/2908/1852 3467/2910/1853 3470/2679/1854
f 3471/963/454 3474/2888/1855 3476/2913/1856 3475/2914/1857
f 3474/2888/1855 3478/2684/1858 3479/2685/1859 3476/2913/2024
f 3472/926/441 3477/2686/1861 3479/2687/1862 3478/2688/1863
f 3477/2686/1861 3481/2889/1864 3482/2915/1865 3479/2687/1866
f 3473/974/1867 3480/2916/1868 3482/2915/1869 3481/2889/2113
f 3480/2917/1870 3475/2914/1871 3476/2913/1872 3482/2918/1873
f 3476/2913/1874 3479/2685/1875 3482/2918/1876
f 3483/972/1877 3486/2919/2102 3488/2920/1879 3487/2695/1896
f 3486/2921/1881 3490/2922/1882 3491/2923/1883 3488/2924/1884
f 3484/975/1885 3489/2890/1886 3491/2923/1887 3490/2922/1888
f 3489/2890/1886 3493/2701/1889 3494/2702/1890 3491/2923/2135
f 3485/925/440 3492/2703/1892 3494/2702/1893 3493/2701/2136
f 3492/2703/1895 3487/2704/1896 3488/1593/1897 3494/2702/1898
f 3488/2924/1899 3491/2923/1900 3494/2891/1901
f 3495/965/456 3498/2949/1902 3500/2950/1903 3499/2951/1904
f 3498/2949/1902 3502/2709/1905 3503/2710/1906 3500/2950/2048
f 3496/914/2137 3501/2711/2138 3503/2710/1909 3502/2709/2139
f 3501/2711/2131 3505/2952/1911 3506/2953/1912 3503/2710/1913
f 3497/967/1914 3504/2954/1915 3506/2953/1916 3505/2952/2116
f 3504/2955/1917 3499/2951/1918 3500/2950/1919 3506/2956/1920
f 3500/2950/1921 3503/2957/1922 3506/2956/1923
f 3507/973/1924 3510/2931/1925 3512/2932/1926 3511/2719/1943
f 3510/2933/1928 3514/2934/1929 3515/2935/1930 3512/2936/1931
f 3508/968/1932 3513/2895/1933 3515/2935/1934 3514/2934/1935
f 3513/2895/1933 3517/2725/1936 3518/2726/1937 3515/2935/1938
f 3509/913/428 3516/2727/1939 3518/2726/1940 3517/2725/1941
f 3516/2727/1942 3511/2719/1943 3512/2932/1944 3518/2726/1945
f 3512/2936/1946 3515/2935/1947 3518/2896/1948
f 3519/964/1949 3522/2937/1950 3524/2938/1951 3523/2897/1968
f 3522/2937/1953 3526/2939/1954 3527/2940/1955 3524/2938/1956
f 3520/977/1957 3525/2898/1958 3527/2941/1959 3526/2942/1960
f 3525/2898/1958 3529/2738/1961 3530/2739/1962 3527/2941/1963
f 3521/911/426 3528/2740/1964 3530/2739/1965 3529/2738/1966
f 3528/2740/1967 3523/2897/1968 3524/2938/1969 3530/2739/1970
f 3524/2938/1971 3527/2940/1972 3530/2899/1973
f 3531/971/434 3534/2958/1974 3536/2959/1975 3535/2960/1976
f 3534/2958/1974 3538/2744/1977 3539/2745/1978 3536/2959/2088
f 3532/912/2140 3537/2746/2141 3539/2745/1981 3538/2744/2142
f 3537/2746/2132 3541/2961/1983 3542/2962/1984 3539/2745/1985
f 3533/976/1986 3540/2963/1987 3542/2962/1988 3541/2961/2124
f 3540/2963/1989 3535/2964/1990 3536/2965/1991 3542/2962/1992
f 3536/2752/1993 3539/2745/1994 3542/2753/1995
f 3543/981/457 3546/2966/2099 3548/2967/1810 3547/2968/1811
f 3546/2966/1812 3550/2969/1813 3551/2970/1814 3548/2967/1815
f 3544/985/1816 3549/2654/1817 3551/2971/1818 3550/2972/1819
f 3549/2657/1817 3553/2658/1820 3554/2659/1821 3551/2660/1822
f 3545/923/438 3552/2661/1823 3554/2659/1824 3553/2658/1820
f 3552/2662/1826 3547/2968/1827 3548/2967/1828 3554/2663/2143
f 3548/2967/1830 3551/2970/1831 3554/2663/1832
f 3555/984/1833 3558/2973/1834 3560/2861/1835 3559/2666/2109
f 3558/2973/1837 3562/2974/1838 3563/2975/1839 3560/2861/2144
f 3556/988/436 3561/2669/1841 3563/2976/1842 3562/2977/1843
f 3561/2672/1841 3565/2673/1844 3566/2674/1845 3563/2675/1846
f 3557/924/2145 3564/2676/2110 3566/2674/2146 3565/2673/1849
f 3564/2676/1847 3559/2677/1836 3560/2678/1850 3566/2674/1851
f 3560/2861/1852 3563/2975/1853 3566/2978/1854
f 3567/978/454 3570/2979/1855 3572/2980/1856 3571/2981/1857
f 3570/2979/1855 3574/2684/1858 3575/2685/1859 3572/2980/1860
f 3568/926/2147 3573/2686/2111 3575/2687/2148 3574/2688/1863
f 3573/2686/1861 3577/2982/1864 3578/2983/1865 3575/2687/1866
f 3569/990/1867 3576/2984/1868 3578/2983/1869 3577/2982/2113
f 3576/2985/1870 3571/2981/1871 3572/2980/1872 3578/2986/2149
f 3572/2980/1874 3575/2685/1875 3578/2986/1876
f 3579/987/435 3582/2987/2102 3584/2988/1879 3583/2695/1880
f 3582/2989/1881 3586/2990/1882 3587/2991/1883 3584/2992/1884
f 3580/991/1885 3585/2993/1886 3587/2991/1887 3586/2990/1888
f 3585/2993/1886 3589/2701/1889 3590/2702/1890 3587/2991/1891
f 3581/925/440 3588/2703/1892 3590/2702/1893 3589/2701/1889
f 3588/2703/1895 3583/2704/1896 3584/1593/1897 3590/2702/2150
f 3584/2992/1899 3587/2991/1900 3590/2994/1901
f 3591/980/456 3594/2995/1902 3596/2996/1903 3595/2997/2151
f 3594/2995/1902 3598/2709/1905 3599/2710/1906 3596/2996/2048
f 3592/914/2152 3597/2711/2131 3599/2710/2051 3598/2709/1910
f 3597/2711/1908 3601/2893/1911 3602/2998/1912 3599/2710/1913
f 3593/982/1914 3600/2999/1915 3602/2998/1916 3601/2893/2116
f 3600/3000/1917 3595/2997/1918 3596/2996/1919 3602/3001/1920
f 3596/2996/1921 3599/3002/1922 3602/3001/1923
f 3603/989/437 3606/3003/1925 3608/3004/1926 3607/3005/1927
f 3606/3006/1928 3610/3007/1929 3611/3008/1930 3608/3009/1931
f 3604/983/1932 3609/3010/1933 3611/3008/1934 3610/3007/1935
f 3609/3010/1933 3613/2725/1936 3614/2726/1937 3611/3008/1938
f 3605/913/428 3612/2727/1939 3614/2726/1940 3613/2725/1941
f 3612/2727/1942 3607/3005/1943 3608/3004/1944 3614/2726/1945
f 3608/3009/1946 3611/3008/1947 3614/3011/1948
f 3615/979/455 3618/3012/1950 3620/3013/1951 3619/3014/1952
f 3618/3012/1953 3622/3015/1954 3623/3016/1955 3620/3013/1956
f 3616/993/1957 3621/3017/1958 3623/3018/1959 3622/3019/1960
f 3621/3017/1958 3625/2738/1961 3626/2739/1962 3623/3018/1963
f 3617/911/426 3624/2740/1964 3626/2739/1965 3625/2738/1966
f 3624/2740/1967 3619/3014/1968 3620/3013/1969 3626/2739/1970
f 3620/3013/1971 3623/3016/1972 3626/3020/1973
f 3627/986/434 3630/3021/1974 3632/3022/1975 3631/3023/2153
f 3630/3021/1974 3634/2744/1977 3635/2745/1978 3632/3022/2088
f 3628/912/2154 3633/2746/2132 3635/2745/2090 3634/2744/1982
f 3633/2746/1980 3637/3024/1983 3638/3025/1984 3635/2745/1985
f 3629/992/1986 3636/3026/1987 3638/3025/1988 3637/3024/2124
f 3636/3026/1989 3631/3027/1990 3632/3028/1991 3638/3025/1992
f 3632/2752/1993 3635/2745/1994 3638/2753/1995
f 3639/981/457 3642/3029/1809 3644/3030/1810 3643/3031/1811
f 3642/3029/1812 3646/3032/1813 3647/3033/1814 3644/3030/2000
f 3640/985/1816 3645/2654/1817 3647/3034/1818 3646/3035/1819
f 3645/2657/1817 3649/2658/1820 3650/2659/1821 3647/2660/1822
f 3641/923/438 3648/2661/1823 3650/2659/1824 3649/2658/1820
f 3648/2662/1826 3643/3031/1827 3644/3030/1828 3650/2663/1829
f 3644/3030/1830 3647/3033/1831 3650/2663/1832
f 3651/984/1833 3654/3036/1834 3656/3037/2009 3655/2666/2109
f 3654/3036/1837 3658/3038/1838 3659/3039/1839 3656/3037/1840
f 3652/988/436 3657/2669/1841 3659/3040/1842 3658/3041/1843
f 3657/2672/1841 3661/2673/1844 3662/2674/1845 3659/2675/2017
f 3653/924/439 3660/2676/2155 3662/2674/1848 3661/2673/1849
f 3660/2676/1847 3655/2677/1836 3656/2678/1850 3662/2674/1851
f 3656/3037/1852 3659/3039/1853 3662/3042/1854
f 3663/978/454 3666/3043/1855 3668/3044/1856 3667/3045/1857
f 3666/3043/1855 3670/2684/1858 3671/2685/1859 3668/3044/2024
f 3664/926/441 3669/2686/2156 3671/2687/1862 3670/2688/1863
f 3669/2686/1861 3673/3046/1864 3674/3047/1865 3671/2687/1866
f 3665/990/1867 3672/3048/1868 3674/3047/2157 3673/3046/2113
f 3672/3049/1870 3667/3045/1871 3668/3044/1872 3674/3050/1873
f 3668/3044/1874 3671/2685/1875 3674/3050/1876
f 3675/987/435 3678/3051/1878 3680/3052/1879 3679/2695/1880
f 3678/3053/1881 3682/3054/1882 3683/3055/1883 3680/3056/2037
f 3676/991/1885 3681/3057/1886 3683/3055/1887 3682/3054/1888
f 3681/3057/1886 3685/2701/1889 3686/2702/1890 3683/3055/1891
f 3677/925/440 3684/2703/1892 3686/2702/1893 3685/2701/1889
f 3684/2703/1895 3679/2704/1896 3680/1593/1897 3686/2702/1898
f 3680/3056/1899 3683/3055/1900 3686/3058/1901
f 3687/980/456 3690/3059/1902 3692/3060/1903 3691/3061/1904
f 3690/3059/1902 3694/2709/1910 3695/2710/1906 3692/3060/2048
f 3688/914/429 3693/2711/1908 3695/2710/1909 3694/2709/1910
f 3693/2711/1908 3697/3062/1911 3698/3063/1912 3695/2710/1913
f 3689/982/1914 3696/3064/2115 3698/3063/1916 3697/3062/2116
f 3696/3065/1917 3691/3061/1918 3692/3060/1919 3698/3066/2158
f 3692/3060/1921 3695/3067/1922 3698/3066/1923
f 3699/989/437 3702/3068/1925 3704/3069/1926 3703/3070/1927
f 3702/3071/1928 3706/3072/1929 3707/3073/1930 3704/3074/1931
f 3700/983/1932 3705/3075/1933 3707/3073/1934 3706/3072/1935
f 3705/3075/1933 3709/2725/1936 3710/2726/1937 3707/3073/1938
f 3701/913/428 3708/2727/1939 3710/2726/2159 3709/2725/1941
f 3708/2727/1942 3703/3070/1943 3704/3069/1944 3710/2726/2119
f 3704/3074/1946 3707/3073/2160 3710/3076/1948
f 3711/979/455 3714/3077/1950 3716/3078/1951 3715/3079/1952
f 3714/3077/1953 3718/3080/1954 3719/3081/1955 3716/3078/1956
f 3712/993/1957 3717/3082/1958 3719/3083/1959 3718/3084/1960
f 3717/3082/1958 3721/2738/1961 3722/2739/1962 3719/3083/1963
f 3713/911/426 3720/2740/1964 3722/2739/2161 3721/2738/1966
f 3720/2740/1967 3715/3079/1968 3716/3078/1969 3722/2739/2122
f 3716/3078/1971 3719/3081/2162 3722/3085/1973
f 3723/986/434 3726/3086/1974 3728/2959/1975 3727/3087/1976
f 3726/3086/1974 3730/2744/1982 3731/2745/1978 3728/2959/2088
f 3724/912/427 3729/2746/1980 3731/2745/1981 3730/2744/1982
f 3729/2746/1980 3733/3088/1983 3734/3089/1984 3731/2745/1985
f 3725/992/1986 3732/3090/2123 3734/3089/1988 3733/3088/2124
f 3732/3090/1989 3727/3091/1990 3728/3092/1991 3734/3089/2163
f 3728/2752/1993 3731/2745/1994 3734/2753/1995
f 3735/981/1808 3738/3093/1809 3740/3094/1810 3739/3095/1811
f 3738/3093/1812 3742/3096/1813 3743/3097/1814 3740/3094/1815
f 3736/985/1816 3741/2654/1817 3743/3098/1818 3742/3099/1819
f 3741/2657/1817 3745/2658/1820 3746/2659/1821 3743/2660/1822
f 3737/923/438 3744/2661/1823 3746/2659/1824 3745/2658/2164
f 3744/2662/1826 3739/3095/2126 3740/3094/1828 3746/2663/1829
f 3740/3094/1830 3743/3097/1831 3746/2663/1832
f 3747/984/1833 3750/3100/2108 3752/3101/1835 3751/2666/1836
f 3750/3100/1837 3754/3102/1838 3755/3103/1839 3752/3101/2144
f 3748/988/436 3753/2669/1841 3755/3104/2100 3754/3105/1843
f 3753/2672/2127 3757/2673/1844 3758/2674/1845 3755/2675/2017
f 3749/924/2165 3756/2676/1847 3758/2674/1848 3757/2673/1849
f 3756/2676/1847 3751/2677/1836 3752/2678/1850 3758/2674/2166
f 3752/3101/1852 3755/3103/1853 3758/3106/1854
f 3759/978/454 3762/3107/1855 3764/3108/2101 3763/3109/1857
f 3762/3107/2128 3766/2684/1858 3767/2685/1859 3764/3108/2024
f 3760/926/2167 3765/2686/1861 3767/2687/1862 3766/2688/1863
f 3765/2686/1861 3769/3110/1864 3770/3111/1865 3767/2687/2168
f 3761/990/1867 3768/3112/2112 3770/3111/1869 3769/3110/1864
f 3768/3113/1870 3763/3109/1871 3764/3108/1872 3770/3114/2149
f 3764/3108/1874 3767/2685/1875 3770/3114/1876
f 3771/987/1877 3774/3115/1878 3776/3116/1879 3775/2695/1880
f 3774/3117/1881 3778/3118/1882 3779/3119/1883 3776/3120/1884
f 3772/991/1885 3777/3121/1886 3779/3119/1887 3778/3118/1888
f 3777/3121/1886 3781/2701/1889 3782/2702/1890 3779/3119/1891
f 3773/925/440 3780/2703/1892 3782/2702/1893 3781/2701/2169
f 3780/2703/1895 3775/2704/2130 3776/1593/1897 3782/2702/1898
f 3776/3120/1899 3779/3119/1900 3782/3122/1901
f 3783/980/456 3786/3123/1902 3788/3124/2103 3787/3125/1904
f 3786/3123/2047 3790/2709/1905 3791/2710/1906 3788/3124/2048
f 3784/914/429 3789/2711/2131 3791/2710/1909 3790/2709/1910
f 3789/2711/2131 3793/3126/1911 3794/3127/1912 3791/2710/2170
f 3785/982/1914 3792/3128/1915 3794/3127/1916 3793/3126/1911
f 3792/3129/1917 3787/3125/1918 3788/3124/1919 3794/3130/2158
f 3788/3124/1921 3791/3131/1922 3794/3130/1923
f 3795/989/1924 3798/3132/1925 3800/3133/1926 3799/3134/1927
f 3798/3135/1928 3802/3136/1929 3803/3137/1930 3800/3138/1931
f 3796/983/1932 3801/3139/1933 3803/3137/1934 3802/3136/1935
f 3801/3139/1933 3805/2725/1936 3806/2726/1937 3803/3137/1938
f 3797/913/428 3804/2727/1939 3806/2726/1940 3805/2725/2171
f 3804/2727/1942 3799/3134/2071 3800/3133/1944 3806/2726/1945
f 3800/3138/1946 3803/3137/2160 3806/3140/1948
f 3807/979/1949 3810/3141/1950 3812/3142/1951 3811/3143/1952
f 3810/3141/1953 3814/3144/1954 3815/3145/1955 3812/3142/1956
f 3808/993/1957 3813/3146/1958 3815/3147/1959 3814/3148/1960
f 3813/3146/1958 3817/2738/1961 3818/2739/1962 3815/3147/1963
f 3809/911/426 3816/2740/1964 3818/2739/1965 3817/2738/2172
f 3816/2740/1967 3811/3143/2083 3812/3142/1969 3818/2739/1970
f 3812/3142/1971 3815/3145/2162 3818/3149/1973
f 3819/986/434 3822/3150/1974 3824/3151/2106 3823/3152/1976
f 3822/3150/2087 3826/2744/1977 3827/2745/1978 3824/3151/2088
f 3820/912/427 3825/2746/2132 3827/2745/1981 3826/2744/1982
f 3825/2746/2132 3829/3153/1983 3830/3154/1984 3827/2745/2093
f 3821/992/1986 3828/3155/1987 3830/3154/1988 3829/3153/1983
f 3828/3155/1989 3823/3156/1990 3824/3157/1991 3830/3154/2163
f 3824/2752/1993 3827/2745/1994 3830/2753/1995
f 3831/981/457 3834/2966/1809 3836/2967/1810 3835/2968/1811
f 3834/2966/1812 3838/2969/1813 3839/2970/1814 3836/2967/1815
f 3832/985/1816 3837/2654/1817 3839/2971/1818 3838/2972/1819
f 3837/2657/1817 3841/2658/1820 3842/2659/1821 3839/2660/1822
f 3833/923/438 3840/2661/1823 3842/2659/1824 3841/2658/1825
f 3840/2662/1826 3835/2968/1827 3836/2967/1828 3842/2663/2143
f 3836/2967/1830 3839/2970/2133 3842/2663/1832
f 3843/984/1833 3846/2973/1834 3848/2861/2009 3847/2666/1836
f 3846/2973/1837 3850/2974/1838 3851/2975/1839 3848/2861/2144
f 3844/988/436 3849/2669/1841 3851/2976/1842 3850/2977/2173
f 3849/2672/1841 3853/2673/1849 3854/2674/1845 3851/2675/1846
f 3845/924/439 3852/2676/1847 3854/2674/2146 3853/2673/1849
f 3852/2676/1847 3847/2677/1836 3848/2678/1850 3854/2674/1851
f 3848/2861/1852 3851/2975/1853 3854/2978/1854
f 3855/978/454 3858/2979/1855 3860/2980/1856 3859/2981/2174
f 3858/2979/1855 3862/2684/1863 3863/2685/1859 3860/2980/1860
f 3856/926/441 3861/2686/1861 3863/2687/2148 3862/2688/1863
f 3861/2686/1861 3865/2982/1864 3866/2983/1865 3863/2687/1866
f 3857/990/1867 3864/2984/1868 3866/2983/2157 3865/2982/1864
f 3864/2985/1870 3859/2981/1871 3860/2980/1872 3866/2986/2149
f 3860/2980/1874 3863/2685/1875 3866/2986/1876
f 3867/987/435 3870/2987/1878 3872/2988/1879 3871/2695/1880
f 3870/2989/1881 3874/2990/1882 3875/2991/1883 3872/2992/1884
f 3868/991/1885 3873/2993/1886 3875/2991/1887 3874/2990/1888
f 3873/2993/1886 3877/2701/1889 3878/2702/1890 3875/2991/1891
f 3869/925/440 3876/2703/1892 3878/2702/1893 3877/2701/1894
f 3876/2703/1895 3871/2704/1896 3872/1593/1897 3878/2702/2150
f 3872/2992/1899 3875/2991/2135 3878/2994/1901
f 3879/980/456 3882/3059/1902 3884/3060/1903 3883/3061/2151
f 3882/3059/1902 3886/2709/1910 3887/2710/1906 3884/3060/1907
f 3880/914/429 3885/2711/1908 3887/2710/1909 3886/2709/1910
f 3885/2711/1908 3889/3062/1911 3890/3063/1912 3887/2710/1913
f 3881/982/1914 3888/3064/1915 3890/3063/2175 3889/3062/1911
f 3888/3065/1917 3883/3061/1918 3884/3060/1919 3890/3066/1920
f 3884/3060/1921 3887/3067/1922 3890/3066/1923
f 3891/989/437 3894/3068/1925 3896/3069/1926 3895/3070/1927
f 3894/3071/1928 3898/3072/1929 3899/3073/1930 3896/3074/1931
f 3892/983/1932 3897/3075/1933 3899/3073/1934 3898/3072/1935
f 3897/3075/1933 3901/2725/1936 3902/2726/1937 3899/3073/1938
f 3893/913/428 3900/2727/1939 3902/2726/2159 3901/2725/1941
f 3900/2727/1942 3895/3070/1943 3896/3069/1944 3902/2726/1945
f 3896/3074/1946 3899/3073/1947 3902/3076/1948
f 3903/979/455 3906/3077/1950 3908/3078/1951 3907/3079/1952
f 3906/3077/1953 3910/3080/1954 3911/3081/1955 3908/3078/1956
f 3904/993/1957 3909/3082/1958 3911/3083/1959 3910/3084/1960
f 3909/3082/1958 3913/2738/1961 3914/2739/1962 3911/3083/1963
f 3905/911/426 3912/2740/1964 3914/2739/2161 3913/2738/1966
f 3912/2740/1967 3907/3079/1968 3908/3078/1969 3914/2739/1970
f 3908/3078/1971 3911/3081/1972 3914/3085/1973
f 3915/986/434 3918/3086/1974 3920/2959/1975 3919/3087/2153
f 3918/3086/1974 3922/2744/1982 3923/2745/1978 3920/2959/1979
f 3916/912/427 3921/2746/1980 3923/2745/1981 3922/2744/1982
f 3921/2746/1980 3925/3088/1983 3926/3089/1984 3923/2745/1985
f 3917/992/1986 3924/3090/1987 3926/3089/2095 3925/3088/1983
f 3924/3090/1989 3919/3091/1990 3920/3092/1991 3926/3089/1992
f 3920/2752/1993 3923/2745/1994 3926/2753/1995
f 3927/981/457 3930/3029/1809 3932/3030/1810 3931/3031/1811
f 3930/3029/1812 3934/3032/1813 3935/3033/1814 3932/3030/2000
f 3928/985/1816 3933/2654/1817 3935/3034/1818 3934/3035/1819
f 3933/2657/1817 3937/2658/1820 3938/2659/1821 3935/2660/1822
f 3929/923/438 3936/2661/1823 3938/2659/1824 3937/2658/1820
f 3936/2662/1823 3931/3031/1827 3932/3030/1828 3938/2663/2143
f 3932/3030/1830 3935/3033/1831 3938/2663/1832
f 3939/984/1833 3942/3036/1834 3944/3037/1835 3943/2666/2109
f 3942/3036/1837 3946/3038/1838 3947/3039/1839 3944/3037/2144
f 3940/988/436 3945/2669/1841 3947/3040/1842 3946/3041/2173
f 3945/2672/1841 3949/2673/1849 3950/2674/1845 3947/2675/1846
f 3941/924/439 3948/2676/2155 3950/2674/1848 3949/2673/1849
f 3948/2676/1847 3943/2677/1836 3944/2678/1850 3950/2674/1851
f 3944/3037/1852 3947/3039/1853 3950/3042/1854
f 3951/978/454 3954/3043/1855 3956/3044/1856 3955/3045/2174
f 3954/3043/1855 3958/2684/1863 3959/2685/1859 3956/3044/1860
f 3952/926/441 3957/2686/2156 3959/2687/1862 3958/2688/1863
f 3957/2686/1861 3961/3046/1864 3962/3047/1865 3959/2687/1866
f 3953/990/1867 3960/3048/1868 3962/3047/1869 3961/3046/2113
f 3960/3049/1870 3955/3045/1871 3956/3044/1872 3962/3050/2149
f 3956/3044/1874 3959/2685/1875 3962/3050/1876
f 3963/987/435 3966/3051/1878 3968/3052/1879 3967/2695/1880
f 3966/3053/1881 3970/3054/1882 3971/3055/1883 3968/3056/2037
f 3964/991/1885 3969/3057/1886 3971/3055/1887 3970/3054/1888
f 3969/3057/1886 3973/2701/1889 3974/2702/1890 3971/3055/1891
f 3965/925/440 3972/2703/1892 3974/2702/1893 3973/2701/1889
f 3972/2703/1892 3967/2704/1896 3968/1593/1897 3974/2702/2150
f 3968/3056/1899 3971/3055/1900 3974/3058/1901
f 3975/980/456 3978/3059/1902 3980/3060/1903 3979/3061/1904
f 3978/3059/1902 3982/2709/1905 3983/2710/1906 3980/3060/2048
f 3976/914/429 3981/2711/2138 3983/2710/1909 3982/2709/1910
f 3981/2711/1908 3985/3062/1911 3986/3063/1912 3983/2710/1913
f 3977/982/1914 3984/3064/1915 3986/3063/1916 3985/3062/2116
f 3984/3065/1917 3979/3061/1918 3980/3060/1919 3986/3066/2158
f 3980/3060/1921 3983/3067/1922 3986/3066/1923
f 3987/989/437 3990/3068/1925 3992/3069/1926 3991/3070/1927
f 3990/3071/1928 3994/3072/1929 3995/3073/1930 3992/3074/1931
f 3988/983/1932 3993/3075/1933 3995/3073/1934 3994/3072/1935
f 3993/3075/1933 3997/2725/1936 3998/2726/1937 3995/3073/1938
f 3989/913/428 3996/2727/1939 3998/2726/1940 3997/2725/1936
f 3996/2727/1942 3991/3070/1943 3992/3069/1944 3998/2726/2119
f 3992/3074/1946 3995/3073/1947 3998/3076/1948
f 3999/979/455 4002/3077/1950 4004/3078/1951 4003/3079/1952
f 4002/3077/1953 4006/3080/1954 4007/3081/1955 4004/3078/1956
f 4000/993/1957 4005/3082/1958 4007/3083/1959 4006/3084/1960
f 4005/3082/1958 4009/2738/1961 4010/2739/1962 4007/3083/1963
f 4001/911/426 4008/2740/1964 4010/2739/1965 4009/2738/1961
f 4008/2740/1967 4003/3079/1968 4004/3078/1969 4010/2739/2122
f 4004/3078/1971 4007/3081/1972 4010/3085/1973
f 4011/986/434 4014/3086/1974 4016/2959/1975 4015/3087/1976
f 4014/3086/1974 4018/2744/1977 4019/2745/1978 4016/2959/2088
f 4012/912/427 4017/2746/2141 4019/2745/1981 4018/2744/1982
f 4017/2746/1980 4021/3088/1983 4022/3089/1984 4019/2745/1985
f 4013/992/1986 4020/3090/1987 4022/3089/1988 4021/3088/2124
f 4020/3090/1989 4015/3091/1990 4016/3092/1991 4022/3089/2163
f 4016/2752/1993 4019/2745/1994 4022/2753/1995
f 2895/2680/454 2871/2648/457 2875/2651/2176 2898/2681/2177
f 2898/2681/1855 2875/2651/2178 2880/2662/1823 2902/2684/1863
f 2902/2688/2179 2880/2661/2180 2873/923/438 2896/926/441
f 2872/910/1816 2883/909/1833 2887/2666/2181 2877/2654/2182
f 2877/2657/2182 2887/2677/2181 2892/2676/2110 2881/2658/2125
f 2881/2658/2125 2892/2676/2110 2885/924/2165 2873/923/2183
f 2884/921/436 2907/920/435 2911/2695/2184 2889/2669/2014
f 2889/2672/1841 2911/2704/2185 2916/2703/1892 2893/2673/1849
f 2893/2673/2186 2916/2703/2187 2909/925/440 2885/924/439
f 2908/928/1885 2897/927/1867 2905/2689/2188 2913/2700/2189
f 2913/2700/2189 2905/2689/2188 2901/2686/2111 2917/2701/2129
f 2917/2701/2129 2901/2686/2111 2896/926/2167 2909/925/2190
f 2943/2729/1949 2895/2680/2191 2899/2683/2192 2946/2730/2193
f 2946/2730/1953 2899/2683/2194 2904/2692/1870 2950/2733/2195
f 2950/2737/2196 2904/2691/2197 2897/927/1867 2944/930/2198
f 2907/920/1877 2955/919/2199 2959/1502/2200 2910/2571/2201
f 2910/2696/1881 2959/2750/2202 2964/2749/1989 2914/2697/2203
f 2914/2697/2204 2964/2749/2205 2957/929/1986 2908/928/2206
f 2956/912/2140 2945/911/2207 2953/2738/2208 2961/2746/2132
f 2961/2746/2132 2953/2738/2208 2949/2735/2209 2965/2747/2210
f 2965/2747/2210 2949/2735/2209 2944/930/1957 2957/929/1986
f 2919/941/456 2943/2729/455 2947/2732/2211 2922/2706/2045
f 2922/2706/1902 2947/2732/2212 2952/2740/1964 2926/2709/1910
f 2926/2709/2213 2952/2740/2214 2945/911/426 2920/914/429
f 2955/919/434 2931/922/437 2935/2719/2215 2958/2742/2085
f 2958/2742/1974 2935/2719/2216 2940/2727/1939 2962/2744/1982
f 2962/2744/2217 2940/2727/2218 2933/913/428 2956/912/427
f 2932/908/1932 2921/907/1914 2929/2712/2219 2937/2724/2220
f 2937/2724/2220 2929/2712/2219 2925/2711/2131 2941/2725/2221
f 2941/2725/2221 2925/2711/2131 2920/914/2137 2933/913/2222
f 2871/2648/1808 2919/941/2223 2923/2708/2224 2874/2649/2225
f 2874/2649/1812 2923/2708/2226 2928/2715/1917 2878/2652/2227
f 2878/2656/2228 2928/2714/2229 2921/907/1914 2872/910/2230
f 2931/922/1924 2884/921/2231 2890/2671/2232 2934/1504/2233
f 2934/2720/1928 2890/2667/2234 2886/2664/1837 2938/2721/2235
f 2938/2721/2236 2886/2664/2237 2883/909/1833 2932/908/2238
f 2991/915/2021 2967/918/1996 2971/2756/2176 2994/2783/2239
f 2994/2783/2240 2971/2756/2178 2976/2766/2241 2998/2786/2242
f 2998/2790/2179 2976/2765/2180 2969/947/462 2992/950/465
f 2968/934/2001 2979/933/448 2983/2770/2243 2973/2759/2244
f 2973/2762/2003 2983/2780/2245 2988/2779/2246 2977/2763/2247
f 2977/2763/2006 2988/2779/2248 2981/948/463 2969/947/462
f 2980/945/2013 3003/944/2033 3007/2798/2184 2985/2773/2249
f 2985/2776/2250 3007/2807/2185 3012/2806/2251 2989/2777/2252
f 2989/2777/2186 3012/2806/2187 3005/949/464 2981/948/463
f 3004/952/467 2993/951/2028 3001/2791/2253 3009/2803/2254
f 3009/2803/2255 3001/2791/2256 2997/2788/2257 3013/2804/2258
f 3013/2804/2042 2997/2788/2259 2992/950/465 3005/949/464
f 3039/916/2072 2991/915/2021 2995/2785/2260 3042/2833/2261
f 3042/2833/2262 2995/2785/2032 3000/2794/2263 3046/2836/2264
f 3046/2840/2265 3000/2793/2266 2993/951/2028 3040/954/2077
f 3003/944/2033 3051/943/2084 3055/2847/2086 3006/2796/2267
f 3006/2799/2268 3055/2854/2269 3060/2853/2270 3010/2800/2271
f 3010/2800/2272 3060/2853/2273 3053/953/468 3004/952/467
f 3052/936/451 3041/935/450 3049/2841/2274 3057/2850/2275
f 3057/2850/2276 3049/2841/2277 3045/2838/2278 3061/2851/2279
f 3061/2851/2280 3045/2838/2281 3040/954/2077 3053/953/468
f 3015/917/2044 3039/916/2072 3043/2835/2211 3018/2809/2282
f 3018/2809/2283 3043/2835/2284 3048/2843/2285 3022/2812/2286
f 3022/2812/2287 3048/2843/2288 3041/935/450 3016/938/453
f 3051/943/2084 3027/946/2059 3031/2823/2215 3054/2845/2289
f 3054/2845/2290 3031/2823/2216 3036/2831/2291 3058/2848/2292
f 3058/2848/2293 3036/2831/2070 3029/937/452 3052/936/451
f 3028/932/447 3017/931/2054 3025/2815/2294 3033/2828/2295
f 3033/2828/2296 3025/2815/2297 3021/2814/2298 3037/2829/2299
f 3037/2829/2300 3021/2814/2301 3016/938/453 3029/937/452
f 2967/918/1996 3015/917/2044 3019/2811/2046 2970/2754/2302
f 2970/2754/2303 3019/2811/2058 3024/2818/2304 2974/2757/2305
f 2974/2761/2306 3024/2817/2307 3017/931/2054 2968/934/2001
f 3027/946/2059 2980/945/2013 2986/2775/2308 3030/2821/2309
f 3030/2824/2310 2986/2771/2311 2982/2768/2312 3034/2825/2313
f 3034/2825/2314 2982/2768/2315 2979/933/448 3028/932/447
f 3087/939/454 3063/942/457 3067/2859/2176 3090/2863/2239
f 3090/2863/1855 3067/2859/1827 3072/2662/1823 3094/2684/2242
f 3094/2688/2179 3072/2661/2180 3065/923/438 3088/926/441
f 3064/910/1816 3075/957/1833 3079/2666/2181 3069/2654/2182
f 3069/2657/2182 3079/2677/2181 3084/2676/2110 3073/2658/2125
f 3073/2658/2125 3084/2676/2110 3077/924/2165 3065/923/2183
f 3076/921/436 3099/959/435 3103/2695/2184 3081/2669/2249
f 3081/2672/1841 3103/2704/1896 3108/2703/1892 3085/2673/2252
f 3085/2673/2186 3108/2703/2187 3101/925/440 3077/924/439
f 3100/961/1885 3089/960/1867 3097/2865/2188 3105/2870/2189
f 3105/2870/2189 3097/2865/2188 3093/2686/2111 3109/2701/2129
f 3109/2701/2129 3093/2686/2111 3088/926/2167 3101/925/2190
f 3135/940/1949 3087/939/2191 3091/2683/2192 3138/2730/2193
f 3138/2730/1953 3091/2683/2194 3096/2098/1870 3142/1954/2195
f 3142/2737/2196 3096/2866/2197 3089/960/1867 3136/930/2198
f 3099/959/1877 3147/958/2199 3151/1502/2200 3102/2571/2201
f 3102/2696/1881 3151/2885/2202 3156/2749/1989 3106/2697/2203
f 3106/2697/2204 3156/2749/2205 3149/962/1986 3100/961/2206
f 3148/912/2140 3137/911/2207 3145/2738/2208 3153/2746/2132
f 3153/2746/2132 3145/2738/2208 3141/2735/2209 3157/2883/2210
f 3157/2883/2210 3141/2735/2209 3136/930/1957 3149/962/1986
f 3111/941/456 3135/940/455 3139/2880/2211 3114/2872/2282
f 3114/2872/1902 3139/2880/1968 3144/2740/1964 3118/2709/2287
f 3118/2709/2213 3144/2740/2214 3137/911/426 3112/914/429
f 3147/958/434 3123/922/437 3127/2876/2215 3150/2881/2289
f 3150/2881/1974 3127/2876/1943 3132/2727/1939 3154/2744/2293
f 3154/2744/2217 3132/2727/2218 3125/913/428 3148/912/427
f 3124/956/1932 3113/955/1914 3121/2874/2219 3129/2878/2220
f 3129/2878/2220 3121/2874/2219 3117/2711/2131 3133/2725/2221
f 3133/2725/2221 3117/2711/2131 3112/914/2137 3125/913/2222
f 3063/942/1808 3111/941/2223 3115/2708/2224 3066/2649/2225
f 3066/2649/1812 3115/2708/2226 3120/2875/1917 3070/2860/2227
f 3070/2656/2228 3120/2714/2229 3113/955/1914 3064/910/2230
f 3123/922/1924 3076/921/2231 3082/2862/2232 3126/1504/2233
f 3126/2720/1928 3082/2667/2234 3078/2664/1837 3130/2721/2235
f 3130/2721/2236 3078/2664/2237 3075/957/1833 3124/956/2238
f 3183/939/454 3159/942/457 3163/2887/2176 3186/2888/2239
f 3186/2888/1855 3163/2887/1827 3168/2662/1823 3190/2684/2242
f 3190/2688/2179 3168/2661/2180 3161/923/438 3184/926/441
f 3160/910/1816 3171/957/1833 3175/2666/2181 3165/2654/2182
f 3165/2657/2182 3175/2677/2181 3180/2676/2110 3169/2658/2125
f 3169/2658/2125 3180/2676/2110 3173/924/2165 3161/923/2183
f 3172/921/436 3195/959/435 3199/2695/2184 3177/2669/2249
f 3177/2672/1841 3199/2704/1896 3204/2703/1892 3181/2673/2252
f 3181/2673/2186 3204/2703/2187 3197/925/440 3173/924/439
f 3196/961/1885 3185/960/1867 3193/2889/2188 3201/2890/2189
f 3201/2890/2189 3193/2889/2188 3189/2686/2111 3205/2701/2129
f 3205/2701/2129 3189/2686/2111 3184/926/2167 3197/925/2190
f 3231/940/1949 3183/939/2191 3187/2683/2192 3234/2730/2193
f 3234/2730/1953 3187/2683/2194 3192/2098/1870 3238/1954/2195
f 3238/2737/2196 3192/2866/2197 3185/960/1867 3232/930/2198
f 3195/959/1877 3243/958/2199 3247/1502/2200 3198/2571/2201
f 3198/2696/1881 3247/2885/2202 3252/2749/1989 3202/2697/2203
f 3202/2697/2204 3252/2749/2205 3245/962/1986 3196/961/2206
f 3244/912/2140 3233/911/2207 3241/2738/2208 3249/2746/2132
f 3249/2746/2132 3241/2738/2208 3237/2898/2209 3253/2900/2210
f 3253/2900/2210 3237/2898/2209 3232/930/1957 3245/962/1986
f 3207/941/456 3231/940/455 3235/2897/2211 3210/2892/2282
f 3210/2892/1902 3235/2897/1968 3240/2740/1964 3214/2709/2287
f 3214/2709/2213 3240/2740/2214 3233/911/426 3208/914/429
f 3243/958/434 3219/922/437 3223/2719/2215 3246/2742/2289
f 3246/2742/1974 3223/2719/1943 3228/2727/1939 3250/2744/2293
f 3250/2744/2217 3228/2727/2218 3221/913/428 3244/912/427
f 3220/956/1932 3209/955/1914 3217/2893/2219 3225/2895/2220
f 3225/2895/2220 3217/2893/2219 3213/2711/2131 3229/2725/2221
f 3229/2725/2221 3213/2711/2131 3208/914/2137 3221/913/2222
f 3159/942/1808 3207/941/2223 3211/2708/2224 3162/2649/2225
f 3162/2649/1812 3211/2708/2226 3216/2875/1917 3166/2860/2227
f 3166/2656/2228 3216/2714/2229 3209/955/1914 3160/910/2230
f 3219/922/1924 3172/921/2231 3178/2862/2232 3222/1504/2233
f 3222/2720/1928 3178/2667/2234 3174/2664/1837 3226/2721/2235
f 3226/2721/2236 3174/2664/2237 3171/957/1833 3220/956/2238
f 3279/963/454 3255/966/457 3259/2887/2176 3282/2888/2239
f 3282/2888/1855 3259/2887/2178 3264/2662/1823 3286/2684/2242
f 3286/2688/2179 3264/2661/2180 3257/923/438 3280/926/441
f 3256/970/1816 3267/969/1833 3271/2666/2181 3261/2654/2182
f 3261/2657/2182 3271/2677/2181 3276/2676/2110 3265/2658/2125
f 3265/2658/2125 3276/2676/2110 3269/924/2165 3257/923/2183
f 3268/921/436 3291/972/435 3295/2695/2184 3273/2669/2249
f 3273/2672/1841 3295/2704/2185 3300/2703/1892 3277/2673/2252
f 3277/2673/2186 3300/2703/2187 3293/925/440 3269/924/439
f 3292/975/1885 3281/974/1867 3289/2889/2188 3297/2890/2189
f 3297/2890/2189 3289/2889/2188 3285/2686/2111 3301/2701/2129
f 3301/2701/2129 3285/2686/2111 3280/926/2167 3293/925/2190
f 3327/964/455 3279/963/2316 3283/2914/2192 3330/2937/2193
f 3330/2937/1953 3283/2914/2194 3288/2917/1870 3334/2939/2195
f 3334/2942/2196 3288/2916/2197 3281/974/1867 3328/977/2198
f 3291/972/435 3339/971/2317 3343/2944/2200 3294/2919/2201
f 3294/2921/1881 3343/2947/2202 3348/2946/1989 3298/2922/2203
f 3298/2922/2204 3348/2946/2205 3341/976/1986 3292/975/2206
f 3340/912/2140 3329/911/2207 3337/2738/2208 3345/2746/2132
f 3345/2746/2132 3337/2738/2208 3333/2898/2209 3349/2900/2210
f 3349/2900/2210 3333/2898/2209 3328/977/1957 3341/976/1986
f 3303/965/456 3327/964/455 3331/2897/2211 3306/2892/2282
f 3306/2892/1902 3331/2897/2212 3336/2740/1964 3310/2709/2287
f 3310/2709/2213 3336/2740/2214 3329/911/426 3304/914/429
f 3339/971/434 3315/973/437 3319/2719/2215 3342/2742/2289
f 3342/2742/1974 3319/2719/2216 3324/2727/1939 3346/2744/2293
f 3346/2744/2217 3324/2727/2218 3317/913/428 3340/912/427
f 3316/968/1932 3305/967/1914 3313/2893/2219 3321/2895/2220
f 3321/2895/2220 3313/2893/2219 3309/2711/2131 3325/2725/2221
f 3325/2725/2221 3309/2711/2131 3304/914/2137 3317/913/2222
f 3255/966/457 3303/965/2318 3307/2926/2224 3258/2901/2225
f 3258/2901/1812 3307/2926/2226 3312/2929/1917 3262/2903/2227
f 3262/2906/2228 3312/2928/2229 3305/967/1914 3256/970/2230
f 3315/973/437 3268/921/2319 3274/2912/2232 3318/2931/2233
f 3318/2933/1928 3274/2909/2234 3270/2907/1837 3322/2934/2235
f 3322/2934/2236 3270/2907/2237 3267/969/1833 3316/968/2238
f 3375/963/454 3351/966/457 3355/2887/2176 3378/2888/2239
f 3378/2888/1855 3355/2887/2178 3360/2662/1823 3382/2684/2242
f 3382/2688/2179 3360/2661/2180 3353/923/438 3376/926/441
f 3352/970/1816 3363/969/1833 3367/2666/2181 3357/2654/2182
f 3357/2657/2182 3367/2677/2181 3372/2676/2110 3361/2658/2125
f 3361/2658/2125 3372/2676/2110 3365/924/2165 3353/923/2183
f 3364/921/436 3387/972/435 3391/2695/2184 3369/2669/2249
f 3369/2672/1841 3391/2704/2185 3396/2703/1892 3373/2673/2252
f 3373/2673/2186 3396/2703/2187 3389/925/440 3365/924/439
f 3388/975/1885 3377/974/1867 3385/2889/2188 3393/2890/2189
f 3393/2890/2189 3385/2889/2188 3381/2686/2111 3397/2701/2129
f 3397/2701/2129 3381/2686/2111 3376/926/2167 3389/925/2190
f 3423/964/455 3375/963/2316 3379/2914/2192 3426/2937/2193
f 3426/2937/1953 3379/2914/2194 3384/2917/1870 3430/2939/2195
f 3430/2942/2196 3384/2916/2197 3377/974/1867 3424/977/2198
f 3387/972/435 3435/971/2317 3439/2944/2200 3390/2919/2201
f 3390/2921/1881 3439/2947/2202 3444/2946/1989 3394/2922/2203
f 3394/2922/2204 3444/2946/2205 3437/976/1986 3388/975/2206
f 3436/912/2140 3425/911/2207 3433/2738/2208 3441/2746/2132
f 3441/2746/2132 3433/2738/2208 3429/2898/2209 3445/2900/2210
f 3445/2900/2210 3429/2898/2209 3424/977/1957 3437/976/1986
f 3399/965/456 3423/964/455 3427/2897/2211 3402/2892/2282
f 3402/2892/1902 3427/2897/2212 3432/2740/1964 3406/2709/2287
f 3406/2709/2213 3432/2740/2214 3425/911/426 3400/914/429
f 3435/971/434 3411/973/437 3415/2719/2215 3438/2742/2289
f 3438/2742/1974 3415/2719/2216 3420/2727/1939 3442/2744/2293
f 3442/2744/2217 3420/2727/2218 3413/913/428 3436/912/427
f 3412/968/1932 3401/967/1914 3409/2893/2219 3417/2895/2220
f 3417/2895/2220 3409/2893/2219 3405/2711/2131 3421/2725/2221
f 3421/2725/2221 3405/2711/2131 3400/914/2137 3413/913/2222
f 3351/966/457 3399/965/2318 3403/2926/2224 3354/2901/2225
f 3354/2901/1812 3403/2926/2226 3408/2929/1917 3358/2903/2227
f 3358/2906/2228 3408/2928/2229 3401/967/1914 3352/970/2230
f 3411/973/437 3364/921/2319 3370/2912/2232 3414/2931/2233
f 3414/2933/1928 3370/2909/2234 3366/2907/1837 3418/2934/2235
f 3418/2934/2236 3366/2907/2237 3363/969/1833 3412/968/2238
f 3471/963/454 3447/966/457 3451/2887/2176 3474/2888/2239
f 3474/2888/1855 3451/2887/2178 3456/2662/1823 3478/2684/2242
f 3478/2688/2179 3456/2661/2180 3449/923/438 3472/926/441
f 3448/970/1816 3459/969/1833 3463/2666/2181 3453/2654/2182
f 3453/2657/2182 3463/2677/2181 3468/2676/2110 3457/2658/2125
f 3457/2658/2125 3468/2676/2110 3461/924/2165 3449/923/2183
f 3460/921/436 3483/972/435 3487/2695/2184 3465/2669/2249
f 3465/2672/1841 3487/2704/2185 3492/2703/1892 3469/2673/2252
f 3469/2673/2186 3492/2703/2187 3485/925/440 3461/924/439
f 3484/975/1885 3473/974/1867 3481/2889/2188 3489/2890/2189
f 3489/2890/2189 3481/2889/2188 3477/2686/2111 3493/2701/2129
f 3493/2701/2129 3477/2686/2111 3472/926/2167 3485/925/2190
f 3519/964/455 3471/963/2316 3475/2914/2192 3522/2937/2193
f 3522/2937/1953 3475/2914/2194 3480/2917/1870 3526/2939/2195
f 3526/2942/2196 3480/2916/2197 3473/974/1867 3520/977/2198
f 3483/972/435 3531/971/2317 3535/2960/1976 3486/2919/2201
f 3486/2921/1881 3535/2964/2202 3540/2963/1989 3490/2922/2203
f 3490/2922/2204 3540/2963/1987 3533/976/1986 3484/975/2206
f 3532/912/2140 3521/911/2207 3529/2738/1966 3537/2746/2320
f 3537/2746/2132 3529/2738/2208 3525/2898/2209 3541/2961/2210
f 3541/2961/2210 3525/2898/2209 3520/977/1957 3533/976/1986
f 3495/965/456 3519/964/455 3523/2897/2211 3498/2949/2282
f 3498/2949/1902 3523/2897/2212 3528/2740/1964 3502/2709/2287
f 3502/2709/2213 3528/2740/2214 3521/911/426 3496/914/429
f 3531/971/434 3507/973/437 3511/2719/2215 3534/2958/2289
f 3534/2958/1974 3511/2719/2216 3516/2727/1939 3538/2744/2293
f 3538/2744/2217 3516/2727/2218 3509/913/428 3532/912/427
f 3508/968/1932 3497/967/1914 3505/2952/2219 3513/2895/2220
f 3513/2895/2220 3505/2952/2219 3501/2711/2131 3517/2725/2221
f 3517/2725/1941 3501/2711/2321 3496/914/2137 3509/913/2222
f 3447/966/457 3495/965/2318 3499/2951/1904 3450/2901/2225
f 3450/2901/1812 3499/2951/2226 3504/2955/1917 3454/2903/2227
f 3454/2906/2228 3504/2954/1915 3497/967/1914 3448/970/2230
f 3507/973/437 3460/921/2319 3466/2912/2232 3510/2931/2233
f 3510/2933/1928 3466/2909/2234 3462/2907/1837 3514/2934/2235
f 3514/2934/2236 3462/2907/2237 3459/969/1833 3508/968/2238
f 3567/978/454 3543/981/457 3547/2968/2176 3570/2979/2239
f 3570/2979/1855 3547/2968/2178 3552/2662/1823 3574/2684/2242
f 3574/2688/2179 3552/2661/2180 3545/923/438 3568/926/441
f 3544/985/1816 3555/984/1833 3559/2666/2181 3549/2654/2182
f 3549/2657/2182 3559/2677/2181 3564/2676/2110 3553/2658/2125
f 3553/2658/2125 3564/2676/2110 3557/924/2165 3545/923/2183
f 3556/988/436 3579/987/435 3583/2695/2184 3561/2669/2249
f 3561/2672/1841 3583/2704/2185 3588/2703/1892 3565/2673/2252
f 3565/2673/2186 3588/2703/2187 3581/925/440 3557/924/439
f 3580/991/1885 3569/990/1867 3577/2982/2188 3585/2993/2189
f 3585/2993/2189 3577/2982/2188 3573/2686/2111 3589/2701/2129
f 3589/2701/2129 3573/2686/2111 3568/926/2167 3581/925/2190
f 3615/979/455 3567/978/2316 3571/2981/2192 3618/3012/2193
f 3618/3012/1953 3571/2981/2194 3576/2985/1870 3622/3015/2195
f 3622/3019/1960 3576/2984/2197 3569/990/1867 3616/993/2198
f 3579/987/435 3627/986/2317 3631/3023/2200 3582/2987/2201
f 3582/2989/1881 3631/3027/2202 3636/3026/1989 3586/2990/2203
f 3586/2990/1888 3636/3026/2205 3629/992/1986 3580/991/2206
f 3628/912/2140 3617/911/2207 3625/2738/2208 3633/2746/2132
f 3633/2746/2132 3625/2738/2208 3621/3017/2209 3637/3024/2210
f 3637/3024/2210 3621/3017/2209 3616/993/1957 3629/992/1986
f 3591/980/456 3615/979/455 3619/3014/2211 3594/2995/2282
f 3594/2995/1902 3619/3014/2212 3624/2740/1964 3598/2709/2287
f 3598/2709/2213 3624/2740/2214 3617/911/426 3592/914/429
f 3627/986/434 3603/989/437 3607/3005/2215 3630/3021/2289
f 3630/3021/1974 3607/3005/2216 3612/2727/1939 3634/2744/2293
f 3634/2744/2217 3612/2727/2218 3605/913/428 3628/912/427
f 3604/983/1932 3593/982/1914 3601/2893/2219 3609/3010/2220
f 3609/3010/2220 3601/2893/2219 3597/2711/2131 3613/2725/2221
f 3613/2725/2221 3597/2711/2131 3592/914/2137 3605/913/2222
f 3543/981/457 3591/980/2318 3595/2997/2224 3546/2966/2225
f 3546/2966/1812 3595/2997/2226 3600/3000/1917 3550/2969/2227
f 3550/2972/1819 3600/2999/2229 3593/982/1914 3544/985/2230
f 3603/989/437 3556/988/2319 3562/2977/2232 3606/3003/2233
f 3606/3006/1928 3562/2974/2234 3558/2973/1837 3610/3007/2235
f 3610/3007/1935 3558/2973/2237 3555/984/1833 3604/983/2238
f 3663/978/454 3639/981/457 3643/3031/2176 3666/3043/2239
f 3666/3043/1855 3643/3031/2178 3648/2662/1823 3670/2684/2242
f 3670/2688/2179 3648/2661/2180 3641/923/438 3664/926/441
f 3640/985/1816 3651/984/1833 3655/2666/2109 3645/2654/2322
f 3645/2657/2182 3655/2677/2181 3660/2676/2110 3649/2658/2125
f 3649/2658/1825 3660/2676/2323 3653/924/2165 3641/923/2183
f 3652/988/436 3675/987/435 3679/2695/2184 3657/2669/2249
f 3657/2672/1841 3679/2704/2185 3684/2703/1892 3661/2673/2252
f 3661/2673/2186 3684/2703/2187 3677/925/440 3653/924/439
f 3676/991/1885 3665/990/1867 3673/3046/2113 3681/3057/2324
f 3681/3057/2189 3673/3046/2188 3669/2686/2111 3685/2701/2129
f 3685/2701/1894 3669/2686/2325 3664/926/2167 3677/925/2190
f 3711/979/1949 3663/978/2191 3667/3045/1857 3714/3077/2105
f 3714/3077/1953 3667/3045/2194 3672/3049/1870 3718/3080/2195
f 3718/3084/1960 3672/3048/1868 3665/990/1867 3712/993/2198
f 3675/987/1877 3723/986/2199 3727/3087/1976 3678/3051/2102
f 3678/3053/1881 3727/3091/2202 3732/3090/1989 3682/3054/2203
f 3682/3054/1888 3732/3090/1987 3725/992/1986 3676/991/2206
f 3724/912/2140 3713/911/2207 3721/2738/1966 3729/2746/2320
f 3729/2746/2132 3721/2738/2208 3717/3082/2209 3733/3088/2210
f 3733/3088/2210 3717/3082/2209 3712/993/1957 3725/992/1986
f 3687/980/456 3711/979/455 3715/3079/2211 3690/3059/2282
f 3690/3059/1902 3715/3079/2212 3720/2740/1964 3694/2709/2287
f 3694/2709/2213 3720/2740/2214 3713/911/426 3688/914/429
f 3723/986/434 3699/989/437 3703/3070/2215 3726/3086/2289
f 3726/3086/1974 3703/3070/2216 3708/2727/1939 3730/2744/2293
f 3730/2744/2217 3708/2727/2218 3701/913/428 3724/912/427
f 3700/983/1932 3689/982/1914 3697/3062/2219 3705/3075/2220
f 3705/3075/2220 3697/3062/2219 3693/2711/2131 3709/2725/2221
f 3709/2725/1941 3693/2711/2321 3688/914/2137 3701/913/2222
f 3639/981/1808 3687/980/2223 3691/3061/1904 3642/3029/2099
f 3642/3029/1812 3691/3061/2226 3696/3065/1917 3646/3032/2227
f 3646/3035/1819 3696/3064/1915 3689/982/1914 3640/985/2230
f 3699/989/1924 3652/988/2231 3658/3041/1843 3702/3068/2104
f 3702/3071/1928 3658/3038/2234 3654/3036/1837 3706/3072/2235
f 3706/3072/1935 3654/3036/1834 3651/984/1833 3700/983/2238
f 3759/978/454 3735/981/457 3739/3095/2176 3762/3107/2239
f 3762/3107/1855 3739/3095/2178 3744/2662/1826 3766/2684/2326
f 3766/2688/2242 3744/2661/2241 3737/923/438 3760/926/441
f 3736/985/1816 3747/984/1833 3751/2666/2181 3741/2654/2182
f 3741/2657/2182 3751/2677/2181 3756/2676/2110 3745/2658/2125
f 3745/2658/2125 3756/2676/2110 3749/924/2165 3737/923/2183
f 3748/988/436 3771/987/435 3775/2695/2184 3753/2669/2249
f 3753/2672/1841 3775/2704/2185 3780/2703/1895 3757/2673/2327
f 3757/2673/2252 3780/2703/2251 3773/925/440 3749/924/439
f 3772/991/1885 3761/990/1867 3769/3110/2188 3777/3121/2189
f 3777/3121/2189 3769/3110/2188 3765/2686/2111 3781/2701/2129
f 3781/2701/2129 3765/2686/2111 3760/926/2167 3773/925/2190
f 3807/979/455 3759/978/2316 3763/3109/2192 3810/3141/2193
f 3810/3141/1953 3763/3109/2194 3768/3113/1870 3814/3144/2195
f 3814/3148/2196 3768/3112/2197 3761/990/1867 3808/993/2198
f 3771/987/435 3819/986/2317 3823/3152/2200 3774/3115/2201
f 3774/3117/1881 3823/3156/2202 3828/3155/1989 3778/3118/2203
f 3778/3118/2204 3828/3155/2205 3821/992/1986 3772/991/2206
f 3820/912/2140 3809/911/2207 3817/2738/2208 3825/2746/2132
f 3825/2746/2132 3817/2738/2208 3813/3146/2209 3829/3153/2210
f 3829/3153/2210 3813/3146/2209 3808/993/1957 3821/992/1986
f 3783/980/456 3807/979/455 3811/3143/2211 3786/3123/2282
f 3786/3123/1902 3811/3143/2212 3816/2740/1967 3790/2709/2286
f 3790/2709/2287 3816/2740/2288 3809/911/426 3784/914/429
f 3819/986/434 3795/989/437 3799/3134/2215 3822/3150/2289
f 3822/3150/1974 3799/3134/2216 3804/2727/1942 3826/2744/2292
f 3826/2744/2293 3804/2727/2070 3797/913/428 3820/912/427
f 3796/983/1932 3785/982/1914 3793/3126/2219 3801/3139/2220
f 3801/3139/2220 3793/3126/2219 3789/2711/2131 3805/2725/2221
f 3805/2725/2221 3789/2711/2131 3784/914/2137 3797/913/2222
f 3735/981/457 3783/980/2318 3787/3125/2224 3738/3093/2225
f 3738/3093/1812 3787/3125/2226 3792/3129/1917 3742/3096/2227
f 3742/3099/2228 3792/3128/2229 3785/982/1914 3736/985/2230
f 3795/989/437 3748/988/2319 3754/3105/2232 3798/3132/2233
f 3798/3135/1928 3754/3102/2234 3750/3100/1837 3802/3136/2235
f 3802/3136/2236 3750/3100/2237 3747/984/1833 3796/983/2238
f 3855/978/454 3831/981/457 3835/2968/2176 3858/2979/2239
f 3858/2979/1855 3835/2968/2178 3840/2662/1823 3862/2684/2242
f 3862/2688/2179 3840/2661/2180 3833/923/438 3856/926/441
f 3832/985/1816 3843/984/1833 3847/2666/2181 3837/2654/2182
f 3837/2657/2182 3847/2677/2181 3852/2676/2110 3841/2658/2125
f 3841/2658/2125 3852/2676/2110 3845/924/2165 3833/923/2183
f 3844/988/436 3867/987/435 3871/2695/2184 3849/2669/2249
f 3849/2672/1841 3871/2704/2185 3876/2703/1892 3853/2673/2252
f 3853/2673/2186 3876/2703/2187 3869/925/440 3845/924/439
f 3868/991/1885 3857/990/1867 3865/2982/2188 3873/2993/2189
f 3873/2993/2189 3865/2982/2188 3861/2686/2111 3877/2701/2129
f 3877/2701/2129 3861/2686/2111 3856/926/2167 3869/925/2190
f 3903/979/1949 3855/978/2191 3859/2981/2192 3906/3077/2105
f 3906/3077/1953 3859/2981/2194 3864/2985/1870 3910/3080/2195
f 3910/3084/1960 3864/2984/2197 3857/990/1867 3904/993/2198
f 3867/987/1877 3915/986/2199 3919/3087/1976 3870/2987/2201
f 3870/2989/1881 3919/3091/2202 3924/3090/1989 3874/2990/2203
f 3874/2990/1888 3924/3090/1987 3917/992/1986 3868/991/2206
f 3916/912/2140 3905/911/2207 3913/2738/1966 3921/2746/2320
f 3921/2746/2132 3913/2738/2208 3909/3082/2209 3925/3088/2210
f 3925/3088/2124 3909/3082/2328 3904/993/1957 3917/992/1986
f 3879/980/456 3903/979/455 3907/3079/2211 3882/3059/2282
f 3882/3059/1902 3907/3079/2212 3912/2740/1964 3886/2709/2287
f 3886/2709/2213 3912/2740/2214 3905/911/426 3880/914/429
f 3915/986/434 3891/989/437 3895/3070/2215 3918/3086/2289
f 3918/3086/1974 3895/3070/2216 3900/2727/1939 3922/2744/2293
f 3922/2744/2217 3900/2727/2218 3893/913/428 3916/912/427
f 3892/983/1932 3881/982/1914 3889/3062/2116 3897/3075/2329
f 3897/3075/2220 3889/3062/2219 3885/2711/2131 3901/2725/2221
f 3901/2725/1941 3885/2711/2321 3880/914/2137 3893/913/2222
f 3831/981/1808 3879/980/2223 3883/3061/1904 3834/2966/2225
f 3834/2966/1812 3883/3061/2226 3888/3065/1917 3838/2969/2227
f 3838/2972/1819 3888/3064/1915 3881/982/1914 3832/985/2230
f 3891/989/1924 3844/988/2231 3850/2977/2232 3894/3068/2104
f 3894/3071/1928 3850/2974/2234 3846/2973/1837 3898/3072/2235
f 3898/3072/1935 3846/2973/2237 3843/984/1833 3892/983/2238
f 3951/978/454 3927/981/457 3931/3031/2176 3954/3043/2239
f 3954/3043/1855 3931/3031/2178 3936/2662/1823 3958/2684/2242
f 3958/2688/2179 3936/2661/2180 3929/923/438 3952/926/441
f 3928/985/1816 3939/984/1833 3943/2666/2109 3933/2654/2322
f 3933/2657/2182 3943/2677/2181 3948/2676/2110 3937/2658/2125
f 3937/2658/2125 3948/2676/2110 3941/924/2165 3929/923/2183
f 3940/988/436 3963/987/435 3967/2695/2184 3945/2669/2249
f 3945/2672/1841 3967/2704/2185 3972/2703/1892 3949/2673/2252
f 3949/2673/2186 3972/2703/2187 3965/925/440 3941/924/439
f 3964/991/1885 3953/990/1867 3961/3046/2113 3969/3057/2324
f 3969/3057/2189 3961/3046/2188 3957/2686/2111 3973/2701/2129
f 3973/2701/2129 3957/2686/2111 3952/926/2167 3965/925/2190
f 3999/979/1949 3951/978/2191 3955/3045/1857 4002/3077/2105
f 4002/3077/1953 3955/3045/2194 3960/3049/1870 4006/3080/2195
f 4006/3084/1960 3960/3048/1868 3953/990/1867 4000/993/2198
f 3963/987/1877 4011/986/2199 4015/3087/1976 3966/3051/2102
f 3966/3053/1881 4015/3091/2202 4020/3090/1989 3970/3054/2203
f 3970/3054/1888 4020/3090/1987 4013/992/1986 3964/991/2206
f 4012/912/2140 4001/911/2207 4009/2738/2208 4017/2746/2132
f 4017/2746/2132 4009/2738/2208 4005/3082/2209 4021/3088/2210
f 4021/3088/2124 4005/3082/2328 4000/993/1957 4013/992/1986
f 3975/980/456 3999/979/455 4003/3079/2211 3978/3059/2282
f 3978/3059/1902 4003/3079/2212 4008/2740/1964 3982/2709/2287
f 3982/2709/2213 4008/2740/2214 4001/911/426 3976/914/429
f 4011/986/434 3987/989/437 3991/3070/2215 4014/3086/2289
f 4014/3086/1974 3991/3070/2216 3996/2727/1939 4018/2744/2293
f 4018/2744/2217 3996/2727/2218 3989/913/428 4012/912/427
f 3988/983/1932 3977/982/1914 3985/3062/2116 3993/3075/2329
f 3993/3075/2220 3985/3062/2219 3981/2711/2131 3997/2725/2221
f 3997/2725/2221 3981/2711/2131 3976/914/2137 3989/913/2222
f 3927/981/1808 3975/980/2223 3979/3061/1904 3930/3029/2099
f 3930/3029/1812 3979/3061/2226 3984/3065/1917 3934/3032/2227
f 3934/3035/1819 3984/3064/1915 3977/982/1914 3928/985/2230
f 3987/989/1924 3940/988/2231 3946/3041/1843 3990/3068/2104
f 3990/3071/1928 3946/3038/2234 3942/3036/1837 3994/3072/2235
f 3994/3072/1935 3942/3036/1834 3939/984/1833 3988/983/2238
s 1
f 4024/1252/489 4032/1154/580 4034/3158/2330 4026/3159/2331
f 4026/3159/2331 4034/3158/2330 4033/3160/2332 4025/3161/2333
f 4025/3162/2333 4033/3163/2332 4031/995/470 4023/994/470
f 4036/1155/581 4028/1253/488 4030/3164/2334 4038/3165/2335
f 4038/3165/2335 4030/3164/2334 4029/3166/2336 4037/3167/2337
f 4037/3168/2337 4029/3169/2336 4027/1205/586 4035/1204/586
f 4032/1154/580 4040/1046/490 4042/3170/2338 4034/3171/2330
f 4034/3171/2330 4042/3170/2338 4041/3172/2339 4033/3173/2332
f 4033/3174/2332 4041/3175/2339 4039/996/470 4031/995/470
f 4044/1047/491 4036/1155/581 4038/3176/2335 4046/3177/2340
f 4046/3177/2340 4038/3176/2335 4037/3178/2337 4045/3179/2341
f 4045/3180/2341 4037/3181/2337 4035/1204/586 4043/1251/601
f 4040/1046/490 4048/1049/493 4050/3182/2342 4042/3183/2338
f 4042/3183/2338 4050/3182/2342 4049/3184/2343 4041/3185/2339
f 4041/3186/2339 4049/3187/2343 4047/997/471 4039/996/470
f 4052/1048/492 4044/1047/491 4046/3188/2340 4054/3189/2344
f 4054/3189/2344 4046/3188/2340 4045/3190/2341 4053/3191/2345
f 4053/3192/2345 4045/3193/2341 4043/1251/601 4051/1250/601
f 4048/1049/493 4056/1051/495 4058/3194/2346 4050/3195/2342
f 4050/3195/2342 4058/3194/2346 4057/3196/2347 4049/3197/2343
f 4049/3198/2343 4057/3199/2347 4055/998/471 4047/997/471
f 4060/1050/494 4052/1048/492 4054/3200/2344 4062/3201/2348
f 4062/3201/2348 4054/3200/2344 4053/3202/2345 4061/3203/2349
f 4061/3204/2349 4053/3205/2345 4051/1250/601 4059/1249/600
f 4056/1052/495 4064/1054/497 4066/3206/2350 4058/3207/2346
f 4058/3207/2346 4066/3206/2350 4065/3208/2351 4057/3209/2347
f 4057/3210/2347 4065/3211/2351 4063/999/472 4055/998/471
f 4068/1053/496 4060/1050/494 4062/3212/2348 4070/3213/2352
f 4070/3213/2352 4062/3212/2348 4061/3214/2349 4069/3215/2353
f 4069/3216/2353 4061/3217/2349 4059/1249/600 4067/1248/600
f 4064/1055/497 4072/1058/499 4074/3218/2354 4066/3219/2350
f 4066/3219/2350 4074/3218/2354 4073/3220/2355 4065/3221/2351
f 4065/3222/2351 4073/3223/2355 4071/1000/472 4063/999/472
f 4076/1057/498 4068/1056/496 4070/3224/2352 4078/3225/2356
f 4078/3225/2356 4070/3224/2352 4069/3226/2353 4077/3227/2357
f 4077/3228/2357 4069/3229/2353 4067/1248/600 4075/1247/600
f 4072/1059/499 4080/1062/501 4082/3230/2358 4074/3231/2354
f 4074/3231/2354 4082/3230/2358 4081/3232/2359 4073/3233/2355
f 4073/3234/2355 4081/3235/2359 4079/1001/472 4071/1000/472
f 4084/1061/500 4076/1060/498 4078/3236/2356 4086/3237/2360
f 4086/3237/2360 4078/3236/2356 4077/3238/2357 4085/3239/2361
f 4085/3240/2361 4077/3241/2357 4075/1247/600 4083/1246/600
f 4080/1063/501 4088/1066/503 4090/3242/2362 4082/3243/2358
f 4082/3243/2358 4090/3242/2362 4089/3244/2363 4081/3245/2359
f 4081/3246/2359 4089/3247/2363 4087/1002/472 4079/1001/472
f 4092/1065/502 4084/1064/500 4086/3248/2360 4094/3249/2364
f 4094/3249/2364 4086/3248/2360 4085/3250/2361 4093/3251/2365
f 4093/3252/2365 4085/3253/2361 4083/1246/600 4091/1245/599
f 4088/1066/503 4096/1068/505 4098/3254/2366 4090/3255/2362
f 4090/3255/2362 4098/3254/2366 4097/3256/2367 4089/3257/2363
f 4089/3258/2363 4097/3259/2367 4095/1003/473 4087/1002/472
f 4100/1067/504 4092/1065/502 4094/3260/2364 4102/3261/2368
f 4102/3261/2368 4094/3260/2364 4093/3262/2365 4101/3263/2369
f 4101/3264/2369 4093/3265/2365 4091/1245/599 4099/1244/599
f 4096/1068/505 4104/1070/507 4106/3266/2370 4098/3267/2366
f 4098/3267/2366 4106/3266/2370 4105/3268/2371 4097/3269/2367
f 4097/3270/2367 4105/3271/2371 4103/1004/473 4095/1003/473
f 4108/1069/506 4100/1067/504 4102/3272/2368 4110/3273/2372
f 4110/3273/2372 4102/3272/2368 4101/3274/2369 4109/3275/2373
f 4109/3276/2373 4101/3277/2369 4099/1244/599 4107/1243/598
f 4104/1070/507 4112/1072/509 4114/3278/2374 4106/3279/2370
f 4106/3279/2370 4114/3278/2374 4113/3280/2375 4105/3281/2371
f 4105/3282/2371 4113/3283/2375 4111/1005/474 4103/1004/473
f 4116/1071/508 4108/1069/506 4110/3284/2372 4118/3285/2376
f 4118/3285/2376 4110/3284/2372 4109/3286/2373 4117/3287/2377
f 4117/3288/2377 4109/3289/2373 4107/1243/598 4115/1242/598
f 4112/1073/509 4120/1075/511 4122/3290/2378 4114/3291/2374
f 4114/3291/2374 4122/3290/2378 4121/3292/2379 4113/3293/2375
f 4113/3294/2375 4121/3295/2379 4119/1006/474 4111/1005/474
f 4124/1074/510 4116/1071/508 4118/3296/2376 4126/3297/2380
f 4126/3297/2380 4118/3296/2376 4117/3298/2377 4125/3299/2381
f 4125/3300/2381 4117/3301/2377 4115/1242/598 4123/1241/598
f 4120/1075/511 4128/1077/513 4130/3302/2382 4122/3303/2378
f 4122/3303/2378 4130/3302/2382 4129/3304/2383 4121/3305/2379
f 4121/3306/2379 4129/3307/2383 4127/1007/474 4119/1006/474
f 4132/1076/512 4124/1074/510 4126/3308/2380 4134/3309/2384
f 4134/3309/2384 4126/3308/2380 4125/3310/2381 4133/3311/2385
f 4133/3312/2385 4125/3313/2381 4123/1241/598 4131/1240/598
f 4128/1077/513 4136/1079/515 4138/3314/2386 4130/3315/2382
f 4130/3315/2382 4138/3314/2386 4137/3316/2387 4129/3317/2383
f 4129/3318/2383 4137/3319/2387 4135/1008/474 4127/1007/474
f 4140/1078/514 4132/1076/512 4134/3320/2384 4142/3321/2388
f 4142/3321/2388 4134/3320/2384 4133/3322/2385 4141/3323/2389
f 4141/3324/2389 4133/3325/2385 4131/1240/598 4139/1239/597
f 4136/1079/515 4144/1081/517 4146/3326/2390 4138/3327/2386
f 4138/3327/2386 4146/3326/2390 4145/3328/2391 4137/3329/2387
f 4137/3330/2387 4145/3331/2391 4143/1009/475 4135/1008/474
f 4148/1080/516 4140/1078/514 4142/3332/2388 4150/3333/2392
f 4150/3333/2392 4142/3332/2388 4141/3334/2389 4149/3335/2393
f 4149/3336/2393 4141/3337/2389 4139/1239/597 4147/1238/597
f 4144/1081/517 4152/1083/519 4154/3338/2394 4146/3339/2390
f 4146/3339/2390 4154/3338/2394 4153/3340/2395 4145/3341/2391
f 4145/3342/2391 4153/3343/2395 4151/1010/475 4143/1009/475
f 4156/1082/518 4148/1080/516 4150/3344/2392 4158/3345/2396
f 4158/3345/2396 4150/3344/2392 4149/3346/2393 4157/3347/2397
f 4157/3348/2397 4149/3349/2393 4147/1238/597 4155/1237/596
f 4152/1083/519 4160/1085/521 4162/3350/2398 4154/3351/2394
f 4154/3351/2394 4162/3350/2398 4161/3352/2399 4153/3353/2395
f 4153/3354/2395 4161/3355/2399 4159/1011/476 4151/1010/475
f 4164/1084/520 4156/1082/518 4158/3356/2396 4166/3357/2400
f 4166/3357/2400 4158/3356/2396 4157/3358/2397 4165/3359/2401
f 4165/3360/2401 4157/3361/2397 4155/1237/596 4163/1236/596
f 4160/1085/521 4168/1087/523 4170/3362/2402 4162/3363/2398
f 4162/3363/2398 4170/3362/2402 4169/3364/2403 4161/3365/2399
f 4161/3366/2399 4169/3367/2403 4167/1012/476 4159/1011/476
f 4172/1086/522 4164/1084/520 4166/3368/2400 4174/3369/2404
f 4174/3369/2404 4166/3368/2400 4165/3370/2401 4173/3371/2405
f 4173/3372/2405 4165/3373/2401 4163/1236/596 4171/1235/596
f 4168/1087/523 4176/1089/525 4178/3374/2406 4170/3375/2402
f 4170/3375/2402 4178/3374/2406 4177/3376/2407 4169/3377/2403
f 4169/3378/2403 4177/3379/2407 4175/1013/476 4167/1012/476
f 4180/1088/524 4172/1086/522 4174/3380/2404 4182/3381/2408
f 4182/3381/2408 4174/3380/2404 4173/3382/2405 4181/3383/2409
f 4181/3384/2409 4173/3385/2405 4171/1235/596 4179/1234/596
f 4176/1089/525 4184/1091/527 4186/3386/2410 4178/3387/2406
f 4178/3387/2406 4186/3386/2410 4185/3388/2411 4177/3389/2407
f 4177/3390/2407 4185/3391/2411 4183/1014/476 4175/1013/476
f 4188/1090/526 4180/1088/524 4182/3392/2408 4190/3393/2412
f 4190/3393/2412 4182/3392/2408 4181/3394/2409 4189/3395/2413
f 4189/3396/2413 4181/3397/2409 4179/1234/596 4187/1233/595
f 4184/1091/527 4192/1093/529 4194/3398/2414 4186/3399/2410
f 4186/3399/2410 4194/3398/2414 4193/3400/2415 4185/3401/2411
f 4185/3402/2411 4193/3403/2415 4191/1015/477 4183/1014/476
f 4196/1092/528 4188/1090/526 4190/3404/2412 4198/3405/2416
f 4198/3405/2416 4190/3404/2412 4189/3406/2413 4197/3407/2417
f 4197/3408/2417 4189/3409/2413 4187/1233/595 4195/1232/595
f 4192/1093/529 4200/1095/531 4202/3410/2418 4194/3411/2414
f 4194/3411/2414 4202/3410/2418 4201/3412/2419 4193/3413/2415
f 4193/3414/2415 4201/3415/2419 4199/1016/477 4191/1015/477
f 4204/1094/530 4196/1092/528 4198/3416/2416 4206/3417/2420
f 4206/3417/2420 4198/3416/2416 4197/3418/2417 4205/3419/2421
f 4205/3420/2421 4197/3421/2417 4195/1232/595 4203/1231/594
f 4200/1096/531 4208/1099/533 4210/3422/2422 4202/3423/2418
f 4202/3423/2418 4210/3422/2422 4209/3424/2423 4201/3425/2419
f 4201/3426/2419 4209/3427/2423 4207/1017/478 4199/1016/477
f 4212/1098/532 4204/1097/530 4206/3428/2420 4214/3429/2424
f 4214/3429/2424 4206/3428/2420 4205/3430/2421 4213/3431/2425
f 4213/3432/2425 4205/3433/2421 4203/1231/594 4211/1230/594
f 4208/1099/533 4216/1101/535 4218/3434/2426 4210/3435/2422
f 4210/3435/2422 4218/3434/2426 4217/3436/2427 4209/3437/2423
f 4209/3438/2423 4217/3439/2427 4215/1018/478 4207/1017/478
f 4220/1100/534 4212/1098/532 4214/3440/2424 4222/3441/2428
f 4222/3441/2428 4214/3440/2424 4213/3442/2425 4221/3443/2429
f 4221/3444/2429 4213/3445/2425 4211/1230/594 4219/1229/594
f 4216/1101/535 4224/1103/537 4226/3446/2430 4218/3447/2426
f 4218/3447/2426 4226/3446/2430 4225/3448/2431 4217/3449/2427
f 4217/3450/2427 4225/3451/2431 4223/1019/478 4215/1018/478
f 4228/1102/536 4220/1100/534 4222/3452/2428 4230/3453/2432
f 4230/3453/2432 4222/3452/2428 4221/3454/2429 4229/3455/2433
f 4229/3456/2433 4221/3457/2429 4219/1229/594 4227/1228/594
f 4224/1104/537 4232/1107/539 4234/3458/2434 4226/3459/2430
f 4226/3459/2430 4234/3458/2434 4233/3460/2435 4225/3461/2431
f 4225/3462/2431 4233/3463/2435 4231/1020/478 4223/1019/478
f 4236/1106/538 4228/1105/536 4230/3464/2432 4238/3465/2436
f 4238/3465/2436 4230/3464/2432 4229/3466/2433 4237/3467/2437
f 4237/3468/2437 4229/3469/2433 4227/1228/594 4235/1227/593
f 4232/1108/539 4240/1111/541 4242/3470/2438 4234/3471/2434
f 4234/3471/2434 4242/3470/2438 4241/3472/2439 4233/3473/2435
f 4233/3474/2435 4241/3475/2439 4239/1021/479 4231/1020/478
f 4244/1110/540 4236/1109/538 4238/3476/2436 4246/3477/2440
f 4246/3477/2440 4238/3476/2436 4237/3478/2437 4245/3479/2441
f 4245/3480/2441 4237/3481/2437 4235/1227/593 4243/1226/593
f 4240/1111/541 4248/1113/543 4250/3482/2442 4242/3483/2438
f 4242/3483/2438 4250/3482/2442 4249/3484/2443 4241/3485/2439
f 4241/3486/2439 4249/3487/2443 4247/1022/479 4239/1021/479
f 4252/1112/542 4244/1110/540 4246/3488/2440 4254/3489/2444
f 4254/3489/2444 4246/3488/2440 4245/3490/2441 4253/3491/2445
f 4253/3492/2445 4245/3493/2441 4243/1226/593 4251/1225/592
f 4248/1113/543 4256/1115/545 4258/3494/2446 4250/3495/2442
f 4250/3495/2442 4258/3494/2446 4257/3496/2447 4249/3497/2443
f 4249/3498/2443 4257/3499/2447 4255/1023/480 4247/1022/479
f 4260/1114/544 4252/1112/542 4254/3500/2444 4262/3501/2448
f 4262/3501/2448 4254/3500/2444 4253/3502/2445 4261/3503/2449
f 4261/3504/2449 4253/3505/2445 4251/1225/592 4259/1224/592
f 4256/1115/545 4264/1117/547 4266/3506/2450 4258/3507/2446
f 4258/3507/2446 4266/3506/2450 4265/3508/2451 4257/3509/2447
f 4257/3510/2447 4265/3511/2451 4263/1024/480 4255/1023/480
f 4268/1116/546 4260/1114/544 4262/3512/2448 4270/3513/2452
f 4270/3513/2452 4262/3512/2448 4261/3514/2449 4269/3515/2453
f 4269/3516/2453 4261/3517/2449 4259/1224/592 4267/1223/592
f 4264/1117/547 4272/1119/549 4274/3518/2454 4266/3519/2450
f 4266/3519/2450 4274/3518/2454 4273/3520/2455 4265/3521/2451
f 4265/3522/2451 4273/3523/2455 4271/1025/480 4263/1024/480
f 4276/1118/548 4268/1116/546 4270/3524/2452 4278/3525/2456
f 4278/3525/2456 4270/3524/2452 4269/3526/2453 4277/3527/2457
f 4277/3528/2457 4269/3529/2453 4267/1223/592 4275/1222/592
f 4272/1120/549 4280/1123/551 4282/3530/2458 4274/3531/2454
f 4274/3531/2454 4282/3530/2458 4281/3532/2459 4273/3533/2455
f 4273/3534/2455 4281/3535/2459 4279/1026/480 4271/1025/480
f 4284/1122/550 4276/1121/548 4278/3536/2456 4286/3537/2460
f 4286/3537/2460 4278/3536/2456 4277/3538/2457 4285/3539/2461
f 4285/3540/2461 4277/3541/2457 4275/1222/592 4283/1221/591
f 4280/1123/551 4288/1125/553 4290/3542/2462 4282/3543/2458
f 4282/3543/2458 4290/3542/2462 4289/3544/2463 4281/3545/2459
f 4281/3546/2459 4289/3547/2463 4287/1027/481 4279/1026/480
f 4292/1124/552 4284/1122/550 4286/3548/2460 4294/3549/2464
f 4294/3549/2464 4286/3548/2460 4285/3550/2461 4293/3551/2465
f 4293/3552/2465 4285/3553/2461 4283/1221/591 4291/1220/591
f 4288/1125/553 4296/1127/555 4298/3554/2466 4290/3555/2462
f 4290/3555/2462 4298/3554/2466 4297/3556/2467 4289/3557/2463
f 4289/3558/2463 4297/3559/2467 4295/1028/481 4287/1027/481
f 4300/1126/554 4292/1124/552 4294/3560/2464 4302/3561/2468
f 4302/3561/2468 4294/3560/2464 4293/3562/2465 4301/3563/2469
f 4301/3564/2469 4293/3565/2465 4291/1220/591 4299/1219/590
f 4296/1127/555 4304/1129/557 4306/3566/2470 4298/3567/2466
f 4298/3567/2466 4306/3566/2470 4305/3568/2471 4297/3569/2467
f 4297/3570/2467 4305/3571/2471 4303/1029/482 4295/1028/481
f 4308/1128/556 4300/1126/554 4302/3572/2468 4310/3573/2472
f 4310/3573/2472 4302/3572/2468 4301/3574/2469 4309/3575/2473
f 4309/3576/2473 4301/3577/2469 4299/1219/590 4307/1218/590
f 4304/1129/557 4312/1131/559 4314/3578/2474 4306/3579/2470
f 4306/3579/2470 4314/3578/2474 4313/3580/2475 4305/3581/2471
f 4305/3582/2471 4313/3583/2475 4311/1030/482 4303/1029/482
f 4316/1130/558 4308/1128/556 4310/3584/2472 4318/3585/2476
f 4318/3585/2476 4310/3584/2472 4309/3586/2473 4317/3587/2477
f 4317/3588/2477 4309/3589/2473 4307/1218/590 4315/1217/590
f 4312/1131/559 4320/1133/561 4322/3590/2478 4314/3591/2474
f 4314/3591/2474 4322/3590/2478 4321/3592/2479 4313/3593/2475
f 4313/3594/2475 4321/3595/2479 4319/1031/482 4311/1030/482
f 4324/1132/560 4316/1130/558 4318/3596/2476 4326/3597/2480
f 4326/3597/2480 4318/3596/2476 4317/3598/2477 4325/3599/2481
f 4325/3600/2481 4317/3601/2477 4315/1217/590 4323/1216/590
f 4320/1133/561 4328/1135/563 4330/3602/2482 4322/3603/2478
f 4322/3603/2478 4330/3602/2482 4329/3604/2483 4321/3605/2479
f 4321/3606/2479 4329/3607/2483 4327/1032/482 4319/1031/482
f 4332/1134/562 4324/1132/560 4326/3608/2480 4334/3609/2484
f 4334/3609/2484 4326/3608/2480 4325/3610/2481 4333/3611/2485
f 4333/3612/2485 4325/3613/2481 4323/1216/590 4331/1215/589
f 4328/1135/563 4336/1137/565 4338/3614/2486 4330/3615/2482
f 4330/3615/2482 4338/3614/2486 4337/3616/2487 4329/3617/2483
f 4329/3618/2483 4337/3619/2487 4335/1033/483 4327/1032/482
f 4340/1136/564 4332/1134/562 4334/3620/2484 4342/3621/2488
f 4342/3621/2488 4334/3620/2484 4333/3622/2485 4341/3623/2489
f 4341/3624/2489 4333/3625/2485 4331/1215/589 4339/1214/589
f 4336/1137/565 4344/1139/567 4346/3626/2490 4338/3627/2486
f 4338/3627/2486 4346/3626/2490 4345/3628/2491 4337/3629/2487
f 4337/3630/2487 4345/3631/2491 4343/1034/483 4335/1033/483
f 4348/1138/566 4340/1136/564 4342/3632/2488 4350/3633/2492
f 4350/3633/2492 4342/3632/2488 4341/3634/2489 4349/3635/2493
f 4349/3636/2493 4341/3637/2489 4339/1214/589 4347/1213/588
f 4344/1139/567 4352/1141/569 4354/3638/2494 4346/3639/2490
f 4346/3639/2490 4354/3638/2494 4353/3640/2495 4345/3641/2491
f 4345/3642/2491 4353/3643/2495 4351/1035/484 4343/1034/483
f 4356/1140/568 4348/1138/566 4350/3644/2492 4358/3645/2496
f 4358/3645/2496 4350/3644/2492 4349/3646/2493 4357/3647/2497
f 4357/3648/2497 4349/3649/2493 4347/1213/588 4355/1212/588
f 4352/1141/569 4360/1143/571 4362/3650/2498 4354/3651/2494
f 4354/3651/2494 4362/3650/2498 4361/3652/2499 4353/3653/2495
f 4353/3654/2495 4361/3655/2499 4359/1036/484 4351/1035/484
f 4364/1142/570 4356/1140/568 4358/3656/2496 4366/3657/2500
f 4366/3657/2500 4358/3656/2496 4357/3658/2497 4365/3659/2501
f 4365/3660/2501 4357/3661/2497 4355/1212/588 4363/1211/588
f 4360/1143/571 4368/1145/573 4370/3662/2502 4362/3663/2498
f 4362/3663/2498 4370/3662/2502 4369/3664/2503 4361/3665/2499
f 4361/3666/2499 4369/3667/2503 4367/1037/484 4359/1036/484
f 4372/1144/572 4364/1142/570 4366/3668/2500 4374/3669/2504
f 4374/3669/2504 4366/3668/2500 4365/3670/2501 4373/3671/2505
f 4373/3672/2505 4365/3673/2501 4363/1211/588 4371/1210/588
f 4368/1145/573 4376/1147/575 4378/3674/2506 4370/3675/2502
f 4370/3675/2502 4378/3674/2506 4377/3676/2507 4369/3677/2503
f 4369/3678/2503 4377/3679/2507 4375/1038/484 4367/1037/484
f 4380/1146/574 4372/1144/572 4374/3680/2504 4382/3681/2508
f 4382/3681/2508 4374/3680/2504 4373/3682/2505 4381/3683/2509
f 4381/3684/2509 4373/3685/2505 4371/1210/588 4379/1209/587
f 4376/1148/575 4384/1151/577 4386/3686/2510 4378/3687/2506
f 4378/3687/2506 4386/3686/2510 4385/3688/2511 4377/3689/2507
f 4377/3690/2507 4385/3691/2511 4383/1039/485 4375/1038/484
f 4388/1150/576 4380/1149/574 4382/3692/2508 4390/3693/2512
f 4390/3693/2512 4382/3692/2508 4381/3694/2509 4389/3695/2513
f 4389/3696/2513 4381/3697/2509 4379/1209/587 4387/1208/587
f 4384/1151/577 4392/1153/579 4394/3698/2514 4386/3699/2510
f 4386/3699/2510 4394/3698/2514 4393/3700/2515 4385/3701/2511
f 4385/3702/2511 4393/3703/2515 4391/1040/485 4383/1039/485
f 4396/1152/578 4388/1150/576 4390/3704/2512 4398/3705/2516
f 4398/3705/2516 4390/3704/2512 4389/3706/2513 4397/3707/2517
f 4397/3708/2517 4389/3709/2513 4387/1208/587 4395/1207/586
f 4392/1153/579 4400/1042/486 4402/3710/2518 4394/3711/2514
f 4394/3711/2514 4402/3710/2518 4401/3712/2519 4393/3713/2515
f 4393/3714/2515 4401/3715/2519 4399/1041/470 4391/1040/485
f 4404/1043/487 4396/1152/578 4398/3716/2516 4406/3717/2520
f 4406/3717/2520 4398/3716/2516 4397/3718/2517 4405/3719/2521
f 4405/3720/2521 4397/3721/2517 4395/1207/586 4403/1206/586
f 4400/1042/486 4024/1045/489 4026/3722/2331 4402/3723/2518
f 4402/3723/2518 4026/3722/2331 4025/3724/2333 4401/3725/2519
f 4401/3726/2519 4025/3727/2333 4023/994/470 4399/1041/470
f 4028/1044/488 4404/1043/487 4406/3728/2520 4030/3729/2334
f 4030/3729/2334 4406/3728/2520 4405/3730/2521 4029/3731/2336
f 4029/3732/2336 4405/3733/2521 4403/1206/586 4027/1205/586
s 0
f 2895/2680/454 2943/2729/455 2919/941/456 2871/2648/457
s 1
usemtl Payload_teal
f 4407/1156/470 4415/1157/470 4423/1158/470 4431/1159/471 4439/1160/471 4447/1161/471 4455/1162/582 4463/1163/473 4471/1164/473 4479/1165/473 4487/1166/473 4495/1167/474 4503/1168/474 4511/1169/474 4519/1170/474 4527/1171/475 4535/1172/475 4543/1173/475 4551/1174/583 4559/1175/477 4567/1176/477 4575/1177/477 4583/1178/477 4591/1179/478 4599/1180/478 4607/1181/478 4615/1182/478 4623/1183/479 4631/1184/479 4639/1185/479 4647/1186/584 4655/1187/481 4663/1188/481 4671/1189/481 4679/1190/481 4687/1191/482 4695/1192/482 4703/1193/482 4711/1194/482 4719/1195/483 4727/1196/483 4735/1197/483 4743/1198/585 4751/1199/485 4759/1200/485 4767/1201/485 4775/1202/485 4783/1203/470
f 4784/1254/602 4788/1255/603 4412/1256/604 4408/1257/605
f 4424/1258/606 4428/1259/607 4436/1260/608 4432/1261/609
f 4432/1262/609 4436/1263/608 4444/1264/610 4440/1265/611
f 4440/1266/611 4444/1264/610 4452/1267/612 4448/1268/613
f 4448/1268/613 4452/1267/612 4460/1269/614 4456/1270/615
f 4456/1271/615 4460/1269/614 4468/1272/616 4464/1273/617
f 4464/1273/617 4468/1272/616 4476/1274/618 4472/1275/619
f 4472/1275/619 4476/1274/618 4484/1276/620 4480/1277/621
f 4480/1277/621 4484/1276/620 4492/1278/622 4488/1279/623
f 4488/1279/623 4492/1278/622 4500/1280/624 4496/1281/625
f 4496/1281/625 4500/1280/624 4508/1282/626 4504/1283/627
f 4504/1283/627 4508/1282/626 4516/1284/628 4512/1285/629
f 4512/1285/629 4516/1284/628 4524/1286/630 4520/1287/631
f 4520/1287/631 4524/1286/630 4532/1288/632 4528/1289/633
f 4528/1289/633 4532/1288/632 4540/1290/634 4536/1291/635
f 4536/1291/635 4540/1290/634 4548/1292/636 4544/1293/637
f 4544/1293/637 4548/1292/636 4556/1294/638 4552/1295/639
f 4552/1296/639 4556/1294/638 4564/1297/640 4560/1298/641
f 4560/1299/641 4564/1297/640 4572/1300/642 4568/1301/643
f 4568/1302/643 4572/1303/642 4580/1304/644 4576/1305/645
f 4576/1306/645 4580/1304/644 4588/1307/646 4584/1308/647
f 4584/1309/647 4588/1307/646 4596/1310/648 4592/1311/649
f 4592/1312/649 4596/1310/648 4604/1313/650 4600/1314/651
f 4600/1314/651 4604/1313/650 4612/1315/652 4608/1316/653
f 4608/1316/653 4612/1317/652 4620/1318/654 4616/1319/655
f 4616/1320/655 4620/1321/654 4628/1322/656 4624/1323/657
f 4624/1324/657 4628/1325/656 4636/1326/658 4632/1327/659
f 4632/1328/659 4636/1329/658 4644/1330/660 4640/1331/661
f 4640/1331/661 4644/1332/660 4652/1333/662 4648/1334/663
f 4648/1334/663 4652/1333/662 4660/1335/664 4656/1336/665
f 4656/1336/665 4660/1335/664 4668/1337/666 4664/1338/667
f 4664/1338/667 4668/1337/666 4676/1339/668 4672/1340/669
f 4672/1341/669 4676/1339/668 4684/1342/670 4680/1343/671
f 4680/1343/671 4684/1342/670 4692/1344/672 4688/1345/673
f 4688/1345/673 4692/1344/672 4700/1346/674 4696/1347/675
f 4696/1347/675 4700/1346/674 4708/1348/676 4704/1349/677
f 4704/1349/677 4708/1348/676 4716/1350/678 4712/1351/679
f 4712/1351/679 4716/1350/678 4724/1352/680 4720/1353/681
f 4720/1354/681 4724/1352/680 4732/1355/682 4728/1356/683
f 4728/1357/683 4732/1355/682 4740/1358/684 4736/1359/685
f 4736/1359/685 4740/1358/684 4748/1360/686 4744/1361/687
f 4744/1361/687 4748/1360/686 4756/1362/688 4752/1363/689
f 4752/1364/689 4756/1362/688 4764/1365/690 4760/1366/691
f 4760/1366/691 4764/1367/690 4772/1368/692 4768/1369/693
f 4768/1370/693 4772/1368/692 4780/1371/694 4776/1372/695
f 4776/1372/695 4780/1371/694 4788/1255/603 4784/1254/602
f 4416/1373/696 4420/1374/697 4428/1259/607 4424/1258/606
f 4419/1375/586 4411/1376/586 4787/1377/586 4779/1378/586 4771/1379/587 4763/1380/587 4755/1381/587 4747/1382/698 4739/1383/589 4731/1384/589 4723/1385/589 4715/1386/589 4707/1387/590 4699/1388/590 4691/1389/590 4683/1390/590 4675/1391/591 4667/1392/591 4659/1393/591 4651/1394/699 4643/1395/593 4635/1396/593 4627/1397/593 4619/1398/593 4611/1399/594 4603/1400/594 4595/1401/594 4587/1402/594 4579/1403/595 4571/1404/595 4563/1405/595 4555/1406/700 4547/1407/597 4539/1408/597 4531/1409/597 4523/1410/597 4515/1411/598 4507/1412/598 4499/1413/598 4491/1414/598 4483/1415/599 4475/1416/599 4467/1417/599 4459/1418/701 4451/1419/601 4443/1420/601 4435/1421/601 4427/1422/601
f 4408/1423/605 4412/1424/604 4420/1374/697 4416/1373/696
f 4408/1423/605 4416/1373/696 4418/3734/2522 4410/3735/2523
f 4410/3735/2523 4418/3734/2522 4417/3736/2524 4409/3737/2525
f 4409/3738/2525 4417/3739/2524 4415/1157/470 4407/1156/470
f 4420/1374/697 4412/1424/604 4414/3740/2526 4422/3741/2527
f 4422/3741/2527 4414/3740/2526 4413/3742/2528 4421/3743/2529
f 4421/3744/2529 4413/3745/2528 4411/1376/586 4419/1375/586
f 4416/1373/696 4424/1258/606 4426/3746/2530 4418/3747/2522
f 4418/3747/2522 4426/3746/2530 4425/3748/2531 4417/3749/2524
f 4417/3750/2524 4425/3751/2531 4423/1158/470 4415/1157/470
f 4428/1259/607 4420/1374/697 4422/3752/2527 4430/3753/2340
f 4430/3753/2340 4422/3752/2527 4421/3754/2529 4429/3755/2532
f 4429/3756/2532 4421/3757/2529 4419/1375/586 4427/1422/601
f 4424/1258/606 4432/1261/609 4434/3758/2533 4426/3759/2530
f 4426/3759/2530 4434/3758/2533 4433/3760/2534 4425/3761/2531
f 4425/3762/2531 4433/3763/2534 4431/1159/471 4423/1158/470
f 4436/1260/608 4428/1259/607 4430/3764/2340 4438/3765/2535
f 4438/3765/2535 4430/3764/2340 4429/3766/2532 4437/3767/2536
f 4437/3768/2536 4429/3769/2532 4427/1422/601 4435/1421/601
f 4432/1262/609 4440/1265/611 4442/3770/2537 4434/3771/2533
f 4434/3771/2533 4442/3770/2537 4441/3772/2538 4433/3773/2534
f 4433/3774/2534 4441/3775/2538 4439/1160/471 4431/1159/471
f 4444/1264/610 4436/1263/608 4438/3776/2535 4446/3777/2539
f 4446/3777/2539 4438/3776/2535 4437/3778/2536 4445/3779/2540
f 4445/3780/2540 4437/3781/2536 4435/1421/601 4443/1420/601
f 4440/1266/611 4448/1268/613 4450/3782/2541 4442/3783/2537
f 4442/3783/2537 4450/3782/2541 4449/3784/2542 4441/3785/2538
f 4441/3786/2538 4449/3787/2542 4447/1161/471 4439/1160/471
f 4452/1267/612 4444/1264/610 4446/3788/2539 4454/3789/2543
f 4454/3789/2543 4446/3788/2539 4445/3790/2540 4453/3791/2544
f 4453/3792/2544 4445/3793/2540 4443/1420/601 4451/1419/601
f 4448/1268/613 4456/1270/615 4458/3794/2545 4450/3795/2541
f 4450/3795/2541 4458/3794/2545 4457/3796/2546 4449/3797/2542
f 4449/3798/2542 4457/3799/2546 4455/1162/582 4447/1161/471
f 4460/1269/614 4452/1267/612 4454/3800/2543 4462/3801/2547
f 4462/3801/2547 4454/3800/2543 4453/3802/2544 4461/3803/2548
f 4461/3804/2548 4453/3805/2544 4451/1419/601 4459/1418/701
f 4456/1271/615 4464/1273/617 4466/3806/2549 4458/3807/2545
f 4458/3807/2545 4466/3806/2549 4465/3808/2550 4457/3809/2546
f 4457/3810/2546 4465/3811/2550 4463/1163/473 4455/1162/582
f 4468/1272/616 4460/1269/614 4462/3812/2547 4470/3813/2551
f 4470/3813/2551 4462/3812/2547 4461/3814/2548 4469/3815/2552
f 4469/3816/2552 4461/3817/2548 4459/1418/701 4467/1417/599
f 4464/1273/617 4472/1275/619 4474/3818/2553 4466/3819/2549
f 4466/3819/2549 4474/3818/2553 4473/3820/2554 4465/3821/2550
f 4465/3822/2550 4473/3823/2554 4471/1164/473 4463/1163/473
f 4476/1274/618 4468/1272/616 4470/3824/2551 4478/3825/2555
f 4478/3825/2555 4470/3824/2551 4469/3826/2552 4477/3827/2556
f 4477/3828/2556 4469/3829/2552 4467/1417/599 4475/1416/599
f 4472/1275/619 4480/1277/621 4482/3830/2557 4474/3831/2553
f 4474/3831/2553 4482/3830/2557 4481/3832/2558 4473/3833/2554
f 4473/3834/2554 4481/3835/2558 4479/1165/473 4471/1164/473
f 4484/1276/620 4476/1274/618 4478/3836/2555 4486/3837/2559
f 4486/3837/2559 4478/3836/2555 4477/3838/2556 4485/3839/2560
f 4485/3840/2560 4477/3841/2556 4475/1416/599 4483/1415/599
f 4480/1277/621 4488/1279/623 4490/3842/2561 4482/3843/2557
f 4482/3843/2557 4490/3842/2561 4489/3844/2562 4481/3845/2558
f 4481/3846/2558 4489/3847/2562 4487/1166/473 4479/1165/473
f 4492/1278/622 4484/1276/620 4486/3848/2559 4494/3849/2563
f 4494/3849/2563 4486/3848/2559 4485/3850/2560 4493/3851/2564
f 4493/3852/2564 4485/3853/2560 4483/1415/599 4491/1414/598
f 4488/1279/623 4496/1281/625 4498/3854/2565 4490/3855/2561
f 4490/3855/2561 4498/3854/2565 4497/3856/2566 4489/3857/2562
f 4489/3858/2562 4497/3859/2566 4495/1167/474 4487/1166/473
f 4500/1280/624 4492/1278/622 4494/3860/2563 4502/3861/2376
f 4502/3861/2376 4494/3860/2563 4493/3862/2564 4501/3863/2567
f 4501/3864/2567 4493/3865/2564 4491/1414/598 4499/1413/598
f 4496/1281/625 4504/1283/627 4506/3866/2568 4498/3867/2565
f 4498/3867/2565 4506/3866/2568 4505/3868/2569 4497/3869/2566
f 4497/3870/2566 4505/3871/2569 4503/1168/474 4495/1167/474
f 4508/1282/626 4500/1280/624 4502/3872/2376 4510/3873/2570
f 4510/3873/2570 4502/3872/2376 4501/3874/2567 4509/3875/2571
f 4509/3876/2571 4501/3877/2567 4499/1413/598 4507/1412/598
f 4504/1283/627 4512/1285/629 4514/3878/2572 4506/3879/2568
f 4506/3879/2568 4514/3878/2572 4513/3880/2573 4505/3881/2569
f 4505/3882/2569 4513/3883/2573 4511/1169/474 4503/1168/474
f 4516/1284/628 4508/1282/626 4510/3884/2570 4518/3885/2384
f 4518/3885/2384 4510/3884/2570 4509/3886/2571 4517/3887/2574
f 4517/3888/2574 4509/3889/2571 4507/1412/598 4515/1411/598
f 4512/1285/629 4520/1287/631 4522/3890/2575 4514/3891/2572
f 4514/3891/2572 4522/3890/2575 4521/3892/2576 4513/3893/2573
f 4513/3894/2573 4521/3895/2576 4519/1170/474 4511/1169/474
f 4524/1286/630 4516/1284/628 4518/3896/2384 4526/3897/2577
f 4526/3897/2577 4518/3896/2384 4517/3898/2574 4525/3899/2578
f 4525/3900/2578 4517/3901/2574 4515/1411/598 4523/1410/597
f 4520/1287/631 4528/1289/633 4530/3902/2579 4522/3903/2575
f 4522/3903/2575 4530/3902/2579 4529/3904/2580 4521/3905/2576
f 4521/3906/2576 4529/3907/2580 4527/1171/475 4519/1170/474
f 4532/1288/632 4524/1286/630 4526/3908/2577 4534/3909/2581
f 4534/3909/2581 4526/3908/2577 4525/3910/2578 4533/3911/2582
f 4533/3912/2582 4525/3913/2578 4523/1410/597 4531/1409/597
f 4528/1289/633 4536/1291/635 4538/3914/2583 4530/3915/2579
f 4530/3915/2579 4538/3914/2583 4537/3916/2584 4529/3917/2580
f 4529/3918/2580 4537/3919/2584 4535/1172/475 4527/1171/475
f 4540/1290/634 4532/1288/632 4534/3920/2581 4542/3921/2585
f 4542/3921/2585 4534/3920/2581 4533/3922/2582 4541/3923/2586
f 4541/3924/2586 4533/3925/2582 4531/1409/597 4539/1408/597
f 4536/1291/635 4544/1293/637 4546/3926/2587 4538/3927/2583
f 4538/3927/2583 4546/3926/2587 4545/3928/2588 4537/3929/2584
f 4537/3930/2584 4545/3931/2588 4543/1173/475 4535/1172/475
f 4548/1292/636 4540/1290/634 4542/3932/2585 4550/3933/2589
f 4550/3933/2589 4542/3932/2585 4541/3934/2586 4549/3935/2590
f 4549/3936/2590 4541/3937/2586 4539/1408/597 4547/1407/597
f 4544/1293/637 4552/1295/639 4554/3938/2591 4546/3939/2587
f 4546/3939/2587 4554/3938/2591 4553/3940/2592 4545/3941/2588
f 4545/3942/2588 4553/3943/2592 4551/1174/583 4543/1173/475
f 4556/1294/638 4548/1292/636 4550/3944/2589 4558/3945/2593
f 4558/3945/2593 4550/3944/2589 4549/3946/2590 4557/3947/2594
f 4557/3948/2594 4549/3949/2590 4547/1407/597 4555/1406/700
f 4552/1296/639 4560/1298/641 4562/3950/2595 4554/3951/2591
f 4554/3951/2591 4562/3950/2595 4561/3952/2596 4553/3953/2592
f 4553/3954/2592 4561/3955/2596 4559/1175/477 4551/1174/583
f 4564/1297/640 4556/1294/638 4558/3956/2593 4566/3957/2597
f 4566/3957/2597 4558/3956/2593 4557/3958/2594 4565/3959/2598
f 4565/3960/2598 4557/3961/2594 4555/1406/700 4563/1405/595
f 4560/1299/641 4568/1301/643 4570/3962/2599 4562/3963/2595
f 4562/3963/2595 4570/3962/2599 4569/3964/2600 4561/3965/2596
f 4561/3966/2596 4569/3967/2600 4567/1176/477 4559/1175/477
f 4572/1300/642 4564/1297/640 4566/3968/2597 4574/3969/2601
f 4574/3969/2601 4566/3968/2597 4565/3970/2598 4573/3971/2602
f 4573/3972/2602 4565/3973/2598 4563/1405/595 4571/1404/595
f 4568/1302/643 4576/1305/645 4578/3974/2603 4570/3975/2599
f 4570/3975/2599 4578/3974/2603 4577/3976/2604 4569/3977/2600
f 4569/3978/2600 4577/3979/2604 4575/1177/477 4567/1176/477
f 4580/1304/644 4572/1303/642 4574/3980/2601 4582/3981/2605
f 4582/3981/2605 4574/3980/2601 4573/3982/2602 4581/3983/2606
f 4581/3984/2606 4573/3985/2602 4571/1404/595 4579/1403/595
f 4576/1306/645 4584/1308/647 4586/3986/2607 4578/3987/2603
f 4578/3987/2603 4586/3986/2607 4585/3988/2608 4577/3989/2604
f 4577/3990/2604 4585/3991/2608 4583/1178/477 4575/1177/477
f 4588/1307/646 4580/1304/644 4582/3992/2605 4590/3993/2609
f 4590/3993/2609 4582/3992/2605 4581/3994/2606 4589/3995/2610
f 4589/3996/2610 4581/3997/2606 4579/1403/595 4587/1402/594
f 4584/1309/647 4592/1311/649 4594/3998/2611 4586/3999/2607
f 4586/3999/2607 4594/3998/2611 4593/4000/2612 4585/4001/2608
f 4585/4002/2608 4593/4003/2612 4591/1179/478 4583/1178/477
f 4596/1310/648 4588/1307/646 4590/4004/2609 4598/4005/2613
f 4598/4005/2613 4590/4004/2609 4589/4006/2610 4597/4007/2614
f 4597/4008/2614 4589/4009/2610 4587/1402/594 4595/1401/594
f 4592/1312/649 4600/1314/651 4602/4010/2615 4594/4011/2611
f 4594/4011/2611 4602/4010/2615 4601/4012/2616 4593/4013/2612
f 4593/4014/2612 4601/4015/2616 4599/1180/478 4591/1179/478
f 4604/1313/650 4596/1310/648 4598/4016/2613 4606/4017/2617
f 4606/4017/2617 4598/4016/2613 4597/4018/2614 4605/4019/2618
f 4605/4020/2618 4597/4021/2614 4595/1401/594 4603/1400/594
f 4600/1314/651 4608/1316/653 4610/4022/2619 4602/4023/2615
f 4602/4023/2615 4610/4022/2619 4609/4024/2620 4601/4025/2616
f 4601/4026/2616 4609/4027/2620 4607/1181/478 4599/1180/478
f 4612/1315/652 4604/1313/650 4606/4028/2617 4614/4029/2621
f 4614/4029/2621 4606/4028/2617 4605/4030/2618 4613/4031/2622
f 4613/4032/2622 4605/4033/2618 4603/1400/594 4611/1399/594
f 4608/1316/653 4616/1319/655 4618/4034/2623 4610/4035/2619
f 4610/4035/2619 4618/4034/2623 4617/4036/2624 4609/4037/2620
f 4609/4038/2620 4617/4039/2624 4615/1182/478 4607/1181/478
f 4620/1318/654 4612/1317/652 4614/4040/2621 4622/4041/2625
f 4622/4041/2625 4614/4040/2621 4613/4042/2622 4621/4043/2626
f 4621/4044/2626 4613/4045/2622 4611/1399/594 4619/1398/593
f 4616/1320/655 4624/1323/657 4626/4046/2627 4618/4047/2623
f 4618/4047/2623 4626/4046/2627 4625/4048/2628 4617/4049/2624
f 4617/4050/2624 4625/4051/2628 4623/1183/479 4615/1182/478
f 4628/1322/656 4620/1321/654 4622/4052/2625 4630/4053/2629
f 4630/4053/2629 4622/4052/2625 4621/4054/2626 4629/4055/2630
f 4629/4056/2630 4621/4057/2626 4619/1398/593 4627/1397/593
f 4624/1324/657 4632/1327/659 4634/4058/2631 4626/4059/2627
f 4626/4059/2627 4634/4058/2631 4633/4060/2632 4625/4061/2628
f 4625/4062/2628 4633/4063/2632 4631/1184/479 4623/1183/479
f 4636/1326/658 4628/1325/656 4630/4064/2629 4638/4065/2633
f 4638/4065/2633 4630/4064/2629 4629/4066/2630 4637/4067/2634
f 4637/4068/2634 4629/4069/2630 4627/1397/593 4635/1396/593
f 4632/1328/659 4640/1331/661 4642/4070/2635 4634/4071/2631
f 4634/4071/2631 4642/4070/2635 4641/4072/2636 4633/4073/2632
f 4633/4074/2632 4641/4075/2636 4639/1185/479 4631/1184/479
f 4644/1330/660 4636/1329/658 4638/4076/2633 4646/4077/2637
f 4646/4077/2637 4638/4076/2633 4637/4078/2634 4645/4079/2638
f 4645/4080/2638 4637/4081/2634 4635/1396/593 4643/1395/593
f 4640/1331/661 4648/1334/663 4650/4082/2450 4642/4083/2635
f 4642/4083/2635 4650/4082/2450 4649/4084/2639 4641/4085/2636
f 4641/4086/2636 4649/4087/2639 4647/1186/584 4639/1185/479
f 4652/1333/662 4644/1332/660 4646/4088/2637 4654/4089/2640
f 4654/4089/2640 4646/4088/2637 4645/4090/2638 4653/4091/2641
f 4653/4092/2641 4645/4093/2638 4643/1395/593 4651/1394/699
f 4648/1334/663 4656/1336/665 4658/4094/2642 4650/4095/2450
f 4650/4095/2450 4658/4094/2642 4657/4096/2643 4649/4097/2639
f 4649/4098/2639 4657/4099/2643 4655/1187/481 4647/1186/584
f 4660/1335/664 4652/1333/662 4654/4100/2640 4662/4101/2644
f 4662/4101/2644 4654/4100/2640 4653/4102/2641 4661/4103/2645
f 4661/4104/2645 4653/4105/2641 4651/1394/699 4659/1393/591
f 4656/1336/665 4664/1338/667 4666/4106/2646 4658/4107/2642
f 4658/4107/2642 4666/4106/2646 4665/4108/2647 4657/4109/2643
f 4657/4110/2643 4665/4111/2647 4663/1188/481 4655/1187/481
f 4668/1337/666 4660/1335/664 4662/4112/2644 4670/4113/2648
f 4670/4113/2648 4662/4112/2644 4661/4114/2645 4669/4115/2649
f 4669/4116/2649 4661/4117/2645 4659/1393/591 4667/1392/591
f 4664/1338/667 4672/1340/669 4674/4118/2650 4666/4119/2646
f 4666/4119/2646 4674/4118/2650 4673/4120/2651 4665/4121/2647
f 4665/4122/2647 4673/4123/2651 4671/1189/481 4663/1188/481
f 4676/1339/668 4668/1337/666 4670/4124/2648 4678/4125/2652
f 4678/4125/2652 4670/4124/2648 4669/4126/2649 4677/4127/2653
f 4677/4128/2653 4669/4129/2649 4667/1392/591 4675/1391/591
f 4672/1341/669 4680/1343/671 4682/4130/2654 4674/4131/2650
f 4674/4131/2650 4682/4130/2654 4681/4132/2655 4673/4133/2651
f 4673/4134/2651 4681/4135/2655 4679/1190/481 4671/1189/481
f 4684/1342/670 4676/1339/668 4678/4136/2652 4686/4137/2656
f 4686/4137/2656 4678/4136/2652 4677/4138/2653 4685/4139/2657
f 4685/4140/2657 4677/4141/2653 4675/1391/591 4683/1390/590
f 4680/1343/671 4688/1345/673 4690/4142/2658 4682/4143/2654
f 4682/4143/2654 4690/4142/2658 4689/4144/2659 4681/4145/2655
f 4681/4146/2655 4689/4147/2659 4687/1191/482 4679/1190/481
f 4692/1344/672 4684/1342/670 4686/4148/2656 4694/4149/2660
f 4694/4149/2660 4686/4148/2656 4685/4150/2657 4693/4151/2661
f 4693/4152/2661 4685/4153/2657 4683/1390/590 4691/1389/590
f 4688/1345/673 4696/1347/675 4698/4154/2662 4690/4155/2658
f 4690/4155/2658 4698/4154/2662 4697/4156/2663 4689/4157/2659
f 4689/4158/2659 4697/4159/2663 4695/1192/482 4687/1191/482
f 4700/1346/674 4692/1344/672 4694/4160/2660 4702/4161/2664
f 4702/4161/2664 4694/4160/2660 4693/4162/2661 4701/4163/2665
f 4701/4164/2665 4693/4165/2661 4691/1389/590 4699/1388/590
f 4696/1347/675 4704/1349/677 4706/4166/2666 4698/4167/2662
f 4698/4167/2662 4706/4166/2666 4705/4168/2667 4697/4169/2663
f 4697/4170/2663 4705/4171/2667 4703/1193/482 4695/1192/482
f 4708/1348/676 4700/1346/674 4702/4172/2664 4710/4173/2668
f 4710/4173/2668 4702/4172/2664 4701/4174/2665 4709/4175/2669
f 4709/4176/2669 4701/4177/2665 4699/1388/590 4707/1387/590
f 4704/1349/677 4712/1351/679 4714/4178/2670 4706/4179/2666
f 4706/4179/2666 4714/4178/2670 4713/4180/2671 4705/4181/2667
f 4705/4182/2667 4713/4183/2671 4711/1194/482 4703/1193/482
f 4716/1350/678 4708/1348/676 4710/4184/2668 4718/4185/2672
f 4718/4185/2672 4710/4184/2668 4709/4186/2669 4717/4187/2673
f 4717/4188/2673 4709/4189/2669 4707/1387/590 4715/1386/589
f 4712/1351/679 4720/1353/681 4722/4190/2674 4714/4191/2670
f 4714/4191/2670 4722/4190/2674 4721/4192/2675 4713/4193/2671
f 4713/4194/2671 4721/4195/2675 4719/1195/483 4711/1194/482
f 4724/1352/680 4716/1350/678 4718/4196/2672 4726/4197/2676
f 4726/4197/2676 4718/4196/2672 4717/4198/2673 4725/4199/2677
f 4725/4200/2677 4717/4201/2673 4715/1386/589 4723/1385/589
f 4720/1354/681 4728/1356/683 4730/4202/2678 4722/4203/2674
f 4722/4203/2674 4730/4202/2678 4729/4204/2679 4721/4205/2675
f 4721/4206/2675 4729/4207/2679 4727/1196/483 4719/1195/483
f 4732/1355/682 4724/1352/680 4726/4208/2676 4734/4209/2680
f 4734/4209/2680 4726/4208/2676 4725/4210/2677 4733/4211/2681
f 4733/4212/2681 4725/4213/2677 4723/1385/589 4731/1384/589
f 4728/1357/683 4736/1359/685 4738/4214/2682 4730/4215/2678
f 4730/4215/2678 4738/4214/2682 4737/4216/2683 4729/4217/2679
f 4729/4218/2679 4737/4219/2683 4735/1197/483 4727/1196/483
f 4740/1358/684 4732/1355/682 4734/4220/2680 4742/4221/2684
f 4742/4221/2684 4734/4220/2680 4733/4222/2681 4741/4223/2685
f 4741/4224/2685 4733/4225/2681 4731/1384/589 4739/1383/589
f 4736/1359/685 4744/1361/687 4746/4226/2498 4738/4227/2682
f 4738/4227/2682 4746/4226/2498 4745/4228/2686 4737/4229/2683
f 4737/4230/2683 4745/4231/2686 4743/1198/585 4735/1197/483
f 4748/1360/686 4740/1358/684 4742/4232/2684 4750/4233/2687
f 4750/4233/2687 4742/4232/2684 4741/4234/2685 4749/4235/2688
f 4749/4236/2688 4741/4237/2685 4739/1383/589 4747/1382/698
f 4744/1361/687 4752/1363/689 4754/4238/2689 4746/4239/2498
f 4746/4239/2498 4754/4238/2689 4753/4240/2690 4745/4241/2686
f 4745/4242/2686 4753/4243/2690 4751/1199/485 4743/1198/585
f 4756/1362/688 4748/1360/686 4750/4244/2687 4758/4245/2504
f 4758/4245/2504 4750/4244/2687 4749/4246/2688 4757/4247/2691
f 4757/4248/2691 4749/4249/2688 4747/1382/698 4755/1381/587
f 4752/1364/689 4760/1366/691 4762/4250/2692 4754/4251/2689
f 4754/4251/2689 4762/4250/2692 4761/4252/2693 4753/4253/2690
f 4753/4254/2690 4761/4255/2693 4759/1200/485 4751/1199/485
f 4764/1365/690 4756/1362/688 4758/4256/2504 4766/4257/2694
f 4766/4257/2694 4758/4256/2504 4757/4258/2691 4765/4259/2695
f 4765/4260/2695 4757/4261/2691 4755/1381/587 4763/1380/587
f 4760/1366/691 4768/1369/693 4770/4262/2696 4762/4263/2692
f 4762/4263/2692 4770/4262/2696 4769/4264/2697 4761/4265/2693
f 4761/4266/2693 4769/4267/2697 4767/1201/485 4759/1200/485
f 4772/1368/692 4764/1367/690 4766/4268/2694 4774/4269/2698
f 4774/4269/2698 4766/4268/2694 4765/4270/2695 4773/4271/2699
f 4773/4272/2699 4765/4273/2695 4763/1380/587 4771/1379/587
f 4768/1370/693 4776/1372/695 4778/4274/2700 4770/4275/2696
f 4770/4275/2696 4778/4274/2700 4777/4276/2701 4769/4277/2697
f 4769/4278/2697 4777/4279/2701 4775/1202/485 4767/1201/485
f 4780/1371/694 4772/1368/692 4774/4280/2698 4782/4281/2702
f 4782/4281/2702 4774/4280/2698 4773/4282/2699 4781/4283/2703
f 4781/4284/2703 4773/4285/2699 4771/1379/587 4779/1378/586
f 4776/1372/695 4784/1254/602 4786/4286/2704 4778/4287/2700
f 4778/4287/2700 4786/4286/2704 4785/4288/2705 4777/4289/2701
f 4777/4290/2701 4785/4291/2705 4783/1203/470 4775/1202/485
f 4788/1255/603 4780/1371/694 4782/4292/2702 4790/4293/2706
f 4790/4293/2706 4782/4292/2702 4781/4294/2703 4789/4295/2707
f 4789/4296/2707 4781/4297/2703 4779/1378/586 4787/1377/586
f 4784/1254/602 4408/1257/605 4410/4298/2523 4786/4299/2704
f 4786/4299/2704 4410/4298/2523 4409/4300/2525 4785/4301/2705
f 4785/4302/2705 4409/4303/2525 4407/1156/470 4783/1203/470
f 4412/1256/604 4788/1255/603 4790/4304/2706 4414/4305/2526
f 4414/4305/2526 4790/4304/2706 4789/4306/2707 4413/4307/2528
f 4413/4308/2528 4789/4309/2707 4787/1377/586 4411/1376/586
usemtl Optical_blue_glass
f 2863/1425/702 2862/1426/703 1781/1427/704 1782/1428/705
f 1776/1429/706 1775/1430/707 1796/1431/708 1797/1432/709
f 2866/1433/710 1771/1434/711 1789/1435/712 1790/1436/713
f 1767/1437/714 2863/1425/702 1782/1428/705 1783/1438/715
f 1777/1439/716 1776/1429/706 1797/1432/709 1798/1440/717
f 1772/1441/718 2866/1433/710 1790/1436/713 1791/1442/719
f 2864/1443/720 1767/1437/714 1783/1438/715 1784/1444/721
f 2869/1445/722 1777/1439/716 1798/1440/717 1799/1446/723
f 1773/1447/724 1772/1441/718 1791/1442/719 1792/1448/725
f 1768/1449/726 2864/1443/720 1784/1444/721 1785/1450/727
f 2870/1451/728 2869/1445/722 1799/1446/723 1800/1452/729
f 2867/1453/730 1773/1447/724 1792/1448/725 1793/1454/731
f 2865/1455/732 1768/1449/726 1785/1450/727 1786/1456/733
f 1778/1457/734 2870/1451/728 1800/1452/729 1801/1458/735
f 1765/1459/736 2470/1460/737 1779/1461/738
f 1774/1462/739 2867/1453/730 1793/1454/731 1794/1463/740
f 1769/1464/741 2865/1455/732 1786/1456/733 1787/1465/742
f 2423/1466/743 1778/1457/734 1801/1458/735
f 1766/1467/744 1765/1459/736 1779/1461/738 1780/1468/745
f 2868/1469/746 1774/1462/739 1794/1463/740 1795/1470/747
f 1770/1471/748 1769/1464/741 1787/1465/742 1788/1472/749
f 2862/1426/703 1766/1467/744 1780/1468/745 1781/1427/704
f 1775/1430/707 2868/1469/746 1795/1470/747 1796/1431/708
f 1771/1434/711 1770/1471/748 1788/1472/749 1789/1435/712
f 1780/1468/745 1779/1461/738 1802/1473/750 1803/1474/751
f 1795/1470/747 1794/1463/740 1817/1475/752 1818/1476/753
f 1788/1472/749 1787/1465/742 1810/1477/754 1811/1478/755
f 1781/1427/704 1780/1468/745 1803/1474/751 1804/1479/756
f 1796/1431/708 1795/1470/747 1818/1476/753 1819/1480/757
f 1789/1435/712 1788/1472/749 1811/1478/755 1812/1481/758
f 1782/1428/705 1781/1427/704 1804/1479/756 1805/1482/759
f 1797/1432/709 1796/1431/708 1819/1480/757 1820/1483/760
f 1790/1436/713 1789/1435/712 1812/1481/758 1813/1484/761
f 1783/1438/715 1782/1428/705 1805/1482/759 1806/1485/762
f 1798/1440/717 1797/1432/709 1820/1483/760 1821/1486/763
f 1791/1442/719 1790/1436/713 1813/1484/761 1814/1487/764
f 1784/1444/721 1783/1438/715 1806/1485/762 1807/1488/765
f 1799/1446/723 1798/1440/717 1821/1486/763 1822/1489/766
f 1792/1448/725 1791/1442/719 1814/1487/764 1815/1490/767
f 1785/1450/727 1784/1444/721 1807/1488/765 1808/1491/768
f 1800/1452/729 1799/1446/723 1822/1489/766 1823/1492/769
f 1793/1454/731 1792/1448/725 1815/1490/767 1816/1493/770
f 1786/1456/733 1785/1450/727 1808/1491/768 1809/1494/771
f 1801/1458/735 1800/1452/729 1823/1492/769 1824/1495/772
f 1779/1461/738 2470/1496/737 1802/1473/750
f 1794/1463/740 1793/1454/731 1816/1493/770 1817/1475/752
f 1787/1465/742 1786/1456/733 1809/1494/771 1810/1477/754
f 2423/1497/743 1801/1458/735 1824/1495/772
f 1806/1485/762 1805/1482/759 1828/1498/773 1829/1499/774
f 1821/1486/763 1820/1483/760 1843/1500/775 1844/1501/776
f 1814/1487/764 1813/1484/761 1836/1502/777 1837/1503/778
f 1807/1488/765 1806/1485/762 1829/1499/774 1830/1504/779
f 1822/1489/766 1821/1486/763 1844/1501/776 1845/1505/780
f 1815/1490/767 1814/1487/764 1837/1503/778 1838/1506/781
f 1808/1491/768 1807/1488/765 1830/1504/779 1831/1507/782
f 1823/1492/769 1822/1489/766 1845/1505/780 1846/1508/783
f 1816/1493/770 1815/1490/767 1838/1506/781 1839/1509/784
f 1809/1494/771 1808/1491/768 1831/1507/782 1832/1510/785
f 1824/1495/772 1823/1492/769 1846/1508/783 1847/1511/786
f 1802/1473/750 2470/1512/737 1825/1513/787
f 1817/1475/752 1816/1493/770 1839/1509/784 1840/1514/788
f 1810/1477/754 1809/1494/771 1832/1510/785 1833/1515/789
f 2423/1516/743 1824/1495/772 1847/1511/786
f 1803/1474/751 1802/1473/750 1825/1513/787 1826/1517/790
f 1818/1476/753 1817/1475/752 1840/1514/788 1841/1518/791
f 1811/1478/755 1810/1477/754 1833/1515/789 1834/1519/792
f 1804/1479/756 1803/1474/751 1826/1517/790 1827/1520/793
f 1819/1480/757 1818/1476/753 1841/1518/791 1842/1521/794
f 1812/1481/758 1811/1478/755 1834/1519/792 1835/1522/795
f 1805/1482/759 1804/1479/756 1827/1520/793 1828/1498/773
f 1820/1483/760 1819/1480/757 1842/1521/794 1843/1500/775
f 1813/1484/761 1812/1481/758 1835/1522/795 1836/1502/777
f 1839/1509/784 1838/1506/781 1861/1523/796 1862/1524/797
f 1832/1510/785 1831/1507/782 1854/1525/798 1855/1526/799
f 1847/1511/786 1846/1508/783 1869/1527/800 1870/1528/801
f 1825/1513/787 2470/1529/737 1848/1530/802
f 1840/1514/788 1839/1509/784 1862/1524/797 1863/1531/803
f 1833/1515/789 1832/1510/785 1855/1526/799 1856/1532/804
f 2423/1533/743 1847/1511/786 1870/1528/801
f 1826/1517/790 1825/1513/787 1848/1530/802 1849/1534/805
f 1841/1518/791 1840/1514/788 1863/1531/803 1864/1535/806
f 1834/1519/792 1833/1515/789 1856/1532/804 1857/1536/807
f 1827/1520/793 1826/1517/790 1849/1534/805 1850/1537/808
f 1842/1521/794 1841/1518/791 1864/1535/806 1865/1538/809
f 1835/1522/795 1834/1519/792 1857/1536/807 1858/1539/810
f 1828/1498/773 1827/1520/793 1850/1537/808 1851/1540/811
f 1843/1500/775 1842/1521/794 1865/1538/809 1866/1541/812
f 1836/1502/777 1835/1522/795 1858/1539/810 1859/1542/813
f 1829/1499/774 1828/1498/773 1851/1540/811 1852/1543/814
f 1844/1501/776 1843/1500/775 1866/1541/812 1867/1544/815
f 1837/1503/778 1836/1502/777 1859/1542/813 1860/1545/816
f 1830/1504/779 1829/1499/774 1852/1543/814 1853/1546/817
f 1845/1505/780 1844/1501/776 1867/1544/815 1868/1547/818
f 1838/1506/781 1837/1503/778 1860/1545/816 1861/1523/796
f 1831/1507/782 1830/1504/779 1853/1546/817 1854/1525/798
f 1846/1508/783 1845/1505/780 1868/1547/818 1869/1527/800
f 1850/1537/808 1849/1534/805 1872/1548/819 1873/1549/820
f 1865/1538/809 1864/1535/806 1887/1550/821 1888/1551/822
f 1858/1539/810 1857/1536/807 1880/1552/823 1881/1553/824
f 1851/1540/811 1850/1537/808 1873/1549/820 1874/1554/825
f 1866/1541/812 1865/1538/809 1888/1551/822 1889/1555/826
f 1859/1542/813 1858/1539/810 1881/1553/824 1882/1556/827
f 1852/1543/814 1851/1540/811 1874/1554/825 1875/1557/828
f 1867/1544/815 1866/1541/812 1889/1555/826 1890/1558/829
f 1860/1545/816 1859/1542/813 1882/1556/827 1883/1559/830
f 1853/1546/817 1852/1543/814 1875/1557/828 1876/1560/831
f 1868/1547/818 1867/1544/815 1890/1558/829 1891/1561/832
f 1861/1523/796 1860/1545/816 1883/1559/830 1884/1562/833
f 1854/1525/798 1853/1546/817 1876/1560/831 1877/1563/834
f 1869/1527/800 1868/1547/818 1891/1561/832 1892/1564/835
f 1862/1524/797 1861/1523/796 1884/1562/833 1885/1565/836
f 1855/1526/799 1854/1525/798 1877/1563/834 1878/1566/837
f 1870/1528/801 1869/1527/800 1892/1564/835 1893/1567/838
f 1848/1530/802 2470/1568/737 1871/1569/839
f 1863/1531/803 1862/1524/797 1885/1565/836 1886/1570/840
f 1856/1532/804 1855/1526/799 1878/1566/837 1879/1571/841
f 2423/1572/743 1870/1528/801 1893/1567/838
f 1849/1534/805 1848/1530/802 1871/1569/839 1872/1548/819
f 1864/1535/806 1863/1531/803 1886/1570/840 1887/1550/821
f 1857/1536/807 1856/1532/804 1879/1571/841 1880/1552/823
f 1876/1560/831 1875/1557/828 1898/1573/842 1899/1574/843
f 1891/1561/832 1890/1558/829 1913/1575/844 1914/1576/845
f 1884/1562/833 1883/1559/830 1906/1577/846 1907/1578/847
f 1877/1563/834 1876/1560/831 1899/1574/843 1900/1579/848
f 1892/1564/835 1891/1561/832 1914/1576/845 1915/1580/849
f 1885/1565/836 1884/1562/833 1907/1578/847 1908/1581/850
f 1878/1566/837 1877/1563/834 1900/1579/848 1901/1582/851
f 1893/1567/838 1892/1564/835 1915/1580/849 1916/1583/852
f 1871/1569/839 2470/1584/737 1894/1585/853
f 1886/1570/840 1885/1565/836 1908/1581/850 1909/1586/854
f 1879/1571/841 1878/1566/837 1901/1582/851 1902/1587/855
f 2423/1588/743 1893/1567/838 1916/1583/852
f 1872/1548/819 1871/1569/839 1894/1585/853 1895/1589/856
f 1887/1550/821 1886/1570/840 1909/1586/854 1910/1590/857
f 1880/1552/823 1879/1571/841 1902/1587/855 1903/1591/858
f 1873/1549/820 1872/1548/819 1895/1589/856 1896/1592/859
f 1888/1551/822 1887/1550/821 1910/1590/857 1911/1593/860
f 1881/1553/824 1880/1552/823 1903/1591/858 1904/1594/861
f 1874/1554/825 1873/1549/820 1896/1592/859 1897/1595/862
f 1889/1555/826 1888/1551/822 1911/1593/860 1912/1596/863
f 1882/1556/827 1881/1553/824 1904/1594/861 1905/1597/864
f 1875/1557/828 1874/1554/825 1897/1595/862 1898/1573/842
f 1890/1558/829 1889/1555/826 1912/1596/863 1913/1575/844
f 1883/1559/830 1882/1556/827 1905/1597/864 1906/1577/846
f 1909/1586/854 1908/1581/850 1931/1598/865 1932/1599/866
f 1902/1587/855 1901/1582/851 1924/1600/867 1925/1601/868
f 2423/1602/743 1916/1583/852 1939/1603/869
f 1895/1589/856 1894/1585/853 1917/1604/870 1918/1605/871
f 1910/1590/857 1909/1586/854 1932/1599/866 1933/1606/872
f 1903/1591/858 1902/1587/855 1925/1601/868 1926/1607/873
f 1896/1592/859 1895/1589/856 1918/1605/871 1919/1608/874
f 1911/1593/860 1910/1590/857 1933/1606/872 1934/1609/875
f 1904/1594/861 1903/1591/858 1926/1607/873 1927/1610/876
f 1897/1595/862 1896/1592/859 1919/1608/874 1920/1611/877
f 1912/1596/863 1911/1593/860 1934/1609/875 1935/1612/878
f 1905/1597/864 1904/1594/861 1927/1610/876 1928/1613/879
f 1898/1573/842 1897/1595/862 1920/1611/877 1921/1614/880
f 1913/1575/844 1912/1596/863 1935/1612/878 1936/1615/881
f 1906/1577/846 1905/1597/864 1928/1613/879 1929/1616/882
f 1899/1574/843 1898/1573/842 1921/1614/880 1922/1617/883
f 1914/1576/845 1913/1575/844 1936/1615/881 1937/1618/884
f 1907/1578/847 1906/1577/846 1929/1616/882 1930/1619/885
f 1900/1579/848 1899/1574/843 1922/1617/883 1923/1620/886
f 1915/1580/849 1914/1576/845 1937/1618/884 1938/1621/887
f 1908/1581/850 1907/1578/847 1930/1619/885 1931/1598/865
f 1901/1582/851 1900/1579/848 1923/1620/886 1924/1600/867
f 1916/1583/852 1915/1580/849 1938/1621/887 1939/1603/869
f 1894/1585/853 2470/1622/737 1917/1604/870
f 1920/1611/877 1919/1608/874 1942/1623/888 1943/1624/889
f 1935/1612/878 1934/1609/875 1957/1625/890 1958/1626/891
f 1928/1613/879 1927/1610/876 1950/1627/892 1951/1628/893
f 1921/1614/880 1920/1611/877 1943/1624/889 1944/1629/894
f 1936/1615/881 1935/1612/878 1958/1626/891 1959/1630/895
f 1929/1616/882 1928/1613/879 1951/1628/893 1952/1631/896
f 1922/1617/883 1921/1614/880 1944/1629/894 1945/1632/897
f 1937/1618/884 1936/1615/881 1959/1630/895 1960/1633/898
f 1930/1619/885 1929/1616/882 1952/1631/896 1953/1634/899
f 1923/1620/886 1922/1617/883 1945/1632/897 1946/1635/900
f 1938/1621/887 1937/1618/884 1960/1633/898 1961/1636/901
f 1931/1598/865 1930/1619/885 1953/1634/899 1954/1637/902
f 1924/1600/867 1923/1620/886 1946/1635/900 1947/1638/903
f 1939/1603/869 1938/1621/887 1961/1636/901 1962/1639/904
f 1917/1604/870 2470/1640/737 1940/1641/905
f 1932/1599/866 1931/1598/865 1954/1637/902 1955/1642/906
f 1925/1601/868 1924/1600/867 1947/1638/903 1948/1643/907
f 2423/1644/743 1939/1603/869 1962/1639/904
f 1918/1605/871 1917/1604/870 1940/1641/905 1941/1645/908
f 1933/1606/872 1932/1599/866 1955/1642/906 1956/1646/909
f 1926/1607/873 1925/1601/868 1948/1643/907 1949/1647/910
f 1919/1608/874 1918/1605/871 1941/1645/908 1942/1623/888
f 1934/1609/875 1933/1606/872 1956/1646/909 1957/1625/890
f 1927/1610/876 1926/1607/873 1949/1647/910 1950/1627/892
f 1946/1635/900 1945/1632/897 1968/1648/911 1969/1649/912
f 1961/1636/901 1960/1633/898 1983/1650/913 1984/1651/914
f 1954/1637/902 1953/1634/899 1976/1652/915 1977/1653/916
f 1947/1638/903 1946/1635/900 1969/1649/912 1970/1654/917
f 1962/1639/904 1961/1636/901 1984/1651/914 1985/1655/918
f 1940/1641/905 2470/1656/737 1963/1657/919
f 1955/1642/906 1954/1637/902 1977/1653/916 1978/1658/920
f 1948/1643/907 1947/1638/903 1970/1654/917 1971/1659/921
f 2423/1660/743 1962/1639/904 1985/1655/918
f 1941/1645/908 1940/1641/905 1963/1657/919 1964/1661/922
f 1956/1646/909 1955/1642/906 1978/1658/920 1979/1662/923
f 1949/1647/910 1948/1643/907 1971/1659/921 1972/1663/924
f 1942/1623/888 1941/1645/908 1964/1661/922 1965/1664/925
f 1957/1625/890 1956/1646/909 1979/1662/923 1980/1665/926
f 1950/1627/892 1949/1647/910 1972/1663/924 1973/1666/927
f 1943/1624/889 1942/1623/888 1965/1664/925 1966/1667/928
f 1958/1626/891 1957/1625/890 1980/1665/926 1981/1668/929
f 1951/1628/893 1950/1627/892 1973/1666/927 1974/1669/930
f 1944/1629/894 1943/1624/889 1966/1667/928 1967/1670/931
f 1959/1630/895 1958/1626/891 1981/1668/929 1982/1671/932
f 1952/1631/896 1951/1628/893 1974/1669/930 1975/1672/933
f 1945/1632/897 1944/1629/894 1967/1670/931 1968/1648/911
f 1960/1633/898 1959/1630/895 1982/1671/932 1983/1650/913
f 1953/1634/899 1952/1631/896 1975/1672/933 1976/1652/915
f 1979/1662/923 1978/1658/920 2001/1673/934 2002/1674/935
f 1972/1663/924 1971/1659/921 1994/1675/936 1995/1676/937
f 1965/1664/925 1964/1661/922 1987/1677/938 1988/1678/939
f 1980/1665/926 1979/1662/923 2002/1674/935 2003/1679/940
f 1973/1666/927 1972/1663/924 1995/1676/937 1996/1680/941
f 1966/1667/928 1965/1664/925 1988/1678/939 1989/1681/942
f 1981/1668/929 1980/1665/926 2003/1679/940 2004/1682/943
f 1974/1669/930 1973/1666/927 1996/1680/941 1997/1683/944
f 1967/1670/931 1966/1667/928 1989/1681/942 1990/1684/945
f 1982/1671/932 1981/1668/929 2004/1682/943 2005/1685/946
f 1975/1672/933 1974/1669/930 1997/1683/944 1998/1686/947
f 1968/1648/911 1967/1670/931 1990/1684/945 1991/1687/948
f 1983/1650/913 1982/1671/932 2005/1685/946 2006/1688/949
f 1976/1652/915 1975/1672/933 1998/1686/947 1999/1689/950
f 1969/1649/912 1968/1648/911 1991/1687/948 1992/1690/951
f 1984/1651/914 1983/1650/913 2006/1688/949 2007/1691/952
f 1977/1653/916 1976/1652/915 1999/1689/950 2000/1692/953
f 1970/1654/917 1969/1649/912 1992/1690/951 1993/1693/954
f 1985/1655/918 1984/1651/914 2007/1691/952 2008/1694/955
f 1963/1657/919 2470/1695/737 1986/1696/956
f 1978/1658/920 1977/1653/916 2000/1692/953 2001/1673/934
f 1971/1659/921 1970/1654/917 1993/1693/954 1994/1675/936
f 2423/1697/743 1985/1655/918 2008/1694/955
f 1964/1661/922 1963/1657/919 1986/1696/956 1987/1677/938
f 1990/1684/945 1989/1681/942 2012/1698/957 2013/1699/958
f 2005/1685/946 2004/1682/943 2027/1700/959 2028/1701/960
f 1998/1686/947 1997/1683/944 2020/1702/961 2021/1703/962
f 1991/1687/948 1990/1684/945 2013/1699/958 2014/1704/963
f 2006/1688/949 2005/1685/946 2028/1701/960 2029/1705/964
f 1999/1689/950 1998/1686/947 2021/1703/962 2022/1706/965
f 1992/1690/951 1991/1687/948 2014/1704/963 2015/1707/966
f 2007/1691/952 2006/1688/949 2029/1705/964 2030/1708/967
f 2000/1692/953 1999/1689/950 2022/1706/965 2023/1709/968
f 1993/1693/954 1992/1690/951 2015/1707/966 2016/1710/969
f 2008/1694/955 2007/1691/952 2030/1708/967 2031/1711/970
f 1986/1696/956 2470/1712/737 2009/1713/971
f 2001/1673/934 2000/1692/953 2023/1709/968 2024/1714/972
f 1994/1675/936 1993/1693/954 2016/1710/969 2017/1715/973
f 2423/1716/743 2008/1694/955 2031/1711/970
f 1987/1677/938 1986/1696/956 2009/1713/971 2010/1717/974
f 2002/1674/935 2001/1673/934 2024/1714/972 2025/1718/975
f 1995/1676/937 1994/1675/936 2017/1715/973 2018/1719/976
f 1988/1678/939 1987/1677/938 2010/1717/974 2011/1720/977
f 2003/1679/940 2002/1674/935 2025/1718/975 2026/1721/978
f 1996/1680/941 1995/1676/937 2018/1719/976 2019/1722/979
f 1989/1681/942 1988/1678/939 2011/1720/977 2012/1698/957
f 2004/1682/943 2003/1679/940 2026/1721/978 2027/1700/959
f 1997/1683/944 1996/1680/941 2019/1722/979 2020/1702/961
f 2016/1710/969 2015/1707/966 2038/1723/980 2039/1724/981
f 2031/1711/970 2030/1708/967 2053/1725/982 2054/1726/983
f 2009/1713/971 2470/1727/737 2032/1728/984
f 2024/1714/972 2023/1709/968 2046/1729/985 2047/1730/986
f 2017/1715/973 2016/1710/969 2039/1724/981 2040/1731/987
f 2423/1732/743 2031/1711/970 2054/1726/983
f 2010/1717/974 2009/1713/971 2032/1728/984 2033/1733/988
f 2025/1718/975 2024/1714/972 2047/1730/986 2048/1734/989
f 2018/1719/976 2017/1715/973 2040/1731/987 2041/1735/990
f 2011/1720/977 2010/1717/974 2033/1733/988 2034/1736/991
f 2026/1721/978 2025/1718/975 2048/1734/989 2049/1737/992
f 2019/1722/979 2018/1719/976 2041/1735/990 2042/1738/993
f 2012/1698/957 2011/1720/977 2034/1736/991 2035/1739/994
f 2027/1700/959 2026/1721/978 2049/1737/992 2050/1740/995
f 2020/1702/961 2019/1722/979 2042/1738/993 2043/1741/996
f 2013/1699/958 2012/1698/957 2035/1739/994 2036/1742/997
f 2028/1701/960 2027/1700/959 2050/1740/995 2051/1743/998
f 2021/1703/962 2020/1702/961 2043/1741/996 2044/1744/999
f 2014/1704/963 2013/1699/958 2036/1742/997 2037/1745/1000
f 2029/1705/964 2028/1701/960 2051/1743/998 2052/1746/1001
f 2022/1706/965 2021/1703/962 2044/1744/999 2045/1747/1002
f 2015/1707/966 2014/1704/963 2037/1745/1000 2038/1723/980
f 2030/1708/967 2029/1705/964 2052/1746/1001 2053/1725/982
f 2023/1709/968 2022/1706/965 2045/1747/1002 2046/1729/985
f 2049/1737/992 2048/1734/989 2071/1748/1003 2072/1749/1004
f 2042/1738/993 2041/1735/990 2064/1750/1005 2065/1751/1006
f 2035/1739/994 2034/1736/991 2057/1752/1007 2058/1753/1008
f 2050/1740/995 2049/1737/992 2072/1749/1004 2073/1754/1009
f 2043/1741/996 2042/1738/993 2065/1751/1006 2066/1755/1010
f 2036/1742/997 2035/1739/994 2058/1753/1008 2059/1756/1011
f 2051/1743/998 2050/1740/995 2073/1754/1009 2074/1757/1012
f 2044/1744/999 2043/1741/996 2066/1755/1010 2067/1758/1013
f 2037/1745/1000 2036/1742/997 2059/1756/1011 2060/1759/1014
f 2052/1746/1001 2051/1743/998 2074/1757/1012 2075/1760/1015
f 2045/1747/1002 2044/1744/999 2067/1758/1013 2068/1761/1016
f 2038/1723/980 2037/1745/1000 2060/1759/1014 2061/1762/1017
f 2053/1725/982 2052/1746/1001 2075/1760/1015 2076/1763/1018
f 2046/1729/985 2045/1747/1002 2068/1761/1016 2069/1764/1019
f 2039/1724/981 2038/1723/980 2061/1762/1017 2062/1765/1020
f 2054/1726/983 2053/1725/982 2076/1763/1018 2077/1766/1021
f 2032/1728/984 2470/1767/737 2055/1768/1022
f 2047/1730/986 2046/1729/985 2069/1764/1019 2070/1769/1023
f 2040/1731/987 2039/1724/981 2062/1765/1020 2063/1770/1024
f 2423/1771/743 2054/1726/983 2077/1766/1021
f 2033/1733/988 2032/1728/984 2055/1768/1022 2056/1772/1025
f 2048/1734/989 2047/1730/986 2070/1769/1023 2071/1748/1003
f 2041/1735/990 2040/1731/987 2063/1770/1024 2064/1750/1005
f 2034/1736/991 2033/1733/988 2056/1772/1025 2057/1752/1007
f 2060/1759/1014 2059/1756/1011 2082/1773/1026 2083/1774/1027
f 2075/1760/1015 2074/1757/1012 2097/1775/1028 2098/1776/1029
f 2068/1761/1016 2067/1758/1013 2090/1777/1030 2091/1778/1031
f 2061/1762/1017 2060/1759/1014 2083/1774/1027 2084/1779/1032
f 2076/1763/1018 2075/1760/1015 2098/1776/1029 2099/1780/1033
f 2069/1764/1019 2068/1761/1016 2091/1778/1031 2092/1781/1034
f 2062/1765/1020 2061/1762/1017 2084/1779/1032 2085/1782/1035
f 2077/1766/1021 2076/1763/1018 2099/1780/1033 2100/1783/1036
f 2055/1768/1022 2470/1784/737 2078/1785/1037
f 2070/1769/1023 2069/1764/1019 2092/1781/1034 2093/1786/1038
f 2063/1770/1024 2062/1765/1020 2085/1782/1035 2086/1787/1039
f 2423/1788/743 2077/1766/1021 2100/1783/1036
f 2056/1772/1025 2055/1768/1022 2078/1785/1037 2079/1789/1040
f 2071/1748/1003 2070/1769/1023 2093/1786/1038 2094/1790/1041
f 2064/1750/1005 2063/1770/1024 2086/1787/1039 2087/1791/1042
f 2057/1752/1007 2056/1772/1025 2079/1789/1040 2080/1792/1043
f 2072/1749/1004 2071/1748/1003 2094/1790/1041 2095/1793/1044
f 2065/1751/1006 2064/1750/1005 2087/1791/1042 2088/1794/1045
f 2058/1753/1008 2057/1752/1007 2080/1792/1043 2081/1795/1046
f 2073/1754/1009 2072/1749/1004 2095/1793/1044 2096/1796/1047
f 2066/1755/1010 2065/1751/1006 2088/1794/1045 2089/1797/1048
f 2059/1756/1011 2058/1753/1008 2081/1795/1046 2082/1773/1026
f 2074/1757/1012 2073/1754/1009 2096/1796/1047 2097/1775/1028
f 2067/1758/1013 2066/1755/1010 2089/1797/1048 2090/1777/1030
f 2086/1787/1039 2085/1782/1035 2108/1798/1049 2109/1799/1050
f 2423/1800/743 2100/1783/1036 2123/1801/1051
f 2079/1789/1040 2078/1785/1037 2101/1802/1052 2102/1803/1053
f 2094/1790/1041 2093/1786/1038 2116/1804/1054 2117/1805/1055
f 2087/1791/1042 2086/1787/1039 2109/1799/1050 2110/1806/1056
f 2080/1792/1043 2079/1789/1040 2102/1803/1053 2103/1807/1057
f 2095/1793/1044 2094/1790/1041 2117/1805/1055 2118/1808/1058
f 2088/1794/1045 2087/1791/1042 2110/1806/1056 2111/1809/1059
f 2081/1795/1046 2080/1792/1043 2103/1807/1057 2104/1810/1060
f 2096/1796/1047 2095/1793/1044 2118/1808/1058 2119/1811/1061
f 2089/1797/1048 2088/1794/1045 2111/1809/1059 2112/1812/1062
f 2082/1773/1026 2081/1795/1046 2104/1810/1060 2105/1813/1063
f 2097/1775/1028 2096/1796/1047 2119/1811/1061 2120/1814/1064
f 2090/1777/1030 2089/1797/1048 2112/1812/1062 2113/1815/1065
f 2083/1774/1027 2082/1773/1026 2105/1813/1063 2106/1816/1066
f 2098/1776/1029 2097/1775/1028 2120/1814/1064 2121/1817/1067
f 2091/1778/1031 2090/1777/1030 2113/1815/1065 2114/1818/1068
f 2084/1779/1032 2083/1774/1027 2106/1816/1066 2107/1819/1069
f 2099/1780/1033 2098/1776/1029 2121/1817/1067 2122/1820/1070
f 2092/1781/1034 2091/1778/1031 2114/1818/1068 2115/1821/1071
f 2085/1782/1035 2084/1779/1032 2107/1819/1069 2108/1798/1049
f 2100/1783/1036 2099/1780/1033 2122/1820/1070 2123/1801/1051
f 2078/1785/1037 2470/1822/737 2101/1802/1052
f 2093/1786/1038 2092/1781/1034 2115/1821/1071 2116/1804/1054
f 2119/1811/1061 2118/1808/1058 2141/1823/1072 2142/1824/1073
f 2112/1812/1062 2111/1809/1059 2134/1825/1074 2135/1826/1075
f 2105/1813/1063 2104/1810/1060 2127/1827/1076 2128/1828/1077
f 2120/1814/1064 2119/1811/1061 2142/1824/1073 2143/1829/1078
f 2113/1815/1065 2112/1812/1062 2135/1826/1075 2136/1830/1079
f 2106/1816/1066 2105/1813/1063 2128/1828/1077 2129/1831/1080
f 2121/1817/1067 2120/1814/1064 2143/1829/1078 2144/1832/1081
f 2114/1818/1068 2113/1815/1065 2136/1830/1079 2137/1833/1082
f 2107/1819/1069 2106/1816/1066 2129/1831/1080 2130/1834/1083
f 2122/1820/1070 2121/1817/1067 2144/1832/1081 2145/1835/1084
f 2115/1821/1071 2114/1818/1068 2137/1833/1082 2138/1836/1085
f 2108/1798/1049 2107/1819/1069 2130/1834/1083 2131/1837/1086
f 2123/1801/1051 2122/1820/1070 2145/1835/1084 2146/1838/1087
f 2101/1802/1052 2470/1839/737 2124/1840/1088
f 2116/1804/1054 2115/1821/1071 2138/1836/1085 2139/1841/1089
f 2109/1799/1050 2108/1798/1049 2131/1837/1086 2132/1842/1090
f 2423/1843/743 2123/1801/1051 2146/1838/1087
f 2102/1803/1053 2101/1802/1052 2124/1840/1088 2125/1844/1091
f 2117/1805/1055 2116/1804/1054 2139/1841/1089 2140/1845/1092
f 2110/1806/1056 2109/1799/1050 2132/1842/1090 2133/1846/1093
f 2103/1807/1057 2102/1803/1053 2125/1844/1091 2126/1847/1094
f 2118/1808/1058 2117/1805/1055 2140/1845/1092 2141/1823/1072
f 2111/1809/1059 2110/1806/1056 2133/1846/1093 2134/1825/1074
f 2104/1810/1060 2103/1807/1057 2126/1847/1094 2127/1827/1076
f 2130/1834/1083 2129/1831/1080 2152/1848/1095 2153/1849/1096
f 2145/1835/1084 2144/1832/1081 2167/1850/1097 2168/1851/1098
f 2138/1836/1085 2137/1833/1082 2160/1852/1099 2161/1853/1100
f 2131/1837/1086 2130/1834/1083 2153/1849/1096 2154/1854/1101
f 2146/1838/1087 2145/1835/1084 2168/1851/1098 2169/1855/1102
f 2124/1840/1088 2470/1856/737 2147/1857/1103
f 2139/1841/1089 2138/1836/1085 2161/1853/1100 2162/1858/1104
f 2132/1842/1090 2131/1837/1086 2154/1854/1101 2155/1859/1105
f 2423/1860/743 2146/1838/1087 2169/1855/1102
f 2125/1844/1091 2124/1840/1088 2147/1857/1103 2148/1861/1106
f 2140/1845/1092 2139/1841/1089 2162/1858/1104 2163/1862/1107
f 2133/1846/1093 2132/1842/1090 2155/1859/1105 2156/1863/1108
f 2126/1847/1094 2125/1844/1091 2148/1861/1106 2149/1864/1109
f 2141/1823/1072 2140/1845/1092 2163/1862/1107 2164/1865/1110
f 2134/1825/1074 2133/1846/1093 2156/1863/1108 2157/1866/1111
f 2127/1827/1076 2126/1847/1094 2149/1864/1109 2150/1867/1112
f 2142/1824/1073 2141/1823/1072 2164/1865/1110 2165/1868/1113
f 2135/1826/1075 2134/1825/1074 2157/1866/1111 2158/1869/1114
f 2128/1828/1077 2127/1827/1076 2150/1867/1112 2151/1870/1115
f 2143/1829/1078 2142/1824/1073 2165/1868/1113 2166/1871/1116
f 2136/1830/1079 2135/1826/1075 2158/1869/1114 2159/1872/1117
f 2129/1831/1080 2128/1828/1077 2151/1870/1115 2152/1848/1095
f 2144/1832/1081 2143/1829/1078 2166/1871/1116 2167/1850/1097
f 2137/1833/1082 2136/1830/1079 2159/1872/1117 2160/1852/1099
f 2156/1863/1108 2155/1859/1105 2178/1873/1118 2179/1874/1119
f 2149/1864/1109 2148/1861/1106 2171/1875/1120 2172/1876/1121
f 2164/1865/1110 2163/1862/1107 2186/1877/1122 2187/1878/1123
f 2157/1866/1111 2156/1863/1108 2179/1874/1119 2180/1879/1124
f 2150/1867/1112 2149/1864/1109 2172/1876/1121 2173/1880/1125
f 2165/1868/1113 2164/1865/1110 2187/1878/1123 2188/1881/1126
f 2158/1869/1114 2157/1866/1111 2180/1879/1124 2181/1882/1127
f 2151/1870/1115 2150/1867/1112 2173/1880/1125 2174/1883/1128
f 2166/1871/1116 2165/1868/1113 2188/1881/1126 2189/1884/1129
f 2159/1872/1117 2158/1869/1114 2181/1882/1127 2182/1885/1130
f 2152/1848/1095 2151/1870/1115 2174/1883/1128 2175/1886/1131
f 2167/1850/1097 2166/1871/1116 2189/1884/1129 2190/1887/1132
f 2160/1852/1099 2159/1872/1117 2182/1885/1130 2183/1888/1133
f 2153/1849/1096 2152/1848/1095 2175/1886/1131 2176/1889/1134
f 2168/1851/1098 2167/1850/1097 2190/1887/1132 2191/1890/1135
f 2161/1853/1100 2160/1852/1099 2183/1888/1133 2184/1891/1136
f 2154/1854/1101 2153/1849/1096 2176/1889/1134 2177/1892/1137
f 2169/1855/1102 2168/1851/1098 2191/1890/1135 2192/1893/1138
f 2147/1857/1103 2470/1894/737 2170/1895/1139
f 2162/1858/1104 2161/1853/1100 2184/1891/1136 2185/1896/1140
f 2155/1859/1105 2154/1854/1101 2177/1892/1137 2178/1873/1118
f 2423/1897/743 2169/1855/1102 2192/1893/1138
f 2148/1861/1106 2147/1857/1103 2170/1895/1139 2171/1875/1120
f 2163/1862/1107 2162/1858/1104 2185/1896/1140 2186/1877/1122
f 2189/1884/1129 2188/1881/1126 2211/1898/1141 2212/1899/1142
f 2182/1885/1130 2181/1882/1127 2204/1900/1143 2205/1901/1144
f 2175/1886/1131 2174/1883/1128 2197/1902/1145 2198/1903/1146
f 2190/1887/1132 2189/1884/1129 2212/1899/1142 2213/1904/1147
f 2183/1888/1133 2182/1885/1130 2205/1901/1144 2206/1905/1148
f 2176/1889/1134 2175/1886/1131 2198/1903/1146 2199/1906/1149
f 2191/1890/1135 2190/1887/1132 2213/1904/1147 2214/1907/1150
f 2184/1891/1136 2183/1888/1133 2206/1905/1148 2207/1908/1151
f 2177/1892/1137 2176/1889/1134 2199/1906/1149 2200/1909/1152
f 2192/1893/1138 2191/1890/1135 2214/1907/1150 2215/1910/1153
f 2170/1895/1139 2470/1911/737 2193/1912/1154
f 2185/1896/1140 2184/1891/1136 2207/1908/1151 2208/1913/1155
f 2178/1873/1118 2177/1892/1137 2200/1909/1152 2201/1914/1156
f 2423/1915/743 2192/1893/1138 2215/1910/1153
f 2171/1875/1120 2170/1895/1139 2193/1912/1154 2194/1916/1157
f 2186/1877/1122 2185/1896/1140 2208/1913/1155 2209/1917/1158
f 2179/1874/1119 2178/1873/1118 2201/1914/1156 2202/1918/1159
f 2172/1876/1121 2171/1875/1120 2194/1916/1157 2195/1919/1160
f 2187/1878/1123 2186/1877/1122 2209/1917/1158 2210/1920/1161
f 2180/1879/1124 2179/1874/1119 2202/1918/1159 2203/1921/1162
f 2173/1880/1125 2172/1876/1121 2195/1919/1160 2196/1922/1163
f 2188/1881/1126 2187/1878/1123 2210/1920/1161 2211/1898/1141
f 2181/1882/1127 2180/1879/1124 2203/1921/1162 2204/1900/1143
f 2174/1883/1128 2173/1880/1125 2196/1922/1163 2197/1902/1145
f 2200/1909/1152 2199/1906/1149 2222/1923/1164 2223/1924/1165
f 2215/1910/1153 2214/1907/1150 2237/1925/1166 2238/1926/1167
f 2193/1912/1154 2470/1927/737 2216/1928/1168
f 2208/1913/1155 2207/1908/1151 2230/1929/1169 2231/1930/1170
f 2201/1914/1156 2200/1909/1152 2223/1924/1165 2224/1931/1171
f 2423/1932/743 2215/1910/1153 2238/1926/1167
f 2194/1916/1157 2193/1912/1154 2216/1928/1168 2217/1933/1172
f 2209/1917/1158 2208/1913/1155 2231/1930/1170 2232/1934/1173
f 2202/1918/1159 2201/1914/1156 2224/1931/1171 2225/1935/1174
f 2195/1919/1160 2194/1916/1157 2217/1933/1172 2218/1936/1175
f 2210/1920/1161 2209/1917/1158 2232/1934/1173 2233/1937/1176
f 2203/1921/1162 2202/1918/1159 2225/1935/1174 2226/1938/1177
f 2196/1922/1163 2195/1919/1160 2218/1936/1175 2219/1939/1178
f 2211/1898/1141 2210/1920/1161 2233/1937/1176 2234/1940/1179
f 2204/1900/1143 2203/1921/1162 2226/1938/1177 2227/1941/1180
f 2197/1902/1145 2196/1922/1163 2219/1939/1178 2220/1942/1181
f 2212/1899/1142 2211/1898/1141 2234/1940/1179 2235/1943/1182
f 2205/1901/1144 2204/1900/1143 2227/1941/1180 2228/1944/1183
f 2198/1903/1146 2197/1902/1145 2220/1942/1181 2221/1945/1184
f 2213/1904/1147 2212/1899/1142 2235/1943/1182 2236/1946/1185
f 2206/1905/1148 2205/1901/1144 2228/1944/1183 2229/1947/1186
f 2199/1906/1149 2198/1903/1146 2221/1945/1184 2222/1923/1164
f 2214/1907/1150 2213/1904/1147 2236/1946/1185 2237/1925/1166
f 2207/1908/1151 2206/1905/1148 2229/1947/1186 2230/1929/1169
f 2226/1938/1177 2225/1935/1174 2248/1948/1187 2249/1949/1188
f 2219/1939/1178 2218/1936/1175 2241/1950/1189 2242/1951/1190
f 2234/1940/1179 2233/1937/1176 2256/1952/1191 2257/1953/1192
f 2227/1941/1180 2226/1938/1177 2249/1949/1188 2250/1954/1193
f 2220/1942/1181 2219/1939/1178 2242/1951/1190 2243/1955/1194
f 2235/1943/1182 2234/1940/1179 2257/1953/1192 2258/1956/1195
f 2228/1944/1183 2227/1941/1180 2250/1954/1193 2251/1957/1196
f 2221/1945/1184 2220/1942/1181 2243/1955/1194 2244/1958/1197
f 2236/1946/1185 2235/1943/1182 2258/1956/1195 2259/1959/1198
f 2229/1947/1186 2228/1944/1183 2251/1957/1196 2252/1960/1199
f 2222/1923/1164 2221/1945/1184 2244/1958/1197 2245/1961/1200
f 2237/1925/1166 2236/1946/1185 2259/1959/1198 2260/1962/1201
f 2230/1929/1169 2229/1947/1186 2252/1960/1199 2253/1963/1202
f 2223/1924/1165 2222/1923/1164 2245/1961/1200 2246/1964/1203
f 2238/1926/1167 2237/1925/1166 2260/1962/1201 2261/1965/1204
f 2216/1928/1168 2470/1966/737 2239/1967/1205
f 2231/1930/1170 2230/1929/1169 2253/1963/1202 2254/1968/1206
f 2224/1931/1171 2223/1924/1165 2246/1964/1203 2247/1969/1207
f 2423/1970/743 2238/1926/1167 2261/1965/1204
f 2217/1933/1172 2216/1928/1168 2239/1967/1205 2240/1971/1208
f 2232/1934/1173 2231/1930/1170 2254/1968/1206 2255/1972/1209
f 2225/1935/1174 2224/1931/1171 2247/1969/1207 2248/1948/1187
f 2218/1936/1175 2217/1933/1172 2240/1971/1208 2241/1950/1189
f 2233/1937/1176 2232/1934/1173 2255/1972/1209 2256/1952/1191
f 2259/1959/1198 2258/1956/1195 2281/1973/1210 2282/1974/1211
f 2252/1960/1199 2251/1957/1196 2274/1975/1212 2275/1976/1213
f 2245/1961/1200 2244/1958/1197 2267/1977/1214 2268/1978/1215
f 2260/1962/1201 2259/1959/1198 2282/1974/1211 2283/1979/1216
f 2253/1963/1202 2252/1960/1199 2275/1976/1213 2276/1980/1217
f 2246/1964/1203 2245/1961/1200 2268/1978/1215 2269/1981/1218
f 2261/1965/1204 2260/1962/1201 2283/1979/1216 2284/1982/1219
f 2239/1967/1205 2470/1983/737 2262/1984/1220
f 2254/1968/1206 2253/1963/1202 2276/1980/1217 2277/1985/1221
f 2247/1969/1207 2246/1964/1203 2269/1981/1218 2270/1986/1222
f 2423/1987/743 2261/1965/1204 2284/1982/1219
f 2240/1971/1208 2239/1967/1205 2262/1984/1220 2263/1988/1223
f 2255/1972/1209 2254/1968/1206 2277/1985/1221 2278/1989/1224
f 2248/1948/1187 2247/1969/1207 2270/1986/1222 2271/1990/1225
f 2241/1950/1189 2240/1971/1208 2263/1988/1223 2264/1991/1226
f 2256/1952/1191 2255/1972/1209 2278/1989/1224 2279/1992/1227
f 2249/1949/1188 2248/1948/1187 2271/1990/1225 2272/1993/1228
f 2242/1951/1190 2241/1950/1189 2264/1991/1226 2265/1994/1229
f 2257/1953/1192 2256/1952/1191 2279/1992/1227 2280/1995/1230
f 2250/1954/1193 2249/1949/1188 2272/1993/1228 2273/1996/1231
f 2243/1955/1194 2242/1951/1190 2265/1994/1229 2266/1997/1232
f 2258/1956/1195 2257/1953/1192 2280/1995/1230 2281/1973/1210
f 2251/1957/1196 2250/1954/1193 2273/1996/1231 2274/1975/1212
f 2244/1958/1197 2243/1955/1194 2266/1997/1232 2267/1977/1214
f 2270/1986/1222 2269/1981/1218 2292/1998/1233 2293/1999/1234
f 2423/2000/743 2284/1982/1219 2307/2001/1235
f 2263/1988/1223 2262/1984/1220 2285/2002/1236 2286/2003/1237
f 2278/1989/1224 2277/1985/1221 2300/2004/1238 2301/2005/1239
f 2271/1990/1225 2270/1986/1222 2293/1999/1234 2294/2006/1240
f 2264/1991/1226 2263/1988/1223 2286/2003/1237 2287/2007/1241
f 2279/1992/1227 2278/1989/1224 2301/2005/1239 2302/2008/1242
f 2272/1993/1228 2271/1990/1225 2294/2006/1240 2295/2009/1243
f 2265/1994/1229 2264/1991/1226 2287/2007/1241 2288/2010/1244
f 2280/1995/1230 2279/1992/1227 2302/2008/1242 2303/2011/1245
f 2273/1996/1231 2272/1993/1228 2295/2009/1243 2296/2012/1246
f 2266/1997/1232 2265/1994/1229 2288/2010/1244 2289/2013/1247
f 2281/1973/1210 2280/1995/1230 2303/2011/1245 2304/2014/1248
f 2274/1975/1212 2273/1996/1231 2296/2012/1246 2297/2015/1249
f 2267/1977/1214 2266/1997/1232 2289/2013/1247 2290/2016/1250
f 2282/1974/1211 2281/1973/1210 2304/2014/1248 2305/2017/1251
f 2275/1976/1213 2274/1975/1212 2297/2015/1249 2298/2018/1252
f 2268/1978/1215 2267/1977/1214 2290/2016/1250 2291/2019/1253
f 2283/1979/1216 2282/1974/1211 2305/2017/1251 2306/2020/1254
f 2276/1980/1217 2275/1976/1213 2298/2018/1252 2299/2021/1255
f 2269/1981/1218 2268/1978/1215 2291/2019/1253 2292/1998/1233
f 2284/1982/1219 2283/1979/1216 2306/2020/1254 2307/2001/1235
f 2262/1984/1220 2470/2022/737 2285/2002/1236
f 2277/1985/1221 2276/1980/1217 2299/2021/1255 2300/2004/1238
f 2296/2012/1246 2295/2009/1243 2318/2023/1256 2319/2024/1257
f 2289/2013/1247 2288/2010/1244 2311/2025/1258 2312/2026/1259
f 2304/2014/1248 2303/2011/1245 2326/2027/1260 2327/2028/1261
f 2297/2015/1249 2296/2012/1246 2319/2024/1257 2320/2029/1262
f 2290/2016/1250 2289/2013/1247 2312/2026/1259 2313/2030/1263
f 2305/2017/1251 2304/2014/1248 2327/2028/1261 2328/2031/1264
f 2298/2018/1252 2297/2015/1249 2320/2029/1262 2321/2032/1265
f 2291/2019/1253 2290/2016/1250 2313/2030/1263 2314/2033/1266
f 2306/2020/1254 2305/2017/1251 2328/2031/1264 2329/2034/1267
f 2299/2021/1255 2298/2018/1252 2321/2032/1265 2322/2035/1268
f 2292/1998/1233 2291/2019/1253 2314/2033/1266 2315/2036/1269
f 2307/2001/1235 2306/2020/1254 2329/2034/1267 2330/2037/1270
f 2285/2002/1236 2470/2038/737 2308/2039/1271
f 2300/2004/1238 2299/2021/1255 2322/2035/1268 2323/2040/1272
f 2293/1999/1234 2292/1998/1233 2315/2036/1269 2316/2041/1273
f 2423/2042/743 2307/2001/1235 2330/2037/1270
f 2286/2003/1237 2285/2002/1236 2308/2039/1271 2309/2043/1274
f 2301/2005/1239 2300/2004/1238 2323/2040/1272 2324/2044/1275
f 2294/2006/1240 2293/1999/1234 2316/2041/1273 2317/2045/1276
f 2287/2007/1241 2286/2003/1237 2309/2043/1274 2310/2046/1277
f 2302/2008/1242 2301/2005/1239 2324/2044/1275 2325/2047/1278
f 2295/2009/1243 2294/2006/1240 2317/2045/1276 2318/2023/1256
f 2288/2010/1244 2287/2007/1241 2310/2046/1277 2311/2025/1258
f 2303/2011/1245 2302/2008/1242 2325/2047/1278 2326/2027/1260
f 2329/2034/1267 2328/2031/1264 2351/2048/1279 2352/2049/1280
f 2322/2035/1268 2321/2032/1265 2344/2050/1281 2345/2051/1282
f 2315/2036/1269 2314/2033/1266 2337/2052/1283 2338/2053/1284
f 2330/2037/1270 2329/2034/1267 2352/2049/1280 2353/2054/1285
f 2308/2039/1271 2470/2055/737 2331/2056/1286
f 2323/2040/1272 2322/2035/1268 2345/2051/1282 2346/2057/1287
f 2316/2041/1273 2315/2036/1269 2338/2053/1284 2339/2058/1288
f 2423/2059/743 2330/2037/1270 2353/2054/1285
f 2309/2043/1274 2308/2039/1271 2331/2056/1286 2332/2060/1289
f 2324/2044/1275 2323/2040/1272 2346/2057/1287 2347/2061/1290
f 2317/2045/1276 2316/2041/1273 2339/2058/1288 2340/2062/1291
f 2310/2046/1277 2309/2043/1274 2332/2060/1289 2333/2063/1292
f 2325/2047/1278 2324/2044/1275 2347/2061/1290 2348/2064/1293
f 2318/2023/1256 2317/2045/1276 2340/2062/1291 2341/2065/1294
f 2311/2025/1258 2310/2046/1277 2333/2063/1292 2334/2066/1295
f 2326/2027/1260 2325/2047/1278 2348/2064/1293 2349/2067/1296
f 2319/2024/1257 2318/2023/1256 2341/2065/1294 2342/2068/1297
f 2312/2026/1259 2311/2025/1258 2334/2066/1295 2335/2069/1298
f 2327/2028/1261 2326/2027/1260 2349/2067/1296 2350/2070/1299
f 2320/2029/1262 2319/2024/1257 2342/2068/1297 2343/2071/1300
f 2313/2030/1263 2312/2026/1259 2335/2069/1298 2336/2072/1301
f 2328/2031/1264 2327/2028/1261 2350/2070/1299 2351/2048/1279
f 2321/2032/1265 2320/2029/1262 2343/2071/1300 2344/2050/1281
f 2314/2033/1266 2313/2030/1263 2336/2072/1301 2337/2052/1283
f 2340/2062/1291 2339/2058/1288 2362/2073/1302 2363/2074/1303
f 2333/2063/1292 2332/2060/1289 2355/2075/1304 2356/2076/1305
f 2348/2064/1293 2347/2061/1290 2370/2077/1306 2371/2078/1307
f 2341/2065/1294 2340/2062/1291 2363/2074/1303 2364/2079/1308
f 2334/2066/1295 2333/2063/1292 2356/2076/1305 2357/2080/1309
f 2349/2067/1296 2348/2064/1293 2371/2078/1307 2372/2081/1310
f 2342/2068/1297 2341/2065/1294 2364/2079/1308 2365/2082/1311
f 2335/2069/1298 2334/2066/1295 2357/2080/1309 2358/2083/1312
f 2350/2070/1299 2349/2067/1296 2372/2081/1310 2373/2084/1313
f 2343/2071/1300 2342/2068/1297 2365/2082/1311 2366/2085/1314
f 2336/2072/1301 2335/2069/1298 2358/2083/1312 2359/2086/1315
f 2351/2048/1279 2350/2070/1299 2373/2084/1313 2374/2087/1316
f 2344/2050/1281 2343/2071/1300 2366/2085/1314 2367/2088/1317
f 2337/2052/1283 2336/2072/1301 2359/2086/1315 2360/2089/1318
f 2352/2049/1280 2351/2048/1279 2374/2087/1316 2375/2090/1319
f 2345/2051/1282 2344/2050/1281 2367/2088/1317 2368/2091/1320
f 2338/2053/1284 2337/2052/1283 2360/2089/1318 2361/2092/1321
f 2353/2054/1285 2352/2049/1280 2375/2090/1319 2376/2093/1322
f 2331/2056/1286 2470/2094/737 2354/2095/1323
f 2346/2057/1287 2345/2051/1282 2368/2091/1320 2369/2096/1324
f 2339/2058/1288 2338/2053/1284 2361/2092/1321 2362/2073/1302
f 2423/2097/743 2353/2054/1285 2376/2093/1322
f 2332/2060/1289 2331/2056/1286 2354/2095/1323 2355/2075/1304
f 2347/2061/1290 2346/2057/1287 2369/2096/1324 2370/2077/1306
f 2366/2085/1314 2365/2082/1311 2388/2098/1325 2389/2099/1326
f 2359/2086/1315 2358/2083/1312 2381/2100/1327 2382/2101/1328
f 2374/2087/1316 2373/2084/1313 2396/2102/1329 2397/2103/1330
f 2367/2088/1317 2366/2085/1314 2389/2099/1326 2390/2104/1331
f 2360/2089/1318 2359/2086/1315 2382/2101/1328 2383/2105/1332
f 2375/2090/1319 2374/2087/1316 2397/2103/1330 2398/2106/1333
f 2368/2091/1320 2367/2088/1317 2390/2104/1331 2391/2107/1334
f 2361/2092/1321 2360/2089/1318 2383/2105/1332 2384/2108/1335
f 2376/2093/1322 2375/2090/1319 2398/2106/1333 2399/2109/1336
f 2354/2095/1323 2470/2110/737 2377/2111/1337
f 2369/2096/1324 2368/2091/1320 2391/2107/1334 2392/2112/1338
f 2362/2073/1302 2361/2092/1321 2384/2108/1335 2385/2113/1339
f 2423/2114/743 2376/2093/1322 2399/2109/1336
f 2355/2075/1304 2354/2095/1323 2377/2111/1337 2378/2115/1340
f 2370/2077/1306 2369/2096/1324 2392/2112/1338 2393/2116/1341
f 2363/2074/1303 2362/2073/1302 2385/2113/1339 2386/2117/1342
f 2356/2076/1305 2355/2075/1304 2378/2115/1340 2379/2118/1343
f 2371/2078/1307 2370/2077/1306 2393/2116/1341 2394/2119/1344
f 2364/2079/1308 2363/2074/1303 2386/2117/1342 2387/2120/1345
f 2357/2080/1309 2356/2076/1305 2379/2118/1343 2380/2121/1346
f 2372/2081/1310 2371/2078/1307 2394/2119/1344 2395/2122/1347
f 2365/2082/1311 2364/2079/1308 2387/2120/1345 2388/2098/1325
f 2358/2083/1312 2357/2080/1309 2380/2121/1346 2381/2100/1327
f 2373/2084/1313 2372/2081/1310 2395/2122/1347 2396/2102/1329
f 2399/2109/1336 2398/2106/1333 2421/2123/1348 2422/2124/1349
f 2377/2111/1337 2470/2125/737 2400/2126/1350
f 2392/2112/1338 2391/2107/1334 2414/2127/1351 2415/2128/1352
f 2385/2113/1339 2384/2108/1335 2407/2129/1353 2408/2130/1354
f 2423/2131/743 2399/2109/1336 2422/2124/1349
f 2378/2115/1340 2377/2111/1337 2400/2126/1350 2401/2132/1355
f 2393/2116/1341 2392/2112/1338 2415/2128/1352 2416/2133/1356
f 2386/2117/1342 2385/2113/1339 2408/2130/1354 2409/2134/1357
f 2379/2118/1343 2378/2115/1340 2401/2132/1355 2402/2135/1358
f 2394/2119/1344 2393/2116/1341 2416/2133/1356 2417/2136/1359
f 2387/2120/1345 2386/2117/1342 2409/2134/1357 2410/2137/1360
f 2380/2121/1346 2379/2118/1343 2402/2135/1358 2403/2138/1361
f 2395/2122/1347 2394/2119/1344 2417/2136/1359 2418/2139/1362
f 2388/2098/1325 2387/2120/1345 2410/2137/1360 2411/2140/1363
f 2381/2100/1327 2380/2121/1346 2403/2138/1361 2404/2141/1364
f 2396/2102/1329 2395/2122/1347 2418/2139/1362 2419/2142/1365
f 2389/2099/1326 2388/2098/1325 2411/2140/1363 2412/2143/1366
f 2382/2101/1328 2381/2100/1327 2404/2141/1364 2405/2144/1367
f 2397/2103/1330 2396/2102/1329 2419/2142/1365 2420/2145/1368
f 2390/2104/1331 2389/2099/1326 2412/2143/1366 2413/2146/1369
f 2383/2105/1332 2382/2101/1328 2405/2144/1367 2406/2147/1370
f 2398/2106/1333 2397/2103/1330 2420/2145/1368 2421/2123/1348
f 2391/2107/1334 2390/2104/1331 2413/2146/1369 2414/2127/1351
f 2384/2108/1335 2383/2105/1332 2406/2147/1370 2407/2129/1353
f 2410/2137/1360 2409/2134/1357 2433/2148/1371 2434/2149/1372
f 2403/2138/1361 2402/2135/1358 2426/2150/1373 2427/2151/1374
f 2418/2139/1362 2417/2136/1359 2441/2152/1375 2442/2153/1376
f 2411/2140/1363 2410/2137/1360 2434/2149/1372 2435/2154/1377
f 2404/2141/1364 2403/2138/1361 2427/2151/1374 2428/2155/1378
f 2419/2142/1365 2418/2139/1362 2442/2153/1376 2443/2156/1379
f 2412/2143/1366 2411/2140/1363 2435/2154/1377 2436/2157/1380
f 2405/2144/1367 2404/2141/1364 2428/2155/1378 2429/2158/1381
f 2420/2145/1368 2419/2142/1365 2443/2156/1379 2444/2159/1382
f 2413/2146/1369 2412/2143/1366 2436/2157/1380 2437/2160/1383
f 2406/2147/1370 2405/2144/1367 2429/2158/1381 2430/2161/1384
f 2421/2123/1348 2420/2145/1368 2444/2159/1382 2445/2162/1385
f 2414/2127/1351 2413/2146/1369 2437/2160/1383 2438/2163/1386
f 2407/2129/1353 2406/2147/1370 2430/2161/1384 2431/2164/1387
f 2422/2124/1349 2421/2123/1348 2445/2162/1385 2446/2165/1388
f 2400/2126/1350 2470/2166/737 2424/2167/1389
f 2415/2128/1352 2414/2127/1351 2438/2163/1386 2439/2168/1390
f 2408/2130/1354 2407/2129/1353 2431/2164/1387 2432/2169/1391
f 2423/2170/743 2422/2124/1349 2446/2165/1388
f 2401/2132/1355 2400/2126/1350 2424/2167/1389 2425/2171/1392
f 2416/2133/1356 2415/2128/1352 2439/2168/1390 2440/2172/1393
f 2409/2134/1357 2408/2130/1354 2432/2169/1391 2433/2148/1371
f 2402/2135/1358 2401/2132/1355 2425/2171/1392 2426/2150/1373
f 2417/2136/1359 2416/2133/1356 2440/2172/1393 2441/2152/1375
f 2437/2160/1383 2436/2157/1380 2459/2173/1394 2460/2174/1395
f 2430/2161/1384 2429/2158/1381 2452/2175/1396 2453/2176/1397
f 2445/2162/1385 2444/2159/1382 2467/2177/1398 2468/2178/1399
f 2438/2163/1386 2437/2160/1383 2460/2174/1395 2461/2179/1400
f 2431/2164/1387 2430/2161/1384 2453/2176/1397 2454/2180/1401
f 2446/2165/1388 2445/2162/1385 2468/2178/1399 2469/2181/1402
f 2424/2167/1389 2470/2182/737 2447/2183/1403
f 2439/2168/1390 2438/2163/1386 2461/2179/1400 2462/2184/1404
f 2432/2169/1391 2431/2164/1387 2454/2180/1401 2455/2185/1405
f 2423/2186/743 2446/2165/1388 2469/2181/1402
f 2425/2171/1392 2424/2167/1389 2447/2183/1403 2448/2187/1406
f 2440/2172/1393 2439/2168/1390 2462/2184/1404 2463/2188/1407
f 2433/2148/1371 2432/2169/1391 2455/2185/1405 2456/2189/1408
f 2426/2150/1373 2425/2171/1392 2448/2187/1406 2449/2190/1409
f 2441/2152/1375 2440/2172/1393 2463/2188/1407 2464/2191/1410
f 2434/2149/1372 2433/2148/1371 2456/2189/1408 2457/2192/1411
f 2427/2151/1374 2426/2150/1373 2449/2190/1409 2450/2193/1412
f 2442/2153/1376 2441/2152/1375 2464/2191/1410 2465/2194/1413
f 2435/2154/1377 2434/2149/1372 2457/2192/1411 2458/2195/1414
f 2428/2155/1378 2427/2151/1374 2450/2193/1412 2451/2196/1415
f 2443/2156/1379 2442/2153/1376 2465/2194/1413 2466/2197/1416
f 2436/2157/1380 2435/2154/1377 2458/2195/1414 2459/2173/1394
f 2429/2158/1381 2428/2155/1378 2451/2196/1415 2452/2175/1396
f 2444/2159/1382 2443/2156/1379 2466/2197/1416 2467/2177/1398
f 2423/2198/743 2469/2181/1402 2493/2199/1417
f 2448/2187/1406 2447/2183/1403 2471/2200/1418 2472/2201/1419
f 2463/2188/1407 2462/2184/1404 2486/2202/1420 2487/2203/1421
f 2456/2189/1408 2455/2185/1405 2479/2204/1422 2480/2205/1423
f 2449/2190/1409 2448/2187/1406 2472/2201/1419 2473/2206/1424
f 2464/2191/1410 2463/2188/1407 2487/2203/1421 2488/2207/1425
f 2457/2192/1411 2456/2189/1408 2480/2205/1423 2481/2208/1426
f 2450/2193/1412 2449/2190/1409 2473/2206/1424 2474/2209/1427
f 2465/2194/1413 2464/2191/1410 2488/2207/1425 2489/2210/1428
f 2458/2195/1414 2457/2192/1411 2481/2208/1426 2482/2211/1429
f 2451/2196/1415 2450/2193/1412 2474/2209/1427 2475/2212/1430
f 2466/2197/1416 2465/2194/1413 2489/2210/1428 2490/2213/1431
f 2459/2173/1394 2458/2195/1414 2482/2211/1429 2483/2214/1432
f 2452/2175/1396 2451/2196/1415 2475/2212/1430 2476/2215/1433
f 2467/2177/1398 2466/2197/1416 2490/2213/1431 2491/2216/1434
f 2460/2174/1395 2459/2173/1394 2483/2214/1432 2484/2217/1435
f 2453/2176/1397 2452/2175/1396 2476/2215/1433 2477/2218/1436
f 2468/2178/1399 2467/2177/1398 2491/2216/1434 2492/2219/1437
f 2461/2179/1400 2460/2174/1395 2484/2217/1435 2485/2220/1438
f 2454/2180/1401 2453/2176/1397 2477/2218/1436 2478/2221/1439
f 2469/2181/1402 2468/2178/1399 2492/2219/1437 2493/2199/1417
f 2447/2183/1403 2470/2222/737 2471/2200/1418
f 2462/2184/1404 2461/2179/1400 2485/2220/1438 2486/2202/1420
f 2455/2185/1405 2454/2180/1401 2478/2221/1439 2479/2204/1422
f 2482/2211/1429 2481/2208/1426 2504/2223/1440 2505/2224/1441
f 2475/2212/1430 2474/2209/1427 2497/2225/1442 2498/2226/1443
f 2490/2213/1431 2489/2210/1428 2512/2227/1444 2513/2228/1445
f 2483/2214/1432 2482/2211/1429 2505/2224/1441 2506/2229/1446
f 2476/2215/1433 2475/2212/1430 2498/2226/1443 2499/2230/1447
f 2491/2216/1434 2490/2213/1431 2513/2228/1445 2514/2231/1448
f 2484/2217/1435 2483/2214/1432 2506/2229/1446 2507/2232/1449
f 2477/2218/1436 2476/2215/1433 2499/2230/1447 2500/2233/1450
f 2492/2219/1437 2491/2216/1434 2514/2231/1448 2515/2234/1451
f 2485/2220/1438 2484/2217/1435 2507/2232/1449 2508/2235/1452
f 2478/2221/1439 2477/2218/1436 2500/2233/1450 2501/2236/1453
f 2493/2199/1417 2492/2219/1437 2515/2234/1451 2516/2237/1454
f 2471/2200/1418 2470/2238/737 2494/2239/1455
f 2486/2202/1420 2485/2220/1438 2508/2235/1452 2509/2240/1456
f 2479/2204/1422 2478/2221/1439 2501/2236/1453 2502/2241/1457
f 2423/2242/743 2493/2199/1417 2516/2237/1454
f 2472/2201/1419 2471/2200/1418 2494/2239/1455 2495/2243/1458
f 2487/2203/1421 2486/2202/1420 2509/2240/1456 2510/2244/1459
f 2480/2205/1423 2479/2204/1422 2502/2241/1457 2503/2245/1460
f 2473/2206/1424 2472/2201/1419 2495/2243/1458 2496/2246/1461
f 2488/2207/1425 2487/2203/1421 2510/2244/1459 2511/2247/1462
f 2481/2208/1426 2480/2205/1423 2503/2245/1460 2504/2223/1440
f 2474/2209/1427 2473/2206/1424 2496/2246/1461 2497/2225/1442
f 2489/2210/1428 2488/2207/1425 2511/2247/1462 2512/2227/1444
f 2508/2235/1452 2507/2232/1449 2530/2248/1463 2531/2249/1464
f 2501/2236/1453 2500/2233/1450 2523/2250/1465 2524/2251/1466
f 2516/2237/1454 2515/2234/1451 2538/2252/1467 2539/2253/1468
f 2494/2239/1455 2470/2254/737 2517/2255/1469
f 2509/2240/1456 2508/2235/1452 2531/2249/1464 2532/2256/1470
f 2502/2241/1457 2501/2236/1453 2524/2251/1466 2525/2257/1471
f 2423/2258/743 2516/2237/1454 2539/2253/1468
f 2495/2243/1458 2494/2239/1455 2517/2255/1469 2518/2259/1472
f 2510/2244/1459 2509/2240/1456 2532/2256/1470 2533/2260/1473
f 2503/2245/1460 2502/2241/1457 2525/2257/1471 2526/2261/1474
f 2496/2246/1461 2495/2243/1458 2518/2259/1472 2519/2262/1475
f 2511/2247/1462 2510/2244/1459 2533/2260/1473 2534/2263/1476
f 2504/2223/1440 2503/2245/1460 2526/2261/1474 2527/2264/1477
f 2497/2225/1442 2496/2246/1461 2519/2262/1475 2520/2265/1478
f 2512/2227/1444 2511/2247/1462 2534/2263/1476 2535/2266/1479
f 2505/2224/1441 2504/2223/1440 2527/2264/1477 2528/2267/1480
f 2498/2226/1443 2497/2225/1442 2520/2265/1478 2521/2268/1481
f 2513/2228/1445 2512/2227/1444 2535/2266/1479 2536/2269/1482
f 2506/2229/1446 2505/2224/1441 2528/2267/1480 2529/2270/1483
f 2499/2230/1447 2498/2226/1443 2521/2268/1481 2522/2271/1484
f 2514/2231/1448 2513/2228/1445 2536/2269/1482 2537/2272/1485
f 2507/2232/1449 2506/2229/1446 2529/2270/1483 2530/2248/1463
f 2500/2233/1450 2499/2230/1447 2522/2271/1484 2523/2250/1465
f 2515/2234/1451 2514/2231/1448 2537/2272/1485 2538/2252/1467
f 2519/2262/1475 2518/2259/1472 2541/2273/1486 2542/2274/1487
f 2534/2263/1476 2533/2260/1473 2556/2275/1488 2557/2276/1489
f 2527/2264/1477 2526/2261/1474 2549/2277/1490 2550/2278/1491
f 2520/2265/1478 2519/2262/1475 2542/2274/1487 2543/2279/1492
f 2535/2266/1479 2534/2263/1476 2557/2276/1489 2558/2280/1493
f 2528/2267/1480 2527/2264/1477 2550/2278/1491 2551/2281/1494
f 2521/2268/1481 2520/2265/1478 2543/2279/1492 2544/2282/1495
f 2536/2269/1482 2535/2266/1479 2558/2280/1493 2559/2283/1496
f 2529/2270/1483 2528/2267/1480 2551/2281/1494 2552/2284/1497
f 2522/2271/1484 2521/2268/1481 2544/2282/1495 2545/2285/1498
f 2537/2272/1485 2536/2269/1482 2559/2283/1496 2560/2286/1499
f 2530/2248/1463 2529/2270/1483 2552/2284/1497 2553/2287/1500
f 2523/2250/1465 2522/2271/1484 2545/2285/1498 2546/2288/1501
f 2538/2252/1467 2537/2272/1485 2560/2286/1499 2561/2289/1502
f 2531/2249/1464 2530/2248/1463 2553/2287/1500 2554/2290/1503
f 2524/2251/1466 2523/2250/1465 2546/2288/1501 2547/2291/1504
f 2539/2253/1468 2538/2252/1467 2561/2289/1502 2562/2292/1505
f 2517/2255/1469 2470/2293/737 2540/2294/1506
f 2532/2256/1470 2531/2249/1464 2554/2290/1503 2555/2295/1507
f 2525/2257/1471 2524/2251/1466 2547/2291/1504 2548/2296/1508
f 2423/2297/743 2539/2253/1468 2562/2292/1505
f 2518/2259/1472 2517/2255/1469 2540/2294/1506 2541/2273/1486
f 2533/2260/1473 2532/2256/1470 2555/2295/1507 2556/2275/1488
f 2526/2261/1474 2525/2257/1471 2548/2296/1508 2549/2277/1490
f 2561/2289/1502 2560/2286/1499 2583/2298/1509 2584/2299/1510
f 2554/2290/1503 2553/2287/1500 2576/2300/1511 2577/2301/1512
f 2547/2291/1504 2546/2288/1501 2569/2302/1513 2570/2303/1514
f 2562/2292/1505 2561/2289/1502 2584/2299/1510 2585/2304/1515
f 2540/2294/1506 2470/2305/737 2563/2306/1516
f 2555/2295/1507 2554/2290/1503 2577/2301/1512 2578/2307/1517
f 2548/2296/1508 2547/2291/1504 2570/2303/1514 2571/2308/1518
f 2423/2309/743 2562/2292/1505 2585/2304/1515
f 2541/2273/1486 2540/2294/1506 2563/2306/1516 2564/2310/1519
f 2556/2275/1488 2555/2295/1507 2578/2307/1517 2579/2311/1520
f 2549/2277/1490 2548/2296/1508 2571/2308/1518 2572/2312/1521
f 2542/2274/1487 2541/2273/1486 2564/2310/1519 2565/2313/1522
f 2557/2276/1489 2556/2275/1488 2579/2311/1520 2580/2314/1523
f 2550/2278/1491 2549/2277/1490 2572/2312/1521 2573/2315/1524
f 2543/2279/1492 2542/2274/1487 2565/2313/1522 2566/2316/1525
f 2558/2280/1493 2557/2276/1489 2580/2314/1523 2581/2317/1526
f 2551/2281/1494 2550/2278/1491 2573/2315/1524 2574/2318/1527
f 2544/2282/1495 2543/2279/1492 2566/2316/1525 2567/2319/1528
f 2559/2283/1496 2558/2280/1493 2581/2317/1526 2582/2320/1529
f 2552/2284/1497 2551/2281/1494 2574/2318/1527 2575/2321/1530
f 2545/2285/1498 2544/2282/1495 2567/2319/1528 2568/2322/1531
f 2560/2286/1499 2559/2283/1496 2582/2320/1529 2583/2298/1509
f 2553/2287/1500 2552/2284/1497 2575/2321/1530 2576/2300/1511
f 2546/2288/1501 2545/2285/1498 2568/2322/1531 2569/2302/1513
f 2572/2312/1521 2571/2308/1518 2594/2323/1532 2595/2324/1533
f 2565/2313/1522 2564/2310/1519 2587/2325/1534 2588/2326/1535
f 2580/2314/1523 2579/2311/1520 2602/2327/1536 2603/2328/1537
f 2573/2315/1524 2572/2312/1521 2595/2324/1533 2596/2329/1538
f 2566/2316/1525 2565/2313/1522 2588/2326/1535 2589/2330/1539
f 2581/2317/1526 2580/2314/1523 2603/2328/1537 2604/2331/1540
f 2574/2318/1527 2573/2315/1524 2596/2329/1538 2597/2332/1541
f 2567/2319/1528 2566/2316/1525 2589/2330/1539 2590/2333/1542
f 2582/2320/1529 2581/2317/1526 2604/2331/1540 2605/2334/1543
f 2575/2321/1530 2574/2318/1527 2597/2332/1541 2598/2335/1544
f 2568/2322/1531 2567/2319/1528 2590/2333/1542 2591/2336/1545
f 2583/2298/1509 2582/2320/1529 2605/2334/1543 2606/2337/1546
f 2576/2300/1511 2575/2321/1530 2598/2335/1544 2599/2338/1547
f 2569/2302/1513 2568/2322/1531 2591/2336/1545 2592/2339/1548
f 2584/2299/1510 2583/2298/1509 2606/2337/1546 2607/2340/1549
f 2577/2301/1512 2576/2300/1511 2599/2338/1547 2600/2341/1550
f 2570/2303/1514 2569/2302/1513 2592/2339/1548 2593/2342/1551
f 2585/2304/1515 2584/2299/1510 2607/2340/1549 2608/2343/1552
f 2563/2306/1516 2470/2344/737 2586/2345/1553
f 2578/2307/1517 2577/2301/1512 2600/2341/1550 2601/2346/1554
f 2571/2308/1518 2570/2303/1514 2593/2342/1551 2594/2323/1532
f 2423/2347/743 2585/2304/1515 2608/2343/1552
f 2564/2310/1519 2563/2306/1516 2586/2345/1553 2587/2325/1534
f 2579/2311/1520 2578/2307/1517 2601/2346/1554 2602/2327/1536
f 2598/2348/1544 2597/2349/1541 2620/2350/1555 2621/2351/1556
f 2591/2352/1545 2590/2353/1542 2613/2354/1557 2614/2355/1558
f 2606/2356/1546 2605/2357/1543 2628/2358/1559 2629/2359/1560
f 2599/2360/1547 2598/2348/1544 2621/2351/1556 2622/2361/1561
f 2592/2362/1548 2591/2352/1545 2614/2355/1558 2615/2363/1562
f 2607/2364/1549 2606/2356/1546 2629/2359/1560 2630/2365/1563
f 2600/2366/1550 2599/2360/1547 2622/2361/1561 2623/2367/1564
f 2593/2368/1551 2592/2362/1548 2615/2363/1562 2616/2369/1565
f 2608/2370/1552 2607/2364/1549 2630/2365/1563 2631/2371/1566
f 2586/2372/1553 2470/2373/737 2609/2374/1567
f 2601/2375/1554 2600/2366/1550 2623/2367/1564 2624/2376/1568
f 2594/2377/1532 2593/2368/1551 2616/2369/1565 2617/2378/1569
f 2423/2379/743 2608/2370/1552 2631/2371/1566
f 2587/2380/1534 2586/2372/1553 2609/2374/1567 2610/2381/1570
f 2602/2382/1536 2601/2375/1554 2624/2376/1568 2625/2383/1571
f 2595/2384/1533 2594/2377/1532 2617/2378/1569 2618/2385/1572
f 2588/2386/1535 2587/2380/1534 2610/2381/1570 2611/2387/1573
f 2603/2388/1537 2602/2382/1536 2625/2383/1571 2626/2389/1574
f 2596/2390/1538 2595/2384/1533 2618/2385/1572 2619/2391/1575
f 2589/2392/1539 2588/2386/1535 2611/2387/1573 2612/2393/1576
f 2604/2394/1540 2603/2388/1537 2626/2389/1574 2627/2395/1577
f 2597/2349/1541 2596/2390/1538 2619/2391/1575 2620/2350/1555
f 2590/2353/1542 2589/2392/1539 2612/2393/1576 2613/2354/1557
f 2605/2357/1543 2604/2394/1540 2627/2395/1577 2628/2358/1559
f 2631/2371/1566 2630/2365/1563 2653/2396/1578 2654/2397/1579
f 2609/2374/1567 2470/2398/737 2632/2399/1580
f 2624/2376/1568 2623/2367/1564 2646/2400/1581 2647/2401/1582
f 2617/2378/1569 2616/2369/1565 2639/2402/1583 2640/2403/1584
f 2423/2404/743 2631/2371/1566 2654/2397/1579
f 2610/2381/1570 2609/2374/1567 2632/2399/1580 2633/2405/1585
f 2625/2383/1571 2624/2376/1568 2647/2401/1582 2648/2406/1586
f 2618/2385/1572 2617/2378/1569 2640/2403/1584 2641/2407/1587
f 2611/2387/1573 2610/2381/1570 2633/2405/1585 2634/2408/1588
f 2626/2389/1574 2625/2383/1571 2648/2406/1586 2649/2409/1589
f 2619/2391/1575 2618/2385/1572 2641/2407/1587 2642/2410/1590
f 2612/2393/1576 2611/2387/1573 2634/2408/1588 2635/2411/1591
f 2627/2395/1577 2626/2389/1574 2649/2409/1589 2650/2412/1592
f 2620/2350/1555 2619/2391/1575 2642/2410/1590 2643/2413/1593
f 2613/2354/1557 2612/2393/1576 2635/2411/1591 2636/2414/1594
f 2628/2358/1559 2627/2395/1577 2650/2412/1592 2651/2415/1595
f 2621/2351/1556 2620/2350/1555 2643/2413/1593 2644/2416/1596
f 2614/2355/1558 2613/2354/1557 2636/2414/1594 2637/2417/1597
f 2629/2359/1560 2628/2358/1559 2651/2415/1595 2652/2418/1598
f 2622/2361/1561 2621/2351/1556 2644/2416/1596 2645/2419/1599
f 2615/2363/1562 2614/2355/1558 2637/2417/1597 2638/2420/1600
f 2630/2365/1563 2629/2359/1560 2652/2418/1598 2653/2396/1578
f 2623/2367/1564 2622/2361/1561 2645/2419/1599 2646/2400/1581
f 2616/2369/1565 2615/2363/1562 2638/2420/1600 2639/2402/1583
f 2642/2410/1590 2641/2407/1587 2664/2421/1601 2665/2422/1602
f 2635/2411/1591 2634/2408/1588 2657/2423/1603 2658/2424/1604
f 2650/2412/1592 2649/2409/1589 2672/2425/1605 2673/2426/1606
f 2643/2413/1593 2642/2410/1590 2665/2422/1602 2666/2427/1607
f 2636/2414/1594 2635/2411/1591 2658/2424/1604 2659/2428/1608
f 2651/2415/1595 2650/2412/1592 2673/2426/1606 2674/2429/1609
f 2644/2416/1596 2643/2413/1593 2666/2427/1607 2667/2430/1610
f 2637/2417/1597 2636/2414/1594 2659/2428/1608 2660/2431/1611
f 2652/2418/1598 2651/2415/1595 2674/2429/1609 2675/2432/1612
f 2645/2419/1599 2644/2416/1596 2667/2430/1610 2668/2433/1613
f 2638/2420/1600 2637/2417/1597 2660/2431/1611 2661/2434/1614
f 2653/2396/1578 2652/2418/1598 2675/2432/1612 2676/2435/1615
f 2646/2400/1581 2645/2419/1599 2668/2433/1613 2669/2436/1616
f 2639/2402/1583 2638/2420/1600 2661/2434/1614 2662/2437/1617
f 2654/2397/1579 2653/2396/1578 2676/2435/1615 2677/2438/1618
f 2632/2399/1580 2470/2439/737 2655/2440/1619
f 2647/2401/1582 2646/2400/1581 2669/2436/1616 2670/2441/1620
f 2640/2403/1584 2639/2402/1583 2662/2437/1617 2663/2442/1621
f 2423/2443/743 2654/2397/1579 2677/2438/1618
f 2633/2405/1585 2632/2399/1580 2655/2440/1619 2656/2444/1622
f 2648/2406/1586 2647/2401/1582 2670/2441/1620 2671/2445/1623
f 2641/2407/1587 2640/2403/1584 2663/2442/1621 2664/2421/1601
f 2634/2408/1588 2633/2405/1585 2656/2444/1622 2657/2423/1603
f 2649/2409/1589 2648/2406/1586 2671/2445/1623 2672/2425/1605
f 2668/2433/1613 2667/2430/1610 2690/2446/1624 2691/2447/1625
f 2661/2434/1614 2660/2431/1611 2683/2448/1626 2684/2449/1627
f 2676/2435/1615 2675/2432/1612 2698/2450/1628 2699/2451/1629
f 2669/2436/1616 2668/2433/1613 2691/2447/1625 2692/2452/1630
f 2662/2437/1617 2661/2434/1614 2684/2449/1627 2685/2453/1631
f 2677/2438/1618 2676/2435/1615 2699/2451/1629 2700/2454/1632
f 2655/2440/1619 2470/2455/737 2678/2456/1633
f 2670/2441/1620 2669/2436/1616 2692/2452/1630 2693/2457/1634
f 2663/2442/1621 2662/2437/1617 2685/2453/1631 2686/2458/1635
f 2423/2459/743 2677/2438/1618 2700/2454/1632
f 2656/2444/1622 2655/2440/1619 2678/2456/1633 2679/2460/1636
f 2671/2445/1623 2670/2441/1620 2693/2457/1634 2694/2461/1637
f 2664/2421/1601 2663/2442/1621 2686/2458/1635 2687/2462/1638
f 2657/2423/1603 2656/2444/1622 2679/2460/1636 2680/2463/1639
f 2672/2425/1605 2671/2445/1623 2694/2461/1637 2695/2464/1640
f 2665/2422/1602 2664/2421/1601 2687/2462/1638 2688/2465/1641
f 2658/2424/1604 2657/2423/1603 2680/2463/1639 2681/2466/1642
f 2673/2426/1606 2672/2425/1605 2695/2464/1640 2696/2467/1643
f 2666/2427/1607 2665/2422/1602 2688/2465/1641 2689/2468/1644
f 2659/2428/1608 2658/2424/1604 2681/2466/1642 2682/2469/1645
f 2674/2429/1609 2673/2426/1606 2696/2467/1643 2697/2470/1646
f 2667/2430/1610 2666/2427/1607 2689/2468/1644 2690/2446/1624
f 2660/2431/1611 2659/2428/1608 2682/2469/1645 2683/2448/1626
f 2675/2432/1612 2674/2429/1609 2697/2470/1646 2698/2450/1628
f 2423/2471/743 2700/2454/1632 2723/2472/1647
f 2679/2460/1636 2678/2456/1633 2701/2473/1648 2702/2474/1649
f 2694/2461/1637 2693/2457/1634 2716/2475/1650 2717/2476/1651
f 2687/2462/1638 2686/2458/1635 2709/2477/1652 2710/2478/1653
f 2680/2463/1639 2679/2460/1636 2702/2474/1649 2703/2479/1654
f 2695/2464/1640 2694/2461/1637 2717/2476/1651 2718/2480/1655
f 2688/2465/1641 2687/2462/1638 2710/2478/1653 2711/2481/1656
f 2681/2466/1642 2680/2463/1639 2703/2479/1654 2704/2482/1657
f 2696/2467/1643 2695/2464/1640 2718/2480/1655 2719/2483/1658
f 2689/2468/1644 2688/2465/1641 2711/2481/1656 2712/2484/1659
f 2682/2469/1645 2681/2466/1642 2704/2482/1657 2705/2485/1660
f 2697/2470/1646 2696/2467/1643 2719/2483/1658 2720/2486/1661
f 2690/2446/1624 2689/2468/1644 2712/2484/1659 2713/2487/1662
f 2683/2448/1626 2682/2469/1645 2705/2485/1660 2706/2488/1663
f 2698/2450/1628 2697/2470/1646 2720/2486/1661 2721/2489/1664
f 2691/2447/1625 2690/2446/1624 2713/2487/1662 2714/2490/1665
f 2684/2449/1627 2683/2448/1626 2706/2488/1663 2707/2491/1666
f 2699/2451/1629 2698/2450/1628 2721/2489/1664 2722/2492/1667
f 2692/2452/1630 2691/2447/1625 2714/2490/1665 2715/2493/1668
f 2685/2453/1631 2684/2449/1627 2707/2491/1666 2708/2494/1669
f 2700/2454/1632 2699/2451/1629 2722/2492/1667 2723/2472/1647
f 2678/2456/1633 2470/2495/737 2701/2473/1648
f 2693/2457/1634 2692/2452/1630 2715/2493/1668 2716/2475/1650
f 2686/2458/1635 2685/2453/1631 2708/2494/1669 2709/2477/1652
f 2712/2484/1659 2711/2481/1656 2734/2496/1670 2735/2497/1671
f 2705/2485/1660 2704/2482/1657 2727/2498/1672 2728/2499/1673
f 2720/2486/1661 2719/2483/1658 2742/2500/1674 2743/2501/1675
f 2713/2487/1662 2712/2484/1659 2735/2497/1671 2736/2502/1676
f 2706/2488/1663 2705/2485/1660 2728/2499/1673 2729/2503/1677
f 2721/2489/1664 2720/2486/1661 2743/2501/1675 2744/2504/1678
f 2714/2490/1665 2713/2487/1662 2736/2502/1676 2737/2505/1679
f 2707/2491/1666 2706/2488/1663 2729/2503/1677 2730/2506/1680
f 2722/2492/1667 2721/2489/1664 2744/2504/1678 2745/2507/1681
f 2715/2493/1668 2714/2490/1665 2737/2505/1679 2738/2508/1682
f 2708/2494/1669 2707/2491/1666 2730/2506/1680 2731/2509/1683
f 2723/2472/1647 2722/2492/1667 2745/2507/1681 2746/2510/1684
f 2701/2473/1648 2470/2511/737 2724/2512/1685
f 2716/2475/1650 2715/2493/1668 2738/2508/1682 2739/2513/1686
f 2709/2477/1652 2708/2494/1669 2731/2509/1683 2732/2514/1687
f 2423/2515/743 2723/2472/1647 2746/2510/1684
f 2702/2474/1649 2701/2473/1648 2724/2512/1685 2725/2516/1688
f 2717/2476/1651 2716/2475/1650 2739/2513/1686 2740/2517/1689
f 2710/2478/1653 2709/2477/1652 2732/2514/1687 2733/2518/1690
f 2703/2479/1654 2702/2474/1649 2725/2516/1688 2726/2519/1691
f 2718/2480/1655 2717/2476/1651 2740/2517/1689 2741/2520/1692
f 2711/2481/1656 2710/2478/1653 2733/2518/1690 2734/2496/1670
f 2704/2482/1657 2703/2479/1654 2726/2519/1691 2727/2498/1672
f 2719/2483/1658 2718/2480/1655 2741/2520/1692 2742/2500/1674
f 2738/2508/1682 2737/2505/1679 2760/2521/1693 2761/2522/1694
f 2731/2509/1683 2730/2506/1680 2753/2523/1695 2754/2524/1696
f 2746/2510/1684 2745/2507/1681 2768/2525/1697 2769/2526/1698
f 2724/2512/1685 2470/2527/737 2747/2528/1699
f 2739/2513/1686 2738/2508/1682 2761/2522/1694 2762/2529/1700
f 2732/2514/1687 2731/2509/1683 2754/2524/1696 2755/2530/1701
f 2423/2531/743 2746/2510/1684 2769/2526/1698
f 2725/2516/1688 2724/2512/1685 2747/2528/1699 2748/2532/1702
f 2740/2517/1689 2739/2513/1686 2762/2529/1700 2763/2533/1703
f 2733/2518/1690 2732/2514/1687 2755/2530/1701 2756/2534/1704
f 2726/2519/1691 2725/2516/1688 2748/2532/1702 2749/2535/1705
f 2741/2520/1692 2740/2517/1689 2763/2533/1703 2764/2536/1706
f 2734/2496/1670 2733/2518/1690 2756/2534/1704 2757/2537/1707
f 2727/2498/1672 2726/2519/1691 2749/2535/1705 2750/2538/1708
f 2742/2500/1674 2741/2520/1692 2764/2536/1706 2765/2539/1709
f 2735/2497/1671 2734/2496/1670 2757/2537/1707 2758/2540/1710
f 2728/2499/1673 2727/2498/1672 2750/2538/1708 2751/2541/1711
f 2743/2501/1675 2742/2500/1674 2765/2539/1709 2766/2542/1712
f 2736/2502/1676 2735/2497/1671 2758/2540/1710 2759/2543/1713
f 2729/2503/1677 2728/2499/1673 2751/2541/1711 2752/2544/1714
f 2744/2504/1678 2743/2501/1675 2766/2542/1712 2767/2545/1715
f 2737/2505/1679 2736/2502/1676 2759/2543/1713 2760/2521/1693
f 2730/2506/1680 2729/2503/1677 2752/2544/1714 2753/2523/1695
f 2745/2507/1681 2744/2504/1678 2767/2545/1715 2768/2525/1697
f 2749/2535/1705 2748/2532/1702 2771/2546/1716 2772/2547/1717
f 2764/2536/1706 2763/2533/1703 2786/2548/1718 2787/2549/1719
f 2757/2537/1707 2756/2534/1704 2779/2550/1720 2780/2551/1721
f 2750/2538/1708 2749/2535/1705 2772/2547/1717 2773/2552/1722
f 2765/2539/1709 2764/2536/1706 2787/2549/1719 2788/2553/1723
f 2758/2540/1710 2757/2537/1707 2780/2551/1721 2781/2554/1724
f 2751/2541/1711 2750/2538/1708 2773/2552/1722 2774/2555/1725
f 2766/2542/1712 2765/2539/1709 2788/2553/1723 2789/2556/1726
f 2759/2543/1713 2758/2540/1710 2781/2554/1724 2782/2557/1727
f 2752/2544/1714 2751/2541/1711 2774/2555/1725 2775/2558/1728
f 2767/2545/1715 2766/2542/1712 2789/2556/1726 2790/2559/1729
f 2760/2521/1693 2759/2543/1713 2782/2557/1727 2783/2560/1730
f 2753/2523/1695 2752/2544/1714 2775/2558/1728 2776/2561/1731
f 2768/2525/1697 2767/2545/1715 2790/2559/1729 2791/2562/1732
f 2761/2522/1694 2760/2521/1693 2783/2560/1730 2784/2563/1733
f 2754/2524/1696 2753/2523/1695 2776/2561/1731 2777/2564/1734
f 2769/2526/1698 2768/2525/1697 2791/2562/1732 2792/2565/1735
f 2747/2528/1699 2470/2566/737 2770/2567/1736
f 2762/2529/1700 2761/2522/1694 2784/2563/1733 2785/2568/1737
f 2755/2530/1701 2754/2524/1696 2777/2564/1734 2778/2569/1738
f 2423/2570/743 2769/2526/1698 2792/2565/1735
f 2748/2532/1702 2747/2528/1699 2770/2567/1736 2771/2546/1716
f 2763/2533/1703 2762/2529/1700 2785/2568/1737 2786/2548/1718
f 2756/2534/1704 2755/2530/1701 2778/2569/1738 2779/2550/1720
f 2782/2557/1727 2781/2554/1724 2804/2571/1739 2805/2572/1740
f 2775/2558/1728 2774/2555/1725 2797/2573/1741 2798/2574/1742
f 2790/2559/1729 2789/2556/1726 2812/2575/1743 2813/2576/1744
f 2783/2560/1730 2782/2557/1727 2805/2572/1740 2806/2577/1745
f 2776/2561/1731 2775/2558/1728 2798/2574/1742 2799/2578/1746
f 2791/2562/1732 2790/2559/1729 2813/2576/1744 2814/2579/1747
f 2784/2563/1733 2783/2560/1730 2806/2577/1745 2807/2580/1748
f 2777/2564/1734 2776/2561/1731 2799/2578/1746 2800/2581/1749
f 2792/2565/1735 2791/2562/1732 2814/2579/1747 2815/2582/1750
f 2770/2567/1736 2470/2583/737 2793/2584/1751
f 2785/2568/1737 2784/2563/1733 2807/2580/1748 2808/2585/1752
f 2778/2569/1738 2777/2564/1734 2800/2581/1749 2801/2586/1753
f 2423/2587/743 2792/2565/1735 2815/2582/1750
f 2771/2546/1716 2770/2567/1736 2793/2584/1751 2794/2588/1754
f 2786/2548/1718 2785/2568/1737 2808/2585/1752 2809/2589/1755
f 2779/2550/1720 2778/2569/1738 2801/2586/1753 2802/2590/1756
f 2772/2547/1717 2771/2546/1716 2794/2588/1754 2795/2591/1757
f 2787/2549/1719 2786/2548/1718 2809/2589/1755 2810/2592/1758
f 2780/2551/1721 2779/2550/1720 2802/2590/1756 2803/2593/1759
f 2773/2552/1722 2772/2547/1717 2795/2591/1757 2796/2594/1760
f 2788/2553/1723 2787/2549/1719 2810/2592/1758 2811/2595/1761
f 2781/2554/1724 2780/2551/1721 2803/2593/1759 2804/2571/1739
f 2774/2555/1725 2773/2552/1722 2796/2594/1760 2797/2573/1741
f 2789/2556/1726 2788/2553/1723 2811/2595/1761 2812/2575/1743
f 2793/2584/1751 2470/2596/737 2816/2597/1762
f 2808/2585/1752 2807/2580/1748 2830/2598/1763 2831/2599/1764
f 2801/2586/1753 2800/2581/1749 2823/2600/1765 2824/2601/1766
f 2423/2602/743 2815/2582/1750 2838/2603/1767
f 2794/2588/1754 2793/2584/1751 2816/2597/1762 2817/2604/1768
f 2809/2589/1755 2808/2585/1752 2831/2599/1764 2832/2605/1769
f 2802/2590/1756 2801/2586/1753 2824/2601/1766 2825/2606/1770
f 2795/2591/1757 2794/2588/1754 2817/2604/1768 2818/2607/1771
f 2810/2592/1758 2809/2589/1755 2832/2605/1769 2833/2608/1772
f 2803/2593/1759 2802/2590/1756 2825/2606/1770 2826/2609/1773
f 2796/2594/1760 2795/2591/1757 2818/2607/1771 2819/2610/1774
f 2811/2595/1761 2810/2592/1758 2833/2608/1772 2834/2611/1775
f 2804/2571/1739 2803/2593/1759 2826/2609/1773 2827/2612/1776
f 2797/2573/1741 2796/2594/1760 2819/2610/1774 2820/2613/1777
f 2812/2575/1743 2811/2595/1761 2834/2611/1775 2835/2614/1778
f 2805/2572/1740 2804/2571/1739 2827/2612/1776 2828/2615/1779
f 2798/2574/1742 2797/2573/1741 2820/2613/1777 2821/2616/1780
f 2813/2576/1744 2812/2575/1743 2835/2614/1778 2836/2617/1781
f 2806/2577/1745 2805/2572/1740 2828/2615/1779 2829/2618/1782
f 2799/2578/1746 2798/2574/1742 2821/2616/1780 2822/2619/1783
f 2814/2579/1747 2813/2576/1744 2836/2617/1781 2837/2620/1784
f 2807/2580/1748 2806/2577/1745 2829/2618/1782 2830/2598/1763
f 2800/2581/1749 2799/2578/1746 2822/2619/1783 2823/2600/1765
f 2815/2582/1750 2814/2579/1747 2837/2620/1784 2838/2603/1767
f 2819/2610/1774 2818/2607/1771 2841/2621/1785 2842/2622/1786
f 2834/2611/1775 2833/2608/1772 2856/2623/1787 2857/2624/1788
f 2827/2612/1776 2826/2609/1773 2849/2625/1789 2850/2626/1790
f 2820/2613/1777 2819/2610/1774 2842/2622/1786 2843/2627/1791
f 2835/2614/1778 2834/2611/1775 2857/2624/1788 2858/2628/1792
f 2828/2615/1779 2827/2612/1776 2850/2626/1790 2851/2629/1793
f 2821/2616/1780 2820/2613/1777 2843/2627/1791 2844/2630/1794
f 2836/2617/1781 2835/2614/1778 2858/2628/1792 2859/2631/1795
f 2829/2618/1782 2828/2615/1779 2851/2629/1793 2852/2632/1796
f 2822/2619/1783 2821/2616/1780 2844/2630/1794 2845/2633/1797
f 2837/2620/1784 2836/2617/1781 2859/2631/1795 2860/2634/1798
f 2830/2598/1763 2829/2618/1782 2852/2632/1796 2853/2635/1799
f 2823/2600/1765 2822/2619/1783 2845/2633/1797 2846/2636/1800
f 2838/2603/1767 2837/2620/1784 2860/2634/1798 2861/2637/1801
f 2816/2597/1762 2470/2638/737 2839/2639/1802
f 2831/2599/1764 2830/2598/1763 2853/2635/1799 2854/2640/1803
f 2824/2601/1766 2823/2600/1765 2846/2636/1800 2847/2641/1804
f 2423/2642/743 2838/2603/1767 2861/2637/1801
f 2817/2604/1768 2816/2597/1762 2839/2639/1802 2840/2643/1805
f 2832/2605/1769 2831/2599/1764 2854/2640/1803 2855/2644/1806
f 2825/2606/1770 2824/2601/1766 2847/2641/1804 2848/2645/1807
f 2818/2607/1771 2817/2604/1768 2840/2643/1805 2841/2621/1785
f 2833/2608/1772 2832/2605/1769 2855/2644/1806 2856/2623/1787
f 2826/2609/1773 2825/2606/1770 2848/2645/1807 2849/2625/1789
f 2852/2632/1796 2851/2629/1793 1772/1441/718 1773/1447/724
f 2845/2633/1797 2844/2630/1794 2864/1443/720 1768/1449/726
f 2860/2634/1798 2859/2631/1795 2869/1445/722 2870/1451/728
f 2853/2635/1799 2852/2632/1796 1773/1447/724 2867/1453/730
f 2846/2636/1800 2845/2633/1797 1768/1449/726 2865/1455/732
f 2861/2637/1801 2860/2634/1798 2870/1451/728 1778/1457/734
f 2839/2639/1802 2470/2646/737 1765/1459/736
f 2854/2640/1803 2853/2635/1799 2867/1453/730 1774/1462/739
f 2847/2641/1804 2846/2636/1800 2865/1455/732 1769/1464/741
f 2423/2647/743 2861/2637/1801 1778/1457/734
f 2840/2643/1805 2839/2639/1802 1765/1459/736 1766/1467/744
f 2855/2644/1806 2854/2640/1803 1774/1462/739 2868/1469/746
f 2848/2645/1807 2847/2641/1804 1769/1464/741 1770/1471/748
f 2841/2621/1785 2840/2643/1805 1766/1467/744 2862/1426/703
f 2856/2623/1787 2855/2644/1806 2868/1469/746 1775/1430/707
f 2849/2625/1789 2848/2645/1807 1770/1471/748 1771/1434/711
f 2842/2622/1786 2841/2621/1785 2862/1426/703 2863/1425/702
f 2857/2624/1788 2856/2623/1787 1775/1430/707 1776/1429/706
f 2850/2626/1790 2849/2625/1789 1771/1434/711 2866/1433/710
f 2843/2627/1791 2842/2622/1786 2863/1425/702 1767/1437/714
f 2858/2628/1792 2857/2624/1788 1776/1429/706 1777/1439/716
f 2851/2629/1793 2850/2626/1790 2866/1433/710 1772/1441/718
f 2844/2630/1794 2843/2627/1791 1767/1437/714 2864/1443/720
f 2859/2631/1795 2858/2628/1792 1777/1439/716 2869/1445/722
o Dome_lower_trim
v 0.000000 0.426008 -0.027636
v 0.000000 0.426383 -0.028012
v 0.000000 0.426118 -0.027901
v -0.000000 0.429008 -0.027636
v 0.000000 0.428633 -0.028012
v -0.000000 0.428898 -0.027901
v 0.004063 0.426008 -0.027370
v 0.004112 0.426383 -0.027742
v 0.004097 0.426118 -0.027633
v 0.004063 0.429008 -0.027370
v 0.004112 0.428633 -0.027742
v 0.004097 0.428898 -0.027633
v 0.008056 0.426008 -0.026575
v 0.008153 0.426383 -0.026938
v 0.008124 0.426118 -0.026832
v 0.008056 0.429008 -0.026575
v 0.008153 0.428633 -0.026938
v 0.008124 0.428898 -0.026832
v 0.011911 0.426008 -0.025267
v 0.012055 0.426383 -0.025614
v 0.012012 0.426118 -0.025512
v 0.011911 0.429008 -0.025267
v 0.012055 0.428633 -0.025614
v 0.012012 0.428898 -0.025512
v 0.015562 0.426008 -0.023466
v 0.015750 0.426383 -0.023791
v 0.015695 0.426118 -0.023696
v 0.015562 0.429008 -0.023466
v 0.015750 0.428633 -0.023791
v 0.015695 0.428898 -0.023696
v 0.018947 0.426008 -0.021204
v 0.019176 0.426383 -0.021502
v 0.019109 0.426118 -0.021415
v 0.018947 0.429008 -0.021204
v 0.019176 0.428633 -0.021502
v 0.019109 0.428898 -0.021415
v 0.022008 0.426008 -0.018520
v 0.022274 0.426383 -0.018786
v 0.022196 0.426118 -0.018707
v 0.022008 0.429008 -0.018520
v 0.022274 0.428633 -0.018786
v 0.022196 0.428898 -0.018707
v 0.024692 0.426008 -0.015459
v 0.024991 0.426383 -0.015688
v 0.024903 0.426118 -0.015620
v 0.024692 0.429008 -0.015459
v 0.024991 0.428633 -0.015688
v 0.024903 0.428898 -0.015620
v 0.026954 0.426008 -0.012074
v 0.027280 0.426383 -0.012262
v 0.027184 0.426118 -0.012206
v 0.026954 0.429008 -0.012074
v 0.027280 0.428633 -0.012262
v 0.027184 0.428898 -0.012206
v 0.028755 0.426008 -0.008422
v 0.029102 0.426383 -0.008566
v 0.029000 0.426118 -0.008524
v 0.028755 0.429008 -0.008422
v 0.029102 0.428633 -0.008566
v 0.029000 0.428898 -0.008524
v 0.030064 0.426008 -0.004567
v 0.030427 0.426383 -0.004664
v 0.030320 0.426118 -0.004636
v 0.030064 0.429008 -0.004567
v 0.030427 0.428633 -0.004664
v 0.030320 0.428898 -0.004636
v 0.030858 0.426008 -0.000574
v 0.031231 0.426383 -0.000623
v 0.031121 0.426118 -0.000609
v 0.030858 0.429008 -0.000574
v 0.031231 0.428633 -0.000623
v 0.031121 0.428898 -0.000609
v 0.031124 0.426008 0.003488
v 0.031500 0.426383 0.003488
v 0.031390 0.426118 0.003488
v 0.031124 0.429008 0.003488
v 0.031500 0.428633 0.003488
v 0.031390 0.428898 0.003488
v 0.030858 0.426008 0.007551
v 0.031231 0.426383 0.007600
v 0.031121 0.426118 0.007585
v 0.030858 0.429008 0.007551
v 0.031231 0.428633 0.007600
v 0.031121 0.428898 0.007585
v 0.030064 0.426008 0.011544
v 0.030427 0.426383 0.011641
v 0.030320 0.426118 0.011613
v 0.030064 0.429008 0.011544
v 0.030427 0.428633 0.011641
v 0.030320 0.428898 0.011613
v 0.028755 0.426008 0.015399
v 0.029102 0.426383 0.015543
v 0.029000 0.426118 0.015501
v 0.028755 0.429008 0.015399
v 0.029102 0.428633 0.015543
v 0.029000 0.428898 0.015501
v 0.026954 0.426008 0.019050
v 0.027280 0.426383 0.019238
v 0.027184 0.426118 0.019183
v 0.026954 0.429008 0.019050
v 0.027280 0.428633 0.019238
v 0.027184 0.428898 0.019183
v 0.024692 0.426008 0.022436
v 0.024991 0.426383 0.022664
v 0.024903 0.426118 0.022597
v 0.024692 0.429008 0.022436
v 0.024991 0.428633 0.022664
v 0.024903 0.428898 0.022597
v 0.022008 0.426008 0.025496
v 0.022274 0.426383 0.025762
v 0.022196 0.426118 0.025684
v 0.022008 0.429008 0.025496
v 0.022274 0.428633 0.025762
v 0.022196 0.428898 0.025684
v 0.018947 0.426008 0.028181
v 0.019176 0.426383 0.028479
v 0.019109 0.426118 0.028391
v 0.018947 0.429008 0.028181
v 0.019176 0.428633 0.028479
v 0.019109 0.428898 0.028391
v 0.015562 0.426008 0.030443
v 0.015750 0.426383 0.030768
v 0.015695 0.426118 0.030672
v 0.015562 0.429008 0.030443
v 0.015750 0.428633 0.030768
v 0.015695 0.428898 0.030672
v 0.011911 0.426008 0.032243
v 0.012055 0.426383 0.032591
v 0.012012 0.426118 0.032489
v 0.011911 0.429008 0.032243
v 0.012055 0.428633 0.032591
v 0.012012 0.428898 0.032489
v 0.008056 0.426008 0.033552
v 0.008153 0.426383 0.033915
v 0.008124 0.426118 0.033808
v 0.008056 0.429008 0.033552
v 0.008153 0.428633 0.033915
v 0.008124 0.428898 0.033808
v 0.004063 0.426008 0.034346
v 0.004112 0.426383 0.034719
v 0.004097 0.426118 0.034609
v 0.004063 0.429008 0.034346
v 0.004112 0.428633 0.034719
v 0.004097 0.428898 0.034609
v -0.000000 0.426008 0.034613
v 0.000000 0.426383 0.034988
v -0.000000 0.426118 0.034878
v 0.000000 0.429008 0.034613
v 0.000000 0.428633 0.034988
v 0.000000 0.428898 0.034878
v -0.004063 0.426008 0.034346
v -0.004112 0.426383 0.034719
v -0.004097 0.426118 0.034609
v -0.004063 0.429008 0.034346
v -0.004112 0.428633 0.034719
v -0.004097 0.428898 0.034609
v -0.008056 0.426008 0.033552
v -0.008153 0.426383 0.033915
v -0.008124 0.426118 0.033808
v -0.008056 0.429008 0.033552
v -0.008153 0.428633 0.033915
v -0.008124 0.428898 0.033808
v -0.011911 0.426008 0.032243
v -0.012055 0.426383 0.032591
v -0.012012 0.426118 0.032489
v -0.011911 0.429008 0.032243
v -0.012055 0.428633 0.032591
v -0.012012 0.428898 0.032489
v -0.015562 0.426008 0.030443
v -0.015750 0.426383 0.030768
v -0.015695 0.426118 0.030672
v -0.015562 0.429008 0.030443
v -0.015750 0.428633 0.030768
v -0.015695 0.428898 0.030672
v -0.018947 0.426008 0.028181
v -0.019176 0.426383 0.028479
v -0.019109 0.426118 0.028391
v -0.018947 0.429008 0.028181
v -0.019176 0.428633 0.028479
v -0.019109 0.428898 0.028391
v -0.022008 0.426008 0.025496
v -0.022274 0.426383 0.025762
v -0.022196 0.426118 0.025684
v -0.022008 0.429008 0.025496
v -0.022274 0.428633 0.025762
v -0.022196 0.428898 0.025684
v -0.024692 0.426008 0.022436
v -0.024991 0.426383 0.022664
v -0.024903 0.426118 0.022597
v -0.024692 0.429008 0.022436
v -0.024991 0.428633 0.022664
v -0.024903 0.428898 0.022597
v -0.026954 0.426008 0.019050
v -0.027280 0.426383 0.019238
v -0.027184 0.426118 0.019183
v -0.026954 0.429008 0.019050
v -0.027280 0.428633 0.019238
v -0.027184 0.428898 0.019183
v -0.028755 0.426008 0.015399
v -0.029102 0.426383 0.015543
v -0.029000 0.426118 0.015501
v -0.028755 0.429008 0.015399
v -0.029102 0.428633 0.015543
v -0.029000 0.428898 0.015501
v -0.030064 0.426008 0.011544
v -0.030427 0.426383 0.011641
v -0.030320 0.426118 0.011613
v -0.030064 0.429008 0.011544
v -0.030427 0.428633 0.011641
v -0.030320 0.428898 0.011613
v -0.030858 0.426008 0.007551
v -0.031231 0.426383 0.007600
v -0.031121 0.426118 0.007585
v -0.030858 0.429008 0.007551
v -0.031231 0.428633 0.007600
v -0.031121 0.428898 0.007585
v -0.031124 0.426008 0.003488
v -0.031500 0.426383 0.003488
v -0.031390 0.426118 0.003488
v -0.031124 0.429008 0.003488
v -0.031500 0.428633 0.003488
v -0.031390 0.428898 0.003488
v -0.030858 0.426008 -0.000574
v -0.031231 0.426383 -0.000623
v -0.031121 0.426118 -0.000609
v -0.030858 0.429008 -0.000574
v -0.031231 0.428633 -0.000623
v -0.031121 0.428898 -0.000609
v -0.030064 0.426008 -0.004567
v -0.030427 0.426383 -0.004664
v -0.030320 0.426118 -0.004636
v -0.030064 0.429008 -0.004567
v -0.030427 0.428633 -0.004664
v -0.030320 0.428898 -0.004636
v -0.028755 0.426008 -0.008422
v -0.029102 0.426383 -0.008566
v -0.029000 0.426118 -0.008524
v -0.028755 0.429008 -0.008422
v -0.029102 0.428633 -0.008566
v -0.029000 0.428898 -0.008524
v -0.026954 0.426008 -0.012074
v -0.027280 0.426383 -0.012262
v -0.027184 0.426118 -0.012206
v -0.026954 0.429008 -0.012074
v -0.027280 0.428633 -0.012262
v -0.027184 0.428898 -0.012206
v -0.024692 0.426008 -0.015459
v -0.024991 0.426383 -0.015688
v -0.024903 0.426118 -0.015620
v -0.024692 0.429008 -0.015459
v -0.024991 0.428633 -0.015688
v -0.024903 0.428898 -0.015620
v -0.022008 0.426008 -0.018520
v -0.022274 0.426383 -0.018786
v -0.022196 0.426118 -0.018707
v -0.022008 0.429008 -0.018520
v -0.022274 0.428633 -0.018786
v -0.022196 0.428898 -0.018707
v -0.018947 0.426008 -0.021204
v -0.019176 0.426383 -0.021502
v -0.019109 0.426118 -0.021415
v -0.018947 0.429008 -0.021204
v -0.019176 0.428633 -0.021502
v -0.019109 0.428898 -0.021415
v -0.015562 0.426008 -0.023466
v -0.015750 0.426383 -0.023791
v -0.015695 0.426118 -0.023696
v -0.015562 0.429008 -0.023466
v -0.015750 0.428633 -0.023791
v -0.015695 0.428898 -0.023696
v -0.011911 0.426008 -0.025267
v -0.012055 0.426383 -0.025614
v -0.012012 0.426118 -0.025512
v -0.011911 0.429008 -0.025267
v -0.012055 0.428633 -0.025614
v -0.012012 0.428898 -0.025512
v -0.008056 0.426008 -0.026575
v -0.008153 0.426383 -0.026938
v -0.008124 0.426118 -0.026832
v -0.008056 0.429008 -0.026575
v -0.008153 0.428633 -0.026938
v -0.008124 0.428898 -0.026832
v -0.004063 0.426008 -0.027370
v -0.004112 0.426383 -0.027742
v -0.004097 0.426118 -0.027633
v -0.004063 0.429008 -0.027370
v -0.004112 0.428633 -0.027742
v -0.004097 0.428898 -0.027633
vn -0.1304 -0.0438 -0.9905
vn -0.1304 0.0438 -0.9905
vn -0.0000 0.0438 -0.9990
vn -0.0000 -0.0438 -0.9990
vn 0.2586 -0.0438 -0.9650
vn 0.2586 0.0438 -0.9650
vn 0.3823 0.0438 -0.9230
vn 0.3823 -0.0438 -0.9230
vn 0.4995 0.0438 -0.8652
vn 0.4995 -0.0438 -0.8652
vn 0.6082 0.0438 -0.7926
vn 0.6082 -0.0438 -0.7926
vn 0.7064 0.0438 -0.7064
vn 0.7064 -0.0438 -0.7064
vn 0.7926 0.0438 -0.6082
vn 0.7926 -0.0438 -0.6082
vn 0.8652 0.0438 -0.4995
vn 0.8652 -0.0438 -0.4995
vn 0.9230 0.0438 -0.3823
vn 0.9230 -0.0438 -0.3823
vn 0.9650 0.0438 -0.2586
vn 0.9650 -0.0438 -0.2586
vn 0.9905 0.0438 -0.1304
vn 0.9905 -0.0438 -0.1304
vn 0.9990 0.0438 -0.0000
vn 0.9990 -0.0438 -0.0000
vn 0.9905 0.0438 0.1304
vn 0.9905 -0.0438 0.1304
vn 0.9650 0.0438 0.2586
vn 0.9650 -0.0438 0.2586
vn 0.9230 0.0438 0.3823
vn 0.9230 -0.0438 0.3823
vn 0.8652 0.0438 0.4995
vn 0.8652 -0.0438 0.4995
vn 0.7926 0.0438 0.6082
vn 0.7926 -0.0438 0.6082
vn 0.7064 0.0438 0.7064
vn 0.7064 -0.0438 0.7064
vn 0.6082 0.0438 0.7926
vn 0.6082 -0.0438 0.7926
vn 0.4995 0.0438 0.8652
vn 0.4995 -0.0438 0.8652
vn 0.3823 0.0438 0.9230
vn 0.3823 -0.0438 0.9230
vn 0.2586 0.0438 0.9650
vn 0.2586 -0.0438 0.9650
vn 0.1304 0.0438 0.9905
vn 0.1304 -0.0438 0.9905
vn -0.0000 0.0438 0.9990
vn -0.0000 -0.0438 0.9990
vn -0.1304 0.0438 0.9905
vn -0.1304 -0.0438 0.9905
vn -0.2586 0.0438 0.9650
vn -0.2586 -0.0438 0.9650
vn -0.3823 0.0438 0.9230
vn -0.3823 -0.0438 0.9230
vn -0.4995 0.0438 0.8652
vn -0.4995 -0.0438 0.8652
vn -0.6082 0.0438 0.7926
vn -0.6082 -0.0438 0.7926
vn -0.7064 0.0438 0.7064
vn -0.7064 -0.0438 0.7064
vn -0.7926 0.0438 0.6082
vn -0.7926 -0.0438 0.6082
vn -0.8652 0.0438 0.4995
vn -0.8652 -0.0438 0.4995
vn -0.9230 0.0438 0.3823
vn -0.9230 -0.0438 0.3823
vn -0.9650 0.0438 0.2586
vn -0.9650 -0.0438 0.2586
vn -0.9905 0.0438 0.1304
vn -0.9905 -0.0438 0.1304
vn -0.9990 0.0438 -0.0000
vn -0.9990 -0.0438 -0.0000
vn -0.9905 0.0438 -0.1304
vn -0.9905 -0.0438 -0.1304
vn -0.9650 0.0438 -0.2586
vn -0.9650 -0.0438 -0.2586
vn -0.9230 0.0438 -0.3823
vn -0.9230 -0.0438 -0.3823
vn -0.8652 0.0438 -0.4995
vn -0.8652 -0.0438 -0.4995
vn -0.7926 0.0438 -0.6082
vn -0.7926 -0.0438 -0.6082
vn -0.7064 0.0438 -0.7064
vn -0.7064 -0.0438 -0.7064
vn -0.6082 0.0438 -0.7926
vn -0.6082 -0.0438 -0.7926
vn -0.4995 0.0438 -0.8652
vn -0.4995 -0.0438 -0.8652
vn -0.3823 0.0438 -0.9230
vn -0.3823 -0.0438 -0.9230
vn -0.2586 0.0438 -0.9650
vn -0.2586 -0.0438 -0.9650
vn 0.1304 -0.0438 -0.9905
vn 0.1304 0.0438 -0.9905
vn 0.0001 1.0000 -0.0003
vn -0.0000 1.0000 -0.0003
vn -0.0001 1.0000 -0.0003
vn -0.0002 1.0000 -0.0003
vn -0.0003 1.0000 -0.0002
vn -0.0003 1.0000 -0.0001
vn -0.0003 1.0000 -0.0000
vn -0.0003 1.0000 0.0001
vn -0.0003 1.0000 0.0002
vn -0.0002 1.0000 0.0003
vn -0.0001 1.0000 0.0003
vn -0.0000 1.0000 0.0003
vn 0.0001 1.0000 0.0003
vn 0.0002 1.0000 0.0003
vn 0.0003 1.0000 0.0002
vn 0.0003 1.0000 0.0001
vn 0.0003 1.0000 -0.0000
vn 0.0003 1.0000 -0.0001
vn 0.0003 1.0000 -0.0002
vn 0.0002 1.0000 -0.0003
vn 0.0923 -0.7070 -0.7012
vn -0.0000 -0.7070 -0.7072
vn 0.0001 -1.0000 -0.0003
vn -0.0000 -1.0000 -0.0003
vn -0.0000 0.7070 -0.7072
vn 0.0923 0.7070 -0.7012
vn 0.1830 -0.7070 -0.6831
vn 0.1830 0.7070 -0.6831
vn 0.2706 -0.7070 -0.6534
vn 0.2706 0.7070 -0.6534
vn 0.3536 -0.7070 -0.6125
vn 0.0002 -1.0000 -0.0003
vn 0.3536 0.7070 -0.6125
vn 0.4305 -0.7070 -0.5611
vn 0.4305 0.7070 -0.5611
vn 0.5001 -0.7070 -0.5001
vn 0.0003 -1.0000 -0.0002
vn 0.5001 0.7070 -0.5001
vn 0.5611 -0.7070 -0.4305
vn 0.5611 0.7070 -0.4305
vn 0.6125 -0.7070 -0.3536
vn 0.6125 0.7070 -0.3536
vn 0.6534 -0.7070 -0.2706
vn 0.0003 -1.0000 -0.0001
vn 0.6534 0.7070 -0.2706
vn 0.6831 -0.7070 -0.1830
vn 0.6831 0.7070 -0.1830
vn 0.7012 -0.7070 -0.0923
vn 0.0003 -1.0000 -0.0000
vn 0.7012 0.7070 -0.0923
vn 0.7072 -0.7070 -0.0000
vn 0.7072 0.7070 -0.0000
vn 0.7012 -0.7070 0.0923
vn 0.0003 -1.0000 0.0001
vn 0.7012 0.7070 0.0923
vn 0.6831 -0.7070 0.1830
vn 0.6831 0.7070 0.1830
vn 0.6534 -0.7070 0.2706
vn 0.6534 0.7070 0.2706
vn 0.6125 -0.7070 0.3536
vn 0.0003 -1.0000 0.0002
vn 0.6125 0.7070 0.3536
vn 0.5611 -0.7070 0.4305
vn 0.5611 0.7070 0.4305
vn 0.5001 -0.7070 0.5001
vn 0.0002 -1.0000 0.0003
vn 0.5001 0.7070 0.5001
vn 0.4305 -0.7070 0.5611
vn 0.4305 0.7070 0.5611
vn 0.3536 -0.7070 0.6125
vn 0.3536 0.7070 0.6125
vn 0.2706 -0.7070 0.6534
vn 0.0001 -1.0000 0.0003
vn 0.2706 0.7070 0.6534
vn 0.1830 -0.7070 0.6831
vn 0.1830 0.7070 0.6831
vn 0.0923 -0.7070 0.7012
vn -0.0000 -1.0000 0.0003
vn 0.0923 0.7070 0.7012
vn -0.0000 -0.7070 0.7072
vn -0.0000 0.7070 0.7072
vn -0.0923 -0.7070 0.7012
vn -0.0001 -1.0000 0.0003
vn -0.0923 0.7070 0.7012
vn -0.1830 -0.7070 0.6831
vn -0.1830 0.7070 0.6831
vn -0.2706 -0.7070 0.6534
vn -0.2706 0.7070 0.6534
vn -0.3536 -0.7070 0.6125
vn -0.0002 -1.0000 0.0003
vn -0.3536 0.7070 0.6125
vn -0.4305 -0.7070 0.5611
vn -0.4305 0.7070 0.5611
vn -0.5001 -0.7070 0.5001
vn -0.0003 -1.0000 0.0002
vn -0.5001 0.7070 0.5001
vn -0.5611 -0.7070 0.4305
vn -0.5611 0.7070 0.4305
vn -0.6125 -0.7070 0.3536
vn -0.6125 0.7070 0.3536
vn -0.6534 -0.7070 0.2706
vn -0.0003 -1.0000 0.0001
vn -0.6534 0.7070 0.2706
vn -0.6831 -0.7070 0.1830
vn -0.6831 0.7070 0.1830
vn -0.7012 -0.7070 0.0923
vn -0.0003 -1.0000 -0.0000
vn -0.7012 0.7070 0.0923
vn -0.7072 -0.7070 -0.0000
vn -0.7072 0.7070 -0.0000
vn -0.7012 -0.7070 -0.0923
vn -0.0003 -1.0000 -0.0001
vn -0.7012 0.7070 -0.0923
vn -0.6831 -0.7070 -0.1830
vn -0.6831 0.7070 -0.1830
vn -0.6534 -0.7070 -0.2706
vn -0.6534 0.7070 -0.2706
vn -0.6125 -0.7070 -0.3536
vn -0.0003 -1.0000 -0.0002
vn -0.6125 0.7070 -0.3536
vn -0.5611 -0.7070 -0.4305
vn -0.5611 0.7070 -0.4305
vn -0.5001 -0.7070 -0.5001
vn -0.0002 -1.0000 -0.0003
vn -0.5001 0.7070 -0.5001
vn -0.4305 -0.7070 -0.5611
vn -0.4305 0.7070 -0.5611
vn -0.3536 -0.7070 -0.6125
vn -0.3536 0.7070 -0.6125
vn -0.2706 -0.7070 -0.6534
vn -0.0001 -1.0000 -0.0003
vn -0.2706 0.7070 -0.6534
vn -0.1830 -0.7070 -0.6831
vn -0.1830 0.7070 -0.6831
vn -0.0923 -0.7070 -0.7012
vn -0.0923 0.7070 -0.7012
vt 0.020834 0.562500
vt 0.020834 0.937500
vt 0.000000 0.937500
vt 0.000000 0.562500
vt 0.958333 0.562500
vt 0.958333 0.937500
vt 0.937500 0.937500
vt 0.937500 0.562500
vt 0.916667 0.937500
vt 0.916667 0.562500
vt 0.895833 0.937500
vt 0.895833 0.562500
vt 0.875000 0.937500
vt 0.875000 0.562500
vt 0.854167 0.937500
vt 0.854167 0.562500
vt 0.854167 0.562500
vt 0.854167 0.937500
vt 0.833333 0.937500
vt 0.833333 0.562500
vt 0.812500 0.937500
vt 0.812500 0.562500
vt 0.812500 0.562500
vt 0.812500 0.937500
vt 0.791667 0.937500
vt 0.791667 0.562500
vt 0.770834 0.937500
vt 0.770834 0.562500
vt 0.750000 0.937500
vt 0.750000 0.562500
vt 0.750000 0.562500
vt 0.750000 0.937500
vt 0.729167 0.937500
vt 0.729167 0.562500
vt 0.708334 0.937500
vt 0.708334 0.562500
vt 0.687500 0.937500
vt 0.687500 0.562500
vt 0.666667 0.937500
vt 0.666667 0.562500
vt 0.645834 0.937500
vt 0.645834 0.562500
vt 0.645834 0.562500
vt 0.645834 0.937500
vt 0.625000 0.937500
vt 0.625000 0.562500
vt 0.604167 0.937500
vt 0.604167 0.562500
vt 0.583334 0.937500
vt 0.583334 0.562500
vt 0.562500 0.937500
vt 0.562500 0.562500
vt 0.541667 0.937500
vt 0.541667 0.562500
vt 0.520834 0.937500
vt 0.520834 0.562500
vt 0.500000 0.937500
vt 0.500000 0.562500
vt 0.479167 0.937500
vt 0.479167 0.562500
vt 0.458334 0.937500
vt 0.458334 0.562500
vt 0.437500 0.937500
vt 0.437500 0.562500
vt 0.416667 0.937500
vt 0.416667 0.562500
vt 0.416667 0.562500
vt 0.416667 0.937500
vt 0.395834 0.937500
vt 0.395834 0.562500
vt 0.375000 0.937500
vt 0.375000 0.562500
vt 0.354167 0.937500
vt 0.354167 0.562500
vt 0.354167 0.562500
vt 0.354167 0.937500
vt 0.333334 0.937500
vt 0.333334 0.562500
vt 0.312500 0.937500
vt 0.312500 0.562500
vt 0.291667 0.937500
vt 0.291667 0.562500
vt 0.270834 0.937500
vt 0.270834 0.562500
vt 0.250000 0.937500
vt 0.250000 0.562500
vt 0.229167 0.937500
vt 0.229167 0.562500
vt 0.229167 0.562500
vt 0.229167 0.937500
vt 0.208334 0.937500
vt 0.208334 0.562500
vt 0.187500 0.937500
vt 0.187500 0.562500
vt 0.166667 0.937500
vt 0.166667 0.562500
vt 0.166667 0.562500
vt 0.166667 0.937500
vt 0.145834 0.937500
vt 0.145834 0.562500
vt 0.145834 0.562500
vt 0.145834 0.937500
vt 0.125000 0.937500
vt 0.125000 0.562500
vt 0.104167 0.937500
vt 0.104167 0.562500
vt 0.083334 0.937500
vt 0.083334 0.562500
vt 0.062500 0.937500
vt 0.062500 0.562500
vt 0.041667 0.937500
vt 0.041667 0.562500
vt 0.979167 0.562500
vt 0.979167 0.937500
vt 0.280953 0.485108
vt 0.250000 0.487137
vt 0.219047 0.485108
vt 0.188624 0.479056
vt 0.159252 0.469086
vt 0.131432 0.455366
vt 0.105640 0.438133
vt 0.082319 0.417681
vt 0.061867 0.394360
vt 0.044634 0.368568
vt 0.030914 0.340748
vt 0.020944 0.311375
vt 0.014892 0.280953
vt 0.012863 0.250000
vt 0.014892 0.219047
vt 0.020944 0.188624
vt 0.030914 0.159252
vt 0.044634 0.131432
vt 0.061867 0.105640
vt 0.082319 0.082319
vt 0.105640 0.061867
vt 0.131432 0.044634
vt 0.159252 0.030914
vt 0.188625 0.020944
vt 0.219047 0.014892
vt 0.250000 0.012863
vt 0.280953 0.014892
vt 0.311375 0.020944
vt 0.340748 0.030914
vt 0.368568 0.044634
vt 0.394360 0.061867
vt 0.417681 0.082319
vt 0.438133 0.105640
vt 0.455366 0.131432
vt 0.469086 0.159252
vt 0.479057 0.188625
vt 0.485108 0.219047
vt 0.487137 0.250000
vt 0.485108 0.280953
vt 0.479056 0.311375
vt 0.469086 0.340748
vt 0.455366 0.368568
vt 0.438133 0.394360
vt 0.417681 0.417681
vt 0.394360 0.438133
vt 0.368568 0.455366
vt 0.340748 0.469086
vt 0.311375 0.479056
vt 1.000000 0.562500
vt 1.000000 0.937500
vt 0.979167 0.937500
vt 0.979167 0.562500
vt 0.979203 0.500000
vt 0.999963 0.500000
vt 0.750055 0.489996
vt 0.781271 0.487950
vt 0.780953 0.485108
vt 0.750000 0.487137
vt 0.999964 1.000000
vt 0.979203 1.000000
vt 0.281271 0.487950
vt 0.250055 0.489996
vt 0.958370 0.500000
vt 0.979130 0.500000
vt 0.781380 0.487936
vt 0.812063 0.481833
vt 0.811375 0.479056
vt 0.979130 1.000000
vt 0.958370 1.000000
vt 0.312063 0.481833
vt 0.281380 0.487936
vt 0.937537 0.500000
vt 0.958297 0.500000
vt 0.812169 0.481804
vt 0.841792 0.471749
vt 0.840748 0.469086
vt 0.958297 1.000000
vt 0.937537 1.000000
vt 0.341792 0.471749
vt 0.312169 0.481805
vt 0.916703 0.500000
vt 0.937464 0.500000
vt 0.841893 0.471707
vt 0.869951 0.457870
vt 0.868568 0.455366
vt 0.937464 1.000000
vt 0.916703 1.000000
vt 0.369951 0.457870
vt 0.341893 0.471707
vt 0.895870 0.500000
vt 0.916630 0.500000
vt 0.870046 0.457815
vt 0.896057 0.440435
vt 0.894359 0.438133
vt 0.916630 1.000000
vt 0.895870 1.000000
vt 0.396057 0.440435
vt 0.370046 0.457815
vt 0.875037 0.500000
vt 0.895797 0.500000
vt 0.896144 0.440369
vt 0.919664 0.419742
vt 0.917681 0.417681
vt 0.895797 1.000000
vt 0.875037 1.000000
vt 0.419664 0.419742
vt 0.396144 0.440368
vt 0.854203 0.500000
vt 0.874964 0.500000
vt 0.919742 0.419664
vt 0.940368 0.396144
vt 0.938133 0.394360
vt 0.874964 1.000000
vt 0.854203 1.000000
vt 0.440369 0.396144
vt 0.419742 0.419664
vt 0.833370 0.500000
vt 0.854130 0.500000
vt 0.940435 0.396057
vt 0.957815 0.370046
vt 0.955366 0.368568
vt 0.854130 1.000000
vt 0.833370 1.000000
vt 0.457815 0.370046
vt 0.440435 0.396057
vt 0.812537 0.500000
vt 0.833297 0.500000
vt 0.957870 0.369951
vt 0.971707 0.341893
vt 0.969086 0.340748
vt 0.833297 1.000000
vt 0.812537 1.000000
vt 0.471707 0.341893
vt 0.457870 0.369951
vt 0.791703 0.500000
vt 0.812464 0.500000
vt 0.971749 0.341792
vt 0.981804 0.312169
vt 0.979056 0.311375
vt 0.812464 1.000000
vt 0.791703 1.000000
vt 0.481804 0.312169
vt 0.471749 0.341792
vt 0.770870 0.500000
vt 0.791630 0.500000
vt 0.981833 0.312063
vt 0.987936 0.281380
vt 0.985108 0.280953
vt 0.791630 1.000000
vt 0.770870 1.000000
vt 0.487936 0.281380
vt 0.481833 0.312063
vt 0.750037 0.500000
vt 0.770797 0.500000
vt 0.987950 0.281271
vt 0.989996 0.250055
vt 0.987137 0.250000
vt 0.770797 1.000000
vt 0.750037 1.000000
vt 0.489996 0.250055
vt 0.487950 0.281271
vt 0.729203 0.500000
vt 0.749964 0.500000
vt 0.989996 0.249945
vt 0.987950 0.218729
vt 0.985108 0.219047
vt 0.749964 1.000000
vt 0.729203 1.000000
vt 0.487950 0.218729
vt 0.489996 0.249945
vt 0.708370 0.500000
vt 0.729130 0.500000
vt 0.987936 0.218620
vt 0.981833 0.187937
vt 0.979056 0.188624
vt 0.729130 1.000000
vt 0.708370 1.000000
vt 0.481833 0.187937
vt 0.487936 0.218620
vt 0.687537 0.500000
vt 0.708297 0.500000
vt 0.981804 0.187831
vt 0.971749 0.158208
vt 0.969086 0.159252
vt 0.708297 1.000000
vt 0.687537 1.000000
vt 0.471749 0.158208
vt 0.481805 0.187831
vt 0.666704 0.500000
vt 0.687464 0.500000
vt 0.971707 0.158107
vt 0.957870 0.130049
vt 0.955366 0.131432
vt 0.687464 1.000000
vt 0.666703 1.000000
vt 0.457870 0.130049
vt 0.471707 0.158107
vt 0.645870 0.500000
vt 0.666631 0.500000
vt 0.957815 0.129954
vt 0.940435 0.103943
vt 0.938133 0.105640
vt 0.666631 1.000000
vt 0.645870 1.000000
vt 0.440435 0.103943
vt 0.457815 0.129954
vt 0.625037 0.500000
vt 0.645797 0.500000
vt 0.940369 0.103856
vt 0.919742 0.080336
vt 0.917681 0.082319
vt 0.645797 1.000000
vt 0.625037 1.000000
vt 0.419742 0.080336
vt 0.440368 0.103856
vt 0.604204 0.500000
vt 0.624964 0.500000
vt 0.919664 0.080258
vt 0.896144 0.059632
vt 0.894359 0.061867
vt 0.624964 1.000000
vt 0.604204 1.000000
vt 0.396144 0.059631
vt 0.419664 0.080258
vt 0.583370 0.500000
vt 0.604131 0.500000
vt 0.896057 0.059565
vt 0.870046 0.042184
vt 0.868568 0.044634
vt 0.604131 1.000000
vt 0.583370 1.000000
vt 0.370046 0.042184
vt 0.396057 0.059565
vt 0.562537 0.500000
vt 0.583297 0.500000
vt 0.869951 0.042130
vt 0.841893 0.028293
vt 0.840748 0.030914
vt 0.583297 1.000000
vt 0.562537 1.000000
vt 0.341893 0.028293
vt 0.369951 0.042130
vt 0.541704 0.500000
vt 0.562464 0.500000
vt 0.841792 0.028251
vt 0.812169 0.018195
vt 0.811375 0.020944
vt 0.562464 1.000000
vt 0.541704 1.000000
vt 0.312169 0.018195
vt 0.341792 0.028251
vt 0.520870 0.500000
vt 0.541631 0.500000
vt 0.812063 0.018167
vt 0.781380 0.012064
vt 0.780953 0.014892
vt 0.541631 1.000000
vt 0.520870 1.000000
vt 0.281380 0.012064
vt 0.312063 0.018167
vt 0.500037 0.500000
vt 0.520797 0.500000
vt 0.781271 0.012050
vt 0.750055 0.010004
vt 0.750000 0.012863
vt 0.520797 1.000000
vt 0.500037 1.000000
vt 0.250055 0.010004
vt 0.281271 0.012050
vt 0.479204 0.500000
vt 0.499964 0.500000
vt 0.749945 0.010004
vt 0.718729 0.012050
vt 0.719047 0.014892
vt 0.499964 1.000000
vt 0.479204 1.000000
vt 0.218729 0.012050
vt 0.249945 0.010004
vt 0.458370 0.500000
vt 0.479131 0.500000
vt 0.718620 0.012064
vt 0.687937 0.018167
vt 0.688625 0.020944
vt 0.479131 1.000000
vt 0.458370 1.000000
vt 0.187937 0.018167
vt 0.218620 0.012064
vt 0.437537 0.500000
vt 0.458297 0.500000
vt 0.687831 0.018195
vt 0.658208 0.028251
vt 0.659252 0.030914
vt 0.458297 1.000000
vt 0.437537 1.000000
vt 0.158208 0.028251
vt 0.187831 0.018195
vt 0.416704 0.500000
vt 0.437464 0.500000
vt 0.658107 0.028293
vt 0.630049 0.042130
vt 0.631432 0.044634
vt 0.437464 1.000000
vt 0.416704 1.000000
vt 0.130049 0.042130
vt 0.158107 0.028293
vt 0.395870 0.500000
vt 0.416631 0.500000
vt 0.629954 0.042184
vt 0.603943 0.059565
vt 0.605640 0.061867
vt 0.416631 1.000000
vt 0.395870 1.000000
vt 0.103943 0.059565
vt 0.129954 0.042184
vt 0.375037 0.500000
vt 0.395797 0.500000
vt 0.603856 0.059631
vt 0.580336 0.080258
vt 0.582319 0.082319
vt 0.395797 1.000000
vt 0.375037 1.000000
vt 0.080336 0.080258
vt 0.103856 0.059632
vt 0.354204 0.500000
vt 0.374964 0.500000
vt 0.580258 0.080336
vt 0.559632 0.103856
vt 0.561867 0.105640
vt 0.374964 1.000000
vt 0.354204 1.000000
vt 0.059631 0.103856
vt 0.080258 0.080336
vt 0.333370 0.500000
vt 0.354131 0.500000
vt 0.559565 0.103943
vt 0.542184 0.129954
vt 0.544634 0.131432
vt 0.354131 1.000000
vt 0.333370 1.000000
vt 0.042184 0.129954
vt 0.059565 0.103943
vt 0.312537 0.500000
vt 0.333297 0.500000
vt 0.542130 0.130049
vt 0.528293 0.158107
vt 0.530914 0.159252
vt 0.333297 1.000000
vt 0.312537 1.000000
vt 0.028293 0.158107
vt 0.042130 0.130049
vt 0.291704 0.500000
vt 0.312464 0.500000
vt 0.528251 0.158208
vt 0.518196 0.187831
vt 0.520944 0.188625
vt 0.312464 1.000000
vt 0.291704 1.000000
vt 0.018195 0.187831
vt 0.028251 0.158208
vt 0.270870 0.500000
vt 0.291631 0.500000
vt 0.518167 0.187937
vt 0.512064 0.218620
vt 0.514892 0.219047
vt 0.291631 1.000000
vt 0.270870 1.000000
vt 0.012064 0.218620
vt 0.018167 0.187937
vt 0.250037 0.500000
vt 0.270797 0.500000
vt 0.512050 0.218729
vt 0.510004 0.249945
vt 0.512863 0.250000
vt 0.270797 1.000000
vt 0.250037 1.000000
vt 0.010004 0.249945
vt 0.012050 0.218729
vt 0.229204 0.500000
vt 0.249964 0.500000
vt 0.510004 0.250055
vt 0.512050 0.281271
vt 0.514892 0.280953
vt 0.249964 1.000000
vt 0.229204 1.000000
vt 0.012050 0.281271
vt 0.010004 0.250055
vt 0.208370 0.500000
vt 0.229130 0.500000
vt 0.512064 0.281380
vt 0.518167 0.312063
vt 0.520943 0.311375
vt 0.229131 1.000000
vt 0.208370 1.000000
vt 0.018167 0.312063
vt 0.012064 0.281380
vt 0.187537 0.500000
vt 0.208297 0.500000
vt 0.518196 0.312169
vt 0.528251 0.341792
vt 0.530914 0.340748
vt 0.208297 1.000000
vt 0.187537 1.000000
vt 0.028251 0.341792
vt 0.018195 0.312169
vt 0.166704 0.500000
vt 0.187464 0.500000
vt 0.528293 0.341893
vt 0.542130 0.369951
vt 0.544634 0.368568
vt 0.187464 1.000000
vt 0.166704 1.000000
vt 0.042130 0.369951
vt 0.028293 0.341893
vt 0.145870 0.500000
vt 0.166631 0.500000
vt 0.542185 0.370046
vt 0.559565 0.396057
vt 0.561867 0.394360
vt 0.166631 1.000000
vt 0.145870 1.000000
vt 0.059565 0.396057
vt 0.042184 0.370046
vt 0.125037 0.500000
vt 0.145797 0.500000
vt 0.559631 0.396144
vt 0.580258 0.419664
vt 0.582319 0.417681
vt 0.145797 1.000000
vt 0.125037 1.000000
vt 0.080258 0.419664
vt 0.059632 0.396144
vt 0.104204 0.500000
vt 0.124964 0.500000
vt 0.580336 0.419742
vt 0.603856 0.440368
vt 0.605640 0.438133
vt 0.124964 1.000000
vt 0.104204 1.000000
vt 0.103856 0.440369
vt 0.080336 0.419742
vt 0.083370 0.500000
vt 0.104131 0.500000
vt 0.603943 0.440435
vt 0.629954 0.457815
vt 0.631432 0.455366
vt 0.104131 1.000000
vt 0.083370 1.000000
vt 0.129954 0.457815
vt 0.103943 0.440435
vt 0.062537 0.500000
vt 0.083297 0.500000
vt 0.630049 0.457870
vt 0.658107 0.471707
vt 0.659252 0.469086
vt 0.083297 1.000000
vt 0.062537 1.000000
vt 0.158107 0.471707
vt 0.130049 0.457870
vt 0.041704 0.500000
vt 0.062464 0.500000
vt 0.658208 0.471749
vt 0.687831 0.481805
vt 0.688625 0.479057
vt 0.062464 1.000000
vt 0.041704 1.000000
vt 0.187831 0.481804
vt 0.158208 0.471749
vt 0.020870 0.500000
vt 0.041631 0.500000
vt 0.687937 0.481833
vt 0.718620 0.487936
vt 0.719047 0.485108
vt 0.041631 1.000000
vt 0.020870 1.000000
vt 0.218620 0.487936
vt 0.187937 0.481833
vt 0.000037 0.500000
vt 0.020797 0.500000
vt 0.718729 0.487950
vt 0.749945 0.489996
vt 0.020797 1.000000
vt 0.000037 1.000000
vt 0.249945 0.489996
vt 0.218729 0.487950
s 1
usemtl Anodized_graphite
f 5074/4310/2708 5077/4311/2709 4795/4312/2710 4792/4313/2711
f 4804/4314/2712 4807/4315/2713 4813/4316/2714 4810/4317/2715
f 4810/4317/2715 4813/4316/2714 4819/4318/2716 4816/4319/2717
f 4816/4319/2717 4819/4318/2716 4825/4320/2718 4822/4321/2719
f 4822/4321/2719 4825/4320/2718 4831/4322/2720 4828/4323/2721
f 4828/4323/2721 4831/4322/2720 4837/4324/2722 4834/4325/2723
f 4834/4326/2723 4837/4327/2722 4843/4328/2724 4840/4329/2725
f 4840/4329/2725 4843/4328/2724 4849/4330/2726 4846/4331/2727
f 4846/4332/2727 4849/4333/2726 4855/4334/2728 4852/4335/2729
f 4852/4335/2729 4855/4334/2728 4861/4336/2730 4858/4337/2731
f 4858/4337/2731 4861/4336/2730 4867/4338/2732 4864/4339/2733
f 4864/4340/2733 4867/4341/2732 4873/4342/2734 4870/4343/2735
f 4870/4343/2735 4873/4342/2734 4879/4344/2736 4876/4345/2737
f 4876/4345/2737 4879/4344/2736 4885/4346/2738 4882/4347/2739
f 4882/4347/2739 4885/4346/2738 4891/4348/2740 4888/4349/2741
f 4888/4349/2741 4891/4348/2740 4897/4350/2742 4894/4351/2743
f 4894/4352/2743 4897/4353/2742 4903/4354/2744 4900/4355/2745
f 4900/4355/2745 4903/4354/2744 4909/4356/2746 4906/4357/2747
f 4906/4357/2747 4909/4356/2746 4915/4358/2748 4912/4359/2749
f 4912/4359/2749 4915/4358/2748 4921/4360/2750 4918/4361/2751
f 4918/4361/2751 4921/4360/2750 4927/4362/2752 4924/4363/2753
f 4924/4363/2753 4927/4362/2752 4933/4364/2754 4930/4365/2755
f 4930/4365/2755 4933/4364/2754 4939/4366/2756 4936/4367/2757
f 4936/4367/2757 4939/4366/2756 4945/4368/2758 4942/4369/2759
f 4942/4369/2759 4945/4368/2758 4951/4370/2760 4948/4371/2761
f 4948/4371/2761 4951/4370/2760 4957/4372/2762 4954/4373/2763
f 4954/4373/2763 4957/4372/2762 4963/4374/2764 4960/4375/2765
f 4960/4376/2765 4963/4377/2764 4969/4378/2766 4966/4379/2767
f 4966/4379/2767 4969/4378/2766 4975/4380/2768 4972/4381/2769
f 4972/4381/2769 4975/4380/2768 4981/4382/2770 4978/4383/2771
f 4978/4384/2771 4981/4385/2770 4987/4386/2772 4984/4387/2773
f 4984/4387/2773 4987/4386/2772 4993/4388/2774 4990/4389/2775
f 4990/4389/2775 4993/4388/2774 4999/4390/2776 4996/4391/2777
f 4996/4391/2777 4999/4390/2776 5005/4392/2778 5002/4393/2779
f 5002/4393/2779 5005/4392/2778 5011/4394/2780 5008/4395/2781
f 5008/4395/2781 5011/4394/2780 5017/4396/2782 5014/4397/2783
f 5014/4398/2783 5017/4399/2782 5023/4400/2784 5020/4401/2785
f 5020/4401/2785 5023/4400/2784 5029/4402/2786 5026/4403/2787
f 5026/4403/2787 5029/4402/2786 5035/4404/2788 5032/4405/2789
f 5032/4406/2789 5035/4407/2788 5041/4408/2790 5038/4409/2791
f 5038/4410/2791 5041/4411/2790 5047/4412/2792 5044/4413/2793
f 5044/4413/2793 5047/4412/2792 5053/4414/2794 5050/4415/2795
f 5050/4415/2795 5053/4414/2794 5059/4416/2796 5056/4417/2797
f 5056/4417/2797 5059/4416/2796 5065/4418/2798 5062/4419/2799
f 5062/4419/2799 5065/4418/2798 5071/4420/2800 5068/4421/2801
f 5068/4421/2801 5071/4420/2800 5077/4311/2709 5074/4310/2708
f 4798/4422/2802 4801/4423/2803 4807/4315/2713 4804/4314/2712
f 4800/4424/2804 4794/4425/2805 5076/4426/2805 5070/4427/2806 5064/4428/2806 5058/4429/2807 5052/4430/2807 5046/4431/2807 5040/4432/2808 5034/4433/2808 5028/4434/2809 5022/4435/2809 5016/4436/2809 5010/4437/2810 5004/4438/2810 4998/4439/2811 4992/4440/2811 4986/4441/2812 4980/4442/2812 4974/4443/2812 4968/4444/2813 4962/4445/2813 4956/4446/2814 4950/4447/2814 4944/4448/2814 4938/4449/2815 4932/4450/2815 4926/4451/2816 4920/4452/2816 4914/4453/2817 4908/4454/2817 4902/4455/2817 4896/4456/2818 4890/4457/2818 4884/4458/2819 4878/4459/2819 4872/4460/2819 4866/4461/2820 4860/4462/2820 4854/4463/2821 4848/4464/2821 4842/4465/2822 4836/4466/2822 4830/4467/2822 4824/4468/2823 4818/4469/2823 4812/4470/2804 4806/4471/2804
f 4792/4472/2711 4795/4473/2710 4801/4474/2803 4798/4475/2802
f 4792/4472/2711 4798/4475/2802 4799/4476/2824 4793/4477/2825
f 4793/4478/2825 4799/4479/2824 4797/4480/2826 4791/4481/2827
f 4801/4474/2803 4795/4473/2710 4796/4482/2828 4802/4483/2829
f 4802/4484/2829 4796/4485/2828 4794/4425/2805 4800/4424/2804
f 4798/4422/2802 4804/4314/2712 4805/4486/2830 4799/4487/2824
f 4799/4488/2824 4805/4489/2830 4803/4490/2826 4797/4480/2826
f 4807/4315/2713 4801/4423/2803 4802/4491/2829 4808/4492/2831
f 4808/4493/2831 4802/4494/2829 4800/4424/2804 4806/4471/2804
f 4804/4314/2712 4810/4317/2715 4811/4495/2832 4805/4496/2830
f 4805/4497/2830 4811/4498/2832 4809/4499/2826 4803/4490/2826
f 4813/4316/2714 4807/4315/2713 4808/4500/2831 4814/4501/2833
f 4814/4502/2833 4808/4503/2831 4806/4471/2804 4812/4470/2804
f 4810/4317/2715 4816/4319/2717 4817/4504/2834 4811/4505/2832
f 4811/4506/2832 4817/4507/2834 4815/4508/2835 4809/4499/2826
f 4819/4318/2716 4813/4316/2714 4814/4509/2833 4820/4510/2836
f 4820/4511/2836 4814/4512/2833 4812/4470/2804 4818/4469/2823
f 4816/4319/2717 4822/4321/2719 4823/4513/2837 4817/4514/2834
f 4817/4515/2834 4823/4516/2837 4821/4517/2835 4815/4508/2835
f 4825/4320/2718 4819/4318/2716 4820/4518/2836 4826/4519/2838
f 4826/4520/2838 4820/4521/2836 4818/4469/2823 4824/4468/2823
f 4822/4321/2719 4828/4323/2721 4829/4522/2839 4823/4523/2837
f 4823/4524/2837 4829/4525/2839 4827/4526/2840 4821/4517/2835
f 4831/4322/2720 4825/4320/2718 4826/4527/2838 4832/4528/2841
f 4832/4529/2841 4826/4530/2838 4824/4468/2823 4830/4467/2822
f 4828/4323/2721 4834/4325/2723 4835/4531/2842 4829/4532/2839
f 4829/4533/2839 4835/4534/2842 4833/4535/2840 4827/4526/2840
f 4837/4324/2722 4831/4322/2720 4832/4536/2841 4838/4537/2843
f 4838/4538/2843 4832/4539/2841 4830/4467/2822 4836/4466/2822
f 4834/4326/2723 4840/4329/2725 4841/4540/2844 4835/4541/2842
f 4835/4542/2842 4841/4543/2844 4839/4544/2840 4833/4535/2840
f 4843/4328/2724 4837/4327/2722 4838/4545/2843 4844/4546/2845
f 4844/4547/2845 4838/4548/2843 4836/4466/2822 4842/4465/2822
f 4840/4329/2725 4846/4331/2727 4847/4549/2846 4841/4550/2844
f 4841/4551/2844 4847/4552/2846 4845/4553/2847 4839/4544/2840
f 4849/4330/2726 4843/4328/2724 4844/4554/2845 4850/4555/2848
f 4850/4556/2848 4844/4557/2845 4842/4465/2822 4848/4464/2821
f 4846/4332/2727 4852/4335/2729 4853/4558/2849 4847/4559/2846
f 4847/4560/2846 4853/4561/2849 4851/4562/2847 4845/4553/2847
f 4855/4334/2728 4849/4333/2726 4850/4563/2848 4856/4564/2850
f 4856/4565/2850 4850/4566/2848 4848/4464/2821 4854/4463/2821
f 4852/4335/2729 4858/4337/2731 4859/4567/2851 4853/4568/2849
f 4853/4569/2849 4859/4570/2851 4857/4571/2852 4851/4562/2847
f 4861/4336/2730 4855/4334/2728 4856/4572/2850 4862/4573/2853
f 4862/4574/2853 4856/4575/2850 4854/4463/2821 4860/4462/2820
f 4858/4337/2731 4864/4339/2733 4865/4576/2854 4859/4577/2851
f 4859/4578/2851 4865/4579/2854 4863/4580/2852 4857/4571/2852
f 4867/4338/2732 4861/4336/2730 4862/4581/2853 4868/4582/2855
f 4868/4583/2855 4862/4584/2853 4860/4462/2820 4866/4461/2820
f 4864/4340/2733 4870/4343/2735 4871/4585/2856 4865/4586/2854
f 4865/4587/2854 4871/4588/2856 4869/4589/2857 4863/4580/2852
f 4873/4342/2734 4867/4341/2732 4868/4590/2855 4874/4591/2858
f 4874/4592/2858 4868/4593/2855 4866/4461/2820 4872/4460/2819
f 4870/4343/2735 4876/4345/2737 4877/4594/2859 4871/4595/2856
f 4871/4596/2856 4877/4597/2859 4875/4598/2857 4869/4589/2857
f 4879/4344/2736 4873/4342/2734 4874/4599/2858 4880/4600/2860
f 4880/4601/2860 4874/4602/2858 4872/4460/2819 4878/4459/2819
f 4876/4345/2737 4882/4347/2739 4883/4603/2861 4877/4604/2859
f 4877/4605/2859 4883/4606/2861 4881/4607/2857 4875/4598/2857
f 4885/4346/2738 4879/4344/2736 4880/4608/2860 4886/4609/2862
f 4886/4610/2862 4880/4611/2860 4878/4459/2819 4884/4458/2819
f 4882/4347/2739 4888/4349/2741 4889/4612/2863 4883/4613/2861
f 4883/4614/2861 4889/4615/2863 4887/4616/2864 4881/4607/2857
f 4891/4348/2740 4885/4346/2738 4886/4617/2862 4892/4618/2865
f 4892/4619/2865 4886/4620/2862 4884/4458/2819 4890/4457/2818
f 4888/4349/2741 4894/4351/2743 4895/4621/2866 4889/4622/2863
f 4889/4623/2863 4895/4624/2866 4893/4625/2864 4887/4616/2864
f 4897/4350/2742 4891/4348/2740 4892/4626/2865 4898/4627/2867
f 4898/4628/2867 4892/4629/2865 4890/4457/2818 4896/4456/2818
f 4894/4352/2743 4900/4355/2745 4901/4630/2868 4895/4631/2866
f 4895/4632/2866 4901/4633/2868 4899/4634/2869 4893/4625/2864
f 4903/4354/2744 4897/4353/2742 4898/4635/2867 4904/4636/2870
f 4904/4637/2870 4898/4638/2867 4896/4456/2818 4902/4455/2817
f 4900/4355/2745 4906/4357/2747 4907/4639/2871 4901/4640/2868
f 4901/4641/2868 4907/4642/2871 4905/4643/2869 4899/4634/2869
f 4909/4356/2746 4903/4354/2744 4904/4644/2870 4910/4645/2872
f 4910/4646/2872 4904/4647/2870 4902/4455/2817 4908/4454/2817
f 4906/4357/2747 4912/4359/2749 4913/4648/2873 4907/4649/2871
f 4907/4650/2871 4913/4651/2873 4911/4652/2869 4905/4643/2869
f 4915/4358/2748 4909/4356/2746 4910/4653/2872 4916/4654/2874
f 4916/4655/2874 4910/4656/2872 4908/4454/2817 4914/4453/2817
f 4912/4359/2749 4918/4361/2751 4919/4657/2875 4913/4658/2873
f 4913/4659/2873 4919/4660/2875 4917/4661/2876 4911/4652/2869
f 4921/4360/2750 4915/4358/2748 4916/4662/2874 4922/4663/2877
f 4922/4664/2877 4916/4665/2874 4914/4453/2817 4920/4452/2816
f 4918/4361/2751 4924/4363/2753 4925/4666/2878 4919/4667/2875
f 4919/4668/2875 4925/4669/2878 4923/4670/2876 4917/4661/2876
f 4927/4362/2752 4921/4360/2750 4922/4671/2877 4928/4672/2879
f 4928/4673/2879 4922/4674/2877 4920/4452/2816 4926/4451/2816
f 4924/4363/2753 4930/4365/2755 4931/4675/2880 4925/4676/2878
f 4925/4677/2878 4931/4678/2880 4929/4679/2881 4923/4670/2876
f 4933/4364/2754 4927/4362/2752 4928/4680/2879 4934/4681/2882
f 4934/4682/2882 4928/4683/2879 4926/4451/2816 4932/4450/2815
f 4930/4365/2755 4936/4367/2757 4937/4684/2883 4931/4685/2880
f 4931/4686/2880 4937/4687/2883 4935/4688/2881 4929/4679/2881
f 4939/4366/2756 4933/4364/2754 4934/4689/2882 4940/4690/2884
f 4940/4691/2884 4934/4692/2882 4932/4450/2815 4938/4449/2815
f 4936/4367/2757 4942/4369/2759 4943/4693/2885 4937/4694/2883
f 4937/4695/2883 4943/4696/2885 4941/4697/2886 4935/4688/2881
f 4945/4368/2758 4939/4366/2756 4940/4698/2884 4946/4699/2887
f 4946/4700/2887 4940/4701/2884 4938/4449/2815 4944/4448/2814
f 4942/4369/2759 4948/4371/2761 4949/4702/2888 4943/4703/2885
f 4943/4704/2885 4949/4705/2888 4947/4706/2886 4941/4697/2886
f 4951/4370/2760 4945/4368/2758 4946/4707/2887 4952/4708/2889
f 4952/4709/2889 4946/4710/2887 4944/4448/2814 4950/4447/2814
f 4948/4371/2761 4954/4373/2763 4955/4711/2890 4949/4712/2888
f 4949/4713/2888 4955/4714/2890 4953/4715/2886 4947/4706/2886
f 4957/4372/2762 4951/4370/2760 4952/4716/2889 4958/4717/2891
f 4958/4718/2891 4952/4719/2889 4950/4447/2814 4956/4446/2814
f 4954/4373/2763 4960/4375/2765 4961/4720/2892 4955/4721/2890
f 4955/4722/2890 4961/4723/2892 4959/4724/2893 4953/4715/2886
f 4963/4374/2764 4957/4372/2762 4958/4725/2891 4964/4726/2894
f 4964/4727/2894 4958/4728/2891 4956/4446/2814 4962/4445/2813
f 4960/4376/2765 4966/4379/2767 4967/4729/2895 4961/4730/2892
f 4961/4731/2892 4967/4732/2895 4965/4733/2893 4959/4724/2893
f 4969/4378/2766 4963/4377/2764 4964/4734/2894 4970/4735/2896
f 4970/4736/2896 4964/4737/2894 4962/4445/2813 4968/4444/2813
f 4966/4379/2767 4972/4381/2769 4973/4738/2897 4967/4739/2895
f 4967/4740/2895 4973/4741/2897 4971/4742/2898 4965/4733/2893
f 4975/4380/2768 4969/4378/2766 4970/4743/2896 4976/4744/2899
f 4976/4745/2899 4970/4746/2896 4968/4444/2813 4974/4443/2812
f 4972/4381/2769 4978/4383/2771 4979/4747/2900 4973/4748/2897
f 4973/4749/2897 4979/4750/2900 4977/4751/2898 4971/4742/2898
f 4981/4382/2770 4975/4380/2768 4976/4752/2899 4982/4753/2901
f 4982/4754/2901 4976/4755/2899 4974/4443/2812 4980/4442/2812
f 4978/4384/2771 4984/4387/2773 4985/4756/2902 4979/4757/2900
f 4979/4758/2900 4985/4759/2902 4983/4760/2898 4977/4751/2898
f 4987/4386/2772 4981/4385/2770 4982/4761/2901 4988/4762/2903
f 4988/4763/2903 4982/4764/2901 4980/4442/2812 4986/4441/2812
f 4984/4387/2773 4990/4389/2775 4991/4765/2904 4985/4766/2902
f 4985/4767/2902 4991/4768/2904 4989/4769/2905 4983/4760/2898
f 4993/4388/2774 4987/4386/2772 4988/4770/2903 4994/4771/2906
f 4994/4772/2906 4988/4773/2903 4986/4441/2812 4992/4440/2811
f 4990/4389/2775 4996/4391/2777 4997/4774/2907 4991/4775/2904
f 4991/4776/2904 4997/4777/2907 4995/4778/2905 4989/4769/2905
f 4999/4390/2776 4993/4388/2774 4994/4779/2906 5000/4780/2908
f 5000/4781/2908 4994/4782/2906 4992/4440/2811 4998/4439/2811
f 4996/4391/2777 5002/4393/2779 5003/4783/2909 4997/4784/2907
f 4997/4785/2907 5003/4786/2909 5001/4787/2910 4995/4778/2905
f 5005/4392/2778 4999/4390/2776 5000/4788/2908 5006/4789/2911
f 5006/4790/2911 5000/4791/2908 4998/4439/2811 5004/4438/2810
f 5002/4393/2779 5008/4395/2781 5009/4792/2912 5003/4793/2909
f 5003/4794/2909 5009/4795/2912 5007/4796/2910 5001/4787/2910
f 5011/4394/2780 5005/4392/2778 5006/4797/2911 5012/4798/2913
f 5012/4799/2913 5006/4800/2911 5004/4438/2810 5010/4437/2810
f 5008/4395/2781 5014/4397/2783 5015/4801/2914 5009/4802/2912
f 5009/4803/2912 5015/4804/2914 5013/4805/2915 5007/4796/2910
f 5017/4396/2782 5011/4394/2780 5012/4806/2913 5018/4807/2916
f 5018/4808/2916 5012/4809/2913 5010/4437/2810 5016/4436/2809
f 5014/4398/2783 5020/4401/2785 5021/4810/2917 5015/4811/2914
f 5015/4812/2914 5021/4813/2917 5019/4814/2915 5013/4805/2915
f 5023/4400/2784 5017/4399/2782 5018/4815/2916 5024/4816/2918
f 5024/4817/2918 5018/4818/2916 5016/4436/2809 5022/4435/2809
f 5020/4401/2785 5026/4403/2787 5027/4819/2919 5021/4820/2917
f 5021/4821/2917 5027/4822/2919 5025/4823/2915 5019/4814/2915
f 5029/4402/2786 5023/4400/2784 5024/4824/2918 5030/4825/2920
f 5030/4826/2920 5024/4827/2918 5022/4435/2809 5028/4434/2809
f 5026/4403/2787 5032/4405/2789 5033/4828/2921 5027/4829/2919
f 5027/4830/2919 5033/4831/2921 5031/4832/2922 5025/4823/2915
f 5035/4404/2788 5029/4402/2786 5030/4833/2920 5036/4834/2923
f 5036/4835/2923 5030/4836/2920 5028/4434/2809 5034/4433/2808
f 5032/4406/2789 5038/4409/2791 5039/4837/2924 5033/4838/2921
f 5033/4839/2921 5039/4840/2924 5037/4841/2922 5031/4832/2922
f 5041/4408/2790 5035/4407/2788 5036/4842/2923 5042/4843/2925
f 5042/4844/2925 5036/4845/2923 5034/4433/2808 5040/4432/2808
f 5038/4410/2791 5044/4413/2793 5045/4846/2926 5039/4847/2924
f 5039/4848/2924 5045/4849/2926 5043/4850/2927 5037/4841/2922
f 5047/4412/2792 5041/4411/2790 5042/4851/2925 5048/4852/2928
f 5048/4853/2928 5042/4854/2925 5040/4432/2808 5046/4431/2807
f 5044/4413/2793 5050/4415/2795 5051/4855/2929 5045/4856/2926
f 5045/4857/2926 5051/4858/2929 5049/4859/2927 5043/4850/2927
f 5053/4414/2794 5047/4412/2792 5048/4860/2928 5054/4861/2930
f 5054/4862/2930 5048/4863/2928 5046/4431/2807 5052/4430/2807
f 5050/4415/2795 5056/4417/2797 5057/4864/2931 5051/4865/2929
f 5051/4866/2929 5057/4867/2931 5055/4868/2927 5049/4859/2927
f 5059/4416/2796 5053/4414/2794 5054/4869/2930 5060/4870/2932
f 5060/4871/2932 5054/4872/2930 5052/4430/2807 5058/4429/2807
f 5056/4417/2797 5062/4419/2799 5063/4873/2933 5057/4874/2931
f 5057/4875/2931 5063/4876/2933 5061/4877/2934 5055/4868/2927
f 5065/4418/2798 5059/4416/2796 5060/4878/2932 5066/4879/2935
f 5066/4880/2935 5060/4881/2932 5058/4429/2807 5064/4428/2806
f 5062/4419/2799 5068/4421/2801 5069/4882/2936 5063/4883/2933
f 5063/4884/2933 5069/4885/2936 5067/4886/2934 5061/4877/2934
f 5071/4420/2800 5065/4418/2798 5066/4887/2935 5072/4888/2937
f 5072/4889/2937 5066/4890/2935 5064/4428/2806 5070/4427/2806
f 5068/4421/2801 5074/4310/2708 5075/4891/2938 5069/4892/2936
f 5069/4893/2936 5075/4894/2938 5073/4895/2827 5067/4886/2934
f 5077/4311/2709 5071/4420/2800 5072/4896/2937 5078/4897/2939
f 5078/4898/2939 5072/4899/2937 5070/4427/2806 5076/4426/2805
f 5074/4310/2708 4792/4313/2711 4793/4900/2825 5075/4901/2938
f 5075/4902/2938 4793/4903/2825 4791/4481/2827 5073/4895/2827
f 4795/4312/2710 5077/4311/2709 5078/4904/2939 4796/4905/2828
f 4796/4906/2828 5078/4907/2939 5076/4426/2805 4794/4425/2805
f 4791/4481/2827 4797/4480/2826 4803/4490/2826 4809/4499/2826 4815/4508/2835 4821/4517/2835 4827/4526/2840 4833/4535/2840 4839/4544/2840 4845/4553/2847 4851/4562/2847 4857/4571/2852 4863/4580/2852 4869/4589/2857 4875/4598/2857 4881/4607/2857 4887/4616/2864 4893/4625/2864 4899/4634/2869 4905/4643/2869 4911/4652/2869 4917/4661/2876 4923/4670/2876 4929/4679/2881 4935/4688/2881 4941/4697/2886 4947/4706/2886 4953/4715/2886 4959/4724/2893 4965/4733/2893 4971/4742/2898 4977/4751/2898 4983/4760/2898 4989/4769/2905 4995/4778/2905 5001/4787/2910 5007/4796/2910 5013/4805/2915 5019/4814/2915 5025/4823/2915 5031/4832/2922 5037/4841/2922 5043/4850/2927 5049/4859/2927 5055/4868/2927 5061/4877/2934 5067/4886/2934 5073/4895/2827
