# Blender 4.3.2
# www.blender.org
mtllib motor_2.mtl
o Copper_stator.003
v -0.000083 0.012135 -0.023419
v -0.000083 0.013135 -0.024421
v -0.000083 0.012428 -0.024127
v -0.000083 0.032135 -0.023419
v -0.000083 0.031135 -0.024421
v -0.000083 0.031842 -0.024127
v 0.002984 0.012135 -0.023218
v 0.003115 0.013135 -0.024211
v 0.003077 0.012428 -0.023920
v 0.002984 0.032135 -0.023218
v 0.003115 0.031135 -0.024211
v 0.003077 0.031842 -0.023920
v 0.005999 0.012135 -0.022618
v 0.006258 0.013135 -0.023586
v 0.006182 0.012428 -0.023303
v 0.005999 0.032135 -0.022618
v 0.006258 0.031135 -0.023586
v 0.006182 0.031842 -0.023303
v 0.008909 0.012135 -0.021630
v 0.009293 0.013135 -0.022556
v 0.009180 0.012428 -0.022285
v 0.008909 0.032135 -0.021630
v 0.009293 0.031135 -0.022556
v 0.009180 0.031842 -0.022285
v 0.011666 0.012135 -0.020271
v 0.012167 0.013135 -0.021139
v 0.012020 0.012428 -0.020884
v 0.011666 0.032135 -0.020271
v 0.012167 0.031135 -0.021139
v 0.012020 0.031842 -0.020884
v 0.014222 0.012135 -0.018563
v 0.014832 0.013135 -0.019358
v 0.014653 0.012428 -0.019125
v 0.014222 0.032135 -0.018563
v 0.014832 0.031135 -0.019358
v 0.014653 0.031842 -0.019125
v 0.016532 0.012135 -0.016536
v 0.017241 0.013135 -0.017245
v 0.017034 0.012428 -0.017038
v 0.016532 0.032135 -0.016536
v 0.017241 0.031135 -0.017245
v 0.017034 0.031842 -0.017038
v 0.018559 0.012135 -0.014226
v 0.019354 0.013135 -0.014836
v 0.019121 0.012428 -0.014657
v 0.018559 0.032135 -0.014226
v 0.019354 0.031135 -0.014836
v 0.019121 0.031842 -0.014657
v 0.020267 0.012135 -0.011670
v 0.021135 0.013135 -0.012171
v 0.020880 0.012428 -0.012024
v 0.020267 0.032135 -0.011670
v 0.021135 0.031135 -0.012171
v 0.020880 0.031842 -0.012024
v 0.021626 0.012135 -0.008913
v 0.022552 0.013135 -0.009297
v 0.022281 0.012428 -0.009184
v 0.021626 0.032135 -0.008913
v 0.022552 0.031135 -0.009297
v 0.022281 0.031842 -0.009184
v 0.022614 0.012135 -0.006003
v 0.023582 0.013135 -0.006262
v 0.023299 0.012428 -0.006186
v 0.022614 0.032135 -0.006003
v 0.023582 0.031135 -0.006262
v 0.023299 0.031842 -0.006186
v 0.023214 0.012135 -0.002988
v 0.024207 0.013135 -0.003119
v 0.023916 0.012428 -0.003081
v 0.023214 0.032135 -0.002988
v 0.024207 0.031135 -0.003119
v 0.023916 0.031842 -0.003081
v 0.023415 0.012135 0.000079
v 0.024417 0.013135 0.000079
v 0.024123 0.012428 0.000079
v 0.023415 0.032135 0.000079
v 0.024417 0.031135 0.000079
v 0.024123 0.031842 0.000079
v 0.023214 0.012135 0.003146
v 0.024207 0.013135 0.003277
v 0.023916 0.012428 0.003239
v 0.023214 0.032135 0.003146
v 0.024207 0.031135 0.003277
v 0.023916 0.031842 0.003239
v 0.022614 0.012135 0.006161
v 0.023582 0.013135 0.006420
v 0.023299 0.012428 0.006344
v 0.022614 0.032135 0.006161
v 0.023582 0.031135 0.006420
v 0.023299 0.031842 0.006344
v 0.021626 0.012135 0.009071
v 0.022552 0.013135 0.009455
v 0.022281 0.012428 0.009342
v 0.021626 0.032135 0.009071
v 0.022552 0.031135 0.009455
v 0.022281 0.031842 0.009342
v 0.020267 0.012135 0.011828
v 0.021135 0.013135 0.012329
v 0.020880 0.012428 0.012182
v 0.020267 0.032135 0.011828
v 0.021135 0.031135 0.012329
v 0.020880 0.031842 0.012182
v 0.018559 0.012135 0.014384
v 0.019354 0.013135 0.014994
v 0.019121 0.012428 0.014815
v 0.018559 0.032135 0.014384
v 0.019354 0.031135 0.014994
v 0.019121 0.031842 0.014815
v 0.016532 0.012135 0.016694
v 0.017241 0.013135 0.017403
v 0.017034 0.012428 0.017196
v 0.016532 0.032135 0.016694
v 0.017241 0.031135 0.017403
v 0.017034 0.031842 0.017196
v 0.014222 0.012135 0.018721
v 0.014832 0.013135 0.019516
v 0.014653 0.012428 0.019283
v 0.014222 0.032135 0.018721
v 0.014832 0.031135 0.019516
v 0.014653 0.031842 0.019283
v 0.011666 0.012135 0.020429
v 0.012167 0.013135 0.021297
v 0.012020 0.012428 0.021042
v 0.011666 0.032135 0.020429
v 0.012167 0.031135 0.021297
v 0.012020 0.031842 0.021042
v 0.008909 0.012135 0.021788
v 0.009293 0.013135 0.022714
v 0.009180 0.012428 0.022443
v 0.008909 0.032135 0.021788
v 0.009293 0.031135 0.022714
v 0.009180 0.031842 0.022443
v 0.005999 0.012135 0.022776
v 0.006258 0.013135 0.023744
v 0.006182 0.012428 0.023461
v 0.005999 0.032135 0.022776
v 0.006258 0.031135 0.023744
v 0.006182 0.031842 0.023461
v 0.002984 0.012135 0.023376
v 0.003115 0.013135 0.024369
v 0.003077 0.012428 0.024078
v 0.002984 0.032135 0.023376
v 0.003115 0.031135 0.024369
v 0.003077 0.031842 0.024078
v -0.000083 0.012135 0.023577
v -0.000083 0.013135 0.024579
v -0.000083 0.012428 0.024286
v -0.000083 0.032135 0.023577
v -0.000083 0.031135 0.024579
v -0.000083 0.031842 0.024286
v -0.003150 0.012135 0.023376
v -0.003281 0.013135 0.024369
v -0.003243 0.012428 0.024078
v -0.003150 0.032135 0.023376
v -0.003281 0.031135 0.024369
v -0.003243 0.031842 0.024078
v -0.006165 0.012135 0.022776
v -0.006424 0.013135 0.023744
v -0.006348 0.012428 0.023461
v -0.006165 0.032135 0.022776
v -0.006424 0.031135 0.023744
v -0.006348 0.031842 0.023461
v -0.009075 0.012135 0.021788
v -0.009459 0.013135 0.022714
v -0.009346 0.012428 0.022443
v -0.009075 0.032135 0.021788
v -0.009459 0.031135 0.022714
v -0.009346 0.031842 0.022443
v -0.011832 0.012135 0.020429
v -0.012333 0.013135 0.021297
v -0.012186 0.012428 0.021042
v -0.011832 0.032135 0.020429
v -0.012333 0.031135 0.021297
v -0.012186 0.031842 0.021042
v -0.014388 0.012135 0.018721
v -0.014998 0.013135 0.019516
v -0.014819 0.012428 0.019283
v -0.014388 0.032135 0.018721
v -0.014998 0.031135 0.019516
v -0.014819 0.031842 0.019283
v -0.016698 0.012135 0.016694
v -0.017407 0.013135 0.017403
v -0.017200 0.012428 0.017196
v -0.016698 0.032135 0.016694
v -0.017407 0.031135 0.017403
v -0.017200 0.031842 0.017196
v -0.018725 0.012135 0.014384
v -0.019520 0.013135 0.014994
v -0.019287 0.012428 0.014815
v -0.018725 0.032135 0.014384
v -0.019520 0.031135 0.014994
v -0.019287 0.031842 0.014815
v -0.020433 0.012135 0.011828
v -0.021301 0.013135 0.012329
v -0.021046 0.012428 0.012182
v -0.020433 0.032135 0.011828
v -0.021301 0.031135 0.012329
v -0.021046 0.031842 0.012182
v -0.021792 0.012135 0.009071
v -0.022718 0.013135 0.009455
v -0.022447 0.012428 0.009342
v -0.021792 0.032135 0.009071
v -0.022718 0.031135 0.009455
v -0.022447 0.031842 0.009342
v -0.022780 0.012135 0.006161
v -0.023748 0.013135 0.006420
v -0.023465 0.012428 0.006344
v -0.022780 0.032135 0.006161
v -0.023748 0.031135 0.006420
v -0.023465 0.031842 0.006344
v -0.023380 0.012135 0.003146
v -0.024373 0.013135 0.003277
v -0.024082 0.012428 0.003239
v -0.023380 0.032135 0.003146
v -0.024373 0.031135 0.003277
v -0.024082 0.031842 0.003239
v -0.023581 0.012135 0.000079
v -0.024583 0.013135 0.000079
v -0.024290 0.012428 0.000079
v -0.023581 0.032135 0.000079
v -0.024583 0.031135 0.000079
v -0.024290 0.031842 0.000079
v -0.023380 0.012135 -0.002988
v -0.024373 0.013135 -0.003119
v -0.024082 0.012428 -0.003081
v -0.023380 0.032135 -0.002988
v -0.024373 0.031135 -0.003119
v -0.024082 0.031842 -0.003081
v -0.022780 0.012135 -0.006003
v -0.023748 0.013135 -0.006262
v -0.023465 0.012428 -0.006186
v -0.022780 0.032135 -0.006003
v -0.023748 0.031135 -0.006262
v -0.023465 0.031842 -0.006186
v -0.021792 0.012135 -0.008913
v -0.022718 0.013135 -0.009297
v -0.022447 0.012428 -0.009184
v -0.021792 0.032135 -0.008913
v -0.022718 0.031135 -0.009297
v -0.022447 0.031842 -0.009184
v -0.020433 0.012135 -0.011670
v -0.021301 0.013135 -0.012171
v -0.021046 0.012428 -0.012024
v -0.020433 0.032135 -0.011670
v -0.021301 0.031135 -0.012171
v -0.021046 0.031842 -0.012024
v -0.018725 0.012135 -0.014226
v -0.019520 0.013135 -0.014836
v -0.019287 0.012428 -0.014657
v -0.018725 0.032135 -0.014226
v -0.019520 0.031135 -0.014836
v -0.019287 0.031842 -0.014657
v -0.016698 0.012135 -0.016536
v -0.017407 0.013135 -0.017245
v -0.017200 0.012428 -0.017038
v -0.016698 0.032135 -0.016536
v -0.017407 0.031135 -0.017245
v -0.017200 0.031842 -0.017038
v -0.014388 0.012135 -0.018563
v -0.014998 0.013135 -0.019358
v -0.014819 0.012428 -0.019125
v -0.014388 0.032135 -0.018563
v -0.014998 0.031135 -0.019358
v -0.014819 0.031842 -0.019125
v -0.011832 0.012135 -0.020271
v -0.012333 0.013135 -0.021139
v -0.012186 0.012428 -0.020884
v -0.011832 0.032135 -0.020271
v -0.012333 0.031135 -0.021139
v -0.012186 0.031842 -0.020884
v -0.009075 0.012135 -0.021630
v -0.009459 0.013135 -0.022556
v -0.009346 0.012428 -0.022285
v -0.009075 0.032135 -0.021630
v -0.009459 0.031135 -0.022556
v -0.009346 0.031842 -0.022285
v -0.006165 0.012135 -0.022618
v -0.006424 0.013135 -0.023586
v -0.006348 0.012428 -0.023303
v -0.006165 0.032135 -0.022618
v -0.006424 0.031135 -0.023586
v -0.006348 0.031842 -0.023303
v -0.003150 0.012135 -0.023218
v -0.003281 0.013135 -0.024211
v -0.003243 0.012428 -0.023920
v -0.003150 0.032135 -0.023218
v -0.003281 0.031135 -0.024211
v -0.003243 0.031842 -0.023920
vn -0.1305 -0.0156 -0.9913
vn -0.1305 0.0156 -0.9913
vn -0.0000 0.0157 -0.9999
vn -0.0000 -0.0157 -0.9999
vn 0.2587 -0.0156 -0.9658
vn 0.2588 0.0156 -0.9658
vn 0.3826 0.0157 -0.9238
vn 0.3826 -0.0156 -0.9238
vn 0.4999 0.0156 -0.8659
vn 0.4999 -0.0157 -0.8659
vn 0.6087 0.0157 -0.7932
vn 0.6087 -0.0157 -0.7933
vn 0.7070 0.0156 -0.7070
vn 0.7070 -0.0156 -0.7070
vn 0.7932 0.0156 -0.6087
vn 0.7933 -0.0156 -0.6087
vn 0.8659 0.0157 -0.4999
vn 0.8659 -0.0156 -0.4999
vn 0.9238 0.0157 -0.3826
vn 0.9238 -0.0157 -0.3826
vn 0.9658 0.0157 -0.2587
vn 0.9658 -0.0157 -0.2588
vn 0.9913 0.0157 -0.1305
vn 0.9913 -0.0157 -0.1305
vn 0.9999 0.0156 -0.0000
vn 0.9999 -0.0156 -0.0000
vn 0.9913 0.0157 0.1305
vn 0.9913 -0.0157 0.1305
vn 0.9658 0.0156 0.2587
vn 0.9658 -0.0156 0.2588
vn 0.9238 0.0157 0.3826
vn 0.9238 -0.0157 0.3826
vn 0.8659 0.0157 0.4999
vn 0.8659 -0.0156 0.4999
vn 0.7932 0.0156 0.6087
vn 0.7933 -0.0156 0.6087
vn 0.7070 0.0156 0.7070
vn 0.7070 -0.0156 0.7070
vn 0.6087 0.0156 0.7932
vn 0.6087 -0.0157 0.7933
vn 0.4999 0.0156 0.8659
vn 0.4999 -0.0156 0.8659
vn 0.3826 0.0156 0.9238
vn 0.3826 -0.0157 0.9238
vn 0.2587 0.0156 0.9658
vn 0.2588 -0.0156 0.9658
vn 0.1305 0.0156 0.9913
vn 0.1305 -0.0156 0.9913
vn -0.0000 0.0157 0.9999
vn -0.0000 -0.0156 0.9999
vn -0.1305 0.0156 0.9913
vn -0.1305 -0.0156 0.9913
vn -0.2587 0.0156 0.9658
vn -0.2588 -0.0156 0.9658
vn -0.3826 0.0156 0.9238
vn -0.3826 -0.0156 0.9238
vn -0.4999 0.0157 0.8659
vn -0.4999 -0.0157 0.8659
vn -0.6087 0.0156 0.7932
vn -0.6087 -0.0156 0.7933
vn -0.7070 0.0156 0.7070
vn -0.7070 -0.0156 0.7070
vn -0.7932 0.0156 0.6087
vn -0.7933 -0.0156 0.6087
vn -0.8659 0.0157 0.4999
vn -0.8659 -0.0157 0.4999
vn -0.9238 0.0156 0.3826
vn -0.9238 -0.0156 0.3826
vn -0.9658 0.0156 0.2587
vn -0.9658 -0.0156 0.2588
vn -0.9913 0.0156 0.1305
vn -0.9913 -0.0156 0.1305
vn -0.9999 0.0156 -0.0000
vn -0.9999 -0.0156 -0.0000
vn -0.9913 0.0156 -0.1305
vn -0.9913 -0.0156 -0.1305
vn -0.9658 0.0156 -0.2587
vn -0.9658 -0.0156 -0.2588
vn -0.9238 0.0156 -0.3826
vn -0.9238 -0.0156 -0.3826
vn -0.8659 0.0157 -0.4999
vn -0.8659 -0.0157 -0.4999
vn -0.7932 0.0156 -0.6087
vn -0.7933 -0.0156 -0.6087
vn -0.7070 0.0156 -0.7070
vn -0.7070 -0.0156 -0.7070
vn -0.6087 0.0156 -0.7932
vn -0.6087 -0.0156 -0.7933
vn -0.4999 0.0157 -0.8659
vn -0.4999 -0.0157 -0.8659
vn -0.3826 0.0156 -0.9238
vn -0.3826 -0.0156 -0.9238
vn -0.2587 0.0156 -0.9658
vn -0.2588 -0.0156 -0.9658
vn 0.1305 -0.0156 -0.9913
vn 0.1305 0.0156 -0.9913
vn 0.0002 1.0000 -0.0011
vn -0.0000 1.0000 -0.0011
vn -0.0001 1.0000 -0.0012
vn -0.0003 1.0000 -0.0011
vn -0.0004 1.0000 -0.0010
vn -0.0005 1.0000 -0.0010
vn -0.0006 1.0000 -0.0010
vn -0.0007 1.0000 -0.0008
vn -0.0008 1.0000 -0.0007
vn -0.0009 1.0000 -0.0006
vn -0.0010 1.0000 -0.0004
vn -0.0010 1.0000 -0.0003
vn -0.0012 1.0000 -0.0002
vn -0.0011 1.0000 -0.0000
vn -0.0011 1.0000 0.0001
vn -0.0011 1.0000 0.0003
vn -0.0010 1.0000 0.0004
vn -0.0010 1.0000 0.0005
vn -0.0009 1.0000 0.0006
vn -0.0008 1.0000 0.0007
vn -0.0007 1.0000 0.0008
vn -0.0006 1.0000 0.0009
vn -0.0004 1.0000 0.0010
vn -0.0003 1.0000 0.0010
vn -0.0002 1.0000 0.0011
vn -0.0000 1.0000 0.0012
vn 0.0001 1.0000 0.0011
vn 0.0003 1.0000 0.0010
vn 0.0004 1.0000 0.0010
vn 0.0005 1.0000 0.0009
vn 0.0006 1.0000 0.0010
vn 0.0007 1.0000 0.0008
vn 0.0008 1.0000 0.0007
vn 0.0009 1.0000 0.0006
vn 0.0010 1.0000 0.0004
vn 0.0010 1.0000 0.0003
vn 0.0011 1.0000 0.0002
vn 0.0011 1.0000 -0.0000
vn 0.0011 1.0000 -0.0001
vn 0.0010 1.0000 -0.0003
vn 0.0010 1.0000 -0.0004
vn 0.0009 1.0000 -0.0005
vn 0.0010 1.0000 -0.0006
vn 0.0008 1.0000 -0.0007
vn 0.0007 1.0000 -0.0008
vn 0.0006 1.0000 -0.0009
vn 0.0004 1.0000 -0.0010
vn 0.0003 1.0000 -0.0010
vn 0.0926 -0.7048 -0.7033
vn -0.0000 -0.7048 -0.7094
vn 0.0002 -1.0000 -0.0011
vn 0.0001 -1.0000 -0.0011
vn -0.0000 0.7048 -0.7094
vn 0.0926 0.7048 -0.7033
vn 0.1836 -0.7048 -0.6852
vn 0.0003 -1.0000 -0.0010
vn 0.1836 0.7048 -0.6852
vn 0.2715 -0.7048 -0.6554
vn 0.0004 -1.0000 -0.0011
vn 0.2715 0.7048 -0.6554
vn 0.3547 -0.7048 -0.6144
vn 0.0006 -1.0000 -0.0009
vn 0.3547 0.7048 -0.6143
vn 0.4318 -0.7048 -0.5628
vn 0.0007 -1.0000 -0.0008
vn 0.4318 0.7048 -0.5628
vn 0.5016 -0.7048 -0.5016
vn 0.0008 -1.0000 -0.0007
vn 0.5016 0.7048 -0.5016
vn 0.5628 -0.7048 -0.4318
vn 0.0010 -1.0000 -0.0006
vn 0.5628 0.7048 -0.4318
vn 0.6143 -0.7048 -0.3547
vn 0.0009 -1.0000 -0.0005
vn 0.6143 0.7048 -0.3547
vn 0.6554 -0.7048 -0.2715
vn 0.0010 -1.0000 -0.0004
vn 0.6554 0.7048 -0.2715
vn 0.6852 -0.7048 -0.1836
vn 0.0010 -1.0000 -0.0003
vn 0.6853 0.7048 -0.1836
vn 0.7033 -0.7048 -0.0926
vn 0.0011 -1.0000 -0.0001
vn 0.7033 0.7048 -0.0926
vn 0.7094 -0.7048 -0.0000
vn 0.0011 -1.0000 -0.0000
vn 0.7094 0.7048 -0.0000
vn 0.7033 -0.7048 0.0926
vn 0.0011 -1.0000 0.0002
vn 0.7033 0.7048 0.0926
vn 0.6852 -0.7048 0.1836
vn 0.0010 -1.0000 0.0003
vn 0.6852 0.7048 0.1836
vn 0.6554 -0.7048 0.2715
vn 0.0010 -1.0000 0.0004
vn 0.6554 0.7048 0.2715
vn 0.6143 -0.7048 0.3547
vn 0.0009 -1.0000 0.0006
vn 0.6143 0.7048 0.3547
vn 0.5628 -0.7048 0.4318
vn 0.0008 -1.0000 0.0007
vn 0.5628 0.7048 0.4318
vn 0.5016 -0.7048 0.5016
vn 0.0007 -1.0000 0.0008
vn 0.5016 0.7048 0.5016
vn 0.4318 -0.7048 0.5628
vn 0.0006 -1.0000 0.0009
vn 0.4318 0.7048 0.5628
vn 0.3547 -0.7048 0.6143
vn 0.0005 -1.0000 0.0010
vn 0.3547 0.7048 0.6144
vn 0.2715 -0.7048 0.6554
vn 0.0004 -1.0000 0.0010
vn 0.2715 0.7048 0.6554
vn 0.1836 -0.7048 0.6852
vn 0.0003 -1.0000 0.0011
vn 0.1836 0.7048 0.6852
vn 0.0926 -0.7048 0.7033
vn 0.0001 -1.0000 0.0011
vn 0.0926 0.7048 0.7033
vn -0.0000 -0.7048 0.7094
vn -0.0000 -1.0000 0.0012
vn -0.0000 0.7048 0.7094
vn -0.0926 -0.7048 0.7033
vn -0.0002 -1.0000 0.0011
vn -0.0926 0.7048 0.7033
vn -0.1836 -0.7048 0.6852
vn -0.0003 -1.0000 0.0011
vn -0.1836 0.7048 0.6852
vn -0.2715 -0.7048 0.6554
vn -0.0004 -1.0000 0.0010
vn -0.2715 0.7048 0.6554
vn -0.3547 -0.7048 0.6144
vn -0.0006 -1.0000 0.0009
vn -0.3547 0.7048 0.6143
vn -0.4318 -0.7048 0.5628
vn -0.0007 -1.0000 0.0008
vn -0.4318 0.7048 0.5628
vn -0.5016 -0.7048 0.5016
vn -0.0008 -1.0000 0.0007
vn -0.5016 0.7048 0.5016
vn -0.5628 -0.7048 0.4318
vn -0.0010 -1.0000 0.0006
vn -0.5628 0.7048 0.4318
vn -0.6143 -0.7048 0.3547
vn -0.0010 -1.0000 0.0005
vn -0.6143 0.7048 0.3547
vn -0.6554 -0.7048 0.2715
vn -0.0010 -1.0000 0.0004
vn -0.6554 0.7048 0.2715
vn -0.6852 -0.7048 0.1836
vn -0.0011 -1.0000 0.0003
vn -0.6852 0.7048 0.1836
vn -0.7033 -0.7048 0.0926
vn -0.0011 -1.0000 0.0001
vn -0.7033 0.7048 0.0926
vn -0.7094 -0.7048 -0.0000
vn -0.0011 -1.0000 -0.0000
vn -0.7094 0.7048 -0.0000
vn -0.7033 -0.7048 -0.0926
vn -0.0012 -1.0000 -0.0002
vn -0.7033 0.7048 -0.0926
vn -0.6852 -0.7048 -0.1836
vn -0.0010 -1.0000 -0.0003
vn -0.6852 0.7048 -0.1836
vn -0.6554 -0.7048 -0.2715
vn -0.0010 -1.0000 -0.0004
vn -0.6554 0.7048 -0.2715
vn -0.6143 -0.7048 -0.3547
vn -0.0009 -1.0000 -0.0006
vn -0.6143 0.7048 -0.3547
vn -0.5628 -0.7048 -0.4318
vn -0.0008 -1.0000 -0.0007
vn -0.5628 0.7048 -0.4318
vn -0.5016 -0.7048 -0.5016
vn -0.0007 -1.0000 -0.0008
vn -0.5016 0.7048 -0.5016
vn -0.4318 -0.7048 -0.5628
vn -0.0006 -1.0000 -0.0010
vn -0.4318 0.7048 -0.5628
vn -0.3547 -0.7048 -0.6143
vn -0.0005 -1.0000 -0.0010
vn -0.3547 0.7048 -0.6144
vn -0.2715 -0.7048 -0.6554
vn -0.0004 -1.0000 -0.0010
vn -0.2715 0.7048 -0.6554
vn -0.1836 -0.7048 -0.6852
vn -0.0003 -1.0000 -0.0011
vn -0.1836 0.7048 -0.6852
vn -0.0926 -0.7048 -0.7033
vn -0.0001 -1.0000 -0.0011
vn -0.0926 0.7048 -0.7033
vt 0.020834 0.525000
vt 0.020834 0.975000
vt 0.000000 0.975000
vt 0.000000 0.525000
vt 0.958333 0.525000
vt 0.958333 0.975000
vt 0.937500 0.975000
vt 0.937500 0.525000
vt 0.916667 0.975000
vt 0.916667 0.525000
vt 0.895833 0.975000
vt 0.895833 0.525000
vt 0.875000 0.975000
vt 0.875000 0.525000
vt 0.854167 0.975000
vt 0.854167 0.525000
vt 0.833333 0.975000
vt 0.833333 0.525000
vt 0.812500 0.975000
vt 0.812500 0.525000
vt 0.791667 0.975000
vt 0.791667 0.525000
vt 0.770834 0.975000
vt 0.770834 0.525000
vt 0.750000 0.975000
vt 0.750000 0.525000
vt 0.729167 0.975000
vt 0.729167 0.525000
vt 0.708334 0.975000
vt 0.708334 0.525000
vt 0.687500 0.975000
vt 0.687500 0.525000
vt 0.666667 0.975000
vt 0.666667 0.525000
vt 0.645834 0.975000
vt 0.645834 0.525000
vt 0.625000 0.975000
vt 0.625000 0.525000
vt 0.604167 0.975000
vt 0.604167 0.525000
vt 0.583334 0.975000
vt 0.583334 0.525000
vt 0.562500 0.975000
vt 0.562500 0.525000
vt 0.541667 0.975000
vt 0.541667 0.525000
vt 0.520834 0.975000
vt 0.520834 0.525000
vt 0.500000 0.975000
vt 0.500000 0.525000
vt 0.479167 0.975000
vt 0.479167 0.525000
vt 0.458334 0.975000
vt 0.458334 0.525000
vt 0.437500 0.975000
vt 0.437500 0.525000
vt 0.416667 0.975000
vt 0.416667 0.525000
vt 0.395834 0.975000
vt 0.395834 0.525000
vt 0.375000 0.975000
vt 0.375000 0.525000
vt 0.354167 0.975000
vt 0.354167 0.525000
vt 0.333334 0.975000
vt 0.333334 0.525000
vt 0.312500 0.975000
vt 0.312500 0.525000
vt 0.291667 0.975000
vt 0.291667 0.525000
vt 0.270834 0.975000
vt 0.270834 0.525000
vt 0.250000 0.975000
vt 0.250000 0.525000
vt 0.229167 0.975000
vt 0.229167 0.525000
vt 0.208334 0.975000
vt 0.208334 0.525000
vt 0.187500 0.975000
vt 0.187500 0.525000
vt 0.166667 0.975000
vt 0.166667 0.525000
vt 0.145834 0.975000
vt 0.145834 0.525000
vt 0.125000 0.975000
vt 0.125000 0.525000
vt 0.104167 0.975000
vt 0.104167 0.525000
vt 0.083334 0.975000
vt 0.083334 0.525000
vt 0.062500 0.975000
vt 0.062500 0.525000
vt 0.041667 0.975000
vt 0.041667 0.525000
vt 0.979167 0.525000
vt 0.979167 0.975000
vt 0.280045 0.478214
vt 0.250000 0.480183
vt 0.219955 0.478214
vt 0.190424 0.472340
vt 0.161913 0.462662
vt 0.134909 0.449345
vt 0.109873 0.432617
vt 0.087236 0.412764
vt 0.067383 0.390127
vt 0.050656 0.365092
vt 0.037339 0.338087
vt 0.027660 0.309576
vt 0.021786 0.280045
vt 0.019817 0.250000
vt 0.021786 0.219955
vt 0.027660 0.190424
vt 0.037339 0.161913
vt 0.050656 0.134909
vt 0.067383 0.109873
vt 0.087236 0.087236
vt 0.109873 0.067384
vt 0.134908 0.050656
vt 0.161913 0.037339
vt 0.190424 0.027660
vt 0.219955 0.021786
vt 0.250000 0.019817
vt 0.280045 0.021786
vt 0.309576 0.027660
vt 0.338087 0.037339
vt 0.365092 0.050656
vt 0.390127 0.067384
vt 0.412764 0.087236
vt 0.432617 0.109873
vt 0.449344 0.134909
vt 0.462661 0.161913
vt 0.472340 0.190424
vt 0.478214 0.219955
vt 0.480183 0.250000
vt 0.478214 0.280045
vt 0.472340 0.309576
vt 0.462661 0.338087
vt 0.449344 0.365092
vt 0.432616 0.390127
vt 0.412764 0.412764
vt 0.390127 0.432616
vt 0.365092 0.449344
vt 0.338087 0.462661
vt 0.309576 0.472340
vt 1.000000 0.525000
vt 1.000000 0.975000
vt 0.979291 0.500000
vt 0.999875 0.500000
vt 0.750188 0.489988
vt 0.781139 0.487959
vt 0.780045 0.478214
vt 0.750000 0.480183
vt 0.999875 1.000000
vt 0.979291 1.000000
vt 0.281139 0.487959
vt 0.250188 0.489988
vt 0.958458 0.500000
vt 0.979042 0.500000
vt 0.781511 0.487910
vt 0.811932 0.481859
vt 0.809576 0.472340
vt 0.979042 1.000000
vt 0.958458 1.000000
vt 0.311932 0.481859
vt 0.281511 0.487910
vt 0.937625 0.500000
vt 0.958209 0.500000
vt 0.812295 0.481762
vt 0.841666 0.471792
vt 0.838088 0.462662
vt 0.958209 1.000000
vt 0.937625 1.000000
vt 0.341666 0.471792
vt 0.312295 0.481762
vt 0.916792 0.500000
vt 0.937375 0.500000
vt 0.842013 0.471648
vt 0.869831 0.457929
vt 0.865092 0.449345
vt 0.937375 1.000000
vt 0.916791 1.000000
vt 0.369831 0.457929
vt 0.342013 0.471648
vt 0.895958 0.500000
vt 0.916542 0.500000
vt 0.870156 0.457742
vt 0.895946 0.440509
vt 0.890127 0.432617
vt 0.916542 1.000000
vt 0.895958 1.000000
vt 0.395946 0.440509
vt 0.370156 0.457742
vt 0.875125 0.500000
vt 0.895709 0.500000
vt 0.896244 0.440281
vt 0.919564 0.419830
vt 0.912764 0.412764
vt 0.895709 1.000000
vt 0.875125 1.000000
vt 0.419564 0.419830
vt 0.396244 0.440281
vt 0.854292 0.500000
vt 0.874875 0.500000
vt 0.919830 0.419564
vt 0.940281 0.396244
vt 0.932617 0.390127
vt 0.874875 1.000000
vt 0.854292 1.000000
vt 0.440281 0.396244
vt 0.419830 0.419564
vt 0.833458 0.500000
vt 0.854042 0.500000
vt 0.940509 0.395946
vt 0.957742 0.370156
vt 0.949345 0.365092
vt 0.854042 1.000000
vt 0.833458 1.000000
vt 0.457742 0.370156
vt 0.440509 0.395946
vt 0.812625 0.500000
vt 0.833209 0.500000
vt 0.957929 0.369831
vt 0.971648 0.342013
vt 0.962662 0.338087
vt 0.833209 1.000000
vt 0.812625 1.000000
vt 0.471648 0.342013
vt 0.457929 0.369831
vt 0.791792 0.500000
vt 0.812375 0.500000
vt 0.971792 0.341666
vt 0.981762 0.312295
vt 0.972340 0.309576
vt 0.812375 1.000000
vt 0.791792 1.000000
vt 0.481762 0.312295
vt 0.471792 0.341666
vt 0.770958 0.500000
vt 0.791542 0.500000
vt 0.981859 0.311932
vt 0.987910 0.281511
vt 0.978214 0.280045
vt 0.791542 1.000000
vt 0.770958 1.000000
vt 0.487910 0.281511
vt 0.481859 0.311932
vt 0.750125 0.500000
vt 0.770709 0.500000
vt 0.987959 0.281139
vt 0.989988 0.250188
vt 0.980183 0.250000
vt 0.770709 1.000000
vt 0.750125 1.000000
vt 0.489988 0.250188
vt 0.487959 0.281139
vt 0.729292 0.500000
vt 0.749875 0.500000
vt 0.989988 0.249812
vt 0.987959 0.218861
vt 0.978214 0.219955
vt 0.749875 1.000000
vt 0.729292 1.000000
vt 0.487959 0.218861
vt 0.489988 0.249812
vt 0.708458 0.500000
vt 0.729042 0.500000
vt 0.987910 0.218489
vt 0.981859 0.188068
vt 0.972340 0.190424
vt 0.729042 1.000000
vt 0.708458 1.000000
vt 0.481859 0.188068
vt 0.487910 0.218489
vt 0.687625 0.500000
vt 0.708209 0.500000
vt 0.981762 0.187705
vt 0.971792 0.158334
vt 0.962662 0.161913
vt 0.708209 1.000000
vt 0.687625 1.000000
vt 0.471792 0.158334
vt 0.481762 0.187705
vt 0.666792 0.500000
vt 0.687375 0.500000
vt 0.971648 0.157987
vt 0.957929 0.130169
vt 0.949345 0.134909
vt 0.687376 1.000000
vt 0.666792 1.000000
vt 0.457929 0.130169
vt 0.471648 0.157987
vt 0.645958 0.500000
vt 0.666542 0.500000
vt 0.957742 0.129844
vt 0.940509 0.104054
vt 0.932617 0.109873
vt 0.666542 1.000000
vt 0.645958 1.000000
vt 0.440509 0.104054
vt 0.457742 0.129844
vt 0.625125 0.500000
vt 0.645709 0.500000
vt 0.940281 0.103756
vt 0.919830 0.080436
vt 0.912764 0.087236
vt 0.645709 1.000000
vt 0.625125 1.000000
vt 0.419830 0.080436
vt 0.440281 0.103756
vt 0.604292 0.500000
vt 0.624876 0.500000
vt 0.919564 0.080170
vt 0.896244 0.059719
vt 0.890127 0.067384
vt 0.624876 1.000000
vt 0.604292 1.000000
vt 0.396244 0.059719
vt 0.419564 0.080170
vt 0.583459 0.500000
vt 0.604042 0.500000
vt 0.895946 0.059491
vt 0.870156 0.042258
vt 0.865092 0.050656
vt 0.604042 1.000000
vt 0.583458 1.000000
vt 0.370156 0.042258
vt 0.395946 0.059491
vt 0.562625 0.500000
vt 0.583209 0.500000
vt 0.869831 0.042071
vt 0.842013 0.028352
vt 0.838087 0.037339
vt 0.583209 1.000000
vt 0.562625 1.000000
vt 0.342013 0.028352
vt 0.369831 0.042071
vt 0.541792 0.500000
vt 0.562376 0.500000
vt 0.841666 0.028208
vt 0.812295 0.018238
vt 0.809576 0.027660
vt 0.562376 1.000000
vt 0.541792 1.000000
vt 0.312295 0.018238
vt 0.341666 0.028208
vt 0.520959 0.500000
vt 0.541542 0.500000
vt 0.811932 0.018141
vt 0.781511 0.012090
vt 0.780045 0.021786
vt 0.541542 1.000000
vt 0.520959 1.000000
vt 0.281511 0.012090
vt 0.311932 0.018141
vt 0.500125 0.500000
vt 0.520709 0.500000
vt 0.781139 0.012041
vt 0.750188 0.010012
vt 0.750000 0.019817
vt 0.520709 1.000000
vt 0.500125 1.000000
vt 0.250188 0.010012
vt 0.281139 0.012041
vt 0.479292 0.500000
vt 0.499876 0.500000
vt 0.749812 0.010012
vt 0.718861 0.012041
vt 0.719955 0.021786
vt 0.499876 1.000000
vt 0.479292 1.000000
vt 0.218861 0.012041
vt 0.249812 0.010012
vt 0.458459 0.500000
vt 0.479042 0.500000
vt 0.718489 0.012090
vt 0.688068 0.018141
vt 0.690424 0.027660
vt 0.479042 1.000000
vt 0.458459 1.000000
vt 0.188068 0.018141
vt 0.218489 0.012090
vt 0.437625 0.500000
vt 0.458209 0.500000
vt 0.687705 0.018238
vt 0.658334 0.028208
vt 0.661913 0.037339
vt 0.458209 1.000000
vt 0.437625 1.000000
vt 0.158334 0.028208
vt 0.187705 0.018238
vt 0.416792 0.500000
vt 0.437376 0.500000
vt 0.657987 0.028352
vt 0.630169 0.042071
vt 0.634909 0.050656
vt 0.437376 1.000000
vt 0.416792 1.000000
vt 0.130169 0.042071
vt 0.157987 0.028352
vt 0.395959 0.500000
vt 0.416542 0.500000
vt 0.629844 0.042258
vt 0.604054 0.059491
vt 0.609874 0.067384
vt 0.416542 1.000000
vt 0.395959 1.000000
vt 0.104054 0.059491
vt 0.129844 0.042258
vt 0.375125 0.500000
vt 0.395709 0.500000
vt 0.603756 0.059719
vt 0.580436 0.080170
vt 0.587236 0.087236
vt 0.395709 1.000000
vt 0.375125 1.000000
vt 0.080436 0.080170
vt 0.103756 0.059719
vt 0.354292 0.500000
vt 0.374876 0.500000
vt 0.580170 0.080436
vt 0.559719 0.103756
vt 0.567384 0.109873
vt 0.374876 1.000000
vt 0.354292 1.000000
vt 0.059719 0.103756
vt 0.080170 0.080436
vt 0.333459 0.500000
vt 0.354042 0.500000
vt 0.559491 0.104054
vt 0.542258 0.129844
vt 0.550656 0.134909
vt 0.354042 1.000000
vt 0.333459 1.000000
vt 0.042258 0.129844
vt 0.059491 0.104054
vt 0.312625 0.500000
vt 0.333209 0.500000
vt 0.542071 0.130169
vt 0.528352 0.157987
vt 0.537339 0.161913
vt 0.333209 1.000000
vt 0.312625 1.000000
vt 0.028352 0.157987
vt 0.042071 0.130169
vt 0.291792 0.500000
vt 0.312376 0.500000
vt 0.528208 0.158334
vt 0.518238 0.187705
vt 0.527660 0.190424
vt 0.312376 1.000000
vt 0.291792 1.000000
vt 0.018238 0.187705
vt 0.028208 0.158334
vt 0.270958 0.500000
vt 0.291542 0.500000
vt 0.518141 0.188068
vt 0.512090 0.218489
vt 0.521786 0.219955
vt 0.291542 1.000000
vt 0.270958 1.000000
vt 0.012090 0.218489
vt 0.018141 0.188068
vt 0.250125 0.500000
vt 0.270709 0.500000
vt 0.512041 0.218861
vt 0.510012 0.249812
vt 0.519817 0.250000
vt 0.270709 1.000000
vt 0.250125 1.000000
vt 0.010012 0.249812
vt 0.012041 0.218861
vt 0.229292 0.500000
vt 0.249876 0.500000
vt 0.510012 0.250188
vt 0.512041 0.281139
vt 0.521786 0.280045
vt 0.249876 1.000000
vt 0.229292 1.000000
vt 0.012041 0.281139
vt 0.010012 0.250188
vt 0.208458 0.500000
vt 0.229042 0.500000
vt 0.512090 0.281511
vt 0.518141 0.311932
vt 0.527660 0.309576
vt 0.229042 1.000000
vt 0.208458 1.000000
vt 0.018141 0.311932
vt 0.012090 0.281511
vt 0.187625 0.500000
vt 0.208209 0.500000
vt 0.518238 0.312295
vt 0.528208 0.341666
vt 0.537339 0.338087
vt 0.208209 1.000000
vt 0.187625 1.000000
vt 0.028208 0.341666
vt 0.018238 0.312295
vt 0.166792 0.500000
vt 0.187376 0.500000
vt 0.528352 0.342013
vt 0.542071 0.369831
vt 0.550656 0.365092
vt 0.187376 1.000000
vt 0.166792 1.000000
vt 0.042071 0.369831
vt 0.028352 0.342013
vt 0.145959 0.500000
vt 0.166542 0.500000
vt 0.542258 0.370156
vt 0.559491 0.395946
vt 0.567383 0.390127
vt 0.166542 1.000000
vt 0.145959 1.000000
vt 0.059491 0.395946
vt 0.042258 0.370156
vt 0.125125 0.500000
vt 0.145709 0.500000
vt 0.559719 0.396244
vt 0.580170 0.419564
vt 0.587236 0.412764
vt 0.145709 1.000000
vt 0.125125 1.000000
vt 0.080170 0.419564
vt 0.059719 0.396244
vt 0.104292 0.500000
vt 0.124876 0.500000
vt 0.580436 0.419830
vt 0.603756 0.440281
vt 0.609873 0.432616
vt 0.124876 1.000000
vt 0.104292 1.000000
vt 0.103756 0.440281
vt 0.080436 0.419830
vt 0.083459 0.500000
vt 0.104042 0.500000
vt 0.604054 0.440509
vt 0.629844 0.457742
vt 0.634908 0.449344
vt 0.104042 1.000000
vt 0.083459 1.000000
vt 0.129844 0.457742
vt 0.104054 0.440509
vt 0.062625 0.500000
vt 0.083209 0.500000
vt 0.630169 0.457929
vt 0.657987 0.471648
vt 0.661913 0.462661
vt 0.083209 1.000000
vt 0.062625 1.000000
vt 0.157987 0.471648
vt 0.130169 0.457929
vt 0.041792 0.500000
vt 0.062376 0.500000
vt 0.658334 0.471792
vt 0.687705 0.481762
vt 0.690424 0.472340
vt 0.062376 1.000000
vt 0.041792 1.000000
vt 0.187705 0.481762
vt 0.158334 0.471792
vt 0.020958 0.500000
vt 0.041542 0.500000
vt 0.688068 0.481859
vt 0.718489 0.487910
vt 0.719955 0.478214
vt 0.041542 1.000000
vt 0.020958 1.000000
vt 0.218489 0.487910
vt 0.188068 0.481859
vt 0.000125 0.500000
vt 0.020709 0.500000
vt 0.718861 0.487959
vt 0.749812 0.489988
vt 0.020709 1.000000
vt 0.000125 1.000000
vt 0.249812 0.489988
vt 0.218861 0.487959
s 1
usemtl Motor_copper_windings
f 284/1/1 287/2/2 5/3/3 2/4/4
f 14/5/5 17/6/6 23/7/7 20/8/8
f 20/8/8 23/7/7 29/9/9 26/10/10
f 26/10/10 29/9/9 35/11/11 32/12/12
f 32/12/12 35/11/11 41/13/13 38/14/14
f 38/14/14 41/13/13 47/15/15 44/16/16
f 44/16/16 47/15/15 53/17/17 50/18/18
f 50/18/18 53/17/17 59/19/19 56/20/20
f 56/20/20 59/19/19 65/21/21 62/22/22
f 62/22/22 65/21/21 71/23/23 68/24/24
f 68/24/24 71/23/23 77/25/25 74/26/26
f 74/26/26 77/25/25 83/27/27 80/28/28
f 80/28/28 83/27/27 89/29/29 86/30/30
f 86/30/30 89/29/29 95/31/31 92/32/32
f 92/32/32 95/31/31 101/33/33 98/34/34
f 98/34/34 101/33/33 107/35/35 104/36/36
f 104/36/36 107/35/35 113/37/37 110/38/38
f 110/38/38 113/37/37 119/39/39 116/40/40
f 116/40/40 119/39/39 125/41/41 122/42/42
f 122/42/42 125/41/41 131/43/43 128/44/44
f 128/44/44 131/43/43 137/45/45 134/46/46
f 134/46/46 137/45/45 143/47/47 140/48/48
f 140/48/48 143/47/47 149/49/49 146/50/50
f 146/50/50 149/49/49 155/51/51 152/52/52
f 152/52/52 155/51/51 161/53/53 158/54/54
f 158/54/54 161/53/53 167/55/55 164/56/56
f 164/56/56 167/55/55 173/57/57 170/58/58
f 170/58/58 173/57/57 179/59/59 176/60/60
f 176/60/60 179/59/59 185/61/61 182/62/62
f 182/62/62 185/61/61 191/63/63 188/64/64
f 188/64/64 191/63/63 197/65/65 194/66/66
f 194/66/66 197/65/65 203/67/67 200/68/68
f 200/68/68 203/67/67 209/69/69 206/70/70
f 206/70/70 209/69/69 215/71/71 212/72/72
f 212/72/72 215/71/71 221/73/73 218/74/74
f 218/74/74 221/73/73 227/75/75 224/76/76
f 224/76/76 227/75/75 233/77/77 230/78/78
f 230/78/78 233/77/77 239/79/79 236/80/80
f 236/80/80 239/79/79 245/81/81 242/82/82
f 242/82/82 245/81/81 251/83/83 248/84/84
f 248/84/84 251/83/83 257/85/85 254/86/86
f 254/86/86 257/85/85 263/87/87 260/88/88
f 260/88/88 263/87/87 269/89/89 266/90/90
f 266/90/90 269/89/89 275/91/91 272/92/92
f 272/92/92 275/91/91 281/93/93 278/94/94
f 278/94/94 281/93/93 287/2/2 284/1/1
f 8/95/95 11/96/96 17/6/6 14/5/5
f 10/97/97 4/98/98 286/99/99 280/100/100 274/101/101 268/102/102 262/103/103 256/104/104 250/105/105 244/106/106 238/107/107 232/108/108 226/109/109 220/110/110 214/111/111 208/112/112 202/113/113 196/114/114 190/115/115 184/116/116 178/117/117 172/118/118 166/119/119 160/120/120 154/121/121 148/122/122 142/123/123 136/124/124 130/125/125 124/126/126 118/127/127 112/128/128 106/129/129 100/130/130 94/131/131 88/132/132 82/133/133 76/134/134 70/135/135 64/136/136 58/137/137 52/138/138 46/139/139 40/140/140 34/141/141 28/142/142 22/143/143 16/144/144
f 2/145/4 5/146/3 11/96/96 8/95/95
f 2/145/4 8/95/95 9/147/145 3/148/146
f 3/149/146 9/150/145 7/151/147 1/152/148
f 11/96/96 5/146/3 6/153/149 12/154/150
f 12/155/150 6/156/149 4/98/98 10/97/97
f 8/95/95 14/5/5 15/157/151 9/158/145
f 9/159/145 15/160/151 13/161/152 7/151/147
f 17/6/6 11/96/96 12/162/150 18/163/153
f 18/164/153 12/165/150 10/97/97 16/144/144
f 14/5/5 20/8/8 21/166/154 15/167/151
f 15/168/151 21/169/154 19/170/155 13/161/152
f 23/7/7 17/6/6 18/171/153 24/172/156
f 24/173/156 18/174/153 16/144/144 22/143/143
f 20/8/8 26/10/10 27/175/157 21/176/154
f 21/177/154 27/178/157 25/179/158 19/170/155
f 29/9/9 23/7/7 24/180/156 30/181/159
f 30/182/159 24/183/156 22/143/143 28/142/142
f 26/10/10 32/12/12 33/184/160 27/185/157
f 27/186/157 33/187/160 31/188/161 25/179/158
f 35/11/11 29/9/9 30/189/159 36/190/162
f 36/191/162 30/192/159 28/142/142 34/141/141
f 32/12/12 38/14/14 39/193/163 33/194/160
f 33/195/160 39/196/163 37/197/164 31/188/161
f 41/13/13 35/11/11 36/198/162 42/199/165
f 42/200/165 36/201/162 34/141/141 40/140/140
f 38/14/14 44/16/16 45/202/166 39/203/163
f 39/204/163 45/205/166 43/206/167 37/197/164
f 47/15/15 41/13/13 42/207/165 48/208/168
f 48/209/168 42/210/165 40/140/140 46/139/139
f 44/16/16 50/18/18 51/211/169 45/212/166
f 45/213/166 51/214/169 49/215/170 43/206/167
f 53/17/17 47/15/15 48/216/168 54/217/171
f 54/218/171 48/219/168 46/139/139 52/138/138
f 50/18/18 56/20/20 57/220/172 51/221/169
f 51/222/169 57/223/172 55/224/173 49/215/170
f 59/19/19 53/17/17 54/225/171 60/226/174
f 60/227/174 54/228/171 52/138/138 58/137/137
f 56/20/20 62/22/22 63/229/175 57/230/172
f 57/231/172 63/232/175 61/233/176 55/224/173
f 65/21/21 59/19/19 60/234/174 66/235/177
f 66/236/177 60/237/174 58/137/137 64/136/136
f 62/22/22 68/24/24 69/238/178 63/239/175
f 63/240/175 69/241/178 67/242/179 61/233/176
f 71/23/23 65/21/21 66/243/177 72/244/180
f 72/245/180 66/246/177 64/136/136 70/135/135
f 68/24/24 74/26/26 75/247/181 69/248/178
f 69/249/178 75/250/181 73/251/182 67/242/179
f 77/25/25 71/23/23 72/252/180 78/253/183
f 78/254/183 72/255/180 70/135/135 76/134/134
f 74/26/26 80/28/28 81/256/184 75/257/181
f 75/258/181 81/259/184 79/260/185 73/251/182
f 83/27/27 77/25/25 78/261/183 84/262/186
f 84/263/186 78/264/183 76/134/134 82/133/133
f 80/28/28 86/30/30 87/265/187 81/266/184
f 81/267/184 87/268/187 85/269/188 79/260/185
f 89/29/29 83/27/27 84/270/186 90/271/189
f 90/272/189 84/273/186 82/133/133 88/132/132
f 86/30/30 92/32/32 93/274/190 87/275/187
f 87/276/187 93/277/190 91/278/191 85/269/188
f 95/31/31 89/29/29 90/279/189 96/280/192
f 96/281/192 90/282/189 88/132/132 94/131/131
f 92/32/32 98/34/34 99/283/193 93/284/190
f 93/285/190 99/286/193 97/287/194 91/278/191
f 101/33/33 95/31/31 96/288/192 102/289/195
f 102/290/195 96/291/192 94/131/131 100/130/130
f 98/34/34 104/36/36 105/292/196 99/293/193
f 99/294/193 105/295/196 103/296/197 97/287/194
f 107/35/35 101/33/33 102/297/195 108/298/198
f 108/299/198 102/300/195 100/130/130 106/129/129
f 104/36/36 110/38/38 111/301/199 105/302/196
f 105/303/196 111/304/199 109/305/200 103/296/197
f 113/37/37 107/35/35 108/306/198 114/307/201
f 114/308/201 108/309/198 106/129/129 112/128/128
f 110/38/38 116/40/40 117/310/202 111/311/199
f 111/312/199 117/313/202 115/314/203 109/305/200
f 119/39/39 113/37/37 114/315/201 120/316/204
f 120/317/204 114/318/201 112/128/128 118/127/127
f 116/40/40 122/42/42 123/319/205 117/320/202
f 117/321/202 123/322/205 121/323/206 115/314/203
f 125/41/41 119/39/39 120/324/204 126/325/207
f 126/326/207 120/327/204 118/127/127 124/126/126
f 122/42/42 128/44/44 129/328/208 123/329/205
f 123/330/205 129/331/208 127/332/209 121/323/206
f 131/43/43 125/41/41 126/333/207 132/334/210
f 132/335/210 126/336/207 124/126/126 130/125/125
f 128/44/44 134/46/46 135/337/211 129/338/208
f 129/339/208 135/340/211 133/341/212 127/332/209
f 137/45/45 131/43/43 132/342/210 138/343/213
f 138/344/213 132/345/210 130/125/125 136/124/124
f 134/46/46 140/48/48 141/346/214 135/347/211
f 135/348/211 141/349/214 139/350/215 133/341/212
f 143/47/47 137/45/45 138/351/213 144/352/216
f 144/353/216 138/354/213 136/124/124 142/123/123
f 140/48/48 146/50/50 147/355/217 141/356/214
f 141/357/214 147/358/217 145/359/218 139/350/215
f 149/49/49 143/47/47 144/360/216 150/361/219
f 150/362/219 144/363/216 142/123/123 148/122/122
f 146/50/50 152/52/52 153/364/220 147/365/217
f 147/366/217 153/367/220 151/368/221 145/359/218
f 155/51/51 149/49/49 150/369/219 156/370/222
f 156/371/222 150/372/219 148/122/122 154/121/121
f 152/52/52 158/54/54 159/373/223 153/374/220
f 153/375/220 159/376/223 157/377/224 151/368/221
f 161/53/53 155/51/51 156/378/222 162/379/225
f 162/380/225 156/381/222 154/121/121 160/120/120
f 158/54/54 164/56/56 165/382/226 159/383/223
f 159/384/223 165/385/226 163/386/227 157/377/224
f 167/55/55 161/53/53 162/387/225 168/388/228
f 168/389/228 162/390/225 160/120/120 166/119/119
f 164/56/56 170/58/58 171/391/229 165/392/226
f 165/393/226 171/394/229 169/395/230 163/386/227
f 173/57/57 167/55/55 168/396/228 174/397/231
f 174/398/231 168/399/228 166/119/119 172/118/118
f 170/58/58 176/60/60 177/400/232 171/401/229
f 171/402/229 177/403/232 175/404/233 169/395/230
f 179/59/59 173/57/57 174/405/231 180/406/234
f 180/407/234 174/408/231 172/118/118 178/117/117
f 176/60/60 182/62/62 183/409/235 177/410/232
f 177/411/232 183/412/235 181/413/236 175/404/233
f 185/61/61 179/59/59 180/414/234 186/415/237
f 186/416/237 180/417/234 178/117/117 184/116/116
f 182/62/62 188/64/64 189/418/238 183/419/235
f 183/420/235 189/421/238 187/422/239 181/413/236
f 191/63/63 185/61/61 186/423/237 192/424/240
f 192/425/240 186/426/237 184/116/116 190/115/115
f 188/64/64 194/66/66 195/427/241 189/428/238
f 189/429/238 195/430/241 193/431/242 187/422/239
f 197/65/65 191/63/63 192/432/240 198/433/243
f 198/434/243 192/435/240 190/115/115 196/114/114
f 194/66/66 200/68/68 201/436/244 195/437/241
f 195/438/241 201/439/244 199/440/245 193/431/242
f 203/67/67 197/65/65 198/441/243 204/442/246
f 204/443/246 198/444/243 196/114/114 202/113/113
f 200/68/68 206/70/70 207/445/247 201/446/244
f 201/447/244 207/448/247 205/449/248 199/440/245
f 209/69/69 203/67/67 204/450/246 210/451/249
f 210/452/249 204/453/246 202/113/113 208/112/112
f 206/70/70 212/72/72 213/454/250 207/455/247
f 207/456/247 213/457/250 211/458/251 205/449/248
f 215/71/71 209/69/69 210/459/249 216/460/252
f 216/461/252 210/462/249 208/112/112 214/111/111
f 212/72/72 218/74/74 219/463/253 213/464/250
f 213/465/250 219/466/253 217/467/254 211/458/251
f 221/73/73 215/71/71 216/468/252 222/469/255
f 222/470/255 216/471/252 214/111/111 220/110/110
f 218/74/74 224/76/76 225/472/256 219/473/253
f 219/474/253 225/475/256 223/476/257 217/467/254
f 227/75/75 221/73/73 222/477/255 228/478/258
f 228/479/258 222/480/255 220/110/110 226/109/109
f 224/76/76 230/78/78 231/481/259 225/482/256
f 225/483/256 231/484/259 229/485/260 223/476/257
f 233/77/77 227/75/75 228/486/258 234/487/261
f 234/488/261 228/489/258 226/109/109 232/108/108
f 230/78/78 236/80/80 237/490/262 231/491/259
f 231/492/259 237/493/262 235/494/263 229/485/260
f 239/79/79 233/77/77 234/495/261 240/496/264
f 240/497/264 234/498/261 232/108/108 238/107/107
f 236/80/80 242/82/82 243/499/265 237/500/262
f 237/501/262 243/502/265 241/503/266 235/494/263
f 245/81/81 239/79/79 240/504/264 246/505/267
f 246/506/267 240/507/264 238/107/107 244/106/106
f 242/82/82 248/84/84 249/508/268 243/509/265
f 243/510/265 249/511/268 247/512/269 241/503/266
f 251/83/83 245/81/81 246/513/267 252/514/270
f 252/515/270 246/516/267 244/106/106 250/105/105
f 248/84/84 254/86/86 255/517/271 249/518/268
f 249/519/268 255/520/271 253/521/272 247/512/269
f 257/85/85 251/83/83 252/522/270 258/523/273
f 258/524/273 252/525/270 250/105/105 256/104/104
f 254/86/86 260/88/88 261/526/274 255/527/271
f 255/528/271 261/529/274 259/530/275 253/521/272
f 263/87/87 257/85/85 258/531/273 264/532/276
f 264/533/276 258/534/273 256/104/104 262/103/103
f 260/88/88 266/90/90 267/535/277 261/536/274
f 261/537/274 267/538/277 265/539/278 259/530/275
f 269/89/89 263/87/87 264/540/276 270/541/279
f 270/542/279 264/543/276 262/103/103 268/102/102
f 266/90/90 272/92/92 273/544/280 267/545/277
f 267/546/277 273/547/280 271/548/281 265/539/278
f 275/91/91 269/89/89 270/549/279 276/550/282
f 276/551/282 270/552/279 268/102/102 274/101/101
f 272/92/92 278/94/94 279/553/283 273/554/280
f 273/555/280 279/556/283 277/557/284 271/548/281
f 281/93/93 275/91/91 276/558/282 282/559/285
f 282/560/285 276/561/282 274/101/101 280/100/100
f 278/94/94 284/1/1 285/562/286 279/563/283
f 279/564/283 285/565/286 283/566/287 277/557/284
f 287/2/2 281/93/93 282/567/285 288/568/288
f 288/569/288 282/570/285 280/100/100 286/99/99
f 284/1/1 2/4/4 3/571/146 285/572/286
f 285/573/286 3/574/146 1/152/148 283/566/287
f 5/3/3 287/2/2 288/575/288 6/576/149
f 6/577/149 288/578/288 286/99/99 4/98/98
f 1/152/148 7/151/147 13/161/152 19/170/155 25/179/158 31/188/161 37/197/164 43/206/167 49/215/170 55/224/173 61/233/176 67/242/179 73/251/182 79/260/185 85/269/188 91/278/191 97/287/194 103/296/197 109/305/200 115/314/203 121/323/206 127/332/209 133/341/212 139/350/215 145/359/218 151/368/221 157/377/224 163/386/227 169/395/230 175/404/233 181/413/236 187/422/239 193/431/242 199/440/245 205/449/248 211/458/251 217/467/254 223/476/257 229/485/260 235/494/263 241/503/266 247/512/269 253/521/272 259/530/275 265/539/278 271/548/281 277/557/284 283/566/287
o Motor_base.003
v -0.000083 0.000135 -0.025919
v -0.000083 0.001135 -0.026921
v -0.000083 0.000428 -0.026627
v -0.000083 0.012135 -0.025919
v -0.000083 0.011135 -0.026921
v -0.000083 0.011842 -0.026627
v 0.003310 0.000135 -0.025696
v 0.003441 0.001135 -0.026690
v 0.003403 0.000428 -0.026399
v 0.003310 0.012135 -0.025696
v 0.003441 0.011135 -0.026690
v 0.003403 0.011842 -0.026399
v 0.006646 0.000135 -0.025033
v 0.006905 0.001135 -0.026001
v 0.006829 0.000428 -0.025717
v 0.006646 0.012135 -0.025033
v 0.006905 0.011135 -0.026001
v 0.006829 0.011842 -0.025717
v 0.009866 0.000135 -0.023940
v 0.010249 0.001135 -0.024866
v 0.010137 0.000428 -0.024595
v 0.009866 0.012135 -0.023940
v 0.010249 0.011135 -0.024866
v 0.010137 0.011842 -0.024595
v 0.012916 0.000135 -0.022436
v 0.013417 0.001135 -0.023304
v 0.013270 0.000428 -0.023049
v 0.012916 0.012135 -0.022436
v 0.013417 0.011135 -0.023304
v 0.013270 0.011842 -0.023049
v 0.015743 0.000135 -0.020546
v 0.016354 0.001135 -0.021342
v 0.016175 0.000428 -0.021109
v 0.015743 0.012135 -0.020546
v 0.016354 0.011135 -0.021342
v 0.016175 0.011842 -0.021109
v 0.018300 0.000135 -0.018304
v 0.019009 0.001135 -0.019013
v 0.018801 0.000428 -0.018805
v 0.018300 0.012135 -0.018304
v 0.019009 0.011135 -0.019013
v 0.018801 0.011842 -0.018805
v 0.020542 0.000135 -0.015747
v 0.021338 0.001135 -0.016358
v 0.021105 0.000428 -0.016179
v 0.020542 0.012135 -0.015747
v 0.021338 0.011135 -0.016358
v 0.021105 0.011842 -0.016179
v 0.022432 0.000135 -0.012920
v 0.023300 0.001135 -0.013421
v 0.023045 0.000428 -0.013274
v 0.022432 0.012135 -0.012920
v 0.023300 0.011135 -0.013421
v 0.023045 0.011842 -0.013274
v 0.023936 0.000135 -0.009870
v 0.024862 0.001135 -0.010253
v 0.024591 0.000428 -0.010141
v 0.023936 0.012135 -0.009870
v 0.024862 0.011135 -0.010253
v 0.024591 0.011842 -0.010141
v 0.025029 0.000135 -0.006650
v 0.025997 0.001135 -0.006909
v 0.025713 0.000428 -0.006833
v 0.025029 0.012135 -0.006650
v 0.025997 0.011135 -0.006909
v 0.025713 0.011842 -0.006833
v 0.025692 0.000135 -0.003314
v 0.026686 0.001135 -0.003445
v 0.026395 0.000428 -0.003407
v 0.025692 0.012135 -0.003314
v 0.026686 0.011135 -0.003445
v 0.026395 0.011842 -0.003407
v 0.025915 0.000135 0.000079
v 0.026917 0.001135 0.000079
v 0.026623 0.000428 0.000079
v 0.025915 0.012135 0.000079
v 0.026917 0.011135 0.000079
v 0.026623 0.011842 0.000079
v 0.025692 0.000135 0.003472
v 0.026686 0.001135 0.003603
v 0.026395 0.000428 0.003565
v 0.025692 0.012135 0.003472
v 0.026686 0.011135 0.003603
v 0.026395 0.011842 0.003565
v 0.025029 0.000135 0.006808
v 0.025997 0.001135 0.007067
v 0.025713 0.000428 0.006991
v 0.025029 0.012135 0.006808
v 0.025997 0.011135 0.007067
v 0.025713 0.011842 0.006991
v 0.023936 0.000135 0.010028
v 0.024862 0.001135 0.010411
v 0.024591 0.000428 0.010299
v 0.023936 0.012135 0.010028
v 0.024862 0.011135 0.010411
v 0.024591 0.011842 0.010299
v 0.022432 0.000135 0.013078
v 0.023300 0.001135 0.013579
v 0.023045 0.000428 0.013432
v 0.022432 0.012135 0.013078
v 0.023300 0.011135 0.013579
v 0.023045 0.011842 0.013432
v 0.020542 0.000135 0.015906
v 0.021338 0.001135 0.016516
v 0.021105 0.000428 0.016337
v 0.020542 0.012135 0.015906
v 0.021338 0.011135 0.016516
v 0.021105 0.011842 0.016337
v 0.018300 0.000135 0.018462
v 0.019009 0.001135 0.019171
v 0.018801 0.000428 0.018963
v 0.018300 0.012135 0.018462
v 0.019009 0.011135 0.019171
v 0.018801 0.011842 0.018963
v 0.015743 0.000135 0.020704
v 0.016354 0.001135 0.021500
v 0.016175 0.000428 0.021267
v 0.015743 0.012135 0.020704
v 0.016354 0.011135 0.021500
v 0.016175 0.011842 0.021267
v 0.012916 0.000135 0.022594
v 0.013417 0.001135 0.023462
v 0.013270 0.000428 0.023207
v 0.012916 0.012135 0.022594
v 0.013417 0.011135 0.023462
v 0.013270 0.011842 0.023207
v 0.009866 0.000135 0.024098
v 0.010249 0.001135 0.025024
v 0.010137 0.000428 0.024753
v 0.009866 0.012135 0.024098
v 0.010249 0.011135 0.025024
v 0.010137 0.011842 0.024753
v 0.006646 0.000135 0.025191
v 0.006905 0.001135 0.026159
v 0.006829 0.000428 0.025875
v 0.006646 0.012135 0.025191
v 0.006905 0.011135 0.026159
v 0.006829 0.011842 0.025875
v 0.003310 0.000135 0.025854
v 0.003441 0.001135 0.026848
v 0.003403 0.000428 0.026557
v 0.003310 0.012135 0.025854
v 0.003441 0.011135 0.026848
v 0.003403 0.011842 0.026557
v -0.000083 0.000135 0.026077
v -0.000083 0.001135 0.027079
v -0.000083 0.000428 0.026786
v -0.000083 0.012135 0.026077
v -0.000083 0.011135 0.027079
v -0.000083 0.011842 0.026786
v -0.003476 0.000135 0.025854
v -0.003607 0.001135 0.026848
v -0.003569 0.000428 0.026557
v -0.003476 0.012135 0.025854
v -0.003607 0.011135 0.026848
v -0.003569 0.011842 0.026557
v -0.006812 0.000135 0.025191
v -0.007071 0.001135 0.026159
v -0.006995 0.000428 0.025875
v -0.006812 0.012135 0.025191
v -0.007071 0.011135 0.026159
v -0.006995 0.011842 0.025875
v -0.010032 0.000135 0.024098
v -0.010415 0.001135 0.025024
v -0.010303 0.000428 0.024753
v -0.010032 0.012135 0.024098
v -0.010415 0.011135 0.025024
v -0.010303 0.011842 0.024753
v -0.013082 0.000135 0.022594
v -0.013583 0.001135 0.023462
v -0.013436 0.000428 0.023207
v -0.013082 0.012135 0.022594
v -0.013583 0.011135 0.023462
v -0.013436 0.011842 0.023207
v -0.015910 0.000135 0.020704
v -0.016520 0.001135 0.021500
v -0.016341 0.000428 0.021267
v -0.015910 0.012135 0.020704
v -0.016520 0.011135 0.021500
v -0.016341 0.011842 0.021267
v -0.018466 0.000135 0.018462
v -0.019175 0.001135 0.019171
v -0.018967 0.000428 0.018963
v -0.018466 0.012135 0.018462
v -0.019175 0.011135 0.019171
v -0.018967 0.011842 0.018963
v -0.020708 0.000135 0.015906
v -0.021504 0.001135 0.016516
v -0.021271 0.000428 0.016337
v -0.020708 0.012135 0.015906
v -0.021504 0.011135 0.016516
v -0.021271 0.011842 0.016337
v -0.022598 0.000135 0.013078
v -0.023466 0.001135 0.013579
v -0.023211 0.000428 0.013432
v -0.022598 0.012135 0.013078
v -0.023466 0.011135 0.013579
v -0.023211 0.011842 0.013432
v -0.024102 0.000135 0.010028
v -0.025028 0.001135 0.010411
v -0.024757 0.000428 0.010299
v -0.024102 0.012135 0.010028
v -0.025028 0.011135 0.010411
v -0.024757 0.011842 0.010299
v -0.025195 0.000135 0.006808
v -0.026163 0.001135 0.007067
v -0.025879 0.000428 0.006991
v -0.025195 0.012135 0.006808
v -0.026163 0.011135 0.007067
v -0.025879 0.011842 0.006991
v -0.025858 0.000135 0.003472
v -0.026852 0.001135 0.003603
v -0.026561 0.000428 0.003565
v -0.025858 0.012135 0.003472
v -0.026852 0.011135 0.003603
v -0.026561 0.011842 0.003565
v -0.026081 0.000135 0.000079
v -0.027083 0.001135 0.000079
v -0.026790 0.000428 0.000079
v -0.026081 0.012135 0.000079
v -0.027083 0.011135 0.000079
v -0.026790 0.011842 0.000079
v -0.025858 0.000135 -0.003314
v -0.026852 0.001135 -0.003445
v -0.026561 0.000428 -0.003407
v -0.025858 0.012135 -0.003314
v -0.026852 0.011135 -0.003445
v -0.026561 0.011842 -0.003407
v -0.025195 0.000135 -0.006650
v -0.026163 0.001135 -0.006909
v -0.025879 0.000428 -0.006833
v -0.025195 0.012135 -0.006650
v -0.026163 0.011135 -0.006909
v -0.025879 0.011842 -0.006833
v -0.024102 0.000135 -0.009870
v -0.025028 0.001135 -0.010253
v -0.024757 0.000428 -0.010141
v -0.024102 0.012135 -0.009870
v -0.025028 0.011135 -0.010253
v -0.024757 0.011842 -0.010141
v -0.022598 0.000135 -0.012920
v -0.023466 0.001135 -0.013421
v -0.023211 0.000428 -0.013274
v -0.022598 0.012135 -0.012920
v -0.023466 0.011135 -0.013421
v -0.023211 0.011842 -0.013274
v -0.020708 0.000135 -0.015747
v -0.021504 0.001135 -0.016358
v -0.021271 0.000428 -0.016179
v -0.020708 0.012135 -0.015747
v -0.021504 0.011135 -0.016358
v -0.021271 0.011842 -0.016179
v -0.018466 0.000135 -0.018304
v -0.019175 0.001135 -0.019013
v -0.018967 0.000428 -0.018805
v -0.018466 0.012135 -0.018304
v -0.019175 0.011135 -0.019013
v -0.018967 0.011842 -0.018805
v -0.015910 0.000135 -0.020546
v -0.016520 0.001135 -0.021342
v -0.016341 0.000428 -0.021109
v -0.015910 0.012135 -0.020546
v -0.016520 0.011135 -0.021342
v -0.016341 0.011842 -0.021109
v -0.013082 0.000135 -0.022436
v -0.013583 0.001135 -0.023304
v -0.013436 0.000428 -0.023049
v -0.013082 0.012135 -0.022436
v -0.013583 0.011135 -0.023304
v -0.013436 0.011842 -0.023049
v -0.010032 0.000135 -0.023940
v -0.010415 0.001135 -0.024866
v -0.010303 0.000428 -0.024595
v -0.010032 0.012135 -0.023940
v -0.010415 0.011135 -0.024866
v -0.010303 0.011842 -0.024595
v -0.006812 0.000135 -0.025033
v -0.007071 0.001135 -0.026001
v -0.006995 0.000428 -0.025717
v -0.006812 0.012135 -0.025033
v -0.007071 0.011135 -0.026001
v -0.006995 0.011842 -0.025717
v -0.003476 0.000135 -0.025696
v -0.003607 0.001135 -0.026690
v -0.003569 0.000428 -0.026399
v -0.003476 0.012135 -0.025696
v -0.003607 0.011135 -0.026690
v -0.003569 0.011842 -0.026399
vn -0.1305 -0.0274 -0.9911
vn -0.1305 0.0273 -0.9911
vn -0.0000 0.0273 -0.9996
vn -0.0000 -0.0273 -0.9996
vn 0.2587 -0.0273 -0.9656
vn 0.2587 0.0273 -0.9656
vn 0.3825 0.0273 -0.9236
vn 0.3825 -0.0273 -0.9235
vn 0.4997 0.0273 -0.8657
vn 0.4998 -0.0273 -0.8657
vn 0.6085 0.0273 -0.7931
vn 0.6085 -0.0273 -0.7931
vn 0.7068 0.0273 -0.7068
vn 0.7068 -0.0273 -0.7068
vn 0.7931 0.0274 -0.6085
vn 0.7931 -0.0274 -0.6085
vn 0.8657 0.0273 -0.4998
vn 0.8657 -0.0273 -0.4998
vn 0.9236 0.0273 -0.3825
vn 0.9235 -0.0273 -0.3825
vn 0.9656 0.0273 -0.2587
vn 0.9656 -0.0273 -0.2587
vn 0.9911 0.0273 -0.1305
vn 0.9911 -0.0273 -0.1305
vn 0.9996 0.0273 -0.0000
vn 0.9996 -0.0273 -0.0000
vn 0.9911 0.0273 0.1305
vn 0.9911 -0.0273 0.1305
vn 0.9656 0.0273 0.2587
vn 0.9656 -0.0273 0.2587
vn 0.9236 0.0273 0.3825
vn 0.9235 -0.0273 0.3825
vn 0.8657 0.0273 0.4997
vn 0.8657 -0.0273 0.4998
vn 0.7931 0.0274 0.6085
vn 0.7931 -0.0274 0.6085
vn 0.7068 0.0273 0.7068
vn 0.7068 -0.0273 0.7068
vn 0.6085 0.0273 0.7930
vn 0.6085 -0.0274 0.7931
vn 0.4998 0.0273 0.8657
vn 0.4998 -0.0273 0.8657
vn 0.3825 0.0273 0.9236
vn 0.3825 -0.0273 0.9235
vn 0.2587 0.0273 0.9656
vn 0.2587 -0.0273 0.9656
vn 0.1305 0.0274 0.9911
vn 0.1305 -0.0274 0.9911
vn -0.0000 0.0273 0.9996
vn -0.0000 -0.0273 0.9996
vn -0.1305 0.0273 0.9911
vn -0.1305 -0.0274 0.9911
vn -0.2587 0.0273 0.9656
vn -0.2587 -0.0273 0.9656
vn -0.3825 0.0273 0.9236
vn -0.3825 -0.0273 0.9235
vn -0.4998 0.0273 0.8657
vn -0.4998 -0.0273 0.8657
vn -0.6085 0.0273 0.7930
vn -0.6085 -0.0273 0.7931
vn -0.7068 0.0273 0.7068
vn -0.7068 -0.0273 0.7068
vn -0.7931 0.0274 0.6085
vn -0.7931 -0.0273 0.6085
vn -0.8657 0.0273 0.4997
vn -0.8657 -0.0273 0.4998
vn -0.9236 0.0273 0.3825
vn -0.9235 -0.0273 0.3825
vn -0.9656 0.0273 0.2587
vn -0.9656 -0.0273 0.2587
vn -0.9911 0.0273 0.1305
vn -0.9911 -0.0273 0.1305
vn -0.9996 0.0273 -0.0000
vn -0.9996 -0.0273 -0.0000
vn -0.9911 0.0273 -0.1305
vn -0.9911 -0.0273 -0.1305
vn -0.9656 0.0273 -0.2587
vn -0.9656 -0.0273 -0.2587
vn -0.9236 0.0273 -0.3825
vn -0.9235 -0.0273 -0.3825
vn -0.8657 0.0273 -0.4997
vn -0.8657 -0.0273 -0.4998
vn -0.7931 0.0274 -0.6085
vn -0.7931 -0.0274 -0.6085
vn -0.7068 0.0273 -0.7068
vn -0.7068 -0.0273 -0.7068
vn -0.6085 0.0274 -0.7930
vn -0.6085 -0.0273 -0.7931
vn -0.4997 0.0273 -0.8657
vn -0.4998 -0.0273 -0.8657
vn -0.3825 0.0273 -0.9236
vn -0.3825 -0.0273 -0.9235
vn -0.2587 0.0273 -0.9656
vn -0.2587 -0.0273 -0.9656
vn 0.1305 -0.0274 -0.9911
vn 0.1305 0.0273 -0.9911
vn 0.0001 1.0000 -0.0010
vn -0.0000 1.0000 -0.0010
vn -0.0001 1.0000 -0.0010
vn -0.0002 1.0000 -0.0009
vn -0.0004 1.0000 -0.0010
vn -0.0005 1.0000 -0.0008
vn -0.0006 1.0000 -0.0009
vn -0.0007 1.0000 -0.0007
vn -0.0008 1.0000 -0.0007
vn -0.0008 1.0000 -0.0005
vn -0.0009 1.0000 -0.0004
vn -0.0010 1.0000 -0.0003
vn -0.0010 1.0000 -0.0001
vn -0.0011 1.0000 -0.0000
vn -0.0010 1.0000 0.0001
vn -0.0009 1.0000 0.0002
vn -0.0009 1.0000 0.0004
vn -0.0008 1.0000 0.0005
vn -0.0008 1.0000 0.0006
vn -0.0007 1.0000 0.0007
vn -0.0006 1.0000 0.0008
vn -0.0005 1.0000 0.0008
vn -0.0004 1.0000 0.0010
vn -0.0003 1.0000 0.0009
vn -0.0001 1.0000 0.0010
vn -0.0000 1.0000 0.0010
vn 0.0001 1.0000 0.0010
vn 0.0002 1.0000 0.0009
vn 0.0004 1.0000 0.0009
vn 0.0005 1.0000 0.0009
vn 0.0006 1.0000 0.0008
vn 0.0007 1.0000 0.0007
vn 0.0008 1.0000 0.0007
vn 0.0008 1.0000 0.0005
vn 0.0010 1.0000 0.0004
vn 0.0009 1.0000 0.0003
vn 0.0010 1.0000 0.0001
vn 0.0011 1.0000 -0.0000
vn 0.0010 1.0000 -0.0001
vn 0.0009 1.0000 -0.0002
vn 0.0009 1.0000 -0.0004
vn 0.0008 1.0000 -0.0005
vn 0.0008 1.0000 -0.0006
vn 0.0007 1.0000 -0.0007
vn 0.0006 1.0000 -0.0009
vn 0.0005 1.0000 -0.0008
vn 0.0004 1.0000 -0.0010
vn 0.0003 1.0000 -0.0009
vn 0.0926 -0.7051 -0.7030
vn -0.0000 -0.7051 -0.7091
vn 0.0001 -1.0000 -0.0010
vn -0.0000 -1.0000 -0.0011
vn -0.0000 0.7051 -0.7091
vn 0.0926 0.7051 -0.7030
vn 0.1835 -0.7051 -0.6849
vn 0.0003 -1.0000 -0.0010
vn 0.1835 0.7051 -0.6849
vn 0.2714 -0.7051 -0.6551
vn 0.0004 -1.0000 -0.0010
vn 0.2714 0.7051 -0.6551
vn 0.3545 -0.7051 -0.6141
vn 0.0005 -1.0000 -0.0008
vn 0.3546 0.7051 -0.6141
vn 0.4317 -0.7051 -0.5626
vn 0.0006 -1.0000 -0.0008
vn 0.4317 0.7051 -0.5626
vn 0.5014 -0.7051 -0.5014
vn 0.0007 -1.0000 -0.0007
vn 0.5014 0.7051 -0.5014
vn 0.5626 -0.7051 -0.4317
vn 0.0008 -1.0000 -0.0006
vn 0.5626 0.7051 -0.4317
vn 0.6141 -0.7051 -0.3546
vn 0.0009 -1.0000 -0.0005
vn 0.6141 0.7051 -0.3546
vn 0.6551 -0.7051 -0.2714
vn 0.0009 -1.0000 -0.0004
vn 0.6551 0.7051 -0.2714
vn 0.6849 -0.7051 -0.1835
vn 0.0009 -1.0000 -0.0002
vn 0.6850 0.7051 -0.1835
vn 0.7030 -0.7051 -0.0926
vn 0.0010 -1.0000 -0.0001
vn 0.7030 0.7051 -0.0926
vn 0.7091 -0.7051 -0.0000
vn 0.0011 -1.0000 -0.0000
vn 0.7091 0.7051 -0.0000
vn 0.7030 -0.7051 0.0926
vn 0.0010 -1.0000 0.0001
vn 0.7030 0.7051 0.0926
vn 0.6849 -0.7051 0.1835
vn 0.0009 -1.0000 0.0003
vn 0.6849 0.7051 0.1835
vn 0.6551 -0.7051 0.2714
vn 0.0010 -1.0000 0.0004
vn 0.6551 0.7051 0.2714
vn 0.6141 -0.7051 0.3546
vn 0.0008 -1.0000 0.0005
vn 0.6141 0.7051 0.3546
vn 0.5626 -0.7051 0.4317
vn 0.0009 -1.0000 0.0006
vn 0.5626 0.7051 0.4317
vn 0.5014 -0.7051 0.5014
vn 0.0007 -1.0000 0.0007
vn 0.5014 0.7051 0.5014
vn 0.4317 -0.7051 0.5626
vn 0.0006 -1.0000 0.0009
vn 0.4317 0.7051 0.5626
vn 0.3546 -0.7051 0.6141
vn 0.0005 -1.0000 0.0008
vn 0.3545 0.7051 0.6141
vn 0.2714 -0.7051 0.6551
vn 0.0004 -1.0000 0.0010
vn 0.2714 0.7051 0.6551
vn 0.1835 -0.7051 0.6850
vn 0.0002 -1.0000 0.0009
vn 0.1835 0.7051 0.6849
vn 0.0926 -0.7051 0.7030
vn 0.0001 -1.0000 0.0010
vn 0.0926 0.7051 0.7030
vn -0.0000 -0.7051 0.7091
vn -0.0000 -1.0000 0.0011
vn -0.0000 0.7051 0.7091
vn -0.0926 -0.7051 0.7030
vn -0.0001 -1.0000 0.0010
vn -0.0926 0.7051 0.7030
vn -0.1835 -0.7051 0.6849
vn -0.0003 -1.0000 0.0009
vn -0.1835 0.7051 0.6849
vn -0.2714 -0.7051 0.6551
vn -0.0004 -1.0000 0.0010
vn -0.2714 0.7051 0.6551
vn -0.3545 -0.7051 0.6141
vn -0.0005 -1.0000 0.0009
vn -0.3546 0.7051 0.6141
vn -0.4317 -0.7051 0.5626
vn -0.0007 -1.0000 0.0008
vn -0.4317 0.7051 0.5626
vn -0.5014 -0.7051 0.5014
vn -0.0007 -1.0000 0.0007
vn -0.5014 0.7051 0.5014
vn -0.5626 -0.7051 0.4317
vn -0.0009 -1.0000 0.0006
vn -0.5626 0.7051 0.4317
vn -0.6141 -0.7051 0.3546
vn -0.0008 -1.0000 0.0005
vn -0.6141 0.7051 0.3546
vn -0.6551 -0.7051 0.2714
vn -0.0009 -1.0000 0.0004
vn -0.6551 0.7051 0.2714
vn -0.6850 -0.7051 0.1835
vn -0.0009 -1.0000 0.0002
vn -0.6850 0.7051 0.1835
vn -0.7030 -0.7051 0.0926
vn -0.0010 -1.0000 0.0001
vn -0.7030 0.7051 0.0926
vn -0.7091 -0.7051 -0.0000
vn -0.0011 -1.0000 -0.0000
vn -0.7091 0.7051 -0.0000
vn -0.7030 -0.7051 -0.0926
vn -0.0010 -1.0000 -0.0001
vn -0.7030 0.7051 -0.0926
vn -0.6849 -0.7051 -0.1835
vn -0.0010 -1.0000 -0.0003
vn -0.6849 0.7051 -0.1835
vn -0.6551 -0.7051 -0.2714
vn -0.0009 -1.0000 -0.0004
vn -0.6551 0.7051 -0.2714
vn -0.6141 -0.7051 -0.3546
vn -0.0008 -1.0000 -0.0005
vn -0.6141 0.7051 -0.3546
vn -0.5626 -0.7051 -0.4317
vn -0.0008 -1.0000 -0.0007
vn -0.5626 0.7051 -0.4317
vn -0.5014 -0.7051 -0.5014
vn -0.0007 -1.0000 -0.0007
vn -0.5014 0.7051 -0.5014
vn -0.4317 -0.7051 -0.5626
vn -0.0006 -1.0000 -0.0009
vn -0.4317 0.7051 -0.5626
vn -0.3546 -0.7051 -0.6141
vn -0.0005 -1.0000 -0.0008
vn -0.3545 0.7051 -0.6141
vn -0.2714 -0.7051 -0.6551
vn -0.0004 -1.0000 -0.0009
vn -0.2714 0.7051 -0.6551
vn -0.1835 -0.7051 -0.6849
vn -0.0002 -1.0000 -0.0010
vn -0.1835 0.7051 -0.6849
vn -0.0926 -0.7051 -0.7030
vn -0.0001 -1.0000 -0.0011
vn -0.0926 0.7051 -0.7030
vt 0.020834 0.541667
vt 0.020834 0.958333
vt 0.000000 0.958333
vt 0.000000 0.541667
vt 0.958333 0.541667
vt 0.958333 0.958333
vt 0.937500 0.958333
vt 0.937500 0.541667
vt 0.916667 0.958333
vt 0.916667 0.541667
vt 0.895833 0.958333
vt 0.895833 0.541667
vt 0.875000 0.958333
vt 0.875000 0.541667
vt 0.854167 0.958333
vt 0.854167 0.541667
vt 0.833333 0.958333
vt 0.833333 0.541667
vt 0.812500 0.958333
vt 0.812500 0.541667
vt 0.791667 0.958333
vt 0.791667 0.541667
vt 0.770833 0.958333
vt 0.770834 0.541667
vt 0.770833 0.541667
vt 0.770834 0.958333
vt 0.750000 0.958333
vt 0.750000 0.541667
vt 0.729167 0.958333
vt 0.729167 0.541667
vt 0.708334 0.958333
vt 0.708334 0.541667
vt 0.687500 0.958333
vt 0.687500 0.541667
vt 0.666667 0.958333
vt 0.666667 0.541667
vt 0.645834 0.958333
vt 0.645834 0.541667
vt 0.625000 0.958333
vt 0.625000 0.541667
vt 0.604167 0.958333
vt 0.604167 0.541667
vt 0.583334 0.958333
vt 0.583334 0.541667
vt 0.562500 0.958333
vt 0.562500 0.541667
vt 0.541667 0.958333
vt 0.541667 0.541667
vt 0.520834 0.958333
vt 0.520834 0.541667
vt 0.500000 0.958333
vt 0.500000 0.541667
vt 0.479167 0.958333
vt 0.479167 0.541667
vt 0.458334 0.958333
vt 0.458334 0.541667
vt 0.437500 0.958333
vt 0.437500 0.541667
vt 0.416667 0.958333
vt 0.416667 0.541667
vt 0.395834 0.958333
vt 0.395834 0.541667
vt 0.375000 0.958333
vt 0.375000 0.541667
vt 0.354167 0.958333
vt 0.354167 0.541667
vt 0.333334 0.958333
vt 0.333334 0.541667
vt 0.312500 0.958333
vt 0.312500 0.541667
vt 0.291667 0.958333
vt 0.291667 0.541667
vt 0.270834 0.958333
vt 0.270834 0.541667
vt 0.250000 0.958333
vt 0.250000 0.541667
vt 0.229167 0.958333
vt 0.229167 0.541667
vt 0.208334 0.958333
vt 0.208334 0.541667
vt 0.187500 0.958333
vt 0.187500 0.541667
vt 0.166667 0.958333
vt 0.166667 0.541667
vt 0.145834 0.958333
vt 0.145834 0.541667
vt 0.125000 0.958333
vt 0.125000 0.541667
vt 0.104167 0.958333
vt 0.104167 0.541667
vt 0.083334 0.958333
vt 0.083334 0.541667
vt 0.062500 0.958333
vt 0.062500 0.541667
vt 0.041667 0.958333
vt 0.041667 0.541667
vt 0.979167 0.541667
vt 0.979167 0.958333
vt 0.280163 0.479115
vt 0.250000 0.481092
vt 0.219836 0.479115
vt 0.190189 0.473218
vt 0.161565 0.463501
vt 0.134454 0.450132
vt 0.109320 0.433338
vt 0.086593 0.413407
vt 0.066662 0.390680
vt 0.049868 0.365546
vt 0.036499 0.338435
vt 0.026782 0.309811
vt 0.020885 0.280163
vt 0.018908 0.250000
vt 0.020885 0.219836
vt 0.026782 0.190189
vt 0.036499 0.161565
vt 0.049868 0.134454
vt 0.066662 0.109320
vt 0.086593 0.086593
vt 0.109320 0.066662
vt 0.134454 0.049868
vt 0.161565 0.036499
vt 0.190189 0.026782
vt 0.219836 0.020885
vt 0.250000 0.018908
vt 0.280163 0.020885
vt 0.309811 0.026782
vt 0.338435 0.036499
vt 0.365546 0.049868
vt 0.390680 0.066662
vt 0.413407 0.086593
vt 0.433338 0.109320
vt 0.450132 0.134454
vt 0.463501 0.161565
vt 0.473218 0.190189
vt 0.479115 0.219836
vt 0.481092 0.250000
vt 0.479115 0.280163
vt 0.473218 0.309811
vt 0.463501 0.338435
vt 0.450132 0.365546
vt 0.433338 0.390680
vt 0.413407 0.413407
vt 0.390680 0.433338
vt 0.365546 0.450132
vt 0.338435 0.463501
vt 0.309811 0.473218
vt 1.000000 0.541667
vt 1.000000 0.958333
vt 0.979280 0.500000
vt 0.999887 0.500000
vt 0.750170 0.489989
vt 0.781156 0.487958
vt 0.780163 0.479115
vt 0.750000 0.481092
vt 0.999887 1.000000
vt 0.979280 1.000000
vt 0.281156 0.487958
vt 0.250170 0.489989
vt 0.958447 0.500000
vt 0.979053 0.500000
vt 0.781494 0.487913
vt 0.811949 0.481855
vt 0.809811 0.473218
vt 0.979053 1.000000
vt 0.958447 1.000000
vt 0.311949 0.481855
vt 0.281494 0.487913
vt 0.937613 0.500000
vt 0.958220 0.500000
vt 0.812278 0.481767
vt 0.841682 0.471786
vt 0.838435 0.463501
vt 0.958220 1.000000
vt 0.937613 1.000000
vt 0.341682 0.471786
vt 0.312278 0.481767
vt 0.916780 0.500000
vt 0.937387 0.500000
vt 0.841997 0.471656
vt 0.869847 0.457922
vt 0.865546 0.450132
vt 0.937387 1.000000
vt 0.916780 1.000000
vt 0.369847 0.457922
vt 0.341997 0.471656
vt 0.895947 0.500000
vt 0.916554 0.500000
vt 0.870142 0.457751
vt 0.895961 0.440500
vt 0.890680 0.433338
vt 0.916553 1.000000
vt 0.895947 1.000000
vt 0.395961 0.440500
vt 0.370142 0.457751
vt 0.875113 0.500000
vt 0.895720 0.500000
vt 0.896231 0.440292
vt 0.919577 0.419818
vt 0.913406 0.413407
vt 0.895720 1.000000
vt 0.875113 1.000000
vt 0.419577 0.419818
vt 0.396231 0.440292
vt 0.854280 0.500000
vt 0.874887 0.500000
vt 0.919818 0.419577
vt 0.940292 0.396231
vt 0.933337 0.390680
vt 0.874887 1.000000
vt 0.854280 1.000000
vt 0.440292 0.396231
vt 0.419818 0.419577
vt 0.833447 0.500000
vt 0.854054 0.500000
vt 0.940500 0.395961
vt 0.957751 0.370142
vt 0.950131 0.365546
vt 0.854054 1.000000
vt 0.833447 1.000000
vt 0.457751 0.370142
vt 0.440500 0.395961
vt 0.812613 0.500000
vt 0.833220 0.500000
vt 0.957922 0.369847
vt 0.971656 0.341997
vt 0.963501 0.338435
vt 0.833220 1.000000
vt 0.812613 1.000000
vt 0.471656 0.341997
vt 0.457922 0.369847
vt 0.791780 0.500000
vt 0.812387 0.500000
vt 0.971786 0.341682
vt 0.981767 0.312278
vt 0.973217 0.309811
vt 0.812387 1.000000
vt 0.791780 1.000000
vt 0.481767 0.312278
vt 0.471786 0.341682
vt 0.770947 0.500000
vt 0.791554 0.500000
vt 0.981856 0.311949
vt 0.987913 0.281494
vt 0.979115 0.280163
vt 0.791554 1.000000
vt 0.770947 1.000000
vt 0.487913 0.281494
vt 0.481855 0.311949
vt 0.750113 0.500000
vt 0.770720 0.500000
vt 0.987958 0.281156
vt 0.989989 0.250170
vt 0.981092 0.250000
vt 0.770720 1.000000
vt 0.750113 1.000000
vt 0.489989 0.250170
vt 0.487958 0.281156
vt 0.729280 0.500000
vt 0.749887 0.500000
vt 0.989989 0.249830
vt 0.987958 0.218844
vt 0.979115 0.219836
vt 0.749887 1.000000
vt 0.729280 1.000000
vt 0.487958 0.218844
vt 0.489989 0.249830
vt 0.708447 0.500000
vt 0.729054 0.500000
vt 0.987913 0.218506
vt 0.981856 0.188051
vt 0.973217 0.190189
vt 0.729054 1.000000
vt 0.708447 1.000000
vt 0.481855 0.188051
vt 0.487913 0.218506
vt 0.687614 0.500000
vt 0.708220 0.500000
vt 0.981767 0.187722
vt 0.971786 0.158318
vt 0.963501 0.161565
vt 0.708220 1.000000
vt 0.687614 1.000000
vt 0.471786 0.158318
vt 0.481767 0.187722
vt 0.666780 0.500000
vt 0.687387 0.500000
vt 0.971656 0.158003
vt 0.957922 0.130153
vt 0.950131 0.134454
vt 0.687387 1.000000
vt 0.666780 1.000000
vt 0.457922 0.130153
vt 0.471656 0.158003
vt 0.645947 0.500000
vt 0.666554 0.500000
vt 0.957751 0.129858
vt 0.940500 0.104039
vt 0.933338 0.109320
vt 0.666554 1.000000
vt 0.645947 1.000000
vt 0.440500 0.104039
vt 0.457751 0.129858
vt 0.625114 0.500000
vt 0.645720 0.500000
vt 0.940292 0.103769
vt 0.919818 0.080423
vt 0.913406 0.086593
vt 0.645720 1.000000
vt 0.625114 1.000000
vt 0.419818 0.080423
vt 0.440292 0.103769
vt 0.604280 0.500000
vt 0.624887 0.500000
vt 0.919577 0.080182
vt 0.896231 0.059708
vt 0.890680 0.066662
vt 0.624887 1.000000
vt 0.604280 1.000000
vt 0.396231 0.059708
vt 0.419577 0.080182
vt 0.583447 0.500000
vt 0.604054 0.500000
vt 0.895961 0.059500
vt 0.870142 0.042249
vt 0.865546 0.049868
vt 0.604054 1.000000
vt 0.583447 1.000000
vt 0.370142 0.042249
vt 0.395961 0.059500
vt 0.562614 0.500000
vt 0.583220 0.500000
vt 0.869847 0.042078
vt 0.841997 0.028344
vt 0.838435 0.036499
vt 0.583220 1.000000
vt 0.562614 1.000000
vt 0.341997 0.028344
vt 0.369847 0.042078
vt 0.541780 0.500000
vt 0.562387 0.500000
vt 0.841682 0.028214
vt 0.812278 0.018233
vt 0.809811 0.026782
vt 0.562387 1.000000
vt 0.541780 1.000000
vt 0.312278 0.018233
vt 0.341682 0.028214
vt 0.520947 0.500000
vt 0.541554 0.500000
vt 0.811949 0.018145
vt 0.781494 0.012087
vt 0.780163 0.020885
vt 0.541554 1.000000
vt 0.520947 1.000000
vt 0.281494 0.012087
vt 0.311949 0.018145
vt 0.500114 0.500000
vt 0.520721 0.500000
vt 0.781156 0.012042
vt 0.750170 0.010011
vt 0.750000 0.018908
vt 0.520721 1.000000
vt 0.500114 1.000000
vt 0.250170 0.010011
vt 0.281156 0.012042
vt 0.479280 0.500000
vt 0.499887 0.500000
vt 0.749830 0.010011
vt 0.718844 0.012042
vt 0.719836 0.020885
vt 0.499887 1.000000
vt 0.479280 1.000000
vt 0.218844 0.012042
vt 0.249830 0.010011
vt 0.458447 0.500000
vt 0.479054 0.500000
vt 0.718506 0.012087
vt 0.688051 0.018145
vt 0.690189 0.026782
vt 0.479054 1.000000
vt 0.458447 1.000000
vt 0.188051 0.018145
vt 0.218506 0.012087
vt 0.437614 0.500000
vt 0.458221 0.500000
vt 0.687722 0.018233
vt 0.658318 0.028214
vt 0.661565 0.036499
vt 0.458221 1.000000
vt 0.437614 1.000000
vt 0.158318 0.028214
vt 0.187722 0.018233
vt 0.416780 0.500000
vt 0.437387 0.500000
vt 0.658003 0.028344
vt 0.630153 0.042078
vt 0.634454 0.049868
vt 0.437387 1.000000
vt 0.416780 1.000000
vt 0.130153 0.042078
vt 0.158003 0.028344
vt 0.395947 0.500000
vt 0.416554 0.500000
vt 0.629858 0.042249
vt 0.604039 0.059500
vt 0.609320 0.066662
vt 0.416554 1.000000
vt 0.395947 1.000000
vt 0.104039 0.059500
vt 0.129858 0.042249
vt 0.375114 0.500000
vt 0.395721 0.500000
vt 0.603769 0.059708
vt 0.580423 0.080182
vt 0.586593 0.086593
vt 0.395721 1.000000
vt 0.375114 1.000000
vt 0.080423 0.080182
vt 0.103769 0.059708
vt 0.354280 0.500000
vt 0.374887 0.500000
vt 0.580182 0.080423
vt 0.559708 0.103769
vt 0.566662 0.109320
vt 0.374887 1.000000
vt 0.354280 1.000000
vt 0.059708 0.103769
vt 0.080182 0.080423
vt 0.333447 0.500000
vt 0.354054 0.500000
vt 0.559500 0.104039
vt 0.542249 0.129858
vt 0.549868 0.134454
vt 0.354054 1.000000
vt 0.333447 1.000000
vt 0.042249 0.129858
vt 0.059500 0.104039
vt 0.312614 0.500000
vt 0.333221 0.500000
vt 0.542078 0.130153
vt 0.528344 0.158003
vt 0.536499 0.161565
vt 0.333221 1.000000
vt 0.312614 1.000000
vt 0.028344 0.158003
vt 0.042078 0.130153
vt 0.291780 0.500000
vt 0.312387 0.500000
vt 0.528214 0.158318
vt 0.518233 0.187722
vt 0.526782 0.190189
vt 0.312387 1.000000
vt 0.291780 1.000000
vt 0.018233 0.187722
vt 0.028214 0.158318
vt 0.270947 0.500000
vt 0.291554 0.500000
vt 0.518145 0.188051
vt 0.512087 0.218506
vt 0.520885 0.219836
vt 0.291554 1.000000
vt 0.270947 1.000000
vt 0.012087 0.218506
vt 0.018145 0.188051
vt 0.250114 0.500000
vt 0.270720 0.500000
vt 0.512042 0.218844
vt 0.510011 0.249830
vt 0.518908 0.250000
vt 0.270720 1.000000
vt 0.250114 1.000000
vt 0.010011 0.249830
vt 0.012042 0.218844
vt 0.229280 0.500000
vt 0.249887 0.500000
vt 0.510011 0.250170
vt 0.512042 0.281156
vt 0.520885 0.280164
vt 0.249887 1.000000
vt 0.229280 1.000000
vt 0.012042 0.281156
vt 0.010011 0.250170
vt 0.208447 0.500000
vt 0.229054 0.500000
vt 0.512087 0.281494
vt 0.518144 0.311949
vt 0.526782 0.309811
vt 0.229054 1.000000
vt 0.208447 1.000000
vt 0.018145 0.311949
vt 0.012087 0.281494
vt 0.187614 0.500000
vt 0.208220 0.500000
vt 0.518233 0.312278
vt 0.528214 0.341682
vt 0.536499 0.338435
vt 0.208220 1.000000
vt 0.187614 1.000000
vt 0.028214 0.341682
vt 0.018233 0.312278
vt 0.166780 0.500000
vt 0.187387 0.500000
vt 0.528344 0.341997
vt 0.542078 0.369847
vt 0.549868 0.365546
vt 0.187387 1.000000
vt 0.166780 1.000000
vt 0.042078 0.369847
vt 0.028344 0.341997
vt 0.145947 0.500000
vt 0.166554 0.500000
vt 0.542249 0.370142
vt 0.559500 0.395961
vt 0.566662 0.390680
vt 0.166554 1.000000
vt 0.145947 1.000000
vt 0.059500 0.395961
vt 0.042249 0.370142
vt 0.125114 0.500000
vt 0.145720 0.500000
vt 0.559708 0.396231
vt 0.580182 0.419577
vt 0.586593 0.413407
vt 0.145720 1.000000
vt 0.125114 1.000000
vt 0.080182 0.419577
vt 0.059708 0.396231
vt 0.104280 0.500000
vt 0.124887 0.500000
vt 0.580423 0.419818
vt 0.603769 0.440292
vt 0.609320 0.433338
vt 0.124887 1.000000
vt 0.104280 1.000000
vt 0.103769 0.440292
vt 0.080423 0.419818
vt 0.083447 0.500000
vt 0.104054 0.500000
vt 0.604039 0.440500
vt 0.629858 0.457751
vt 0.634454 0.450132
vt 0.104054 1.000000
vt 0.083447 1.000000
vt 0.129858 0.457751
vt 0.104039 0.440500
vt 0.062614 0.500000
vt 0.083220 0.500000
vt 0.630153 0.457922
vt 0.658003 0.471656
vt 0.661565 0.463501
vt 0.083220 1.000000
vt 0.062614 1.000000
vt 0.158003 0.471656
vt 0.130153 0.457922
vt 0.041780 0.500000
vt 0.062387 0.500000
vt 0.658318 0.471786
vt 0.687722 0.481767
vt 0.690189 0.473218
vt 0.062387 1.000000
vt 0.041780 1.000000
vt 0.187722 0.481767
vt 0.158318 0.471786
vt 0.020947 0.500000
vt 0.041554 0.500000
vt 0.688051 0.481855
vt 0.718506 0.487913
vt 0.719837 0.479115
vt 0.041554 1.000000
vt 0.020947 1.000000
vt 0.218506 0.487913
vt 0.188051 0.481855
vt 0.000114 0.500000
vt 0.020720 0.500000
vt 0.718844 0.487958
vt 0.749830 0.489989
vt 0.020720 1.000000
vt 0.000114 1.000000
vt 0.249830 0.489989
vt 0.218844 0.487958
s 1
usemtl Anodized_graphite.001
f 572/579/289 575/580/290 293/581/291 290/582/292
f 302/583/293 305/584/294 311/585/295 308/586/296
f 308/586/296 311/585/295 317/587/297 314/588/298
f 314/588/298 317/587/297 323/589/299 320/590/300
f 320/590/300 323/589/299 329/591/301 326/592/302
f 326/592/302 329/591/301 335/593/303 332/594/304
f 332/594/304 335/593/303 341/595/305 338/596/306
f 338/596/306 341/595/305 347/597/307 344/598/308
f 344/598/308 347/597/307 353/599/309 350/600/310
f 350/600/310 353/599/309 359/601/311 356/602/312
f 356/603/312 359/604/311 365/605/313 362/606/314
f 362/606/314 365/605/313 371/607/315 368/608/316
f 368/608/316 371/607/315 377/609/317 374/610/318
f 374/610/318 377/609/317 383/611/319 380/612/320
f 380/612/320 383/611/319 389/613/321 386/614/322
f 386/614/322 389/613/321 395/615/323 392/616/324
f 392/616/324 395/615/323 401/617/325 398/618/326
f 398/618/326 401/617/325 407/619/327 404/620/328
f 404/620/328 407/619/327 413/621/329 410/622/330
f 410/622/330 413/621/329 419/623/331 416/624/332
f 416/624/332 419/623/331 425/625/333 422/626/334
f 422/626/334 425/625/333 431/627/335 428/628/336
f 428/628/336 431/627/335 437/629/337 434/630/338
f 434/630/338 437/629/337 443/631/339 440/632/340
f 440/632/340 443/631/339 449/633/341 446/634/342
f 446/634/342 449/633/341 455/635/343 452/636/344
f 452/636/344 455/635/343 461/637/345 458/638/346
f 458/638/346 461/637/345 467/639/347 464/640/348
f 464/640/348 467/639/347 473/641/349 470/642/350
f 470/642/350 473/641/349 479/643/351 476/644/352
f 476/644/352 479/643/351 485/645/353 482/646/354
f 482/646/354 485/645/353 491/647/355 488/648/356
f 488/648/356 491/647/355 497/649/357 494/650/358
f 494/650/358 497/649/357 503/651/359 500/652/360
f 500/652/360 503/651/359 509/653/361 506/654/362
f 506/654/362 509/653/361 515/655/363 512/656/364
f 512/656/364 515/655/363 521/657/365 518/658/366
f 518/658/366 521/657/365 527/659/367 524/660/368
f 524/660/368 527/659/367 533/661/369 530/662/370
f 530/662/370 533/661/369 539/663/371 536/664/372
f 536/664/372 539/663/371 545/665/373 542/666/374
f 542/666/374 545/665/373 551/667/375 548/668/376
f 548/668/376 551/667/375 557/669/377 554/670/378
f 554/670/378 557/669/377 563/671/379 560/672/380
f 560/672/380 563/671/379 569/673/381 566/674/382
f 566/674/382 569/673/381 575/580/290 572/579/289
f 296/675/383 299/676/384 305/584/294 302/583/293
f 298/677/385 292/678/386 574/679/387 568/680/388 562/681/389 556/682/390 550/683/391 544/684/392 538/685/393 532/686/394 526/687/395 520/688/396 514/689/397 508/690/398 502/691/399 496/692/400 490/693/401 484/694/402 478/695/403 472/696/404 466/697/405 460/698/406 454/699/407 448/700/408 442/701/409 436/702/410 430/703/411 424/704/412 418/705/413 412/706/414 406/707/415 400/708/416 394/709/417 388/710/418 382/711/419 376/712/420 370/713/421 364/714/422 358/715/423 352/716/424 346/717/425 340/718/426 334/719/427 328/720/428 322/721/429 316/722/430 310/723/431 304/724/432
f 290/725/292 293/726/291 299/676/384 296/675/383
f 290/725/292 296/675/383 297/727/433 291/728/434
f 291/729/434 297/730/433 295/731/435 289/732/436
f 299/676/384 293/726/291 294/733/437 300/734/438
f 300/735/438 294/736/437 292/678/386 298/677/385
f 296/675/383 302/583/293 303/737/439 297/738/433
f 297/739/433 303/740/439 301/741/440 295/731/435
f 305/584/294 299/676/384 300/742/438 306/743/441
f 306/744/441 300/745/438 298/677/385 304/724/432
f 302/583/293 308/586/296 309/746/442 303/747/439
f 303/748/439 309/749/442 307/750/443 301/741/440
f 311/585/295 305/584/294 306/751/441 312/752/444
f 312/753/444 306/754/441 304/724/432 310/723/431
f 308/586/296 314/588/298 315/755/445 309/756/442
f 309/757/442 315/758/445 313/759/446 307/750/443
f 317/587/297 311/585/295 312/760/444 318/761/447
f 318/762/447 312/763/444 310/723/431 316/722/430
f 314/588/298 320/590/300 321/764/448 315/765/445
f 315/766/445 321/767/448 319/768/449 313/759/446
f 323/589/299 317/587/297 318/769/447 324/770/450
f 324/771/450 318/772/447 316/722/430 322/721/429
f 320/590/300 326/592/302 327/773/451 321/774/448
f 321/775/448 327/776/451 325/777/452 319/768/449
f 329/591/301 323/589/299 324/778/450 330/779/453
f 330/780/453 324/781/450 322/721/429 328/720/428
f 326/592/302 332/594/304 333/782/454 327/783/451
f 327/784/451 333/785/454 331/786/455 325/777/452
f 335/593/303 329/591/301 330/787/453 336/788/456
f 336/789/456 330/790/453 328/720/428 334/719/427
f 332/594/304 338/596/306 339/791/457 333/792/454
f 333/793/454 339/794/457 337/795/458 331/786/455
f 341/595/305 335/593/303 336/796/456 342/797/459
f 342/798/459 336/799/456 334/719/427 340/718/426
f 338/596/306 344/598/308 345/800/460 339/801/457
f 339/802/457 345/803/460 343/804/461 337/795/458
f 347/597/307 341/595/305 342/805/459 348/806/462
f 348/807/462 342/808/459 340/718/426 346/717/425
f 344/598/308 350/600/310 351/809/463 345/810/460
f 345/811/460 351/812/463 349/813/464 343/804/461
f 353/599/309 347/597/307 348/814/462 354/815/465
f 354/816/465 348/817/462 346/717/425 352/716/424
f 350/600/310 356/602/312 357/818/466 351/819/463
f 351/820/463 357/821/466 355/822/467 349/813/464
f 359/601/311 353/599/309 354/823/465 360/824/468
f 360/825/468 354/826/465 352/716/424 358/715/423
f 356/603/312 362/606/314 363/827/469 357/828/466
f 357/829/466 363/830/469 361/831/470 355/822/467
f 365/605/313 359/604/311 360/832/468 366/833/471
f 366/834/471 360/835/468 358/715/423 364/714/422
f 362/606/314 368/608/316 369/836/472 363/837/469
f 363/838/469 369/839/472 367/840/473 361/831/470
f 371/607/315 365/605/313 366/841/471 372/842/474
f 372/843/474 366/844/471 364/714/422 370/713/421
f 368/608/316 374/610/318 375/845/475 369/846/472
f 369/847/472 375/848/475 373/849/476 367/840/473
f 377/609/317 371/607/315 372/850/474 378/851/477
f 378/852/477 372/853/474 370/713/421 376/712/420
f 374/610/318 380/612/320 381/854/478 375/855/475
f 375/856/475 381/857/478 379/858/479 373/849/476
f 383/611/319 377/609/317 378/859/477 384/860/480
f 384/861/480 378/862/477 376/712/420 382/711/419
f 380/612/320 386/614/322 387/863/481 381/864/478
f 381/865/478 387/866/481 385/867/482 379/858/479
f 389/613/321 383/611/319 384/868/480 390/869/483
f 390/870/483 384/871/480 382/711/419 388/710/418
f 386/614/322 392/616/324 393/872/484 387/873/481
f 387/874/481 393/875/484 391/876/485 385/867/482
f 395/615/323 389/613/321 390/877/483 396/878/486
f 396/879/486 390/880/483 388/710/418 394/709/417
f 392/616/324 398/618/326 399/881/487 393/882/484
f 393/883/484 399/884/487 397/885/488 391/876/485
f 401/617/325 395/615/323 396/886/486 402/887/489
f 402/888/489 396/889/486 394/709/417 400/708/416
f 398/618/326 404/620/328 405/890/490 399/891/487
f 399/892/487 405/893/490 403/894/491 397/885/488
f 407/619/327 401/617/325 402/895/489 408/896/492
f 408/897/492 402/898/489 400/708/416 406/707/415
f 404/620/328 410/622/330 411/899/493 405/900/490
f 405/901/490 411/902/493 409/903/494 403/894/491
f 413/621/329 407/619/327 408/904/492 414/905/495
f 414/906/495 408/907/492 406/707/415 412/706/414
f 410/622/330 416/624/332 417/908/496 411/909/493
f 411/910/493 417/911/496 415/912/497 409/903/494
f 419/623/331 413/621/329 414/913/495 420/914/498
f 420/915/498 414/916/495 412/706/414 418/705/413
f 416/624/332 422/626/334 423/917/499 417/918/496
f 417/919/496 423/920/499 421/921/500 415/912/497
f 425/625/333 419/623/331 420/922/498 426/923/501
f 426/924/501 420/925/498 418/705/413 424/704/412
f 422/626/334 428/628/336 429/926/502 423/927/499
f 423/928/499 429/929/502 427/930/503 421/921/500
f 431/627/335 425/625/333 426/931/501 432/932/504
f 432/933/504 426/934/501 424/704/412 430/703/411
f 428/628/336 434/630/338 435/935/505 429/936/502
f 429/937/502 435/938/505 433/939/506 427/930/503
f 437/629/337 431/627/335 432/940/504 438/941/507
f 438/942/507 432/943/504 430/703/411 436/702/410
f 434/630/338 440/632/340 441/944/508 435/945/505
f 435/946/505 441/947/508 439/948/509 433/939/506
f 443/631/339 437/629/337 438/949/507 444/950/510
f 444/951/510 438/952/507 436/702/410 442/701/409
f 440/632/340 446/634/342 447/953/511 441/954/508
f 441/955/508 447/956/511 445/957/512 439/948/509
f 449/633/341 443/631/339 444/958/510 450/959/513
f 450/960/513 444/961/510 442/701/409 448/700/408
f 446/634/342 452/636/344 453/962/514 447/963/511
f 447/964/511 453/965/514 451/966/515 445/957/512
f 455/635/343 449/633/341 450/967/513 456/968/516
f 456/969/516 450/970/513 448/700/408 454/699/407
f 452/636/344 458/638/346 459/971/517 453/972/514
f 453/973/514 459/974/517 457/975/518 451/966/515
f 461/637/345 455/635/343 456/976/516 462/977/519
f 462/978/519 456/979/516 454/699/407 460/698/406
f 458/638/346 464/640/348 465/980/520 459/981/517
f 459/982/517 465/983/520 463/984/521 457/975/518
f 467/639/347 461/637/345 462/985/519 468/986/522
f 468/987/522 462/988/519 460/698/406 466/697/405
f 464/640/348 470/642/350 471/989/523 465/990/520
f 465/991/520 471/992/523 469/993/524 463/984/521
f 473/641/349 467/639/347 468/994/522 474/995/525
f 474/996/525 468/997/522 466/697/405 472/696/404
f 470/642/350 476/644/352 477/998/526 471/999/523
f 471/1000/523 477/1001/526 475/1002/527 469/993/524
f 479/643/351 473/641/349 474/1003/525 480/1004/528
f 480/1005/528 474/1006/525 472/696/404 478/695/403
f 476/644/352 482/646/354 483/1007/529 477/1008/526
f 477/1009/526 483/1010/529 481/1011/530 475/1002/527
f 485/645/353 479/643/351 480/1012/528 486/1013/531
f 486/1014/531 480/1015/528 478/695/403 484/694/402
f 482/646/354 488/648/356 489/1016/532 483/1017/529
f 483/1018/529 489/1019/532 487/1020/533 481/1011/530
f 491/647/355 485/645/353 486/1021/531 492/1022/534
f 492/1023/534 486/1024/531 484/694/402 490/693/401
f 488/648/356 494/650/358 495/1025/535 489/1026/532
f 489/1027/532 495/1028/535 493/1029/536 487/1020/533
f 497/649/357 491/647/355 492/1030/534 498/1031/537
f 498/1032/537 492/1033/534 490/693/401 496/692/400
f 494/650/358 500/652/360 501/1034/538 495/1035/535
f 495/1036/535 501/1037/538 499/1038/539 493/1029/536
f 503/651/359 497/649/357 498/1039/537 504/1040/540
f 504/1041/540 498/1042/537 496/692/400 502/691/399
f 500/652/360 506/654/362 507/1043/541 501/1044/538
f 501/1045/538 507/1046/541 505/1047/542 499/1038/539
f 509/653/361 503/651/359 504/1048/540 510/1049/543
f 510/1050/543 504/1051/540 502/691/399 508/690/398
f 506/654/362 512/656/364 513/1052/544 507/1053/541
f 507/1054/541 513/1055/544 511/1056/545 505/1047/542
f 515/655/363 509/653/361 510/1057/543 516/1058/546
f 516/1059/546 510/1060/543 508/690/398 514/689/397
f 512/656/364 518/658/366 519/1061/547 513/1062/544
f 513/1063/544 519/1064/547 517/1065/548 511/1056/545
f 521/657/365 515/655/363 516/1066/546 522/1067/549
f 522/1068/549 516/1069/546 514/689/397 520/688/396
f 518/658/366 524/660/368 525/1070/550 519/1071/547
f 519/1072/547 525/1073/550 523/1074/551 517/1065/548
f 527/659/367 521/657/365 522/1075/549 528/1076/552
f 528/1077/552 522/1078/549 520/688/396 526/687/395
f 524/660/368 530/662/370 531/1079/553 525/1080/550
f 525/1081/550 531/1082/553 529/1083/554 523/1074/551
f 533/661/369 527/659/367 528/1084/552 534/1085/555
f 534/1086/555 528/1087/552 526/687/395 532/686/394
f 530/662/370 536/664/372 537/1088/556 531/1089/553
f 531/1090/553 537/1091/556 535/1092/557 529/1083/554
f 539/663/371 533/661/369 534/1093/555 540/1094/558
f 540/1095/558 534/1096/555 532/686/394 538/685/393
f 536/664/372 542/666/374 543/1097/559 537/1098/556
f 537/1099/556 543/1100/559 541/1101/560 535/1092/557
f 545/665/373 539/663/371 540/1102/558 546/1103/561
f 546/1104/561 540/1105/558 538/685/393 544/684/392
f 542/666/374 548/668/376 549/1106/562 543/1107/559
f 543/1108/559 549/1109/562 547/1110/563 541/1101/560
f 551/667/375 545/665/373 546/1111/561 552/1112/564
f 552/1113/564 546/1114/561 544/684/392 550/683/391
f 548/668/376 554/670/378 555/1115/565 549/1116/562
f 549/1117/562 555/1118/565 553/1119/566 547/1110/563
f 557/669/377 551/667/375 552/1120/564 558/1121/567
f 558/1122/567 552/1123/564 550/683/391 556/682/390
f 554/670/378 560/672/380 561/1124/568 555/1125/565
f 555/1126/565 561/1127/568 559/1128/569 553/1119/566
f 563/671/379 557/669/377 558/1129/567 564/1130/570
f 564/1131/570 558/1132/567 556/682/390 562/681/389
f 560/672/380 566/674/382 567/1133/571 561/1134/568
f 561/1135/568 567/1136/571 565/1137/572 559/1128/569
f 569/673/381 563/671/379 564/1138/570 570/1139/573
f 570/1140/573 564/1141/570 562/681/389 568/680/388
f 566/674/382 572/579/289 573/1142/574 567/1143/571
f 567/1144/571 573/1145/574 571/1146/575 565/1137/572
f 575/580/290 569/673/381 570/1147/573 576/1148/576
f 576/1149/576 570/1150/573 568/680/388 574/679/387
f 572/579/289 290/582/292 291/1151/434 573/1152/574
f 573/1153/574 291/1154/434 289/732/436 571/1146/575
f 293/581/291 575/580/290 576/1155/576 294/1156/437
f 294/1157/437 576/1158/576 574/679/387 292/678/386
f 289/732/436 295/731/435 301/741/440 307/750/443 313/759/446 319/768/449 325/777/452 331/786/455 337/795/458 343/804/461 349/813/464 355/822/467 361/831/470 367/840/473 373/849/476 379/858/479 385/867/482 391/876/485 397/885/488 403/894/491 409/903/494 415/912/497 421/921/500 427/930/503 433/939/506 439/948/509 445/957/512 451/966/515 457/975/518 463/984/521 469/993/524 475/1002/527 481/1011/530 487/1020/533 493/1029/536 499/1038/539 505/1047/542 511/1056/545 517/1065/548 523/1074/551 529/1083/554 535/1092/557 541/1101/560 547/1110/563 553/1119/566 559/1128/569 565/1137/572 571/1146/575
o Motor_drive_shaft_04
v -0.000083 0.040635 -0.002721
v -0.000083 0.040835 -0.002921
v -0.000083 0.040662 -0.002821
v -0.000083 0.040735 -0.002894
v -0.000083 0.054635 -0.002721
v -0.000083 0.054435 -0.002921
v -0.000083 0.054608 -0.002821
v -0.000083 0.054535 -0.002894
v 0.000191 0.040635 -0.002707
v 0.000211 0.040835 -0.002907
v 0.000201 0.040662 -0.002807
v 0.000208 0.040735 -0.002880
v 0.000191 0.054635 -0.002707
v 0.000211 0.054435 -0.002907
v 0.000201 0.054608 -0.002807
v 0.000208 0.054535 -0.002880
v 0.000463 0.040635 -0.002667
v 0.000502 0.040835 -0.002863
v 0.000483 0.040662 -0.002765
v 0.000497 0.040735 -0.002837
v 0.000463 0.054635 -0.002667
v 0.000502 0.054435 -0.002863
v 0.000483 0.054608 -0.002765
v 0.000497 0.054535 -0.002837
v 0.000730 0.040635 -0.002600
v 0.000788 0.040835 -0.002792
v 0.000759 0.040662 -0.002696
v 0.000780 0.040735 -0.002766
v 0.000730 0.054635 -0.002600
v 0.000788 0.054435 -0.002792
v 0.000759 0.054608 -0.002696
v 0.000780 0.054535 -0.002766
v 0.000988 0.040635 -0.002508
v 0.001065 0.040835 -0.002693
v 0.001027 0.040662 -0.002600
v 0.001055 0.040735 -0.002668
v 0.000988 0.054635 -0.002508
v 0.001065 0.054435 -0.002693
v 0.001027 0.054608 -0.002600
v 0.001055 0.054535 -0.002668
v 0.001237 0.040635 -0.002390
v 0.001331 0.040835 -0.002567
v 0.001284 0.040662 -0.002478
v 0.001319 0.040735 -0.002543
v 0.001237 0.054635 -0.002390
v 0.001331 0.054435 -0.002567
v 0.001284 0.054608 -0.002478
v 0.001319 0.054535 -0.002543
v 0.001472 0.040635 -0.002249
v 0.001584 0.040835 -0.002415
v 0.001528 0.040662 -0.002332
v 0.001569 0.040735 -0.002393
v 0.001472 0.054635 -0.002249
v 0.001584 0.054435 -0.002415
v 0.001528 0.054608 -0.002332
v 0.001569 0.054535 -0.002393
v 0.001693 0.040635 -0.002085
v 0.001820 0.040835 -0.002240
v 0.001757 0.040662 -0.002163
v 0.001803 0.040735 -0.002219
v 0.001693 0.054635 -0.002085
v 0.001820 0.054435 -0.002240
v 0.001757 0.054608 -0.002163
v 0.001803 0.054535 -0.002219
v 0.001897 0.040635 -0.001901
v 0.002038 0.040835 -0.002042
v 0.001967 0.040662 -0.001971
v 0.002019 0.040735 -0.002023
v 0.001897 0.054635 -0.001901
v 0.002038 0.054435 -0.002042
v 0.001967 0.054608 -0.001971
v 0.002019 0.054535 -0.002023
v 0.002081 0.040635 -0.001697
v 0.002236 0.040835 -0.001824
v 0.002159 0.040662 -0.001761
v 0.002215 0.040735 -0.001807
v 0.002081 0.054635 -0.001697
v 0.002236 0.054435 -0.001824
v 0.002159 0.054608 -0.001761
v 0.002215 0.054535 -0.001807
v 0.002245 0.040635 -0.001476
v 0.002411 0.040835 -0.001588
v 0.002328 0.040662 -0.001532
v 0.002389 0.040735 -0.001573
v 0.002245 0.054635 -0.001476
v 0.002411 0.054435 -0.001588
v 0.002328 0.054608 -0.001532
v 0.002389 0.054535 -0.001573
v 0.002386 0.040635 -0.001241
v 0.002563 0.040835 -0.001335
v 0.002474 0.040662 -0.001288
v 0.002539 0.040735 -0.001323
v 0.002386 0.054635 -0.001241
v 0.002563 0.054435 -0.001335
v 0.002474 0.054608 -0.001288
v 0.002539 0.054535 -0.001323
v 0.002504 0.040635 -0.000992
v 0.002689 0.040835 -0.001069
v 0.002596 0.040662 -0.001031
v 0.002664 0.040735 -0.001059
v 0.002504 0.054635 -0.000992
v 0.002689 0.054435 -0.001069
v 0.002596 0.054608 -0.001031
v 0.002664 0.054535 -0.001059
v 0.002596 0.040635 -0.000734
v 0.002788 0.040835 -0.000792
v 0.002692 0.040662 -0.000763
v 0.002762 0.040735 -0.000784
v 0.002596 0.054635 -0.000734
v 0.002788 0.054435 -0.000792
v 0.002692 0.054608 -0.000763
v 0.002762 0.054535 -0.000784
v 0.002663 0.040635 -0.000467
v 0.002859 0.040835 -0.000506
v 0.002761 0.040662 -0.000487
v 0.002833 0.040735 -0.000501
v 0.002663 0.054635 -0.000467
v 0.002859 0.054435 -0.000506
v 0.002761 0.054608 -0.000487
v 0.002833 0.054535 -0.000501
v 0.002703 0.040635 -0.000195
v 0.002903 0.040835 -0.000215
v 0.002803 0.040662 -0.000205
v 0.002876 0.040735 -0.000212
v 0.002703 0.054635 -0.000195
v 0.002903 0.054435 -0.000215
v 0.002803 0.054608 -0.000205
v 0.002876 0.054535 -0.000212
v 0.002717 0.040635 0.000079
v 0.002917 0.040835 0.000079
v 0.002817 0.040662 0.000079
v 0.002890 0.040735 0.000079
v 0.002717 0.054635 0.000079
v 0.002917 0.054435 0.000079
v 0.002817 0.054608 0.000079
v 0.002890 0.054535 0.000079
v 0.002703 0.040635 0.000353
v 0.002903 0.040835 0.000373
v 0.002803 0.040662 0.000363
v 0.002876 0.040735 0.000370
v 0.002703 0.054635 0.000353
v 0.002903 0.054435 0.000373
v 0.002803 0.054608 0.000363
v 0.002876 0.054535 0.000370
v 0.002663 0.040635 0.000625
v 0.002859 0.040835 0.000664
v 0.002761 0.040662 0.000645
v 0.002833 0.040735 0.000659
v 0.002663 0.054635 0.000625
v 0.002859 0.054435 0.000664
v 0.002761 0.054608 0.000645
v 0.002833 0.054535 0.000659
v 0.002596 0.040635 0.000892
v 0.002788 0.040835 0.000950
v 0.002692 0.040662 0.000921
v 0.002762 0.040735 0.000942
v 0.002596 0.054635 0.000892
v 0.002788 0.054435 0.000950
v 0.002692 0.054608 0.000921
v 0.002762 0.054535 0.000942
v 0.002504 0.040635 0.001150
v 0.002689 0.040835 0.001227
v 0.002596 0.040662 0.001189
v 0.002664 0.040735 0.001217
v 0.002504 0.054635 0.001150
v 0.002689 0.054435 0.001227
v 0.002596 0.054608 0.001189
v 0.002664 0.054535 0.001217
v 0.002386 0.040635 0.001399
v 0.002563 0.040835 0.001493
v 0.002474 0.040662 0.001446
v 0.002539 0.040735 0.001481
v 0.002386 0.054635 0.001399
v 0.002563 0.054435 0.001493
v 0.002474 0.054608 0.001446
v 0.002539 0.054535 0.001481
v 0.002245 0.040635 0.001634
v 0.002411 0.040835 0.001746
v 0.002328 0.040662 0.001690
v 0.002389 0.040735 0.001731
v 0.002245 0.054635 0.001634
v 0.002411 0.054435 0.001746
v 0.002328 0.054608 0.001690
v 0.002389 0.054535 0.001731
v 0.002081 0.040635 0.001855
v 0.002236 0.040835 0.001982
v 0.002159 0.040662 0.001919
v 0.002215 0.040735 0.001965
v 0.002081 0.054635 0.001855
v 0.002236 0.054435 0.001982
v 0.002159 0.054608 0.001919
v 0.002215 0.054535 0.001965
v 0.001897 0.040635 0.002059
v 0.002038 0.040835 0.002200
v 0.001967 0.040662 0.002129
v 0.002019 0.040735 0.002181
v 0.001897 0.054635 0.002059
v 0.002038 0.054435 0.002200
v 0.001967 0.054608 0.002129
v 0.002019 0.054535 0.002181
v 0.001693 0.040635 0.002243
v 0.001820 0.040835 0.002398
v 0.001757 0.040662 0.002321
v 0.001803 0.040735 0.002377
v 0.001693 0.054635 0.002243
v 0.001820 0.054435 0.002398
v 0.001757 0.054608 0.002321
v 0.001803 0.054535 0.002377
v 0.001472 0.040635 0.002407
v 0.001584 0.040835 0.002573
v 0.001528 0.040662 0.002490
v 0.001569 0.040735 0.002551
v 0.001472 0.054635 0.002407
v 0.001584 0.054435 0.002573
v 0.001528 0.054608 0.002490
v 0.001569 0.054535 0.002551
v 0.001237 0.040635 0.002548
v 0.001331 0.040835 0.002725
v 0.001284 0.040662 0.002636
v 0.001319 0.040735 0.002701
v 0.001237 0.054635 0.002548
v 0.001331 0.054435 0.002725
v 0.001284 0.054608 0.002636
v 0.001319 0.054535 0.002701
v 0.000988 0.040635 0.002666
v 0.001065 0.040835 0.002851
v 0.001027 0.040662 0.002758
v 0.001055 0.040735 0.002826
v 0.000988 0.054635 0.002666
v 0.001065 0.054435 0.002851
v 0.001027 0.054608 0.002758
v 0.001055 0.054535 0.002826
v 0.000730 0.040635 0.002758
v 0.000788 0.040835 0.002950
v 0.000759 0.040662 0.002854
v 0.000780 0.040735 0.002924
v 0.000730 0.054635 0.002758
v 0.000788 0.054435 0.002950
v 0.000759 0.054608 0.002854
v 0.000780 0.054535 0.002924
v 0.000463 0.040635 0.002825
v 0.000502 0.040835 0.003021
v 0.000483 0.040662 0.002923
v 0.000497 0.040735 0.002995
v 0.000463 0.054635 0.002825
v 0.000502 0.054435 0.003021
v 0.000483 0.054608 0.002923
v 0.000497 0.054535 0.002995
v 0.000191 0.040635 0.002865
v 0.000211 0.040835 0.003065
v 0.000201 0.040662 0.002965
v 0.000208 0.040735 0.003038
v 0.000191 0.054635 0.002865
v 0.000211 0.054435 0.003065
v 0.000201 0.054608 0.002965
v 0.000208 0.054535 0.003038
v -0.000083 0.040635 0.002879
v -0.000083 0.040835 0.003079
v -0.000083 0.040662 0.002979
v -0.000083 0.040735 0.003052
v -0.000083 0.054635 0.002879
v -0.000083 0.054435 0.003079
v -0.000083 0.054608 0.002979
v -0.000083 0.054535 0.003052
v -0.000357 0.040635 0.002865
v -0.000377 0.040835 0.003065
v -0.000367 0.040662 0.002965
v -0.000374 0.040735 0.003038
v -0.000357 0.054635 0.002865
v -0.000377 0.054435 0.003065
v -0.000367 0.054608 0.002965
v -0.000374 0.054535 0.003038
v -0.000629 0.040635 0.002825
v -0.000668 0.040835 0.003021
v -0.000649 0.040662 0.002923
v -0.000663 0.040735 0.002995
v -0.000629 0.054635 0.002825
v -0.000668 0.054435 0.003021
v -0.000649 0.054608 0.002923
v -0.000663 0.054535 0.002995
v -0.000896 0.040635 0.002758
v -0.000954 0.040835 0.002950
v -0.000925 0.040662 0.002854
v -0.000946 0.040735 0.002924
v -0.000896 0.054635 0.002758
v -0.000954 0.054435 0.002950
v -0.000925 0.054608 0.002854
v -0.000946 0.054535 0.002924
v -0.001154 0.040635 0.002666
v -0.001231 0.040835 0.002851
v -0.001193 0.040662 0.002758
v -0.001221 0.040735 0.002826
v -0.001154 0.054635 0.002666
v -0.001231 0.054435 0.002851
v -0.001193 0.054608 0.002758
v -0.001221 0.054535 0.002826
v -0.001403 0.040635 0.002548
v -0.001497 0.040835 0.002725
v -0.001450 0.040662 0.002636
v -0.001485 0.040735 0.002701
v -0.001403 0.054635 0.002548
v -0.001497 0.054435 0.002725
v -0.001450 0.054608 0.002636
v -0.001485 0.054535 0.002701
v -0.001638 0.040635 0.002407
v -0.001750 0.040835 0.002573
v -0.001694 0.040662 0.002490
v -0.001735 0.040735 0.002551
v -0.001638 0.054635 0.002407
v -0.001750 0.054435 0.002573
v -0.001694 0.054608 0.002490
v -0.001735 0.054535 0.002551
v -0.001859 0.040635 0.002243
v -0.001986 0.040835 0.002398
v -0.001923 0.040662 0.002321
v -0.001969 0.040735 0.002377
v -0.001859 0.054635 0.002243
v -0.001986 0.054435 0.002398
v -0.001923 0.054608 0.002321
v -0.001969 0.054535 0.002377
v -0.002063 0.040635 0.002059
v -0.002204 0.040835 0.002200
v -0.002133 0.040662 0.002129
v -0.002185 0.040735 0.002181
v -0.002063 0.054635 0.002059
v -0.002204 0.054435 0.002200
v -0.002133 0.054608 0.002129
v -0.002185 0.054535 0.002181
v -0.002247 0.040635 0.001855
v -0.002402 0.040835 0.001982
v -0.002325 0.040662 0.001919
v -0.002381 0.040735 0.001965
v -0.002247 0.054635 0.001855
v -0.002402 0.054435 0.001982
v -0.002325 0.054608 0.001919
v -0.002381 0.054535 0.001965
v -0.002411 0.040635 0.001634
v -0.002577 0.040835 0.001746
v -0.002494 0.040662 0.001690
v -0.002555 0.040735 0.001731
v -0.002411 0.054635 0.001634
v -0.002577 0.054435 0.001746
v -0.002494 0.054608 0.001690
v -0.002555 0.054535 0.001731
v -0.002552 0.040635 0.001399
v -0.002729 0.040835 0.001493
v -0.002640 0.040662 0.001446
v -0.002705 0.040735 0.001481
v -0.002552 0.054635 0.001399
v -0.002729 0.054435 0.001493
v -0.002640 0.054608 0.001446
v -0.002705 0.054535 0.001481
v -0.002670 0.040635 0.001150
v -0.002855 0.040835 0.001227
v -0.002762 0.040662 0.001189
v -0.002830 0.040735 0.001217
v -0.002670 0.054635 0.001150
v -0.002855 0.054435 0.001227
v -0.002762 0.054608 0.001189
v -0.002830 0.054535 0.001217
v -0.002762 0.040635 0.000892
v -0.002954 0.040835 0.000950
v -0.002858 0.040662 0.000921
v -0.002928 0.040735 0.000942
v -0.002762 0.054635 0.000892
v -0.002954 0.054435 0.000950
v -0.002858 0.054608 0.000921
v -0.002928 0.054535 0.000942
v -0.002829 0.040635 0.000625
v -0.003025 0.040835 0.000664
v -0.002927 0.040662 0.000645
v -0.002999 0.040735 0.000659
v -0.002829 0.054635 0.000625
v -0.003025 0.054435 0.000664
v -0.002927 0.054608 0.000645
v -0.002999 0.054535 0.000659
v -0.002869 0.040635 0.000353
v -0.003069 0.040835 0.000373
v -0.002969 0.040662 0.000363
v -0.003042 0.040735 0.000370
v -0.002869 0.054635 0.000353
v -0.003069 0.054435 0.000373
v -0.002969 0.054608 0.000363
v -0.003042 0.054535 0.000370
v -0.002883 0.040635 0.000079
v -0.003083 0.040835 0.000079
v -0.002983 0.040662 0.000079
v -0.003056 0.040735 0.000079
v -0.002883 0.054635 0.000079
v -0.003083 0.054435 0.000079
v -0.002983 0.054608 0.000079
v -0.003056 0.054535 0.000079
v -0.002869 0.040635 -0.000195
v -0.003069 0.040835 -0.000215
v -0.002969 0.040662 -0.000205
v -0.003042 0.040735 -0.000212
v -0.002869 0.054635 -0.000195
v -0.003069 0.054435 -0.000215
v -0.002969 0.054608 -0.000205
v -0.003042 0.054535 -0.000212
v -0.002829 0.040635 -0.000467
v -0.003025 0.040835 -0.000506
v -0.002927 0.040662 -0.000487
v -0.002999 0.040735 -0.000501
v -0.002829 0.054635 -0.000467
v -0.003025 0.054435 -0.000506
v -0.002927 0.054608 -0.000487
v -0.002999 0.054535 -0.000501
v -0.002762 0.040635 -0.000734
v -0.002954 0.040835 -0.000792
v -0.002858 0.040662 -0.000763
v -0.002928 0.040735 -0.000784
v -0.002762 0.054635 -0.000734
v -0.002954 0.054435 -0.000792
v -0.002858 0.054608 -0.000763
v -0.002928 0.054535 -0.000784
v -0.002670 0.040635 -0.000992
v -0.002855 0.040835 -0.001069
v -0.002762 0.040662 -0.001031
v -0.002830 0.040735 -0.001059
v -0.002670 0.054635 -0.000992
v -0.002855 0.054435 -0.001069
v -0.002762 0.054608 -0.001031
v -0.002830 0.054535 -0.001059
v -0.002552 0.040635 -0.001241
v -0.002729 0.040835 -0.001335
v -0.002640 0.040662 -0.001288
v -0.002705 0.040735 -0.001323
v -0.002552 0.054635 -0.001241
v -0.002729 0.054435 -0.001335
v -0.002640 0.054608 -0.001288
v -0.002705 0.054535 -0.001323
v -0.002411 0.040635 -0.001476
v -0.002577 0.040835 -0.001588
v -0.002494 0.040662 -0.001532
v -0.002555 0.040735 -0.001573
v -0.002411 0.054635 -0.001476
v -0.002577 0.054435 -0.001588
v -0.002494 0.054608 -0.001532
v -0.002555 0.054535 -0.001573
v -0.002247 0.040635 -0.001697
v -0.002402 0.040835 -0.001824
v -0.002325 0.040662 -0.001761
v -0.002381 0.040735 -0.001807
v -0.002247 0.054635 -0.001697
v -0.002402 0.054435 -0.001824
v -0.002325 0.054608 -0.001761
v -0.002381 0.054535 -0.001807
v -0.002063 0.040635 -0.001901
v -0.002204 0.040835 -0.002042
v -0.002133 0.040662 -0.001971
v -0.002185 0.040735 -0.002023
v -0.002063 0.054635 -0.001901
v -0.002204 0.054435 -0.002042
v -0.002133 0.054608 -0.001971
v -0.002185 0.054535 -0.002023
v -0.001859 0.040635 -0.002085
v -0.001986 0.040835 -0.002240
v -0.001923 0.040662 -0.002163
v -0.001969 0.040735 -0.002219
v -0.001859 0.054635 -0.002085
v -0.001986 0.054435 -0.002240
v -0.001923 0.054608 -0.002163
v -0.001969 0.054535 -0.002219
v -0.001638 0.040635 -0.002249
v -0.001750 0.040835 -0.002415
v -0.001694 0.040662 -0.002332
v -0.001735 0.040735 -0.002393
v -0.001638 0.054635 -0.002249
v -0.001750 0.054435 -0.002415
v -0.001694 0.054608 -0.002332
v -0.001735 0.054535 -0.002393
v -0.001403 0.040635 -0.002390
v -0.001497 0.040835 -0.002567
v -0.001450 0.040662 -0.002478
v -0.001485 0.040735 -0.002543
v -0.001403 0.054635 -0.002390
v -0.001497 0.054435 -0.002567
v -0.001450 0.054608 -0.002478
v -0.001485 0.054535 -0.002543
v -0.001154 0.040635 -0.002508
v -0.001231 0.040835 -0.002693
v -0.001193 0.040662 -0.002600
v -0.001221 0.040735 -0.002668
v -0.001154 0.054635 -0.002508
v -0.001231 0.054435 -0.002693
v -0.001193 0.054608 -0.002600
v -0.001221 0.054535 -0.002668
v -0.000896 0.040635 -0.002600
v -0.000954 0.040835 -0.002792
v -0.000925 0.040662 -0.002696
v -0.000946 0.040735 -0.002766
v -0.000896 0.054635 -0.002600
v -0.000954 0.054435 -0.002792
v -0.000925 0.054608 -0.002696
v -0.000946 0.054535 -0.002766
v -0.000629 0.040635 -0.002667
v -0.000668 0.040835 -0.002863
v -0.000649 0.040662 -0.002765
v -0.000663 0.040735 -0.002837
v -0.000629 0.054635 -0.002667
v -0.000668 0.054435 -0.002863
v -0.000649 0.054608 -0.002765
v -0.000663 0.054535 -0.002837
v -0.000357 0.040635 -0.002707
v -0.000377 0.040835 -0.002907
v -0.000367 0.040662 -0.002807
v -0.000374 0.040735 -0.002880
v -0.000357 0.054635 -0.002707
v -0.000377 0.054435 -0.002907
v -0.000367 0.054608 -0.002807
v -0.000374 0.054535 -0.002880
vn -0.0985 -0.0021 -0.9951
vn -0.0980 0.0020 -0.9952
vn -0.0000 0.0020 -1.0000
vn -0.0000 -0.0020 -1.0000
vn 0.1954 -0.0021 -0.9807
vn 0.1951 0.0021 -0.9808
vn 0.2893 0.0020 -0.9572
vn 0.2903 -0.0021 -0.9569
vn 0.3826 0.0020 -0.9239
vn 0.3827 -0.0020 -0.9239
vn 0.4719 0.0020 -0.8816
vn 0.4714 -0.0020 -0.8819
vn 0.5561 0.0020 -0.8311
vn 0.5556 -0.0020 -0.8315
vn 0.6348 0.0020 -0.7726
vn 0.6344 -0.0020 -0.7730
vn 0.7071 0.0020 -0.7071
vn 0.7071 -0.0020 -0.7071
vn 0.7726 0.0020 -0.6349
vn 0.7730 -0.0020 -0.6344
vn 0.8311 0.0020 -0.5561
vn 0.8315 -0.0021 -0.5556
vn 0.8816 0.0021 -0.4719
vn 0.8819 -0.0021 -0.4714
vn 0.9239 0.0020 -0.3826
vn 0.9239 -0.0020 -0.3827
vn 0.9572 0.0020 -0.2893
vn 0.9569 -0.0020 -0.2903
vn 0.9807 0.0020 -0.1954
vn 0.9808 -0.0020 -0.1951
vn 0.9951 0.0020 -0.0985
vn 0.9952 -0.0020 -0.0980
vn 1.0000 0.0020 -0.0000
vn 1.0000 -0.0020 -0.0000
vn 0.9951 0.0020 0.0985
vn 0.9952 -0.0020 0.0980
vn 0.9807 0.0020 0.1955
vn 0.9808 -0.0020 0.1951
vn 0.9572 0.0020 0.2894
vn 0.9569 -0.0020 0.2903
vn 0.9239 0.0020 0.3826
vn 0.9239 -0.0021 0.3827
vn 0.8816 0.0021 0.4720
vn 0.8819 -0.0021 0.4714
vn 0.8311 0.0021 0.5560
vn 0.8315 -0.0021 0.5556
vn 0.7727 0.0020 0.6348
vn 0.7730 -0.0020 0.6344
vn 0.7071 0.0020 0.7071
vn 0.7071 -0.0020 0.7071
vn 0.6348 0.0020 0.7727
vn 0.6344 -0.0020 0.7730
vn 0.5561 0.0020 0.8311
vn 0.5556 -0.0020 0.8315
vn 0.4720 0.0021 0.8816
vn 0.4714 -0.0021 0.8819
vn 0.3826 0.0020 0.9239
vn 0.3827 -0.0020 0.9239
vn 0.2893 0.0020 0.9572
vn 0.2903 -0.0020 0.9569
vn 0.1954 0.0020 0.9807
vn 0.1951 -0.0021 0.9808
vn 0.0985 0.0020 0.9951
vn 0.0980 -0.0020 0.9952
vn -0.0000 0.0020 1.0000
vn -0.0000 -0.0020 1.0000
vn -0.0985 0.0020 0.9951
vn -0.0980 -0.0020 0.9952
vn -0.1954 0.0020 0.9807
vn -0.1951 -0.0020 0.9808
vn -0.2893 0.0020 0.9572
vn -0.2903 -0.0020 0.9569
vn -0.3826 0.0020 0.9239
vn -0.3827 -0.0020 0.9239
vn -0.4720 0.0020 0.8816
vn -0.4714 -0.0020 0.8819
vn -0.5561 0.0020 0.8311
vn -0.5556 -0.0020 0.8315
vn -0.6348 0.0020 0.7727
vn -0.6344 -0.0021 0.7730
vn -0.7071 0.0020 0.7071
vn -0.7071 -0.0021 0.7071
vn -0.7727 0.0020 0.6348
vn -0.7730 -0.0020 0.6344
vn -0.8311 0.0021 0.5561
vn -0.8315 -0.0020 0.5556
vn -0.8816 0.0020 0.4719
vn -0.8819 -0.0020 0.4714
vn -0.9239 0.0020 0.3826
vn -0.9239 -0.0020 0.3827
vn -0.9572 0.0020 0.2893
vn -0.9569 -0.0020 0.2903
vn -0.9807 0.0020 0.1954
vn -0.9808 -0.0020 0.1951
vn -0.9951 0.0020 0.0985
vn -0.9952 -0.0020 0.0980
vn -1.0000 0.0021 -0.0000
vn -1.0000 -0.0021 -0.0000
vn -0.9951 0.0020 -0.0985
vn -0.9952 -0.0020 -0.0980
vn -0.9807 0.0020 -0.1955
vn -0.9808 -0.0020 -0.1951
vn -0.9572 0.0020 -0.2894
vn -0.9569 -0.0020 -0.2903
vn -0.9239 0.0020 -0.3826
vn -0.9239 -0.0020 -0.3827
vn -0.8816 0.0020 -0.4719
vn -0.8819 -0.0020 -0.4714
vn -0.8311 0.0020 -0.5561
vn -0.8315 -0.0021 -0.5556
vn -0.7727 0.0020 -0.6348
vn -0.7730 -0.0020 -0.6344
vn -0.7071 0.0020 -0.7071
vn -0.7071 -0.0021 -0.7071
vn -0.6348 0.0020 -0.7726
vn -0.6344 -0.0020 -0.7730
vn -0.5561 0.0020 -0.8311
vn -0.5556 -0.0020 -0.8315
vn -0.4719 0.0020 -0.8816
vn -0.4714 -0.0020 -0.8819
vn -0.3826 0.0020 -0.9239
vn -0.3827 -0.0020 -0.9239
vn -0.2893 0.0020 -0.9572
vn -0.2903 -0.0020 -0.9569
vn -0.1954 0.0020 -0.9807
vn -0.1951 -0.0020 -0.9808
vn 0.0985 -0.0020 -0.9951
vn 0.0980 0.0020 -0.9952
vn 0.0001 1.0000 -0.0008
vn -0.0000 1.0000 -0.0007
vn -0.0001 1.0000 -0.0008
vn -0.0001 1.0000 -0.0007
vn -0.0002 1.0000 -0.0006
vn -0.0003 1.0000 -0.0006
vn -0.0004 1.0000 -0.0006
vn -0.0004 1.0000 -0.0005
vn -0.0005 1.0000 -0.0005
vn -0.0005 1.0000 -0.0004
vn -0.0006 1.0000 -0.0004
vn -0.0006 1.0000 -0.0003
vn -0.0006 1.0000 -0.0002
vn -0.0007 1.0000 -0.0001
vn -0.0007 1.0000 -0.0000
vn -0.0008 1.0000 0.0001
vn -0.0007 1.0000 0.0001
vn -0.0006 1.0000 0.0002
vn -0.0006 1.0000 0.0003
vn -0.0006 1.0000 0.0004
vn -0.0005 1.0000 0.0004
vn -0.0005 1.0000 0.0005
vn -0.0004 1.0000 0.0005
vn -0.0004 1.0000 0.0006
vn -0.0003 1.0000 0.0006
vn -0.0002 1.0000 0.0006
vn -0.0001 1.0000 0.0007
vn -0.0000 1.0000 0.0007
vn 0.0001 1.0000 0.0007
vn 0.0002 1.0000 0.0007
vn 0.0003 1.0000 0.0006
vn 0.0004 1.0000 0.0006
vn 0.0004 1.0000 0.0005
vn 0.0005 1.0000 0.0005
vn 0.0005 1.0000 0.0004
vn 0.0006 1.0000 0.0004
vn 0.0006 1.0000 0.0003
vn 0.0006 1.0000 0.0002
vn 0.0007 1.0000 0.0001
vn 0.0007 1.0000 -0.0000
vn 0.0007 1.0000 -0.0001
vn 0.0007 1.0000 -0.0002
vn 0.0006 1.0000 -0.0003
vn 0.0007 1.0000 -0.0003
vn 0.0006 1.0000 -0.0004
vn 0.0005 1.0000 -0.0004
vn 0.0005 1.0000 -0.0005
vn 0.0004 1.0000 -0.0005
vn 0.0004 1.0000 -0.0006
vn 0.0003 1.0000 -0.0006
vn 0.0002 1.0000 -0.0006
vn 0.0001 1.0000 -0.0007
vn 0.0851 -0.4974 -0.8633
vn -0.0000 -0.4974 -0.8675
vn 0.0497 -0.8626 -0.5034
vn -0.0000 -0.8628 -0.5056
vn 0.0001 -1.0000 -0.0007
vn -0.0000 -1.0000 -0.0007
vn -0.0000 0.4973 -0.8676
vn 0.0850 0.4973 -0.8634
vn -0.0000 0.8628 -0.5056
vn 0.0497 0.8626 -0.5034
vn 0.1695 -0.4975 -0.8507
vn 0.0988 -0.8628 -0.4959
vn 0.1692 0.4973 -0.8509
vn 0.0988 0.8627 -0.4959
vn 0.2519 -0.4973 -0.8302
vn 0.1468 -0.8628 -0.4837
vn 0.0002 -1.0000 -0.0006
vn 0.2518 0.4974 -0.8302
vn 0.1468 0.8628 -0.4838
vn 0.3320 -0.4973 -0.8015
vn 0.1936 -0.8629 -0.4669
vn 0.0003 -1.0000 -0.0006
vn 0.3320 0.4973 -0.8015
vn 0.1936 0.8629 -0.4668
vn 0.4090 -0.4974 -0.7651
vn 0.2384 -0.8627 -0.4460
vn 0.4090 0.4974 -0.7651
vn 0.2384 0.8627 -0.4460
vn 0.4822 -0.4973 -0.7212
vn 0.2811 -0.8627 -0.4205
vn 0.0004 -1.0000 -0.0005
vn 0.4819 0.4973 -0.7214
vn 0.2810 0.8627 -0.4205
vn 0.5503 -0.4973 -0.6707
vn 0.3209 -0.8627 -0.3910
vn 0.5505 0.4972 -0.6706
vn 0.3209 0.8627 -0.3909
vn 0.6135 -0.4971 -0.6136
vn 0.3577 -0.8626 -0.3577
vn 0.0005 -1.0000 -0.0005
vn 0.6135 0.4972 -0.6136
vn 0.3577 0.8626 -0.3577
vn 0.6706 -0.4972 -0.5505
vn 0.3909 -0.8627 -0.3209
vn 0.0005 -1.0000 -0.0004
vn 0.6706 0.4973 -0.5505
vn 0.3909 0.8627 -0.3208
vn 0.7212 -0.4974 -0.4822
vn 0.4205 -0.8627 -0.2810
vn 0.0006 -1.0000 -0.0004
vn 0.7214 0.4973 -0.4819
vn 0.4205 0.8627 -0.2810
vn 0.7651 -0.4973 -0.4090
vn 0.4460 -0.8627 -0.2384
vn 0.0006 -1.0000 -0.0003
vn 0.7651 0.4973 -0.4090
vn 0.4460 0.8627 -0.2384
vn 0.8016 -0.4973 -0.3320
vn 0.4672 -0.8627 -0.1935
vn 0.0006 -1.0000 -0.0002
vn 0.8015 0.4973 -0.3320
vn 0.4673 0.8627 -0.1935
vn 0.8302 -0.4973 -0.2518
vn 0.4841 -0.8626 -0.1468
vn 0.8302 0.4973 -0.2519
vn 0.4837 0.8628 -0.1469
vn 0.8509 -0.4973 -0.1692
vn 0.4959 -0.8628 -0.0988
vn 0.0007 -1.0000 -0.0001
vn 0.8507 0.4976 -0.1695
vn 0.4959 0.8628 -0.0987
vn 0.8634 -0.4973 -0.0850
vn 0.5033 -0.8627 -0.0496
vn 0.8634 0.4972 -0.0851
vn 0.5033 0.8627 -0.0497
vn 0.8676 -0.4973 -0.0000
vn 0.5056 -0.8628 -0.0000
vn 0.0007 -1.0000 -0.0000
vn 0.8676 0.4973 -0.0000
vn 0.5057 0.8627 -0.0000
vn 0.8634 -0.4972 0.0851
vn 0.5033 -0.8627 0.0496
vn 0.0007 -1.0000 0.0001
vn 0.8633 0.4974 0.0850
vn 0.5033 0.8627 0.0496
vn 0.8507 -0.4976 0.1695
vn 0.4962 -0.8626 0.0985
vn 0.8507 0.4976 0.1695
vn 0.4962 0.8626 0.0986
vn 0.8302 -0.4974 0.2518
vn 0.4841 -0.8626 0.1468
vn 0.0006 -1.0000 0.0002
vn 0.8302 0.4973 0.2518
vn 0.4838 0.8628 0.1469
vn 0.8015 -0.4973 0.3320
vn 0.4672 -0.8627 0.1935
vn 0.8015 0.4973 0.3320
vn 0.4672 0.8627 0.1935
vn 0.7651 -0.4973 0.4090
vn 0.4461 -0.8626 0.2384
vn 0.0006 -1.0000 0.0003
vn 0.7651 0.4973 0.4090
vn 0.4460 0.8627 0.2384
vn 0.7212 -0.4973 0.4822
vn 0.4204 -0.8628 0.2807
vn 0.0006 -1.0000 0.0004
vn 0.7214 0.4973 0.4819
vn 0.4205 0.8627 0.2811
vn 0.6706 -0.4972 0.5505
vn 0.3910 -0.8627 0.3209
vn 0.0005 -1.0000 0.0004
vn 0.6706 0.4972 0.5505
vn 0.3909 0.8627 0.3209
vn 0.6135 -0.4972 0.6136
vn 0.3577 -0.8627 0.3577
vn 0.0005 -1.0000 0.0005
vn 0.6135 0.4972 0.6136
vn 0.3576 0.8627 0.3576
vn 0.5504 -0.4973 0.6707
vn 0.3208 -0.8627 0.3909
vn 0.0004 -1.0000 0.0005
vn 0.5504 0.4973 0.6707
vn 0.3209 0.8627 0.3910
vn 0.4822 -0.4973 0.7212
vn 0.2810 -0.8627 0.4205
vn 0.0004 -1.0000 0.0006
vn 0.4818 0.4973 0.7215
vn 0.2810 0.8627 0.4205
vn 0.4090 -0.4973 0.7651
vn 0.2384 -0.8627 0.4461
vn 0.0003 -1.0000 0.0006
vn 0.4090 0.4974 0.7651
vn 0.2384 0.8627 0.4460
vn 0.3320 -0.4973 0.8015
vn 0.1935 -0.8629 0.4668
vn 0.0002 -1.0000 0.0006
vn 0.3320 0.4973 0.8015
vn 0.1935 0.8629 0.4668
vn 0.2518 -0.4973 0.8302
vn 0.1469 -0.8628 0.4838
vn 0.2519 0.4973 0.8302
vn 0.1468 0.8628 0.4838
vn 0.1692 -0.4973 0.8509
vn 0.0988 -0.8627 0.4959
vn 0.0001 -1.0000 0.0007
vn 0.1695 0.4975 0.8507
vn 0.0988 0.8628 0.4959
vn 0.0850 -0.4973 0.8634
vn 0.0496 -0.8626 0.5034
vn 0.0850 0.4973 0.8634
vn 0.0496 0.8627 0.5034
vn -0.0000 -0.4973 0.8676
vn -0.0000 -0.8627 0.5057
vn -0.0000 -1.0000 0.0007
vn -0.0000 0.4973 0.8676
vn -0.0000 0.8625 0.5060
vn -0.0850 -0.4973 0.8634
vn -0.0496 -0.8627 0.5033
vn -0.0001 -1.0000 0.0007
vn -0.0850 0.4975 0.8633
vn -0.0496 0.8627 0.5033
vn -0.1695 -0.4975 0.8507
vn -0.0988 -0.8628 0.4958
vn -0.1693 0.4973 0.8509
vn -0.0988 0.8627 0.4959
vn -0.2519 -0.4973 0.8302
vn -0.1467 -0.8626 0.4841
vn -0.0002 -1.0000 0.0006
vn -0.2518 0.4973 0.8302
vn -0.1467 0.8626 0.4841
vn -0.3320 -0.4973 0.8015
vn -0.1935 -0.8629 0.4669
vn -0.0003 -1.0000 0.0006
vn -0.3320 0.4973 0.8015
vn -0.1935 0.8627 0.4671
vn -0.4090 -0.4973 0.7651
vn -0.2384 -0.8627 0.4460
vn -0.4090 0.4973 0.7651
vn -0.2384 0.8627 0.4460
vn -0.4819 -0.4972 0.7215
vn -0.2810 -0.8627 0.4205
vn -0.0004 -1.0000 0.0006
vn -0.4821 0.4975 0.7212
vn -0.2806 0.8629 0.4204
vn -0.5505 -0.4973 0.6706
vn -0.3209 -0.8627 0.3910
vn -0.0004 -1.0000 0.0005
vn -0.5503 0.4973 0.6707
vn -0.3208 0.8627 0.3909
vn -0.6135 -0.4972 0.6136
vn -0.3577 -0.8626 0.3577
vn -0.0005 -1.0000 0.0005
vn -0.6135 0.4972 0.6135
vn -0.3576 0.8627 0.3576
vn -0.6706 -0.4973 0.5505
vn -0.3909 -0.8627 0.3208
vn -0.0005 -1.0000 0.0004
vn -0.6706 0.4972 0.5505
vn -0.3910 0.8627 0.3209
vn -0.7212 -0.4973 0.4822
vn -0.4205 -0.8627 0.2810
vn -0.0006 -1.0000 0.0004
vn -0.7215 0.4972 0.4818
vn -0.4204 0.8628 0.2807
vn -0.7651 -0.4973 0.4090
vn -0.4460 -0.8627 0.2384
vn -0.0006 -1.0000 0.0003
vn -0.7651 0.4973 0.4090
vn -0.4461 0.8626 0.2384
vn -0.8015 -0.4973 0.3320
vn -0.4673 -0.8626 0.1935
vn -0.0006 -1.0000 0.0002
vn -0.8015 0.4973 0.3320
vn -0.4672 0.8627 0.1935
vn -0.8302 -0.4973 0.2518
vn -0.4839 -0.8627 0.1468
vn -0.8302 0.4974 0.2518
vn -0.4839 0.8627 0.1468
vn -0.8508 -0.4974 0.1695
vn -0.4960 -0.8627 0.0988
vn -0.0007 -1.0000 0.0001
vn -0.8508 0.4974 0.1695
vn -0.4961 0.8627 0.0983
vn -0.8634 -0.4974 0.0850
vn -0.5034 -0.8627 0.0496
vn -0.8634 0.4973 0.0851
vn -0.5034 0.8627 0.0497
vn -0.8676 -0.4973 -0.0000
vn -0.5056 -0.8628 -0.0000
vn -0.0007 -1.0000 -0.0000
vn -0.8675 0.4974 -0.0000
vn -0.5060 0.8625 -0.0000
vn -0.8634 -0.4972 -0.0851
vn -0.5034 -0.8626 -0.0496
vn -0.0007 -1.0000 -0.0001
vn -0.8633 0.4975 -0.0850
vn -0.5034 0.8626 -0.0496
vn -0.8507 -0.4975 -0.1695
vn -0.4961 -0.8627 -0.0983
vn -0.8509 0.4973 -0.1692
vn -0.4960 0.8627 -0.0987
vn -0.8302 -0.4973 -0.2518
vn -0.4842 -0.8626 -0.1468
vn -0.0006 -1.0000 -0.0002
vn -0.8302 0.4973 -0.2519
vn -0.4842 0.8626 -0.1468
vn -0.8015 -0.4974 -0.3320
vn -0.4675 -0.8626 -0.1934
vn -0.8015 0.4973 -0.3320
vn -0.4669 0.8629 -0.1936
vn -0.7651 -0.4974 -0.4090
vn -0.4460 -0.8627 -0.2384
vn -0.0006 -1.0000 -0.0003
vn -0.7651 0.4973 -0.4090
vn -0.4460 0.8627 -0.2384
vn -0.7214 -0.4973 -0.4819
vn -0.4205 -0.8627 -0.2810
vn -0.0005 -1.0000 -0.0004
vn -0.7215 0.4972 -0.4819
vn -0.4206 0.8626 -0.2812
vn -0.6705 -0.4972 -0.5506
vn -0.3909 -0.8627 -0.3208
vn -0.6706 0.4972 -0.5505
vn -0.3909 0.8627 -0.3209
vn -0.6135 -0.4972 -0.6135
vn -0.3577 -0.8626 -0.3577
vn -0.0005 -1.0000 -0.0005
vn -0.6135 0.4972 -0.6135
vn -0.3578 0.8626 -0.3577
vn -0.5503 -0.4973 -0.6707
vn -0.3208 -0.8627 -0.3909
vn -0.0004 -1.0000 -0.0005
vn -0.5504 0.4973 -0.6706
vn -0.3209 0.8627 -0.3910
vn -0.4822 -0.4974 -0.7212
vn -0.2806 -0.8629 -0.4204
vn -0.0004 -1.0000 -0.0006
vn -0.4822 0.4974 -0.7212
vn -0.2811 0.8626 -0.4205
vn -0.4090 -0.4973 -0.7651
vn -0.2384 -0.8626 -0.4461
vn -0.0003 -1.0000 -0.0006
vn -0.4090 0.4973 -0.7651
vn -0.2384 0.8627 -0.4460
vn -0.3320 -0.4973 -0.8015
vn -0.1936 -0.8629 -0.4668
vn -0.0002 -1.0000 -0.0006
vn -0.3320 0.4973 -0.8015
vn -0.1936 0.8628 -0.4669
vn -0.2518 -0.4973 -0.8302
vn -0.1468 -0.8626 -0.4840
vn -0.2518 0.4974 -0.8302
vn -0.1468 0.8628 -0.4838
vn -0.1692 -0.4973 -0.8509
vn -0.0988 -0.8627 -0.4959
vn -0.0001 -1.0000 -0.0007
vn -0.1695 0.4975 -0.8507
vn -0.0988 0.8628 -0.4959
vn -0.0850 -0.4973 -0.8634
vn -0.0497 -0.8627 -0.5033
vn -0.0851 0.4973 -0.8634
vn -0.0497 0.8627 -0.5033
vt 0.015625 0.507143
vt 0.015625 0.992857
vt 0.000000 0.992857
vt 0.000000 0.507143
vt 0.968750 0.507143
vt 0.968750 0.992857
vt 0.953125 0.992857
vt 0.953125 0.507143
vt 0.937500 0.992857
vt 0.937500 0.507143
vt 0.921875 0.992857
vt 0.921875 0.507143
vt 0.906250 0.992857
vt 0.906250 0.507143
vt 0.890625 0.992857
vt 0.890625 0.507143
vt 0.875000 0.992857
vt 0.875000 0.507143
vt 0.859375 0.992857
vt 0.859375 0.507143
vt 0.843750 0.992857
vt 0.843750 0.507143
vt 0.828125 0.992857
vt 0.828125 0.507143
vt 0.812500 0.992857
vt 0.812500 0.507143
vt 0.796875 0.992857
vt 0.796875 0.507143
vt 0.781250 0.992857
vt 0.781250 0.507143
vt 0.765625 0.992857
vt 0.765625 0.507143
vt 0.750000 0.992857
vt 0.750000 0.507143
vt 0.734375 0.992857
vt 0.734375 0.507143
vt 0.718750 0.992857
vt 0.718750 0.507143
vt 0.703125 0.992857
vt 0.703125 0.507143
vt 0.687500 0.992857
vt 0.687500 0.507143
vt 0.671875 0.992857
vt 0.671875 0.507143
vt 0.656250 0.992857
vt 0.656250 0.507143
vt 0.640625 0.992857
vt 0.640625 0.507143
vt 0.625000 0.992857
vt 0.625000 0.507143
vt 0.609375 0.992857
vt 0.609375 0.507143
vt 0.593750 0.992857
vt 0.593750 0.507143
vt 0.578125 0.992857
vt 0.578125 0.507143
vt 0.562500 0.992857
vt 0.562500 0.507143
vt 0.546875 0.992857
vt 0.546875 0.507143
vt 0.531250 0.992857
vt 0.531250 0.507143
vt 0.515625 0.992857
vt 0.515625 0.507143
vt 0.500000 0.992857
vt 0.500000 0.507143
vt 0.484375 0.992857
vt 0.484375 0.507143
vt 0.468750 0.992857
vt 0.468750 0.507143
vt 0.453125 0.992857
vt 0.453125 0.507143
vt 0.437500 0.992857
vt 0.437500 0.507143
vt 0.421875 0.992857
vt 0.421875 0.507143
vt 0.406250 0.992857
vt 0.406250 0.507143
vt 0.390625 0.992857
vt 0.390625 0.507143
vt 0.375000 0.992857
vt 0.375000 0.507143
vt 0.359375 0.992857
vt 0.359375 0.507143
vt 0.343750 0.992857
vt 0.343750 0.507143
vt 0.328125 0.992857
vt 0.328125 0.507143
vt 0.312500 0.992857
vt 0.312500 0.507143
vt 0.296875 0.992857
vt 0.296875 0.507143
vt 0.281250 0.992857
vt 0.281250 0.507143
vt 0.265625 0.992857
vt 0.265625 0.507143
vt 0.250000 0.992857
vt 0.250000 0.507143
vt 0.234375 0.992857
vt 0.234375 0.507143
vt 0.218750 0.992857
vt 0.218750 0.507143
vt 0.203125 0.992857
vt 0.203125 0.507143
vt 0.187500 0.992857
vt 0.187500 0.507143
vt 0.171875 0.992857
vt 0.171875 0.507143
vt 0.156250 0.992857
vt 0.156250 0.507143
vt 0.140625 0.992857
vt 0.140625 0.507143
vt 0.125000 0.992857
vt 0.125000 0.507143
vt 0.109375 0.992857
vt 0.109375 0.507143
vt 0.093750 0.992857
vt 0.093750 0.507143
vt 0.078125 0.992857
vt 0.078125 0.507143
vt 0.062500 0.992857
vt 0.062500 0.507143
vt 0.046875 0.992857
vt 0.046875 0.507143
vt 0.031250 0.992857
vt 0.031250 0.507143
vt 0.984375 0.507143
vt 0.984375 0.992857
vt 0.271954 0.472902
vt 0.250000 0.473981
vt 0.228046 0.472902
vt 0.206304 0.469677
vt 0.184982 0.464336
vt 0.164286 0.456931
vt 0.144416 0.447533
vt 0.125563 0.436233
vt 0.107908 0.423140
vt 0.091622 0.408378
vt 0.076861 0.392092
vt 0.063767 0.374437
vt 0.052467 0.355584
vt 0.043069 0.335714
vt 0.035664 0.315018
vt 0.030323 0.293696
vt 0.027098 0.271954
vt 0.026019 0.250000
vt 0.027098 0.228046
vt 0.030323 0.206304
vt 0.035664 0.184982
vt 0.043069 0.164286
vt 0.052467 0.144416
vt 0.063767 0.125563
vt 0.076861 0.107908
vt 0.091622 0.091622
vt 0.107908 0.076861
vt 0.125563 0.063767
vt 0.144416 0.052467
vt 0.164286 0.043069
vt 0.184982 0.035664
vt 0.206304 0.030323
vt 0.228046 0.027098
vt 0.250000 0.026019
vt 0.271954 0.027098
vt 0.293696 0.030323
vt 0.315018 0.035664
vt 0.335714 0.043069
vt 0.355584 0.052467
vt 0.374437 0.063767
vt 0.392092 0.076861
vt 0.408378 0.091622
vt 0.423140 0.107908
vt 0.436233 0.125563
vt 0.447533 0.144416
vt 0.456931 0.164286
vt 0.464336 0.184982
vt 0.469677 0.206304
vt 0.472902 0.228046
vt 0.473981 0.250000
vt 0.472902 0.271954
vt 0.469677 0.293696
vt 0.464336 0.315018
vt 0.456931 0.335714
vt 0.447533 0.355584
vt 0.436233 0.374437
vt 0.423140 0.392092
vt 0.408378 0.408378
vt 0.392092 0.423140
vt 0.374437 0.436233
vt 0.355584 0.447533
vt 0.335714 0.456931
vt 0.315018 0.464336
vt 0.293696 0.469677
vt 1.000000 0.507143
vt 1.000000 0.992857
vt 0.984445 0.500000
vt 0.999930 0.500000
vt 0.750106 0.489995
vt 0.773419 0.488850
vt 0.772739 0.480866
vt 0.750000 0.481983
vt 0.771954 0.472902
vt 0.750000 0.473981
vt 0.999930 1.000000
vt 0.984445 1.000000
vt 0.273419 0.488850
vt 0.250106 0.489995
vt 0.250000 0.481983
vt 0.272738 0.480866
vt 0.968820 0.500000
vt 0.984305 0.500000
vt 0.773629 0.488829
vt 0.796717 0.485404
vt 0.795258 0.477526
vt 0.793696 0.469677
vt 0.984305 1.000000
vt 0.968820 1.000000
vt 0.296717 0.485404
vt 0.273629 0.488829
vt 0.295258 0.477526
vt 0.953195 0.500000
vt 0.968680 0.500000
vt 0.796924 0.485363
vt 0.819566 0.479691
vt 0.817341 0.471994
vt 0.815018 0.464336
vt 0.968680 1.000000
vt 0.953195 1.000000
vt 0.319566 0.479691
vt 0.296924 0.485363
vt 0.317341 0.471994
vt 0.937570 0.500000
vt 0.953055 0.500000
vt 0.819768 0.479630
vt 0.841745 0.471767
vt 0.838776 0.464325
vt 0.835714 0.456931
vt 0.953055 1.000000
vt 0.937570 1.000000
vt 0.341745 0.471767
vt 0.319768 0.479630
vt 0.338776 0.464325
vt 0.921945 0.500000
vt 0.937430 0.500000
vt 0.841940 0.471686
vt 0.863040 0.461706
vt 0.859356 0.454591
vt 0.855584 0.447533
vt 0.937430 1.000000
vt 0.921945 1.000000
vt 0.363040 0.461706
vt 0.341940 0.471686
vt 0.359356 0.454591
vt 0.906320 0.500000
vt 0.921805 0.500000
vt 0.863226 0.461607
vt 0.883246 0.449607
vt 0.878883 0.442887
vt 0.874437 0.436233
vt 0.921805 1.000000
vt 0.906320 1.000000
vt 0.383246 0.449607
vt 0.363226 0.461607
vt 0.378883 0.442887
vt 0.890695 0.500000
vt 0.906180 0.500000
vt 0.883422 0.449490
vt 0.902170 0.435585
vt 0.897169 0.429326
vt 0.892092 0.423140
vt 0.906180 1.000000
vt 0.890695 1.000000
vt 0.402170 0.435585
vt 0.383422 0.449490
vt 0.397169 0.429326
vt 0.875070 0.500000
vt 0.890555 0.500000
vt 0.902333 0.435452
vt 0.919627 0.419777
vt 0.914037 0.414037
vt 0.908378 0.408378
vt 0.890555 1.000000
vt 0.875070 1.000000
vt 0.419627 0.419777
vt 0.402333 0.435452
vt 0.414037 0.414037
vt 0.859445 0.500000
vt 0.874930 0.500000
vt 0.919777 0.419627
vt 0.935452 0.402333
vt 0.929326 0.397169
vt 0.923140 0.392092
vt 0.874930 1.000000
vt 0.859445 1.000000
vt 0.435452 0.402333
vt 0.419777 0.419627
vt 0.429326 0.397169
vt 0.843820 0.500000
vt 0.859305 0.500000
vt 0.935585 0.402170
vt 0.949490 0.383422
vt 0.942887 0.378883
vt 0.936233 0.374437
vt 0.859305 1.000000
vt 0.843820 1.000000
vt 0.449490 0.383422
vt 0.435585 0.402169
vt 0.442887 0.378883
vt 0.828195 0.500000
vt 0.843680 0.500000
vt 0.949607 0.383246
vt 0.961607 0.363226
vt 0.954591 0.359356
vt 0.947533 0.355584
vt 0.843680 1.000000
vt 0.828195 1.000000
vt 0.461607 0.363226
vt 0.449607 0.383246
vt 0.454591 0.359356
vt 0.812570 0.500000
vt 0.828055 0.500000
vt 0.961706 0.363040
vt 0.971686 0.341940
vt 0.964325 0.338776
vt 0.956931 0.335714
vt 0.828055 1.000000
vt 0.812570 1.000000
vt 0.471686 0.341940
vt 0.461706 0.363040
vt 0.464325 0.338776
vt 0.796945 0.500000
vt 0.812430 0.500000
vt 0.971767 0.341745
vt 0.979630 0.319768
vt 0.971994 0.317341
vt 0.964336 0.315018
vt 0.812430 1.000000
vt 0.796945 1.000000
vt 0.479630 0.319768
vt 0.471767 0.341745
vt 0.471994 0.317341
vt 0.781320 0.500000
vt 0.796805 0.500000
vt 0.979691 0.319566
vt 0.985363 0.296924
vt 0.977526 0.295258
vt 0.969677 0.293696
vt 0.796805 1.000000
vt 0.781320 1.000000
vt 0.485363 0.296924
vt 0.479691 0.319566
vt 0.477526 0.295258
vt 0.765695 0.500000
vt 0.781180 0.500000
vt 0.985404 0.296717
vt 0.988829 0.273629
vt 0.980866 0.272738
vt 0.972902 0.271954
vt 0.781180 1.000000
vt 0.765695 1.000000
vt 0.488829 0.273629
vt 0.485404 0.296717
vt 0.480866 0.272738
vt 0.750070 0.500000
vt 0.765555 0.500000
vt 0.988849 0.273419
vt 0.989995 0.250106
vt 0.981984 0.250000
vt 0.973980 0.250000
vt 0.765555 1.000000
vt 0.750070 1.000000
vt 0.489995 0.250106
vt 0.488850 0.273419
vt 0.481983 0.250000
vt 0.734445 0.500000
vt 0.749930 0.500000
vt 0.989995 0.249894
vt 0.988850 0.226581
vt 0.980866 0.227262
vt 0.972902 0.228046
vt 0.749930 1.000000
vt 0.734445 1.000000
vt 0.488850 0.226581
vt 0.489995 0.249894
vt 0.480866 0.227262
vt 0.718820 0.500000
vt 0.734305 0.500000
vt 0.988829 0.226371
vt 0.985404 0.203283
vt 0.977526 0.204742
vt 0.969677 0.206304
vt 0.734305 1.000000
vt 0.718820 1.000000
vt 0.485404 0.203283
vt 0.488829 0.226371
vt 0.477526 0.204742
vt 0.703195 0.500000
vt 0.718680 0.500000
vt 0.985363 0.203076
vt 0.979691 0.180434
vt 0.971994 0.182659
vt 0.964336 0.184982
vt 0.718680 1.000000
vt 0.703195 1.000000
vt 0.479691 0.180434
vt 0.485363 0.203076
vt 0.471994 0.182659
vt 0.687570 0.500000
vt 0.703055 0.500000
vt 0.979630 0.180232
vt 0.971767 0.158255
vt 0.964325 0.161224
vt 0.956931 0.164286
vt 0.703055 1.000000
vt 0.687570 1.000000
vt 0.471767 0.158255
vt 0.479630 0.180232
vt 0.464325 0.161224
vt 0.671945 0.500000
vt 0.687430 0.500000
vt 0.971686 0.158060
vt 0.961706 0.136960
vt 0.954591 0.140644
vt 0.947533 0.144416
vt 0.687430 1.000000
vt 0.671945 1.000000
vt 0.461706 0.136960
vt 0.471686 0.158060
vt 0.454591 0.140644
vt 0.656320 0.500000
vt 0.671805 0.500000
vt 0.961607 0.136774
vt 0.949607 0.116754
vt 0.942887 0.121117
vt 0.936233 0.125563
vt 0.671805 1.000000
vt 0.656320 1.000000
vt 0.449607 0.116754
vt 0.461607 0.136774
vt 0.442887 0.121117
vt 0.640695 0.500000
vt 0.656180 0.500000
vt 0.949490 0.116578
vt 0.935585 0.097830
vt 0.929326 0.102831
vt 0.923140 0.107908
vt 0.656180 1.000000
vt 0.640695 1.000000
vt 0.435585 0.097830
vt 0.449490 0.116578
vt 0.429326 0.102831
vt 0.625070 0.500000
vt 0.640555 0.500000
vt 0.935452 0.097667
vt 0.919777 0.080373
vt 0.914037 0.085963
vt 0.908378 0.091622
vt 0.640555 1.000000
vt 0.625070 1.000000
vt 0.419777 0.080373
vt 0.435452 0.097667
vt 0.414037 0.085963
vt 0.609445 0.500000
vt 0.624930 0.500000
vt 0.919627 0.080223
vt 0.902333 0.064548
vt 0.897169 0.070674
vt 0.892092 0.076861
vt 0.624930 1.000000
vt 0.609445 1.000000
vt 0.402333 0.064548
vt 0.419627 0.080223
vt 0.397169 0.070674
vt 0.593820 0.500000
vt 0.609305 0.500000
vt 0.902170 0.064415
vt 0.883422 0.050510
vt 0.878883 0.057113
vt 0.874437 0.063767
vt 0.609305 1.000000
vt 0.593820 1.000000
vt 0.383422 0.050510
vt 0.402169 0.064415
vt 0.378883 0.057113
vt 0.578195 0.500000
vt 0.593680 0.500000
vt 0.883246 0.050393
vt 0.863226 0.038393
vt 0.859356 0.045409
vt 0.855584 0.052467
vt 0.593680 1.000000
vt 0.578195 1.000000
vt 0.363226 0.038393
vt 0.383246 0.050393
vt 0.359356 0.045409
vt 0.562570 0.500000
vt 0.578055 0.500000
vt 0.863040 0.038294
vt 0.841940 0.028314
vt 0.838776 0.035675
vt 0.835714 0.043069
vt 0.578055 1.000000
vt 0.562570 1.000000
vt 0.341940 0.028314
vt 0.363040 0.038294
vt 0.338776 0.035675
vt 0.546945 0.500000
vt 0.562430 0.500000
vt 0.841745 0.028233
vt 0.819768 0.020370
vt 0.817341 0.028006
vt 0.815018 0.035664
vt 0.562430 1.000000
vt 0.546945 1.000000
vt 0.319768 0.020370
vt 0.341745 0.028233
vt 0.317341 0.028006
vt 0.531320 0.500000
vt 0.546805 0.500000
vt 0.819566 0.020309
vt 0.796924 0.014637
vt 0.795258 0.022474
vt 0.793696 0.030323
vt 0.546805 1.000000
vt 0.531320 1.000000
vt 0.296924 0.014637
vt 0.319566 0.020309
vt 0.295258 0.022474
vt 0.515695 0.500000
vt 0.531180 0.500000
vt 0.796717 0.014596
vt 0.773629 0.011171
vt 0.772738 0.019134
vt 0.771954 0.027098
vt 0.531180 1.000000
vt 0.515695 1.000000
vt 0.273629 0.011171
vt 0.296717 0.014596
vt 0.272738 0.019134
vt 0.500070 0.500000
vt 0.515555 0.500000
vt 0.773419 0.011150
vt 0.750106 0.010005
vt 0.750000 0.018017
vt 0.750000 0.026019
vt 0.515555 1.000000
vt 0.500070 1.000000
vt 0.250106 0.010005
vt 0.273419 0.011150
vt 0.250000 0.018017
vt 0.484445 0.500000
vt 0.499930 0.500000
vt 0.749894 0.010005
vt 0.726581 0.011150
vt 0.727262 0.019134
vt 0.728046 0.027098
vt 0.499930 1.000000
vt 0.484445 1.000000
vt 0.226581 0.011150
vt 0.249894 0.010005
vt 0.227262 0.019134
vt 0.468820 0.500000
vt 0.484305 0.500000
vt 0.726371 0.011171
vt 0.703283 0.014596
vt 0.704742 0.022474
vt 0.706304 0.030323
vt 0.484305 1.000000
vt 0.468820 1.000000
vt 0.203283 0.014596
vt 0.226371 0.011171
vt 0.204742 0.022474
vt 0.453195 0.500000
vt 0.468680 0.500000
vt 0.703076 0.014637
vt 0.680434 0.020309
vt 0.682659 0.028006
vt 0.684982 0.035664
vt 0.468680 1.000000
vt 0.453195 1.000000
vt 0.180434 0.020309
vt 0.203076 0.014637
vt 0.182659 0.028006
vt 0.437570 0.500000
vt 0.453055 0.500000
vt 0.680232 0.020370
vt 0.658256 0.028233
vt 0.661224 0.035675
vt 0.664286 0.043069
vt 0.453055 1.000000
vt 0.437570 1.000000
vt 0.158255 0.028233
vt 0.180232 0.020370
vt 0.161224 0.035675
vt 0.421945 0.500000
vt 0.437430 0.500000
vt 0.658060 0.028314
vt 0.636960 0.038294
vt 0.640644 0.045409
vt 0.644416 0.052467
vt 0.437430 1.000000
vt 0.421945 1.000000
vt 0.136960 0.038294
vt 0.158060 0.028314
vt 0.140644 0.045409
vt 0.406320 0.500000
vt 0.421805 0.500000
vt 0.636774 0.038393
vt 0.616754 0.050393
vt 0.621117 0.057113
vt 0.625563 0.063767
vt 0.421805 1.000000
vt 0.406320 1.000000
vt 0.116754 0.050393
vt 0.136774 0.038393
vt 0.121117 0.057113
vt 0.390695 0.500000
vt 0.406180 0.500000
vt 0.616578 0.050510
vt 0.597830 0.064415
vt 0.602831 0.070674
vt 0.607908 0.076861
vt 0.406180 1.000000
vt 0.390695 1.000000
vt 0.097830 0.064415
vt 0.116578 0.050510
vt 0.102831 0.070674
vt 0.375070 0.500000
vt 0.390555 0.500000
vt 0.597667 0.064548
vt 0.580373 0.080223
vt 0.585963 0.085963
vt 0.591622 0.091622
vt 0.390555 1.000000
vt 0.375070 1.000000
vt 0.080373 0.080223
vt 0.097667 0.064548
vt 0.085963 0.085963
vt 0.359445 0.500000
vt 0.374930 0.500000
vt 0.580223 0.080373
vt 0.564548 0.097667
vt 0.570674 0.102831
vt 0.576860 0.107908
vt 0.374930 1.000000
vt 0.359445 1.000000
vt 0.064548 0.097667
vt 0.080223 0.080373
vt 0.070674 0.102831
vt 0.343820 0.500000
vt 0.359305 0.500000
vt 0.564415 0.097830
vt 0.550510 0.116578
vt 0.557113 0.121117
vt 0.563767 0.125563
vt 0.359305 1.000000
vt 0.343820 1.000000
vt 0.050510 0.116578
vt 0.064415 0.097830
vt 0.057113 0.121117
vt 0.328195 0.500000
vt 0.343680 0.500000
vt 0.550393 0.116754
vt 0.538393 0.136774
vt 0.545409 0.140644
vt 0.552467 0.144416
vt 0.343680 1.000000
vt 0.328195 1.000000
vt 0.038393 0.136774
vt 0.050393 0.116754
vt 0.045409 0.140644
vt 0.312570 0.500000
vt 0.328055 0.500000
vt 0.538294 0.136960
vt 0.528314 0.158060
vt 0.535675 0.161224
vt 0.543069 0.164286
vt 0.328055 1.000000
vt 0.312570 1.000000
vt 0.028314 0.158060
vt 0.038294 0.136960
vt 0.035675 0.161224
vt 0.296945 0.500000
vt 0.312430 0.500000
vt 0.528233 0.158255
vt 0.520370 0.180232
vt 0.528006 0.182659
vt 0.535664 0.184982
vt 0.312430 1.000000
vt 0.296945 1.000000
vt 0.020370 0.180232
vt 0.028233 0.158255
vt 0.028006 0.182659
vt 0.281320 0.500000
vt 0.296805 0.500000
vt 0.520309 0.180434
vt 0.514637 0.203076
vt 0.522474 0.204742
vt 0.530323 0.206304
vt 0.296805 1.000000
vt 0.281320 1.000000
vt 0.014637 0.203076
vt 0.020309 0.180434
vt 0.022474 0.204742
vt 0.265695 0.500000
vt 0.281180 0.500000
vt 0.514596 0.203283
vt 0.511171 0.226371
vt 0.519134 0.227262
vt 0.527098 0.228046
vt 0.281180 1.000000
vt 0.265695 1.000000
vt 0.011171 0.226371
vt 0.014596 0.203283
vt 0.019134 0.227262
vt 0.250070 0.500000
vt 0.265555 0.500000
vt 0.511150 0.226581
vt 0.510005 0.249894
vt 0.518017 0.250000
vt 0.526019 0.250000
vt 0.265555 1.000000
vt 0.250070 1.000000
vt 0.010005 0.249894
vt 0.011150 0.226581
vt 0.018017 0.250000
vt 0.234445 0.500000
vt 0.249930 0.500000
vt 0.510005 0.250106
vt 0.511150 0.273419
vt 0.519134 0.272738
vt 0.527098 0.271954
vt 0.249930 1.000000
vt 0.234445 1.000000
vt 0.011150 0.273419
vt 0.010005 0.250106
vt 0.019134 0.272738
vt 0.218820 0.500000
vt 0.234305 0.500000
vt 0.511171 0.273629
vt 0.514596 0.296717
vt 0.522474 0.295258
vt 0.530323 0.293696
vt 0.234305 1.000000
vt 0.218820 1.000000
vt 0.014596 0.296717
vt 0.011171 0.273629
vt 0.022474 0.295258
vt 0.203195 0.500000
vt 0.218680 0.500000
vt 0.514637 0.296924
vt 0.520309 0.319566
vt 0.528006 0.317341
vt 0.535664 0.315018
vt 0.218680 1.000000
vt 0.203195 1.000000
vt 0.020309 0.319566
vt 0.014637 0.296924
vt 0.028006 0.317341
vt 0.187570 0.500000
vt 0.203055 0.500000
vt 0.520370 0.319768
vt 0.528233 0.341745
vt 0.535675 0.338776
vt 0.543069 0.335714
vt 0.203055 1.000000
vt 0.187570 1.000000
vt 0.028233 0.341745
vt 0.020370 0.319768
vt 0.035675 0.338776
vt 0.171945 0.500000
vt 0.187430 0.500000
vt 0.528314 0.341940
vt 0.538294 0.363040
vt 0.545409 0.359356
vt 0.552467 0.355584
vt 0.187430 1.000000
vt 0.171945 1.000000
vt 0.038294 0.363040
vt 0.028314 0.341940
vt 0.045409 0.359356
vt 0.156320 0.500000
vt 0.171805 0.500000
vt 0.538393 0.363226
vt 0.550393 0.383246
vt 0.557113 0.378883
vt 0.563767 0.374437
vt 0.171805 1.000000
vt 0.156320 1.000000
vt 0.050393 0.383246
vt 0.038393 0.363226
vt 0.057113 0.378883
vt 0.140695 0.500000
vt 0.156180 0.500000
vt 0.550510 0.383422
vt 0.564415 0.402169
vt 0.570674 0.397169
vt 0.576860 0.392092
vt 0.156180 1.000000
vt 0.140695 1.000000
vt 0.064415 0.402170
vt 0.050510 0.383422
vt 0.070674 0.397169
vt 0.125070 0.500000
vt 0.140555 0.500000
vt 0.564548 0.402333
vt 0.580223 0.419627
vt 0.585963 0.414037
vt 0.591622 0.408378
vt 0.140555 1.000000
vt 0.125070 1.000000
vt 0.080223 0.419627
vt 0.064548 0.402333
vt 0.085963 0.414037
vt 0.109445 0.500000
vt 0.124930 0.500000
vt 0.580373 0.419777
vt 0.597667 0.435452
vt 0.602831 0.429326
vt 0.607908 0.423140
vt 0.124930 1.000000
vt 0.109445 1.000000
vt 0.097667 0.435452
vt 0.080373 0.419777
vt 0.102831 0.429326
vt 0.093820 0.500000
vt 0.109305 0.500000
vt 0.597831 0.435585
vt 0.616578 0.449490
vt 0.621117 0.442887
vt 0.625563 0.436233
vt 0.109305 1.000000
vt 0.093820 1.000000
vt 0.116578 0.449490
vt 0.097830 0.435585
vt 0.121117 0.442887
vt 0.078195 0.500000
vt 0.093680 0.500000
vt 0.616754 0.449607
vt 0.636774 0.461607
vt 0.640644 0.454591
vt 0.644416 0.447533
vt 0.093680 1.000000
vt 0.078195 1.000000
vt 0.136774 0.461607
vt 0.116754 0.449607
vt 0.140644 0.454591
vt 0.062570 0.500000
vt 0.078055 0.500000
vt 0.636960 0.461706
vt 0.658060 0.471686
vt 0.661224 0.464325
vt 0.664286 0.456931
vt 0.078055 1.000000
vt 0.062570 1.000000
vt 0.158060 0.471686
vt 0.136960 0.461706
vt 0.161224 0.464325
vt 0.046945 0.500000
vt 0.062430 0.500000
vt 0.658255 0.471767
vt 0.680232 0.479630
vt 0.682659 0.471994
vt 0.684982 0.464336
vt 0.062430 1.000000
vt 0.046945 1.000000
vt 0.180232 0.479630
vt 0.158255 0.471767
vt 0.182659 0.471994
vt 0.031320 0.500000
vt 0.046805 0.500000
vt 0.680434 0.479691
vt 0.703076 0.485363
vt 0.704742 0.477526
vt 0.706304 0.469677
vt 0.046805 1.000000
vt 0.031320 1.000000
vt 0.203076 0.485363
vt 0.180434 0.479691
vt 0.204742 0.477526
vt 0.015695 0.500000
vt 0.031180 0.500000
vt 0.703283 0.485404
vt 0.726371 0.488829
vt 0.727262 0.480866
vt 0.728046 0.472902
vt 0.031180 1.000000
vt 0.015695 1.000000
vt 0.226371 0.488829
vt 0.203283 0.485404
vt 0.227262 0.480866
vt 0.000070 0.500000
vt 0.015555 0.500000
vt 0.726581 0.488850
vt 0.749894 0.489995
vt 0.015555 1.000000
vt 0.000070 1.000000
vt 0.249894 0.489995
vt 0.226581 0.488850
s 1
usemtl Brushed_aluminum.001
f 1082/1159/577 1086/1160/578 582/1161/579 578/1162/580
f 594/1163/581 598/1164/582 606/1165/583 602/1166/584
f 602/1166/584 606/1165/583 614/1167/585 610/1168/586
f 610/1168/586 614/1167/585 622/1169/587 618/1170/588
f 618/1170/588 622/1169/587 630/1171/589 626/1172/590
f 626/1172/590 630/1171/589 638/1173/591 634/1174/592
f 634/1174/592 638/1173/591 646/1175/593 642/1176/594
f 642/1176/594 646/1175/593 654/1177/595 650/1178/596
f 650/1178/596 654/1177/595 662/1179/597 658/1180/598
f 658/1180/598 662/1179/597 670/1181/599 666/1182/600
f 666/1182/600 670/1181/599 678/1183/601 674/1184/602
f 674/1184/602 678/1183/601 686/1185/603 682/1186/604
f 682/1186/604 686/1185/603 694/1187/605 690/1188/606
f 690/1188/606 694/1187/605 702/1189/607 698/1190/608
f 698/1190/608 702/1189/607 710/1191/609 706/1192/610
f 706/1192/610 710/1191/609 718/1193/611 714/1194/612
f 714/1194/612 718/1193/611 726/1195/613 722/1196/614
f 722/1196/614 726/1195/613 734/1197/615 730/1198/616
f 730/1198/616 734/1197/615 742/1199/617 738/1200/618
f 738/1200/618 742/1199/617 750/1201/619 746/1202/620
f 746/1202/620 750/1201/619 758/1203/621 754/1204/622
f 754/1204/622 758/1203/621 766/1205/623 762/1206/624
f 762/1206/624 766/1205/623 774/1207/625 770/1208/626
f 770/1208/626 774/1207/625 782/1209/627 778/1210/628
f 778/1210/628 782/1209/627 790/1211/629 786/1212/630
f 786/1212/630 790/1211/629 798/1213/631 794/1214/632
f 794/1214/632 798/1213/631 806/1215/633 802/1216/634
f 802/1216/634 806/1215/633 814/1217/635 810/1218/636
f 810/1218/636 814/1217/635 822/1219/637 818/1220/638
f 818/1220/638 822/1219/637 830/1221/639 826/1222/640
f 826/1222/640 830/1221/639 838/1223/641 834/1224/642
f 834/1224/642 838/1223/641 846/1225/643 842/1226/644
f 842/1226/644 846/1225/643 854/1227/645 850/1228/646
f 850/1228/646 854/1227/645 862/1229/647 858/1230/648
f 858/1230/648 862/1229/647 870/1231/649 866/1232/650
f 866/1232/650 870/1231/649 878/1233/651 874/1234/652
f 874/1234/652 878/1233/651 886/1235/653 882/1236/654
f 882/1236/654 886/1235/653 894/1237/655 890/1238/656
f 890/1238/656 894/1237/655 902/1239/657 898/1240/658
f 898/1240/658 902/1239/657 910/1241/659 906/1242/660
f 906/1242/660 910/1241/659 918/1243/661 914/1244/662
f 914/1244/662 918/1243/661 926/1245/663 922/1246/664
f 922/1246/664 926/1245/663 934/1247/665 930/1248/666
f 930/1248/666 934/1247/665 942/1249/667 938/1250/668
f 938/1250/668 942/1249/667 950/1251/669 946/1252/670
f 946/1252/670 950/1251/669 958/1253/671 954/1254/672
f 954/1254/672 958/1253/671 966/1255/673 962/1256/674
f 962/1256/674 966/1255/673 974/1257/675 970/1258/676
f 970/1258/676 974/1257/675 982/1259/677 978/1260/678
f 978/1260/678 982/1259/677 990/1261/679 986/1262/680
f 986/1262/680 990/1261/679 998/1263/681 994/1264/682
f 994/1264/682 998/1263/681 1006/1265/683 1002/1266/684
f 1002/1266/684 1006/1265/683 1014/1267/685 1010/1268/686
f 1010/1268/686 1014/1267/685 1022/1269/687 1018/1270/688
f 1018/1270/688 1022/1269/687 1030/1271/689 1026/1272/690
f 1026/1272/690 1030/1271/689 1038/1273/691 1034/1274/692
f 1034/1274/692 1038/1273/691 1046/1275/693 1042/1276/694
f 1042/1276/694 1046/1275/693 1054/1277/695 1050/1278/696
f 1050/1278/696 1054/1277/695 1062/1279/697 1058/1280/698
f 1058/1280/698 1062/1279/697 1070/1281/699 1066/1282/700
f 1066/1282/700 1070/1281/699 1078/1283/701 1074/1284/702
f 1074/1284/702 1078/1283/701 1086/1160/578 1082/1159/577
f 586/1285/703 590/1286/704 598/1164/582 594/1163/581
f 589/1287/705 581/1288/706 1085/1289/707 1077/1290/708 1069/1291/709 1061/1292/710 1053/1293/710 1045/1294/711 1037/1295/712 1029/1296/713 1021/1297/714 1013/1298/715 1005/1299/716 997/1300/716 989/1301/717 981/1302/718 973/1303/718 965/1304/719 957/1305/720 949/1306/721 941/1307/722 933/1308/723 925/1309/723 917/1310/724 909/1311/725 901/1312/726 893/1313/727 885/1314/728 877/1315/729 869/1316/729 861/1317/730 853/1318/731 845/1319/731 837/1320/732 829/1321/733 821/1322/733 813/1323/734 805/1324/735 797/1325/735 789/1326/736 781/1327/737 773/1328/738 765/1329/739 757/1330/740 749/1331/741 741/1332/741 733/1333/742 725/1334/743 717/1335/743 709/1336/744 701/1337/745 693/1338/745 685/1339/746 677/1340/747 669/1341/748 661/1342/749 653/1343/750 645/1344/751 637/1345/752 629/1346/753 621/1347/754 613/1348/754 605/1349/755 597/1350/756
f 578/1351/580 582/1352/579 590/1286/704 586/1285/703
f 578/1351/580 586/1285/703 588/1353/757 580/1354/758
f 580/1355/758 588/1356/757 587/1357/759 579/1358/760
f 579/1358/760 587/1357/759 585/1359/761 577/1360/762
f 590/1286/704 582/1352/579 584/1361/763 592/1362/764
f 592/1363/764 584/1364/763 583/1365/765 591/1366/766
f 591/1366/766 583/1365/765 581/1288/706 589/1287/705
f 586/1285/703 594/1163/581 596/1367/767 588/1368/757
f 588/1369/757 596/1370/767 595/1371/768 587/1357/759
f 587/1357/759 595/1371/768 593/1372/761 585/1359/761
f 598/1164/582 590/1286/704 592/1373/764 600/1374/769
f 600/1375/769 592/1376/764 591/1366/766 599/1377/770
f 599/1377/770 591/1366/766 589/1287/705 597/1350/756
f 594/1163/581 602/1166/584 604/1378/771 596/1379/767
f 596/1380/767 604/1381/771 603/1382/772 595/1371/768
f 595/1371/768 603/1382/772 601/1383/773 593/1372/761
f 606/1165/583 598/1164/582 600/1384/769 608/1385/774
f 608/1386/774 600/1387/769 599/1377/770 607/1388/775
f 607/1388/775 599/1377/770 597/1350/756 605/1349/755
f 602/1166/584 610/1168/586 612/1389/776 604/1390/771
f 604/1391/771 612/1392/776 611/1393/777 603/1382/772
f 603/1382/772 611/1393/777 609/1394/778 601/1383/773
f 614/1167/585 606/1165/583 608/1395/774 616/1396/779
f 616/1397/779 608/1398/774 607/1388/775 615/1399/780
f 615/1399/780 607/1388/775 605/1349/755 613/1348/754
f 610/1168/586 618/1170/588 620/1400/781 612/1401/776
f 612/1402/776 620/1403/781 619/1404/782 611/1393/777
f 611/1393/777 619/1404/782 617/1405/778 609/1394/778
f 622/1169/587 614/1167/585 616/1406/779 624/1407/783
f 624/1408/783 616/1409/779 615/1399/780 623/1410/784
f 623/1410/784 615/1399/780 613/1348/754 621/1347/754
f 618/1170/588 626/1172/590 628/1411/785 620/1412/781
f 620/1413/781 628/1414/785 627/1415/786 619/1404/782
f 619/1404/782 627/1415/786 625/1416/787 617/1405/778
f 630/1171/589 622/1169/587 624/1417/783 632/1418/788
f 632/1419/788 624/1420/783 623/1410/784 631/1421/789
f 631/1421/789 623/1410/784 621/1347/754 629/1346/753
f 626/1172/590 634/1174/592 636/1422/790 628/1423/785
f 628/1424/785 636/1425/790 635/1426/791 627/1415/786
f 627/1415/786 635/1426/791 633/1427/787 625/1416/787
f 638/1173/591 630/1171/589 632/1428/788 640/1429/792
f 640/1430/792 632/1431/788 631/1421/789 639/1432/793
f 639/1432/793 631/1421/789 629/1346/753 637/1345/752
f 634/1174/592 642/1176/594 644/1433/794 636/1434/790
f 636/1435/790 644/1436/794 643/1437/795 635/1426/791
f 635/1426/791 643/1437/795 641/1438/796 633/1427/787
f 646/1175/593 638/1173/591 640/1439/792 648/1440/797
f 648/1441/797 640/1442/792 639/1432/793 647/1443/798
f 647/1443/798 639/1432/793 637/1345/752 645/1344/751
f 642/1176/594 650/1178/596 652/1444/799 644/1445/794
f 644/1446/794 652/1447/799 651/1448/800 643/1437/795
f 643/1437/795 651/1448/800 649/1449/801 641/1438/796
f 654/1177/595 646/1175/593 648/1450/797 656/1451/802
f 656/1452/802 648/1453/797 647/1443/798 655/1454/803
f 655/1454/803 647/1443/798 645/1344/751 653/1343/750
f 650/1178/596 658/1180/598 660/1455/804 652/1456/799
f 652/1457/799 660/1458/804 659/1459/805 651/1448/800
f 651/1448/800 659/1459/805 657/1460/806 649/1449/801
f 662/1179/597 654/1177/595 656/1461/802 664/1462/807
f 664/1463/807 656/1464/802 655/1454/803 663/1465/808
f 663/1465/808 655/1454/803 653/1343/750 661/1342/749
f 658/1180/598 666/1182/600 668/1466/809 660/1467/804
f 660/1468/804 668/1469/809 667/1470/810 659/1459/805
f 659/1459/805 667/1470/810 665/1471/811 657/1460/806
f 670/1181/599 662/1179/597 664/1472/807 672/1473/812
f 672/1474/812 664/1475/807 663/1465/808 671/1476/813
f 671/1476/813 663/1465/808 661/1342/749 669/1341/748
f 666/1182/600 674/1184/602 676/1477/814 668/1478/809
f 668/1479/809 676/1480/814 675/1481/815 667/1470/810
f 667/1470/810 675/1481/815 673/1482/816 665/1471/811
f 678/1183/601 670/1181/599 672/1483/812 680/1484/817
f 680/1485/817 672/1486/812 671/1476/813 679/1487/818
f 679/1487/818 671/1476/813 669/1341/748 677/1340/747
f 674/1184/602 682/1186/604 684/1488/819 676/1489/814
f 676/1490/814 684/1491/819 683/1492/820 675/1481/815
f 675/1481/815 683/1492/820 681/1493/816 673/1482/816
f 686/1185/603 678/1183/601 680/1494/817 688/1495/821
f 688/1496/821 680/1497/817 679/1487/818 687/1498/822
f 687/1498/822 679/1487/818 677/1340/747 685/1339/746
f 682/1186/604 690/1188/606 692/1499/823 684/1500/819
f 684/1501/819 692/1502/823 691/1503/824 683/1492/820
f 683/1492/820 691/1503/824 689/1504/825 681/1493/816
f 694/1187/605 686/1185/603 688/1505/821 696/1506/826
f 696/1507/826 688/1508/821 687/1498/822 695/1509/827
f 695/1509/827 687/1498/822 685/1339/746 693/1338/745
f 690/1188/606 698/1190/608 700/1510/828 692/1511/823
f 692/1512/823 700/1513/828 699/1514/829 691/1503/824
f 691/1503/824 699/1514/829 697/1515/825 689/1504/825
f 702/1189/607 694/1187/605 696/1516/826 704/1517/830
f 704/1518/830 696/1519/826 695/1509/827 703/1520/831
f 703/1520/831 695/1509/827 693/1338/745 701/1337/745
f 698/1190/608 706/1192/610 708/1521/832 700/1522/828
f 700/1523/828 708/1524/832 707/1525/833 699/1514/829
f 699/1514/829 707/1525/833 705/1526/834 697/1515/825
f 710/1191/609 702/1189/607 704/1527/830 712/1528/835
f 712/1529/835 704/1530/830 703/1520/831 711/1531/836
f 711/1531/836 703/1520/831 701/1337/745 709/1336/744
f 706/1192/610 714/1194/612 716/1532/837 708/1533/832
f 708/1534/832 716/1535/837 715/1536/838 707/1525/833
f 707/1525/833 715/1536/838 713/1537/839 705/1526/834
f 718/1193/611 710/1191/609 712/1538/835 720/1539/840
f 720/1540/840 712/1541/835 711/1531/836 719/1542/841
f 719/1542/841 711/1531/836 709/1336/744 717/1335/743
f 714/1194/612 722/1196/614 724/1543/842 716/1544/837
f 716/1545/837 724/1546/842 723/1547/843 715/1536/838
f 715/1536/838 723/1547/843 721/1548/839 713/1537/839
f 726/1195/613 718/1193/611 720/1549/840 728/1550/844
f 728/1551/844 720/1552/840 719/1542/841 727/1553/845
f 727/1553/845 719/1542/841 717/1335/743 725/1334/743
f 722/1196/614 730/1198/616 732/1554/846 724/1555/842
f 724/1556/842 732/1557/846 731/1558/847 723/1547/843
f 723/1547/843 731/1558/847 729/1559/848 721/1548/839
f 734/1197/615 726/1195/613 728/1560/844 736/1561/849
f 736/1562/849 728/1563/844 727/1553/845 735/1564/850
f 735/1564/850 727/1553/845 725/1334/743 733/1333/742
f 730/1198/616 738/1200/618 740/1565/851 732/1566/846
f 732/1567/846 740/1568/851 739/1569/852 731/1558/847
f 731/1558/847 739/1569/852 737/1570/848 729/1559/848
f 742/1199/617 734/1197/615 736/1571/849 744/1572/853
f 744/1573/853 736/1574/849 735/1564/850 743/1575/854
f 743/1575/854 735/1564/850 733/1333/742 741/1332/741
f 738/1200/618 746/1202/620 748/1576/855 740/1577/851
f 740/1578/851 748/1579/855 747/1580/856 739/1569/852
f 739/1569/852 747/1580/856 745/1581/857 737/1570/848
f 750/1201/619 742/1199/617 744/1582/853 752/1583/858
f 752/1584/858 744/1585/853 743/1575/854 751/1586/859
f 751/1586/859 743/1575/854 741/1332/741 749/1331/741
f 746/1202/620 754/1204/622 756/1587/860 748/1588/855
f 748/1589/855 756/1590/860 755/1591/861 747/1580/856
f 747/1580/856 755/1591/861 753/1592/862 745/1581/857
f 758/1203/621 750/1201/619 752/1593/858 760/1594/863
f 760/1595/863 752/1596/858 751/1586/859 759/1597/864
f 759/1597/864 751/1586/859 749/1331/741 757/1330/740
f 754/1204/622 762/1206/624 764/1598/865 756/1599/860
f 756/1600/860 764/1601/865 763/1602/866 755/1591/861
f 755/1591/861 763/1602/866 761/1603/867 753/1592/862
f 766/1205/623 758/1203/621 760/1604/863 768/1605/868
f 768/1606/868 760/1607/863 759/1597/864 767/1608/869
f 767/1608/869 759/1597/864 757/1330/740 765/1329/739
f 762/1206/624 770/1208/626 772/1609/870 764/1610/865
f 764/1611/865 772/1612/870 771/1613/871 763/1602/866
f 763/1602/866 771/1613/871 769/1614/872 761/1603/867
f 774/1207/625 766/1205/623 768/1615/868 776/1616/873
f 776/1617/873 768/1618/868 767/1608/869 775/1619/874
f 775/1619/874 767/1608/869 765/1329/739 773/1328/738
f 770/1208/626 778/1210/628 780/1620/875 772/1621/870
f 772/1622/870 780/1623/875 779/1624/876 771/1613/871
f 771/1613/871 779/1624/876 777/1625/877 769/1614/872
f 782/1209/627 774/1207/625 776/1626/873 784/1627/878
f 784/1628/878 776/1629/873 775/1619/874 783/1630/879
f 783/1630/879 775/1619/874 773/1328/738 781/1327/737
f 778/1210/628 786/1212/630 788/1631/880 780/1632/875
f 780/1633/875 788/1634/880 787/1635/881 779/1624/876
f 779/1624/876 787/1635/881 785/1636/882 777/1625/877
f 790/1211/629 782/1209/627 784/1637/878 792/1638/883
f 792/1639/883 784/1640/878 783/1630/879 791/1641/884
f 791/1641/884 783/1630/879 781/1327/737 789/1326/736
f 786/1212/630 794/1214/632 796/1642/885 788/1643/880
f 788/1644/880 796/1645/885 795/1646/886 787/1635/881
f 787/1635/881 795/1646/886 793/1647/887 785/1636/882
f 798/1213/631 790/1211/629 792/1648/883 800/1649/888
f 800/1650/888 792/1651/883 791/1641/884 799/1652/889
f 799/1652/889 791/1641/884 789/1326/736 797/1325/735
f 794/1214/632 802/1216/634 804/1653/890 796/1654/885
f 796/1655/885 804/1656/890 803/1657/891 795/1646/886
f 795/1646/886 803/1657/891 801/1658/892 793/1647/887
f 806/1215/633 798/1213/631 800/1659/888 808/1660/893
f 808/1661/893 800/1662/888 799/1652/889 807/1663/894
f 807/1663/894 799/1652/889 797/1325/735 805/1324/735
f 802/1216/634 810/1218/636 812/1664/895 804/1665/890
f 804/1666/890 812/1667/895 811/1668/896 803/1657/891
f 803/1657/891 811/1668/896 809/1669/892 801/1658/892
f 814/1217/635 806/1215/633 808/1670/893 816/1671/897
f 816/1672/897 808/1673/893 807/1663/894 815/1674/898
f 815/1674/898 807/1663/894 805/1324/735 813/1323/734
f 810/1218/636 818/1220/638 820/1675/899 812/1676/895
f 812/1677/895 820/1678/899 819/1679/900 811/1668/896
f 811/1668/896 819/1679/900 817/1680/901 809/1669/892
f 822/1219/637 814/1217/635 816/1681/897 824/1682/902
f 824/1683/902 816/1684/897 815/1674/898 823/1685/903
f 823/1685/903 815/1674/898 813/1323/734 821/1322/733
f 818/1220/638 826/1222/640 828/1686/904 820/1687/899
f 820/1688/899 828/1689/904 827/1690/905 819/1679/900
f 819/1679/900 827/1690/905 825/1691/901 817/1680/901
f 830/1221/639 822/1219/637 824/1692/902 832/1693/906
f 832/1694/906 824/1695/902 823/1685/903 831/1696/907
f 831/1696/907 823/1685/903 821/1322/733 829/1321/733
f 826/1222/640 834/1224/642 836/1697/908 828/1698/904
f 828/1699/904 836/1700/908 835/1701/909 827/1690/905
f 827/1690/905 835/1701/909 833/1702/910 825/1691/901
f 838/1223/641 830/1221/639 832/1703/906 840/1704/911
f 840/1705/911 832/1706/906 831/1696/907 839/1707/912
f 839/1707/912 831/1696/907 829/1321/733 837/1320/732
f 834/1224/642 842/1226/644 844/1708/913 836/1709/908
f 836/1710/908 844/1711/913 843/1712/914 835/1701/909
f 835/1701/909 843/1712/914 841/1713/915 833/1702/910
f 846/1225/643 838/1223/641 840/1714/911 848/1715/916
f 848/1716/916 840/1717/911 839/1707/912 847/1718/917
f 847/1718/917 839/1707/912 837/1320/732 845/1319/731
f 842/1226/644 850/1228/646 852/1719/918 844/1720/913
f 844/1721/913 852/1722/918 851/1723/919 843/1712/914
f 843/1712/914 851/1723/919 849/1724/915 841/1713/915
f 854/1227/645 846/1225/643 848/1725/916 856/1726/920
f 856/1727/920 848/1728/916 847/1718/917 855/1729/921
f 855/1729/921 847/1718/917 845/1319/731 853/1318/731
f 850/1228/646 858/1230/648 860/1730/922 852/1731/918
f 852/1732/918 860/1733/922 859/1734/923 851/1723/919
f 851/1723/919 859/1734/923 857/1735/924 849/1724/915
f 862/1229/647 854/1227/645 856/1736/920 864/1737/925
f 864/1738/925 856/1739/920 855/1729/921 863/1740/926
f 863/1740/926 855/1729/921 853/1318/731 861/1317/730
f 858/1230/648 866/1232/650 868/1741/927 860/1742/922
f 860/1743/922 868/1744/927 867/1745/928 859/1734/923
f 859/1734/923 867/1745/928 865/1746/929 857/1735/924
f 870/1231/649 862/1229/647 864/1747/925 872/1748/930
f 872/1749/930 864/1750/925 863/1740/926 871/1751/931
f 871/1751/931 863/1740/926 861/1317/730 869/1316/729
f 866/1232/650 874/1234/652 876/1752/932 868/1753/927
f 868/1754/927 876/1755/932 875/1756/933 867/1745/928
f 867/1745/928 875/1756/933 873/1757/929 865/1746/929
f 878/1233/651 870/1231/649 872/1758/930 880/1759/934
f 880/1760/934 872/1761/930 871/1751/931 879/1762/935
f 879/1762/935 871/1751/931 869/1316/729 877/1315/729
f 874/1234/652 882/1236/654 884/1763/936 876/1764/932
f 876/1765/932 884/1766/936 883/1767/937 875/1756/933
f 875/1756/933 883/1767/937 881/1768/938 873/1757/929
f 886/1235/653 878/1233/651 880/1769/934 888/1770/939
f 888/1771/939 880/1772/934 879/1762/935 887/1773/940
f 887/1773/940 879/1762/935 877/1315/729 885/1314/728
f 882/1236/654 890/1238/656 892/1774/941 884/1775/936
f 884/1776/936 892/1777/941 891/1778/942 883/1767/937
f 883/1767/937 891/1778/942 889/1779/943 881/1768/938
f 894/1237/655 886/1235/653 888/1780/939 896/1781/944
f 896/1782/944 888/1783/939 887/1773/940 895/1784/945
f 895/1784/945 887/1773/940 885/1314/728 893/1313/727
f 890/1238/656 898/1240/658 900/1785/946 892/1786/941
f 892/1787/941 900/1788/946 899/1789/947 891/1778/942
f 891/1778/942 899/1789/947 897/1790/948 889/1779/943
f 902/1239/657 894/1237/655 896/1791/944 904/1792/949
f 904/1793/949 896/1794/944 895/1784/945 903/1795/950
f 903/1795/950 895/1784/945 893/1313/727 901/1312/726
f 898/1240/658 906/1242/660 908/1796/951 900/1797/946
f 900/1798/946 908/1799/951 907/1800/952 899/1789/947
f 899/1789/947 907/1800/952 905/1801/953 897/1790/948
f 910/1241/659 902/1239/657 904/1802/949 912/1803/954
f 912/1804/954 904/1805/949 903/1795/950 911/1806/955
f 911/1806/955 903/1795/950 901/1312/726 909/1311/725
f 906/1242/660 914/1244/662 916/1807/956 908/1808/951
f 908/1809/951 916/1810/956 915/1811/957 907/1800/952
f 907/1800/952 915/1811/957 913/1812/958 905/1801/953
f 918/1243/661 910/1241/659 912/1813/954 920/1814/959
f 920/1815/959 912/1816/954 911/1806/955 919/1817/960
f 919/1817/960 911/1806/955 909/1311/725 917/1310/724
f 914/1244/662 922/1246/664 924/1818/961 916/1819/956
f 916/1820/956 924/1821/961 923/1822/962 915/1811/957
f 915/1811/957 923/1822/962 921/1823/963 913/1812/958
f 926/1245/663 918/1243/661 920/1824/959 928/1825/964
f 928/1826/964 920/1827/959 919/1817/960 927/1828/965
f 927/1828/965 919/1817/960 917/1310/724 925/1309/723
f 922/1246/664 930/1248/666 932/1829/966 924/1830/961
f 924/1831/961 932/1832/966 931/1833/967 923/1822/962
f 923/1822/962 931/1833/967 929/1834/968 921/1823/963
f 934/1247/665 926/1245/663 928/1835/964 936/1836/969
f 936/1837/969 928/1838/964 927/1828/965 935/1839/970
f 935/1839/970 927/1828/965 925/1309/723 933/1308/723
f 930/1248/666 938/1250/668 940/1840/971 932/1841/966
f 932/1842/966 940/1843/971 939/1844/972 931/1833/967
f 931/1833/967 939/1844/972 937/1845/968 929/1834/968
f 942/1249/667 934/1247/665 936/1846/969 944/1847/973
f 944/1848/973 936/1849/969 935/1839/970 943/1850/974
f 943/1850/974 935/1839/970 933/1308/723 941/1307/722
f 938/1250/668 946/1252/670 948/1851/975 940/1852/971
f 940/1853/971 948/1854/975 947/1855/976 939/1844/972
f 939/1844/972 947/1855/976 945/1856/977 937/1845/968
f 950/1251/669 942/1249/667 944/1857/973 952/1858/978
f 952/1859/978 944/1860/973 943/1850/974 951/1861/979
f 951/1861/979 943/1850/974 941/1307/722 949/1306/721
f 946/1252/670 954/1254/672 956/1862/980 948/1863/975
f 948/1864/975 956/1865/980 955/1866/981 947/1855/976
f 947/1855/976 955/1866/981 953/1867/977 945/1856/977
f 958/1253/671 950/1251/669 952/1868/978 960/1869/982
f 960/1870/982 952/1871/978 951/1861/979 959/1872/983
f 959/1872/983 951/1861/979 949/1306/721 957/1305/720
f 954/1254/672 962/1256/674 964/1873/984 956/1874/980
f 956/1875/980 964/1876/984 963/1877/985 955/1866/981
f 955/1866/981 963/1877/985 961/1878/986 953/1867/977
f 966/1255/673 958/1253/671 960/1879/982 968/1880/987
f 968/1881/987 960/1882/982 959/1872/983 967/1883/988
f 967/1883/988 959/1872/983 957/1305/720 965/1304/719
f 962/1256/674 970/1258/676 972/1884/989 964/1885/984
f 964/1886/984 972/1887/989 971/1888/990 963/1877/985
f 963/1877/985 971/1888/990 969/1889/991 961/1878/986
f 974/1257/675 966/1255/673 968/1890/987 976/1891/992
f 976/1892/992 968/1893/987 967/1883/988 975/1894/993
f 975/1894/993 967/1883/988 965/1304/719 973/1303/718
f 970/1258/676 978/1260/678 980/1895/994 972/1896/989
f 972/1897/989 980/1898/994 979/1899/995 971/1888/990
f 971/1888/990 979/1899/995 977/1900/991 969/1889/991
f 982/1259/677 974/1257/675 976/1901/992 984/1902/996
f 984/1903/996 976/1904/992 975/1894/993 983/1905/997
f 983/1905/997 975/1894/993 973/1303/718 981/1302/718
f 978/1260/678 986/1262/680 988/1906/998 980/1907/994
f 980/1908/994 988/1909/998 987/1910/999 979/1899/995
f 979/1899/995 987/1910/999 985/1911/1000 977/1900/991
f 990/1261/679 982/1259/677 984/1912/996 992/1913/1001
f 992/1914/1001 984/1915/996 983/1905/997 991/1916/1002
f 991/1916/1002 983/1905/997 981/1302/718 989/1301/717
f 986/1262/680 994/1264/682 996/1917/1003 988/1918/998
f 988/1919/998 996/1920/1003 995/1921/1004 987/1910/999
f 987/1910/999 995/1921/1004 993/1922/1000 985/1911/1000
f 998/1263/681 990/1261/679 992/1923/1001 1000/1924/1005
f 1000/1925/1005 992/1926/1001 991/1916/1002 999/1927/1006
f 999/1927/1006 991/1916/1002 989/1301/717 997/1300/716
f 994/1264/682 1002/1266/684 1004/1928/1007 996/1929/1003
f 996/1930/1003 1004/1931/1007 1003/1932/1008 995/1921/1004
f 995/1921/1004 1003/1932/1008 1001/1933/1009 993/1922/1000
f 1006/1265/683 998/1263/681 1000/1934/1005 1008/1935/1010
f 1008/1936/1010 1000/1937/1005 999/1927/1006 1007/1938/1011
f 1007/1938/1011 999/1927/1006 997/1300/716 1005/1299/716
f 1002/1266/684 1010/1268/686 1012/1939/1012 1004/1940/1007
f 1004/1941/1007 1012/1942/1012 1011/1943/1013 1003/1932/1008
f 1003/1932/1008 1011/1943/1013 1009/1944/1014 1001/1933/1009
f 1014/1267/685 1006/1265/683 1008/1945/1010 1016/1946/1015
f 1016/1947/1015 1008/1948/1010 1007/1938/1011 1015/1949/1016
f 1015/1949/1016 1007/1938/1011 1005/1299/716 1013/1298/715
f 1010/1268/686 1018/1270/688 1020/1950/1017 1012/1951/1012
f 1012/1952/1012 1020/1953/1017 1019/1954/1018 1011/1943/1013
f 1011/1943/1013 1019/1954/1018 1017/1955/1014 1009/1944/1014
f 1022/1269/687 1014/1267/685 1016/1956/1015 1024/1957/1019
f 1024/1958/1019 1016/1959/1015 1015/1949/1016 1023/1960/1020
f 1023/1960/1020 1015/1949/1016 1013/1298/715 1021/1297/714
f 1018/1270/688 1026/1272/690 1028/1961/1021 1020/1962/1017
f 1020/1963/1017 1028/1964/1021 1027/1965/1022 1019/1954/1018
f 1019/1954/1018 1027/1965/1022 1025/1966/1023 1017/1955/1014
f 1030/1271/689 1022/1269/687 1024/1967/1019 1032/1968/1024
f 1032/1969/1024 1024/1970/1019 1023/1960/1020 1031/1971/1025
f 1031/1971/1025 1023/1960/1020 1021/1297/714 1029/1296/713
f 1026/1272/690 1034/1274/692 1036/1972/1026 1028/1973/1021
f 1028/1974/1021 1036/1975/1026 1035/1976/1027 1027/1965/1022
f 1027/1965/1022 1035/1976/1027 1033/1977/1028 1025/1966/1023
f 1038/1273/691 1030/1271/689 1032/1978/1024 1040/1979/1029
f 1040/1980/1029 1032/1981/1024 1031/1971/1025 1039/1982/1030
f 1039/1982/1030 1031/1971/1025 1029/1296/713 1037/1295/712
f 1034/1274/692 1042/1276/694 1044/1983/1031 1036/1984/1026
f 1036/1985/1026 1044/1986/1031 1043/1987/1032 1035/1976/1027
f 1035/1976/1027 1043/1987/1032 1041/1988/1033 1033/1977/1028
f 1046/1275/693 1038/1273/691 1040/1989/1029 1048/1990/1034
f 1048/1991/1034 1040/1992/1029 1039/1982/1030 1047/1993/1035
f 1047/1993/1035 1039/1982/1030 1037/1295/712 1045/1294/711
f 1042/1276/694 1050/1278/696 1052/1994/1036 1044/1995/1031
f 1044/1996/1031 1052/1997/1036 1051/1998/1037 1043/1987/1032
f 1043/1987/1032 1051/1998/1037 1049/1999/1038 1041/1988/1033
f 1054/1277/695 1046/1275/693 1048/2000/1034 1056/2001/1039
f 1056/2002/1039 1048/2003/1034 1047/1993/1035 1055/2004/1040
f 1055/2004/1040 1047/1993/1035 1045/1294/711 1053/1293/710
f 1050/1278/696 1058/1280/698 1060/2005/1041 1052/2006/1036
f 1052/2007/1036 1060/2008/1041 1059/2009/1042 1051/1998/1037
f 1051/1998/1037 1059/2009/1042 1057/2010/1043 1049/1999/1038
f 1062/1279/697 1054/1277/695 1056/2011/1039 1064/2012/1044
f 1064/2013/1044 1056/2014/1039 1055/2004/1040 1063/2015/1045
f 1063/2015/1045 1055/2004/1040 1053/1293/710 1061/1292/710
f 1058/1280/698 1066/1282/700 1068/2016/1046 1060/2017/1041
f 1060/2018/1041 1068/2019/1046 1067/2020/1047 1059/2009/1042
f 1059/2009/1042 1067/2020/1047 1065/2021/1043 1057/2010/1043
f 1070/1281/699 1062/1279/697 1064/2022/1044 1072/2023/1048
f 1072/2024/1048 1064/2025/1044 1063/2015/1045 1071/2026/1049
f 1071/2026/1049 1063/2015/1045 1061/1292/710 1069/1291/709
f 1066/1282/700 1074/1284/702 1076/2027/1050 1068/2028/1046
f 1068/2029/1046 1076/2030/1050 1075/2031/1051 1067/2020/1047
f 1067/2020/1047 1075/2031/1051 1073/2032/1052 1065/2021/1043
f 1078/1283/701 1070/1281/699 1072/2033/1048 1080/2034/1053
f 1080/2035/1053 1072/2036/1048 1071/2026/1049 1079/2037/1054
f 1079/2037/1054 1071/2026/1049 1069/1291/709 1077/1290/708
f 1074/1284/702 1082/1159/577 1084/2038/1055 1076/2039/1050
f 1076/2040/1050 1084/2041/1055 1083/2042/1056 1075/2031/1051
f 1075/2031/1051 1083/2042/1056 1081/2043/1052 1073/2032/1052
f 1086/1160/578 1078/1283/701 1080/2044/1053 1088/2045/1057
f 1088/2046/1057 1080/2047/1053 1079/2037/1054 1087/2048/1058
f 1087/2048/1058 1079/2037/1054 1077/1290/708 1085/1289/707
f 1082/1159/577 578/1162/580 580/2049/758 1084/2050/1055
f 1084/2051/1055 580/2052/758 579/1358/760 1083/2042/1056
f 1083/2042/1056 579/1358/760 577/1360/762 1081/2043/1052
f 582/1161/579 1086/1160/578 1088/2053/1057 584/2054/763
f 584/2055/763 1088/2056/1057 1087/2048/1058 583/1365/765
f 583/1365/765 1087/2048/1058 1085/1289/707 581/1288/706
f 577/1360/762 585/1359/761 593/1372/761 601/1383/773 609/1394/778 617/1405/778 625/1416/787 633/1427/787 641/1438/796 649/1449/801 657/1460/806 665/1471/811 673/1482/816 681/1493/816 689/1504/825 697/1515/825 705/1526/834 713/1537/839 721/1548/839 729/1559/848 737/1570/848 745/1581/857 753/1592/862 761/1603/867 769/1614/872 777/1625/877 785/1636/882 793/1647/887 801/1658/892 809/1669/892 817/1680/901 825/1691/901 833/1702/910 841/1713/915 849/1724/915 857/1735/924 865/1746/929 873/1757/929 881/1768/938 889/1779/943 897/1790/948 905/1801/953 913/1812/958 921/1823/963 929/1834/968 937/1845/968 945/1856/977 953/1867/977 961/1878/986 969/1889/991 977/1900/991 985/1911/1000 993/1922/1000 1001/1933/1009 1009/1944/1014 1017/1955/1014 1025/1966/1023 1033/1977/1028 1041/1988/1033 1049/1999/1038 1057/2010/1043 1065/2021/1043 1073/2032/1052 1081/2043/1052
o Motor_top_plate.003
v -0.000083 0.038135 -0.025420
v -0.000083 0.038635 -0.025921
v -0.000083 0.038281 -0.025774
v -0.000083 0.042135 -0.025420
v -0.000083 0.041635 -0.025921
v -0.000083 0.041989 -0.025774
v 0.003245 0.038135 -0.025202
v 0.003311 0.038635 -0.025699
v 0.003291 0.038281 -0.025553
v 0.003245 0.042135 -0.025202
v 0.003311 0.041635 -0.025699
v 0.003291 0.041989 -0.025553
v 0.006517 0.038135 -0.024551
v 0.006646 0.038635 -0.025035
v 0.006608 0.038281 -0.024893
v 0.006517 0.042135 -0.024551
v 0.006646 0.041635 -0.025035
v 0.006608 0.041989 -0.024893
v 0.009675 0.038135 -0.023479
v 0.009867 0.038635 -0.023942
v 0.009810 0.038281 -0.023806
v 0.009675 0.042135 -0.023479
v 0.009867 0.041635 -0.023942
v 0.009810 0.041989 -0.023806
v 0.012666 0.038135 -0.022004
v 0.012917 0.038635 -0.022438
v 0.012843 0.038281 -0.022310
v 0.012666 0.042135 -0.022004
v 0.012917 0.041635 -0.022438
v 0.012843 0.041989 -0.022310
v 0.015440 0.038135 -0.020151
v 0.015745 0.038635 -0.020548
v 0.015655 0.038281 -0.020431
v 0.015440 0.042135 -0.020151
v 0.015745 0.041635 -0.020548
v 0.015655 0.041989 -0.020431
v 0.017947 0.038135 -0.017951
v 0.018302 0.038635 -0.018306
v 0.018198 0.038281 -0.018202
v 0.017947 0.042135 -0.017951
v 0.018302 0.041635 -0.018306
v 0.018198 0.041989 -0.018202
v 0.020147 0.038135 -0.015444
v 0.020544 0.038635 -0.015749
v 0.020427 0.038281 -0.015659
v 0.020147 0.042135 -0.015444
v 0.020544 0.041635 -0.015749
v 0.020427 0.041989 -0.015659
v 0.022000 0.038135 -0.012670
v 0.022434 0.038635 -0.012921
v 0.022306 0.038281 -0.012847
v 0.022000 0.042135 -0.012670
v 0.022434 0.041635 -0.012921
v 0.022306 0.041989 -0.012847
v 0.023475 0.038135 -0.009679
v 0.023938 0.038635 -0.009871
v 0.023802 0.038281 -0.009814
v 0.023475 0.042135 -0.009679
v 0.023938 0.041635 -0.009871
v 0.023802 0.041989 -0.009814
v 0.024547 0.038135 -0.006521
v 0.025031 0.038635 -0.006650
v 0.024889 0.038281 -0.006612
v 0.024547 0.042135 -0.006521
v 0.025031 0.041635 -0.006650
v 0.024889 0.041989 -0.006612
v 0.025198 0.038135 -0.003249
v 0.025695 0.038635 -0.003315
v 0.025549 0.038281 -0.003295
v 0.025198 0.042135 -0.003249
v 0.025695 0.041635 -0.003315
v 0.025549 0.041989 -0.003295
v 0.025416 0.038135 0.000079
v 0.025917 0.038635 0.000079
v 0.025770 0.038281 0.000079
v 0.025416 0.042135 0.000079
v 0.025917 0.041635 0.000079
v 0.025770 0.041989 0.000079
v 0.025198 0.038135 0.003407
v 0.025695 0.038635 0.003473
v 0.025549 0.038281 0.003453
v 0.025198 0.042135 0.003407
v 0.025695 0.041635 0.003473
v 0.025549 0.041989 0.003453
v 0.024547 0.038135 0.006679
v 0.025031 0.038635 0.006808
v 0.024889 0.038281 0.006770
v 0.024547 0.042135 0.006679
v 0.025031 0.041635 0.006808
v 0.024889 0.041989 0.006770
v 0.023475 0.038135 0.009837
v 0.023938 0.038635 0.010029
v 0.023802 0.038281 0.009972
v 0.023475 0.042135 0.009837
v 0.023938 0.041635 0.010029
v 0.023802 0.041989 0.009972
v 0.022000 0.038135 0.012828
v 0.022434 0.038635 0.013079
v 0.022306 0.038281 0.013005
v 0.022000 0.042135 0.012828
v 0.022434 0.041635 0.013079
v 0.022306 0.041989 0.013005
v 0.020147 0.038135 0.015602
v 0.020544 0.038635 0.015907
v 0.020427 0.038281 0.015817
v 0.020147 0.042135 0.015602
v 0.020544 0.041635 0.015907
v 0.020427 0.041989 0.015817
v 0.017947 0.038135 0.018109
v 0.018302 0.038635 0.018464
v 0.018198 0.038281 0.018360
v 0.017947 0.042135 0.018109
v 0.018302 0.041635 0.018464
v 0.018198 0.041989 0.018360
v 0.015440 0.038135 0.020309
v 0.015745 0.038635 0.020706
v 0.015655 0.038281 0.020589
v 0.015440 0.042135 0.020309
v 0.015745 0.041635 0.020706
v 0.015655 0.041989 0.020589
v 0.012666 0.038135 0.022162
v 0.012917 0.038635 0.022596
v 0.012843 0.038281 0.022468
v 0.012666 0.042135 0.022162
v 0.012917 0.041635 0.022596
v 0.012843 0.041989 0.022468
v 0.009675 0.038135 0.023637
v 0.009867 0.038635 0.024100
v 0.009810 0.038281 0.023964
v 0.009675 0.042135 0.023637
v 0.009867 0.041635 0.024100
v 0.009810 0.041989 0.023964
v 0.006517 0.038135 0.024709
v 0.006646 0.038635 0.025193
v 0.006608 0.038281 0.025051
v 0.006517 0.042135 0.024709
v 0.006646 0.041635 0.025193
v 0.006608 0.041989 0.025051
v 0.003245 0.038135 0.025360
v 0.003311 0.038635 0.025857
v 0.003291 0.038281 0.025711
v 0.003245 0.042135 0.025360
v 0.003311 0.041635 0.025857
v 0.003291 0.041989 0.025711
v -0.000083 0.038135 0.025578
v -0.000083 0.038635 0.026079
v -0.000083 0.038281 0.025932
v -0.000083 0.042135 0.025578
v -0.000083 0.041635 0.026079
v -0.000083 0.041989 0.025932
v -0.003411 0.038135 0.025360
v -0.003477 0.038635 0.025857
v -0.003457 0.038281 0.025711
v -0.003411 0.042135 0.025360
v -0.003477 0.041635 0.025857
v -0.003457 0.041989 0.025711
v -0.006683 0.038135 0.024709
v -0.006812 0.038635 0.025193
v -0.006774 0.038281 0.025051
v -0.006683 0.042135 0.024709
v -0.006812 0.041635 0.025193
v -0.006774 0.041989 0.025051
v -0.009841 0.038135 0.023637
v -0.010033 0.038635 0.024100
v -0.009976 0.038281 0.023964
v -0.009841 0.042135 0.023637
v -0.010033 0.041635 0.024100
v -0.009976 0.041989 0.023964
v -0.012832 0.038135 0.022162
v -0.013083 0.038635 0.022596
v -0.013009 0.038281 0.022468
v -0.012832 0.042135 0.022162
v -0.013083 0.041635 0.022596
v -0.013009 0.041989 0.022468
v -0.015606 0.038135 0.020309
v -0.015911 0.038635 0.020706
v -0.015821 0.038281 0.020589
v -0.015606 0.042135 0.020309
v -0.015911 0.041635 0.020706
v -0.015821 0.041989 0.020589
v -0.018113 0.038135 0.018109
v -0.018468 0.038635 0.018464
v -0.018364 0.038281 0.018360
v -0.018113 0.042135 0.018109
v -0.018468 0.041635 0.018464
v -0.018364 0.041989 0.018360
v -0.020313 0.038135 0.015602
v -0.020710 0.038635 0.015907
v -0.020593 0.038281 0.015817
v -0.020313 0.042135 0.015602
v -0.020710 0.041635 0.015907
v -0.020593 0.041989 0.015817
v -0.022166 0.038135 0.012828
v -0.022600 0.038635 0.013079
v -0.022472 0.038281 0.013005
v -0.022166 0.042135 0.012828
v -0.022600 0.041635 0.013079
v -0.022472 0.041989 0.013005
v -0.023641 0.038135 0.009837
v -0.024104 0.038635 0.010029
v -0.023968 0.038281 0.009972
v -0.023641 0.042135 0.009837
v -0.024104 0.041635 0.010029
v -0.023968 0.041989 0.009972
v -0.024713 0.038135 0.006679
v -0.025197 0.038635 0.006808
v -0.025055 0.038281 0.006770
v -0.024713 0.042135 0.006679
v -0.025197 0.041635 0.006808
v -0.025055 0.041989 0.006770
v -0.025364 0.038135 0.003407
v -0.025861 0.038635 0.003473
v -0.025715 0.038281 0.003453
v -0.025364 0.042135 0.003407
v -0.025861 0.041635 0.003473
v -0.025715 0.041989 0.003453
v -0.025582 0.038135 0.000079
v -0.026083 0.038635 0.000079
v -0.025936 0.038281 0.000079
v -0.025582 0.042135 0.000079
v -0.026083 0.041635 0.000079
v -0.025936 0.041989 0.000079
v -0.025364 0.038135 -0.003249
v -0.025861 0.038635 -0.003315
v -0.025715 0.038281 -0.003295
v -0.025364 0.042135 -0.003249
v -0.025861 0.041635 -0.003315
v -0.025715 0.041989 -0.003295
v -0.024713 0.038135 -0.006521
v -0.025197 0.038635 -0.006650
v -0.025055 0.038281 -0.006612
v -0.024713 0.042135 -0.006521
v -0.025197 0.041635 -0.006650
v -0.025055 0.041989 -0.006612
v -0.023641 0.038135 -0.009679
v -0.024104 0.038635 -0.009871
v -0.023968 0.038281 -0.009814
v -0.023641 0.042135 -0.009679
v -0.024104 0.041635 -0.009871
v -0.023968 0.041989 -0.009814
v -0.022166 0.038135 -0.012670
v -0.022600 0.038635 -0.012921
v -0.022472 0.038281 -0.012847
v -0.022166 0.042135 -0.012670
v -0.022600 0.041635 -0.012921
v -0.022472 0.041989 -0.012847
v -0.020313 0.038135 -0.015444
v -0.020710 0.038635 -0.015749
v -0.020593 0.038281 -0.015659
v -0.020313 0.042135 -0.015444
v -0.020710 0.041635 -0.015749
v -0.020593 0.041989 -0.015659
v -0.018113 0.038135 -0.017951
v -0.018468 0.038635 -0.018306
v -0.018364 0.038281 -0.018202
v -0.018113 0.042135 -0.017951
v -0.018468 0.041635 -0.018306
v -0.018364 0.041989 -0.018202
v -0.015606 0.038135 -0.020151
v -0.015911 0.038635 -0.020548
v -0.015821 0.038281 -0.020431
v -0.015606 0.042135 -0.020151
v -0.015911 0.041635 -0.020548
v -0.015821 0.041989 -0.020431
v -0.012832 0.038135 -0.022004
v -0.013083 0.038635 -0.022438
v -0.013009 0.038281 -0.022310
v -0.012832 0.042135 -0.022004
v -0.013083 0.041635 -0.022438
v -0.013009 0.041989 -0.022310
v -0.009841 0.038135 -0.023479
v -0.010033 0.038635 -0.023942
v -0.009976 0.038281 -0.023806
v -0.009841 0.042135 -0.023479
v -0.010033 0.041635 -0.023942
v -0.009976 0.041989 -0.023806
v -0.006683 0.038135 -0.024551
v -0.006812 0.038635 -0.025035
v -0.006774 0.038281 -0.024893
v -0.006683 0.042135 -0.024551
v -0.006812 0.041635 -0.025035
v -0.006774 0.041989 -0.024893
v -0.003411 0.038135 -0.025202
v -0.003477 0.038635 -0.025699
v -0.003457 0.038281 -0.025553
v -0.003411 0.042135 -0.025202
v -0.003477 0.041635 -0.025699
v -0.003457 0.041989 -0.025553
vn -0.1305 -0.0438 -0.9905
vn -0.1304 0.0438 -0.9905
vn -0.0000 0.0438 -0.9990
vn -0.0000 -0.0439 -0.9990
vn 0.2586 -0.0438 -0.9650
vn 0.2586 0.0438 -0.9650
vn 0.3823 0.0439 -0.9230
vn 0.3823 -0.0438 -0.9230
vn 0.4996 0.0439 -0.8652
vn 0.4995 -0.0438 -0.8652
vn 0.6082 0.0438 -0.7926
vn 0.6082 -0.0438 -0.7926
vn 0.7064 0.0439 -0.7064
vn 0.7064 -0.0439 -0.7064
vn 0.7926 0.0438 -0.6082
vn 0.7926 -0.0439 -0.6082
vn 0.8652 0.0438 -0.4995
vn 0.8652 -0.0439 -0.4995
vn 0.9230 0.0438 -0.3823
vn 0.9230 -0.0438 -0.3823
vn 0.9650 0.0438 -0.2586
vn 0.9650 -0.0439 -0.2586
vn 0.9905 0.0438 -0.1305
vn 0.9905 -0.0438 -0.1304
vn 0.9990 0.0439 -0.0000
vn 0.9990 -0.0438 -0.0000
vn 0.9905 0.0438 0.1305
vn 0.9905 -0.0439 0.1304
vn 0.9650 0.0438 0.2586
vn 0.9650 -0.0438 0.2586
vn 0.9230 0.0439 0.3823
vn 0.9230 -0.0438 0.3823
vn 0.8652 0.0438 0.4995
vn 0.8652 -0.0438 0.4995
vn 0.7926 0.0438 0.6082
vn 0.7926 -0.0438 0.6082
vn 0.7064 0.0439 0.7064
vn 0.7064 -0.0439 0.7064
vn 0.6082 0.0438 0.7926
vn 0.6082 -0.0438 0.7926
vn 0.4995 0.0439 0.8652
vn 0.4995 -0.0438 0.8652
vn 0.3823 0.0438 0.9230
vn 0.3823 -0.0438 0.9230
vn 0.2586 0.0438 0.9650
vn 0.2586 -0.0438 0.9650
vn 0.1305 0.0438 0.9905
vn 0.1304 -0.0439 0.9905
vn -0.0000 0.0438 0.9990
vn -0.0000 -0.0439 0.9990
vn -0.1305 0.0438 0.9905
vn -0.1304 -0.0439 0.9905
vn -0.2586 0.0438 0.9650
vn -0.2586 -0.0438 0.9650
vn -0.3823 0.0438 0.9230
vn -0.3823 -0.0439 0.9230
vn -0.4996 0.0438 0.8652
vn -0.4995 -0.0438 0.8652
vn -0.6082 0.0438 0.7926
vn -0.6082 -0.0438 0.7926
vn -0.7064 0.0439 0.7064
vn -0.7064 -0.0438 0.7064
vn -0.7926 0.0438 0.6082
vn -0.7926 -0.0438 0.6082
vn -0.8652 0.0438 0.4996
vn -0.8652 -0.0438 0.4995
vn -0.9230 0.0438 0.3823
vn -0.9230 -0.0439 0.3823
vn -0.9650 0.0439 0.2586
vn -0.9650 -0.0438 0.2586
vn -0.9905 0.0438 0.1305
vn -0.9905 -0.0438 0.1304
vn -0.9990 0.0438 -0.0000
vn -0.9990 -0.0438 -0.0000
vn -0.9905 0.0438 -0.1305
vn -0.9905 -0.0438 -0.1304
vn -0.9650 0.0438 -0.2586
vn -0.9650 -0.0438 -0.2586
vn -0.9230 0.0438 -0.3823
vn -0.9230 -0.0438 -0.3823
vn -0.8652 0.0438 -0.4996
vn -0.8652 -0.0438 -0.4995
vn -0.7926 0.0438 -0.6082
vn -0.7926 -0.0438 -0.6082
vn -0.7064 0.0439 -0.7064
vn -0.7064 -0.0438 -0.7064
vn -0.6082 0.0439 -0.7926
vn -0.6082 -0.0438 -0.7926
vn -0.4995 0.0439 -0.8652
vn -0.4995 -0.0438 -0.8652
vn -0.3823 0.0438 -0.9230
vn -0.3823 -0.0438 -0.9230
vn -0.2586 0.0438 -0.9650
vn -0.2586 -0.0439 -0.9650
vn 0.1305 -0.0438 -0.9905
vn 0.1304 0.0438 -0.9905
vn 0.0001 1.0000 -0.0006
vn -0.0000 1.0000 -0.0006
vn -0.0001 1.0000 -0.0006
vn -0.0001 1.0000 -0.0005
vn -0.0002 1.0000 -0.0005
vn -0.0003 1.0000 -0.0005
vn -0.0004 1.0000 -0.0004
vn -0.0004 1.0000 -0.0003
vn -0.0005 1.0000 -0.0003
vn -0.0005 1.0000 -0.0002
vn -0.0006 1.0000 -0.0002
vn -0.0005 1.0000 -0.0001
vn -0.0005 1.0000 -0.0000
vn -0.0005 1.0000 0.0001
vn -0.0005 1.0000 0.0002
vn -0.0005 1.0000 0.0003
vn -0.0004 1.0000 0.0003
vn -0.0005 1.0000 0.0004
vn -0.0003 1.0000 0.0004
vn -0.0003 1.0000 0.0005
vn -0.0002 1.0000 0.0005
vn -0.0002 1.0000 0.0006
vn -0.0001 1.0000 0.0006
vn -0.0000 1.0000 0.0006
vn 0.0001 1.0000 0.0006
vn 0.0001 1.0000 0.0005
vn 0.0002 1.0000 0.0006
vn 0.0003 1.0000 0.0005
vn 0.0003 1.0000 0.0004
vn 0.0004 1.0000 0.0004
vn 0.0004 1.0000 0.0003
vn 0.0005 1.0000 0.0003
vn 0.0005 1.0000 0.0002
vn 0.0005 1.0000 0.0001
vn 0.0005 1.0000 -0.0000
vn 0.0005 1.0000 -0.0001
vn 0.0005 1.0000 -0.0002
vn 0.0005 1.0000 -0.0003
vn 0.0004 1.0000 -0.0003
vn 0.0004 1.0000 -0.0004
vn 0.0003 1.0000 -0.0004
vn 0.0003 1.0000 -0.0005
vn 0.0002 1.0000 -0.0005
vn 0.0002 1.0000 -0.0006
vn 0.0924 -0.7064 -0.7017
vn -0.0000 -0.7065 -0.7078
vn 0.0001 -1.0000 -0.0006
vn -0.0000 -1.0000 -0.0006
vn -0.0000 0.7065 -0.7078
vn 0.0924 0.7064 -0.7017
vn 0.1832 -0.7065 -0.6836
vn 0.0002 -1.0000 -0.0006
vn 0.1832 0.7065 -0.6836
vn 0.2708 -0.7065 -0.6539
vn 0.0002 -1.0000 -0.0005
vn 0.2708 0.7065 -0.6539
vn 0.3539 -0.7064 -0.6129
vn 0.0003 -1.0000 -0.0005
vn 0.3539 0.7064 -0.6129
vn 0.4309 -0.7064 -0.5615
vn 0.4309 0.7064 -0.5615
vn 0.5005 -0.7064 -0.5005
vn 0.0004 -1.0000 -0.0004
vn 0.5005 0.7064 -0.5005
vn 0.5615 -0.7064 -0.4309
vn 0.0004 -1.0000 -0.0003
vn 0.5615 0.7064 -0.4309
vn 0.6129 -0.7064 -0.3539
vn 0.0005 -1.0000 -0.0003
vn 0.6129 0.7064 -0.3539
vn 0.6539 -0.7065 -0.2708
vn 0.0006 -1.0000 -0.0002
vn 0.6539 0.7065 -0.2708
vn 0.6836 -0.7065 -0.1832
vn 0.0005 -1.0000 -0.0001
vn 0.6836 0.7065 -0.1832
vn 0.7017 -0.7065 -0.0924
vn 0.7017 0.7065 -0.0924
vn 0.7078 -0.7064 -0.0000
vn 0.0005 -1.0000 -0.0000
vn 0.7078 0.7064 -0.0000
vn 0.7017 -0.7065 0.0924
vn 0.0005 -1.0000 0.0001
vn 0.7017 0.7065 0.0924
vn 0.6836 -0.7065 0.1832
vn 0.0005 -1.0000 0.0002
vn 0.6836 0.7065 0.1832
vn 0.6539 -0.7065 0.2708
vn 0.6539 0.7064 0.2709
vn 0.6129 -0.7064 0.3539
vn 0.0005 -1.0000 0.0003
vn 0.6129 0.7064 0.3539
vn 0.5615 -0.7064 0.4309
vn 0.0004 -1.0000 0.0003
vn 0.5615 0.7064 0.4309
vn 0.5005 -0.7064 0.5005
vn 0.0004 -1.0000 0.0004
vn 0.5005 0.7064 0.5005
vn 0.4309 -0.7064 0.5615
vn 0.0003 -1.0000 0.0005
vn 0.4309 0.7064 0.5615
vn 0.3539 -0.7064 0.6129
vn 0.3539 0.7064 0.6129
vn 0.2708 -0.7065 0.6539
vn 0.0002 -1.0000 0.0005
vn 0.2708 0.7065 0.6539
vn 0.1832 -0.7065 0.6836
vn 0.0001 -1.0000 0.0005
vn 0.1832 0.7065 0.6836
vn 0.0924 -0.7064 0.7017
vn 0.0001 -1.0000 0.0006
vn 0.0924 0.7064 0.7017
vn -0.0000 -0.7065 0.7077
vn -0.0000 -1.0000 0.0006
vn -0.0000 0.7065 0.7078
vn -0.0924 -0.7064 0.7017
vn -0.0001 -1.0000 0.0006
vn -0.0924 0.7064 0.7017
vn -0.1832 -0.7065 0.6836
vn -0.0002 -1.0000 0.0005
vn -0.1832 0.7065 0.6836
vn -0.2708 -0.7065 0.6539
vn -0.2708 0.7065 0.6539
vn -0.3539 -0.7064 0.6129
vn -0.0003 -1.0000 0.0005
vn -0.3539 0.7064 0.6129
vn -0.4309 -0.7064 0.5615
vn -0.0003 -1.0000 0.0004
vn -0.4309 0.7064 0.5615
vn -0.5005 -0.7064 0.5005
vn -0.0004 -1.0000 0.0004
vn -0.5005 0.7064 0.5005
vn -0.5615 -0.7064 0.4309
vn -0.0004 -1.0000 0.0003
vn -0.5615 0.7064 0.4309
vn -0.6129 -0.7065 0.3539
vn -0.0005 -1.0000 0.0003
vn -0.6129 0.7064 0.3539
vn -0.6539 -0.7065 0.2708
vn -0.0005 -1.0000 0.0002
vn -0.6539 0.7065 0.2708
vn -0.6836 -0.7065 0.1832
vn -0.0005 -1.0000 0.0001
vn -0.6836 0.7065 0.1832
vn -0.7017 -0.7065 0.0924
vn -0.7017 0.7065 0.0924
vn -0.7078 -0.7064 -0.0000
vn -0.0005 -1.0000 -0.0000
vn -0.7078 0.7064 -0.0000
vn -0.7017 -0.7065 -0.0924
vn -0.0005 -1.0000 -0.0001
vn -0.7017 0.7065 -0.0924
vn -0.6836 -0.7065 -0.1832
vn -0.0006 -1.0000 -0.0002
vn -0.6836 0.7065 -0.1832
vn -0.6539 -0.7065 -0.2708
vn -0.0005 -1.0000 -0.0002
vn -0.6539 0.7065 -0.2709
vn -0.6129 -0.7064 -0.3539
vn -0.0005 -1.0000 -0.0003
vn -0.6129 0.7064 -0.3539
vn -0.5615 -0.7064 -0.4309
vn -0.0004 -1.0000 -0.0003
vn -0.5615 0.7064 -0.4309
vn -0.5005 -0.7064 -0.5005
vn -0.0004 -1.0000 -0.0004
vn -0.5005 0.7064 -0.5005
vn -0.4309 -0.7064 -0.5615
vn -0.0003 -1.0000 -0.0004
vn -0.4309 0.7064 -0.5615
vn -0.3539 -0.7064 -0.6130
vn -0.0003 -1.0000 -0.0005
vn -0.3539 0.7065 -0.6129
vn -0.2708 -0.7065 -0.6539
vn -0.0002 -1.0000 -0.0005
vn -0.2708 0.7065 -0.6539
vn -0.1832 -0.7065 -0.6836
vn -0.0001 -1.0000 -0.0006
vn -0.1832 0.7065 -0.6836
vn -0.0924 -0.7064 -0.7017
vn -0.0924 0.7064 -0.7017
vt 0.020834 0.562500
vt 0.020834 0.937500
vt 0.000000 0.937500
vt 0.000000 0.562500
vt 0.958333 0.562500
vt 0.958333 0.937500
vt 0.937500 0.937500
vt 0.937500 0.562500
vt 0.916667 0.937500
vt 0.916667 0.562500
vt 0.895833 0.937500
vt 0.895833 0.562500
vt 0.875000 0.937500
vt 0.875000 0.562500
vt 0.854167 0.937500
vt 0.854167 0.562500
vt 0.833333 0.937500
vt 0.833333 0.562500
vt 0.812500 0.937500
vt 0.812500 0.562500
vt 0.791667 0.937500
vt 0.791667 0.562500
vt 0.770834 0.937500
vt 0.770834 0.562500
vt 0.750000 0.937500
vt 0.750000 0.562500
vt 0.729167 0.937500
vt 0.729167 0.562500
vt 0.708334 0.937500
vt 0.708334 0.562500
vt 0.687500 0.937500
vt 0.687500 0.562500
vt 0.666667 0.937500
vt 0.666667 0.562500
vt 0.645834 0.937500
vt 0.645834 0.562500
vt 0.625000 0.937500
vt 0.625000 0.562500
vt 0.604167 0.937500
vt 0.604167 0.562500
vt 0.583334 0.937500
vt 0.583334 0.562500
vt 0.562500 0.937500
vt 0.562500 0.562500
vt 0.541667 0.937500
vt 0.541667 0.562500
vt 0.520834 0.937500
vt 0.520834 0.562500
vt 0.500000 0.937500
vt 0.500000 0.562500
vt 0.479167 0.937500
vt 0.479167 0.562500
vt 0.458334 0.937500
vt 0.458334 0.562500
vt 0.437500 0.937500
vt 0.437500 0.562500
vt 0.416667 0.937500
vt 0.416667 0.562500
vt 0.395834 0.937500
vt 0.395834 0.562500
vt 0.375000 0.937500
vt 0.375000 0.562500
vt 0.354167 0.937500
vt 0.354167 0.562500
vt 0.333334 0.937500
vt 0.333334 0.562500
vt 0.312500 0.937500
vt 0.312500 0.562500
vt 0.291667 0.937500
vt 0.291667 0.562500
vt 0.270834 0.937500
vt 0.270834 0.562500
vt 0.250000 0.937500
vt 0.250000 0.562500
vt 0.229167 0.937500
vt 0.229167 0.562500
vt 0.208334 0.937500
vt 0.208334 0.562500
vt 0.187500 0.937500
vt 0.187500 0.562500
vt 0.166667 0.937500
vt 0.166667 0.562500
vt 0.145834 0.937500
vt 0.145834 0.562500
vt 0.125000 0.937500
vt 0.125000 0.562500
vt 0.104167 0.937500
vt 0.104167 0.562500
vt 0.083334 0.937500
vt 0.083334 0.562500
vt 0.062500 0.937500
vt 0.062500 0.562500
vt 0.041667 0.937500
vt 0.041667 0.562500
vt 0.979167 0.562500
vt 0.979167 0.937500
vt 0.280722 0.483361
vt 0.250000 0.485375
vt 0.219277 0.483361
vt 0.189080 0.477354
vt 0.159926 0.467458
vt 0.132313 0.453840
vt 0.106713 0.436735
vt 0.083565 0.416435
vt 0.063265 0.393287
vt 0.046159 0.367687
vt 0.032542 0.340074
vt 0.022645 0.310919
vt 0.016639 0.280722
vt 0.014625 0.250000
vt 0.016639 0.219277
vt 0.022645 0.189081
vt 0.032542 0.159926
vt 0.046159 0.132313
vt 0.063265 0.106713
vt 0.083565 0.083565
vt 0.106713 0.063265
vt 0.132313 0.046159
vt 0.159926 0.032542
vt 0.189081 0.022645
vt 0.219277 0.016639
vt 0.250000 0.014625
vt 0.280723 0.016639
vt 0.310919 0.022645
vt 0.340074 0.032542
vt 0.367687 0.046159
vt 0.393287 0.063265
vt 0.416435 0.083565
vt 0.436735 0.106713
vt 0.453840 0.132313
vt 0.467458 0.159926
vt 0.477355 0.189081
vt 0.483361 0.219277
vt 0.485375 0.250000
vt 0.483361 0.280723
vt 0.477354 0.310919
vt 0.467458 0.340074
vt 0.453840 0.367687
vt 0.436735 0.393287
vt 0.416435 0.416435
vt 0.393287 0.436735
vt 0.367687 0.453841
vt 0.340074 0.467458
vt 0.310919 0.477354
vt 1.000000 0.562500
vt 1.000000 0.937500
vt 0.979226 0.500000
vt 0.999941 0.500000
vt 0.750089 0.489994
vt 0.781238 0.487953
vt 0.780722 0.483361
vt 0.750000 0.485375
vt 0.999941 1.000000
vt 0.979226 1.000000
vt 0.281238 0.487953
vt 0.250089 0.489994
vt 0.958392 0.500000
vt 0.979108 0.500000
vt 0.781413 0.487929
vt 0.812029 0.481840
vt 0.810919 0.477354
vt 0.979108 1.000000
vt 0.958392 1.000000
vt 0.312029 0.481840
vt 0.281413 0.487929
vt 0.937559 0.500000
vt 0.958274 0.500000
vt 0.812201 0.481794
vt 0.841760 0.471760
vt 0.840074 0.467458
vt 0.958274 1.000000
vt 0.937559 1.000000
vt 0.341760 0.471760
vt 0.312201 0.481794
vt 0.916726 0.500000
vt 0.937441 0.500000
vt 0.841924 0.471692
vt 0.869920 0.457885
vt 0.867687 0.453840
vt 0.937441 1.000000
vt 0.916726 1.000000
vt 0.369920 0.457885
vt 0.341924 0.471692
vt 0.895892 0.500000
vt 0.916608 0.500000
vt 0.870074 0.457797
vt 0.896029 0.440454
vt 0.893287 0.436735
vt 0.916608 1.000000
vt 0.895892 1.000000
vt 0.396029 0.440454
vt 0.370074 0.457797
vt 0.875059 0.500000
vt 0.895774 0.500000
vt 0.896170 0.440346
vt 0.919639 0.419764
vt 0.916435 0.416435
vt 0.895774 1.000000
vt 0.875059 1.000000
vt 0.419639 0.419764
vt 0.396170 0.440346
vt 0.854226 0.500000
vt 0.874941 0.500000
vt 0.919764 0.419639
vt 0.940346 0.396170
vt 0.936735 0.393287
vt 0.874941 1.000000
vt 0.854226 1.000000
vt 0.440346 0.396170
vt 0.419764 0.419639
vt 0.833393 0.500000
vt 0.854108 0.500000
vt 0.940454 0.396029
vt 0.957797 0.370074
vt 0.953840 0.367687
vt 0.854108 1.000000
vt 0.833392 1.000000
vt 0.457797 0.370074
vt 0.440454 0.396029
vt 0.812559 0.500000
vt 0.833274 0.500000
vt 0.957885 0.369920
vt 0.971692 0.341924
vt 0.967458 0.340074
vt 0.833274 1.000000
vt 0.812559 1.000000
vt 0.471692 0.341924
vt 0.457885 0.369920
vt 0.791726 0.500000
vt 0.812441 0.500000
vt 0.971760 0.341760
vt 0.981794 0.312201
vt 0.977354 0.310919
vt 0.812441 1.000000
vt 0.791726 1.000000
vt 0.481794 0.312201
vt 0.471760 0.341760
vt 0.770893 0.500000
vt 0.791608 0.500000
vt 0.981839 0.312029
vt 0.987929 0.281413
vt 0.983361 0.280722
vt 0.791608 1.000000
vt 0.770893 1.000000
vt 0.487929 0.281413
vt 0.481840 0.312029
vt 0.750059 0.500000
vt 0.770775 0.500000
vt 0.987953 0.281238
vt 0.989994 0.250089
vt 0.985375 0.250000
vt 0.770775 1.000000
vt 0.750059 1.000000
vt 0.489994 0.250089
vt 0.487953 0.281238
vt 0.729226 0.500000
vt 0.749941 0.500000
vt 0.989994 0.249911
vt 0.987953 0.218762
vt 0.983361 0.219277
vt 0.749941 1.000000
vt 0.729226 1.000000
vt 0.487953 0.218762
vt 0.489994 0.249911
vt 0.708393 0.500000
vt 0.729108 0.500000
vt 0.987929 0.218587
vt 0.981840 0.187971
vt 0.977354 0.189080
vt 0.729108 1.000000
vt 0.708393 1.000000
vt 0.481840 0.187971
vt 0.487929 0.218587
vt 0.687559 0.500000
vt 0.708275 0.500000
vt 0.981794 0.187799
vt 0.971760 0.158240
vt 0.967458 0.159926
vt 0.708275 1.000000
vt 0.687559 1.000000
vt 0.471760 0.158240
vt 0.481794 0.187799
vt 0.666726 0.500000
vt 0.687441 0.500000
vt 0.971692 0.158076
vt 0.957885 0.130080
vt 0.953840 0.132313
vt 0.687441 1.000000
vt 0.666726 1.000000
vt 0.457885 0.130080
vt 0.471692 0.158076
vt 0.645893 0.500000
vt 0.666608 0.500000
vt 0.957797 0.129926
vt 0.940454 0.103971
vt 0.936735 0.106713
vt 0.666608 1.000000
vt 0.645893 1.000000
vt 0.440454 0.103971
vt 0.457797 0.129926
vt 0.625059 0.500000
vt 0.645775 0.500000
vt 0.940346 0.103830
vt 0.919764 0.080361
vt 0.916435 0.083565
vt 0.645775 1.000000
vt 0.625059 1.000000
vt 0.419764 0.080361
vt 0.440346 0.103830
vt 0.604226 0.500000
vt 0.624941 0.500000
vt 0.919639 0.080236
vt 0.896170 0.059654
vt 0.893287 0.063265
vt 0.624941 1.000000
vt 0.604226 1.000000
vt 0.396170 0.059654
vt 0.419639 0.080236
vt 0.583393 0.500000
vt 0.604108 0.500000
vt 0.896029 0.059546
vt 0.870074 0.042203
vt 0.867687 0.046159
vt 0.604108 1.000000
vt 0.583393 1.000000
vt 0.370074 0.042203
vt 0.396029 0.059546
vt 0.562559 0.500000
vt 0.583275 0.500000
vt 0.869920 0.042115
vt 0.841924 0.028308
vt 0.840074 0.032542
vt 0.583275 1.000000
vt 0.562559 1.000000
vt 0.341924 0.028308
vt 0.369920 0.042115
vt 0.541726 0.500000
vt 0.562441 0.500000
vt 0.841760 0.028240
vt 0.812201 0.018206
vt 0.810919 0.022645
vt 0.562441 1.000000
vt 0.541726 1.000000
vt 0.312201 0.018206
vt 0.341760 0.028240
vt 0.520893 0.500000
vt 0.541608 0.500000
vt 0.812029 0.018160
vt 0.781413 0.012071
vt 0.780723 0.016639
vt 0.541608 1.000000
vt 0.520893 1.000000
vt 0.281413 0.012071
vt 0.312029 0.018160
vt 0.500059 0.500000
vt 0.520775 0.500000
vt 0.781238 0.012047
vt 0.750089 0.010006
vt 0.750000 0.014625
vt 0.520775 1.000000
vt 0.500059 1.000000
vt 0.250089 0.010006
vt 0.281238 0.012047
vt 0.479226 0.500000
vt 0.499941 0.500000
vt 0.749911 0.010006
vt 0.718762 0.012047
vt 0.719277 0.016639
vt 0.499942 1.000000
vt 0.479226 1.000000
vt 0.218762 0.012047
vt 0.249911 0.010006
vt 0.458393 0.500000
vt 0.479108 0.500000
vt 0.718587 0.012071
vt 0.687971 0.018160
vt 0.689081 0.022645
vt 0.479108 1.000000
vt 0.458393 1.000000
vt 0.187971 0.018160
vt 0.218587 0.012071
vt 0.437559 0.500000
vt 0.458275 0.500000
vt 0.687799 0.018206
vt 0.658240 0.028240
vt 0.659926 0.032542
vt 0.458275 1.000000
vt 0.437559 1.000000
vt 0.158240 0.028240
vt 0.187799 0.018206
vt 0.416726 0.500000
vt 0.437441 0.500000
vt 0.658076 0.028308
vt 0.630080 0.042115
vt 0.632312 0.046159
vt 0.437441 1.000000
vt 0.416726 1.000000
vt 0.130080 0.042115
vt 0.158076 0.028308
vt 0.395893 0.500000
vt 0.416608 0.500000
vt 0.629926 0.042203
vt 0.603971 0.059546
vt 0.606713 0.063265
vt 0.416608 1.000000
vt 0.395893 1.000000
vt 0.103971 0.059546
vt 0.129926 0.042203
vt 0.375059 0.500000
vt 0.395775 0.500000
vt 0.603830 0.059654
vt 0.580361 0.080236
vt 0.583565 0.083565
vt 0.395775 1.000000
vt 0.375059 1.000000
vt 0.080361 0.080236
vt 0.103830 0.059654
vt 0.354226 0.500000
vt 0.374941 0.500000
vt 0.580236 0.080361
vt 0.559654 0.103830
vt 0.563265 0.106713
vt 0.374941 1.000000
vt 0.354226 1.000000
vt 0.059654 0.103830
vt 0.080236 0.080361
vt 0.333393 0.500000
vt 0.354108 0.500000
vt 0.559546 0.103971
vt 0.542203 0.129926
vt 0.546159 0.132313
vt 0.354108 1.000000
vt 0.333393 1.000000
vt 0.042203 0.129926
vt 0.059546 0.103971
vt 0.312559 0.500000
vt 0.333275 0.500000
vt 0.542115 0.130080
vt 0.528308 0.158076
vt 0.532542 0.159926
vt 0.333275 1.000000
vt 0.312559 1.000000
vt 0.028308 0.158076
vt 0.042115 0.130080
vt 0.291726 0.500000
vt 0.312441 0.500000
vt 0.528240 0.158240
vt 0.518206 0.187799
vt 0.522645 0.189081
vt 0.312441 1.000000
vt 0.291726 1.000000
vt 0.018206 0.187799
vt 0.028240 0.158240
vt 0.270893 0.500000
vt 0.291608 0.500000
vt 0.518160 0.187971
vt 0.512071 0.218587
vt 0.516639 0.219277
vt 0.291608 1.000000
vt 0.270893 1.000000
vt 0.012071 0.218587
vt 0.018160 0.187971
vt 0.250059 0.500000
vt 0.270775 0.500000
vt 0.512047 0.218762
vt 0.510006 0.249911
vt 0.514625 0.250000
vt 0.270775 1.000000
vt 0.250059 1.000000
vt 0.010006 0.249911
vt 0.012047 0.218762
vt 0.229226 0.500000
vt 0.249941 0.500000
vt 0.510006 0.250089
vt 0.512047 0.281238
vt 0.516639 0.280723
vt 0.249941 1.000000
vt 0.229226 1.000000
vt 0.012047 0.281238
vt 0.010006 0.250089
vt 0.208393 0.500000
vt 0.229108 0.500000
vt 0.512071 0.281413
vt 0.518160 0.312029
vt 0.522645 0.310919
vt 0.229108 1.000000
vt 0.208393 1.000000
vt 0.018160 0.312029
vt 0.012071 0.281413
vt 0.187559 0.500000
vt 0.208275 0.500000
vt 0.518206 0.312201
vt 0.528240 0.341760
vt 0.532542 0.340074
vt 0.208275 1.000000
vt 0.187559 1.000000
vt 0.028240 0.341760
vt 0.018206 0.312201
vt 0.166726 0.500000
vt 0.187441 0.500000
vt 0.528308 0.341924
vt 0.542115 0.369920
vt 0.546159 0.367687
vt 0.187441 1.000000
vt 0.166726 1.000000
vt 0.042115 0.369920
vt 0.028308 0.341924
vt 0.145893 0.500000
vt 0.166608 0.500000
vt 0.542203 0.370074
vt 0.559546 0.396029
vt 0.563265 0.393287
vt 0.166608 1.000000
vt 0.145893 1.000000
vt 0.059546 0.396029
vt 0.042203 0.370074
vt 0.125059 0.500000
vt 0.145775 0.500000
vt 0.559654 0.396170
vt 0.580236 0.419639
vt 0.583565 0.416435
vt 0.145775 1.000000
vt 0.125059 1.000000
vt 0.080236 0.419639
vt 0.059654 0.396170
vt 0.104226 0.500000
vt 0.124941 0.500000
vt 0.580361 0.419764
vt 0.603830 0.440346
vt 0.606713 0.436735
vt 0.124941 1.000000
vt 0.104226 1.000000
vt 0.103830 0.440346
vt 0.080361 0.419764
vt 0.083393 0.500000
vt 0.104108 0.500000
vt 0.603971 0.440454
vt 0.629926 0.457797
vt 0.632313 0.453841
vt 0.104108 1.000000
vt 0.083393 1.000000
vt 0.129926 0.457797
vt 0.103971 0.440454
vt 0.062559 0.500000
vt 0.083275 0.500000
vt 0.630080 0.457885
vt 0.658076 0.471692
vt 0.659926 0.467458
vt 0.083275 1.000000
vt 0.062559 1.000000
vt 0.158076 0.471692
vt 0.130080 0.457885
vt 0.041726 0.500000
vt 0.062441 0.500000
vt 0.658240 0.471760
vt 0.687799 0.481794
vt 0.689081 0.477354
vt 0.062441 1.000000
vt 0.041726 1.000000
vt 0.187799 0.481794
vt 0.158240 0.471760
vt 0.020893 0.500000
vt 0.041608 0.500000
vt 0.687971 0.481840
vt 0.718587 0.487929
vt 0.719277 0.483361
vt 0.041608 1.000000
vt 0.020893 1.000000
vt 0.218587 0.487929
vt 0.187971 0.481840
vt 0.000059 0.500000
vt 0.020775 0.500000
vt 0.718762 0.487953
vt 0.749911 0.489994
vt 0.020775 1.000000
vt 0.000059 1.000000
vt 0.249911 0.489994
vt 0.218762 0.487953
s 1
usemtl Brushed_aluminum.001
f 1372/2057/1059 1375/2058/1060 1093/2059/1061 1090/2060/1062
f 1102/2061/1063 1105/2062/1064 1111/2063/1065 1108/2064/1066
f 1108/2064/1066 1111/2063/1065 1117/2065/1067 1114/2066/1068
f 1114/2066/1068 1117/2065/1067 1123/2067/1069 1120/2068/1070
f 1120/2068/1070 1123/2067/1069 1129/2069/1071 1126/2070/1072
f 1126/2070/1072 1129/2069/1071 1135/2071/1073 1132/2072/1074
f 1132/2072/1074 1135/2071/1073 1141/2073/1075 1138/2074/1076
f 1138/2074/1076 1141/2073/1075 1147/2075/1077 1144/2076/1078
f 1144/2076/1078 1147/2075/1077 1153/2077/1079 1150/2078/1080
f 1150/2078/1080 1153/2077/1079 1159/2079/1081 1156/2080/1082
f 1156/2080/1082 1159/2079/1081 1165/2081/1083 1162/2082/1084
f 1162/2082/1084 1165/2081/1083 1171/2083/1085 1168/2084/1086
f 1168/2084/1086 1171/2083/1085 1177/2085/1087 1174/2086/1088
f 1174/2086/1088 1177/2085/1087 1183/2087/1089 1180/2088/1090
f 1180/2088/1090 1183/2087/1089 1189/2089/1091 1186/2090/1092
f 1186/2090/1092 1189/2089/1091 1195/2091/1093 1192/2092/1094
f 1192/2092/1094 1195/2091/1093 1201/2093/1095 1198/2094/1096
f 1198/2094/1096 1201/2093/1095 1207/2095/1097 1204/2096/1098
f 1204/2096/1098 1207/2095/1097 1213/2097/1099 1210/2098/1100
f 1210/2098/1100 1213/2097/1099 1219/2099/1101 1216/2100/1102
f 1216/2100/1102 1219/2099/1101 1225/2101/1103 1222/2102/1104
f 1222/2102/1104 1225/2101/1103 1231/2103/1105 1228/2104/1106
f 1228/2104/1106 1231/2103/1105 1237/2105/1107 1234/2106/1108
f 1234/2106/1108 1237/2105/1107 1243/2107/1109 1240/2108/1110
f 1240/2108/1110 1243/2107/1109 1249/2109/1111 1246/2110/1112
f 1246/2110/1112 1249/2109/1111 1255/2111/1113 1252/2112/1114
f 1252/2112/1114 1255/2111/1113 1261/2113/1115 1258/2114/1116
f 1258/2114/1116 1261/2113/1115 1267/2115/1117 1264/2116/1118
f 1264/2116/1118 1267/2115/1117 1273/2117/1119 1270/2118/1120
f 1270/2118/1120 1273/2117/1119 1279/2119/1121 1276/2120/1122
f 1276/2120/1122 1279/2119/1121 1285/2121/1123 1282/2122/1124
f 1282/2122/1124 1285/2121/1123 1291/2123/1125 1288/2124/1126
f 1288/2124/1126 1291/2123/1125 1297/2125/1127 1294/2126/1128
f 1294/2126/1128 1297/2125/1127 1303/2127/1129 1300/2128/1130
f 1300/2128/1130 1303/2127/1129 1309/2129/1131 1306/2130/1132
f 1306/2130/1132 1309/2129/1131 1315/2131/1133 1312/2132/1134
f 1312/2132/1134 1315/2131/1133 1321/2133/1135 1318/2134/1136
f 1318/2134/1136 1321/2133/1135 1327/2135/1137 1324/2136/1138
f 1324/2136/1138 1327/2135/1137 1333/2137/1139 1330/2138/1140
f 1330/2138/1140 1333/2137/1139 1339/2139/1141 1336/2140/1142
f 1336/2140/1142 1339/2139/1141 1345/2141/1143 1342/2142/1144
f 1342/2142/1144 1345/2141/1143 1351/2143/1145 1348/2144/1146
f 1348/2144/1146 1351/2143/1145 1357/2145/1147 1354/2146/1148
f 1354/2146/1148 1357/2145/1147 1363/2147/1149 1360/2148/1150
f 1360/2148/1150 1363/2147/1149 1369/2149/1151 1366/2150/1152
f 1366/2150/1152 1369/2149/1151 1375/2058/1060 1372/2057/1059
f 1096/2151/1153 1099/2152/1154 1105/2062/1064 1102/2061/1063
f 1098/2153/1155 1092/2154/1156 1374/2155/1157 1368/2156/1158 1362/2157/1159 1356/2158/1160 1350/2159/1160 1344/2160/1161 1338/2161/1162 1332/2162/1163 1326/2163/1164 1320/2164/1165 1314/2165/1166 1308/2166/1167 1302/2167/1168 1296/2168/1168 1290/2169/1169 1284/2170/1170 1278/2171/1171 1272/2172/1172 1266/2173/1173 1260/2174/1174 1254/2175/1175 1248/2176/1176 1242/2177/1177 1236/2178/1178 1230/2179/1179 1224/2180/1180 1218/2181/1181 1212/2182/1182 1206/2183/1183 1200/2184/1184 1194/2185/1185 1188/2186/1186 1182/2187/1187 1176/2188/1187 1170/2189/1188 1164/2190/1189 1158/2191/1190 1152/2192/1190 1146/2193/1191 1140/2194/1192 1134/2195/1193 1128/2196/1194 1122/2197/1195 1116/2198/1196 1110/2199/1197 1104/2200/1198
f 1090/2201/1062 1093/2202/1061 1099/2152/1154 1096/2151/1153
f 1090/2201/1062 1096/2151/1153 1097/2203/1199 1091/2204/1200
f 1091/2205/1200 1097/2206/1199 1095/2207/1201 1089/2208/1202
f 1099/2152/1154 1093/2202/1061 1094/2209/1203 1100/2210/1204
f 1100/2211/1204 1094/2212/1203 1092/2154/1156 1098/2153/1155
f 1096/2151/1153 1102/2061/1063 1103/2213/1205 1097/2214/1199
f 1097/2215/1199 1103/2216/1205 1101/2217/1206 1095/2207/1201
f 1105/2062/1064 1099/2152/1154 1100/2218/1204 1106/2219/1207
f 1106/2220/1207 1100/2221/1204 1098/2153/1155 1104/2200/1198
f 1102/2061/1063 1108/2064/1066 1109/2222/1208 1103/2223/1205
f 1103/2224/1205 1109/2225/1208 1107/2226/1209 1101/2217/1206
f 1111/2063/1065 1105/2062/1064 1106/2227/1207 1112/2228/1210
f 1112/2229/1210 1106/2230/1207 1104/2200/1198 1110/2199/1197
f 1108/2064/1066 1114/2066/1068 1115/2231/1211 1109/2232/1208
f 1109/2233/1208 1115/2234/1211 1113/2235/1212 1107/2226/1209
f 1117/2065/1067 1111/2063/1065 1112/2236/1210 1118/2237/1213
f 1118/2238/1213 1112/2239/1210 1110/2199/1197 1116/2198/1196
f 1114/2066/1068 1120/2068/1070 1121/2240/1214 1115/2241/1211
f 1115/2242/1211 1121/2243/1214 1119/2244/1212 1113/2235/1212
f 1123/2067/1069 1117/2065/1067 1118/2245/1213 1124/2246/1215
f 1124/2247/1215 1118/2248/1213 1116/2198/1196 1122/2197/1195
f 1120/2068/1070 1126/2070/1072 1127/2249/1216 1121/2250/1214
f 1121/2251/1214 1127/2252/1216 1125/2253/1217 1119/2244/1212
f 1129/2069/1071 1123/2067/1069 1124/2254/1215 1130/2255/1218
f 1130/2256/1218 1124/2257/1215 1122/2197/1195 1128/2196/1194
f 1126/2070/1072 1132/2072/1074 1133/2258/1219 1127/2259/1216
f 1127/2260/1216 1133/2261/1219 1131/2262/1220 1125/2253/1217
f 1135/2071/1073 1129/2069/1071 1130/2263/1218 1136/2264/1221
f 1136/2265/1221 1130/2266/1218 1128/2196/1194 1134/2195/1193
f 1132/2072/1074 1138/2074/1076 1139/2267/1222 1133/2268/1219
f 1133/2269/1219 1139/2270/1222 1137/2271/1223 1131/2262/1220
f 1141/2073/1075 1135/2071/1073 1136/2272/1221 1142/2273/1224
f 1142/2274/1224 1136/2275/1221 1134/2195/1193 1140/2194/1192
f 1138/2074/1076 1144/2076/1078 1145/2276/1225 1139/2277/1222
f 1139/2278/1222 1145/2279/1225 1143/2280/1226 1137/2271/1223
f 1147/2075/1077 1141/2073/1075 1142/2281/1224 1148/2282/1227
f 1148/2283/1227 1142/2284/1224 1140/2194/1192 1146/2193/1191
f 1144/2076/1078 1150/2078/1080 1151/2285/1228 1145/2286/1225
f 1145/2287/1225 1151/2288/1228 1149/2289/1229 1143/2280/1226
f 1153/2077/1079 1147/2075/1077 1148/2290/1227 1154/2291/1230
f 1154/2292/1230 1148/2293/1227 1146/2193/1191 1152/2192/1190
f 1150/2078/1080 1156/2080/1082 1157/2294/1231 1151/2295/1228
f 1151/2296/1228 1157/2297/1231 1155/2298/1229 1149/2289/1229
f 1159/2079/1081 1153/2077/1079 1154/2299/1230 1160/2300/1232
f 1160/2301/1232 1154/2302/1230 1152/2192/1190 1158/2191/1190
f 1156/2080/1082 1162/2082/1084 1163/2303/1233 1157/2304/1231
f 1157/2305/1231 1163/2306/1233 1161/2307/1234 1155/2298/1229
f 1165/2081/1083 1159/2079/1081 1160/2308/1232 1166/2309/1235
f 1166/2310/1235 1160/2311/1232 1158/2191/1190 1164/2190/1189
f 1162/2082/1084 1168/2084/1086 1169/2312/1236 1163/2313/1233
f 1163/2314/1233 1169/2315/1236 1167/2316/1237 1161/2307/1234
f 1171/2083/1085 1165/2081/1083 1166/2317/1235 1172/2318/1238
f 1172/2319/1238 1166/2320/1235 1164/2190/1189 1170/2189/1188
f 1168/2084/1086 1174/2086/1088 1175/2321/1239 1169/2322/1236
f 1169/2323/1236 1175/2324/1239 1173/2325/1240 1167/2316/1237
f 1177/2085/1087 1171/2083/1085 1172/2326/1238 1178/2327/1241
f 1178/2328/1241 1172/2329/1238 1170/2189/1188 1176/2188/1187
f 1174/2086/1088 1180/2088/1090 1181/2330/1242 1175/2331/1239
f 1175/2332/1239 1181/2333/1242 1179/2334/1240 1173/2325/1240
f 1183/2087/1089 1177/2085/1087 1178/2335/1241 1184/2336/1243
f 1184/2337/1243 1178/2338/1241 1176/2188/1187 1182/2187/1187
f 1180/2088/1090 1186/2090/1092 1187/2339/1244 1181/2340/1242
f 1181/2341/1242 1187/2342/1244 1185/2343/1245 1179/2334/1240
f 1189/2089/1091 1183/2087/1089 1184/2344/1243 1190/2345/1246
f 1190/2346/1246 1184/2347/1243 1182/2187/1187 1188/2186/1186
f 1186/2090/1092 1192/2092/1094 1193/2348/1247 1187/2349/1244
f 1187/2350/1244 1193/2351/1247 1191/2352/1248 1185/2343/1245
f 1195/2091/1093 1189/2089/1091 1190/2353/1246 1196/2354/1249
f 1196/2355/1249 1190/2356/1246 1188/2186/1186 1194/2185/1185
f 1192/2092/1094 1198/2094/1096 1199/2357/1250 1193/2358/1247
f 1193/2359/1247 1199/2360/1250 1197/2361/1251 1191/2352/1248
f 1201/2093/1095 1195/2091/1093 1196/2362/1249 1202/2363/1252
f 1202/2364/1252 1196/2365/1249 1194/2185/1185 1200/2184/1184
f 1198/2094/1096 1204/2096/1098 1205/2366/1253 1199/2367/1250
f 1199/2368/1250 1205/2369/1253 1203/2370/1254 1197/2361/1251
f 1207/2095/1097 1201/2093/1095 1202/2371/1252 1208/2372/1255
f 1208/2373/1255 1202/2374/1252 1200/2184/1184 1206/2183/1183
f 1204/2096/1098 1210/2098/1100 1211/2375/1256 1205/2376/1253
f 1205/2377/1253 1211/2378/1256 1209/2379/1254 1203/2370/1254
f 1213/2097/1099 1207/2095/1097 1208/2380/1255 1214/2381/1257
f 1214/2382/1257 1208/2383/1255 1206/2183/1183 1212/2182/1182
f 1210/2098/1100 1216/2100/1102 1217/2384/1258 1211/2385/1256
f 1211/2386/1256 1217/2387/1258 1215/2388/1259 1209/2379/1254
f 1219/2099/1101 1213/2097/1099 1214/2389/1257 1220/2390/1260
f 1220/2391/1260 1214/2392/1257 1212/2182/1182 1218/2181/1181
f 1216/2100/1102 1222/2102/1104 1223/2393/1261 1217/2394/1258
f 1217/2395/1258 1223/2396/1261 1221/2397/1262 1215/2388/1259
f 1225/2101/1103 1219/2099/1101 1220/2398/1260 1226/2399/1263
f 1226/2400/1263 1220/2401/1260 1218/2181/1181 1224/2180/1180
f 1222/2102/1104 1228/2104/1106 1229/2402/1264 1223/2403/1261
f 1223/2404/1261 1229/2405/1264 1227/2406/1265 1221/2397/1262
f 1231/2103/1105 1225/2101/1103 1226/2407/1263 1232/2408/1266
f 1232/2409/1266 1226/2410/1263 1224/2180/1180 1230/2179/1179
f 1228/2104/1106 1234/2106/1108 1235/2411/1267 1229/2412/1264
f 1229/2413/1264 1235/2414/1267 1233/2415/1268 1227/2406/1265
f 1237/2105/1107 1231/2103/1105 1232/2416/1266 1238/2417/1269
f 1238/2418/1269 1232/2419/1266 1230/2179/1179 1236/2178/1178
f 1234/2106/1108 1240/2108/1110 1241/2420/1270 1235/2421/1267
f 1235/2422/1267 1241/2423/1270 1239/2424/1271 1233/2415/1268
f 1243/2107/1109 1237/2105/1107 1238/2425/1269 1244/2426/1272
f 1244/2427/1272 1238/2428/1269 1236/2178/1178 1242/2177/1177
f 1240/2108/1110 1246/2110/1112 1247/2429/1273 1241/2430/1270
f 1241/2431/1270 1247/2432/1273 1245/2433/1274 1239/2424/1271
f 1249/2109/1111 1243/2107/1109 1244/2434/1272 1250/2435/1275
f 1250/2436/1275 1244/2437/1272 1242/2177/1177 1248/2176/1176
f 1246/2110/1112 1252/2112/1114 1253/2438/1276 1247/2439/1273
f 1247/2440/1273 1253/2441/1276 1251/2442/1274 1245/2433/1274
f 1255/2111/1113 1249/2109/1111 1250/2443/1275 1256/2444/1277
f 1256/2445/1277 1250/2446/1275 1248/2176/1176 1254/2175/1175
f 1252/2112/1114 1258/2114/1116 1259/2447/1278 1253/2448/1276
f 1253/2449/1276 1259/2450/1278 1257/2451/1279 1251/2442/1274
f 1261/2113/1115 1255/2111/1113 1256/2452/1277 1262/2453/1280
f 1262/2454/1280 1256/2455/1277 1254/2175/1175 1260/2174/1174
f 1258/2114/1116 1264/2116/1118 1265/2456/1281 1259/2457/1278
f 1259/2458/1278 1265/2459/1281 1263/2460/1282 1257/2451/1279
f 1267/2115/1117 1261/2113/1115 1262/2461/1280 1268/2462/1283
f 1268/2463/1283 1262/2464/1280 1260/2174/1174 1266/2173/1173
f 1264/2116/1118 1270/2118/1120 1271/2465/1284 1265/2466/1281
f 1265/2467/1281 1271/2468/1284 1269/2469/1285 1263/2460/1282
f 1273/2117/1119 1267/2115/1117 1268/2470/1283 1274/2471/1286
f 1274/2472/1286 1268/2473/1283 1266/2173/1173 1272/2172/1172
f 1270/2118/1120 1276/2120/1122 1277/2474/1287 1271/2475/1284
f 1271/2476/1284 1277/2477/1287 1275/2478/1288 1269/2469/1285
f 1279/2119/1121 1273/2117/1119 1274/2479/1286 1280/2480/1289
f 1280/2481/1289 1274/2482/1286 1272/2172/1172 1278/2171/1171
f 1276/2120/1122 1282/2122/1124 1283/2483/1290 1277/2484/1287
f 1277/2485/1287 1283/2486/1290 1281/2487/1291 1275/2478/1288
f 1285/2121/1123 1279/2119/1121 1280/2488/1289 1286/2489/1292
f 1286/2490/1292 1280/2491/1289 1278/2171/1171 1284/2170/1170
f 1282/2122/1124 1288/2124/1126 1289/2492/1293 1283/2493/1290
f 1283/2494/1290 1289/2495/1293 1287/2496/1294 1281/2487/1291
f 1291/2123/1125 1285/2121/1123 1286/2497/1292 1292/2498/1295
f 1292/2499/1295 1286/2500/1292 1284/2170/1170 1290/2169/1169
f 1288/2124/1126 1294/2126/1128 1295/2501/1296 1289/2502/1293
f 1289/2503/1293 1295/2504/1296 1293/2505/1297 1287/2496/1294
f 1297/2125/1127 1291/2123/1125 1292/2506/1295 1298/2507/1298
f 1298/2508/1298 1292/2509/1295 1290/2169/1169 1296/2168/1168
f 1294/2126/1128 1300/2128/1130 1301/2510/1299 1295/2511/1296
f 1295/2512/1296 1301/2513/1299 1299/2514/1297 1293/2505/1297
f 1303/2127/1129 1297/2125/1127 1298/2515/1298 1304/2516/1300
f 1304/2517/1300 1298/2518/1298 1296/2168/1168 1302/2167/1168
f 1300/2128/1130 1306/2130/1132 1307/2519/1301 1301/2520/1299
f 1301/2521/1299 1307/2522/1301 1305/2523/1302 1299/2514/1297
f 1309/2129/1131 1303/2127/1129 1304/2524/1300 1310/2525/1303
f 1310/2526/1303 1304/2527/1300 1302/2167/1168 1308/2166/1167
f 1306/2130/1132 1312/2132/1134 1313/2528/1304 1307/2529/1301
f 1307/2530/1301 1313/2531/1304 1311/2532/1305 1305/2523/1302
f 1315/2131/1133 1309/2129/1131 1310/2533/1303 1316/2534/1306
f 1316/2535/1306 1310/2536/1303 1308/2166/1167 1314/2165/1166
f 1312/2132/1134 1318/2134/1136 1319/2537/1307 1313/2538/1304
f 1313/2539/1304 1319/2540/1307 1317/2541/1308 1311/2532/1305
f 1321/2133/1135 1315/2131/1133 1316/2542/1306 1322/2543/1309
f 1322/2544/1309 1316/2545/1306 1314/2165/1166 1320/2164/1165
f 1318/2134/1136 1324/2136/1138 1325/2546/1310 1319/2547/1307
f 1319/2548/1307 1325/2549/1310 1323/2550/1311 1317/2541/1308
f 1327/2135/1137 1321/2133/1135 1322/2551/1309 1328/2552/1312
f 1328/2553/1312 1322/2554/1309 1320/2164/1165 1326/2163/1164
f 1324/2136/1138 1330/2138/1140 1331/2555/1313 1325/2556/1310
f 1325/2557/1310 1331/2558/1313 1329/2559/1314 1323/2550/1311
f 1333/2137/1139 1327/2135/1137 1328/2560/1312 1334/2561/1315
f 1334/2562/1315 1328/2563/1312 1326/2163/1164 1332/2162/1163
f 1330/2138/1140 1336/2140/1142 1337/2564/1316 1331/2565/1313
f 1331/2566/1313 1337/2567/1316 1335/2568/1317 1329/2559/1314
f 1339/2139/1141 1333/2137/1139 1334/2569/1315 1340/2570/1318
f 1340/2571/1318 1334/2572/1315 1332/2162/1163 1338/2161/1162
f 1336/2140/1142 1342/2142/1144 1343/2573/1319 1337/2574/1316
f 1337/2575/1316 1343/2576/1319 1341/2577/1320 1335/2568/1317
f 1345/2141/1143 1339/2139/1141 1340/2578/1318 1346/2579/1321
f 1346/2580/1321 1340/2581/1318 1338/2161/1162 1344/2160/1161
f 1342/2142/1144 1348/2144/1146 1349/2582/1322 1343/2583/1319
f 1343/2584/1319 1349/2585/1322 1347/2586/1323 1341/2577/1320
f 1351/2143/1145 1345/2141/1143 1346/2587/1321 1352/2588/1324
f 1352/2589/1324 1346/2590/1321 1344/2160/1161 1350/2159/1160
f 1348/2144/1146 1354/2146/1148 1355/2591/1325 1349/2592/1322
f 1349/2593/1322 1355/2594/1325 1353/2595/1326 1347/2586/1323
f 1357/2145/1147 1351/2143/1145 1352/2596/1324 1358/2597/1327
f 1358/2598/1327 1352/2599/1324 1350/2159/1160 1356/2158/1160
f 1354/2146/1148 1360/2148/1150 1361/2600/1328 1355/2601/1325
f 1355/2602/1325 1361/2603/1328 1359/2604/1329 1353/2595/1326
f 1363/2147/1149 1357/2145/1147 1358/2605/1327 1364/2606/1330
f 1364/2607/1330 1358/2608/1327 1356/2158/1160 1362/2157/1159
f 1360/2148/1150 1366/2150/1152 1367/2609/1331 1361/2610/1328
f 1361/2611/1328 1367/2612/1331 1365/2613/1332 1359/2604/1329
f 1369/2149/1151 1363/2147/1149 1364/2614/1330 1370/2615/1333
f 1370/2616/1333 1364/2617/1330 1362/2157/1159 1368/2156/1158
f 1366/2150/1152 1372/2057/1059 1373/2618/1334 1367/2619/1331
f 1367/2620/1331 1373/2621/1334 1371/2622/1332 1365/2613/1332
f 1375/2058/1060 1369/2149/1151 1370/2623/1333 1376/2624/1335
f 1376/2625/1335 1370/2626/1333 1368/2156/1158 1374/2155/1157
f 1372/2057/1059 1090/2060/1062 1091/2627/1200 1373/2628/1334
f 1373/2629/1334 1091/2630/1200 1089/2208/1202 1371/2622/1332
f 1093/2059/1061 1375/2058/1060 1376/2631/1335 1094/2632/1203
f 1094/2633/1203 1376/2634/1335 1374/2155/1157 1092/2154/1156
f 1089/2208/1202 1095/2207/1201 1101/2217/1206 1107/2226/1209 1113/2235/1212 1119/2244/1212 1125/2253/1217 1131/2262/1220 1137/2271/1223 1143/2280/1226 1149/2289/1229 1155/2298/1229 1161/2307/1234 1167/2316/1237 1173/2325/1240 1179/2334/1240 1185/2343/1245 1191/2352/1248 1197/2361/1251 1203/2370/1254 1209/2379/1254 1215/2388/1259 1221/2397/1262 1227/2406/1265 1233/2415/1268 1239/2424/1271 1245/2433/1274 1251/2442/1274 1257/2451/1279 1263/2460/1282 1269/2469/1285 1275/2478/1288 1281/2487/1291 1287/2496/1294 1293/2505/1297 1299/2514/1297 1305/2523/1302 1311/2532/1305 1317/2541/1308 1323/2550/1311 1329/2559/1314 1335/2568/1317 1341/2577/1320 1347/2586/1323 1353/2595/1326 1359/2604/1329 1365/2613/1332 1371/2622/1332
o Outrunner_bell.003
v -0.000083 0.028135 -0.025919
v -0.000083 0.029135 -0.026921
v -0.000083 0.028428 -0.026627
v -0.000083 0.038135 -0.025919
v -0.000083 0.037135 -0.026921
v -0.000083 0.037842 -0.026627
v 0.003310 0.028135 -0.025696
v 0.003441 0.029135 -0.026690
v 0.003403 0.028428 -0.026399
v 0.003310 0.038135 -0.025696
v 0.003441 0.037135 -0.026690
v 0.003403 0.037842 -0.026399
v 0.006646 0.028135 -0.025033
v 0.006905 0.029135 -0.026001
v 0.006829 0.028428 -0.025717
v 0.006646 0.038135 -0.025033
v 0.006905 0.037135 -0.026001
v 0.006829 0.037842 -0.025717
v 0.009866 0.028135 -0.023940
v 0.010249 0.029135 -0.024866
v 0.010137 0.028428 -0.024595
v 0.009866 0.038135 -0.023940
v 0.010249 0.037135 -0.024866
v 0.010137 0.037842 -0.024595
v 0.012916 0.028135 -0.022436
v 0.013417 0.029135 -0.023304
v 0.013270 0.028428 -0.023049
v 0.012916 0.038135 -0.022436
v 0.013417 0.037135 -0.023304
v 0.013270 0.037842 -0.023049
v 0.015743 0.028135 -0.020546
v 0.016354 0.029135 -0.021342
v 0.016175 0.028428 -0.021109
v 0.015743 0.038135 -0.020546
v 0.016354 0.037135 -0.021342
v 0.016175 0.037842 -0.021109
v 0.018300 0.028135 -0.018304
v 0.019009 0.029135 -0.019013
v 0.018801 0.028428 -0.018805
v 0.018300 0.038135 -0.018304
v 0.019009 0.037135 -0.019013
v 0.018801 0.037842 -0.018805
v 0.020542 0.028135 -0.015747
v 0.021338 0.029135 -0.016358
v 0.021105 0.028428 -0.016179
v 0.020542 0.038135 -0.015747
v 0.021338 0.037135 -0.016358
v 0.021105 0.037842 -0.016179
v 0.022432 0.028135 -0.012920
v 0.023300 0.029135 -0.013421
v 0.023045 0.028428 -0.013274
v 0.022432 0.038135 -0.012920
v 0.023300 0.037135 -0.013421
v 0.023045 0.037842 -0.013274
v 0.023936 0.028135 -0.009870
v 0.024862 0.029135 -0.010253
v 0.024591 0.028428 -0.010141
v 0.023936 0.038135 -0.009870
v 0.024862 0.037135 -0.010253
v 0.024591 0.037842 -0.010141
v 0.025029 0.028135 -0.006650
v 0.025997 0.029135 -0.006909
v 0.025713 0.028428 -0.006833
v 0.025029 0.038135 -0.006650
v 0.025997 0.037135 -0.006909
v 0.025713 0.037842 -0.006833
v 0.025692 0.028135 -0.003314
v 0.026686 0.029135 -0.003445
v 0.026395 0.028428 -0.003407
v 0.025692 0.038135 -0.003314
v 0.026686 0.037135 -0.003445
v 0.026395 0.037842 -0.003407
v 0.025915 0.028135 0.000079
v 0.026917 0.029135 0.000079
v 0.026623 0.028428 0.000079
v 0.025915 0.038135 0.000079
v 0.026917 0.037135 0.000079
v 0.026623 0.037842 0.000079
v 0.025692 0.028135 0.003472
v 0.026686 0.029135 0.003603
v 0.026395 0.028428 0.003565
v 0.025692 0.038135 0.003472
v 0.026686 0.037135 0.003603
v 0.026395 0.037842 0.003565
v 0.025029 0.028135 0.006808
v 0.025997 0.029135 0.007067
v 0.025713 0.028428 0.006991
v 0.025029 0.038135 0.006808
v 0.025997 0.037135 0.007067
v 0.025713 0.037842 0.006991
v 0.023936 0.028135 0.010028
v 0.024862 0.029135 0.010411
v 0.024591 0.028428 0.010299
v 0.023936 0.038135 0.010028
v 0.024862 0.037135 0.010411
v 0.024591 0.037842 0.010299
v 0.022432 0.028135 0.013078
v 0.023300 0.029135 0.013579
v 0.023045 0.028428 0.013432
v 0.022432 0.038135 0.013078
v 0.023300 0.037135 0.013579
v 0.023045 0.037842 0.013432
v 0.020542 0.028135 0.015906
v 0.021338 0.029135 0.016516
v 0.021105 0.028428 0.016337
v 0.020542 0.038135 0.015906
v 0.021338 0.037135 0.016516
v 0.021105 0.037842 0.016337
v 0.018300 0.028135 0.018462
v 0.019009 0.029135 0.019171
v 0.018801 0.028428 0.018963
v 0.018300 0.038135 0.018462
v 0.019009 0.037135 0.019171
v 0.018801 0.037842 0.018963
v 0.015743 0.028135 0.020704
v 0.016354 0.029135 0.021500
v 0.016175 0.028428 0.021267
v 0.015743 0.038135 0.020704
v 0.016354 0.037135 0.021500
v 0.016175 0.037842 0.021267
v 0.012916 0.028135 0.022594
v 0.013417 0.029135 0.023462
v 0.013270 0.028428 0.023207
v 0.012916 0.038135 0.022594
v 0.013417 0.037135 0.023462
v 0.013270 0.037842 0.023207
v 0.009866 0.028135 0.024098
v 0.010249 0.029135 0.025024
v 0.010137 0.028428 0.024753
v 0.009866 0.038135 0.024098
v 0.010249 0.037135 0.025024
v 0.010137 0.037842 0.024753
v 0.006646 0.028135 0.025191
v 0.006905 0.029135 0.026159
v 0.006829 0.028428 0.025875
v 0.006646 0.038135 0.025191
v 0.006905 0.037135 0.026159
v 0.006829 0.037842 0.025875
v 0.003310 0.028135 0.025854
v 0.003441 0.029135 0.026848
v 0.003403 0.028428 0.026557
v 0.003310 0.038135 0.025854
v 0.003441 0.037135 0.026848
v 0.003403 0.037842 0.026557
v -0.000083 0.028135 0.026077
v -0.000083 0.029135 0.027079
v -0.000083 0.028428 0.026786
v -0.000083 0.038135 0.026077
v -0.000083 0.037135 0.027079
v -0.000083 0.037842 0.026786
v -0.003476 0.028135 0.025854
v -0.003607 0.029135 0.026848
v -0.003569 0.028428 0.026557
v -0.003476 0.038135 0.025854
v -0.003607 0.037135 0.026848
v -0.003569 0.037842 0.026557
v -0.006812 0.028135 0.025191
v -0.007071 0.029135 0.026159
v -0.006995 0.028428 0.025875
v -0.006812 0.038135 0.025191
v -0.007071 0.037135 0.026159
v -0.006995 0.037842 0.025875
v -0.010032 0.028135 0.024098
v -0.010415 0.029135 0.025024
v -0.010303 0.028428 0.024753
v -0.010032 0.038135 0.024098
v -0.010415 0.037135 0.025024
v -0.010303 0.037842 0.024753
v -0.013082 0.028135 0.022594
v -0.013583 0.029135 0.023462
v -0.013436 0.028428 0.023207
v -0.013082 0.038135 0.022594
v -0.013583 0.037135 0.023462
v -0.013436 0.037842 0.023207
v -0.015910 0.028135 0.020704
v -0.016520 0.029135 0.021500
v -0.016341 0.028428 0.021267
v -0.015910 0.038135 0.020704
v -0.016520 0.037135 0.021500
v -0.016341 0.037842 0.021267
v -0.018466 0.028135 0.018462
v -0.019175 0.029135 0.019171
v -0.018967 0.028428 0.018963
v -0.018466 0.038135 0.018462
v -0.019175 0.037135 0.019171
v -0.018967 0.037842 0.018963
v -0.020708 0.028135 0.015906
v -0.021504 0.029135 0.016516
v -0.021271 0.028428 0.016337
v -0.020708 0.038135 0.015906
v -0.021504 0.037135 0.016516
v -0.021271 0.037842 0.016337
v -0.022598 0.028135 0.013078
v -0.023466 0.029135 0.013579
v -0.023211 0.028428 0.013432
v -0.022598 0.038135 0.013078
v -0.023466 0.037135 0.013579
v -0.023211 0.037842 0.013432
v -0.024102 0.028135 0.010028
v -0.025028 0.029135 0.010411
v -0.024757 0.028428 0.010299
v -0.024102 0.038135 0.010028
v -0.025028 0.037135 0.010411
v -0.024757 0.037842 0.010299
v -0.025195 0.028135 0.006808
v -0.026163 0.029135 0.007067
v -0.025879 0.028428 0.006991
v -0.025195 0.038135 0.006808
v -0.026163 0.037135 0.007067
v -0.025879 0.037842 0.006991
v -0.025858 0.028135 0.003472
v -0.026852 0.029135 0.003603
v -0.026561 0.028428 0.003565
v -0.025858 0.038135 0.003472
v -0.026852 0.037135 0.003603
v -0.026561 0.037842 0.003565
v -0.026081 0.028135 0.000079
v -0.027083 0.029135 0.000079
v -0.026790 0.028428 0.000079
v -0.026081 0.038135 0.000079
v -0.027083 0.037135 0.000079
v -0.026790 0.037842 0.000079
v -0.025858 0.028135 -0.003314
v -0.026852 0.029135 -0.003445
v -0.026561 0.028428 -0.003407
v -0.025858 0.038135 -0.003314
v -0.026852 0.037135 -0.003445
v -0.026561 0.037842 -0.003407
v -0.025195 0.028135 -0.006650
v -0.026163 0.029135 -0.006909
v -0.025879 0.028428 -0.006833
v -0.025195 0.038135 -0.006650
v -0.026163 0.037135 -0.006909
v -0.025879 0.037842 -0.006833
v -0.024102 0.028135 -0.009870
v -0.025028 0.029135 -0.010253
v -0.024757 0.028428 -0.010141
v -0.024102 0.038135 -0.009870
v -0.025028 0.037135 -0.010253
v -0.024757 0.037842 -0.010141
v -0.022598 0.028135 -0.012920
v -0.023466 0.029135 -0.013421
v -0.023211 0.028428 -0.013274
v -0.022598 0.038135 -0.012920
v -0.023466 0.037135 -0.013421
v -0.023211 0.037842 -0.013274
v -0.020708 0.028135 -0.015747
v -0.021504 0.029135 -0.016358
v -0.021271 0.028428 -0.016179
v -0.020708 0.038135 -0.015747
v -0.021504 0.037135 -0.016358
v -0.021271 0.037842 -0.016179
v -0.018466 0.028135 -0.018304
v -0.019175 0.029135 -0.019013
v -0.018967 0.028428 -0.018805
v -0.018466 0.038135 -0.018304
v -0.019175 0.037135 -0.019013
v -0.018967 0.037842 -0.018805
v -0.015910 0.028135 -0.020546
v -0.016520 0.029135 -0.021342
v -0.016341 0.028428 -0.021109
v -0.015910 0.038135 -0.020546
v -0.016520 0.037135 -0.021342
v -0.016341 0.037842 -0.021109
v -0.013082 0.028135 -0.022436
v -0.013583 0.029135 -0.023304
v -0.013436 0.028428 -0.023049
v -0.013082 0.038135 -0.022436
v -0.013583 0.037135 -0.023304
v -0.013436 0.037842 -0.023049
v -0.010032 0.028135 -0.023940
v -0.010415 0.029135 -0.024866
v -0.010303 0.028428 -0.024595
v -0.010032 0.038135 -0.023940
v -0.010415 0.037135 -0.024866
v -0.010303 0.037842 -0.024595
v -0.006812 0.028135 -0.025033
v -0.007071 0.029135 -0.026001
v -0.006995 0.028428 -0.025717
v -0.006812 0.038135 -0.025033
v -0.007071 0.037135 -0.026001
v -0.006995 0.037842 -0.025717
v -0.003476 0.028135 -0.025696
v -0.003607 0.029135 -0.026690
v -0.003569 0.028428 -0.026399
v -0.003476 0.038135 -0.025696
v -0.003607 0.037135 -0.026690
v -0.003569 0.037842 -0.026399
vn -0.1304 -0.0336 -0.9909
vn -0.1305 0.0336 -0.9909
vn -0.0000 0.0336 -0.9994
vn -0.0000 -0.0337 -0.9994
vn 0.2586 -0.0336 -0.9654
vn 0.2587 0.0336 -0.9654
vn 0.3824 0.0336 -0.9234
vn 0.3825 -0.0336 -0.9234
vn 0.4997 0.0336 -0.8656
vn 0.4997 -0.0336 -0.8655
vn 0.6084 0.0336 -0.7929
vn 0.6084 -0.0336 -0.7929
vn 0.7067 0.0336 -0.7067
vn 0.7067 -0.0336 -0.7067
vn 0.7929 0.0336 -0.6084
vn 0.7929 -0.0336 -0.6084
vn 0.8656 0.0337 -0.4997
vn 0.8655 -0.0336 -0.4997
vn 0.9234 0.0336 -0.3824
vn 0.9234 -0.0336 -0.3825
vn 0.9654 0.0336 -0.2586
vn 0.9654 -0.0336 -0.2587
vn 0.9909 0.0336 -0.1304
vn 0.9909 -0.0336 -0.1305
vn 0.9994 0.0336 -0.0000
vn 0.9994 -0.0336 -0.0000
vn 0.9909 0.0336 0.1304
vn 0.9909 -0.0336 0.1305
vn 0.9654 0.0336 0.2586
vn 0.9654 -0.0336 0.2587
vn 0.9234 0.0336 0.3824
vn 0.9234 -0.0336 0.3825
vn 0.8656 0.0336 0.4997
vn 0.8655 -0.0337 0.4997
vn 0.7929 0.0336 0.6084
vn 0.7929 -0.0336 0.6084
vn 0.7067 0.0336 0.7067
vn 0.7067 -0.0336 0.7067
vn 0.6084 0.0336 0.7929
vn 0.6084 -0.0336 0.7929
vn 0.4997 0.0336 0.8656
vn 0.4997 -0.0336 0.8655
vn 0.3824 0.0336 0.9234
vn 0.3825 -0.0336 0.9234
vn 0.2586 0.0336 0.9654
vn 0.2587 -0.0336 0.9654
vn 0.1305 0.0336 0.9909
vn 0.1305 -0.0336 0.9909
vn -0.0000 0.0337 0.9994
vn -0.0000 -0.0337 0.9994
vn -0.1305 0.0336 0.9909
vn -0.1305 -0.0336 0.9909
vn -0.2586 0.0336 0.9654
vn -0.2587 -0.0336 0.9654
vn -0.3824 0.0336 0.9234
vn -0.3825 -0.0336 0.9234
vn -0.4996 0.0337 0.8656
vn -0.4997 -0.0337 0.8655
vn -0.6084 0.0336 0.7929
vn -0.6084 -0.0336 0.7929
vn -0.7067 0.0336 0.7067
vn -0.7067 -0.0336 0.7067
vn -0.7929 0.0336 0.6084
vn -0.7929 -0.0336 0.6084
vn -0.8656 0.0337 0.4997
vn -0.8655 -0.0337 0.4997
vn -0.9234 0.0336 0.3824
vn -0.9234 -0.0336 0.3825
vn -0.9654 0.0336 0.2586
vn -0.9654 -0.0336 0.2587
vn -0.9909 0.0336 0.1305
vn -0.9909 -0.0336 0.1305
vn -0.9994 0.0336 -0.0000
vn -0.9994 -0.0336 -0.0000
vn -0.9909 0.0336 -0.1305
vn -0.9909 -0.0336 -0.1305
vn -0.9654 0.0336 -0.2586
vn -0.9654 -0.0336 -0.2587
vn -0.9234 0.0336 -0.3824
vn -0.9234 -0.0336 -0.3825
vn -0.8656 0.0337 -0.4997
vn -0.8655 -0.0337 -0.4997
vn -0.7929 0.0336 -0.6084
vn -0.7929 -0.0336 -0.6084
vn -0.7067 0.0336 -0.7067
vn -0.7067 -0.0336 -0.7067
vn -0.6084 0.0336 -0.7929
vn -0.6084 -0.0336 -0.7929
vn -0.4996 0.0337 -0.8656
vn -0.4997 -0.0337 -0.8655
vn -0.3824 0.0336 -0.9234
vn -0.3825 -0.0336 -0.9234
vn -0.2586 0.0336 -0.9654
vn -0.2587 -0.0336 -0.9654
vn 0.1304 -0.0336 -0.9909
vn 0.1305 0.0336 -0.9909
vn 0.0001 1.0000 -0.0010
vn -0.0000 1.0000 -0.0011
vn -0.0001 1.0000 -0.0011
vn -0.0002 1.0000 -0.0010
vn -0.0004 1.0000 -0.0009
vn -0.0005 1.0000 -0.0008
vn -0.0006 1.0000 -0.0008
vn -0.0007 1.0000 -0.0007
vn -0.0008 1.0000 -0.0007
vn -0.0008 1.0000 -0.0005
vn -0.0009 1.0000 -0.0004
vn -0.0010 1.0000 -0.0003
vn -0.0010 1.0000 -0.0001
vn -0.0011 1.0000 -0.0000
vn -0.0010 1.0000 0.0001
vn -0.0009 1.0000 0.0002
vn -0.0009 1.0000 0.0004
vn -0.0008 1.0000 0.0005
vn -0.0008 1.0000 0.0006
vn -0.0007 1.0000 0.0007
vn -0.0007 1.0000 0.0008
vn -0.0005 1.0000 0.0009
vn -0.0004 1.0000 0.0009
vn -0.0003 1.0000 0.0009
vn -0.0001 1.0000 0.0010
vn -0.0000 1.0000 0.0011
vn 0.0001 1.0000 0.0010
vn 0.0002 1.0000 0.0009
vn 0.0004 1.0000 0.0009
vn 0.0005 1.0000 0.0008
vn 0.0006 1.0000 0.0008
vn 0.0007 1.0000 0.0007
vn 0.0008 1.0000 0.0006
vn 0.0008 1.0000 0.0005
vn 0.0010 1.0000 0.0004
vn 0.0009 1.0000 0.0003
vn 0.0010 1.0000 0.0001
vn 0.0011 1.0000 -0.0000
vn 0.0010 1.0000 -0.0001
vn 0.0009 1.0000 -0.0002
vn 0.0009 1.0000 -0.0004
vn 0.0009 1.0000 -0.0005
vn 0.0008 1.0000 -0.0006
vn 0.0007 1.0000 -0.0007
vn 0.0006 1.0000 -0.0008
vn 0.0005 1.0000 -0.0008
vn 0.0004 1.0000 -0.0009
vn 0.0003 1.0000 -0.0009
vn 0.0926 -0.7051 -0.7030
vn -0.0000 -0.7051 -0.7091
vn 0.0001 -1.0000 -0.0010
vn -0.0000 -1.0000 -0.0010
vn -0.0000 0.7051 -0.7091
vn 0.0926 0.7051 -0.7030
vn 0.1835 -0.7051 -0.6850
vn 0.0003 -1.0000 -0.0010
vn 0.1835 0.7051 -0.6849
vn 0.2714 -0.7051 -0.6551
vn 0.0004 -1.0000 -0.0009
vn 0.2714 0.7051 -0.6551
vn 0.3546 -0.7051 -0.6141
vn 0.0005 -1.0000 -0.0008
vn 0.3546 0.7051 -0.6141
vn 0.4317 -0.7051 -0.5626
vn 0.0006 -1.0000 -0.0009
vn 0.4317 0.7051 -0.5626
vn 0.5014 -0.7051 -0.5014
vn 0.0007 -1.0000 -0.0007
vn 0.5014 0.7051 -0.5014
vn 0.5626 -0.7051 -0.4317
vn 0.0008 -1.0000 -0.0006
vn 0.5626 0.7051 -0.4317
vn 0.6141 -0.7051 -0.3546
vn 0.0008 -1.0000 -0.0005
vn 0.6141 0.7051 -0.3546
vn 0.6551 -0.7051 -0.2714
vn 0.0009 -1.0000 -0.0004
vn 0.6551 0.7051 -0.2714
vn 0.6850 -0.7051 -0.1835
vn 0.0009 -1.0000 -0.0002
vn 0.6849 0.7051 -0.1835
vn 0.7030 -0.7051 -0.0926
vn 0.0010 -1.0000 -0.0001
vn 0.7030 0.7051 -0.0926
vn 0.7091 -0.7051 -0.0000
vn 0.0011 -1.0000 -0.0000
vn 0.7091 0.7051 -0.0000
vn 0.7030 -0.7051 0.0926
vn 0.0010 -1.0000 0.0001
vn 0.7030 0.7051 0.0926
vn 0.6849 -0.7051 0.1835
vn 0.0009 -1.0000 0.0003
vn 0.6850 0.7051 0.1835
vn 0.6551 -0.7051 0.2714
vn 0.0009 -1.0000 0.0004
vn 0.6551 0.7051 0.2714
vn 0.6141 -0.7051 0.3546
vn 0.0008 -1.0000 0.0005
vn 0.6141 0.7051 0.3546
vn 0.5626 -0.7051 0.4317
vn 0.0008 -1.0000 0.0007
vn 0.5626 0.7051 0.4317
vn 0.5014 -0.7051 0.5014
vn 0.0007 -1.0000 0.0007
vn 0.5014 0.7051 0.5014
vn 0.4317 -0.7050 0.5626
vn 0.0006 -1.0000 0.0009
vn 0.4317 0.7051 0.5626
vn 0.3546 -0.7051 0.6141
vn 0.0005 -1.0000 0.0008
vn 0.3546 0.7051 0.6141
vn 0.2714 -0.7051 0.6551
vn 0.0004 -1.0000 0.0009
vn 0.2714 0.7051 0.6551
vn 0.1835 -0.7051 0.6850
vn 0.0002 -1.0000 0.0009
vn 0.1835 0.7051 0.6850
vn 0.0926 -0.7051 0.7030
vn 0.0001 -1.0000 0.0010
vn 0.0926 0.7051 0.7030
vn -0.0000 -0.7051 0.7091
vn -0.0000 -1.0000 0.0011
vn -0.0000 0.7051 0.7091
vn -0.0926 -0.7051 0.7030
vn -0.0001 -1.0000 0.0010
vn -0.0926 0.7051 0.7030
vn -0.1835 -0.7051 0.6850
vn -0.0003 -1.0000 0.0010
vn -0.1835 0.7051 0.6849
vn -0.2714 -0.7051 0.6551
vn -0.0004 -1.0000 0.0010
vn -0.2714 0.7051 0.6551
vn -0.3546 -0.7051 0.6141
vn -0.0005 -1.0000 0.0009
vn -0.3546 0.7051 0.6141
vn -0.4317 -0.7051 0.5626
vn -0.0007 -1.0000 0.0008
vn -0.4317 0.7051 0.5626
vn -0.5014 -0.7051 0.5014
vn -0.0007 -1.0000 0.0007
vn -0.5014 0.7051 0.5014
vn -0.5626 -0.7051 0.4317
vn -0.0009 -1.0000 0.0006
vn -0.5626 0.7051 0.4317
vn -0.6141 -0.7051 0.3546
vn -0.0008 -1.0000 0.0005
vn -0.6141 0.7051 0.3546
vn -0.6551 -0.7051 0.2714
vn -0.0009 -1.0000 0.0004
vn -0.6551 0.7051 0.2714
vn -0.6850 -0.7051 0.1835
vn -0.0009 -1.0000 0.0002
vn -0.6849 0.7051 0.1835
vn -0.7030 -0.7051 0.0926
vn -0.0010 -1.0000 0.0001
vn -0.7030 0.7051 0.0926
vn -0.7091 -0.7051 -0.0000
vn -0.0011 -1.0000 -0.0000
vn -0.7091 0.7051 -0.0000
vn -0.7030 -0.7051 -0.0926
vn -0.0010 -1.0000 -0.0001
vn -0.7030 0.7051 -0.0926
vn -0.6849 -0.7051 -0.1835
vn -0.0010 -1.0000 -0.0003
vn -0.6850 0.7051 -0.1835
vn -0.6551 -0.7051 -0.2714
vn -0.0009 -1.0000 -0.0004
vn -0.6551 0.7051 -0.2714
vn -0.6141 -0.7051 -0.3546
vn -0.0008 -1.0000 -0.0005
vn -0.6141 0.7051 -0.3546
vn -0.5626 -0.7051 -0.4317
vn -0.0008 -1.0000 -0.0007
vn -0.5626 0.7051 -0.4317
vn -0.5014 -0.7051 -0.5014
vn -0.0007 -1.0000 -0.0007
vn -0.5014 0.7051 -0.5014
vn -0.4317 -0.7051 -0.5626
vn -0.0006 -1.0000 -0.0009
vn -0.4317 0.7051 -0.5626
vn -0.3546 -0.7051 -0.6141
vn -0.0005 -1.0000 -0.0008
vn -0.3546 0.7051 -0.6141
vn -0.2714 -0.7051 -0.6551
vn -0.0004 -1.0000 -0.0009
vn -0.2714 0.7051 -0.6551
vn -0.1835 -0.7051 -0.6850
vn -0.0002 -1.0000 -0.0009
vn -0.1835 0.7051 -0.6850
vn -0.0926 -0.7051 -0.7030
vn -0.0001 -1.0000 -0.0011
vn -0.0926 0.7051 -0.7030
vt 0.020834 0.550000
vt 0.020834 0.950000
vt 0.000000 0.950000
vt 0.000000 0.550000
vt 0.958333 0.550000
vt 0.958333 0.950000
vt 0.937500 0.950000
vt 0.937500 0.550000
vt 0.916667 0.950000
vt 0.916667 0.550000
vt 0.895833 0.950000
vt 0.895833 0.550000
vt 0.875000 0.950000
vt 0.875000 0.550000
vt 0.854167 0.950000
vt 0.854167 0.550000
vt 0.833333 0.950000
vt 0.833333 0.550000
vt 0.812500 0.950000
vt 0.812500 0.550000
vt 0.791667 0.950000
vt 0.791667 0.550000
vt 0.770834 0.950000
vt 0.770834 0.550000
vt 0.750000 0.950000
vt 0.750000 0.550000
vt 0.729167 0.950000
vt 0.729167 0.550000
vt 0.708334 0.950000
vt 0.708334 0.550000
vt 0.687500 0.950000
vt 0.687500 0.550000
vt 0.666667 0.950000
vt 0.666667 0.550000
vt 0.645834 0.950000
vt 0.645834 0.550000
vt 0.625000 0.950000
vt 0.625000 0.550000
vt 0.604167 0.950000
vt 0.604167 0.550000
vt 0.583334 0.950000
vt 0.583334 0.550000
vt 0.562500 0.950000
vt 0.562500 0.550000
vt 0.541667 0.950000
vt 0.541667 0.550000
vt 0.520834 0.950000
vt 0.520834 0.550000
vt 0.500000 0.950000
vt 0.500000 0.550000
vt 0.479167 0.950000
vt 0.479167 0.550000
vt 0.458334 0.950000
vt 0.458334 0.550000
vt 0.437500 0.950000
vt 0.437500 0.550000
vt 0.416667 0.950000
vt 0.416667 0.550000
vt 0.395834 0.950000
vt 0.395834 0.550000
vt 0.375000 0.950000
vt 0.375000 0.550000
vt 0.354167 0.950000
vt 0.354167 0.550000
vt 0.333334 0.950000
vt 0.333334 0.550000
vt 0.312500 0.950000
vt 0.312500 0.550000
vt 0.291667 0.950000
vt 0.291667 0.550000
vt 0.270834 0.950000
vt 0.270834 0.550000
vt 0.250000 0.950000
vt 0.250000 0.550000
vt 0.229167 0.950000
vt 0.229167 0.550000
vt 0.208334 0.950000
vt 0.208334 0.550000
vt 0.187500 0.950000
vt 0.187500 0.550000
vt 0.166667 0.950000
vt 0.166667 0.550000
vt 0.145834 0.950000
vt 0.145834 0.550000
vt 0.125000 0.950000
vt 0.125000 0.550000
vt 0.104167 0.950000
vt 0.104167 0.550000
vt 0.083334 0.950000
vt 0.083334 0.550000
vt 0.062500 0.950000
vt 0.062500 0.550000
vt 0.041667 0.950000
vt 0.041667 0.550000
vt 0.979167 0.550000
vt 0.979167 0.950000
vt 0.280163 0.479115
vt 0.250000 0.481092
vt 0.219836 0.479115
vt 0.190189 0.473218
vt 0.161565 0.463501
vt 0.134454 0.450132
vt 0.109320 0.433338
vt 0.086593 0.413407
vt 0.066662 0.390680
vt 0.049868 0.365546
vt 0.036499 0.338435
vt 0.026782 0.309811
vt 0.020885 0.280163
vt 0.018908 0.250000
vt 0.020885 0.219836
vt 0.026782 0.190189
vt 0.036499 0.161565
vt 0.049868 0.134454
vt 0.066662 0.109320
vt 0.086593 0.086593
vt 0.109320 0.066662
vt 0.134454 0.049868
vt 0.161565 0.036499
vt 0.190189 0.026782
vt 0.219836 0.020885
vt 0.250000 0.018908
vt 0.280163 0.020885
vt 0.309811 0.026782
vt 0.338435 0.036499
vt 0.365546 0.049868
vt 0.390680 0.066662
vt 0.413407 0.086593
vt 0.433338 0.109320
vt 0.450132 0.134454
vt 0.463501 0.161565
vt 0.473218 0.190189
vt 0.479115 0.219836
vt 0.481092 0.250000
vt 0.479115 0.280163
vt 0.473218 0.309811
vt 0.463501 0.338435
vt 0.450132 0.365546
vt 0.433338 0.390680
vt 0.413407 0.413407
vt 0.390680 0.433338
vt 0.365546 0.450132
vt 0.338435 0.463501
vt 0.309811 0.473218
vt 1.000000 0.550000
vt 1.000000 0.950000
vt 0.979280 0.500000
vt 0.999887 0.500000
vt 0.750170 0.489989
vt 0.781156 0.487958
vt 0.780163 0.479115
vt 0.750000 0.481092
vt 0.999887 1.000000
vt 0.979280 1.000000
vt 0.281156 0.487958
vt 0.250170 0.489989
vt 0.958447 0.500000
vt 0.979053 0.500000
vt 0.781494 0.487913
vt 0.811949 0.481855
vt 0.809811 0.473218
vt 0.979053 1.000000
vt 0.958447 1.000000
vt 0.311949 0.481855
vt 0.281494 0.487913
vt 0.937613 0.500000
vt 0.958220 0.500000
vt 0.812278 0.481767
vt 0.841682 0.471786
vt 0.838435 0.463501
vt 0.958220 1.000000
vt 0.937613 1.000000
vt 0.341682 0.471786
vt 0.312278 0.481767
vt 0.916780 0.500000
vt 0.937387 0.500000
vt 0.841997 0.471656
vt 0.869847 0.457922
vt 0.865546 0.450132
vt 0.937387 1.000000
vt 0.916780 1.000000
vt 0.369847 0.457922
vt 0.341997 0.471656
vt 0.895947 0.500000
vt 0.916553 0.500000
vt 0.870142 0.457751
vt 0.895961 0.440500
vt 0.890680 0.433338
vt 0.916553 1.000000
vt 0.895947 1.000000
vt 0.395961 0.440500
vt 0.370142 0.457751
vt 0.875113 0.500000
vt 0.895720 0.500000
vt 0.896231 0.440292
vt 0.919577 0.419818
vt 0.913406 0.413407
vt 0.895720 1.000000
vt 0.875113 1.000000
vt 0.419577 0.419818
vt 0.396231 0.440292
vt 0.854280 0.500000
vt 0.874887 0.500000
vt 0.919818 0.419577
vt 0.940292 0.396231
vt 0.933337 0.390680
vt 0.874887 1.000000
vt 0.854280 1.000000
vt 0.440292 0.396231
vt 0.419818 0.419577
vt 0.833447 0.500000
vt 0.854054 0.500000
vt 0.940500 0.395961
vt 0.957751 0.370142
vt 0.950131 0.365546
vt 0.854054 1.000000
vt 0.833447 1.000000
vt 0.457751 0.370142
vt 0.440500 0.395961
vt 0.812613 0.500000
vt 0.833220 0.500000
vt 0.957922 0.369847
vt 0.971656 0.341997
vt 0.963501 0.338435
vt 0.833220 1.000000
vt 0.812613 1.000000
vt 0.471656 0.341997
vt 0.457922 0.369847
vt 0.791780 0.500000
vt 0.812387 0.500000
vt 0.971786 0.341682
vt 0.981767 0.312278
vt 0.973217 0.309811
vt 0.812387 1.000000
vt 0.791780 1.000000
vt 0.481767 0.312278
vt 0.471786 0.341682
vt 0.770947 0.500000
vt 0.791554 0.500000
vt 0.981856 0.311949
vt 0.987913 0.281494
vt 0.979115 0.280163
vt 0.791554 1.000000
vt 0.770947 1.000000
vt 0.487913 0.281494
vt 0.481855 0.311949
vt 0.750113 0.500000
vt 0.770720 0.500000
vt 0.987958 0.281156
vt 0.989989 0.250170
vt 0.981092 0.250000
vt 0.770720 1.000000
vt 0.750113 1.000000
vt 0.489989 0.250170
vt 0.487958 0.281156
vt 0.729280 0.500000
vt 0.749887 0.500000
vt 0.989989 0.249830
vt 0.987958 0.218844
vt 0.979115 0.219836
vt 0.749887 1.000000
vt 0.729280 1.000000
vt 0.487958 0.218844
vt 0.489989 0.249830
vt 0.708447 0.500000
vt 0.729054 0.500000
vt 0.987913 0.218506
vt 0.981856 0.188051
vt 0.973217 0.190189
vt 0.729054 1.000000
vt 0.708447 1.000000
vt 0.481855 0.188051
vt 0.487913 0.218506
vt 0.687613 0.500000
vt 0.708220 0.500000
vt 0.981767 0.187722
vt 0.971786 0.158318
vt 0.963501 0.161565
vt 0.708220 1.000000
vt 0.687613 1.000000
vt 0.471786 0.158318
vt 0.481767 0.187722
vt 0.666780 0.500000
vt 0.687387 0.500000
vt 0.971656 0.158003
vt 0.957922 0.130153
vt 0.950131 0.134454
vt 0.687387 1.000000
vt 0.666780 1.000000
vt 0.457922 0.130153
vt 0.471656 0.158003
vt 0.645947 0.500000
vt 0.666554 0.500000
vt 0.957751 0.129858
vt 0.940500 0.104039
vt 0.933338 0.109320
vt 0.666554 1.000000
vt 0.645947 1.000000
vt 0.440500 0.104039
vt 0.457751 0.129858
vt 0.625114 0.500000
vt 0.645720 0.500000
vt 0.940292 0.103769
vt 0.919818 0.080423
vt 0.913406 0.086593
vt 0.645720 1.000000
vt 0.625114 1.000000
vt 0.419818 0.080423
vt 0.440292 0.103769
vt 0.604280 0.500000
vt 0.624887 0.500000
vt 0.919577 0.080182
vt 0.896231 0.059708
vt 0.890680 0.066662
vt 0.624887 1.000000
vt 0.604280 1.000000
vt 0.396231 0.059708
vt 0.419577 0.080182
vt 0.583447 0.500000
vt 0.604054 0.500000
vt 0.895961 0.059500
vt 0.870142 0.042249
vt 0.865546 0.049868
vt 0.604054 1.000000
vt 0.583447 1.000000
vt 0.370142 0.042249
vt 0.395961 0.059500
vt 0.562614 0.500000
vt 0.583220 0.500000
vt 0.869847 0.042078
vt 0.841997 0.028344
vt 0.838435 0.036499
vt 0.583220 1.000000
vt 0.562614 1.000000
vt 0.341997 0.028344
vt 0.369847 0.042078
vt 0.541780 0.500000
vt 0.562387 0.500000
vt 0.841682 0.028214
vt 0.812278 0.018233
vt 0.809811 0.026782
vt 0.562387 1.000000
vt 0.541780 1.000000
vt 0.312278 0.018233
vt 0.341682 0.028214
vt 0.520947 0.500000
vt 0.541554 0.500000
vt 0.811949 0.018145
vt 0.781494 0.012087
vt 0.780163 0.020885
vt 0.541554 1.000000
vt 0.520947 1.000000
vt 0.281494 0.012087
vt 0.311949 0.018145
vt 0.500114 0.500000
vt 0.520721 0.500000
vt 0.781156 0.012042
vt 0.750170 0.010011
vt 0.750000 0.018908
vt 0.520721 1.000000
vt 0.500114 1.000000
vt 0.250170 0.010011
vt 0.281156 0.012042
vt 0.479280 0.500000
vt 0.499887 0.500000
vt 0.749830 0.010011
vt 0.718844 0.012042
vt 0.719836 0.020885
vt 0.499887 1.000000
vt 0.479280 1.000000
vt 0.218844 0.012042
vt 0.249830 0.010011
vt 0.458447 0.500000
vt 0.479054 0.500000
vt 0.718506 0.012087
vt 0.688051 0.018145
vt 0.690189 0.026782
vt 0.479054 1.000000
vt 0.458447 1.000000
vt 0.188051 0.018145
vt 0.218506 0.012087
vt 0.437614 0.500000
vt 0.458221 0.500000
vt 0.687722 0.018233
vt 0.658318 0.028214
vt 0.661565 0.036499
vt 0.458221 1.000000
vt 0.437614 1.000000
vt 0.158318 0.028214
vt 0.187722 0.018233
vt 0.416780 0.500000
vt 0.437387 0.500000
vt 0.658003 0.028344
vt 0.630153 0.042078
vt 0.634454 0.049868
vt 0.437387 1.000000
vt 0.416780 1.000000
vt 0.130153 0.042078
vt 0.158003 0.028344
vt 0.395947 0.500000
vt 0.416554 0.500000
vt 0.629858 0.042249
vt 0.604039 0.059500
vt 0.609320 0.066662
vt 0.416554 1.000000
vt 0.395947 1.000000
vt 0.104039 0.059500
vt 0.129858 0.042249
vt 0.375114 0.500000
vt 0.395721 0.500000
vt 0.603769 0.059708
vt 0.580423 0.080182
vt 0.586593 0.086593
vt 0.395721 1.000000
vt 0.375114 1.000000
vt 0.080423 0.080182
vt 0.103769 0.059708
vt 0.354280 0.500000
vt 0.374887 0.500000
vt 0.580182 0.080423
vt 0.559708 0.103769
vt 0.566662 0.109320
vt 0.374887 1.000000
vt 0.354280 1.000000
vt 0.059708 0.103769
vt 0.080182 0.080423
vt 0.333447 0.500000
vt 0.354054 0.500000
vt 0.559500 0.104039
vt 0.542249 0.129858
vt 0.549868 0.134454
vt 0.354054 1.000000
vt 0.333447 1.000000
vt 0.042249 0.129858
vt 0.059500 0.104039
vt 0.312614 0.500000
vt 0.333221 0.500000
vt 0.542078 0.130153
vt 0.528344 0.158003
vt 0.536499 0.161565
vt 0.333221 1.000000
vt 0.312614 1.000000
vt 0.028344 0.158003
vt 0.042078 0.130153
vt 0.291780 0.500000
vt 0.312387 0.500000
vt 0.528214 0.158318
vt 0.518233 0.187722
vt 0.526782 0.190189
vt 0.312387 1.000000
vt 0.291780 1.000000
vt 0.018233 0.187722
vt 0.028214 0.158318
vt 0.270947 0.500000
vt 0.291554 0.500000
vt 0.518145 0.188051
vt 0.512087 0.218506
vt 0.520885 0.219836
vt 0.291554 1.000000
vt 0.270947 1.000000
vt 0.012087 0.218506
vt 0.018145 0.188051
vt 0.250114 0.500000
vt 0.270720 0.500000
vt 0.512042 0.218844
vt 0.510011 0.249830
vt 0.518908 0.250000
vt 0.270720 1.000000
vt 0.250114 1.000000
vt 0.010011 0.249830
vt 0.012042 0.218844
vt 0.229280 0.500000
vt 0.249887 0.500000
vt 0.510011 0.250170
vt 0.512042 0.281156
vt 0.520885 0.280164
vt 0.249887 1.000000
vt 0.229280 1.000000
vt 0.012042 0.281156
vt 0.010011 0.250170
vt 0.208447 0.500000
vt 0.229054 0.500000
vt 0.512087 0.281494
vt 0.518144 0.311949
vt 0.526782 0.309811
vt 0.229054 1.000000
vt 0.208447 1.000000
vt 0.018145 0.311949
vt 0.012087 0.281494
vt 0.187614 0.500000
vt 0.208220 0.500000
vt 0.518233 0.312278
vt 0.528214 0.341682
vt 0.536499 0.338435
vt 0.208220 1.000000
vt 0.187614 1.000000
vt 0.028214 0.341682
vt 0.018233 0.312278
vt 0.166780 0.500000
vt 0.187387 0.500000
vt 0.528344 0.341997
vt 0.542078 0.369847
vt 0.549868 0.365546
vt 0.187387 1.000000
vt 0.166780 1.000000
vt 0.042078 0.369847
vt 0.028344 0.341997
vt 0.145947 0.500000
vt 0.166554 0.500000
vt 0.542249 0.370142
vt 0.559500 0.395961
vt 0.566662 0.390680
vt 0.166554 1.000000
vt 0.145947 1.000000
vt 0.059500 0.395961
vt 0.042249 0.370142
vt 0.125114 0.500000
vt 0.145720 0.500000
vt 0.559708 0.396231
vt 0.580182 0.419577
vt 0.586593 0.413407
vt 0.145720 1.000000
vt 0.125114 1.000000
vt 0.080182 0.419577
vt 0.059708 0.396231
vt 0.104280 0.500000
vt 0.124887 0.500000
vt 0.580423 0.419818
vt 0.603769 0.440292
vt 0.609320 0.433338
vt 0.124887 1.000000
vt 0.104280 1.000000
vt 0.103769 0.440292
vt 0.080423 0.419818
vt 0.083447 0.500000
vt 0.104054 0.500000
vt 0.604039 0.440500
vt 0.629858 0.457751
vt 0.634454 0.450132
vt 0.104054 1.000000
vt 0.083447 1.000000
vt 0.129858 0.457751
vt 0.104039 0.440500
vt 0.062614 0.500000
vt 0.083220 0.500000
vt 0.630153 0.457922
vt 0.658003 0.471656
vt 0.661565 0.463501
vt 0.083220 1.000000
vt 0.062614 1.000000
vt 0.158003 0.471656
vt 0.130153 0.457922
vt 0.041780 0.500000
vt 0.062387 0.500000
vt 0.658318 0.471786
vt 0.687722 0.481767
vt 0.690189 0.473218
vt 0.062387 1.000000
vt 0.041780 1.000000
vt 0.187722 0.481767
vt 0.158318 0.471786
vt 0.020947 0.500000
vt 0.041554 0.500000
vt 0.688051 0.481855
vt 0.718506 0.487913
vt 0.719837 0.479115
vt 0.041554 1.000000
vt 0.020947 1.000000
vt 0.218506 0.487913
vt 0.188051 0.481855
vt 0.000114 0.500000
vt 0.020720 0.500000
vt 0.718844 0.487958
vt 0.749830 0.489989
vt 0.020720 1.000000
vt 0.000114 1.000000
vt 0.249830 0.489989
vt 0.218844 0.487958
s 1
usemtl Anodized_graphite.001
f 1660/2635/1336 1663/2636/1337 1381/2637/1338 1378/2638/1339
f 1390/2639/1340 1393/2640/1341 1399/2641/1342 1396/2642/1343
f 1396/2642/1343 1399/2641/1342 1405/2643/1344 1402/2644/1345
f 1402/2644/1345 1405/2643/1344 1411/2645/1346 1408/2646/1347
f 1408/2646/1347 1411/2645/1346 1417/2647/1348 1414/2648/1349
f 1414/2648/1349 1417/2647/1348 1423/2649/1350 1420/2650/1351
f 1420/2650/1351 1423/2649/1350 1429/2651/1352 1426/2652/1353
f 1426/2652/1353 1429/2651/1352 1435/2653/1354 1432/2654/1355
f 1432/2654/1355 1435/2653/1354 1441/2655/1356 1438/2656/1357
f 1438/2656/1357 1441/2655/1356 1447/2657/1358 1444/2658/1359
f 1444/2658/1359 1447/2657/1358 1453/2659/1360 1450/2660/1361
f 1450/2660/1361 1453/2659/1360 1459/2661/1362 1456/2662/1363
f 1456/2662/1363 1459/2661/1362 1465/2663/1364 1462/2664/1365
f 1462/2664/1365 1465/2663/1364 1471/2665/1366 1468/2666/1367
f 1468/2666/1367 1471/2665/1366 1477/2667/1368 1474/2668/1369
f 1474/2668/1369 1477/2667/1368 1483/2669/1370 1480/2670/1371
f 1480/2670/1371 1483/2669/1370 1489/2671/1372 1486/2672/1373
f 1486/2672/1373 1489/2671/1372 1495/2673/1374 1492/2674/1375
f 1492/2674/1375 1495/2673/1374 1501/2675/1376 1498/2676/1377
f 1498/2676/1377 1501/2675/1376 1507/2677/1378 1504/2678/1379
f 1504/2678/1379 1507/2677/1378 1513/2679/1380 1510/2680/1381
f 1510/2680/1381 1513/2679/1380 1519/2681/1382 1516/2682/1383
f 1516/2682/1383 1519/2681/1382 1525/2683/1384 1522/2684/1385
f 1522/2684/1385 1525/2683/1384 1531/2685/1386 1528/2686/1387
f 1528/2686/1387 1531/2685/1386 1537/2687/1388 1534/2688/1389
f 1534/2688/1389 1537/2687/1388 1543/2689/1390 1540/2690/1391
f 1540/2690/1391 1543/2689/1390 1549/2691/1392 1546/2692/1393
f 1546/2692/1393 1549/2691/1392 1555/2693/1394 1552/2694/1395
f 1552/2694/1395 1555/2693/1394 1561/2695/1396 1558/2696/1397
f 1558/2696/1397 1561/2695/1396 1567/2697/1398 1564/2698/1399
f 1564/2698/1399 1567/2697/1398 1573/2699/1400 1570/2700/1401
f 1570/2700/1401 1573/2699/1400 1579/2701/1402 1576/2702/1403
f 1576/2702/1403 1579/2701/1402 1585/2703/1404 1582/2704/1405
f 1582/2704/1405 1585/2703/1404 1591/2705/1406 1588/2706/1407
f 1588/2706/1407 1591/2705/1406 1597/2707/1408 1594/2708/1409
f 1594/2708/1409 1597/2707/1408 1603/2709/1410 1600/2710/1411
f 1600/2710/1411 1603/2709/1410 1609/2711/1412 1606/2712/1413
f 1606/2712/1413 1609/2711/1412 1615/2713/1414 1612/2714/1415
f 1612/2714/1415 1615/2713/1414 1621/2715/1416 1618/2716/1417
f 1618/2716/1417 1621/2715/1416 1627/2717/1418 1624/2718/1419
f 1624/2718/1419 1627/2717/1418 1633/2719/1420 1630/2720/1421
f 1630/2720/1421 1633/2719/1420 1639/2721/1422 1636/2722/1423
f 1636/2722/1423 1639/2721/1422 1645/2723/1424 1642/2724/1425
f 1642/2724/1425 1645/2723/1424 1651/2725/1426 1648/2726/1427
f 1648/2726/1427 1651/2725/1426 1657/2727/1428 1654/2728/1429
f 1654/2728/1429 1657/2727/1428 1663/2636/1337 1660/2635/1336
f 1384/2729/1430 1387/2730/1431 1393/2640/1341 1390/2639/1340
f 1386/2731/1432 1380/2732/1433 1662/2733/1434 1656/2734/1435 1650/2735/1436 1644/2736/1437 1638/2737/1438 1632/2738/1439 1626/2739/1440 1620/2740/1441 1614/2741/1442 1608/2742/1443 1602/2743/1444 1596/2744/1445 1590/2745/1446 1584/2746/1447 1578/2747/1448 1572/2748/1449 1566/2749/1450 1560/2750/1451 1554/2751/1452 1548/2752/1453 1542/2753/1454 1536/2754/1455 1530/2755/1456 1524/2756/1457 1518/2757/1458 1512/2758/1459 1506/2759/1460 1500/2760/1461 1494/2761/1462 1488/2762/1463 1482/2763/1464 1476/2764/1465 1470/2765/1466 1464/2766/1467 1458/2767/1468 1452/2768/1469 1446/2769/1470 1440/2770/1471 1434/2771/1472 1428/2772/1473 1422/2773/1474 1416/2774/1475 1410/2775/1476 1404/2776/1477 1398/2777/1478 1392/2778/1479
f 1378/2779/1339 1381/2780/1338 1387/2730/1431 1384/2729/1430
f 1378/2779/1339 1384/2729/1430 1385/2781/1480 1379/2782/1481
f 1379/2783/1481 1385/2784/1480 1383/2785/1482 1377/2786/1483
f 1387/2730/1431 1381/2780/1338 1382/2787/1484 1388/2788/1485
f 1388/2789/1485 1382/2790/1484 1380/2732/1433 1386/2731/1432
f 1384/2729/1430 1390/2639/1340 1391/2791/1486 1385/2792/1480
f 1385/2793/1480 1391/2794/1486 1389/2795/1487 1383/2785/1482
f 1393/2640/1341 1387/2730/1431 1388/2796/1485 1394/2797/1488
f 1394/2798/1488 1388/2799/1485 1386/2731/1432 1392/2778/1479
f 1390/2639/1340 1396/2642/1343 1397/2800/1489 1391/2801/1486
f 1391/2802/1486 1397/2803/1489 1395/2804/1490 1389/2795/1487
f 1399/2641/1342 1393/2640/1341 1394/2805/1488 1400/2806/1491
f 1400/2807/1491 1394/2808/1488 1392/2778/1479 1398/2777/1478
f 1396/2642/1343 1402/2644/1345 1403/2809/1492 1397/2810/1489
f 1397/2811/1489 1403/2812/1492 1401/2813/1493 1395/2804/1490
f 1405/2643/1344 1399/2641/1342 1400/2814/1491 1406/2815/1494
f 1406/2816/1494 1400/2817/1491 1398/2777/1478 1404/2776/1477
f 1402/2644/1345 1408/2646/1347 1409/2818/1495 1403/2819/1492
f 1403/2820/1492 1409/2821/1495 1407/2822/1496 1401/2813/1493
f 1411/2645/1346 1405/2643/1344 1406/2823/1494 1412/2824/1497
f 1412/2825/1497 1406/2826/1494 1404/2776/1477 1410/2775/1476
f 1408/2646/1347 1414/2648/1349 1415/2827/1498 1409/2828/1495
f 1409/2829/1495 1415/2830/1498 1413/2831/1499 1407/2822/1496
f 1417/2647/1348 1411/2645/1346 1412/2832/1497 1418/2833/1500
f 1418/2834/1500 1412/2835/1497 1410/2775/1476 1416/2774/1475
f 1414/2648/1349 1420/2650/1351 1421/2836/1501 1415/2837/1498
f 1415/2838/1498 1421/2839/1501 1419/2840/1502 1413/2831/1499
f 1423/2649/1350 1417/2647/1348 1418/2841/1500 1424/2842/1503
f 1424/2843/1503 1418/2844/1500 1416/2774/1475 1422/2773/1474
f 1420/2650/1351 1426/2652/1353 1427/2845/1504 1421/2846/1501
f 1421/2847/1501 1427/2848/1504 1425/2849/1505 1419/2840/1502
f 1429/2651/1352 1423/2649/1350 1424/2850/1503 1430/2851/1506
f 1430/2852/1506 1424/2853/1503 1422/2773/1474 1428/2772/1473
f 1426/2652/1353 1432/2654/1355 1433/2854/1507 1427/2855/1504
f 1427/2856/1504 1433/2857/1507 1431/2858/1508 1425/2849/1505
f 1435/2653/1354 1429/2651/1352 1430/2859/1506 1436/2860/1509
f 1436/2861/1509 1430/2862/1506 1428/2772/1473 1434/2771/1472
f 1432/2654/1355 1438/2656/1357 1439/2863/1510 1433/2864/1507
f 1433/2865/1507 1439/2866/1510 1437/2867/1511 1431/2858/1508
f 1441/2655/1356 1435/2653/1354 1436/2868/1509 1442/2869/1512
f 1442/2870/1512 1436/2871/1509 1434/2771/1472 1440/2770/1471
f 1438/2656/1357 1444/2658/1359 1445/2872/1513 1439/2873/1510
f 1439/2874/1510 1445/2875/1513 1443/2876/1514 1437/2867/1511
f 1447/2657/1358 1441/2655/1356 1442/2877/1512 1448/2878/1515
f 1448/2879/1515 1442/2880/1512 1440/2770/1471 1446/2769/1470
f 1444/2658/1359 1450/2660/1361 1451/2881/1516 1445/2882/1513
f 1445/2883/1513 1451/2884/1516 1449/2885/1517 1443/2876/1514
f 1453/2659/1360 1447/2657/1358 1448/2886/1515 1454/2887/1518
f 1454/2888/1518 1448/2889/1515 1446/2769/1470 1452/2768/1469
f 1450/2660/1361 1456/2662/1363 1457/2890/1519 1451/2891/1516
f 1451/2892/1516 1457/2893/1519 1455/2894/1520 1449/2885/1517
f 1459/2661/1362 1453/2659/1360 1454/2895/1518 1460/2896/1521
f 1460/2897/1521 1454/2898/1518 1452/2768/1469 1458/2767/1468
f 1456/2662/1363 1462/2664/1365 1463/2899/1522 1457/2900/1519
f 1457/2901/1519 1463/2902/1522 1461/2903/1523 1455/2894/1520
f 1465/2663/1364 1459/2661/1362 1460/2904/1521 1466/2905/1524
f 1466/2906/1524 1460/2907/1521 1458/2767/1468 1464/2766/1467
f 1462/2664/1365 1468/2666/1367 1469/2908/1525 1463/2909/1522
f 1463/2910/1522 1469/2911/1525 1467/2912/1526 1461/2903/1523
f 1471/2665/1366 1465/2663/1364 1466/2913/1524 1472/2914/1527
f 1472/2915/1527 1466/2916/1524 1464/2766/1467 1470/2765/1466
f 1468/2666/1367 1474/2668/1369 1475/2917/1528 1469/2918/1525
f 1469/2919/1525 1475/2920/1528 1473/2921/1529 1467/2912/1526
f 1477/2667/1368 1471/2665/1366 1472/2922/1527 1478/2923/1530
f 1478/2924/1530 1472/2925/1527 1470/2765/1466 1476/2764/1465
f 1474/2668/1369 1480/2670/1371 1481/2926/1531 1475/2927/1528
f 1475/2928/1528 1481/2929/1531 1479/2930/1532 1473/2921/1529
f 1483/2669/1370 1477/2667/1368 1478/2931/1530 1484/2932/1533
f 1484/2933/1533 1478/2934/1530 1476/2764/1465 1482/2763/1464
f 1480/2670/1371 1486/2672/1373 1487/2935/1534 1481/2936/1531
f 1481/2937/1531 1487/2938/1534 1485/2939/1535 1479/2930/1532
f 1489/2671/1372 1483/2669/1370 1484/2940/1533 1490/2941/1536
f 1490/2942/1536 1484/2943/1533 1482/2763/1464 1488/2762/1463
f 1486/2672/1373 1492/2674/1375 1493/2944/1537 1487/2945/1534
f 1487/2946/1534 1493/2947/1537 1491/2948/1538 1485/2939/1535
f 1495/2673/1374 1489/2671/1372 1490/2949/1536 1496/2950/1539
f 1496/2951/1539 1490/2952/1536 1488/2762/1463 1494/2761/1462
f 1492/2674/1375 1498/2676/1377 1499/2953/1540 1493/2954/1537
f 1493/2955/1537 1499/2956/1540 1497/2957/1541 1491/2948/1538
f 1501/2675/1376 1495/2673/1374 1496/2958/1539 1502/2959/1542
f 1502/2960/1542 1496/2961/1539 1494/2761/1462 1500/2760/1461
f 1498/2676/1377 1504/2678/1379 1505/2962/1543 1499/2963/1540
f 1499/2964/1540 1505/2965/1543 1503/2966/1544 1497/2957/1541
f 1507/2677/1378 1501/2675/1376 1502/2967/1542 1508/2968/1545
f 1508/2969/1545 1502/2970/1542 1500/2760/1461 1506/2759/1460
f 1504/2678/1379 1510/2680/1381 1511/2971/1546 1505/2972/1543
f 1505/2973/1543 1511/2974/1546 1509/2975/1547 1503/2966/1544
f 1513/2679/1380 1507/2677/1378 1508/2976/1545 1514/2977/1548
f 1514/2978/1548 1508/2979/1545 1506/2759/1460 1512/2758/1459
f 1510/2680/1381 1516/2682/1383 1517/2980/1549 1511/2981/1546
f 1511/2982/1546 1517/2983/1549 1515/2984/1550 1509/2975/1547
f 1519/2681/1382 1513/2679/1380 1514/2985/1548 1520/2986/1551
f 1520/2987/1551 1514/2988/1548 1512/2758/1459 1518/2757/1458
f 1516/2682/1383 1522/2684/1385 1523/2989/1552 1517/2990/1549
f 1517/2991/1549 1523/2992/1552 1521/2993/1553 1515/2984/1550
f 1525/2683/1384 1519/2681/1382 1520/2994/1551 1526/2995/1554
f 1526/2996/1554 1520/2997/1551 1518/2757/1458 1524/2756/1457
f 1522/2684/1385 1528/2686/1387 1529/2998/1555 1523/2999/1552
f 1523/3000/1552 1529/3001/1555 1527/3002/1556 1521/2993/1553
f 1531/2685/1386 1525/2683/1384 1526/3003/1554 1532/3004/1557
f 1532/3005/1557 1526/3006/1554 1524/2756/1457 1530/2755/1456
f 1528/2686/1387 1534/2688/1389 1535/3007/1558 1529/3008/1555
f 1529/3009/1555 1535/3010/1558 1533/3011/1559 1527/3002/1556
f 1537/2687/1388 1531/2685/1386 1532/3012/1557 1538/3013/1560
f 1538/3014/1560 1532/3015/1557 1530/2755/1456 1536/2754/1455
f 1534/2688/1389 1540/2690/1391 1541/3016/1561 1535/3017/1558
f 1535/3018/1558 1541/3019/1561 1539/3020/1562 1533/3011/1559
f 1543/2689/1390 1537/2687/1388 1538/3021/1560 1544/3022/1563
f 1544/3023/1563 1538/3024/1560 1536/2754/1455 1542/2753/1454
f 1540/2690/1391 1546/2692/1393 1547/3025/1564 1541/3026/1561
f 1541/3027/1561 1547/3028/1564 1545/3029/1565 1539/3020/1562
f 1549/2691/1392 1543/2689/1390 1544/3030/1563 1550/3031/1566
f 1550/3032/1566 1544/3033/1563 1542/2753/1454 1548/2752/1453
f 1546/2692/1393 1552/2694/1395 1553/3034/1567 1547/3035/1564
f 1547/3036/1564 1553/3037/1567 1551/3038/1568 1545/3029/1565
f 1555/2693/1394 1549/2691/1392 1550/3039/1566 1556/3040/1569
f 1556/3041/1569 1550/3042/1566 1548/2752/1453 1554/2751/1452
f 1552/2694/1395 1558/2696/1397 1559/3043/1570 1553/3044/1567
f 1553/3045/1567 1559/3046/1570 1557/3047/1571 1551/3038/1568
f 1561/2695/1396 1555/2693/1394 1556/3048/1569 1562/3049/1572
f 1562/3050/1572 1556/3051/1569 1554/2751/1452 1560/2750/1451
f 1558/2696/1397 1564/2698/1399 1565/3052/1573 1559/3053/1570
f 1559/3054/1570 1565/3055/1573 1563/3056/1574 1557/3047/1571
f 1567/2697/1398 1561/2695/1396 1562/3057/1572 1568/3058/1575
f 1568/3059/1575 1562/3060/1572 1560/2750/1451 1566/2749/1450
f 1564/2698/1399 1570/2700/1401 1571/3061/1576 1565/3062/1573
f 1565/3063/1573 1571/3064/1576 1569/3065/1577 1563/3056/1574
f 1573/2699/1400 1567/2697/1398 1568/3066/1575 1574/3067/1578
f 1574/3068/1578 1568/3069/1575 1566/2749/1450 1572/2748/1449
f 1570/2700/1401 1576/2702/1403 1577/3070/1579 1571/3071/1576
f 1571/3072/1576 1577/3073/1579 1575/3074/1580 1569/3065/1577
f 1579/2701/1402 1573/2699/1400 1574/3075/1578 1580/3076/1581
f 1580/3077/1581 1574/3078/1578 1572/2748/1449 1578/2747/1448
f 1576/2702/1403 1582/2704/1405 1583/3079/1582 1577/3080/1579
f 1577/3081/1579 1583/3082/1582 1581/3083/1583 1575/3074/1580
f 1585/2703/1404 1579/2701/1402 1580/3084/1581 1586/3085/1584
f 1586/3086/1584 1580/3087/1581 1578/2747/1448 1584/2746/1447
f 1582/2704/1405 1588/2706/1407 1589/3088/1585 1583/3089/1582
f 1583/3090/1582 1589/3091/1585 1587/3092/1586 1581/3083/1583
f 1591/2705/1406 1585/2703/1404 1586/3093/1584 1592/3094/1587
f 1592/3095/1587 1586/3096/1584 1584/2746/1447 1590/2745/1446
f 1588/2706/1407 1594/2708/1409 1595/3097/1588 1589/3098/1585
f 1589/3099/1585 1595/3100/1588 1593/3101/1589 1587/3092/1586
f 1597/2707/1408 1591/2705/1406 1592/3102/1587 1598/3103/1590
f 1598/3104/1590 1592/3105/1587 1590/2745/1446 1596/2744/1445
f 1594/2708/1409 1600/2710/1411 1601/3106/1591 1595/3107/1588
f 1595/3108/1588 1601/3109/1591 1599/3110/1592 1593/3101/1589
f 1603/2709/1410 1597/2707/1408 1598/3111/1590 1604/3112/1593
f 1604/3113/1593 1598/3114/1590 1596/2744/1445 1602/2743/1444
f 1600/2710/1411 1606/2712/1413 1607/3115/1594 1601/3116/1591
f 1601/3117/1591 1607/3118/1594 1605/3119/1595 1599/3110/1592
f 1609/2711/1412 1603/2709/1410 1604/3120/1593 1610/3121/1596
f 1610/3122/1596 1604/3123/1593 1602/2743/1444 1608/2742/1443
f 1606/2712/1413 1612/2714/1415 1613/3124/1597 1607/3125/1594
f 1607/3126/1594 1613/3127/1597 1611/3128/1598 1605/3119/1595
f 1615/2713/1414 1609/2711/1412 1610/3129/1596 1616/3130/1599
f 1616/3131/1599 1610/3132/1596 1608/2742/1443 1614/2741/1442
f 1612/2714/1415 1618/2716/1417 1619/3133/1600 1613/3134/1597
f 1613/3135/1597 1619/3136/1600 1617/3137/1601 1611/3128/1598
f 1621/2715/1416 1615/2713/1414 1616/3138/1599 1622/3139/1602
f 1622/3140/1602 1616/3141/1599 1614/2741/1442 1620/2740/1441
f 1618/2716/1417 1624/2718/1419 1625/3142/1603 1619/3143/1600
f 1619/3144/1600 1625/3145/1603 1623/3146/1604 1617/3137/1601
f 1627/2717/1418 1621/2715/1416 1622/3147/1602 1628/3148/1605
f 1628/3149/1605 1622/3150/1602 1620/2740/1441 1626/2739/1440
f 1624/2718/1419 1630/2720/1421 1631/3151/1606 1625/3152/1603
f 1625/3153/1603 1631/3154/1606 1629/3155/1607 1623/3146/1604
f 1633/2719/1420 1627/2717/1418 1628/3156/1605 1634/3157/1608
f 1634/3158/1608 1628/3159/1605 1626/2739/1440 1632/2738/1439
f 1630/2720/1421 1636/2722/1423 1637/3160/1609 1631/3161/1606
f 1631/3162/1606 1637/3163/1609 1635/3164/1610 1629/3155/1607
f 1639/2721/1422 1633/2719/1420 1634/3165/1608 1640/3166/1611
f 1640/3167/1611 1634/3168/1608 1632/2738/1439 1638/2737/1438
f 1636/2722/1423 1642/2724/1425 1643/3169/1612 1637/3170/1609
f 1637/3171/1609 1643/3172/1612 1641/3173/1613 1635/3164/1610
f 1645/2723/1424 1639/2721/1422 1640/3174/1611 1646/3175/1614
f 1646/3176/1614 1640/3177/1611 1638/2737/1438 1644/2736/1437
f 1642/2724/1425 1648/2726/1427 1649/3178/1615 1643/3179/1612
f 1643/3180/1612 1649/3181/1615 1647/3182/1616 1641/3173/1613
f 1651/2725/1426 1645/2723/1424 1646/3183/1614 1652/3184/1617
f 1652/3185/1617 1646/3186/1614 1644/2736/1437 1650/2735/1436
f 1648/2726/1427 1654/2728/1429 1655/3187/1618 1649/3188/1615
f 1649/3189/1615 1655/3190/1618 1653/3191/1619 1647/3182/1616
f 1657/2727/1428 1651/2725/1426 1652/3192/1617 1658/3193/1620
f 1658/3194/1620 1652/3195/1617 1650/2735/1436 1656/2734/1435
f 1654/2728/1429 1660/2635/1336 1661/3196/1621 1655/3197/1618
f 1655/3198/1618 1661/3199/1621 1659/3200/1622 1653/3191/1619
f 1663/2636/1337 1657/2727/1428 1658/3201/1620 1664/3202/1623
f 1664/3203/1623 1658/3204/1620 1656/2734/1435 1662/2733/1434
f 1660/2635/1336 1378/2638/1339 1379/3205/1481 1661/3206/1621
f 1661/3207/1621 1379/3208/1481 1377/2786/1483 1659/3200/1622
f 1381/2637/1338 1663/2636/1337 1664/3209/1623 1382/3210/1484
f 1382/3211/1484 1664/3212/1623 1662/2733/1434 1380/2732/1433
f 1377/2786/1483 1383/2785/1482 1389/2795/1487 1395/2804/1490 1401/2813/1493 1407/2822/1496 1413/2831/1499 1419/2840/1502 1425/2849/1505 1431/2858/1508 1437/2867/1511 1443/2876/1514 1449/2885/1517 1455/2894/1520 1461/2903/1523 1467/2912/1526 1473/2921/1529 1479/2930/1532 1485/2939/1535 1491/2948/1538 1497/2957/1541 1503/2966/1544 1509/2975/1547 1515/2984/1550 1521/2993/1553 1527/3002/1556 1533/3011/1559 1539/3020/1562 1545/3029/1565 1551/3038/1568 1557/3047/1571 1563/3056/1574 1569/3065/1577 1575/3074/1580 1581/3083/1583 1587/3092/1586 1593/3101/1589 1599/3110/1592 1605/3119/1595 1611/3128/1598 1617/3137/1601 1623/3146/1604 1629/3155/1607 1635/3164/1610 1641/3173/1613 1647/3182/1616 1653/3191/1619 1659/3200/1622
o Radial_cooling_vent.036
v 0.011417 0.042135 0.001079
v 0.011417 0.042635 0.001579
v 0.010917 0.042635 0.001079
v 0.011417 0.042202 0.001329
v 0.011167 0.042202 0.001079
v 0.011178 0.042267 0.001318
v 0.011167 0.042635 0.001512
v 0.011417 0.042385 0.001512
v 0.011178 0.042396 0.001447
v 0.010984 0.042385 0.001079
v 0.010984 0.042635 0.001329
v 0.011049 0.042396 0.001318
v 0.011417 0.042635 0.001579
v 0.011417 0.043135 0.001079
v 0.010917 0.042635 0.001079
v 0.011417 0.042885 0.001512
v 0.011167 0.042635 0.001512
v 0.011178 0.042874 0.001447
v 0.011167 0.043068 0.001079
v 0.011417 0.043068 0.001329
v 0.011178 0.043003 0.001318
v 0.010984 0.042635 0.001329
v 0.010984 0.042885 0.001079
v 0.011049 0.042874 0.001318
v 0.011417 0.042135 -0.000921
v 0.010917 0.042635 -0.000921
v 0.011417 0.042635 -0.001421
v 0.011167 0.042202 -0.000921
v 0.011417 0.042202 -0.001171
v 0.011178 0.042267 -0.001160
v 0.010984 0.042635 -0.001171
v 0.010984 0.042385 -0.000921
v 0.011049 0.042396 -0.001160
v 0.011417 0.042385 -0.001354
v 0.011167 0.042635 -0.001354
v 0.011178 0.042396 -0.001289
v 0.011417 0.043135 -0.000921
v 0.011417 0.042635 -0.001421
v 0.010917 0.042635 -0.000921
v 0.011417 0.043068 -0.001171
v 0.011167 0.043068 -0.000921
v 0.011178 0.043003 -0.001160
v 0.011167 0.042635 -0.001354
v 0.011417 0.042885 -0.001354
v 0.011178 0.042874 -0.001289
v 0.010984 0.042885 -0.000921
v 0.010984 0.042635 -0.001171
v 0.011049 0.042874 -0.001160
v 0.022417 0.042135 0.001079
v 0.022917 0.042635 0.001079
v 0.022417 0.042635 0.001579
v 0.022667 0.042202 0.001079
v 0.022417 0.042202 0.001329
v 0.022656 0.042267 0.001318
v 0.022850 0.042635 0.001329
v 0.022850 0.042385 0.001079
v 0.022785 0.042396 0.001318
v 0.022417 0.042385 0.001512
v 0.022667 0.042635 0.001512
v 0.022656 0.042396 0.001447
v 0.022417 0.043135 0.001079
v 0.022417 0.042635 0.001579
v 0.022917 0.042635 0.001079
v 0.022417 0.043068 0.001329
v 0.022667 0.043068 0.001079
v 0.022656 0.043003 0.001318
v 0.022667 0.042635 0.001512
v 0.022417 0.042885 0.001512
v 0.022656 0.042874 0.001447
v 0.022850 0.042885 0.001079
v 0.022850 0.042635 0.001329
v 0.022785 0.042874 0.001318
v 0.022417 0.042135 -0.000921
v 0.022417 0.042635 -0.001421
v 0.022917 0.042635 -0.000921
v 0.022417 0.042202 -0.001171
v 0.022667 0.042202 -0.000921
v 0.022656 0.042267 -0.001160
v 0.022667 0.042635 -0.001354
v 0.022417 0.042385 -0.001354
v 0.022656 0.042396 -0.001289
v 0.022850 0.042385 -0.000921
v 0.022850 0.042635 -0.001171
v 0.022785 0.042396 -0.001160
v 0.022417 0.043135 -0.000921
v 0.022917 0.042635 -0.000921
v 0.022417 0.042635 -0.001421
v 0.022667 0.043068 -0.000921
v 0.022417 0.043068 -0.001171
v 0.022656 0.043003 -0.001160
v 0.022850 0.042635 -0.001171
v 0.022850 0.042885 -0.000921
v 0.022785 0.042874 -0.001160
v 0.022417 0.042885 -0.001354
v 0.022667 0.042635 -0.001354
v 0.022656 0.042874 -0.001289
vn -0.0000 -0.0000 1.0000
vn 0.0056 0.2586 0.9660
vn -0.0056 -0.2586 0.9660
vn -0.0000 -0.0000 -0.0000
vn 0.0060 0.9995 -0.0297
vn -0.0059 0.9995 -0.0297
vn -0.0060 0.9995 0.0297
vn 0.0059 0.9995 0.0297
vn -0.0000 -0.0000 -1.0000
vn -0.0056 0.2586 -0.9660
vn 0.0056 -0.2586 -0.9660
vn -0.0060 -0.9995 0.0297
vn -0.0051 -0.8660 0.5000
vn -0.4473 -0.7745 0.4473
vn -0.4986 -0.8664 0.0254
vn -0.0051 -0.5000 0.8660
vn -0.4473 -0.4472 0.7745
vn -0.0057 -0.2586 0.9660
vn -0.4620 -0.1287 0.8775
vn -0.8623 -0.1217 0.4916
vn -0.7745 -0.4473 0.4473
vn -0.9869 -0.1289 0.0972
vn -0.8664 -0.4986 0.0254
vn -0.0057 0.2586 0.9660
vn -0.0050 0.5000 0.8660
vn -0.4473 0.4473 0.7745
vn -0.5175 0.1152 0.8479
vn -0.0051 0.8660 0.5000
vn -0.4474 0.7744 0.4474
vn -0.4986 0.8664 0.0254
vn -0.8665 0.4986 0.0255
vn -0.7744 0.4474 0.4474
vn -0.9781 0.1303 0.1622
vn -0.8623 0.1216 0.4915
vn -0.0060 -0.9995 -0.0297
vn -0.4986 -0.8664 -0.0254
vn -0.4473 -0.7745 -0.4472
vn -0.0050 -0.8660 -0.5000
vn -0.8664 -0.4986 -0.0254
vn -0.7745 -0.4473 -0.4473
vn -0.9858 -0.0433 -0.1624
vn -0.8370 0.1756 -0.5183
vn -0.4558 0.2433 -0.8562
vn -0.4473 -0.4473 -0.7745
vn -0.0057 -0.2586 -0.9660
vn -0.0050 -0.5000 -0.8660
vn -0.0050 0.8660 -0.5000
vn -0.4474 0.7744 -0.4474
vn -0.4986 0.8665 -0.0254
vn -0.0051 0.5000 -0.8660
vn -0.4474 0.4474 -0.7744
vn -0.0057 0.2586 -0.9660
vn -0.4453 0.5071 -0.7379
vn -0.8518 0.3233 -0.4122
vn -0.7744 0.4474 -0.4474
vn -0.9825 0.1593 -0.0963
vn -0.8664 0.4986 -0.0255
vn 0.0060 -0.9995 0.0297
vn 0.4986 -0.8664 0.0254
vn 0.4473 -0.7745 0.4473
vn 0.0051 -0.8660 0.5000
vn 0.8665 -0.4986 0.0254
vn 0.7744 -0.4473 0.4474
vn 0.9858 -0.0433 0.1624
vn 0.8370 0.1756 0.5183
vn 0.4558 0.2434 0.8562
vn 0.4473 -0.4474 0.7744
vn 0.0057 -0.2586 0.9660
vn 0.0051 -0.5000 0.8660
vn 0.0051 0.8660 0.5000
vn 0.4473 0.7745 0.4473
vn 0.4986 0.8664 0.0254
vn 0.0050 0.5000 0.8660
vn 0.4475 0.4475 0.7743
vn 0.0057 0.2586 0.9660
vn 0.4452 0.5072 0.7379
vn 0.8518 0.3233 0.4122
vn 0.7743 0.4475 0.4475
vn 0.9825 0.1593 0.0963
vn 0.8664 0.4986 0.0254
vn 0.0060 -0.9995 -0.0297
vn 0.0051 -0.8660 -0.5000
vn 0.4473 -0.7745 -0.4473
vn 0.4986 -0.8664 -0.0254
vn 0.0050 -0.5000 -0.8660
vn 0.4474 -0.4474 -0.7744
vn 0.0057 -0.2586 -0.9660
vn 0.4453 -0.5072 -0.7379
vn 0.8518 -0.3233 -0.4122
vn 0.7745 -0.4473 -0.4473
vn 0.9825 -0.1593 -0.0963
vn 0.8664 -0.4986 -0.0254
vn 0.4986 0.8664 -0.0254
vn 0.4473 0.7745 -0.4473
vn 0.0050 0.8660 -0.5000
vn 0.8664 0.4986 -0.0254
vn 0.7744 0.4474 -0.4474
vn 0.9858 0.0433 -0.1624
vn 0.8370 -0.1756 -0.5183
vn 0.4558 -0.2434 -0.8562
vn 0.4473 0.4474 -0.7745
vn 0.0058 0.2586 -0.9660
vn 0.0050 0.5000 -0.8660
vn -0.4620 -0.1286 0.8775
vn -0.8623 -0.1214 0.4916
vn -0.8623 0.1215 0.4915
vn -0.9869 -0.1287 0.0973
vn -0.0056 -0.2586 -0.9660
vn -0.4452 0.5073 -0.7379
vn -0.8369 0.1756 -0.5184
vn -0.9825 0.1593 -0.0962
vn 0.9825 -0.1593 -0.0962
vn 0.8369 -0.1756 -0.5184
vn 0.4558 -0.2433 -0.8562
vn 0.4452 -0.5073 -0.7378
vn 0.0056 0.2586 -0.9660
vn 0.0056 -0.2586 0.9660
vn 0.4452 0.5073 0.7379
vn 0.4558 0.2433 0.8562
vn 0.8519 0.3232 0.4122
vn 0.9825 0.1593 0.0962
vt 0.500000 0.760417
vt 0.500000 0.989583
vt 0.500000 0.541667
vt 0.500000 0.708333
vt 0.635417 0.541667
vt 0.864583 0.541667
vt 0.864583 0.708333
vt 0.635417 0.708333
vt 0.500000 0.041667
vt 0.500000 0.208333
vt 0.500000 0.260417
vt 0.500000 0.489583
vt 0.135417 0.708333
vt 0.135417 0.729139
vt 0.130435 0.728259
vt 0.130215 0.708333
vt 0.135417 0.750000
vt 0.130435 0.750000
vt 0.500000 1.000000
vt 0.375000 0.994565
vt 0.375000 0.989583
vt 0.500000 0.000000
vt 0.500000 0.020861
vt 0.375000 0.021741
vt 0.375000 0.000000
vt 0.375000 0.041667
vt 0.125000 0.708333
vt 0.125000 0.728259
vt 0.562418 0.989583
vt 0.559776 0.994565
vt 0.625000 0.989583
vt 0.625000 0.994565
vt 0.875000 0.708333
vt 0.869565 0.750000
vt 0.864583 0.750000
vt 0.625000 0.041667
vt 0.562418 0.041667
vt 0.559776 0.021741
vt 0.625000 0.000000
vt 0.559776 0.010974
vt 0.559777 0.997257
vt 0.135417 0.541667
vt 0.130215 0.541667
vt 0.130435 0.521741
vt 0.135417 0.520861
vt 0.125000 0.541667
vt 0.125000 0.521741
vt 0.500000 0.229139
vt 0.375000 0.228259
vt 0.375000 0.208333
vt 0.500000 0.255215
vt 0.375000 0.255435
vt 0.375000 0.260417
vt 0.135417 0.500000
vt 0.130435 0.500000
vt 0.864583 0.500000
vt 0.869565 0.500000
vt 0.875000 0.541667
vt 0.625000 0.260417
vt 0.562418 0.260417
vt 0.559776 0.255435
vt 0.625000 0.255435
vt 0.559776 0.228259
vt 0.562418 0.208333
vt 0.625000 0.208333
vt 0.625000 0.250000
vt 0.559776 0.252743
vt 0.364583 0.708333
vt 0.369785 0.708333
vt 0.369565 0.728259
vt 0.364583 0.729139
vt 0.437582 0.708333
vt 0.440224 0.728259
vt 0.500000 0.729139
vt 0.500000 0.755215
vt 0.375000 0.755435
vt 0.375000 0.760417
vt 0.364583 0.750000
vt 0.369565 0.750000
vt 0.372257 0.728259
vt 0.635417 0.750000
vt 0.630435 0.750000
vt 0.630215 0.708333
vt 0.625000 0.760417
vt 0.562418 0.760417
vt 0.559776 0.755435
vt 0.625000 0.755435
vt 0.559776 0.728259
vt 0.562418 0.708333
vt 0.559776 0.752743
vt 0.364583 0.541667
vt 0.364583 0.520861
vt 0.369565 0.521741
vt 0.369785 0.541667
vt 0.364583 0.500000
vt 0.369565 0.500000
vt 0.500000 0.494785
vt 0.375000 0.494565
vt 0.375000 0.489583
vt 0.500000 0.520861
vt 0.440224 0.521741
vt 0.437582 0.541667
vt 0.372257 0.521741
vt 0.630215 0.541667
vt 0.630435 0.521741
vt 0.635417 0.500000
vt 0.562418 0.541667
vt 0.559776 0.521741
vt 0.559776 0.494565
vt 0.562418 0.489583
vt 0.625000 0.489583
vt 0.592079 0.494565
vt 0.592079 0.521741
vt 0.559777 0.510974
s 0
usemtl Anodized_graphite.001
f 1715/3213/1624 1726/3213/1625 1677/3214/1624 1666/3214/1626
f 1739/3215/1627 1750/3215/1627 1727/3216/1627 1714/3216/1627
s 1
f 1749/3217/1628 1701/3218/1629 1678/3219/1630 1725/3220/1631
s 0
f 1667/3221/1627 1679/3221/1627 1703/3222/1627 1690/3222/1627
f 1691/3223/1632 1702/3223/1633 1751/3224/1632 1738/3224/1634
s 1
f 1665/3225/1635 1668/3226/1636 1670/3227/1637 1669/3228/1638
f 1668/3226/1636 1672/3229/1639 1673/3230/1640 1670/3227/1637
f 1666/3214/1641 1671/3231/1642 1673/3232/1640 1672/3233/1639
f 1671/3234/1642 1675/3235/1643 1676/3236/1644 1673/3237/1640
f 1667/3221/1645 1674/3238/1646 1676/3236/1644 1675/3235/1643
f 1674/3239/1646 1669/3228/1638 1670/3227/1637 1676/3240/1644
f 1670/3227/1637 1673/3230/1640 1676/3240/1644
f 1677/3214/1647 1680/3241/1648 1682/3242/1649 1681/3231/1650
f 1680/3241/1648 1684/3243/1651 1685/3244/1652 1682/3242/1649
f 1678/3219/1630 1683/3245/1653 1685/3246/1652 1684/3247/1651
f 1683/3248/1653 1687/3249/1654 1688/3250/1655 1685/3251/1652
f 1679/3221/1656 1686/3235/1657 1688/3250/1655 1687/3249/1654
f 1686/3235/1657 1681/3234/1650 1682/3252/1649 1688/3250/1655
f 1682/3242/1649 1685/3244/1652 1688/3253/1655
f 1689/3254/1658 1692/3255/1659 1694/3256/1660 1693/3257/1661
f 1692/3255/1659 1696/3258/1662 1697/3259/1663 1694/3256/1660
f 1690/3222/1664 1695/3260/1665 1697/3261/1663 1696/3262/1662
f 1695/3260/1665 1699/3263/1666 1700/3264/1667 1697/3261/1663
f 1691/3223/1668 1698/3265/1669 1700/3264/1667 1699/3263/1666
f 1698/3266/1669 1693/3257/1661 1694/3256/1660 1700/3267/1667
f 1694/3256/1660 1697/3259/1663 1700/3267/1667
f 1701/3218/1629 1704/3268/1670 1706/3269/1671 1705/3270/1672
f 1704/3271/1670 1708/3272/1673 1709/3273/1674 1706/3274/1671
f 1702/3223/1675 1707/3263/1676 1709/3273/1674 1708/3272/1673
f 1707/3263/1676 1711/3260/1677 1712/3275/1678 1709/3273/1674
f 1703/3222/1679 1710/3276/1680 1712/3275/1678 1711/3260/1677
f 1710/3276/1680 1705/3277/1672 1706/3278/1671 1712/3275/1678
f 1706/3274/1671 1709/3273/1674 1712/3279/1678
f 1713/3280/1681 1716/3281/1682 1718/3282/1683 1717/3283/1684
f 1716/3281/1682 1720/3284/1685 1721/3285/1686 1718/3282/1683
f 1714/3216/1687 1719/3286/1688 1721/3285/1686 1720/3284/1685
f 1719/3286/1688 1723/3287/1689 1724/3288/1690 1721/3285/1686
f 1715/3213/1691 1722/3289/1692 1724/3288/1690 1723/3287/1689
f 1722/3290/1692 1717/3283/1684 1718/3282/1683 1724/3291/1690
f 1718/3282/1683 1721/3292/1686 1724/3291/1690
f 1725/3220/1631 1728/3293/1693 1730/3294/1694 1729/3295/1695
f 1728/3296/1693 1732/3297/1696 1733/3298/1697 1730/3299/1694
f 1726/3213/1698 1731/3287/1699 1733/3298/1697 1732/3297/1696
f 1731/3287/1699 1735/3286/1700 1736/3300/1701 1733/3298/1697
f 1727/3216/1702 1734/3301/1703 1736/3300/1701 1735/3286/1700
f 1734/3301/1703 1729/3295/1695 1730/3294/1694 1736/3300/1701
f 1730/3299/1694 1733/3298/1697 1736/3302/1701
f 1737/3303/1704 1740/3304/1705 1742/3305/1706 1741/3306/1707
f 1740/3304/1705 1744/3307/1708 1745/3308/1709 1742/3305/1706
f 1738/3224/1710 1743/3309/1711 1745/3310/1709 1744/3311/1708
f 1743/3309/1711 1747/3312/1712 1748/3313/1713 1745/3310/1709
f 1739/3215/1714 1746/3314/1715 1748/3313/1713 1747/3312/1712
f 1746/3314/1715 1741/3306/1707 1742/3305/1706 1748/3313/1713
f 1742/3305/1706 1745/3308/1709 1748/3315/1713
f 1749/3217/1628 1752/3316/1716 1754/3317/1717 1753/3318/1718
f 1752/3316/1716 1756/3319/1719 1757/3320/1720 1754/3317/1717
f 1750/3215/1721 1755/3312/1722 1757/3320/1720 1756/3319/1719
f 1755/3312/1722 1759/3309/1723 1760/3321/1724 1757/3320/1720
f 1751/3224/1725 1758/3322/1726 1760/3321/1724 1759/3309/1723
f 1758/3322/1726 1753/3323/1718 1754/3324/1717 1760/3321/1724
f 1754/3325/1717 1757/3320/1720 1760/3326/1724
f 1689/3254/1658 1665/3225/1635 1669/3228/1638 1692/3255/1659
f 1692/3255/1659 1669/3228/1638 1674/3239/1646 1696/3258/1662
f 1696/3262/1662 1674/3238/1646 1667/3221/1645 1690/3222/1664
s 0
f 1666/3214/1624 1677/3214/1647 1681/3231/1624 1671/3231/1727
f 1671/3234/1624 1681/3234/1650 1686/3235/1624 1675/3235/1728
f 1675/3235/1624 1686/3235/1729 1679/3221/1624 1667/3221/1730
s 1
f 1678/3219/1630 1701/3218/1629 1705/3270/1672 1683/3245/1653
f 1683/3248/1653 1705/3277/1672 1710/3276/1680 1687/3249/1654
f 1687/3249/1654 1710/3276/1680 1703/3222/1679 1679/3221/1656
s 0
f 1702/3223/1632 1691/3223/1731 1699/3263/1632 1707/3263/1732
f 1707/3263/1632 1699/3263/1666 1695/3260/1632 1711/3260/1677
f 1711/3260/1632 1695/3260/1733 1690/3222/1632 1703/3222/1734
s 1
f 1737/3303/1704 1689/3254/1658 1693/3257/1661 1740/3304/1705
f 1740/3304/1705 1693/3257/1661 1698/3266/1669 1744/3307/1708
f 1744/3311/1708 1698/3265/1669 1691/3223/1668 1738/3224/1710
f 1701/3218/1629 1749/3217/1628 1753/3318/1718 1704/3268/1670
f 1704/3271/1670 1753/3323/1718 1758/3322/1726 1708/3272/1673
f 1708/3272/1673 1758/3322/1726 1751/3224/1725 1702/3223/1675
s 0
f 1750/3215/1632 1739/3215/1735 1747/3312/1632 1755/3312/1736
f 1755/3312/1632 1747/3312/1712 1743/3309/1632 1759/3309/1737
f 1759/3309/1632 1743/3309/1738 1738/3224/1632 1751/3224/1739
s 1
f 1713/3280/1681 1737/3303/1704 1741/3306/1707 1716/3281/1682
f 1716/3281/1682 1741/3306/1707 1746/3314/1715 1720/3284/1685
f 1720/3284/1685 1746/3314/1715 1739/3215/1714 1714/3216/1687
f 1749/3217/1628 1725/3220/1631 1729/3295/1695 1752/3316/1716
f 1752/3316/1716 1729/3295/1695 1734/3301/1703 1756/3319/1719
f 1756/3319/1719 1734/3301/1703 1727/3216/1702 1750/3215/1721
s 0
f 1726/3213/1624 1715/3213/1740 1723/3287/1624 1731/3287/1741
f 1731/3287/1624 1723/3287/1742 1719/3286/1624 1735/3286/1743
f 1735/3286/1624 1719/3286/1688 1714/3216/1624 1727/3216/1744
s 1
f 1665/3225/1635 1713/3280/1681 1717/3283/1684 1668/3226/1636
f 1668/3226/1636 1717/3283/1684 1722/3290/1692 1672/3229/1639
f 1672/3233/1639 1722/3289/1692 1715/3213/1691 1666/3214/1641
f 1725/3220/1631 1678/3219/1630 1684/3247/1651 1728/3293/1693
f 1728/3296/1693 1684/3243/1651 1680/3241/1648 1732/3297/1696
f 1732/3297/1696 1680/3241/1648 1677/3214/1647 1726/3213/1698
f 1689/3254/1658 1737/3303/1704 1713/3280/1681 1665/3225/1635
o Radial_cooling_vent.037
v 0.010376 0.042135 -0.004805
v 0.010626 0.042635 -0.004372
v 0.009943 0.042635 -0.004555
v 0.010501 0.042202 -0.004589
v 0.010160 0.042202 -0.004680
v 0.010289 0.042267 -0.004478
v 0.010377 0.042635 -0.004305
v 0.010593 0.042385 -0.004430
v 0.010353 0.042396 -0.004366
v 0.010001 0.042385 -0.004588
v 0.010126 0.042635 -0.004372
v 0.010177 0.042396 -0.004414
v 0.010626 0.042635 -0.004372
v 0.010376 0.043135 -0.004805
v 0.009943 0.042635 -0.004555
v 0.010593 0.042885 -0.004430
v 0.010377 0.042635 -0.004305
v 0.010353 0.042874 -0.004366
v 0.010160 0.043068 -0.004680
v 0.010501 0.043068 -0.004589
v 0.010289 0.043003 -0.004478
v 0.010126 0.042635 -0.004372
v 0.010001 0.042885 -0.004588
v 0.010177 0.042874 -0.004414
v 0.009376 0.042135 -0.006537
v 0.008943 0.042635 -0.006287
v 0.009126 0.042635 -0.006970
v 0.009160 0.042202 -0.006412
v 0.009251 0.042202 -0.006753
v 0.009050 0.042267 -0.006625
v 0.008876 0.042635 -0.006537
v 0.009001 0.042385 -0.006320
v 0.008938 0.042396 -0.006560
v 0.009160 0.042385 -0.006912
v 0.008943 0.042635 -0.006787
v 0.008985 0.042396 -0.006736
v 0.009376 0.043135 -0.006537
v 0.009126 0.042635 -0.006970
v 0.008943 0.042635 -0.006287
v 0.009251 0.043068 -0.006753
v 0.009160 0.043068 -0.006412
v 0.009050 0.043003 -0.006625
v 0.008943 0.042635 -0.006787
v 0.009160 0.042885 -0.006912
v 0.008985 0.042874 -0.006736
v 0.009001 0.042885 -0.006320
v 0.008876 0.042635 -0.006537
v 0.008938 0.042874 -0.006560
v 0.019903 0.042135 -0.010305
v 0.020336 0.042635 -0.010555
v 0.020153 0.042635 -0.009872
v 0.020119 0.042202 -0.010430
v 0.020027 0.042202 -0.010089
v 0.020229 0.042267 -0.010217
v 0.020403 0.042635 -0.010305
v 0.020278 0.042385 -0.010522
v 0.020341 0.042396 -0.010282
v 0.020119 0.042385 -0.009930
v 0.020335 0.042635 -0.010055
v 0.020294 0.042396 -0.010106
v 0.019903 0.043135 -0.010305
v 0.020153 0.042635 -0.009872
v 0.020336 0.042635 -0.010555
v 0.020027 0.043068 -0.010089
v 0.020119 0.043068 -0.010430
v 0.020229 0.043003 -0.010217
v 0.020335 0.042635 -0.010055
v 0.020119 0.042885 -0.009930
v 0.020294 0.042874 -0.010106
v 0.020278 0.042885 -0.010522
v 0.020403 0.042635 -0.010305
v 0.020341 0.042874 -0.010282
v 0.018903 0.042135 -0.012037
v 0.018653 0.042635 -0.012470
v 0.019336 0.042635 -0.012287
v 0.018778 0.042202 -0.012253
v 0.019119 0.042202 -0.012162
v 0.018990 0.042267 -0.012364
v 0.018902 0.042635 -0.012537
v 0.018686 0.042385 -0.012412
v 0.018925 0.042396 -0.012476
v 0.019278 0.042385 -0.012254
v 0.019153 0.042635 -0.012470
v 0.019102 0.042396 -0.012428
v 0.018903 0.043135 -0.012037
v 0.019336 0.042635 -0.012287
v 0.018653 0.042635 -0.012470
v 0.019119 0.043068 -0.012162
v 0.018778 0.043068 -0.012253
v 0.018990 0.043003 -0.012364
v 0.019153 0.042635 -0.012470
v 0.019278 0.042885 -0.012254
v 0.019102 0.042874 -0.012428
v 0.018686 0.042885 -0.012412
v 0.018902 0.042635 -0.012537
v 0.018925 0.042874 -0.012476
vn -0.0000 -0.0000 1.0000
vn 0.4879 0.2586 0.8337
vn 0.4781 -0.2586 0.8394
vn -0.0000 -0.0000 -1.0000
vn 0.7726 0.0432 -0.6335
vn 0.9349 -0.0432 -0.3524
vn -0.0097 0.9995 -0.0287
vn -0.0201 0.9995 -0.0228
vn 0.0097 0.9995 0.0287
vn 0.0200 0.9995 0.0227
vn -0.7661 0.1301 0.6295
vn -0.9349 -0.0431 0.3524
vn -0.4879 0.2587 -0.8337
vn -0.4781 -0.2586 -0.8393
vn 0.0097 -0.9995 0.0287
vn 0.2456 -0.8660 0.4356
vn -0.1638 -0.7744 0.6111
vn -0.4191 -0.8664 0.2713
vn 0.4286 -0.5000 0.7525
vn -0.0002 -0.4473 0.8944
vn 0.4780 -0.2586 0.8394
vn 0.0386 -0.1286 0.9909
vn -0.5010 -0.1216 0.8568
vn -0.4472 -0.4474 0.7745
vn -0.8060 -0.1289 0.5777
vn -0.7376 -0.4987 0.4552
vn 0.4780 0.2586 0.8394
vn 0.4286 0.5000 0.7525
vn -0.0002 0.4473 0.8944
vn -0.0242 0.1152 0.9930
vn 0.2456 0.8660 0.4355
vn -0.1637 0.7744 0.6111
vn -0.4191 0.8665 0.2713
vn -0.7377 0.4986 0.4552
vn -0.4472 0.4474 0.7745
vn -0.7660 0.1303 0.6295
vn -0.5010 0.1217 0.8568
vn -0.0201 -0.9995 -0.0227
vn -0.4446 -0.8664 0.2273
vn -0.6111 -0.7744 -0.1638
vn -0.2544 -0.8660 -0.4305
vn -0.7631 -0.4986 0.4112
vn -0.8943 -0.4474 -0.0002
vn -0.9349 -0.0433 0.3523
vn -0.9840 0.1756 -0.0304
vn -0.8228 0.2433 -0.5135
vn -0.7746 -0.4473 -0.4470
vn -0.4879 -0.2586 -0.8337
vn -0.4374 -0.5000 -0.7474
vn -0.2544 0.8660 -0.4305
vn -0.6111 0.7744 -0.1637
vn -0.4445 0.8664 0.2273
vn -0.4374 0.5000 -0.7475
vn -0.7747 0.4474 -0.4470
vn -0.4879 0.2586 -0.8337
vn -0.7546 0.5071 -0.4165
vn -0.9438 0.3233 0.0689
vn -0.8943 0.4474 -0.0002
vn -0.8990 0.1593 0.4079
vn -0.7631 0.4986 0.4112
vn 0.0201 -0.9995 0.0227
vn 0.4445 -0.8664 -0.2273
vn 0.6111 -0.7744 0.1637
vn 0.2544 -0.8660 0.4305
vn 0.7631 -0.4986 -0.4112
vn 0.8944 -0.4474 0.0003
vn 0.9349 -0.0433 -0.3523
vn 0.9840 0.1756 0.0304
vn 0.8228 0.2434 0.5135
vn 0.7747 -0.4476 0.4467
vn 0.4879 -0.2586 0.8337
vn 0.4374 -0.5000 0.7474
vn 0.2544 0.8660 0.4305
vn 0.6111 0.7744 0.1638
vn 0.4445 0.8664 -0.2273
vn 0.4374 0.5000 0.7475
vn 0.7747 0.4476 0.4467
vn 0.7546 0.5072 0.4165
vn 0.9438 0.3233 -0.0689
vn 0.8943 0.4474 0.0003
vn 0.8990 0.1593 -0.4079
vn 0.7631 0.4986 -0.4112
vn -0.0097 -0.9995 -0.0287
vn -0.2456 -0.8660 -0.4356
vn 0.1637 -0.7744 -0.6111
vn 0.4191 -0.8664 -0.2713
vn -0.4286 -0.5000 -0.7525
vn 0.0003 -0.4473 -0.8944
vn -0.4780 -0.2586 -0.8394
vn 0.0166 -0.5071 -0.8617
vn 0.5316 -0.3233 -0.7828
vn 0.4468 -0.4474 -0.7747
vn 0.8028 -0.1593 -0.5746
vn 0.7377 -0.4986 -0.4552
vn 0.4191 0.8665 -0.2713
vn 0.1636 0.7744 -0.6111
vn -0.2456 0.8660 -0.4356
vn 0.7376 0.4986 -0.4552
vn 0.4468 0.4474 -0.7747
vn 0.7725 0.0433 -0.6335
vn 0.4657 -0.1756 -0.8674
vn -0.0333 -0.2434 -0.9694
vn 0.0002 0.4474 -0.8944
vn -0.4780 0.2586 -0.8394
vn -0.4286 0.5000 -0.7525
vn 0.4781 0.2586 0.8394
vn -0.0242 0.1152 0.9931
vn -0.5010 -0.1214 0.8569
vn -0.5011 0.1215 0.8568
vn -0.8060 -0.1288 0.5777
vn -0.4878 -0.2586 -0.8338
vn -0.7545 0.5072 -0.4164
vn -0.8228 0.2433 -0.5136
vn -0.9438 0.3232 0.0689
vn -0.9840 0.1755 -0.0303
vn -0.8990 0.1592 0.4080
vn 0.8028 -0.1592 -0.5746
vn 0.5316 -0.3233 -0.7829
vn -0.0334 -0.2433 -0.9694
vn 0.0166 -0.5073 -0.8616
vn -0.4781 0.2586 -0.8394
vn 0.4878 -0.2586 0.8338
vn 0.7545 0.5072 0.4165
vn 0.8228 0.2432 0.5136
vn 0.9840 0.1756 0.0303
vt 0.500000 0.760417
vt 0.500000 0.989583
vt 0.500000 0.541667
vt 0.500000 0.708333
vt 0.635417 0.541667
vt 0.864583 0.541667
vt 0.864583 0.708333
vt 0.635417 0.708333
vt 0.500000 0.041667
vt 0.500000 0.208333
vt 0.500000 0.260417
vt 0.500000 0.489583
vt 0.135417 0.708333
vt 0.135417 0.729139
vt 0.130435 0.728259
vt 0.130215 0.708333
vt 0.135417 0.750000
vt 0.130435 0.750000
vt 0.500000 1.000000
vt 0.375000 0.994565
vt 0.375000 0.989583
vt 0.500000 0.000000
vt 0.500000 0.020861
vt 0.375000 0.021741
vt 0.375000 0.000000
vt 0.375000 0.041667
vt 0.125000 0.708333
vt 0.125000 0.728259
vt 0.562418 0.989583
vt 0.559776 0.994565
vt 0.625000 0.989583
vt 0.625000 0.994565
vt 0.875000 0.708333
vt 0.869565 0.750000
vt 0.864583 0.750000
vt 0.625000 0.041667
vt 0.562418 0.041667
vt 0.559776 0.021741
vt 0.625000 0.000000
vt 0.559776 0.010974
vt 0.559777 0.997257
vt 0.135417 0.541667
vt 0.130215 0.541667
vt 0.130435 0.521741
vt 0.135417 0.520861
vt 0.125000 0.541667
vt 0.125000 0.521741
vt 0.500000 0.229139
vt 0.375000 0.228259
vt 0.375000 0.208333
vt 0.500000 0.255215
vt 0.375000 0.255435
vt 0.375000 0.260417
vt 0.135417 0.500000
vt 0.130435 0.500000
vt 0.864583 0.500000
vt 0.869565 0.500000
vt 0.875000 0.541667
vt 0.625000 0.260417
vt 0.562418 0.260417
vt 0.559776 0.255435
vt 0.625000 0.255435
vt 0.559776 0.228259
vt 0.562418 0.208333
vt 0.625000 0.208333
vt 0.625000 0.250000
vt 0.559776 0.252743
vt 0.364583 0.708333
vt 0.369785 0.708333
vt 0.369565 0.728259
vt 0.364583 0.729139
vt 0.437582 0.708333
vt 0.440224 0.728259
vt 0.500000 0.729139
vt 0.500000 0.755215
vt 0.375000 0.755435
vt 0.375000 0.760417
vt 0.364583 0.750000
vt 0.369565 0.750000
vt 0.372257 0.728259
vt 0.635417 0.750000
vt 0.630435 0.750000
vt 0.630215 0.708333
vt 0.625000 0.760417
vt 0.562418 0.760417
vt 0.559776 0.755435
vt 0.625000 0.755435
vt 0.559776 0.728259
vt 0.562418 0.708333
vt 0.559776 0.752743
vt 0.364583 0.541667
vt 0.364583 0.520861
vt 0.369565 0.521741
vt 0.369785 0.541667
vt 0.364583 0.500000
vt 0.369565 0.500000
vt 0.500000 0.494785
vt 0.375000 0.494565
vt 0.375000 0.489583
vt 0.500000 0.520861
vt 0.440224 0.521741
vt 0.437582 0.541667
vt 0.372257 0.521741
vt 0.630215 0.541667
vt 0.630435 0.521741
vt 0.635417 0.500000
vt 0.562418 0.541667
vt 0.559776 0.521741
vt 0.559776 0.494565
vt 0.562418 0.489583
vt 0.625000 0.489583
vt 0.592079 0.494565
vt 0.592079 0.521741
vt 0.559777 0.510974
s 0
usemtl Anodized_graphite.001
f 1811/3327/1745 1822/3327/1746 1773/3328/1745 1762/3328/1747
f 1835/3329/1748 1846/3329/1749 1823/3330/1748 1810/3330/1750
s 1
f 1845/3331/1751 1797/3332/1752 1774/3333/1753 1821/3334/1754
s 0
f 1763/3335/1745 1775/3335/1755 1799/3336/1745 1786/3336/1756
f 1787/3337/1748 1798/3337/1757 1847/3338/1748 1834/3338/1758
s 1
f 1761/3339/1759 1764/3340/1760 1766/3341/1761 1765/3342/1762
f 1764/3340/1760 1768/3343/1763 1769/3344/1764 1766/3341/1761
f 1762/3328/1765 1767/3345/1766 1769/3346/1764 1768/3347/1763
f 1767/3348/1766 1771/3349/1767 1772/3350/1768 1769/3351/1764
f 1763/3335/1769 1770/3352/1770 1772/3350/1768 1771/3349/1767
f 1770/3353/1770 1765/3342/1762 1766/3341/1761 1772/3354/1768
f 1766/3341/1761 1769/3344/1764 1772/3354/1768
f 1773/3328/1771 1776/3355/1772 1778/3356/1773 1777/3345/1774
f 1776/3355/1772 1780/3357/1775 1781/3358/1776 1778/3356/1773
f 1774/3333/1753 1779/3359/1777 1781/3360/1776 1780/3361/1775
f 1779/3362/1777 1783/3363/1778 1784/3364/1779 1781/3365/1776
f 1775/3335/1780 1782/3349/1781 1784/3364/1779 1783/3363/1778
f 1782/3349/1781 1777/3348/1774 1778/3366/1773 1784/3364/1779
f 1778/3356/1773 1781/3358/1776 1784/3367/1779
f 1785/3368/1782 1788/3369/1783 1790/3370/1784 1789/3371/1785
f 1788/3369/1783 1792/3372/1786 1793/3373/1787 1790/3370/1784
f 1786/3336/1788 1791/3374/1789 1793/3375/1787 1792/3376/1786
f 1791/3374/1789 1795/3377/1790 1796/3378/1791 1793/3375/1787
f 1787/3337/1792 1794/3379/1793 1796/3378/1791 1795/3377/1790
f 1794/3380/1793 1789/3371/1785 1790/3370/1784 1796/3381/1791
f 1790/3370/1784 1793/3373/1787 1796/3381/1791
f 1797/3332/1752 1800/3382/1794 1802/3383/1795 1801/3384/1796
f 1800/3385/1794 1804/3386/1797 1805/3387/1798 1802/3388/1795
f 1798/3337/1799 1803/3377/1800 1805/3387/1798 1804/3386/1797
f 1803/3377/1800 1807/3374/1801 1808/3389/1802 1805/3387/1798
f 1799/3336/1803 1806/3390/1804 1808/3389/1802 1807/3374/1801
f 1806/3390/1804 1801/3391/1796 1802/3392/1795 1808/3389/1802
f 1802/3388/1795 1805/3387/1798 1808/3393/1802
f 1809/3394/1805 1812/3395/1806 1814/3396/1807 1813/3397/1808
f 1812/3395/1806 1816/3398/1809 1817/3399/1810 1814/3396/1807
f 1810/3330/1811 1815/3400/1812 1817/3399/1810 1816/3398/1809
f 1815/3400/1812 1819/3401/1813 1820/3402/1814 1817/3399/1810
f 1811/3327/1815 1818/3403/1816 1820/3402/1814 1819/3401/1813
f 1818/3404/1816 1813/3397/1808 1814/3396/1807 1820/3405/1814
f 1814/3396/1807 1817/3406/1810 1820/3405/1814
f 1821/3334/1754 1824/3407/1817 1826/3408/1818 1825/3409/1819
f 1824/3410/1817 1828/3411/1820 1829/3412/1821 1826/3413/1818
f 1822/3327/1746 1827/3401/1822 1829/3412/1821 1828/3411/1820
f 1827/3401/1822 1831/3400/1823 1832/3414/1824 1829/3412/1821
f 1823/3330/1825 1830/3415/1826 1832/3414/1824 1831/3400/1823
f 1830/3415/1826 1825/3409/1819 1826/3408/1818 1832/3414/1824
f 1826/3413/1818 1829/3412/1821 1832/3416/1824
f 1833/3417/1827 1836/3418/1828 1838/3419/1829 1837/3420/1830
f 1836/3418/1828 1840/3421/1831 1841/3422/1832 1838/3419/1829
f 1834/3338/1833 1839/3423/1834 1841/3424/1832 1840/3425/1831
f 1839/3423/1834 1843/3426/1835 1844/3427/1836 1841/3424/1832
f 1835/3329/1837 1842/3428/1838 1844/3427/1836 1843/3426/1835
f 1842/3428/1838 1837/3420/1830 1838/3419/1829 1844/3427/1836
f 1838/3419/1829 1841/3422/1832 1844/3429/1836
f 1845/3331/1751 1848/3430/1839 1850/3431/1840 1849/3432/1841
f 1848/3430/1839 1852/3433/1842 1853/3434/1843 1850/3431/1840
f 1846/3329/1844 1851/3426/1845 1853/3434/1843 1852/3433/1842
f 1851/3426/1845 1855/3423/1846 1856/3435/1847 1853/3434/1843
f 1847/3338/1848 1854/3436/1849 1856/3435/1847 1855/3423/1846
f 1854/3436/1849 1849/3437/1841 1850/3438/1840 1856/3435/1847
f 1850/3439/1840 1853/3434/1843 1856/3440/1847
f 1785/3368/1782 1761/3339/1759 1765/3342/1762 1788/3369/1783
f 1788/3369/1783 1765/3342/1762 1770/3353/1770 1792/3372/1786
f 1792/3376/1786 1770/3352/1770 1763/3335/1769 1786/3336/1788
s 0
f 1762/3328/1745 1773/3328/1850 1777/3345/1745 1767/3345/1766
f 1767/3348/1745 1777/3348/1851 1782/3349/1745 1771/3349/1852
f 1771/3349/1745 1782/3349/1853 1775/3335/1745 1763/3335/1854
s 1
f 1774/3333/1753 1797/3332/1752 1801/3384/1796 1779/3359/1777
f 1779/3362/1777 1801/3391/1796 1806/3390/1804 1783/3363/1778
f 1783/3363/1778 1806/3390/1804 1799/3336/1803 1775/3335/1780
s 0
f 1798/3337/1748 1787/3337/1855 1795/3377/1748 1803/3377/1856
f 1803/3377/1748 1795/3377/1857 1791/3374/1748 1807/3374/1858
f 1807/3374/1745 1791/3374/1859 1786/3336/1745 1799/3336/1860
s 1
f 1833/3417/1827 1785/3368/1782 1789/3371/1785 1836/3418/1828
f 1836/3418/1828 1789/3371/1785 1794/3380/1793 1840/3421/1831
f 1840/3425/1831 1794/3379/1793 1787/3337/1792 1834/3338/1833
f 1797/3332/1752 1845/3331/1751 1849/3432/1841 1800/3382/1794
f 1800/3385/1794 1849/3437/1841 1854/3436/1849 1804/3386/1797
f 1804/3386/1797 1854/3436/1849 1847/3338/1848 1798/3337/1799
s 0
f 1846/3329/1748 1835/3329/1861 1843/3426/1748 1851/3426/1845
f 1851/3426/1748 1843/3426/1862 1839/3423/1748 1855/3423/1863
f 1855/3423/1748 1839/3423/1864 1834/3338/1748 1847/3338/1865
s 1
f 1809/3394/1805 1833/3417/1827 1837/3420/1830 1812/3395/1806
f 1812/3395/1806 1837/3420/1830 1842/3428/1838 1816/3398/1809
f 1816/3398/1809 1842/3428/1838 1835/3329/1837 1810/3330/1811
f 1845/3331/1751 1821/3334/1754 1825/3409/1819 1848/3430/1839
f 1848/3430/1839 1825/3409/1819 1830/3415/1826 1852/3433/1842
f 1852/3433/1842 1830/3415/1826 1823/3330/1825 1846/3329/1844
s 0
f 1822/3327/1745 1811/3327/1866 1819/3401/1745 1827/3401/1867
f 1827/3401/1745 1819/3401/1868 1815/3400/1745 1831/3400/1823
f 1831/3400/1748 1815/3400/1869 1810/3330/1748 1823/3330/1825
s 1
f 1761/3339/1759 1809/3394/1805 1813/3397/1808 1764/3340/1760
f 1764/3340/1760 1813/3397/1808 1818/3404/1816 1768/3343/1763
f 1768/3347/1763 1818/3403/1816 1811/3327/1815 1762/3328/1765
f 1821/3334/1754 1774/3333/1753 1780/3361/1775 1824/3407/1817
f 1824/3410/1817 1780/3357/1775 1776/3355/1772 1828/3411/1820
f 1828/3411/1820 1776/3355/1772 1773/3328/1771 1822/3327/1746
f 1785/3368/1782 1833/3417/1827 1809/3394/1805 1761/3339/1759
o Radial_cooling_vent.038
v 0.006533 0.042135 -0.009380
v 0.006966 0.042635 -0.009130
v 0.006283 0.042635 -0.008947
v 0.006749 0.042202 -0.009255
v 0.006408 0.042202 -0.009164
v 0.006621 0.042267 -0.009054
v 0.006783 0.042635 -0.008947
v 0.006908 0.042385 -0.009164
v 0.006732 0.042396 -0.008989
v 0.006316 0.042385 -0.009005
v 0.006533 0.042635 -0.008880
v 0.006556 0.042396 -0.008942
v 0.006966 0.042635 -0.009130
v 0.006533 0.043135 -0.009380
v 0.006283 0.042635 -0.008947
v 0.006908 0.042885 -0.009164
v 0.006783 0.042635 -0.008947
v 0.006732 0.042874 -0.008989
v 0.006408 0.043068 -0.009164
v 0.006749 0.043068 -0.009255
v 0.006621 0.043003 -0.009054
v 0.006533 0.042635 -0.008880
v 0.006316 0.042885 -0.009005
v 0.006556 0.042874 -0.008942
v 0.004801 0.042135 -0.010380
v 0.004551 0.042635 -0.009947
v 0.004368 0.042635 -0.010630
v 0.004676 0.042202 -0.010164
v 0.004585 0.042202 -0.010505
v 0.004474 0.042267 -0.010293
v 0.004368 0.042635 -0.010130
v 0.004584 0.042385 -0.010005
v 0.004410 0.042396 -0.010181
v 0.004426 0.042385 -0.010597
v 0.004301 0.042635 -0.010381
v 0.004362 0.042396 -0.010357
v 0.004801 0.043135 -0.010380
v 0.004368 0.042635 -0.010630
v 0.004551 0.042635 -0.009947
v 0.004585 0.043068 -0.010505
v 0.004676 0.043068 -0.010164
v 0.004474 0.043003 -0.010293
v 0.004301 0.042635 -0.010381
v 0.004426 0.042885 -0.010597
v 0.004362 0.042874 -0.010357
v 0.004584 0.042885 -0.010005
v 0.004368 0.042635 -0.010130
v 0.004410 0.042874 -0.010181
v 0.012033 0.042135 -0.018907
v 0.012283 0.042635 -0.019340
v 0.012466 0.042635 -0.018657
v 0.012158 0.042202 -0.019123
v 0.012249 0.042202 -0.018782
v 0.012360 0.042267 -0.018994
v 0.012466 0.042635 -0.019157
v 0.012250 0.042385 -0.019282
v 0.012424 0.042396 -0.019106
v 0.012408 0.042385 -0.018690
v 0.012533 0.042635 -0.018906
v 0.012472 0.042396 -0.018929
v 0.012033 0.043135 -0.018907
v 0.012466 0.042635 -0.018657
v 0.012283 0.042635 -0.019340
v 0.012249 0.043068 -0.018782
v 0.012158 0.043068 -0.019123
v 0.012360 0.043003 -0.018994
v 0.012533 0.042635 -0.018906
v 0.012408 0.042885 -0.018690
v 0.012472 0.042874 -0.018929
v 0.012250 0.042885 -0.019282
v 0.012466 0.042635 -0.019157
v 0.012424 0.042874 -0.019106
v 0.010301 0.042135 -0.019907
v 0.009868 0.042635 -0.020157
v 0.010551 0.042635 -0.020340
v 0.010085 0.042202 -0.020031
v 0.010426 0.042202 -0.020123
v 0.010213 0.042267 -0.020233
v 0.010051 0.042635 -0.020339
v 0.009926 0.042385 -0.020123
v 0.010102 0.042396 -0.020298
v 0.010518 0.042385 -0.020282
v 0.010301 0.042635 -0.020407
v 0.010278 0.042396 -0.020345
v 0.010301 0.043135 -0.019907
v 0.010551 0.042635 -0.020340
v 0.009868 0.042635 -0.020157
v 0.010426 0.043068 -0.020123
v 0.010085 0.043068 -0.020031
v 0.010213 0.043003 -0.020233
v 0.010301 0.042635 -0.020407
v 0.010518 0.042885 -0.020282
v 0.010278 0.042874 -0.020345
v 0.009926 0.042885 -0.020123
v 0.010051 0.042635 -0.020339
v 0.010102 0.042874 -0.020298
vn -0.0000 -0.0000 1.0000
vn 0.8394 0.2585 0.4781
vn 0.8337 -0.2586 0.4879
vn -0.0000 -0.0000 -1.0000
vn 0.3523 0.0432 -0.9349
vn 0.6335 -0.0432 -0.7725
vn -0.0227 0.9995 -0.0201
vn -0.0287 0.9995 -0.0097
vn 0.0227 0.9995 0.0200
vn 0.0287 0.9995 0.0097
vn -0.3486 0.1302 0.9282
vn -0.6335 -0.0432 0.7725
vn -0.8394 0.2585 -0.4781
vn -0.8337 -0.2585 -0.4880
vn 0.0228 -0.9995 0.0200
vn 0.4305 -0.8660 0.2544
vn 0.1639 -0.7744 0.6111
vn -0.2273 -0.8664 0.4446
vn 0.7474 -0.5000 0.4374
vn 0.4470 -0.4473 0.7747
vn 0.5289 -0.1286 0.8389
vn -0.0055 -0.1216 0.9926
vn 0.0002 -0.4473 0.8944
vn -0.4092 -0.1289 0.9033
vn -0.4112 -0.4986 0.7631
vn 0.8337 0.2586 0.4879
vn 0.7474 0.5000 0.4374
vn 0.4470 0.4473 0.7746
vn 0.4756 0.1153 0.8721
vn 0.4305 0.8660 0.2544
vn 0.1638 0.7744 0.6111
vn -0.2273 0.8664 0.4446
vn -0.4112 0.4986 0.7631
vn 0.0002 0.4474 0.8943
vn -0.3486 0.1303 0.9282
vn -0.0055 0.1216 0.9926
vn -0.0287 -0.9995 -0.0097
vn -0.2713 -0.8664 0.4191
vn -0.6111 -0.7744 0.1639
vn -0.4356 -0.8660 -0.2456
vn -0.4552 -0.4986 0.7376
vn -0.7748 -0.4472 0.4468
vn -0.6335 -0.0433 0.7725
vn -0.8674 0.1756 0.4657
vn -0.9694 0.2433 -0.0333
vn -0.8944 -0.4473 0.0003
vn -0.8394 -0.2586 -0.4780
vn -0.7525 -0.5000 -0.4286
vn -0.4356 0.8660 -0.2456
vn -0.6111 0.7745 0.1637
vn -0.2713 0.8664 0.4191
vn -0.7525 0.5000 -0.4286
vn -0.8944 0.4473 0.0002
vn -0.8394 0.2586 -0.4780
vn -0.8617 0.5071 0.0166
vn -0.7829 0.3233 0.5316
vn -0.7745 0.4474 0.4472
vn -0.5746 0.1593 0.8028
vn -0.4552 0.4987 0.7377
vn 0.0287 -0.9995 0.0097
vn 0.2713 -0.8665 -0.4191
vn 0.6111 -0.7744 -0.1638
vn 0.4356 -0.8660 0.2456
vn 0.4552 -0.4986 -0.7377
vn 0.7746 -0.4473 -0.4471
vn 0.6335 -0.0433 -0.7725
vn 0.8674 0.1756 -0.4657
vn 0.9694 0.2433 0.0333
vn 0.8943 -0.4474 -0.0000
vn 0.8394 -0.2586 0.4780
vn 0.7525 -0.5000 0.4286
vn 0.4356 0.8660 0.2456
vn 0.6111 0.7744 -0.1637
vn 0.2714 0.8664 -0.4191
vn 0.7525 0.5000 0.4286
vn 0.8943 0.4474 -0.0000
vn 0.8394 0.2586 0.4780
vn 0.8617 0.5071 -0.0166
vn 0.7828 0.3233 -0.5316
vn 0.7746 0.4474 -0.4472
vn 0.5746 0.1593 -0.8028
vn 0.4552 0.4987 -0.7377
vn -0.0228 -0.9995 -0.0200
vn -0.4305 -0.8660 -0.2544
vn -0.1638 -0.7744 -0.6111
vn 0.2273 -0.8664 -0.4446
vn -0.7474 -0.5000 -0.4374
vn -0.4470 -0.4473 -0.7747
vn -0.8337 -0.2586 -0.4879
vn -0.4165 -0.5072 -0.7546
vn 0.0689 -0.3233 -0.9438
vn -0.0002 -0.4474 -0.8944
vn 0.4079 -0.1593 -0.8990
vn 0.4112 -0.4986 -0.7631
vn 0.2273 0.8664 -0.4446
vn -0.1637 0.7744 -0.6111
vn -0.4305 0.8660 -0.2544
vn 0.4112 0.4986 -0.7631
vn -0.0003 0.4474 -0.8944
vn 0.3523 0.0433 -0.9349
vn -0.0304 -0.1756 -0.9840
vn -0.5135 -0.2434 -0.8228
vn -0.4467 0.4475 -0.7747
vn -0.8337 0.2586 -0.4879
vn -0.7474 0.5000 -0.4374
vn 0.8337 0.2585 0.4879
vn 0.4755 0.1152 0.8721
vn -0.0054 -0.1215 0.9926
vn -0.0055 0.1215 0.9926
vn -0.4092 -0.1287 0.9033
vn -0.8394 -0.2586 -0.4781
vn -0.8617 0.5072 0.0166
vn -0.9694 0.2432 -0.0333
vn -0.8673 0.1755 0.4657
vn -0.0303 -0.1756 -0.9840
vn 0.0690 -0.3232 -0.9438
vn -0.5136 -0.2433 -0.8228
vn -0.4164 -0.5073 -0.7545
vn -0.8337 0.2586 -0.4878
vn 0.8394 -0.2586 0.4781
vn 0.8616 0.5072 -0.0167
vn 0.9694 0.2433 0.0334
vn 0.7828 0.3233 -0.5317
vn 0.8673 0.1756 -0.4657
vt 0.500000 0.760417
vt 0.500000 0.989583
vt 0.500000 0.541667
vt 0.500000 0.708333
vt 0.635417 0.541667
vt 0.864583 0.541667
vt 0.864583 0.708333
vt 0.635417 0.708333
vt 0.500000 0.041667
vt 0.500000 0.208333
vt 0.500000 0.260417
vt 0.500000 0.489583
vt 0.135417 0.708333
vt 0.135417 0.729139
vt 0.130435 0.728259
vt 0.130215 0.708333
vt 0.135417 0.750000
vt 0.130435 0.750000
vt 0.500000 1.000000
vt 0.375000 0.994565
vt 0.375000 0.989583
vt 0.500000 0.000000
vt 0.500000 0.020861
vt 0.375000 0.021741
vt 0.375000 0.000000
vt 0.375000 0.041667
vt 0.125000 0.708333
vt 0.125000 0.728259
vt 0.562418 0.989583
vt 0.559776 0.994565
vt 0.625000 0.989583
vt 0.625000 0.994565
vt 0.875000 0.708333
vt 0.869565 0.750000
vt 0.864583 0.750000
vt 0.625000 0.041667
vt 0.562418 0.041667
vt 0.559776 0.021741
vt 0.625000 0.000000
vt 0.559776 0.010974
vt 0.559777 0.997257
vt 0.135417 0.541667
vt 0.130215 0.541667
vt 0.130435 0.521741
vt 0.135417 0.520861
vt 0.125000 0.541667
vt 0.125000 0.521741
vt 0.500000 0.229139
vt 0.375000 0.228259
vt 0.375000 0.208333
vt 0.500000 0.255215
vt 0.375000 0.255435
vt 0.375000 0.260417
vt 0.135417 0.500000
vt 0.130435 0.500000
vt 0.864583 0.500000
vt 0.869565 0.500000
vt 0.875000 0.541667
vt 0.625000 0.260417
vt 0.562418 0.260417
vt 0.559776 0.255435
vt 0.625000 0.255435
vt 0.559776 0.228259
vt 0.562418 0.208333
vt 0.625000 0.208333
vt 0.625000 0.250000
vt 0.559776 0.252743
vt 0.364583 0.708333
vt 0.369785 0.708333
vt 0.369565 0.728259
vt 0.364583 0.729139
vt 0.437582 0.708333
vt 0.440224 0.728259
vt 0.500000 0.729139
vt 0.500000 0.755215
vt 0.375000 0.755435
vt 0.375000 0.760417
vt 0.364583 0.750000
vt 0.369565 0.750000
vt 0.372257 0.728259
vt 0.635417 0.750000
vt 0.630435 0.750000
vt 0.630215 0.708333
vt 0.625000 0.760417
vt 0.562418 0.760417
vt 0.559776 0.755435
vt 0.625000 0.755435
vt 0.559776 0.728259
vt 0.562418 0.708333
vt 0.559776 0.752743
vt 0.364583 0.541667
vt 0.364583 0.520861
vt 0.369565 0.521741
vt 0.369785 0.541667
vt 0.364583 0.500000
vt 0.369565 0.500000
vt 0.500000 0.494785
vt 0.375000 0.494565
vt 0.375000 0.489583
vt 0.500000 0.520861
vt 0.440224 0.521741
vt 0.437582 0.541667
vt 0.372257 0.521741
vt 0.630215 0.541667
vt 0.630435 0.521741
vt 0.635417 0.500000
vt 0.562418 0.541667
vt 0.559776 0.521741
vt 0.559776 0.494565
vt 0.562418 0.489583
vt 0.625000 0.489583
vt 0.592079 0.494565
vt 0.592079 0.521741
vt 0.559777 0.510974
s 0
usemtl Anodized_graphite.001
f 1907/3441/1870 1918/3441/1871 1869/3442/1870 1858/3442/1872
f 1931/3443/1873 1942/3443/1874 1919/3444/1873 1906/3444/1875
s 1
f 1941/3445/1876 1893/3446/1877 1870/3447/1878 1917/3448/1879
s 0
f 1859/3449/1870 1871/3449/1880 1895/3450/1870 1882/3450/1881
f 1883/3451/1873 1894/3451/1882 1943/3452/1873 1930/3452/1883
s 1
f 1857/3453/1884 1860/3454/1885 1862/3455/1886 1861/3456/1887
f 1860/3454/1885 1864/3457/1888 1865/3458/1889 1862/3455/1886
f 1858/3442/1872 1863/3459/1890 1865/3460/1889 1864/3461/1888
f 1863/3462/1890 1867/3463/1891 1868/3464/1892 1865/3465/1889
f 1859/3449/1893 1866/3466/1894 1868/3464/1892 1867/3463/1891
f 1866/3467/1894 1861/3456/1887 1862/3455/1886 1868/3468/1892
f 1862/3455/1886 1865/3458/1889 1868/3468/1892
f 1869/3442/1895 1872/3469/1896 1874/3470/1897 1873/3459/1898
f 1872/3469/1896 1876/3471/1899 1877/3472/1900 1874/3470/1897
f 1870/3447/1878 1875/3473/1901 1877/3474/1900 1876/3475/1899
f 1875/3476/1901 1879/3477/1902 1880/3478/1903 1877/3479/1900
f 1871/3449/1904 1878/3463/1905 1880/3478/1903 1879/3477/1902
f 1878/3463/1905 1873/3462/1898 1874/3480/1897 1880/3478/1903
f 1874/3470/1897 1877/3472/1900 1880/3481/1903
f 1881/3482/1906 1884/3483/1907 1886/3484/1908 1885/3485/1909
f 1884/3483/1907 1888/3486/1910 1889/3487/1911 1886/3484/1908
f 1882/3450/1912 1887/3488/1913 1889/3489/1911 1888/3490/1910
f 1887/3488/1913 1891/3491/1914 1892/3492/1915 1889/3489/1911
f 1883/3451/1916 1890/3493/1917 1892/3492/1915 1891/3491/1914
f 1890/3494/1917 1885/3485/1909 1886/3484/1908 1892/3495/1915
f 1886/3484/1908 1889/3487/1911 1892/3495/1915
f 1893/3446/1877 1896/3496/1918 1898/3497/1919 1897/3498/1920
f 1896/3499/1918 1900/3500/1921 1901/3501/1922 1898/3502/1919
f 1894/3451/1923 1899/3491/1924 1901/3501/1922 1900/3500/1921
f 1899/3491/1924 1903/3488/1925 1904/3503/1926 1901/3501/1922
f 1895/3450/1927 1902/3504/1928 1904/3503/1926 1903/3488/1925
f 1902/3504/1928 1897/3505/1920 1898/3506/1919 1904/3503/1926
f 1898/3502/1919 1901/3501/1922 1904/3507/1926
f 1905/3508/1929 1908/3509/1930 1910/3510/1931 1909/3511/1932
f 1908/3509/1930 1912/3512/1933 1913/3513/1934 1910/3510/1931
f 1906/3444/1935 1911/3514/1936 1913/3513/1934 1912/3512/1933
f 1911/3514/1936 1915/3515/1937 1916/3516/1938 1913/3513/1934
f 1907/3441/1939 1914/3517/1940 1916/3516/1938 1915/3515/1937
f 1914/3518/1940 1909/3511/1932 1910/3510/1931 1916/3519/1938
f 1910/3510/1931 1913/3520/1934 1916/3519/1938
f 1917/3448/1879 1920/3521/1941 1922/3522/1942 1921/3523/1943
f 1920/3524/1941 1924/3525/1944 1925/3526/1945 1922/3527/1942
f 1918/3441/1946 1923/3515/1947 1925/3526/1945 1924/3525/1944
f 1923/3515/1947 1927/3514/1948 1928/3528/1949 1925/3526/1945
f 1919/3444/1950 1926/3529/1951 1928/3528/1949 1927/3514/1948
f 1926/3529/1951 1921/3523/1943 1922/3522/1942 1928/3528/1949
f 1922/3527/1942 1925/3526/1945 1928/3530/1949
f 1929/3531/1952 1932/3532/1953 1934/3533/1954 1933/3534/1955
f 1932/3532/1953 1936/3535/1956 1937/3536/1957 1934/3533/1954
f 1930/3452/1958 1935/3537/1959 1937/3538/1957 1936/3539/1956
f 1935/3537/1959 1939/3540/1960 1940/3541/1961 1937/3538/1957
f 1931/3443/1962 1938/3542/1963 1940/3541/1961 1939/3540/1960
f 1938/3542/1963 1933/3534/1955 1934/3533/1954 1940/3541/1961
f 1934/3533/1954 1937/3536/1957 1940/3543/1961
f 1941/3445/1876 1944/3544/1964 1946/3545/1965 1945/3546/1966
f 1944/3544/1964 1948/3547/1967 1949/3548/1968 1946/3545/1965
f 1942/3443/1969 1947/3540/1970 1949/3548/1968 1948/3547/1967
f 1947/3540/1970 1951/3537/1971 1952/3549/1972 1949/3548/1968
f 1943/3452/1973 1950/3550/1974 1952/3549/1972 1951/3537/1971
f 1950/3550/1974 1945/3551/1966 1946/3552/1965 1952/3549/1972
f 1946/3553/1965 1949/3548/1968 1952/3554/1972
f 1881/3482/1906 1857/3453/1884 1861/3456/1887 1884/3483/1907
f 1884/3483/1907 1861/3456/1887 1866/3467/1894 1888/3486/1910
f 1888/3490/1910 1866/3466/1894 1859/3449/1893 1882/3450/1912
s 0
f 1858/3442/1870 1869/3442/1975 1873/3459/1870 1863/3459/1890
f 1863/3462/1870 1873/3462/1976 1878/3463/1870 1867/3463/1977
f 1867/3463/1870 1878/3463/1978 1871/3449/1870 1859/3449/1979
s 1
f 1870/3447/1878 1893/3446/1877 1897/3498/1920 1875/3473/1901
f 1875/3476/1901 1897/3505/1920 1902/3504/1928 1879/3477/1902
f 1879/3477/1902 1902/3504/1928 1895/3450/1927 1871/3449/1904
s 0
f 1894/3451/1873 1883/3451/1980 1891/3491/1873 1899/3491/1981
f 1899/3491/1870 1891/3491/1982 1887/3488/1870 1903/3488/1925
f 1903/3488/1870 1887/3488/1983 1882/3450/1870 1895/3450/1927
s 1
f 1929/3531/1952 1881/3482/1906 1885/3485/1909 1932/3532/1953
f 1932/3532/1953 1885/3485/1909 1890/3494/1917 1936/3535/1956
f 1936/3539/1956 1890/3493/1917 1883/3451/1916 1930/3452/1958
f 1893/3446/1877 1941/3445/1876 1945/3546/1966 1896/3496/1918
f 1896/3499/1918 1945/3551/1966 1950/3550/1974 1900/3500/1921
f 1900/3500/1921 1950/3550/1974 1943/3452/1973 1894/3451/1923
s 0
f 1942/3443/1873 1931/3443/1962 1939/3540/1873 1947/3540/1984
f 1947/3540/1873 1939/3540/1985 1935/3537/1873 1951/3537/1986
f 1951/3537/1873 1935/3537/1987 1930/3452/1873 1943/3452/1988
s 1
f 1905/3508/1929 1929/3531/1952 1933/3534/1955 1908/3509/1930
f 1908/3509/1930 1933/3534/1955 1938/3542/1963 1912/3512/1933
f 1912/3512/1933 1938/3542/1963 1931/3443/1962 1906/3444/1935
f 1941/3445/1876 1917/3448/1879 1921/3523/1943 1944/3544/1964
f 1944/3544/1964 1921/3523/1943 1926/3529/1951 1948/3547/1967
f 1948/3547/1967 1926/3529/1951 1919/3444/1950 1942/3443/1969
s 0
f 1918/3441/1870 1907/3441/1989 1915/3515/1870 1923/3515/1990
f 1923/3515/1873 1915/3515/1991 1911/3514/1873 1927/3514/1992
f 1927/3514/1873 1911/3514/1993 1906/3444/1873 1919/3444/1950
s 1
f 1857/3453/1884 1905/3508/1929 1909/3511/1932 1860/3454/1885
f 1860/3454/1885 1909/3511/1932 1914/3518/1940 1864/3457/1888
f 1864/3461/1888 1914/3517/1940 1907/3441/1939 1858/3442/1872
f 1917/3448/1879 1870/3447/1878 1876/3475/1899 1920/3521/1941
f 1920/3524/1941 1876/3471/1899 1872/3469/1896 1924/3525/1944
f 1924/3525/1944 1872/3469/1896 1869/3442/1895 1918/3441/1946
f 1881/3482/1906 1929/3531/1952 1905/3508/1929 1857/3453/1884
o Radial_cooling_vent.039
v 0.000917 0.042135 -0.011421
v 0.001417 0.042635 -0.011421
v 0.000917 0.042635 -0.010921
v 0.001167 0.042202 -0.011421
v 0.000917 0.042202 -0.011171
v 0.001156 0.042267 -0.011182
v 0.001350 0.042635 -0.011171
v 0.001350 0.042385 -0.011421
v 0.001285 0.042396 -0.011182
v 0.000917 0.042385 -0.010988
v 0.001167 0.042635 -0.010988
v 0.001156 0.042396 -0.011053
v 0.001417 0.042635 -0.011421
v 0.000917 0.043135 -0.011421
v 0.000917 0.042635 -0.010921
v 0.001350 0.042885 -0.011421
v 0.001350 0.042635 -0.011171
v 0.001285 0.042874 -0.011182
v 0.000917 0.043068 -0.011171
v 0.001167 0.043068 -0.011421
v 0.001156 0.043003 -0.011182
v 0.001167 0.042635 -0.010988
v 0.000917 0.042885 -0.010988
v 0.001156 0.042874 -0.011053
v -0.001083 0.042135 -0.011421
v -0.001083 0.042635 -0.010921
v -0.001583 0.042635 -0.011421
v -0.001083 0.042202 -0.011171
v -0.001333 0.042202 -0.011421
v -0.001322 0.042267 -0.011182
v -0.001333 0.042635 -0.010988
v -0.001083 0.042385 -0.010988
v -0.001322 0.042396 -0.011053
v -0.001516 0.042385 -0.011421
v -0.001516 0.042635 -0.011171
v -0.001451 0.042396 -0.011182
v -0.001083 0.043135 -0.011421
v -0.001583 0.042635 -0.011421
v -0.001083 0.042635 -0.010921
v -0.001333 0.043068 -0.011421
v -0.001083 0.043068 -0.011171
v -0.001322 0.043003 -0.011182
v -0.001516 0.042635 -0.011171
v -0.001516 0.042885 -0.011421
v -0.001451 0.042874 -0.011182
v -0.001083 0.042885 -0.010988
v -0.001333 0.042635 -0.010988
v -0.001322 0.042874 -0.011053
v 0.000917 0.042135 -0.022421
v 0.000917 0.042635 -0.022921
v 0.001417 0.042635 -0.022421
v 0.000917 0.042202 -0.022671
v 0.001167 0.042202 -0.022421
v 0.001156 0.042267 -0.022660
v 0.001167 0.042635 -0.022854
v 0.000917 0.042385 -0.022854
v 0.001156 0.042396 -0.022789
v 0.001350 0.042385 -0.022421
v 0.001350 0.042635 -0.022671
v 0.001285 0.042396 -0.022660
v 0.000917 0.043135 -0.022421
v 0.001417 0.042635 -0.022421
v 0.000917 0.042635 -0.022921
v 0.001167 0.043068 -0.022421
v 0.000917 0.043068 -0.022671
v 0.001156 0.043003 -0.022660
v 0.001350 0.042635 -0.022671
v 0.001350 0.042885 -0.022421
v 0.001285 0.042874 -0.022660
v 0.000917 0.042885 -0.022854
v 0.001167 0.042635 -0.022854
v 0.001156 0.042874 -0.022789
v -0.001083 0.042135 -0.022421
v -0.001583 0.042635 -0.022421
v -0.001083 0.042635 -0.022921
v -0.001333 0.042202 -0.022421
v -0.001083 0.042202 -0.022671
v -0.001322 0.042267 -0.022660
v -0.001516 0.042635 -0.022671
v -0.001516 0.042385 -0.022421
v -0.001451 0.042396 -0.022660
v -0.001083 0.042385 -0.022854
v -0.001333 0.042635 -0.022854
v -0.001322 0.042396 -0.022789
v -0.001083 0.043135 -0.022421
v -0.001083 0.042635 -0.022921
v -0.001583 0.042635 -0.022421
v -0.001083 0.043068 -0.022671
v -0.001333 0.043068 -0.022421
v -0.001322 0.043003 -0.022660
v -0.001333 0.042635 -0.022854
v -0.001083 0.042885 -0.022854
v -0.001322 0.042874 -0.022789
v -0.001516 0.042885 -0.022421
v -0.001516 0.042635 -0.022671
v -0.001451 0.042874 -0.022660
vn -0.0000 -0.0000 -0.0000
vn -0.0000 -0.0000 -1.0000
vn -0.1623 0.0432 -0.9858
vn 0.1623 -0.0432 -0.9858
vn -0.0297 0.9995 -0.0060
vn -0.0298 0.9995 0.0060
vn 0.0297 0.9995 0.0060
vn 0.0297 0.9995 -0.0060
vn -0.0000 -0.0000 1.0000
vn 0.1622 0.1302 0.9781
vn -0.1623 -0.0432 0.9858
vn 0.0297 -0.9995 0.0059
vn 0.5000 -0.8660 0.0051
vn 0.4474 -0.7744 0.4473
vn 0.0254 -0.8665 0.4986
vn 0.8660 -0.5000 0.0051
vn 0.7744 -0.4474 0.4474
vn 0.9660 -0.2586 0.0057
vn 0.8775 -0.1286 0.4620
vn 0.4916 -0.1216 0.8623
vn 0.4473 -0.4473 0.7745
vn 0.0973 -0.1289 0.9869
vn 0.0254 -0.4986 0.8664
vn 0.9660 0.2586 0.0057
vn 0.8660 0.5000 0.0051
vn 0.7745 0.4473 0.4473
vn 0.8479 0.1153 0.5174
vn 0.5000 0.8660 0.0050
vn 0.4474 0.7744 0.4474
vn 0.0254 0.8664 0.4986
vn 0.0254 0.4986 0.8665
vn 0.4473 0.4473 0.7745
vn 0.1622 0.1303 0.9781
vn 0.4915 0.1216 0.8623
vn -0.0297 -0.9995 0.0060
vn -0.0254 -0.8664 0.4986
vn -0.4474 -0.7744 0.4474
vn -0.5000 -0.8660 0.0051
vn -0.0254 -0.4986 0.8664
vn -0.4473 -0.4473 0.7745
vn -0.1624 -0.0433 0.9858
vn -0.5183 0.1756 0.8370
vn -0.8562 0.2434 0.4558
vn -0.7743 -0.4475 0.4475
vn -0.9660 -0.2586 0.0058
vn -0.8660 -0.5000 0.0051
vn -0.5000 0.8660 0.0050
vn -0.4474 0.7744 0.4473
vn -0.0254 0.8665 0.4986
vn -0.8660 0.5000 0.0051
vn -0.7744 0.4474 0.4474
vn -0.9660 0.2586 0.0057
vn -0.7379 0.5072 0.4452
vn -0.4122 0.3233 0.8518
vn -0.4473 0.4473 0.7745
vn -0.0963 0.1593 0.9825
vn -0.0254 0.4986 0.8664
vn 0.0297 -0.9995 -0.0060
vn 0.0254 -0.8664 -0.4986
vn 0.4474 -0.7744 -0.4474
vn 0.5000 -0.8660 -0.0051
vn 0.0254 -0.4986 -0.8664
vn 0.4473 -0.4473 -0.7745
vn 0.1624 -0.0433 -0.9858
vn 0.5183 0.1756 -0.8370
vn 0.8562 0.2433 -0.4558
vn 0.7745 -0.4473 -0.4473
vn 0.9660 -0.2586 -0.0058
vn 0.8660 -0.5000 -0.0050
vn 0.5000 0.8660 -0.0051
vn 0.4474 0.7744 -0.4474
vn 0.0254 0.8665 -0.4986
vn 0.8660 0.5000 -0.0050
vn 0.7744 0.4473 -0.4474
vn 0.9660 0.2586 -0.0057
vn 0.7379 0.5072 -0.4453
vn 0.4121 0.3233 -0.8518
vn 0.4473 0.4473 -0.7745
vn 0.0963 0.1593 -0.9825
vn 0.0254 0.4986 -0.8664
vn -0.0297 -0.9995 -0.0060
vn -0.5000 -0.8660 -0.0051
vn -0.4474 -0.7744 -0.4473
vn -0.0254 -0.8664 -0.4986
vn -0.8660 -0.5000 -0.0051
vn -0.7744 -0.4474 -0.4474
vn -0.9660 -0.2586 -0.0057
vn -0.7379 -0.5072 -0.4452
vn -0.4122 -0.3233 -0.8518
vn -0.4474 -0.4474 -0.7744
vn -0.0963 -0.1594 -0.9825
vn -0.0254 -0.4986 -0.8664
vn -0.0254 0.8664 -0.4986
vn -0.4474 0.7744 -0.4474
vn -0.5000 0.8660 -0.0051
vn -0.0254 0.4986 -0.8665
vn -0.4473 0.4473 -0.7745
vn -0.1624 0.0433 -0.9858
vn -0.5183 -0.1756 -0.8370
vn -0.8562 -0.2434 -0.4558
vn -0.7744 0.4474 -0.4474
vn -0.9660 0.2586 -0.0058
vn -0.8660 0.5000 -0.0051
vn 0.8479 0.1152 0.5175
vn 0.4916 -0.1214 0.8623
vn 0.4915 0.1215 0.8623
vn 0.0973 -0.1288 0.9869
vn -0.9660 -0.2586 0.0056
vn -0.8562 0.2432 0.4558
vn -0.4121 0.3233 0.8518
vn -0.0962 0.1593 0.9825
vn -0.0962 -0.1592 -0.9825
vn -0.5183 -0.1755 -0.8370
vn -0.4121 -0.3233 -0.8518
vn -0.8562 -0.2432 -0.4559
vn -0.9660 0.2585 -0.0056
vn 0.9660 -0.2585 -0.0056
vn 0.7379 0.5072 -0.4452
vn 0.8562 0.2432 -0.4558
vn 0.4121 0.3233 -0.8519
vn 0.5184 0.1756 -0.8369
vn 0.0962 0.1592 -0.9825
vt 0.500000 0.760417
vt 0.500000 0.989583
vt 0.500000 0.541667
vt 0.500000 0.708333
vt 0.635417 0.541667
vt 0.864583 0.541667
vt 0.864583 0.708333
vt 0.635417 0.708333
vt 0.500000 0.041667
vt 0.500000 0.208333
vt 0.500000 0.260417
vt 0.500000 0.489583
vt 0.135417 0.708333
vt 0.135417 0.729139
vt 0.130435 0.728259
vt 0.130215 0.708333
vt 0.135417 0.750000
vt 0.130435 0.750000
vt 0.500000 1.000000
vt 0.375000 0.994565
vt 0.375000 0.989583
vt 0.500000 0.000000
vt 0.500000 0.020861
vt 0.375000 0.021741
vt 0.375000 0.000000
vt 0.375000 0.041667
vt 0.125000 0.708333
vt 0.125000 0.728259
vt 0.562418 0.989583
vt 0.559776 0.994565
vt 0.625000 0.989583
vt 0.625000 0.994565
vt 0.875000 0.708333
vt 0.869565 0.750000
vt 0.864583 0.750000
vt 0.625000 0.041667
vt 0.562418 0.041667
vt 0.559776 0.021741
vt 0.625000 0.000000
vt 0.559776 0.010974
vt 0.559777 0.997257
vt 0.135417 0.541667
vt 0.130215 0.541667
vt 0.130435 0.521741
vt 0.135417 0.520861
vt 0.125000 0.541667
vt 0.125000 0.521741
vt 0.500000 0.229139
vt 0.375000 0.228259
vt 0.375000 0.208333
vt 0.500000 0.255215
vt 0.375000 0.255435
vt 0.375000 0.260417
vt 0.135417 0.500000
vt 0.130435 0.500000
vt 0.864583 0.500000
vt 0.869565 0.500000
vt 0.875000 0.541667
vt 0.625000 0.260417
vt 0.562418 0.260417
vt 0.559776 0.255435
vt 0.625000 0.255435
vt 0.559776 0.228259
vt 0.562418 0.208333
vt 0.625000 0.208333
vt 0.625000 0.250000
vt 0.559776 0.252743
vt 0.364583 0.708333
vt 0.369785 0.708333
vt 0.369565 0.728259
vt 0.364583 0.729139
vt 0.437582 0.708333
vt 0.440224 0.728259
vt 0.500000 0.729139
vt 0.500000 0.755215
vt 0.375000 0.755435
vt 0.375000 0.760417
vt 0.364583 0.750000
vt 0.369565 0.750000
vt 0.372257 0.728259
vt 0.635417 0.750000
vt 0.630435 0.750000
vt 0.630215 0.708333
vt 0.625000 0.760417
vt 0.562418 0.760417
vt 0.559776 0.755435
vt 0.625000 0.755435
vt 0.559776 0.728259
vt 0.562418 0.708333
vt 0.559776 0.752743
vt 0.364583 0.541667
vt 0.364583 0.520861
vt 0.369565 0.521741
vt 0.369785 0.541667
vt 0.364583 0.500000
vt 0.369565 0.500000
vt 0.500000 0.494785
vt 0.375000 0.494565
vt 0.375000 0.489583
vt 0.500000 0.520861
vt 0.440224 0.521741
vt 0.437582 0.541667
vt 0.372257 0.521741
vt 0.630215 0.541667
vt 0.630435 0.521741
vt 0.635417 0.500000
vt 0.562418 0.541667
vt 0.559776 0.521741
vt 0.559776 0.494565
vt 0.562418 0.489583
vt 0.625000 0.489583
vt 0.592079 0.494565
vt 0.592079 0.521741
vt 0.559777 0.510974
s 0
usemtl Anodized_graphite.001
f 2003/3555/1994 2014/3555/1994 1965/3556/1994 1954/3556/1994
f 2027/3557/1995 2038/3557/1996 2015/3558/1995 2002/3558/1997
s 1
f 2037/3559/1998 1989/3560/1999 1966/3561/2000 2013/3562/2001
s 0
f 1955/3563/2002 1967/3563/2003 1991/3564/2002 1978/3564/2004
f 1979/3565/1994 1990/3565/1994 2039/3566/1994 2026/3566/1994
s 1
f 1953/3567/2005 1956/3568/2006 1958/3569/2007 1957/3570/2008
f 1956/3568/2006 1960/3571/2009 1961/3572/2010 1958/3569/2007
f 1954/3556/2011 1959/3573/2012 1961/3574/2010 1960/3575/2009
f 1959/3576/2012 1963/3577/2013 1964/3578/2014 1961/3579/2010
f 1955/3563/2015 1962/3580/2016 1964/3578/2014 1963/3577/2013
f 1962/3581/2016 1957/3570/2008 1958/3569/2007 1964/3582/2014
f 1958/3569/2007 1961/3572/2010 1964/3582/2014
f 1965/3556/2017 1968/3583/2018 1970/3584/2019 1969/3573/2020
f 1968/3583/2018 1972/3585/2021 1973/3586/2022 1970/3584/2019
f 1966/3561/2000 1971/3587/2023 1973/3588/2022 1972/3589/2021
f 1971/3590/2023 1975/3591/2024 1976/3592/2025 1973/3593/2022
f 1967/3563/2026 1974/3577/2027 1976/3592/2025 1975/3591/2024
f 1974/3577/2027 1969/3576/2020 1970/3594/2019 1976/3592/2025
f 1970/3584/2019 1973/3586/2022 1976/3595/2025
f 1977/3596/2028 1980/3597/2029 1982/3598/2030 1981/3599/2031
f 1980/3597/2029 1984/3600/2032 1985/3601/2033 1982/3598/2030
f 1978/3564/2034 1983/3602/2035 1985/3603/2033 1984/3604/2032
f 1983/3602/2035 1987/3605/2036 1988/3606/2037 1985/3603/2033
f 1979/3565/2038 1986/3607/2039 1988/3606/2037 1987/3605/2036
f 1986/3608/2039 1981/3599/2031 1982/3598/2030 1988/3609/2037
f 1982/3598/2030 1985/3601/2033 1988/3609/2037
f 1989/3560/1999 1992/3610/2040 1994/3611/2041 1993/3612/2042
f 1992/3613/2040 1996/3614/2043 1997/3615/2044 1994/3616/2041
f 1990/3565/2045 1995/3605/2046 1997/3615/2044 1996/3614/2043
f 1995/3605/2046 1999/3602/2047 2000/3617/2048 1997/3615/2044
f 1991/3564/2049 1998/3618/2050 2000/3617/2048 1999/3602/2047
f 1998/3618/2050 1993/3619/2042 1994/3620/2041 2000/3617/2048
f 1994/3616/2041 1997/3615/2044 2000/3621/2048
f 2001/3622/2051 2004/3623/2052 2006/3624/2053 2005/3625/2054
f 2004/3623/2052 2008/3626/2055 2009/3627/2056 2006/3624/2053
f 2002/3558/2057 2007/3628/2058 2009/3627/2056 2008/3626/2055
f 2007/3628/2058 2011/3629/2059 2012/3630/2060 2009/3627/2056
f 2003/3555/2061 2010/3631/2062 2012/3630/2060 2011/3629/2059
f 2010/3632/2062 2005/3625/2054 2006/3624/2053 2012/3633/2060
f 2006/3624/2053 2009/3634/2056 2012/3633/2060
f 2013/3562/2001 2016/3635/2063 2018/3636/2064 2017/3637/2065
f 2016/3638/2063 2020/3639/2066 2021/3640/2067 2018/3641/2064
f 2014/3555/2068 2019/3629/2069 2021/3640/2067 2020/3639/2066
f 2019/3629/2069 2023/3628/2070 2024/3642/2071 2021/3640/2067
f 2015/3558/2072 2022/3643/2073 2024/3642/2071 2023/3628/2070
f 2022/3643/2073 2017/3637/2065 2018/3636/2064 2024/3642/2071
f 2018/3641/2064 2021/3640/2067 2024/3644/2071
f 2025/3645/2074 2028/3646/2075 2030/3647/2076 2029/3648/2077
f 2028/3646/2075 2032/3649/2078 2033/3650/2079 2030/3647/2076
f 2026/3566/2080 2031/3651/2081 2033/3652/2079 2032/3653/2078
f 2031/3651/2081 2035/3654/2082 2036/3655/2083 2033/3652/2079
f 2027/3557/2084 2034/3656/2085 2036/3655/2083 2035/3654/2082
f 2034/3656/2085 2029/3648/2077 2030/3647/2076 2036/3655/2083
f 2030/3647/2076 2033/3650/2079 2036/3657/2083
f 2037/3559/1998 2040/3658/2086 2042/3659/2087 2041/3660/2088
f 2040/3658/2086 2044/3661/2089 2045/3662/2090 2042/3659/2087
f 2038/3557/2091 2043/3654/2092 2045/3662/2090 2044/3661/2089
f 2043/3654/2092 2047/3651/2093 2048/3663/2094 2045/3662/2090
f 2039/3566/2095 2046/3664/2096 2048/3663/2094 2047/3651/2093
f 2046/3664/2096 2041/3665/2088 2042/3666/2087 2048/3663/2094
f 2042/3667/2087 2045/3662/2090 2048/3668/2094
f 1977/3596/2028 1953/3567/2005 1957/3570/2008 1980/3597/2029
f 1980/3597/2029 1957/3570/2008 1962/3581/2016 1984/3600/2032
f 1984/3604/2032 1962/3580/2016 1955/3563/2015 1978/3564/2034
s 0
f 1954/3556/2002 1965/3556/2017 1969/3573/2002 1959/3573/2012
f 1959/3576/2002 1969/3576/2097 1974/3577/2002 1963/3577/2098
f 1963/3577/2002 1974/3577/2099 1967/3563/2002 1955/3563/2100
s 1
f 1966/3561/2000 1989/3560/1999 1993/3612/2042 1971/3587/2023
f 1971/3590/2023 1993/3619/2042 1998/3618/2050 1975/3591/2024
f 1975/3591/2024 1998/3618/2050 1991/3564/2049 1967/3563/2026
s 0
f 1990/3565/2002 1979/3565/2101 1987/3605/2002 1995/3605/2046
f 1995/3605/2002 1987/3605/2102 1983/3602/2002 1999/3602/2103
f 1999/3602/2002 1983/3602/2035 1978/3564/2002 1991/3564/2104
s 1
f 2025/3645/2074 1977/3596/2028 1981/3599/2031 2028/3646/2075
f 2028/3646/2075 1981/3599/2031 1986/3608/2039 2032/3649/2078
f 2032/3653/2078 1986/3607/2039 1979/3565/2038 2026/3566/2080
f 1989/3560/1999 2037/3559/1998 2041/3660/2088 1992/3610/2040
f 1992/3613/2040 2041/3665/2088 2046/3664/2096 1996/3614/2043
f 1996/3614/2043 2046/3664/2096 2039/3566/2095 1990/3565/2045
s 0
f 2038/3557/1995 2027/3557/2105 2035/3654/1995 2043/3654/2106
f 2043/3654/1995 2035/3654/2107 2031/3651/1995 2047/3651/2108
f 2047/3651/1995 2031/3651/2081 2026/3566/1995 2039/3566/2109
s 1
f 2001/3622/2051 2025/3645/2074 2029/3648/2077 2004/3623/2052
f 2004/3623/2052 2029/3648/2077 2034/3656/2085 2008/3626/2055
f 2008/3626/2055 2034/3656/2085 2027/3557/2084 2002/3558/2057
f 2037/3559/1998 2013/3562/2001 2017/3637/2065 2040/3658/2086
f 2040/3658/2086 2017/3637/2065 2022/3643/2073 2044/3661/2089
f 2044/3661/2089 2022/3643/2073 2015/3558/2072 2038/3557/2091
s 0
f 2014/3555/1995 2003/3555/2110 2011/3629/1995 2019/3629/2111
f 2019/3629/1995 2011/3629/2112 2007/3628/1995 2023/3628/2113
f 2023/3628/1995 2007/3628/2114 2002/3558/1995 2015/3558/2115
s 1
f 1953/3567/2005 2001/3622/2051 2005/3625/2054 1956/3568/2006
f 1956/3568/2006 2005/3625/2054 2010/3632/2062 1960/3571/2009
f 1960/3575/2009 2010/3631/2062 2003/3555/2061 1954/3556/2011
f 2013/3562/2001 1966/3561/2000 1972/3589/2021 2016/3635/2063
f 2016/3638/2063 1972/3585/2021 1968/3583/2018 2020/3639/2066
f 2020/3639/2066 1968/3583/2018 1965/3556/2017 2014/3555/2068
f 1977/3596/2028 2025/3645/2074 2001/3622/2051 1953/3567/2005
o Radial_cooling_vent.040
v -0.004967 0.042135 -0.010380
v -0.004534 0.042635 -0.010630
v -0.004717 0.042635 -0.009947
v -0.004751 0.042202 -0.010505
v -0.004842 0.042202 -0.010164
v -0.004640 0.042267 -0.010293
v -0.004467 0.042635 -0.010381
v -0.004592 0.042385 -0.010597
v -0.004528 0.042396 -0.010357
v -0.004750 0.042385 -0.010005
v -0.004534 0.042635 -0.010130
v -0.004576 0.042396 -0.010181
v -0.004534 0.042635 -0.010630
v -0.004967 0.043135 -0.010380
v -0.004717 0.042635 -0.009947
v -0.004592 0.042885 -0.010597
v -0.004467 0.042635 -0.010381
v -0.004528 0.042874 -0.010357
v -0.004842 0.043068 -0.010164
v -0.004751 0.043068 -0.010505
v -0.004640 0.043003 -0.010293
v -0.004534 0.042635 -0.010130
v -0.004750 0.042885 -0.010005
v -0.004576 0.042874 -0.010181
v -0.006699 0.042135 -0.009380
v -0.006449 0.042635 -0.008947
v -0.007132 0.042635 -0.009130
v -0.006574 0.042202 -0.009164
v -0.006915 0.042202 -0.009255
v -0.006787 0.042267 -0.009054
v -0.006699 0.042635 -0.008880
v -0.006482 0.042385 -0.009005
v -0.006722 0.042396 -0.008942
v -0.007074 0.042385 -0.009164
v -0.006949 0.042635 -0.008947
v -0.006898 0.042396 -0.008989
v -0.006699 0.043135 -0.009380
v -0.007132 0.042635 -0.009130
v -0.006449 0.042635 -0.008947
v -0.006915 0.043068 -0.009255
v -0.006574 0.043068 -0.009164
v -0.006787 0.043003 -0.009054
v -0.006949 0.042635 -0.008947
v -0.007074 0.042885 -0.009164
v -0.006898 0.042874 -0.008989
v -0.006482 0.042885 -0.009005
v -0.006699 0.042635 -0.008880
v -0.006722 0.042874 -0.008942
v -0.010467 0.042135 -0.019907
v -0.010717 0.042635 -0.020340
v -0.010034 0.042635 -0.020157
v -0.010592 0.042202 -0.020123
v -0.010251 0.042202 -0.020031
v -0.010379 0.042267 -0.020233
v -0.010467 0.042635 -0.020407
v -0.010684 0.042385 -0.020282
v -0.010444 0.042396 -0.020345
v -0.010092 0.042385 -0.020123
v -0.010217 0.042635 -0.020339
v -0.010268 0.042396 -0.020298
v -0.010467 0.043135 -0.019907
v -0.010034 0.042635 -0.020157
v -0.010717 0.042635 -0.020340
v -0.010251 0.043068 -0.020031
v -0.010592 0.043068 -0.020123
v -0.010379 0.043003 -0.020233
v -0.010217 0.042635 -0.020339
v -0.010092 0.042885 -0.020123
v -0.010268 0.042874 -0.020298
v -0.010684 0.042885 -0.020282
v -0.010467 0.042635 -0.020407
v -0.010444 0.042874 -0.020345
v -0.012199 0.042135 -0.018907
v -0.012632 0.042635 -0.018657
v -0.012449 0.042635 -0.019340
v -0.012415 0.042202 -0.018782
v -0.012324 0.042202 -0.019123
v -0.012526 0.042267 -0.018994
v -0.012699 0.042635 -0.018906
v -0.012574 0.042385 -0.018690
v -0.012638 0.042396 -0.018929
v -0.012416 0.042385 -0.019282
v -0.012632 0.042635 -0.019157
v -0.012590 0.042396 -0.019106
v -0.012199 0.043135 -0.018907
v -0.012449 0.042635 -0.019340
v -0.012632 0.042635 -0.018657
v -0.012324 0.043068 -0.019123
v -0.012415 0.043068 -0.018782
v -0.012526 0.043003 -0.018994
v -0.012632 0.042635 -0.019157
v -0.012416 0.042885 -0.019282
v -0.012590 0.042874 -0.019106
v -0.012574 0.042885 -0.018690
v -0.012699 0.042635 -0.018906
v -0.012638 0.042874 -0.018929
vn -0.0000 -0.0000 -1.0000
vn 0.8337 0.2585 -0.4880
vn 0.8394 -0.2585 -0.4781
vn -0.6335 0.0432 -0.7725
vn -0.3523 -0.0432 -0.9349
vn -0.0287 0.9995 0.0097
vn -0.0228 0.9995 0.0201
vn 0.0287 0.9995 -0.0097
vn 0.0228 0.9995 -0.0200
vn -0.0000 -0.0000 1.0000
vn 0.6295 0.1302 0.7660
vn 0.3523 -0.0432 0.9349
vn -0.8337 0.2586 0.4879
vn -0.8394 -0.2585 0.4781
vn 0.0287 -0.9995 -0.0097
vn 0.4356 -0.8660 -0.2456
vn 0.6111 -0.7744 0.1639
vn 0.2713 -0.8664 0.4191
vn 0.7525 -0.5000 -0.4286
vn 0.8944 -0.4473 0.0004
vn 0.8394 -0.2586 -0.4780
vn 0.9909 -0.1286 -0.0386
vn 0.8568 -0.1216 0.5010
vn 0.7745 -0.4474 0.4472
vn 0.5777 -0.1289 0.8060
vn 0.4552 -0.4986 0.7377
vn 0.8394 0.2586 -0.4780
vn 0.7525 0.5000 -0.4286
vn 0.8944 0.4473 0.0004
vn 0.9930 0.1152 0.0242
vn 0.4355 0.8660 -0.2456
vn 0.6112 0.7744 0.1635
vn 0.2713 0.8665 0.4191
vn 0.4552 0.4986 0.7376
vn 0.7746 0.4473 0.4472
vn 0.6295 0.1303 0.7660
vn 0.8568 0.1216 0.5010
vn -0.0227 -0.9995 0.0200
vn 0.2273 -0.8664 0.4445
vn -0.1639 -0.7744 0.6111
vn -0.4305 -0.8660 0.2544
vn 0.4112 -0.4986 0.7631
vn -0.0002 -0.4473 0.8944
vn 0.3523 -0.0433 0.9349
vn -0.0304 0.1756 0.9840
vn -0.5135 0.2433 0.8229
vn -0.4470 -0.4474 0.7746
vn -0.8337 -0.2586 0.4880
vn -0.7474 -0.5000 0.4374
vn -0.4305 0.8660 0.2544
vn -0.1638 0.7744 0.6111
vn 0.2273 0.8664 0.4445
vn -0.7475 0.5000 0.4374
vn -0.4470 0.4473 0.7747
vn -0.4165 0.5072 0.7545
vn 0.0689 0.3233 0.9438
vn -0.0002 0.4473 0.8944
vn 0.4079 0.1593 0.8990
vn 0.4112 0.4986 0.7631
vn 0.0227 -0.9995 -0.0200
vn -0.2273 -0.8664 -0.4446
vn 0.1638 -0.7744 -0.6111
vn 0.4305 -0.8660 -0.2544
vn -0.4112 -0.4986 -0.7631
vn 0.0002 -0.4473 -0.8944
vn -0.3523 -0.0433 -0.9349
vn 0.0304 0.1756 -0.9840
vn 0.5135 0.2434 -0.8228
vn 0.4469 -0.4475 -0.7746
vn 0.8337 -0.2586 -0.4879
vn 0.7475 -0.5000 -0.4374
vn 0.4305 0.8660 -0.2544
vn 0.1637 0.7744 -0.6111
vn -0.2273 0.8664 -0.4446
vn 0.7475 0.5000 -0.4374
vn 0.4467 0.4476 -0.7747
vn 0.8337 0.2586 -0.4879
vn 0.4165 0.5072 -0.7545
vn -0.0689 0.3233 -0.9438
vn 0.0001 0.4473 -0.8944
vn -0.4080 0.1593 -0.8990
vn -0.4112 0.4986 -0.7631
vn -0.0287 -0.9995 0.0097
vn -0.4356 -0.8660 0.2456
vn -0.6110 -0.7744 -0.1640
vn -0.2713 -0.8664 -0.4191
vn -0.7525 -0.5000 0.4286
vn -0.8943 -0.4475 0.0001
vn -0.8394 -0.2586 0.4780
vn -0.8617 -0.5072 -0.0166
vn -0.7829 -0.3233 -0.5316
vn -0.7747 -0.4474 -0.4468
vn -0.5746 -0.1593 -0.8028
vn -0.4552 -0.4987 -0.7376
vn -0.2713 0.8664 -0.4191
vn -0.6111 0.7744 -0.1637
vn -0.4355 0.8660 0.2456
vn -0.4552 0.4986 -0.7377
vn -0.7747 0.4474 -0.4468
vn -0.6335 0.0433 -0.7725
vn -0.8674 -0.1756 -0.4657
vn -0.9694 -0.2433 0.0333
vn -0.8943 0.4474 0.0001
vn -0.8394 0.2586 0.4780
vn -0.7525 0.5000 0.4286
vn 0.8394 0.2586 -0.4781
vn 0.9931 0.1151 0.0242
vn 0.8569 -0.1214 0.5010
vn 0.8568 0.1215 0.5011
vn 0.5777 -0.1288 0.8060
vn -0.8338 -0.2585 0.4878
vn -0.4164 0.5073 0.7545
vn -0.5136 0.2433 0.8228
vn 0.0690 0.3232 0.9438
vn -0.0303 0.1756 0.9840
vn -0.8673 -0.1756 -0.4657
vn -0.7828 -0.3233 -0.5317
vn -0.9694 -0.2433 0.0334
vn -0.8616 -0.5072 -0.0167
vn -0.8394 0.2586 0.4781
vn 0.8337 -0.2586 -0.4878
vn 0.4164 0.5073 -0.7545
vn 0.5136 0.2433 -0.8228
vn -0.0690 0.3232 -0.9438
vn 0.0303 0.1756 -0.9840
vn -0.4079 0.1593 -0.8990
vt 0.500000 0.760417
vt 0.500000 0.989583
vt 0.500000 0.541667
vt 0.500000 0.708333
vt 0.635417 0.541667
vt 0.864583 0.541667
vt 0.864583 0.708333
vt 0.635417 0.708333
vt 0.500000 0.041667
vt 0.500000 0.208333
vt 0.500000 0.260417
vt 0.500000 0.489583
vt 0.135417 0.708333
vt 0.135417 0.729139
vt 0.130435 0.728259
vt 0.130215 0.708333
vt 0.135417 0.750000
vt 0.130435 0.750000
vt 0.500000 1.000000
vt 0.375000 0.994565
vt 0.375000 0.989583
vt 0.500000 0.000000
vt 0.500000 0.020861
vt 0.375000 0.021741
vt 0.375000 0.000000
vt 0.375000 0.041667
vt 0.125000 0.708333
vt 0.125000 0.728259
vt 0.562418 0.989583
vt 0.559776 0.994565
vt 0.625000 0.989583
vt 0.625000 0.994565
vt 0.875000 0.708333
vt 0.869565 0.750000
vt 0.864583 0.750000
vt 0.625000 0.041667
vt 0.562418 0.041667
vt 0.559776 0.021741
vt 0.625000 0.000000
vt 0.559776 0.010974
vt 0.559777 0.997257
vt 0.135417 0.541667
vt 0.130215 0.541667
vt 0.130435 0.521741
vt 0.135417 0.520861
vt 0.125000 0.541667
vt 0.125000 0.521741
vt 0.500000 0.229139
vt 0.375000 0.228259
vt 0.375000 0.208333
vt 0.500000 0.255215
vt 0.375000 0.255435
vt 0.375000 0.260417
vt 0.135417 0.500000
vt 0.130435 0.500000
vt 0.864583 0.500000
vt 0.869565 0.500000
vt 0.875000 0.541667
vt 0.625000 0.260417
vt 0.562418 0.260417
vt 0.559776 0.255435
vt 0.625000 0.255435
vt 0.559776 0.228259
vt 0.562418 0.208333
vt 0.625000 0.208333
vt 0.625000 0.250000
vt 0.559776 0.252743
vt 0.364583 0.708333
vt 0.369785 0.708333
vt 0.369565 0.728259
vt 0.364583 0.729139
vt 0.437582 0.708333
vt 0.440224 0.728259
vt 0.500000 0.729139
vt 0.500000 0.755215
vt 0.375000 0.755435
vt 0.375000 0.760417
vt 0.364583 0.750000
vt 0.369565 0.750000
vt 0.372257 0.728259
vt 0.635417 0.750000
vt 0.630435 0.750000
vt 0.630215 0.708333
vt 0.625000 0.760417
vt 0.562418 0.760417
vt 0.559776 0.755435
vt 0.625000 0.755435
vt 0.559776 0.728259
vt 0.562418 0.708333
vt 0.559776 0.752743
vt 0.364583 0.541667
vt 0.364583 0.520861
vt 0.369565 0.521741
vt 0.369785 0.541667
vt 0.364583 0.500000
vt 0.369565 0.500000
vt 0.500000 0.494785
vt 0.375000 0.494565
vt 0.375000 0.489583
vt 0.500000 0.520861
vt 0.440224 0.521741
vt 0.437582 0.541667
vt 0.372257 0.521741
vt 0.630215 0.541667
vt 0.630435 0.521741
vt 0.635417 0.500000
vt 0.562418 0.541667
vt 0.559776 0.521741
vt 0.559776 0.494565
vt 0.562418 0.489583
vt 0.625000 0.489583
vt 0.592079 0.494565
vt 0.592079 0.521741
vt 0.559777 0.510974
s 0
usemtl Anodized_graphite.001
f 2099/3669/2116 2110/3669/2117 2061/3670/2116 2050/3670/2118
f 2123/3671/2116 2134/3671/2119 2111/3672/2116 2098/3672/2120
s 1
f 2133/3673/2121 2085/3674/2122 2062/3675/2123 2109/3676/2124
s 0
f 2051/3677/2125 2063/3677/2126 2087/3678/2125 2074/3678/2127
f 2075/3679/2125 2086/3679/2128 2135/3680/2125 2122/3680/2129
s 1
f 2049/3681/2130 2052/3682/2131 2054/3683/2132 2053/3684/2133
f 2052/3682/2131 2056/3685/2134 2057/3686/2135 2054/3683/2132
f 2050/3670/2136 2055/3687/2137 2057/3688/2135 2056/3689/2134
f 2055/3690/2137 2059/3691/2138 2060/3692/2139 2057/3693/2135
f 2051/3677/2140 2058/3694/2141 2060/3692/2139 2059/3691/2138
f 2058/3695/2141 2053/3684/2133 2054/3683/2132 2060/3696/2139
f 2054/3683/2132 2057/3686/2135 2060/3696/2139
f 2061/3670/2142 2064/3697/2143 2066/3698/2144 2065/3687/2145
f 2064/3697/2143 2068/3699/2146 2069/3700/2147 2066/3698/2144
f 2062/3675/2123 2067/3701/2148 2069/3702/2147 2068/3703/2146
f 2067/3704/2148 2071/3705/2149 2072/3706/2150 2069/3707/2147
f 2063/3677/2151 2070/3691/2152 2072/3706/2150 2071/3705/2149
f 2070/3691/2152 2065/3690/2145 2066/3708/2144 2072/3706/2150
f 2066/3698/2144 2069/3700/2147 2072/3709/2150
f 2073/3710/2153 2076/3711/2154 2078/3712/2155 2077/3713/2156
f 2076/3711/2154 2080/3714/2157 2081/3715/2158 2078/3712/2155
f 2074/3678/2159 2079/3716/2160 2081/3717/2158 2080/3718/2157
f 2079/3716/2160 2083/3719/2161 2084/3720/2162 2081/3717/2158
f 2075/3679/2163 2082/3721/2164 2084/3720/2162 2083/3719/2161
f 2082/3722/2164 2077/3713/2156 2078/3712/2155 2084/3723/2162
f 2078/3712/2155 2081/3715/2158 2084/3723/2162
f 2085/3674/2122 2088/3724/2165 2090/3725/2166 2089/3726/2167
f 2088/3727/2165 2092/3728/2168 2093/3729/2169 2090/3730/2166
f 2086/3679/2128 2091/3719/2170 2093/3729/2169 2092/3728/2168
f 2091/3719/2170 2095/3716/2171 2096/3731/2172 2093/3729/2169
f 2087/3678/2173 2094/3732/2174 2096/3731/2172 2095/3716/2171
f 2094/3732/2174 2089/3733/2167 2090/3734/2166 2096/3731/2172
f 2090/3730/2166 2093/3729/2169 2096/3735/2172
f 2097/3736/2175 2100/3737/2176 2102/3738/2177 2101/3739/2178
f 2100/3737/2176 2104/3740/2179 2105/3741/2180 2102/3738/2177
f 2098/3672/2181 2103/3742/2182 2105/3741/2180 2104/3740/2179
f 2103/3742/2182 2107/3743/2183 2108/3744/2184 2105/3741/2180
f 2099/3669/2185 2106/3745/2186 2108/3744/2184 2107/3743/2183
f 2106/3746/2186 2101/3739/2178 2102/3738/2177 2108/3747/2184
f 2102/3738/2177 2105/3748/2180 2108/3747/2184
f 2109/3676/2124 2112/3749/2187 2114/3750/2188 2113/3751/2189
f 2112/3752/2187 2116/3753/2190 2117/3754/2191 2114/3755/2188
f 2110/3669/2192 2115/3743/2193 2117/3754/2191 2116/3753/2190
f 2115/3743/2193 2119/3742/2194 2120/3756/2195 2117/3754/2191
f 2111/3672/2196 2118/3757/2197 2120/3756/2195 2119/3742/2194
f 2118/3757/2197 2113/3751/2189 2114/3750/2188 2120/3756/2195
f 2114/3755/2188 2117/3754/2191 2120/3758/2195
f 2121/3759/2198 2124/3760/2199 2126/3761/2200 2125/3762/2201
f 2124/3760/2199 2128/3763/2202 2129/3764/2203 2126/3761/2200
f 2122/3680/2204 2127/3765/2205 2129/3766/2203 2128/3767/2202
f 2127/3765/2205 2131/3768/2206 2132/3769/2207 2129/3766/2203
f 2123/3671/2208 2130/3770/2209 2132/3769/2207 2131/3768/2206
f 2130/3770/2209 2125/3762/2201 2126/3761/2200 2132/3769/2207
f 2126/3761/2200 2129/3764/2203 2132/3771/2207
f 2133/3673/2121 2136/3772/2210 2138/3773/2211 2137/3774/2212
f 2136/3772/2210 2140/3775/2213 2141/3776/2214 2138/3773/2211
f 2134/3671/2215 2139/3768/2216 2141/3776/2214 2140/3775/2213
f 2139/3768/2216 2143/3765/2217 2144/3777/2218 2141/3776/2214
f 2135/3680/2219 2142/3778/2220 2144/3777/2218 2143/3765/2217
f 2142/3778/2220 2137/3779/2212 2138/3780/2211 2144/3777/2218
f 2138/3781/2211 2141/3776/2214 2144/3782/2218
f 2073/3710/2153 2049/3681/2130 2053/3684/2133 2076/3711/2154
f 2076/3711/2154 2053/3684/2133 2058/3695/2141 2080/3714/2157
f 2080/3718/2157 2058/3694/2141 2051/3677/2140 2074/3678/2159
s 0
f 2050/3670/2116 2061/3670/2221 2065/3687/2125 2055/3687/2137
f 2055/3690/2116 2065/3690/2222 2070/3691/2125 2059/3691/2223
f 2059/3691/2125 2070/3691/2224 2063/3677/2125 2051/3677/2225
s 1
f 2062/3675/2123 2085/3674/2122 2089/3726/2167 2067/3701/2148
f 2067/3704/2148 2089/3733/2167 2094/3732/2174 2071/3705/2149
f 2071/3705/2149 2094/3732/2174 2087/3678/2173 2063/3677/2151
s 0
f 2086/3679/2125 2075/3679/2226 2083/3719/2125 2091/3719/2227
f 2091/3719/2125 2083/3719/2228 2079/3716/2125 2095/3716/2229
f 2095/3716/2125 2079/3716/2230 2074/3678/2125 2087/3678/2173
s 1
f 2121/3759/2198 2073/3710/2153 2077/3713/2156 2124/3760/2199
f 2124/3760/2199 2077/3713/2156 2082/3722/2164 2128/3763/2202
f 2128/3767/2202 2082/3721/2164 2075/3679/2163 2122/3680/2204
f 2085/3674/2122 2133/3673/2121 2137/3774/2212 2088/3724/2165
f 2088/3727/2165 2137/3779/2212 2142/3778/2220 2092/3728/2168
f 2092/3728/2168 2142/3778/2220 2135/3680/2219 2086/3679/2128
s 0
f 2134/3671/2116 2123/3671/2208 2131/3768/2116 2139/3768/2231
f 2139/3768/2116 2131/3768/2232 2127/3765/2116 2143/3765/2233
f 2143/3765/2125 2127/3765/2234 2122/3680/2125 2135/3680/2235
s 1
f 2097/3736/2175 2121/3759/2198 2125/3762/2201 2100/3737/2176
f 2100/3737/2176 2125/3762/2201 2130/3770/2209 2104/3740/2179
f 2104/3740/2179 2130/3770/2209 2123/3671/2208 2098/3672/2181
f 2133/3673/2121 2109/3676/2124 2113/3751/2189 2136/3772/2210
f 2136/3772/2210 2113/3751/2189 2118/3757/2197 2140/3775/2213
f 2140/3775/2213 2118/3757/2197 2111/3672/2196 2134/3671/2215
s 0
f 2110/3669/2116 2099/3669/2236 2107/3743/2116 2115/3743/2237
f 2115/3743/2116 2107/3743/2238 2103/3742/2116 2119/3742/2239
f 2119/3742/2116 2103/3742/2240 2098/3672/2116 2111/3672/2241
s 1
f 2049/3681/2130 2097/3736/2175 2101/3739/2178 2052/3682/2131
f 2052/3682/2131 2101/3739/2178 2106/3746/2186 2056/3685/2134
f 2056/3689/2134 2106/3745/2186 2099/3669/2185 2050/3670/2136
f 2109/3676/2124 2062/3675/2123 2068/3703/2146 2112/3749/2187
f 2112/3752/2187 2068/3699/2146 2064/3697/2143 2116/3753/2190
f 2116/3753/2190 2064/3697/2143 2061/3670/2142 2110/3669/2192
f 2073/3710/2153 2121/3759/2198 2097/3736/2175 2049/3681/2130
o Radial_cooling_vent.041
v -0.009542 0.042135 -0.006537
v -0.009292 0.042635 -0.006970
v -0.009109 0.042635 -0.006287
v -0.009417 0.042202 -0.006753
v -0.009326 0.042202 -0.006412
v -0.009216 0.042267 -0.006625
v -0.009109 0.042635 -0.006787
v -0.009326 0.042385 -0.006912
v -0.009151 0.042396 -0.006736
v -0.009167 0.042385 -0.006320
v -0.009042 0.042635 -0.006537
v -0.009104 0.042396 -0.006560
v -0.009292 0.042635 -0.006970
v -0.009542 0.043135 -0.006537
v -0.009109 0.042635 -0.006287
v -0.009326 0.042885 -0.006912
v -0.009109 0.042635 -0.006787
v -0.009151 0.042874 -0.006736
v -0.009326 0.043068 -0.006412
v -0.009417 0.043068 -0.006753
v -0.009216 0.043003 -0.006625
v -0.009042 0.042635 -0.006537
v -0.009167 0.042885 -0.006320
v -0.009104 0.042874 -0.006560
v -0.010542 0.042135 -0.004805
v -0.010109 0.042635 -0.004555
v -0.010792 0.042635 -0.004372
v -0.010326 0.042202 -0.004680
v -0.010667 0.042202 -0.004589
v -0.010455 0.042267 -0.004478
v -0.010292 0.042635 -0.004372
v -0.010167 0.042385 -0.004588
v -0.010343 0.042396 -0.004414
v -0.010759 0.042385 -0.004430
v -0.010543 0.042635 -0.004305
v -0.010519 0.042396 -0.004366
v -0.010542 0.043135 -0.004805
v -0.010792 0.042635 -0.004372
v -0.010109 0.042635 -0.004555
v -0.010667 0.043068 -0.004589
v -0.010326 0.043068 -0.004680
v -0.010455 0.043003 -0.004478
v -0.010543 0.042635 -0.004305
v -0.010759 0.042885 -0.004430
v -0.010519 0.042874 -0.004366
v -0.010167 0.042885 -0.004588
v -0.010292 0.042635 -0.004372
v -0.010343 0.042874 -0.004414
v -0.019069 0.042135 -0.012037
v -0.019502 0.042635 -0.012287
v -0.018819 0.042635 -0.012470
v -0.019285 0.042202 -0.012162
v -0.018944 0.042202 -0.012253
v -0.019156 0.042267 -0.012364
v -0.019319 0.042635 -0.012470
v -0.019444 0.042385 -0.012254
v -0.019268 0.042396 -0.012428
v -0.018852 0.042385 -0.012412
v -0.019068 0.042635 -0.012537
v -0.019091 0.042396 -0.012476
v -0.019069 0.043135 -0.012037
v -0.018819 0.042635 -0.012470
v -0.019502 0.042635 -0.012287
v -0.018944 0.043068 -0.012253
v -0.019285 0.043068 -0.012162
v -0.019156 0.043003 -0.012364
v -0.019068 0.042635 -0.012537
v -0.018852 0.042885 -0.012412
v -0.019091 0.042874 -0.012476
v -0.019444 0.042885 -0.012254
v -0.019319 0.042635 -0.012470
v -0.019268 0.042874 -0.012428
v -0.020069 0.042135 -0.010305
v -0.020319 0.042635 -0.009872
v -0.020502 0.042635 -0.010555
v -0.020193 0.042202 -0.010089
v -0.020285 0.042202 -0.010430
v -0.020395 0.042267 -0.010217
v -0.020501 0.042635 -0.010055
v -0.020285 0.042385 -0.009930
v -0.020460 0.042396 -0.010106
v -0.020444 0.042385 -0.010522
v -0.020569 0.042635 -0.010305
v -0.020507 0.042396 -0.010282
v -0.020069 0.043135 -0.010305
v -0.020502 0.042635 -0.010555
v -0.020319 0.042635 -0.009872
v -0.020285 0.043068 -0.010430
v -0.020193 0.043068 -0.010089
v -0.020395 0.043003 -0.010217
v -0.020569 0.042635 -0.010305
v -0.020444 0.042885 -0.010522
v -0.020507 0.042874 -0.010282
v -0.020285 0.042885 -0.009930
v -0.020501 0.042635 -0.010055
v -0.020460 0.042874 -0.010106
vn -0.0000 -0.0000 -1.0000
vn 0.4781 0.2586 -0.8393
vn 0.4879 -0.2587 -0.8337
vn -0.9349 0.0432 -0.3524
vn -0.7725 -0.0432 -0.6335
vn -0.0201 0.9995 0.0227
vn -0.0097 0.9995 0.0287
vn 0.0200 0.9995 -0.0227
vn 0.0097 0.9995 -0.0287
vn -0.0000 -0.0000 1.0000
vn 0.9282 0.1301 0.3486
vn 0.7726 -0.0432 0.6335
vn -0.4781 0.2586 0.8394
vn -0.4879 -0.2586 0.8337
vn 0.0200 -0.9995 -0.0228
vn 0.2544 -0.8660 -0.4305
vn 0.6111 -0.7744 -0.1637
vn 0.4445 -0.8664 0.2273
vn 0.4374 -0.5000 -0.7475
vn 0.7747 -0.4473 -0.4470
vn 0.4879 -0.2586 -0.8337
vn 0.8389 -0.1286 -0.5289
vn 0.9926 -0.1216 0.0055
vn 0.8943 -0.4474 -0.0002
vn 0.9033 -0.1289 0.4092
vn 0.7631 -0.4986 0.4112
vn 0.4879 0.2586 -0.8337
vn 0.4374 0.5000 -0.7474
vn 0.7746 0.4473 -0.4470
vn 0.8721 0.1152 -0.4756
vn 0.2544 0.8660 -0.4305
vn 0.6111 0.7744 -0.1637
vn 0.4446 0.8664 0.2273
vn 0.7631 0.4986 0.4112
vn 0.8944 0.4473 -0.0002
vn 0.9282 0.1303 0.3486
vn 0.9926 0.1216 0.0054
vn -0.0097 -0.9995 0.0287
vn 0.4191 -0.8664 0.2713
vn 0.1637 -0.7744 0.6111
vn -0.2456 -0.8660 0.4356
vn 0.7377 -0.4986 0.4552
vn 0.4472 -0.4474 0.7745
vn 0.7725 -0.0433 0.6335
vn 0.4657 0.1756 0.8674
vn -0.0333 0.2433 0.9694
vn 0.0001 -0.4473 0.8944
vn -0.4780 -0.2586 0.8394
vn -0.4286 -0.5000 0.7525
vn -0.2456 0.8660 0.4356
vn 0.1637 0.7744 0.6111
vn 0.4191 0.8664 0.2714
vn -0.4286 0.5000 0.7525
vn 0.0002 0.4473 0.8944
vn -0.4780 0.2586 0.8394
vn 0.0166 0.5071 0.8617
vn 0.5316 0.3233 0.7828
vn 0.4472 0.4474 0.7745
vn 0.8028 0.1593 0.5746
vn 0.7377 0.4987 0.4552
vn 0.0097 -0.9995 -0.0287
vn -0.4191 -0.8664 -0.2713
vn -0.1637 -0.7744 -0.6111
vn 0.2456 -0.8660 -0.4356
vn -0.7377 -0.4986 -0.4552
vn -0.4468 -0.4474 -0.7747
vn -0.7725 -0.0433 -0.6335
vn -0.4657 0.1756 -0.8674
vn 0.0333 0.2433 -0.9694
vn -0.0002 -0.4473 -0.8944
vn 0.4780 -0.2586 -0.8394
vn 0.4286 -0.5000 -0.7525
vn 0.2456 0.8660 -0.4356
vn -0.1638 0.7744 -0.6111
vn -0.4191 0.8664 -0.2713
vn 0.4286 0.5000 -0.7525
vn 0.0001 0.4474 -0.8943
vn 0.4780 0.2586 -0.8394
vn -0.0166 0.5071 -0.8617
vn -0.5316 0.3233 -0.7829
vn -0.4468 0.4474 -0.7747
vn -0.8028 0.1593 -0.5746
vn -0.7376 0.4986 -0.4552
vn -0.0201 -0.9995 0.0228
vn -0.2544 -0.8660 0.4305
vn -0.6111 -0.7744 0.1637
vn -0.4446 -0.8664 -0.2273
vn -0.4374 -0.5000 0.7475
vn -0.7747 -0.4473 0.4470
vn -0.7545 -0.5072 0.4165
vn -0.9438 -0.3233 -0.0689
vn -0.8944 -0.4474 0.0002
vn -0.8990 -0.1593 -0.4080
vn -0.7631 -0.4986 -0.4112
vn -0.4446 0.8664 -0.2273
vn -0.6111 0.7744 0.1637
vn -0.2544 0.8660 0.4305
vn -0.7631 0.4986 -0.4112
vn -0.8944 0.4473 0.0002
vn -0.9349 0.0433 -0.3523
vn -0.9840 -0.1756 0.0304
vn -0.8228 -0.2433 0.5135
vn -0.7746 0.4474 0.4469
vn -0.4880 0.2586 0.8337
vn -0.4374 0.5000 0.7474
vn 0.8389 -0.1286 -0.5288
vn 0.9926 -0.1214 0.0054
vn 0.9926 0.1215 0.0054
vn 0.9033 -0.1288 0.4093
vn -0.4781 -0.2586 0.8394
vn 0.0166 0.5072 0.8617
vn -0.0334 0.2433 0.9694
vn 0.5316 0.3234 0.7828
vn 0.4657 0.1756 0.8673
vn -0.8990 -0.1593 -0.4079
vn -0.9840 -0.1756 0.0303
vn -0.8228 -0.2432 0.5136
vn -0.4878 0.2586 0.8338
vn 0.4781 -0.2586 -0.8394
vn -0.0166 0.5073 -0.8616
vn 0.0334 0.2433 -0.9694
vn -0.5316 0.3233 -0.7828
vn -0.8028 0.1592 -0.5745
vt 0.500000 0.760417
vt 0.500000 0.989583
vt 0.500000 0.541667
vt 0.500000 0.708333
vt 0.635417 0.541667
vt 0.864583 0.541667
vt 0.864583 0.708333
vt 0.635417 0.708333
vt 0.500000 0.041667
vt 0.500000 0.208333
vt 0.500000 0.260417
vt 0.500000 0.489583
vt 0.135417 0.708333
vt 0.135417 0.729139
vt 0.130435 0.728259
vt 0.130215 0.708333
vt 0.135417 0.750000
vt 0.130435 0.750000
vt 0.500000 1.000000
vt 0.375000 0.994565
vt 0.375000 0.989583
vt 0.500000 0.000000
vt 0.500000 0.020861
vt 0.375000 0.021741
vt 0.375000 0.000000
vt 0.375000 0.041667
vt 0.125000 0.708333
vt 0.125000 0.728259
vt 0.562418 0.989583
vt 0.559776 0.994565
vt 0.625000 0.989583
vt 0.625000 0.994565
vt 0.875000 0.708333
vt 0.869565 0.750000
vt 0.864583 0.750000
vt 0.625000 0.041667
vt 0.562418 0.041667
vt 0.559776 0.021741
vt 0.625000 0.000000
vt 0.559776 0.010974
vt 0.559777 0.997257
vt 0.135417 0.541667
vt 0.130215 0.541667
vt 0.130435 0.521741
vt 0.135417 0.520861
vt 0.125000 0.541667
vt 0.125000 0.521741
vt 0.500000 0.229139
vt 0.375000 0.228259
vt 0.375000 0.208333
vt 0.500000 0.255215
vt 0.375000 0.255435
vt 0.375000 0.260417
vt 0.135417 0.500000
vt 0.130435 0.500000
vt 0.864583 0.500000
vt 0.869565 0.500000
vt 0.875000 0.541667
vt 0.625000 0.260417
vt 0.562418 0.260417
vt 0.559776 0.255435
vt 0.625000 0.255435
vt 0.559776 0.228259
vt 0.562418 0.208333
vt 0.625000 0.208333
vt 0.625000 0.250000
vt 0.559776 0.252743
vt 0.364583 0.708333
vt 0.369785 0.708333
vt 0.369565 0.728259
vt 0.364583 0.729139
vt 0.437582 0.708333
vt 0.440224 0.728259
vt 0.500000 0.729139
vt 0.500000 0.755215
vt 0.375000 0.755435
vt 0.375000 0.760417
vt 0.364583 0.750000
vt 0.369565 0.750000
vt 0.372257 0.728259
vt 0.635417 0.750000
vt 0.630435 0.750000
vt 0.630215 0.708333
vt 0.625000 0.760417
vt 0.562418 0.760417
vt 0.559776 0.755435
vt 0.625000 0.755435
vt 0.559776 0.728259
vt 0.562418 0.708333
vt 0.559776 0.752743
vt 0.364583 0.541667
vt 0.364583 0.520861
vt 0.369565 0.521741
vt 0.369785 0.541667
vt 0.364583 0.500000
vt 0.369565 0.500000
vt 0.500000 0.494785
vt 0.375000 0.494565
vt 0.375000 0.489583
vt 0.500000 0.520861
vt 0.440224 0.521741
vt 0.437582 0.541667
vt 0.372257 0.521741
vt 0.630215 0.541667
vt 0.630435 0.521741
vt 0.635417 0.500000
vt 0.562418 0.541667
vt 0.559776 0.521741
vt 0.559776 0.494565
vt 0.562418 0.489583
vt 0.625000 0.489583
vt 0.592079 0.494565
vt 0.592079 0.521741
vt 0.559777 0.510974
s 0
usemtl Anodized_graphite.001
f 2195/3783/2242 2206/3783/2243 2157/3784/2242 2146/3784/2244
f 2219/3785/2242 2230/3785/2245 2207/3786/2242 2194/3786/2246
s 1
f 2229/3787/2247 2181/3788/2248 2158/3789/2249 2205/3790/2250
s 0
f 2147/3791/2251 2159/3791/2252 2183/3792/2251 2170/3792/2253
f 2171/3793/2251 2182/3793/2254 2231/3794/2251 2218/3794/2255
s 1
f 2145/3795/2256 2148/3796/2257 2150/3797/2258 2149/3798/2259
f 2148/3796/2257 2152/3799/2260 2153/3800/2261 2150/3797/2258
f 2146/3784/2262 2151/3801/2263 2153/3802/2261 2152/3803/2260
f 2151/3804/2263 2155/3805/2264 2156/3806/2265 2153/3807/2261
f 2147/3791/2266 2154/3808/2267 2156/3806/2265 2155/3805/2264
f 2154/3809/2267 2149/3798/2259 2150/3797/2258 2156/3810/2265
f 2150/3797/2258 2153/3800/2261 2156/3810/2265
f 2157/3784/2268 2160/3811/2269 2162/3812/2270 2161/3801/2271
f 2160/3811/2269 2164/3813/2272 2165/3814/2273 2162/3812/2270
f 2158/3789/2249 2163/3815/2274 2165/3816/2273 2164/3817/2272
f 2163/3818/2274 2167/3819/2275 2168/3820/2276 2165/3821/2273
f 2159/3791/2277 2166/3805/2278 2168/3820/2276 2167/3819/2275
f 2166/3805/2278 2161/3804/2271 2162/3822/2270 2168/3820/2276
f 2162/3812/2270 2165/3814/2273 2168/3823/2276
f 2169/3824/2279 2172/3825/2280 2174/3826/2281 2173/3827/2282
f 2172/3825/2280 2176/3828/2283 2177/3829/2284 2174/3826/2281
f 2170/3792/2285 2175/3830/2286 2177/3831/2284 2176/3832/2283
f 2175/3830/2286 2179/3833/2287 2180/3834/2288 2177/3831/2284
f 2171/3793/2289 2178/3835/2290 2180/3834/2288 2179/3833/2287
f 2178/3836/2290 2173/3827/2282 2174/3826/2281 2180/3837/2288
f 2174/3826/2281 2177/3829/2284 2180/3837/2288
f 2181/3788/2248 2184/3838/2291 2186/3839/2292 2185/3840/2293
f 2184/3841/2291 2188/3842/2294 2189/3843/2295 2186/3844/2292
f 2182/3793/2296 2187/3833/2297 2189/3843/2295 2188/3842/2294
f 2187/3833/2297 2191/3830/2298 2192/3845/2299 2189/3843/2295
f 2183/3792/2300 2190/3846/2301 2192/3845/2299 2191/3830/2298
f 2190/3846/2301 2185/3847/2293 2186/3848/2292 2192/3845/2299
f 2186/3844/2292 2189/3843/2295 2192/3849/2299
f 2193/3850/2302 2196/3851/2303 2198/3852/2304 2197/3853/2305
f 2196/3851/2303 2200/3854/2306 2201/3855/2307 2198/3852/2304
f 2194/3786/2308 2199/3856/2309 2201/3855/2307 2200/3854/2306
f 2199/3856/2309 2203/3857/2310 2204/3858/2311 2201/3855/2307
f 2195/3783/2312 2202/3859/2313 2204/3858/2311 2203/3857/2310
f 2202/3860/2313 2197/3853/2305 2198/3852/2304 2204/3861/2311
f 2198/3852/2304 2201/3862/2307 2204/3861/2311
f 2205/3790/2250 2208/3863/2314 2210/3864/2315 2209/3865/2316
f 2208/3866/2314 2212/3867/2317 2213/3868/2318 2210/3869/2315
f 2206/3783/2319 2211/3857/2320 2213/3868/2318 2212/3867/2317
f 2211/3857/2320 2215/3856/2321 2216/3870/2322 2213/3868/2318
f 2207/3786/2323 2214/3871/2324 2216/3870/2322 2215/3856/2321
f 2214/3871/2324 2209/3865/2316 2210/3864/2315 2216/3870/2322
f 2210/3869/2315 2213/3868/2318 2216/3872/2322
f 2217/3873/2325 2220/3874/2326 2222/3875/2327 2221/3876/2328
f 2220/3874/2326 2224/3877/2329 2225/3878/2330 2222/3875/2327
f 2218/3794/2255 2223/3879/2331 2225/3880/2330 2224/3881/2329
f 2223/3879/2331 2227/3882/2332 2228/3883/2333 2225/3880/2330
f 2219/3785/2334 2226/3884/2335 2228/3883/2333 2227/3882/2332
f 2226/3884/2335 2221/3876/2328 2222/3875/2327 2228/3883/2333
f 2222/3875/2327 2225/3878/2330 2228/3885/2333
f 2229/3787/2247 2232/3886/2336 2234/3887/2337 2233/3888/2338
f 2232/3886/2336 2236/3889/2339 2237/3890/2340 2234/3887/2337
f 2230/3785/2341 2235/3882/2342 2237/3890/2340 2236/3889/2339
f 2235/3882/2342 2239/3879/2343 2240/3891/2344 2237/3890/2340
f 2231/3794/2345 2238/3892/2346 2240/3891/2344 2239/3879/2343
f 2238/3892/2346 2233/3893/2338 2234/3894/2337 2240/3891/2344
f 2234/3895/2337 2237/3890/2340 2240/3896/2344
f 2169/3824/2279 2145/3795/2256 2149/3798/2259 2172/3825/2280
f 2172/3825/2280 2149/3798/2259 2154/3809/2267 2176/3828/2283
f 2176/3832/2283 2154/3808/2267 2147/3791/2266 2170/3792/2285
s 0
f 2146/3784/2242 2157/3784/2268 2161/3801/2242 2151/3801/2347
f 2151/3804/2242 2161/3804/2271 2166/3805/2251 2155/3805/2348
f 2155/3805/2251 2166/3805/2349 2159/3791/2251 2147/3791/2350
s 1
f 2158/3789/2249 2181/3788/2248 2185/3840/2293 2163/3815/2274
f 2163/3818/2274 2185/3847/2293 2190/3846/2301 2167/3819/2275
f 2167/3819/2275 2190/3846/2301 2183/3792/2300 2159/3791/2277
s 0
f 2182/3793/2251 2171/3793/2351 2179/3833/2251 2187/3833/2352
f 2187/3833/2251 2179/3833/2353 2175/3830/2251 2191/3830/2354
f 2191/3830/2251 2175/3830/2355 2170/3792/2251 2183/3792/2300
s 1
f 2217/3873/2325 2169/3824/2279 2173/3827/2282 2220/3874/2326
f 2220/3874/2326 2173/3827/2282 2178/3836/2290 2224/3877/2329
f 2224/3881/2329 2178/3835/2290 2171/3793/2289 2218/3794/2255
f 2181/3788/2248 2229/3787/2247 2233/3888/2338 2184/3838/2291
f 2184/3841/2291 2233/3893/2338 2238/3892/2346 2188/3842/2294
f 2188/3842/2294 2238/3892/2346 2231/3794/2345 2182/3793/2296
s 0
f 2230/3785/2242 2219/3785/2356 2227/3882/2242 2235/3882/2357
f 2235/3882/2251 2227/3882/2332 2223/3879/2251 2239/3879/2358
f 2239/3879/2251 2223/3879/2331 2218/3794/2251 2231/3794/2359
s 1
f 2193/3850/2302 2217/3873/2325 2221/3876/2328 2196/3851/2303
f 2196/3851/2303 2221/3876/2328 2226/3884/2335 2200/3854/2306
f 2200/3854/2306 2226/3884/2335 2219/3785/2334 2194/3786/2308
f 2229/3787/2247 2205/3790/2250 2209/3865/2316 2232/3886/2336
f 2232/3886/2336 2209/3865/2316 2214/3871/2324 2236/3889/2339
f 2236/3889/2339 2214/3871/2324 2207/3786/2323 2230/3785/2341
s 0
f 2206/3783/2242 2195/3783/2360 2203/3857/2242 2211/3857/2361
f 2211/3857/2242 2203/3857/2362 2199/3856/2242 2215/3856/2363
f 2215/3856/2242 2199/3856/2309 2194/3786/2242 2207/3786/2364
s 1
f 2145/3795/2256 2193/3850/2302 2197/3853/2305 2148/3796/2257
f 2148/3796/2257 2197/3853/2305 2202/3860/2313 2152/3799/2260
f 2152/3803/2260 2202/3859/2313 2195/3783/2312 2146/3784/2262
f 2205/3790/2250 2158/3789/2249 2164/3817/2272 2208/3863/2314
f 2208/3866/2314 2164/3813/2272 2160/3811/2269 2212/3867/2317
f 2212/3867/2317 2160/3811/2269 2157/3784/2268 2206/3783/2319
f 2169/3824/2279 2217/3873/2325 2193/3850/2302 2145/3795/2256
o Radial_cooling_vent.042
v -0.011583 0.042135 -0.000921
v -0.011583 0.042635 -0.001421
v -0.011083 0.042635 -0.000921
v -0.011583 0.042202 -0.001171
v -0.011333 0.042202 -0.000921
v -0.011344 0.042267 -0.001160
v -0.011333 0.042635 -0.001354
v -0.011583 0.042385 -0.001354
v -0.011344 0.042396 -0.001289
v -0.011150 0.042385 -0.000921
v -0.011150 0.042635 -0.001171
v -0.011215 0.042396 -0.001160
v -0.011583 0.042635 -0.001421
v -0.011583 0.043135 -0.000921
v -0.011083 0.042635 -0.000921
v -0.011583 0.042885 -0.001354
v -0.011333 0.042635 -0.001354
v -0.011344 0.042874 -0.001289
v -0.011333 0.043068 -0.000921
v -0.011583 0.043068 -0.001171
v -0.011344 0.043003 -0.001160
v -0.011150 0.042635 -0.001171
v -0.011150 0.042885 -0.000921
v -0.011215 0.042874 -0.001160
v -0.011583 0.042135 0.001079
v -0.011083 0.042635 0.001079
v -0.011583 0.042635 0.001579
v -0.011333 0.042202 0.001079
v -0.011583 0.042202 0.001329
v -0.011344 0.042267 0.001318
v -0.011150 0.042635 0.001329
v -0.011150 0.042385 0.001079
v -0.011215 0.042396 0.001318
v -0.011583 0.042385 0.001512
v -0.011333 0.042635 0.001512
v -0.011344 0.042396 0.001447
v -0.011583 0.043135 0.001079
v -0.011583 0.042635 0.001579
v -0.011083 0.042635 0.001079
v -0.011583 0.043068 0.001329
v -0.011333 0.043068 0.001079
v -0.011344 0.043003 0.001318
v -0.011333 0.042635 0.001512
v -0.011583 0.042885 0.001512
v -0.011344 0.042874 0.001447
v -0.011150 0.042885 0.001079
v -0.011150 0.042635 0.001329
v -0.011215 0.042874 0.001318
v -0.022583 0.042135 -0.000921
v -0.023083 0.042635 -0.000921
v -0.022583 0.042635 -0.001421
v -0.022833 0.042202 -0.000921
v -0.022583 0.042202 -0.001171
v -0.022822 0.042267 -0.001160
v -0.023016 0.042635 -0.001171
v -0.023016 0.042385 -0.000921
v -0.022951 0.042396 -0.001160
v -0.022583 0.042385 -0.001354
v -0.022833 0.042635 -0.001354
v -0.022822 0.042396 -0.001289
v -0.022583 0.043135 -0.000921
v -0.022583 0.042635 -0.001421
v -0.023083 0.042635 -0.000921
v -0.022583 0.043068 -0.001171
v -0.022833 0.043068 -0.000921
v -0.022822 0.043003 -0.001160
v -0.022833 0.042635 -0.001354
v -0.022583 0.042885 -0.001354
v -0.022822 0.042874 -0.001289
v -0.023016 0.042885 -0.000921
v -0.023016 0.042635 -0.001171
v -0.022951 0.042874 -0.001160
v -0.022583 0.042135 0.001079
v -0.022583 0.042635 0.001579
v -0.023083 0.042635 0.001079
v -0.022583 0.042202 0.001329
v -0.022833 0.042202 0.001079
v -0.022822 0.042267 0.001318
v -0.022833 0.042635 0.001512
v -0.022583 0.042385 0.001512
v -0.022822 0.042396 0.001447
v -0.023016 0.042385 0.001079
v -0.023016 0.042635 0.001329
v -0.022951 0.042396 0.001318
v -0.022583 0.043135 0.001079
v -0.023083 0.042635 0.001079
v -0.022583 0.042635 0.001579
v -0.022833 0.043068 0.001079
v -0.022583 0.043068 0.001329
v -0.022822 0.043003 0.001318
v -0.023016 0.042635 0.001329
v -0.023016 0.042885 0.001079
v -0.022951 0.042874 0.001318
v -0.022583 0.042885 0.001512
v -0.022833 0.042635 0.001512
v -0.022822 0.042874 0.001447
vn -0.0000 -0.0000 -1.0000
vn -0.0056 0.2586 -0.9660
vn 0.0056 -0.2586 -0.9660
vn -0.0000 -0.0000 -0.0000
vn -0.0060 0.9995 0.0297
vn 0.0060 0.9995 0.0297
vn 0.0060 0.9995 -0.0297
vn -0.0059 0.9995 -0.0297
vn -0.0000 -0.0000 1.0000
vn 0.0056 0.2586 0.9660
vn -0.0056 -0.2586 0.9660
vn 0.0060 -0.9995 -0.0297
vn 0.0051 -0.8660 -0.5000
vn 0.4474 -0.7744 -0.4474
vn 0.4986 -0.8665 -0.0254
vn 0.0050 -0.5000 -0.8660
vn 0.4474 -0.4473 -0.7745
vn 0.0057 -0.2586 -0.9660
vn 0.4620 -0.1286 -0.8775
vn 0.8623 -0.1216 -0.4916
vn 0.7745 -0.4473 -0.4473
vn 0.9869 -0.1289 -0.0973
vn 0.8664 -0.4986 -0.0254
vn 0.0057 0.2586 -0.9660
vn 0.0050 0.5000 -0.8660
vn 0.4473 0.4473 -0.7745
vn 0.5175 0.1152 -0.8479
vn 0.0050 0.8660 -0.5000
vn 0.4473 0.7745 -0.4473
vn 0.4986 0.8664 -0.0254
vn 0.8665 0.4986 -0.0254
vn 0.7744 0.4473 -0.4474
vn 0.9781 0.1303 -0.1621
vn 0.8623 0.1216 -0.4916
vn 0.0060 -0.9995 0.0297
vn 0.4986 -0.8664 0.0254
vn 0.4473 -0.7745 0.4473
vn 0.0051 -0.8660 0.5000
vn 0.8664 -0.4986 0.0254
vn 0.7744 -0.4473 0.4474
vn 0.9858 -0.0433 0.1624
vn 0.8370 0.1756 0.5183
vn 0.4558 0.2433 0.8562
vn 0.4474 -0.4474 0.7744
vn 0.0057 -0.2586 0.9660
vn 0.0050 -0.5000 0.8660
vn 0.0051 0.8660 0.5000
vn 0.4473 0.7744 0.4474
vn 0.4986 0.8665 0.0254
vn 0.0050 0.5000 0.8660
vn 0.4473 0.4472 0.7745
vn 0.0057 0.2586 0.9660
vn 0.4453 0.5072 0.7379
vn 0.8518 0.3233 0.4121
vn 0.7744 0.4474 0.4474
vn 0.9825 0.1593 0.0963
vn 0.8664 0.4986 0.0254
vn -0.0060 -0.9995 -0.0297
vn -0.4986 -0.8664 -0.0254
vn -0.4474 -0.7744 -0.4474
vn -0.0051 -0.8660 -0.5000
vn -0.8665 -0.4986 -0.0254
vn -0.7744 -0.4474 -0.4474
vn -0.9858 -0.0433 -0.1624
vn -0.8370 0.1756 -0.5183
vn -0.4558 0.2433 -0.8562
vn -0.4473 -0.4473 -0.7745
vn -0.0057 -0.2586 -0.9660
vn -0.0050 -0.5000 -0.8660
vn -0.0050 0.8660 -0.5000
vn -0.4474 0.7744 -0.4474
vn -0.4986 0.8664 -0.0254
vn -0.0050 0.5000 -0.8660
vn -0.4473 0.4473 -0.7745
vn -0.0057 0.2586 -0.9660
vn -0.4453 0.5072 -0.7379
vn -0.8518 0.3233 -0.4121
vn -0.7744 0.4474 -0.4474
vn -0.9825 0.1593 -0.0963
vn -0.8664 0.4986 -0.0254
vn -0.0060 -0.9995 0.0297
vn -0.0050 -0.8660 0.5000
vn -0.4474 -0.7744 0.4474
vn -0.4986 -0.8665 0.0254
vn -0.0050 -0.5000 0.8660
vn -0.4474 -0.4473 0.7744
vn -0.0057 -0.2586 0.9660
vn -0.4453 -0.5072 0.7379
vn -0.8518 -0.3233 0.4122
vn -0.7744 -0.4474 0.4474
vn -0.9825 -0.1593 0.0963
vn -0.8664 -0.4986 0.0254
vn -0.4986 0.8664 0.0254
vn -0.4473 0.7744 0.4473
vn -0.0050 0.8660 0.5000
vn -0.8664 0.4986 0.0254
vn -0.7745 0.4473 0.4473
vn -0.9858 0.0433 0.1624
vn -0.8370 -0.1756 0.5183
vn -0.4558 -0.2433 0.8562
vn -0.4474 0.4474 0.7744
vn -0.0058 0.2586 0.9660
vn -0.0051 0.5000 0.8660
vn 0.8623 -0.1215 -0.4916
vn 0.8624 0.1215 -0.4915
vn 0.9869 -0.1288 -0.0973
vn 0.0056 -0.2586 0.9660
vn 0.4452 0.5073 0.7379
vn 0.8519 0.3232 0.4122
vn 0.9825 0.1593 0.0962
vn -0.9825 -0.1593 0.0962
vn -0.8519 -0.3232 0.4122
vn -0.4452 -0.5073 0.7379
vn -0.0056 0.2586 0.9660
vn -0.0056 -0.2586 -0.9660
vn -0.4452 0.5073 -0.7378
vn -0.8518 0.3233 -0.4122
vn -0.8369 0.1756 -0.5184
vn -0.9825 0.1593 -0.0962
vt 0.500000 0.760417
vt 0.500000 0.989583
vt 0.500000 0.541667
vt 0.500000 0.708333
vt 0.635417 0.541667
vt 0.864583 0.541667
vt 0.864583 0.708333
vt 0.635417 0.708333
vt 0.500000 0.041667
vt 0.500000 0.208333
vt 0.500000 0.260417
vt 0.500000 0.489583
vt 0.135417 0.708333
vt 0.135417 0.729139
vt 0.130435 0.728259
vt 0.130215 0.708333
vt 0.135417 0.750000
vt 0.130435 0.750000
vt 0.500000 1.000000
vt 0.375000 0.994565
vt 0.375000 0.989583
vt 0.500000 0.000000
vt 0.500000 0.020861
vt 0.375000 0.021741
vt 0.375000 0.000000
vt 0.375000 0.041667
vt 0.125000 0.708333
vt 0.125000 0.728259
vt 0.562418 0.989583
vt 0.559776 0.994565
vt 0.625000 0.989583
vt 0.625000 0.994565
vt 0.875000 0.708333
vt 0.869565 0.750000
vt 0.864583 0.750000
vt 0.625000 0.041667
vt 0.562418 0.041667
vt 0.559776 0.021741
vt 0.625000 0.000000
vt 0.559776 0.010974
vt 0.559777 0.997257
vt 0.135417 0.541667
vt 0.130215 0.541667
vt 0.130435 0.521741
vt 0.135417 0.520861
vt 0.125000 0.541667
vt 0.125000 0.521741
vt 0.500000 0.229139
vt 0.375000 0.228259
vt 0.375000 0.208333
vt 0.500000 0.255215
vt 0.375000 0.255435
vt 0.375000 0.260417
vt 0.135417 0.500000
vt 0.130435 0.500000
vt 0.864583 0.500000
vt 0.869565 0.500000
vt 0.875000 0.541667
vt 0.625000 0.260417
vt 0.562418 0.260417
vt 0.559776 0.255435
vt 0.625000 0.255435
vt 0.559776 0.228259
vt 0.562418 0.208333
vt 0.625000 0.208333
vt 0.625000 0.250000
vt 0.559776 0.252743
vt 0.364583 0.708333
vt 0.369785 0.708333
vt 0.369565 0.728259
vt 0.364583 0.729139
vt 0.437582 0.708333
vt 0.440224 0.728259
vt 0.500000 0.729139
vt 0.500000 0.755215
vt 0.375000 0.755435
vt 0.375000 0.760417
vt 0.364583 0.750000
vt 0.369565 0.750000
vt 0.372257 0.728259
vt 0.635417 0.750000
vt 0.630435 0.750000
vt 0.630215 0.708333
vt 0.625000 0.760417
vt 0.562418 0.760417
vt 0.559776 0.755435
vt 0.625000 0.755435
vt 0.559776 0.728259
vt 0.562418 0.708333
vt 0.559776 0.752743
vt 0.364583 0.541667
vt 0.364583 0.520861
vt 0.369565 0.521741
vt 0.369785 0.541667
vt 0.364583 0.500000
vt 0.369565 0.500000
vt 0.500000 0.494785
vt 0.375000 0.494565
vt 0.375000 0.489583
vt 0.500000 0.520861
vt 0.440224 0.521741
vt 0.437582 0.541667
vt 0.372257 0.521741
vt 0.630215 0.541667
vt 0.630435 0.521741
vt 0.635417 0.500000
vt 0.562418 0.541667
vt 0.559776 0.521741
vt 0.559776 0.494565
vt 0.562418 0.489583
vt 0.625000 0.489583
vt 0.592079 0.494565
vt 0.592079 0.521741
vt 0.559777 0.510974
s 0
usemtl Anodized_graphite.001
f 2291/3897/2365 2302/3897/2366 2253/3898/2365 2242/3898/2367
f 2315/3899/2368 2326/3899/2368 2303/3900/2368 2290/3900/2368
s 1
f 2325/3901/2369 2277/3902/2370 2254/3903/2371 2301/3904/2372
s 0
f 2243/3905/2368 2255/3905/2368 2279/3906/2368 2266/3906/2368
f 2267/3907/2373 2278/3907/2374 2327/3908/2373 2314/3908/2375
s 1
f 2241/3909/2376 2244/3910/2377 2246/3911/2378 2245/3912/2379
f 2244/3910/2377 2248/3913/2380 2249/3914/2381 2246/3911/2378
f 2242/3898/2382 2247/3915/2383 2249/3916/2381 2248/3917/2380
f 2247/3918/2383 2251/3919/2384 2252/3920/2385 2249/3921/2381
f 2243/3905/2386 2250/3922/2387 2252/3920/2385 2251/3919/2384
f 2250/3923/2387 2245/3912/2379 2246/3911/2378 2252/3924/2385
f 2246/3911/2378 2249/3914/2381 2252/3924/2385
f 2253/3898/2388 2256/3925/2389 2258/3926/2390 2257/3915/2391
f 2256/3925/2389 2260/3927/2392 2261/3928/2393 2258/3926/2390
f 2254/3903/2371 2259/3929/2394 2261/3930/2393 2260/3931/2392
f 2259/3932/2394 2263/3933/2395 2264/3934/2396 2261/3935/2393
f 2255/3905/2397 2262/3919/2398 2264/3934/2396 2263/3933/2395
f 2262/3919/2398 2257/3918/2391 2258/3936/2390 2264/3934/2396
f 2258/3926/2390 2261/3928/2393 2264/3937/2396
f 2265/3938/2399 2268/3939/2400 2270/3940/2401 2269/3941/2402
f 2268/3939/2400 2272/3942/2403 2273/3943/2404 2270/3940/2401
f 2266/3906/2405 2271/3944/2406 2273/3945/2404 2272/3946/2403
f 2271/3944/2406 2275/3947/2407 2276/3948/2408 2273/3945/2404
f 2267/3907/2409 2274/3949/2410 2276/3948/2408 2275/3947/2407
f 2274/3950/2410 2269/3941/2402 2270/3940/2401 2276/3951/2408
f 2270/3940/2401 2273/3943/2404 2276/3951/2408
f 2277/3902/2370 2280/3952/2411 2282/3953/2412 2281/3954/2413
f 2280/3955/2411 2284/3956/2414 2285/3957/2415 2282/3958/2412
f 2278/3907/2416 2283/3947/2417 2285/3957/2415 2284/3956/2414
f 2283/3947/2417 2287/3944/2418 2288/3959/2419 2285/3957/2415
f 2279/3906/2420 2286/3960/2421 2288/3959/2419 2287/3944/2418
f 2286/3960/2421 2281/3961/2413 2282/3962/2412 2288/3959/2419
f 2282/3958/2412 2285/3957/2415 2288/3963/2419
f 2289/3964/2422 2292/3965/2423 2294/3966/2424 2293/3967/2425
f 2292/3965/2423 2296/3968/2426 2297/3969/2427 2294/3966/2424
f 2290/3900/2428 2295/3970/2429 2297/3969/2427 2296/3968/2426
f 2295/3970/2429 2299/3971/2430 2300/3972/2431 2297/3969/2427
f 2291/3897/2432 2298/3973/2433 2300/3972/2431 2299/3971/2430
f 2298/3974/2433 2293/3967/2425 2294/3966/2424 2300/3975/2431
f 2294/3966/2424 2297/3976/2427 2300/3975/2431
f 2301/3904/2372 2304/3977/2434 2306/3978/2435 2305/3979/2436
f 2304/3980/2434 2308/3981/2437 2309/3982/2438 2306/3983/2435
f 2302/3897/2439 2307/3971/2440 2309/3982/2438 2308/3981/2437
f 2307/3971/2440 2311/3970/2441 2312/3984/2442 2309/3982/2438
f 2303/3900/2443 2310/3985/2444 2312/3984/2442 2311/3970/2441
f 2310/3985/2444 2305/3979/2436 2306/3978/2435 2312/3984/2442
f 2306/3983/2435 2309/3982/2438 2312/3986/2442
f 2313/3987/2445 2316/3988/2446 2318/3989/2447 2317/3990/2448
f 2316/3988/2446 2320/3991/2449 2321/3992/2450 2318/3989/2447
f 2314/3908/2451 2319/3993/2452 2321/3994/2450 2320/3995/2449
f 2319/3993/2452 2323/3996/2453 2324/3997/2454 2321/3994/2450
f 2315/3899/2455 2322/3998/2456 2324/3997/2454 2323/3996/2453
f 2322/3998/2456 2317/3990/2448 2318/3989/2447 2324/3997/2454
f 2318/3989/2447 2321/3992/2450 2324/3999/2454
f 2325/3901/2369 2328/4000/2457 2330/4001/2458 2329/4002/2459
f 2328/4000/2457 2332/4003/2460 2333/4004/2461 2330/4001/2458
f 2326/3899/2462 2331/3996/2463 2333/4004/2461 2332/4003/2460
f 2331/3996/2463 2335/3993/2464 2336/4005/2465 2333/4004/2461
f 2327/3908/2466 2334/4006/2467 2336/4005/2465 2335/3993/2464
f 2334/4006/2467 2329/4007/2459 2330/4008/2458 2336/4005/2465
f 2330/4009/2458 2333/4004/2461 2336/4010/2465
f 2265/3938/2399 2241/3909/2376 2245/3912/2379 2268/3939/2400
f 2268/3939/2400 2245/3912/2379 2250/3923/2387 2272/3942/2403
f 2272/3946/2403 2250/3922/2387 2243/3905/2386 2266/3906/2405
s 0
f 2242/3898/2365 2253/3898/2388 2257/3915/2365 2247/3915/2383
f 2247/3918/2365 2257/3918/2391 2262/3919/2365 2251/3919/2468
f 2251/3919/2365 2262/3919/2469 2255/3905/2365 2243/3905/2470
s 1
f 2254/3903/2371 2277/3902/2370 2281/3954/2413 2259/3929/2394
f 2259/3932/2394 2281/3961/2413 2286/3960/2421 2263/3933/2395
f 2263/3933/2395 2286/3960/2421 2279/3906/2420 2255/3905/2397
s 0
f 2278/3907/2373 2267/3907/2471 2275/3947/2373 2283/3947/2472
f 2283/3947/2373 2275/3947/2407 2271/3944/2373 2287/3944/2473
f 2287/3944/2373 2271/3944/2406 2266/3906/2373 2279/3906/2474
s 1
f 2313/3987/2445 2265/3938/2399 2269/3941/2402 2316/3988/2446
f 2316/3988/2446 2269/3941/2402 2274/3950/2410 2320/3991/2449
f 2320/3995/2449 2274/3949/2410 2267/3907/2409 2314/3908/2451
f 2277/3902/2370 2325/3901/2369 2329/4002/2459 2280/3952/2411
f 2280/3955/2411 2329/4007/2459 2334/4006/2467 2284/3956/2414
f 2284/3956/2414 2334/4006/2467 2327/3908/2466 2278/3907/2416
s 0
f 2326/3899/2373 2315/3899/2475 2323/3996/2373 2331/3996/2463
f 2331/3996/2373 2323/3996/2476 2319/3993/2373 2335/3993/2464
f 2335/3993/2373 2319/3993/2477 2314/3908/2373 2327/3908/2478
s 1
f 2289/3964/2422 2313/3987/2445 2317/3990/2448 2292/3965/2423
f 2292/3965/2423 2317/3990/2448 2322/3998/2456 2296/3968/2426
f 2296/3968/2426 2322/3998/2456 2315/3899/2455 2290/3900/2428
f 2325/3901/2369 2301/3904/2372 2305/3979/2436 2328/4000/2457
f 2328/4000/2457 2305/3979/2436 2310/3985/2444 2332/4003/2460
f 2332/4003/2460 2310/3985/2444 2303/3900/2443 2326/3899/2462
s 0
f 2302/3897/2365 2291/3897/2479 2299/3971/2365 2307/3971/2480
f 2307/3971/2365 2299/3971/2430 2295/3970/2365 2311/3970/2481
f 2311/3970/2365 2295/3970/2482 2290/3900/2365 2303/3900/2483
s 1
f 2241/3909/2376 2289/3964/2422 2293/3967/2425 2244/3910/2377
f 2244/3910/2377 2293/3967/2425 2298/3974/2433 2248/3913/2380
f 2248/3917/2380 2298/3973/2433 2291/3897/2432 2242/3898/2382
f 2301/3904/2372 2254/3903/2371 2260/3931/2392 2304/3977/2434
f 2304/3980/2434 2260/3927/2392 2256/3925/2389 2308/3981/2437
f 2308/3981/2437 2256/3925/2389 2253/3898/2388 2302/3897/2439
f 2265/3938/2399 2313/3987/2445 2289/3964/2422 2241/3909/2376
o Radial_cooling_vent.043
v -0.010542 0.042135 0.004963
v -0.010792 0.042635 0.004530
v -0.010109 0.042635 0.004713
v -0.010667 0.042202 0.004747
v -0.010326 0.042202 0.004838
v -0.010455 0.042267 0.004636
v -0.010543 0.042635 0.004463
v -0.010759 0.042385 0.004588
v -0.010519 0.042396 0.004524
v -0.010167 0.042385 0.004746
v -0.010292 0.042635 0.004530
v -0.010343 0.042396 0.004572
v -0.010792 0.042635 0.004530
v -0.010542 0.043135 0.004963
v -0.010109 0.042635 0.004713
v -0.010759 0.042885 0.004588
v -0.010543 0.042635 0.004463
v -0.010519 0.042874 0.004524
v -0.010326 0.043068 0.004838
v -0.010667 0.043068 0.004747
v -0.010455 0.043003 0.004636
v -0.010292 0.042635 0.004530
v -0.010167 0.042885 0.004746
v -0.010343 0.042874 0.004572
v -0.009542 0.042135 0.006695
v -0.009109 0.042635 0.006445
v -0.009292 0.042635 0.007128
v -0.009326 0.042202 0.006570
v -0.009417 0.042202 0.006911
v -0.009216 0.042267 0.006783
v -0.009042 0.042635 0.006695
v -0.009167 0.042385 0.006478
v -0.009104 0.042396 0.006718
v -0.009326 0.042385 0.007070
v -0.009109 0.042635 0.006945
v -0.009151 0.042396 0.006894
v -0.009542 0.043135 0.006695
v -0.009292 0.042635 0.007128
v -0.009109 0.042635 0.006445
v -0.009417 0.043068 0.006911
v -0.009326 0.043068 0.006570
v -0.009216 0.043003 0.006783
v -0.009109 0.042635 0.006945
v -0.009326 0.042885 0.007070
v -0.009151 0.042874 0.006894
v -0.009167 0.042885 0.006478
v -0.009042 0.042635 0.006695
v -0.009104 0.042874 0.006718
v -0.020069 0.042135 0.010463
v -0.020502 0.042635 0.010713
v -0.020319 0.042635 0.010030
v -0.020285 0.042202 0.010588
v -0.020193 0.042202 0.010247
v -0.020395 0.042267 0.010375
v -0.020569 0.042635 0.010463
v -0.020444 0.042385 0.010680
v -0.020507 0.042396 0.010440
v -0.020285 0.042385 0.010088
v -0.020501 0.042635 0.010213
v -0.020460 0.042396 0.010264
v -0.020069 0.043135 0.010463
v -0.020319 0.042635 0.010030
v -0.020502 0.042635 0.010713
v -0.020193 0.043068 0.010247
v -0.020285 0.043068 0.010588
v -0.020395 0.043003 0.010375
v -0.020501 0.042635 0.010213
v -0.020285 0.042885 0.010088
v -0.020460 0.042874 0.010264
v -0.020444 0.042885 0.010680
v -0.020569 0.042635 0.010463
v -0.020507 0.042874 0.010440
v -0.019069 0.042135 0.012195
v -0.018819 0.042635 0.012628
v -0.019502 0.042635 0.012445
v -0.018944 0.042202 0.012411
v -0.019285 0.042202 0.012320
v -0.019156 0.042267 0.012522
v -0.019068 0.042635 0.012695
v -0.018852 0.042385 0.012570
v -0.019091 0.042396 0.012634
v -0.019444 0.042385 0.012412
v -0.019319 0.042635 0.012628
v -0.019268 0.042396 0.012586
v -0.019069 0.043135 0.012195
v -0.019502 0.042635 0.012445
v -0.018819 0.042635 0.012628
v -0.019285 0.043068 0.012320
v -0.018944 0.043068 0.012411
v -0.019156 0.043003 0.012522
v -0.019319 0.042635 0.012628
v -0.019444 0.042885 0.012412
v -0.019268 0.042874 0.012586
v -0.018852 0.042885 0.012570
v -0.019068 0.042635 0.012695
v -0.019091 0.042874 0.012634
vn -0.0000 -0.0000 -1.0000
vn -0.4879 0.2587 -0.8337
vn -0.4781 -0.2586 -0.8393
vn -0.0000 -0.0000 1.0000
vn -0.7726 0.0432 0.6335
vn -0.9349 -0.0431 0.3524
vn 0.0097 0.9995 0.0287
vn 0.0200 0.9995 0.0227
vn -0.0097 0.9995 -0.0287
vn -0.0200 0.9995 -0.0228
vn 0.7660 0.1302 -0.6295
vn 0.9349 -0.0432 -0.3524
vn 0.4879 0.2586 0.8337
vn 0.4781 -0.2586 0.8394
vn -0.0097 -0.9995 -0.0287
vn -0.2456 -0.8660 -0.4356
vn 0.1636 -0.7745 -0.6111
vn 0.4191 -0.8664 -0.2713
vn -0.4286 -0.5000 -0.7525
vn 0.0003 -0.4473 -0.8944
vn -0.4780 -0.2586 -0.8394
vn -0.0386 -0.1286 -0.9909
vn 0.5010 -0.1216 -0.8568
vn 0.4472 -0.4474 -0.7745
vn 0.8060 -0.1289 -0.5777
vn 0.7377 -0.4986 -0.4552
vn -0.4780 0.2586 -0.8394
vn -0.4286 0.5000 -0.7525
vn 0.0002 0.4473 -0.8944
vn 0.0242 0.1152 -0.9930
vn -0.2456 0.8660 -0.4356
vn 0.1638 0.7744 -0.6111
vn 0.4191 0.8665 -0.2713
vn 0.7376 0.4986 -0.4552
vn 0.4472 0.4474 -0.7745
vn 0.7660 0.1303 -0.6295
vn 0.5010 0.1216 -0.8568
vn 0.0200 -0.9995 0.0227
vn 0.4446 -0.8664 -0.2273
vn 0.6111 -0.7744 0.1637
vn 0.2544 -0.8660 0.4305
vn 0.7631 -0.4986 -0.4112
vn 0.8944 -0.4473 0.0002
vn 0.9349 -0.0433 -0.3523
vn 0.9840 0.1756 0.0304
vn 0.8228 0.2434 0.5135
vn 0.7746 -0.4474 0.4470
vn 0.4879 -0.2586 0.8337
vn 0.4374 -0.5000 0.7474
vn 0.2544 0.8660 0.4305
vn 0.6111 0.7744 0.1637
vn 0.4446 0.8664 -0.2273
vn 0.4374 0.5000 0.7475
vn 0.7747 0.4474 0.4470
vn 0.7545 0.5072 0.4165
vn 0.9438 0.3233 -0.0689
vn 0.8943 0.4474 0.0002
vn 0.8990 0.1593 -0.4079
vn 0.7631 0.4986 -0.4112
vn -0.0201 -0.9995 -0.0227
vn -0.4446 -0.8664 0.2273
vn -0.6111 -0.7744 -0.1637
vn -0.2544 -0.8660 -0.4305
vn -0.7631 -0.4986 0.4112
vn -0.8944 -0.4473 -0.0002
vn -0.9349 -0.0433 0.3523
vn -0.9840 0.1756 -0.0304
vn -0.8228 0.2433 -0.5136
vn -0.7746 -0.4473 -0.4471
vn -0.4879 -0.2586 -0.8337
vn -0.4374 -0.5000 -0.7475
vn -0.2544 0.8660 -0.4305
vn -0.6111 0.7744 -0.1638
vn -0.4446 0.8664 0.2273
vn -0.4374 0.5000 -0.7474
vn -0.7747 0.4474 -0.4469
vn -0.4879 0.2586 -0.8337
vn -0.7546 0.5072 -0.4165
vn -0.9438 0.3233 0.0689
vn -0.8944 0.4473 -0.0002
vn -0.8990 0.1593 0.4079
vn -0.7631 0.4986 0.4112
vn 0.0097 -0.9995 0.0287
vn 0.2456 -0.8660 0.4356
vn -0.1637 -0.7744 0.6111
vn -0.4191 -0.8664 0.2713
vn 0.4286 -0.5000 0.7525
vn 0.0001 -0.4474 0.8943
vn 0.4780 -0.2586 0.8394
vn -0.0166 -0.5072 0.8617
vn -0.5316 -0.3233 0.7828
vn -0.4468 -0.4474 0.7747
vn -0.8028 -0.1593 0.5746
vn -0.7376 -0.4986 0.4552
vn -0.4191 0.8665 0.2713
vn -0.1638 0.7744 0.6111
vn 0.2456 0.8660 0.4356
vn -0.7377 0.4986 0.4552
vn -0.4468 0.4474 0.7747
vn -0.7725 0.0433 0.6335
vn -0.4657 -0.1756 0.8674
vn 0.0333 -0.2434 0.9694
vn -0.0004 0.4472 0.8944
vn 0.4780 0.2586 0.8394
vn 0.4286 0.5000 0.7525
vn -0.4781 0.2586 -0.8394
vn 0.0242 0.1151 -0.9931
vn 0.5010 -0.1215 -0.8569
vn 0.5012 0.1215 -0.8568
vn 0.8061 -0.1287 -0.5777
vn 0.4878 -0.2586 0.8338
vn 0.7545 0.5073 0.4164
vn 0.8228 0.2432 0.5136
vn 0.9840 0.1756 0.0303
vn 0.8990 0.1593 -0.4080
vn -0.4657 -0.1756 0.8673
vn 0.0334 -0.2433 0.9694
vn 0.4781 0.2586 0.8394
vn -0.4878 -0.2586 -0.8338
vn -0.7545 0.5072 -0.4165
vn -0.9438 0.3232 0.0690
vn -0.9840 0.1755 -0.0303
vn -0.8990 0.1592 0.4080
vt 0.500000 0.760417
vt 0.500000 0.989583
vt 0.500000 0.541667
vt 0.500000 0.708333
vt 0.635417 0.541667
vt 0.864583 0.541667
vt 0.864583 0.708333
vt 0.635417 0.708333
vt 0.500000 0.041667
vt 0.500000 0.208333
vt 0.500000 0.260417
vt 0.500000 0.489583
vt 0.135417 0.708333
vt 0.135417 0.729139
vt 0.130435 0.728259
vt 0.130215 0.708333
vt 0.135417 0.750000
vt 0.130435 0.750000
vt 0.500000 1.000000
vt 0.375000 0.994565
vt 0.375000 0.989583
vt 0.500000 0.000000
vt 0.500000 0.020861
vt 0.375000 0.021741
vt 0.375000 0.000000
vt 0.375000 0.041667
vt 0.125000 0.708333
vt 0.125000 0.728259
vt 0.562418 0.989583
vt 0.559776 0.994565
vt 0.625000 0.989583
vt 0.625000 0.994565
vt 0.875000 0.708333
vt 0.869565 0.750000
vt 0.864583 0.750000
vt 0.625000 0.041667
vt 0.562418 0.041667
vt 0.559776 0.021741
vt 0.625000 0.000000
vt 0.559776 0.010974
vt 0.559777 0.997257
vt 0.135417 0.541667
vt 0.130215 0.541667
vt 0.130435 0.521741
vt 0.135417 0.520861
vt 0.125000 0.541667
vt 0.125000 0.521741
vt 0.500000 0.229139
vt 0.375000 0.228259
vt 0.375000 0.208333
vt 0.500000 0.255215
vt 0.375000 0.255435
vt 0.375000 0.260417
vt 0.135417 0.500000
vt 0.130435 0.500000
vt 0.864583 0.500000
vt 0.869565 0.500000
vt 0.875000 0.541667
vt 0.625000 0.260417
vt 0.562418 0.260417
vt 0.559776 0.255435
vt 0.625000 0.255435
vt 0.559776 0.228259
vt 0.562418 0.208333
vt 0.625000 0.208333
vt 0.625000 0.250000
vt 0.559776 0.252743
vt 0.364583 0.708333
vt 0.369785 0.708333
vt 0.369565 0.728259
vt 0.364583 0.729139
vt 0.437582 0.708333
vt 0.440224 0.728259
vt 0.500000 0.729139
vt 0.500000 0.755215
vt 0.375000 0.755435
vt 0.375000 0.760417
vt 0.364583 0.750000
vt 0.369565 0.750000
vt 0.372257 0.728259
vt 0.635417 0.750000
vt 0.630435 0.750000
vt 0.630215 0.708333
vt 0.625000 0.760417
vt 0.562418 0.760417
vt 0.559776 0.755435
vt 0.625000 0.755435
vt 0.559776 0.728259
vt 0.562418 0.708333
vt 0.559776 0.752743
vt 0.364583 0.541667
vt 0.364583 0.520861
vt 0.369565 0.521741
vt 0.369785 0.541667
vt 0.364583 0.500000
vt 0.369565 0.500000
vt 0.500000 0.494785
vt 0.375000 0.494565
vt 0.375000 0.489583
vt 0.500000 0.520861
vt 0.440224 0.521741
vt 0.437582 0.541667
vt 0.372257 0.521741
vt 0.630215 0.541667
vt 0.630435 0.521741
vt 0.635417 0.500000
vt 0.562418 0.541667
vt 0.559776 0.521741
vt 0.559776 0.494565
vt 0.562418 0.489583
vt 0.625000 0.489583
vt 0.592079 0.494565
vt 0.592079 0.521741
vt 0.559777 0.510974
s 0
usemtl Anodized_graphite.001
f 2387/4011/2484 2398/4011/2485 2349/4012/2484 2338/4012/2486
f 2411/4013/2487 2422/4013/2488 2399/4014/2487 2386/4014/2489
s 1
f 2421/4015/2490 2373/4016/2491 2350/4017/2492 2397/4018/2493
s 0
f 2339/4019/2484 2351/4019/2494 2375/4020/2484 2362/4020/2495
f 2363/4021/2487 2374/4021/2496 2423/4022/2487 2410/4022/2497
s 1
f 2337/4023/2498 2340/4024/2499 2342/4025/2500 2341/4026/2501
f 2340/4024/2499 2344/4027/2502 2345/4028/2503 2342/4025/2500
f 2338/4012/2504 2343/4029/2505 2345/4030/2503 2344/4031/2502
f 2343/4032/2505 2347/4033/2506 2348/4034/2507 2345/4035/2503
f 2339/4019/2508 2346/4036/2509 2348/4034/2507 2347/4033/2506
f 2346/4037/2509 2341/4026/2501 2342/4025/2500 2348/4038/2507
f 2342/4025/2500 2345/4028/2503 2348/4038/2507
f 2349/4012/2510 2352/4039/2511 2354/4040/2512 2353/4029/2513
f 2352/4039/2511 2356/4041/2514 2357/4042/2515 2354/4040/2512
f 2350/4017/2492 2355/4043/2516 2357/4044/2515 2356/4045/2514
f 2355/4046/2516 2359/4047/2517 2360/4048/2518 2357/4049/2515
f 2351/4019/2519 2358/4033/2520 2360/4048/2518 2359/4047/2517
f 2358/4033/2520 2353/4032/2513 2354/4050/2512 2360/4048/2518
f 2354/4040/2512 2357/4042/2515 2360/4051/2518
f 2361/4052/2521 2364/4053/2522 2366/4054/2523 2365/4055/2524
f 2364/4053/2522 2368/4056/2525 2369/4057/2526 2366/4054/2523
f 2362/4020/2527 2367/4058/2528 2369/4059/2526 2368/4060/2525
f 2367/4058/2528 2371/4061/2529 2372/4062/2530 2369/4059/2526
f 2363/4021/2531 2370/4063/2532 2372/4062/2530 2371/4061/2529
f 2370/4064/2532 2365/4055/2524 2366/4054/2523 2372/4065/2530
f 2366/4054/2523 2369/4057/2526 2372/4065/2530
f 2373/4016/2491 2376/4066/2533 2378/4067/2534 2377/4068/2535
f 2376/4069/2533 2380/4070/2536 2381/4071/2537 2378/4072/2534
f 2374/4021/2496 2379/4061/2538 2381/4071/2537 2380/4070/2536
f 2379/4061/2538 2383/4058/2539 2384/4073/2540 2381/4071/2537
f 2375/4020/2541 2382/4074/2542 2384/4073/2540 2383/4058/2539
f 2382/4074/2542 2377/4075/2535 2378/4076/2534 2384/4073/2540
f 2378/4072/2534 2381/4071/2537 2384/4077/2540
f 2385/4078/2543 2388/4079/2544 2390/4080/2545 2389/4081/2546
f 2388/4079/2544 2392/4082/2547 2393/4083/2548 2390/4080/2545
f 2386/4014/2549 2391/4084/2550 2393/4083/2548 2392/4082/2547
f 2391/4084/2550 2395/4085/2551 2396/4086/2552 2393/4083/2548
f 2387/4011/2553 2394/4087/2554 2396/4086/2552 2395/4085/2551
f 2394/4088/2554 2389/4081/2546 2390/4080/2545 2396/4089/2552
f 2390/4080/2545 2393/4090/2548 2396/4089/2552
f 2397/4018/2493 2400/4091/2555 2402/4092/2556 2401/4093/2557
f 2400/4094/2555 2404/4095/2558 2405/4096/2559 2402/4097/2556
f 2398/4011/2560 2403/4085/2561 2405/4096/2559 2404/4095/2558
f 2403/4085/2561 2407/4084/2562 2408/4098/2563 2405/4096/2559
f 2399/4014/2564 2406/4099/2565 2408/4098/2563 2407/4084/2562
f 2406/4099/2565 2401/4093/2557 2402/4092/2556 2408/4098/2563
f 2402/4097/2556 2405/4096/2559 2408/4100/2563
f 2409/4101/2566 2412/4102/2567 2414/4103/2568 2413/4104/2569
f 2412/4102/2567 2416/4105/2570 2417/4106/2571 2414/4103/2568
f 2410/4022/2572 2415/4107/2573 2417/4108/2571 2416/4109/2570
f 2415/4107/2573 2419/4110/2574 2420/4111/2575 2417/4108/2571
f 2411/4013/2576 2418/4112/2577 2420/4111/2575 2419/4110/2574
f 2418/4112/2577 2413/4104/2569 2414/4103/2568 2420/4111/2575
f 2414/4103/2568 2417/4106/2571 2420/4113/2575
f 2421/4015/2490 2424/4114/2578 2426/4115/2579 2425/4116/2580
f 2424/4114/2578 2428/4117/2581 2429/4118/2582 2426/4115/2579
f 2422/4013/2583 2427/4110/2584 2429/4118/2582 2428/4117/2581
f 2427/4110/2584 2431/4107/2585 2432/4119/2586 2429/4118/2582
f 2423/4022/2587 2430/4120/2588 2432/4119/2586 2431/4107/2585
f 2430/4120/2588 2425/4121/2580 2426/4122/2579 2432/4119/2586
f 2426/4123/2579 2429/4118/2582 2432/4124/2586
f 2361/4052/2521 2337/4023/2498 2341/4026/2501 2364/4053/2522
f 2364/4053/2522 2341/4026/2501 2346/4037/2509 2368/4056/2525
f 2368/4060/2525 2346/4036/2509 2339/4019/2508 2362/4020/2527
s 0
f 2338/4012/2484 2349/4012/2589 2353/4029/2484 2343/4029/2505
f 2343/4032/2484 2353/4032/2590 2358/4033/2484 2347/4033/2591
f 2347/4033/2484 2358/4033/2592 2351/4019/2484 2339/4019/2593
s 1
f 2350/4017/2492 2373/4016/2491 2377/4068/2535 2355/4043/2516
f 2355/4046/2516 2377/4075/2535 2382/4074/2542 2359/4047/2517
f 2359/4047/2517 2382/4074/2542 2375/4020/2541 2351/4019/2519
s 0
f 2374/4021/2487 2363/4021/2594 2371/4061/2487 2379/4061/2595
f 2379/4061/2487 2371/4061/2596 2367/4058/2487 2383/4058/2539
f 2383/4058/2484 2367/4058/2597 2362/4020/2484 2375/4020/2598
s 1
f 2409/4101/2566 2361/4052/2521 2365/4055/2524 2412/4102/2567
f 2412/4102/2567 2365/4055/2524 2370/4064/2532 2416/4105/2570
f 2416/4109/2570 2370/4063/2532 2363/4021/2531 2410/4022/2572
f 2373/4016/2491 2421/4015/2490 2425/4116/2580 2376/4066/2533
f 2376/4069/2533 2425/4121/2580 2430/4120/2588 2380/4070/2536
f 2380/4070/2536 2430/4120/2588 2423/4022/2587 2374/4021/2496
s 0
f 2422/4013/2487 2411/4013/2576 2419/4110/2487 2427/4110/2599
f 2427/4110/2487 2419/4110/2574 2415/4107/2487 2431/4107/2600
f 2431/4107/2487 2415/4107/2573 2410/4022/2487 2423/4022/2601
s 1
f 2385/4078/2543 2409/4101/2566 2413/4104/2569 2388/4079/2544
f 2388/4079/2544 2413/4104/2569 2418/4112/2577 2392/4082/2547
f 2392/4082/2547 2418/4112/2577 2411/4013/2576 2386/4014/2549
f 2421/4015/2490 2397/4018/2493 2401/4093/2557 2424/4114/2578
f 2424/4114/2578 2401/4093/2557 2406/4099/2565 2428/4117/2581
f 2428/4117/2581 2406/4099/2565 2399/4014/2564 2422/4013/2583
s 0
f 2398/4011/2484 2387/4011/2602 2395/4085/2484 2403/4085/2603
f 2403/4085/2484 2395/4085/2551 2391/4084/2484 2407/4084/2604
f 2407/4084/2487 2391/4084/2605 2386/4014/2487 2399/4014/2606
s 1
f 2337/4023/2498 2385/4078/2543 2389/4081/2546 2340/4024/2499
f 2340/4024/2499 2389/4081/2546 2394/4088/2554 2344/4027/2502
f 2344/4031/2502 2394/4087/2554 2387/4011/2553 2338/4012/2504
f 2397/4018/2493 2350/4017/2492 2356/4045/2514 2400/4091/2555
f 2400/4094/2555 2356/4041/2514 2352/4039/2511 2404/4095/2558
f 2404/4095/2558 2352/4039/2511 2349/4012/2510 2398/4011/2560
f 2361/4052/2521 2409/4101/2566 2385/4078/2543 2337/4023/2498
o Radial_cooling_vent.044
v -0.006699 0.042135 0.009538
v -0.007132 0.042635 0.009288
v -0.006449 0.042635 0.009105
v -0.006915 0.042202 0.009413
v -0.006574 0.042202 0.009322
v -0.006787 0.042267 0.009212
v -0.006949 0.042635 0.009105
v -0.007074 0.042385 0.009322
v -0.006898 0.042396 0.009147
v -0.006482 0.042385 0.009163
v -0.006699 0.042635 0.009038
v -0.006722 0.042396 0.009100
v -0.007132 0.042635 0.009288
v -0.006699 0.043135 0.009538
v -0.006449 0.042635 0.009105
v -0.007074 0.042885 0.009322
v -0.006949 0.042635 0.009105
v -0.006898 0.042874 0.009147
v -0.006574 0.043068 0.009322
v -0.006915 0.043068 0.009413
v -0.006787 0.043003 0.009212
v -0.006699 0.042635 0.009038
v -0.006482 0.042885 0.009163
v -0.006722 0.042874 0.009100
v -0.004967 0.042135 0.010538
v -0.004717 0.042635 0.010105
v -0.004534 0.042635 0.010788
v -0.004842 0.042202 0.010322
v -0.004751 0.042202 0.010663
v -0.004640 0.042267 0.010451
v -0.004534 0.042635 0.010288
v -0.004750 0.042385 0.010163
v -0.004576 0.042396 0.010339
v -0.004592 0.042385 0.010755
v -0.004467 0.042635 0.010539
v -0.004528 0.042396 0.010515
v -0.004967 0.043135 0.010538
v -0.004534 0.042635 0.010788
v -0.004717 0.042635 0.010105
v -0.004751 0.043068 0.010663
v -0.004842 0.043068 0.010322
v -0.004640 0.043003 0.010451
v -0.004467 0.042635 0.010539
v -0.004592 0.042885 0.010755
v -0.004528 0.042874 0.010515
v -0.004750 0.042885 0.010163
v -0.004534 0.042635 0.010288
v -0.004576 0.042874 0.010339
v -0.012199 0.042135 0.019065
v -0.012449 0.042635 0.019498
v -0.012632 0.042635 0.018815
v -0.012324 0.042202 0.019281
v -0.012415 0.042202 0.018940
v -0.012526 0.042267 0.019152
v -0.012632 0.042635 0.019315
v -0.012416 0.042385 0.019440
v -0.012590 0.042396 0.019264
v -0.012574 0.042385 0.018848
v -0.012699 0.042635 0.019064
v -0.012638 0.042396 0.019087
v -0.012199 0.043135 0.019065
v -0.012632 0.042635 0.018815
v -0.012449 0.042635 0.019498
v -0.012415 0.043068 0.018940
v -0.012324 0.043068 0.019281
v -0.012526 0.043003 0.019152
v -0.012699 0.042635 0.019064
v -0.012574 0.042885 0.018848
v -0.012638 0.042874 0.019087
v -0.012416 0.042885 0.019440
v -0.012632 0.042635 0.019315
v -0.012590 0.042874 0.019264
v -0.010467 0.042135 0.020065
v -0.010034 0.042635 0.020315
v -0.010717 0.042635 0.020498
v -0.010251 0.042202 0.020189
v -0.010592 0.042202 0.020281
v -0.010379 0.042267 0.020391
v -0.010217 0.042635 0.020497
v -0.010092 0.042385 0.020281
v -0.010268 0.042396 0.020456
v -0.010684 0.042385 0.020440
v -0.010467 0.042635 0.020565
v -0.010444 0.042396 0.020503
v -0.010467 0.043135 0.020065
v -0.010717 0.042635 0.020498
v -0.010034 0.042635 0.020315
v -0.010592 0.043068 0.020281
v -0.010251 0.043068 0.020189
v -0.010379 0.043003 0.020391
v -0.010467 0.042635 0.020565
v -0.010684 0.042885 0.020440
v -0.010444 0.042874 0.020503
v -0.010092 0.042885 0.020281
v -0.010217 0.042635 0.020497
v -0.010268 0.042874 0.020456
vn -0.0000 -0.0000 -1.0000
vn -0.8394 0.2585 -0.4781
vn -0.8337 -0.2585 -0.4880
vn -0.0000 -0.0000 1.0000
vn -0.3523 0.0432 0.9349
vn -0.6335 -0.0432 0.7725
vn 0.0227 0.9995 0.0200
vn 0.0287 0.9995 0.0097
vn -0.0227 0.9995 -0.0200
vn -0.0287 0.9995 -0.0097
vn 0.3485 0.1302 -0.9282
vn 0.6335 -0.0432 -0.7725
vn 0.8394 0.2585 0.4781
vn 0.8337 -0.2586 0.4879
vn -0.0228 -0.9995 -0.0200
vn -0.4305 -0.8660 -0.2544
vn -0.1638 -0.7744 -0.6111
vn 0.2273 -0.8664 -0.4445
vn -0.7475 -0.5000 -0.4374
vn -0.4469 -0.4474 -0.7746
vn -0.8337 -0.2586 -0.4879
vn -0.5289 -0.1286 -0.8389
vn 0.0055 -0.1216 -0.9926
vn -0.0002 -0.4473 -0.8944
vn 0.4092 -0.1289 -0.9033
vn 0.4112 -0.4986 -0.7631
vn -0.8337 0.2586 -0.4879
vn -0.7474 0.5000 -0.4374
vn -0.4469 0.4474 -0.7746
vn -0.4756 0.1153 -0.8721
vn -0.4305 0.8660 -0.2544
vn -0.1637 0.7744 -0.6111
vn 0.2273 0.8664 -0.4446
vn 0.4112 0.4986 -0.7631
vn -0.0002 0.4473 -0.8944
vn 0.3486 0.1303 -0.9282
vn 0.0055 0.1216 -0.9926
vn 0.0287 -0.9995 0.0097
vn 0.2713 -0.8665 -0.4191
vn 0.6111 -0.7744 -0.1638
vn 0.4356 -0.8660 0.2456
vn 0.4552 -0.4986 -0.7376
vn 0.7746 -0.4473 -0.4471
vn 0.6335 -0.0433 -0.7725
vn 0.8674 0.1756 -0.4657
vn 0.9694 0.2434 0.0333
vn 0.8944 -0.4473 -0.0002
vn 0.8394 -0.2586 0.4780
vn 0.7525 -0.5000 0.4286
vn 0.4356 0.8660 0.2456
vn 0.6111 0.7744 -0.1635
vn 0.2713 0.8664 -0.4191
vn 0.7525 0.5000 0.4286
vn 0.8944 0.4473 -0.0002
vn 0.8394 0.2586 0.4780
vn 0.8617 0.5072 -0.0166
vn 0.7829 0.3233 -0.5316
vn 0.7747 0.4474 -0.4469
vn 0.5746 0.1593 -0.8028
vn 0.4552 0.4986 -0.7376
vn -0.0287 -0.9995 -0.0097
vn -0.2713 -0.8664 0.4191
vn -0.6111 -0.7744 0.1637
vn -0.4355 -0.8660 -0.2456
vn -0.4552 -0.4986 0.7376
vn -0.7747 -0.4475 0.4468
vn -0.6335 -0.0433 0.7725
vn -0.8674 0.1756 0.4657
vn -0.9694 0.2434 -0.0333
vn -0.8943 -0.4475 -0.0001
vn -0.8394 -0.2586 -0.4780
vn -0.7525 -0.5000 -0.4286
vn -0.4356 0.8660 -0.2456
vn -0.6112 0.7744 0.1633
vn -0.2714 0.8664 0.4191
vn -0.7525 0.5000 -0.4286
vn -0.8943 0.4475 -0.0001
vn -0.8394 0.2586 -0.4780
vn -0.8617 0.5072 0.0166
vn -0.7829 0.3233 0.5316
vn -0.7747 0.4474 0.4469
vn -0.5746 0.1593 0.8028
vn -0.4552 0.4987 0.7376
vn 0.0228 -0.9995 0.0200
vn 0.4305 -0.8660 0.2544
vn 0.1637 -0.7744 0.6111
vn -0.2273 -0.8664 0.4446
vn 0.7475 -0.5000 0.4374
vn 0.4470 -0.4473 0.7747
vn 0.4165 -0.5071 0.7546
vn -0.0689 -0.3233 0.9438
vn 0.0001 -0.4473 0.8944
vn -0.4079 -0.1593 0.8990
vn -0.4112 -0.4986 0.7631
vn -0.2273 0.8664 0.4446
vn 0.1638 0.7744 0.6111
vn 0.4305 0.8660 0.2544
vn -0.4112 0.4986 0.7631
vn 0.0003 0.4474 0.8944
vn -0.3523 0.0433 0.9349
vn 0.0304 -0.1756 0.9840
vn 0.5135 -0.2434 0.8228
vn 0.4469 0.4474 0.7747
vn 0.8337 0.2586 0.4879
vn 0.7474 0.5000 0.4374
vn -0.4756 0.1152 -0.8721
vn 0.0054 -0.1215 -0.9926
vn 0.0055 0.1215 -0.9926
vn 0.4092 -0.1288 -0.9033
vn 0.8394 -0.2586 0.4781
vn 0.8616 0.5072 -0.0167
vn 0.9694 0.2433 0.0334
vn 0.7828 0.3233 -0.5317
vn 0.0303 -0.1756 0.9840
vn -0.0690 -0.3232 0.9438
vn 0.5136 -0.2433 0.8228
vn 0.4164 -0.5073 0.7545
vn 0.8338 0.2585 0.4878
vn -0.8394 -0.2586 -0.4781
vn -0.9694 0.2432 -0.0333
vn -0.8673 0.1755 0.4657
vt 0.500000 0.760417
vt 0.500000 0.989583
vt 0.500000 0.541667
vt 0.500000 0.708333
vt 0.635417 0.541667
vt 0.864583 0.541667
vt 0.864583 0.708333
vt 0.635417 0.708333
vt 0.500000 0.041667
vt 0.500000 0.208333
vt 0.500000 0.260417
vt 0.500000 0.489583
vt 0.135417 0.708333
vt 0.135417 0.729139
vt 0.130435 0.728259
vt 0.130215 0.708333
vt 0.135417 0.750000
vt 0.130435 0.750000
vt 0.500000 1.000000
vt 0.375000 0.994565
vt 0.375000 0.989583
vt 0.500000 0.000000
vt 0.500000 0.020861
vt 0.375000 0.021741
vt 0.375000 0.000000
vt 0.375000 0.041667
vt 0.125000 0.708333
vt 0.125000 0.728259
vt 0.562418 0.989583
vt 0.559776 0.994565
vt 0.625000 0.989583
vt 0.625000 0.994565
vt 0.875000 0.708333
vt 0.869565 0.750000
vt 0.864583 0.750000
vt 0.625000 0.041667
vt 0.562418 0.041667
vt 0.559776 0.021741
vt 0.625000 0.000000
vt 0.559776 0.010974
vt 0.559777 0.997257
vt 0.135417 0.541667
vt 0.130215 0.541667
vt 0.130435 0.521741
vt 0.135417 0.520861
vt 0.125000 0.541667
vt 0.125000 0.521741
vt 0.500000 0.229139
vt 0.375000 0.228259
vt 0.375000 0.208333
vt 0.500000 0.255215
vt 0.375000 0.255435
vt 0.375000 0.260417
vt 0.135417 0.500000
vt 0.130435 0.500000
vt 0.864583 0.500000
vt 0.869565 0.500000
vt 0.875000 0.541667
vt 0.625000 0.260417
vt 0.562418 0.260417
vt 0.559776 0.255435
vt 0.625000 0.255435
vt 0.559776 0.228259
vt 0.562418 0.208333
vt 0.625000 0.208333
vt 0.625000 0.250000
vt 0.559776 0.252743
vt 0.364583 0.708333
vt 0.369785 0.708333
vt 0.369565 0.728259
vt 0.364583 0.729139
vt 0.437582 0.708333
vt 0.440224 0.728259
vt 0.500000 0.729139
vt 0.500000 0.755215
vt 0.375000 0.755435
vt 0.375000 0.760417
vt 0.364583 0.750000
vt 0.369565 0.750000
vt 0.372257 0.728259
vt 0.635417 0.750000
vt 0.630435 0.750000
vt 0.630215 0.708333
vt 0.625000 0.760417
vt 0.562418 0.760417
vt 0.559776 0.755435
vt 0.625000 0.755435
vt 0.559776 0.728259
vt 0.562418 0.708333
vt 0.559776 0.752743
vt 0.364583 0.541667
vt 0.364583 0.520861
vt 0.369565 0.521741
vt 0.369785 0.541667
vt 0.364583 0.500000
vt 0.369565 0.500000
vt 0.500000 0.494785
vt 0.375000 0.494565
vt 0.375000 0.489583
vt 0.500000 0.520861
vt 0.440224 0.521741
vt 0.437582 0.541667
vt 0.372257 0.521741
vt 0.630215 0.541667
vt 0.630435 0.521741
vt 0.635417 0.500000
vt 0.562418 0.541667
vt 0.559776 0.521741
vt 0.559776 0.494565
vt 0.562418 0.489583
vt 0.625000 0.489583
vt 0.592079 0.494565
vt 0.592079 0.521741
vt 0.559777 0.510974
s 0
usemtl Anodized_graphite.001
f 2483/4125/2607 2494/4125/2608 2445/4126/2607 2434/4126/2609
f 2507/4127/2610 2518/4127/2611 2495/4128/2610 2482/4128/2612
s 1
f 2517/4129/2613 2469/4130/2614 2446/4131/2615 2493/4132/2616
s 0
f 2435/4133/2607 2447/4133/2617 2471/4134/2607 2458/4134/2618
f 2459/4135/2610 2470/4135/2619 2519/4136/2610 2506/4136/2620
s 1
f 2433/4137/2621 2436/4138/2622 2438/4139/2623 2437/4140/2624
f 2436/4138/2622 2440/4141/2625 2441/4142/2626 2438/4139/2623
f 2434/4126/2627 2439/4143/2628 2441/4144/2626 2440/4145/2625
f 2439/4146/2628 2443/4147/2629 2444/4148/2630 2441/4149/2626
f 2435/4133/2631 2442/4150/2632 2444/4148/2630 2443/4147/2629
f 2442/4151/2632 2437/4140/2624 2438/4139/2623 2444/4152/2630
f 2438/4139/2623 2441/4142/2626 2444/4152/2630
f 2445/4126/2633 2448/4153/2634 2450/4154/2635 2449/4143/2636
f 2448/4153/2634 2452/4155/2637 2453/4156/2638 2450/4154/2635
f 2446/4131/2615 2451/4157/2639 2453/4158/2638 2452/4159/2637
f 2451/4160/2639 2455/4161/2640 2456/4162/2641 2453/4163/2638
f 2447/4133/2642 2454/4147/2643 2456/4162/2641 2455/4161/2640
f 2454/4147/2643 2449/4146/2636 2450/4164/2635 2456/4162/2641
f 2450/4154/2635 2453/4156/2638 2456/4165/2641
f 2457/4166/2644 2460/4167/2645 2462/4168/2646 2461/4169/2647
f 2460/4167/2645 2464/4170/2648 2465/4171/2649 2462/4168/2646
f 2458/4134/2650 2463/4172/2651 2465/4173/2649 2464/4174/2648
f 2463/4172/2651 2467/4175/2652 2468/4176/2653 2465/4173/2649
f 2459/4135/2654 2466/4177/2655 2468/4176/2653 2467/4175/2652
f 2466/4178/2655 2461/4169/2647 2462/4168/2646 2468/4179/2653
f 2462/4168/2646 2465/4171/2649 2468/4179/2653
f 2469/4130/2614 2472/4180/2656 2474/4181/2657 2473/4182/2658
f 2472/4183/2656 2476/4184/2659 2477/4185/2660 2474/4186/2657
f 2470/4135/2661 2475/4175/2662 2477/4185/2660 2476/4184/2659
f 2475/4175/2662 2479/4172/2663 2480/4187/2664 2477/4185/2660
f 2471/4134/2665 2478/4188/2666 2480/4187/2664 2479/4172/2663
f 2478/4188/2666 2473/4189/2658 2474/4190/2657 2480/4187/2664
f 2474/4186/2657 2477/4185/2660 2480/4191/2664
f 2481/4192/2667 2484/4193/2668 2486/4194/2669 2485/4195/2670
f 2484/4193/2668 2488/4196/2671 2489/4197/2672 2486/4194/2669
f 2482/4128/2673 2487/4198/2674 2489/4197/2672 2488/4196/2671
f 2487/4198/2674 2491/4199/2675 2492/4200/2676 2489/4197/2672
f 2483/4125/2677 2490/4201/2678 2492/4200/2676 2491/4199/2675
f 2490/4202/2678 2485/4195/2670 2486/4194/2669 2492/4203/2676
f 2486/4194/2669 2489/4204/2672 2492/4203/2676
f 2493/4132/2616 2496/4205/2679 2498/4206/2680 2497/4207/2681
f 2496/4208/2679 2500/4209/2682 2501/4210/2683 2498/4211/2680
f 2494/4125/2684 2499/4199/2685 2501/4210/2683 2500/4209/2682
f 2499/4199/2685 2503/4198/2686 2504/4212/2687 2501/4210/2683
f 2495/4128/2688 2502/4213/2689 2504/4212/2687 2503/4198/2686
f 2502/4213/2689 2497/4207/2681 2498/4206/2680 2504/4212/2687
f 2498/4211/2680 2501/4210/2683 2504/4214/2687
f 2505/4215/2690 2508/4216/2691 2510/4217/2692 2509/4218/2693
f 2508/4216/2691 2512/4219/2694 2513/4220/2695 2510/4217/2692
f 2506/4136/2620 2511/4221/2696 2513/4222/2695 2512/4223/2694
f 2511/4221/2696 2515/4224/2697 2516/4225/2698 2513/4222/2695
f 2507/4127/2699 2514/4226/2700 2516/4225/2698 2515/4224/2697
f 2514/4226/2700 2509/4218/2693 2510/4217/2692 2516/4225/2698
f 2510/4217/2692 2513/4220/2695 2516/4227/2698
f 2517/4129/2613 2520/4228/2701 2522/4229/2702 2521/4230/2703
f 2520/4228/2701 2524/4231/2704 2525/4232/2705 2522/4229/2702
f 2518/4127/2706 2523/4224/2707 2525/4232/2705 2524/4231/2704
f 2523/4224/2707 2527/4221/2708 2528/4233/2709 2525/4232/2705
f 2519/4136/2710 2526/4234/2711 2528/4233/2709 2527/4221/2708
f 2526/4234/2711 2521/4235/2703 2522/4236/2702 2528/4233/2709
f 2522/4237/2702 2525/4232/2705 2528/4238/2709
f 2457/4166/2644 2433/4137/2621 2437/4140/2624 2460/4167/2645
f 2460/4167/2645 2437/4140/2624 2442/4151/2632 2464/4170/2648
f 2464/4174/2648 2442/4150/2632 2435/4133/2631 2458/4134/2650
s 0
f 2434/4126/2607 2445/4126/2633 2449/4143/2607 2439/4143/2628
f 2439/4146/2607 2449/4146/2712 2454/4147/2607 2443/4147/2713
f 2443/4147/2607 2454/4147/2714 2447/4133/2607 2435/4133/2715
s 1
f 2446/4131/2615 2469/4130/2614 2473/4182/2658 2451/4157/2639
f 2451/4160/2639 2473/4189/2658 2478/4188/2666 2455/4161/2640
f 2455/4161/2640 2478/4188/2666 2471/4134/2665 2447/4133/2642
s 0
f 2470/4135/2610 2459/4135/2716 2467/4175/2610 2475/4175/2717
f 2475/4175/2607 2467/4175/2718 2463/4172/2607 2479/4172/2719
f 2479/4172/2607 2463/4172/2651 2458/4134/2607 2471/4134/2665
s 1
f 2505/4215/2690 2457/4166/2644 2461/4169/2647 2508/4216/2691
f 2508/4216/2691 2461/4169/2647 2466/4178/2655 2512/4219/2694
f 2512/4223/2694 2466/4177/2655 2459/4135/2654 2506/4136/2620
f 2469/4130/2614 2517/4129/2613 2521/4230/2703 2472/4180/2656
f 2472/4183/2656 2521/4235/2703 2526/4234/2711 2476/4184/2659
f 2476/4184/2659 2526/4234/2711 2519/4136/2710 2470/4135/2661
s 0
f 2518/4127/2610 2507/4127/2699 2515/4224/2610 2523/4224/2720
f 2523/4224/2610 2515/4224/2721 2511/4221/2610 2527/4221/2722
f 2527/4221/2610 2511/4221/2723 2506/4136/2610 2519/4136/2724
s 1
f 2481/4192/2667 2505/4215/2690 2509/4218/2693 2484/4193/2668
f 2484/4193/2668 2509/4218/2693 2514/4226/2700 2488/4196/2671
f 2488/4196/2671 2514/4226/2700 2507/4127/2699 2482/4128/2673
f 2517/4129/2613 2493/4132/2616 2497/4207/2681 2520/4228/2701
f 2520/4228/2701 2497/4207/2681 2502/4213/2689 2524/4231/2704
f 2524/4231/2704 2502/4213/2689 2495/4128/2688 2518/4127/2706
s 0
f 2494/4125/2607 2483/4125/2725 2491/4199/2607 2499/4199/2685
f 2499/4199/2610 2491/4199/2726 2487/4198/2610 2503/4198/2686
f 2503/4198/2610 2487/4198/2727 2482/4128/2610 2495/4128/2688
s 1
f 2433/4137/2621 2481/4192/2667 2485/4195/2670 2436/4138/2622
f 2436/4138/2622 2485/4195/2670 2490/4202/2678 2440/4141/2625
f 2440/4145/2625 2490/4201/2678 2483/4125/2677 2434/4126/2627
f 2493/4132/2616 2446/4131/2615 2452/4159/2637 2496/4205/2679
f 2496/4208/2679 2452/4155/2637 2448/4153/2634 2500/4209/2682
f 2500/4209/2682 2448/4153/2634 2445/4126/2633 2494/4125/2684
f 2457/4166/2644 2505/4215/2690 2481/4192/2667 2433/4137/2621
o Radial_cooling_vent.045
v -0.001083 0.042135 0.011579
v -0.001583 0.042635 0.011579
v -0.001083 0.042635 0.011079
v -0.001333 0.042202 0.011579
v -0.001083 0.042202 0.011329
v -0.001322 0.042267 0.011340
v -0.001516 0.042635 0.011329
v -0.001516 0.042385 0.011579
v -0.001451 0.042396 0.011340
v -0.001083 0.042385 0.011146
v -0.001333 0.042635 0.011146
v -0.001322 0.042396 0.011211
v -0.001583 0.042635 0.011579
v -0.001083 0.043135 0.011579
v -0.001083 0.042635 0.011079
v -0.001516 0.042885 0.011579
v -0.001516 0.042635 0.011329
v -0.001451 0.042874 0.011340
v -0.001083 0.043068 0.011329
v -0.001333 0.043068 0.011579
v -0.001322 0.043003 0.011340
v -0.001333 0.042635 0.011146
v -0.001083 0.042885 0.011146
v -0.001322 0.042874 0.011211
v 0.000917 0.042135 0.011579
v 0.000917 0.042635 0.011079
v 0.001417 0.042635 0.011579
v 0.000917 0.042202 0.011329
v 0.001167 0.042202 0.011579
v 0.001156 0.042267 0.011340
v 0.001167 0.042635 0.011146
v 0.000917 0.042385 0.011146
v 0.001156 0.042396 0.011211
v 0.001350 0.042385 0.011579
v 0.001350 0.042635 0.011329
v 0.001285 0.042396 0.011340
v 0.000917 0.043135 0.011579
v 0.001417 0.042635 0.011579
v 0.000917 0.042635 0.011079
v 0.001167 0.043068 0.011579
v 0.000917 0.043068 0.011329
v 0.001156 0.043003 0.011340
v 0.001350 0.042635 0.011329
v 0.001350 0.042885 0.011579
v 0.001285 0.042874 0.011340
v 0.000917 0.042885 0.011146
v 0.001167 0.042635 0.011146
v 0.001156 0.042874 0.011211
v -0.001083 0.042135 0.022579
v -0.001083 0.042635 0.023079
v -0.001583 0.042635 0.022579
v -0.001083 0.042202 0.022829
v -0.001333 0.042202 0.022579
v -0.001322 0.042267 0.022818
v -0.001333 0.042635 0.023012
v -0.001083 0.042385 0.023012
v -0.001322 0.042396 0.022947
v -0.001516 0.042385 0.022579
v -0.001516 0.042635 0.022829
v -0.001451 0.042396 0.022818
v -0.001083 0.043135 0.022579
v -0.001583 0.042635 0.022579
v -0.001083 0.042635 0.023079
v -0.001333 0.043068 0.022579
v -0.001083 0.043068 0.022829
v -0.001322 0.043003 0.022818
v -0.001516 0.042635 0.022829
v -0.001516 0.042885 0.022579
v -0.001451 0.042874 0.022818
v -0.001083 0.042885 0.023012
v -0.001333 0.042635 0.023012
v -0.001322 0.042874 0.022947
v 0.000917 0.042135 0.022579
v 0.001417 0.042635 0.022579
v 0.000917 0.042635 0.023079
v 0.001167 0.042202 0.022579
v 0.000917 0.042202 0.022829
v 0.001156 0.042267 0.022818
v 0.001350 0.042635 0.022829
v 0.001350 0.042385 0.022579
v 0.001285 0.042396 0.022818
v 0.000917 0.042385 0.023012
v 0.001167 0.042635 0.023012
v 0.001156 0.042396 0.022947
v 0.000917 0.043135 0.022579
v 0.000917 0.042635 0.023079
v 0.001417 0.042635 0.022579
v 0.000917 0.043068 0.022829
v 0.001167 0.043068 0.022579
v 0.001156 0.043003 0.022818
v 0.001167 0.042635 0.023012
v 0.000917 0.042885 0.023012
v 0.001156 0.042874 0.022947
v 0.001350 0.042885 0.022579
v 0.001350 0.042635 0.022829
v 0.001285 0.042874 0.022818
vn -0.0000 -0.0000 -0.0000
vn -0.0000 -0.0000 1.0000
vn 0.1623 0.0432 0.9858
vn -0.1623 -0.0432 0.9858
vn 0.0297 0.9995 0.0060
vn 0.0297 0.9995 -0.0060
vn -0.0297 0.9995 -0.0060
vn -0.0297 0.9995 0.0060
vn -0.0000 -0.0000 -1.0000
vn -0.1621 0.1302 -0.9781
vn 0.1623 -0.0432 -0.9858
vn -0.0297 -0.9995 -0.0060
vn -0.5000 -0.8660 -0.0051
vn -0.4473 -0.7745 -0.4473
vn -0.0254 -0.8664 -0.4986
vn -0.8660 -0.5000 -0.0050
vn -0.7745 -0.4473 -0.4473
vn -0.9660 -0.2586 -0.0057
vn -0.8775 -0.1286 -0.4620
vn -0.4915 -0.1216 -0.8623
vn -0.4473 -0.4473 -0.7745
vn -0.0973 -0.1289 -0.9869
vn -0.0254 -0.4986 -0.8664
vn -0.9660 0.2586 -0.0057
vn -0.8660 0.5000 -0.0051
vn -0.7744 0.4474 -0.4473
vn -0.8479 0.1152 -0.5174
vn -0.5000 0.8660 -0.0051
vn -0.4473 0.7745 -0.4473
vn -0.0254 0.8664 -0.4986
vn -0.0254 0.4986 -0.8665
vn -0.4474 0.4473 -0.7744
vn -0.1621 0.1303 -0.9781
vn -0.4915 0.1216 -0.8623
vn 0.0297 -0.9995 -0.0060
vn 0.0254 -0.8664 -0.4986
vn 0.4473 -0.7745 -0.4473
vn 0.5000 -0.8660 -0.0051
vn 0.0254 -0.4986 -0.8664
vn 0.4473 -0.4473 -0.7745
vn 0.1624 -0.0433 -0.9858
vn 0.5183 0.1756 -0.8370
vn 0.8562 0.2434 -0.4558
vn 0.7744 -0.4474 -0.4474
vn 0.9660 -0.2586 -0.0057
vn 0.8660 -0.5000 -0.0050
vn 0.5000 0.8660 -0.0051
vn 0.4474 0.7744 -0.4474
vn 0.0254 0.8665 -0.4986
vn 0.8660 0.5000 -0.0050
vn 0.7744 0.4474 -0.4474
vn 0.9660 0.2586 -0.0057
vn 0.7379 0.5072 -0.4453
vn 0.4122 0.3233 -0.8518
vn 0.4473 0.4473 -0.7745
vn 0.0963 0.1593 -0.9825
vn 0.0254 0.4986 -0.8664
vn -0.0297 -0.9995 0.0060
vn -0.0254 -0.8664 0.4986
vn -0.4473 -0.7745 0.4473
vn -0.5000 -0.8660 0.0050
vn -0.0254 -0.4986 0.8664
vn -0.4473 -0.4473 0.7745
vn -0.1624 -0.0433 0.9858
vn -0.5183 0.1756 0.8370
vn -0.8562 0.2434 0.4558
vn -0.7744 -0.4474 0.4474
vn -0.9660 -0.2586 0.0057
vn -0.8660 -0.5000 0.0050
vn -0.5000 0.8660 0.0051
vn -0.4473 0.7745 0.4473
vn -0.0254 0.8664 0.4986
vn -0.8660 0.5000 0.0050
vn -0.7745 0.4473 0.4473
vn -0.9660 0.2586 0.0057
vn -0.7379 0.5072 0.4452
vn -0.4121 0.3233 0.8518
vn -0.4473 0.4473 0.7745
vn -0.0963 0.1593 0.9825
vn -0.0254 0.4986 0.8664
vn 0.0297 -0.9995 0.0059
vn 0.5000 -0.8660 0.0051
vn 0.4473 -0.7745 0.4473
vn 0.0254 -0.8664 0.4986
vn 0.8660 -0.5000 0.0050
vn 0.7745 -0.4473 0.4473
vn 0.9660 -0.2586 0.0057
vn 0.7379 -0.5072 0.4453
vn 0.4122 -0.3233 0.8518
vn 0.4474 -0.4474 0.7744
vn 0.0963 -0.1593 0.9825
vn 0.0254 -0.4986 0.8664
vn 0.0254 0.8664 0.4986
vn 0.4474 0.7744 0.4474
vn 0.5000 0.8660 0.0051
vn 0.0254 0.4986 0.8664
vn 0.4474 0.4474 0.7744
vn 0.1624 0.0433 0.9858
vn 0.5183 -0.1756 0.8370
vn 0.8562 -0.2433 0.4558
vn 0.7744 0.4474 0.4474
vn 0.9660 0.2586 0.0058
vn 0.8660 0.5000 0.0051
vn -0.9660 0.2585 -0.0057
vn -0.8479 0.1151 -0.5175
vn -0.4916 -0.1215 -0.8623
vn -0.4915 0.1215 -0.8623
vn -0.0973 -0.1288 -0.9869
vn 0.9660 -0.2585 -0.0056
vn 0.7379 0.5072 -0.4452
vn 0.8562 0.2432 -0.4559
vn 0.4121 0.3233 -0.8518
vn 0.5184 0.1756 -0.8369
vn 0.0962 0.1592 -0.9825
vn 0.0962 -0.1593 0.9825
vn 0.4121 -0.3233 0.8518
vn 0.8562 -0.2432 0.4558
vn 0.7379 -0.5072 0.4452
vn 0.9660 0.2586 0.0056
vn -0.9660 -0.2586 0.0056
vn -0.8562 0.2432 0.4558
vn -0.4121 0.3234 0.8518
vn -0.0962 0.1593 0.9825
vt 0.500000 0.760417
vt 0.500000 0.989583
vt 0.500000 0.541667
vt 0.500000 0.708333
vt 0.635417 0.541667
vt 0.864583 0.541667
vt 0.864583 0.708333
vt 0.635417 0.708333
vt 0.500000 0.041667
vt 0.500000 0.208333
vt 0.500000 0.260417
vt 0.500000 0.489583
vt 0.135417 0.708333
vt 0.135417 0.729139
vt 0.130435 0.728259
vt 0.130215 0.708333
vt 0.135417 0.750000
vt 0.130435 0.750000
vt 0.500000 1.000000
vt 0.375000 0.994565
vt 0.375000 0.989583
vt 0.500000 0.000000
vt 0.500000 0.020861
vt 0.375000 0.021741
vt 0.375000 0.000000
vt 0.375000 0.041667
vt 0.125000 0.708333
vt 0.125000 0.728259
vt 0.562418 0.989583
vt 0.559776 0.994565
vt 0.625000 0.989583
vt 0.625000 0.994565
vt 0.875000 0.708333
vt 0.869565 0.750000
vt 0.864583 0.750000
vt 0.625000 0.041667
vt 0.562418 0.041667
vt 0.559776 0.021741
vt 0.625000 0.000000
vt 0.559776 0.010974
vt 0.559777 0.997257
vt 0.135417 0.541667
vt 0.130215 0.541667
vt 0.130435 0.521741
vt 0.135417 0.520861
vt 0.125000 0.541667
vt 0.125000 0.521741
vt 0.500000 0.229139
vt 0.375000 0.228259
vt 0.375000 0.208333
vt 0.500000 0.255215
vt 0.375000 0.255435
vt 0.375000 0.260417
vt 0.135417 0.500000
vt 0.130435 0.500000
vt 0.864583 0.500000
vt 0.869565 0.500000
vt 0.875000 0.541667
vt 0.625000 0.260417
vt 0.562418 0.260417
vt 0.559776 0.255435
vt 0.625000 0.255435
vt 0.559776 0.228259
vt 0.562418 0.208333
vt 0.625000 0.208333
vt 0.625000 0.250000
vt 0.559776 0.252743
vt 0.364583 0.708333
vt 0.369785 0.708333
vt 0.369565 0.728259
vt 0.364583 0.729139
vt 0.437582 0.708333
vt 0.440224 0.728259
vt 0.500000 0.729139
vt 0.500000 0.755215
vt 0.375000 0.755435
vt 0.375000 0.760417
vt 0.364583 0.750000
vt 0.369565 0.750000
vt 0.372257 0.728259
vt 0.635417 0.750000
vt 0.630435 0.750000
vt 0.630215 0.708333
vt 0.625000 0.760417
vt 0.562418 0.760417
vt 0.559776 0.755435
vt 0.625000 0.755435
vt 0.559776 0.728259
vt 0.562418 0.708333
vt 0.559776 0.752743
vt 0.364583 0.541667
vt 0.364583 0.520861
vt 0.369565 0.521741
vt 0.369785 0.541667
vt 0.364583 0.500000
vt 0.369565 0.500000
vt 0.500000 0.494785
vt 0.375000 0.494565
vt 0.375000 0.489583
vt 0.500000 0.520861
vt 0.440224 0.521741
vt 0.437582 0.541667
vt 0.372257 0.521741
vt 0.630215 0.541667
vt 0.630435 0.521741
vt 0.635417 0.500000
vt 0.562418 0.541667
vt 0.559776 0.521741
vt 0.559776 0.494565
vt 0.562418 0.489583
vt 0.625000 0.489583
vt 0.592079 0.494565
vt 0.592079 0.521741
vt 0.559777 0.510974
s 0
usemtl Anodized_graphite.001
f 2579/4239/2728 2590/4239/2728 2541/4240/2728 2530/4240/2728
f 2603/4241/2729 2614/4241/2730 2591/4242/2729 2578/4242/2731
s 1
f 2613/4243/2732 2565/4244/2733 2542/4245/2734 2589/4246/2735
s 0
f 2531/4247/2736 2543/4247/2737 2567/4248/2736 2554/4248/2738
f 2555/4249/2728 2566/4249/2728 2615/4250/2728 2602/4250/2728
s 1
f 2529/4251/2739 2532/4252/2740 2534/4253/2741 2533/4254/2742
f 2532/4252/2740 2536/4255/2743 2537/4256/2744 2534/4253/2741
f 2530/4240/2745 2535/4257/2746 2537/4258/2744 2536/4259/2743
f 2535/4260/2746 2539/4261/2747 2540/4262/2748 2537/4263/2744
f 2531/4247/2749 2538/4264/2750 2540/4262/2748 2539/4261/2747
f 2538/4265/2750 2533/4254/2742 2534/4253/2741 2540/4266/2748
f 2534/4253/2741 2537/4256/2744 2540/4266/2748
f 2541/4240/2751 2544/4267/2752 2546/4268/2753 2545/4257/2754
f 2544/4267/2752 2548/4269/2755 2549/4270/2756 2546/4268/2753
f 2542/4245/2734 2547/4271/2757 2549/4272/2756 2548/4273/2755
f 2547/4274/2757 2551/4275/2758 2552/4276/2759 2549/4277/2756
f 2543/4247/2760 2550/4261/2761 2552/4276/2759 2551/4275/2758
f 2550/4261/2761 2545/4260/2754 2546/4278/2753 2552/4276/2759
f 2546/4268/2753 2549/4270/2756 2552/4279/2759
f 2553/4280/2762 2556/4281/2763 2558/4282/2764 2557/4283/2765
f 2556/4281/2763 2560/4284/2766 2561/4285/2767 2558/4282/2764
f 2554/4248/2768 2559/4286/2769 2561/4287/2767 2560/4288/2766
f 2559/4286/2769 2563/4289/2770 2564/4290/2771 2561/4287/2767
f 2555/4249/2772 2562/4291/2773 2564/4290/2771 2563/4289/2770
f 2562/4292/2773 2557/4283/2765 2558/4282/2764 2564/4293/2771
f 2558/4282/2764 2561/4285/2767 2564/4293/2771
f 2565/4244/2733 2568/4294/2774 2570/4295/2775 2569/4296/2776
f 2568/4297/2774 2572/4298/2777 2573/4299/2778 2570/4300/2775
f 2566/4249/2779 2571/4289/2780 2573/4299/2778 2572/4298/2777
f 2571/4289/2780 2575/4286/2781 2576/4301/2782 2573/4299/2778
f 2567/4248/2783 2574/4302/2784 2576/4301/2782 2575/4286/2781
f 2574/4302/2784 2569/4303/2776 2570/4304/2775 2576/4301/2782
f 2570/4300/2775 2573/4299/2778 2576/4305/2782
f 2577/4306/2785 2580/4307/2786 2582/4308/2787 2581/4309/2788
f 2580/4307/2786 2584/4310/2789 2585/4311/2790 2582/4308/2787
f 2578/4242/2791 2583/4312/2792 2585/4311/2790 2584/4310/2789
f 2583/4312/2792 2587/4313/2793 2588/4314/2794 2585/4311/2790
f 2579/4239/2795 2586/4315/2796 2588/4314/2794 2587/4313/2793
f 2586/4316/2796 2581/4309/2788 2582/4308/2787 2588/4317/2794
f 2582/4308/2787 2585/4318/2790 2588/4317/2794
f 2589/4246/2735 2592/4319/2797 2594/4320/2798 2593/4321/2799
f 2592/4322/2797 2596/4323/2800 2597/4324/2801 2594/4325/2798
f 2590/4239/2802 2595/4313/2803 2597/4324/2801 2596/4323/2800
f 2595/4313/2803 2599/4312/2804 2600/4326/2805 2597/4324/2801
f 2591/4242/2806 2598/4327/2807 2600/4326/2805 2599/4312/2804
f 2598/4327/2807 2593/4321/2799 2594/4320/2798 2600/4326/2805
f 2594/4325/2798 2597/4324/2801 2600/4328/2805
f 2601/4329/2808 2604/4330/2809 2606/4331/2810 2605/4332/2811
f 2604/4330/2809 2608/4333/2812 2609/4334/2813 2606/4331/2810
f 2602/4250/2814 2607/4335/2815 2609/4336/2813 2608/4337/2812
f 2607/4335/2815 2611/4338/2816 2612/4339/2817 2609/4336/2813
f 2603/4241/2818 2610/4340/2819 2612/4339/2817 2611/4338/2816
f 2610/4340/2819 2605/4332/2811 2606/4331/2810 2612/4339/2817
f 2606/4331/2810 2609/4334/2813 2612/4341/2817
f 2613/4243/2732 2616/4342/2820 2618/4343/2821 2617/4344/2822
f 2616/4342/2820 2620/4345/2823 2621/4346/2824 2618/4343/2821
f 2614/4241/2825 2619/4338/2826 2621/4346/2824 2620/4345/2823
f 2619/4338/2826 2623/4335/2827 2624/4347/2828 2621/4346/2824
f 2615/4250/2829 2622/4348/2830 2624/4347/2828 2623/4335/2827
f 2622/4348/2830 2617/4349/2822 2618/4350/2821 2624/4347/2828
f 2618/4351/2821 2621/4346/2824 2624/4352/2828
f 2553/4280/2762 2529/4251/2739 2533/4254/2742 2556/4281/2763
f 2556/4281/2763 2533/4254/2742 2538/4265/2750 2560/4284/2766
f 2560/4288/2766 2538/4264/2750 2531/4247/2749 2554/4248/2768
s 0
f 2530/4240/2736 2541/4240/2831 2545/4257/2736 2535/4257/2746
f 2535/4260/2736 2545/4260/2832 2550/4261/2736 2539/4261/2833
f 2539/4261/2736 2550/4261/2834 2543/4247/2736 2531/4247/2835
s 1
f 2542/4245/2734 2565/4244/2733 2569/4296/2776 2547/4271/2757
f 2547/4274/2757 2569/4303/2776 2574/4302/2784 2551/4275/2758
f 2551/4275/2758 2574/4302/2784 2567/4248/2783 2543/4247/2760
s 0
f 2566/4249/2736 2555/4249/2836 2563/4289/2736 2571/4289/2837
f 2571/4289/2736 2563/4289/2838 2559/4286/2736 2575/4286/2839
f 2575/4286/2736 2559/4286/2840 2554/4248/2736 2567/4248/2841
s 1
f 2601/4329/2808 2553/4280/2762 2557/4283/2765 2604/4330/2809
f 2604/4330/2809 2557/4283/2765 2562/4292/2773 2608/4333/2812
f 2608/4337/2812 2562/4291/2773 2555/4249/2772 2602/4250/2814
f 2565/4244/2733 2613/4243/2732 2617/4344/2822 2568/4294/2774
f 2568/4297/2774 2617/4349/2822 2622/4348/2830 2572/4298/2777
f 2572/4298/2777 2622/4348/2830 2615/4250/2829 2566/4249/2779
s 0
f 2614/4241/2729 2603/4241/2842 2611/4338/2729 2619/4338/2826
f 2619/4338/2729 2611/4338/2843 2607/4335/2729 2623/4335/2844
f 2623/4335/2729 2607/4335/2845 2602/4250/2729 2615/4250/2846
s 1
f 2577/4306/2785 2601/4329/2808 2605/4332/2811 2580/4307/2786
f 2580/4307/2786 2605/4332/2811 2610/4340/2819 2584/4310/2789
f 2584/4310/2789 2610/4340/2819 2603/4241/2818 2578/4242/2791
f 2613/4243/2732 2589/4246/2735 2593/4321/2799 2616/4342/2820
f 2616/4342/2820 2593/4321/2799 2598/4327/2807 2620/4345/2823
f 2620/4345/2823 2598/4327/2807 2591/4242/2806 2614/4241/2825
s 0
f 2590/4239/2729 2579/4239/2847 2587/4313/2729 2595/4313/2803
f 2595/4313/2729 2587/4313/2848 2583/4312/2729 2599/4312/2849
f 2599/4312/2729 2583/4312/2792 2578/4242/2729 2591/4242/2850
s 1
f 2529/4251/2739 2577/4306/2785 2581/4309/2788 2532/4252/2740
f 2532/4252/2740 2581/4309/2788 2586/4316/2796 2536/4255/2743
f 2536/4259/2743 2586/4315/2796 2579/4239/2795 2530/4240/2745
f 2589/4246/2735 2542/4245/2734 2548/4273/2755 2592/4319/2797
f 2592/4322/2797 2548/4269/2755 2544/4267/2752 2596/4323/2800
f 2596/4323/2800 2544/4267/2752 2541/4240/2751 2590/4239/2802
f 2553/4280/2762 2601/4329/2808 2577/4306/2785 2529/4251/2739
o Radial_cooling_vent.046
v 0.004801 0.042135 0.010538
v 0.004368 0.042635 0.010788
v 0.004551 0.042635 0.010105
v 0.004585 0.042202 0.010663
v 0.004676 0.042202 0.010322
v 0.004474 0.042267 0.010451
v 0.004301 0.042635 0.010539
v 0.004426 0.042385 0.010755
v 0.004362 0.042396 0.010515
v 0.004584 0.042385 0.010163
v 0.004368 0.042635 0.010288
v 0.004410 0.042396 0.010339
v 0.004368 0.042635 0.010788
v 0.004801 0.043135 0.010538
v 0.004551 0.042635 0.010105
v 0.004426 0.042885 0.010755
v 0.004301 0.042635 0.010539
v 0.004362 0.042874 0.010515
v 0.004676 0.043068 0.010322
v 0.004585 0.043068 0.010663
v 0.004474 0.043003 0.010451
v 0.004368 0.042635 0.010288
v 0.004584 0.042885 0.010163
v 0.004410 0.042874 0.010339
v 0.006533 0.042135 0.009538
v 0.006283 0.042635 0.009105
v 0.006966 0.042635 0.009288
v 0.006408 0.042202 0.009322
v 0.006749 0.042202 0.009413
v 0.006621 0.042267 0.009212
v 0.006533 0.042635 0.009038
v 0.006316 0.042385 0.009163
v 0.006556 0.042396 0.009100
v 0.006908 0.042385 0.009322
v 0.006783 0.042635 0.009105
v 0.006732 0.042396 0.009147
v 0.006533 0.043135 0.009538
v 0.006966 0.042635 0.009288
v 0.006283 0.042635 0.009105
v 0.006749 0.043068 0.009413
v 0.006408 0.043068 0.009322
v 0.006621 0.043003 0.009212
v 0.006783 0.042635 0.009105
v 0.006908 0.042885 0.009322
v 0.006732 0.042874 0.009147
v 0.006316 0.042885 0.009163
v 0.006533 0.042635 0.009038
v 0.006556 0.042874 0.009100
v 0.010301 0.042135 0.020065
v 0.010551 0.042635 0.020498
v 0.009868 0.042635 0.020315
v 0.010426 0.042202 0.020281
v 0.010085 0.042202 0.020189
v 0.010213 0.042267 0.020391
v 0.010301 0.042635 0.020565
v 0.010518 0.042385 0.020440
v 0.010278 0.042396 0.020503
v 0.009926 0.042385 0.020281
v 0.010051 0.042635 0.020497
v 0.010102 0.042396 0.020456
v 0.010301 0.043135 0.020065
v 0.009868 0.042635 0.020315
v 0.010551 0.042635 0.020498
v 0.010085 0.043068 0.020189
v 0.010426 0.043068 0.020281
v 0.010213 0.043003 0.020391
v 0.010051 0.042635 0.020497
v 0.009926 0.042885 0.020281
v 0.010102 0.042874 0.020456
v 0.010518 0.042885 0.020440
v 0.010301 0.042635 0.020565
v 0.010278 0.042874 0.020503
v 0.012033 0.042135 0.019065
v 0.012466 0.042635 0.018815
v 0.012283 0.042635 0.019498
v 0.012249 0.042202 0.018940
v 0.012158 0.042202 0.019281
v 0.012360 0.042267 0.019152
v 0.012533 0.042635 0.019064
v 0.012408 0.042385 0.018848
v 0.012472 0.042396 0.019087
v 0.012250 0.042385 0.019440
v 0.012466 0.042635 0.019315
v 0.012424 0.042396 0.019264
v 0.012033 0.043135 0.019065
v 0.012283 0.042635 0.019498
v 0.012466 0.042635 0.018815
v 0.012158 0.043068 0.019281
v 0.012249 0.043068 0.018940
v 0.012360 0.043003 0.019152
v 0.012466 0.042635 0.019315
v 0.012250 0.042885 0.019440
v 0.012424 0.042874 0.019264
v 0.012408 0.042885 0.018848
v 0.012533 0.042635 0.019064
v 0.012472 0.042874 0.019087
vn -0.0000 -0.0000 1.0000
vn -0.8337 0.2586 0.4879
vn -0.8394 -0.2585 0.4781
vn 0.6335 0.0432 0.7725
vn 0.3523 -0.0432 0.9349
vn 0.0287 0.9995 -0.0097
vn 0.0228 0.9995 -0.0200
vn -0.0287 0.9995 0.0097
vn -0.0228 0.9995 0.0200
vn -0.0000 -0.0000 -1.0000
vn -0.6295 0.1302 -0.7660
vn -0.3523 -0.0432 -0.9349
vn 0.8337 0.2585 -0.4880
vn 0.8394 -0.2585 -0.4781
vn -0.0287 -0.9995 0.0097
vn -0.4356 -0.8660 0.2456
vn -0.6111 -0.7744 -0.1639
vn -0.2713 -0.8664 -0.4191
vn -0.7525 -0.5000 0.4286
vn -0.8944 -0.4473 -0.0003
vn -0.8394 -0.2586 0.4780
vn -0.9909 -0.1286 0.0386
vn -0.8568 -0.1216 -0.5010
vn -0.7745 -0.4474 -0.4472
vn -0.5777 -0.1289 -0.8060
vn -0.4552 -0.4986 -0.7376
vn -0.8394 0.2586 0.4780
vn -0.7525 0.5000 0.4286
vn -0.8944 0.4473 -0.0003
vn -0.9930 0.1152 -0.0242
vn -0.4356 0.8660 0.2456
vn -0.6111 0.7744 -0.1637
vn -0.2713 0.8665 -0.4191
vn -0.4552 0.4986 -0.7377
vn -0.7745 0.4474 -0.4472
vn -0.6295 0.1303 -0.7660
vn -0.8568 0.1216 -0.5010
vn 0.0227 -0.9995 -0.0200
vn -0.2273 -0.8664 -0.4445
vn 0.1637 -0.7744 -0.6111
vn 0.4305 -0.8660 -0.2544
vn -0.4112 -0.4986 -0.7631
vn 0.0002 -0.4473 -0.8944
vn -0.3523 -0.0433 -0.9349
vn 0.0304 0.1756 -0.9840
vn 0.5135 0.2434 -0.8228
vn 0.4470 -0.4474 -0.7746
vn 0.8337 -0.2586 -0.4879
vn 0.7475 -0.5000 -0.4374
vn 0.4305 0.8660 -0.2544
vn 0.1639 0.7744 -0.6111
vn -0.2273 0.8664 -0.4446
vn 0.7474 0.5000 -0.4374
vn 0.4469 0.4474 -0.7746
vn 0.8337 0.2586 -0.4879
vn 0.4165 0.5072 -0.7545
vn -0.0689 0.3233 -0.9438
vn 0.0002 0.4473 -0.8944
vn -0.4079 0.1593 -0.8990
vn -0.4112 0.4986 -0.7631
vn -0.0227 -0.9995 0.0201
vn 0.2273 -0.8664 0.4446
vn -0.1637 -0.7744 0.6111
vn -0.4305 -0.8660 0.2544
vn 0.4112 -0.4986 0.7631
vn -0.0002 -0.4473 0.8944
vn 0.3523 -0.0433 0.9349
vn -0.0304 0.1756 0.9840
vn -0.5135 0.2433 0.8228
vn -0.4469 -0.4474 0.7747
vn -0.8337 -0.2586 0.4879
vn -0.7474 -0.5000 0.4374
vn -0.4305 0.8660 0.2544
vn -0.1638 0.7744 0.6111
vn 0.2273 0.8664 0.4446
vn -0.7475 0.5000 0.4374
vn -0.4469 0.4474 0.7747
vn -0.4165 0.5071 0.7546
vn 0.0689 0.3233 0.9438
vn -0.0002 0.4473 0.8944
vn 0.4079 0.1593 0.8990
vn 0.4112 0.4986 0.7631
vn 0.0287 -0.9995 -0.0097
vn 0.4356 -0.8660 -0.2456
vn 0.6111 -0.7744 0.1638
vn 0.2713 -0.8664 0.4191
vn 0.7525 -0.5000 -0.4286
vn 0.8943 -0.4474 -0.0001
vn 0.8394 -0.2586 -0.4780
vn 0.8617 -0.5071 0.0166
vn 0.7829 -0.3233 0.5316
vn 0.7746 -0.4473 0.4471
vn 0.5746 -0.1593 0.8028
vn 0.4552 -0.4987 0.7376
vn 0.2713 0.8665 0.4191
vn 0.6110 0.7744 0.1640
vn 0.4356 0.8660 -0.2456
vn 0.4552 0.4986 0.7377
vn 0.7746 0.4473 0.4471
vn 0.6335 0.0433 0.7725
vn 0.8674 -0.1756 0.4657
vn 0.9694 -0.2433 -0.0333
vn 0.8943 0.4474 -0.0001
vn 0.8394 0.2586 -0.4780
vn 0.7525 0.5000 -0.4286
vn -0.8394 0.2586 0.4781
vn -0.9909 -0.1286 0.0385
vn -0.9931 0.1151 -0.0242
vn -0.8569 -0.1215 -0.5010
vn -0.8568 0.1215 -0.5011
vn -0.5777 -0.1288 -0.8060
vn 0.8338 -0.2586 -0.4878
vn 0.4165 0.5073 -0.7545
vn 0.5136 0.2433 -0.8228
vn -0.0690 0.3232 -0.9438
vn 0.0303 0.1756 -0.9840
vn 0.8673 -0.1755 0.4657
vn 0.9694 -0.2432 -0.0333
vn 0.8617 -0.5072 0.0166
vn 0.8394 0.2586 -0.4781
vn -0.8338 -0.2585 0.4878
vn -0.4164 0.5073 0.7545
vn -0.5136 0.2433 0.8228
vn 0.0690 0.3232 0.9438
vn -0.0303 0.1756 0.9840
vt 0.500000 0.760417
vt 0.500000 0.989583
vt 0.500000 0.541667
vt 0.500000 0.708333
vt 0.635417 0.541667
vt 0.864583 0.541667
vt 0.864583 0.708333
vt 0.635417 0.708333
vt 0.500000 0.041667
vt 0.500000 0.208333
vt 0.500000 0.260417
vt 0.500000 0.489583
vt 0.135417 0.708333
vt 0.135417 0.729139
vt 0.130435 0.728259
vt 0.130215 0.708333
vt 0.135417 0.750000
vt 0.130435 0.750000
vt 0.500000 1.000000
vt 0.375000 0.994565
vt 0.375000 0.989583
vt 0.500000 0.000000
vt 0.500000 0.020861
vt 0.375000 0.021741
vt 0.375000 0.000000
vt 0.375000 0.041667
vt 0.125000 0.708333
vt 0.125000 0.728259
vt 0.562418 0.989583
vt 0.559776 0.994565
vt 0.625000 0.989583
vt 0.625000 0.994565
vt 0.875000 0.708333
vt 0.869565 0.750000
vt 0.864583 0.750000
vt 0.625000 0.041667
vt 0.562418 0.041667
vt 0.559776 0.021741
vt 0.625000 0.000000
vt 0.559776 0.010974
vt 0.559777 0.997257
vt 0.135417 0.541667
vt 0.130215 0.541667
vt 0.130435 0.521741
vt 0.135417 0.520861
vt 0.125000 0.541667
vt 0.125000 0.521741
vt 0.500000 0.229139
vt 0.375000 0.228259
vt 0.375000 0.208333
vt 0.500000 0.255215
vt 0.375000 0.255435
vt 0.375000 0.260417
vt 0.135417 0.500000
vt 0.130435 0.500000
vt 0.864583 0.500000
vt 0.869565 0.500000
vt 0.875000 0.541667
vt 0.625000 0.260417
vt 0.562418 0.260417
vt 0.559776 0.255435
vt 0.625000 0.255435
vt 0.559776 0.228259
vt 0.562418 0.208333
vt 0.625000 0.208333
vt 0.625000 0.250000
vt 0.559776 0.252743
vt 0.364583 0.708333
vt 0.369785 0.708333
vt 0.369565 0.728259
vt 0.364583 0.729139
vt 0.437582 0.708333
vt 0.440224 0.728259
vt 0.500000 0.729139
vt 0.500000 0.755215
vt 0.375000 0.755435
vt 0.375000 0.760417
vt 0.364583 0.750000
vt 0.369565 0.750000
vt 0.372257 0.728259
vt 0.635417 0.750000
vt 0.630435 0.750000
vt 0.630215 0.708333
vt 0.625000 0.760417
vt 0.562418 0.760417
vt 0.559776 0.755435
vt 0.625000 0.755435
vt 0.559776 0.728259
vt 0.562418 0.708333
vt 0.559776 0.752743
vt 0.364583 0.541667
vt 0.364583 0.520861
vt 0.369565 0.521741
vt 0.369785 0.541667
vt 0.364583 0.500000
vt 0.369565 0.500000
vt 0.500000 0.494785
vt 0.375000 0.494565
vt 0.375000 0.489583
vt 0.500000 0.520861
vt 0.440224 0.521741
vt 0.437582 0.541667
vt 0.372257 0.521741
vt 0.630215 0.541667
vt 0.630435 0.521741
vt 0.635417 0.500000
vt 0.562418 0.541667
vt 0.559776 0.521741
vt 0.559776 0.494565
vt 0.562418 0.489583
vt 0.625000 0.489583
vt 0.592079 0.494565
vt 0.592079 0.521741
vt 0.559777 0.510974
s 0
usemtl Anodized_graphite.001
f 2675/4353/2851 2686/4353/2852 2637/4354/2851 2626/4354/2853
f 2699/4355/2851 2710/4355/2854 2687/4356/2851 2674/4356/2855
s 1
f 2709/4357/2856 2661/4358/2857 2638/4359/2858 2685/4360/2859
s 0
f 2627/4361/2860 2639/4361/2861 2663/4362/2860 2650/4362/2862
f 2651/4363/2860 2662/4363/2863 2711/4364/2860 2698/4364/2864
s 1
f 2625/4365/2865 2628/4366/2866 2630/4367/2867 2629/4368/2868
f 2628/4366/2866 2632/4369/2869 2633/4370/2870 2630/4367/2867
f 2626/4354/2871 2631/4371/2872 2633/4372/2870 2632/4373/2869
f 2631/4374/2872 2635/4375/2873 2636/4376/2874 2633/4377/2870
f 2627/4361/2875 2634/4378/2876 2636/4376/2874 2635/4375/2873
f 2634/4379/2876 2629/4368/2868 2630/4367/2867 2636/4380/2874
f 2630/4367/2867 2633/4370/2870 2636/4380/2874
f 2637/4354/2877 2640/4381/2878 2642/4382/2879 2641/4371/2880
f 2640/4381/2878 2644/4383/2881 2645/4384/2882 2642/4382/2879
f 2638/4359/2858 2643/4385/2883 2645/4386/2882 2644/4387/2881
f 2643/4388/2883 2647/4389/2884 2648/4390/2885 2645/4391/2882
f 2639/4361/2886 2646/4375/2887 2648/4390/2885 2647/4389/2884
f 2646/4375/2887 2641/4374/2880 2642/4392/2879 2648/4390/2885
f 2642/4382/2879 2645/4384/2882 2648/4393/2885
f 2649/4394/2888 2652/4395/2889 2654/4396/2890 2653/4397/2891
f 2652/4395/2889 2656/4398/2892 2657/4399/2893 2654/4396/2890
f 2650/4362/2894 2655/4400/2895 2657/4401/2893 2656/4402/2892
f 2655/4400/2895 2659/4403/2896 2660/4404/2897 2657/4401/2893
f 2651/4363/2898 2658/4405/2899 2660/4404/2897 2659/4403/2896
f 2658/4406/2899 2653/4397/2891 2654/4396/2890 2660/4407/2897
f 2654/4396/2890 2657/4399/2893 2660/4407/2897
f 2661/4358/2857 2664/4408/2900 2666/4409/2901 2665/4410/2902
f 2664/4411/2900 2668/4412/2903 2669/4413/2904 2666/4414/2901
f 2662/4363/2905 2667/4403/2906 2669/4413/2904 2668/4412/2903
f 2667/4403/2906 2671/4400/2907 2672/4415/2908 2669/4413/2904
f 2663/4362/2909 2670/4416/2910 2672/4415/2908 2671/4400/2907
f 2670/4416/2910 2665/4417/2902 2666/4418/2901 2672/4415/2908
f 2666/4414/2901 2669/4413/2904 2672/4419/2908
f 2673/4420/2911 2676/4421/2912 2678/4422/2913 2677/4423/2914
f 2676/4421/2912 2680/4424/2915 2681/4425/2916 2678/4422/2913
f 2674/4356/2917 2679/4426/2918 2681/4425/2916 2680/4424/2915
f 2679/4426/2918 2683/4427/2919 2684/4428/2920 2681/4425/2916
f 2675/4353/2921 2682/4429/2922 2684/4428/2920 2683/4427/2919
f 2682/4430/2922 2677/4423/2914 2678/4422/2913 2684/4431/2920
f 2678/4422/2913 2681/4432/2916 2684/4431/2920
f 2685/4360/2859 2688/4433/2923 2690/4434/2924 2689/4435/2925
f 2688/4436/2923 2692/4437/2926 2693/4438/2927 2690/4439/2924
f 2686/4353/2852 2691/4427/2928 2693/4438/2927 2692/4437/2926
f 2691/4427/2928 2695/4426/2929 2696/4440/2930 2693/4438/2927
f 2687/4356/2931 2694/4441/2932 2696/4440/2930 2695/4426/2929
f 2694/4441/2932 2689/4435/2925 2690/4434/2924 2696/4440/2930
f 2690/4439/2924 2693/4438/2927 2696/4442/2930
f 2697/4443/2933 2700/4444/2934 2702/4445/2935 2701/4446/2936
f 2700/4444/2934 2704/4447/2937 2705/4448/2938 2702/4445/2935
f 2698/4364/2939 2703/4449/2940 2705/4450/2938 2704/4451/2937
f 2703/4449/2940 2707/4452/2941 2708/4453/2942 2705/4450/2938
f 2699/4355/2943 2706/4454/2944 2708/4453/2942 2707/4452/2941
f 2706/4454/2944 2701/4446/2936 2702/4445/2935 2708/4453/2942
f 2702/4445/2935 2705/4448/2938 2708/4455/2942
f 2709/4357/2856 2712/4456/2945 2714/4457/2946 2713/4458/2947
f 2712/4456/2945 2716/4459/2948 2717/4460/2949 2714/4457/2946
f 2710/4355/2950 2715/4452/2951 2717/4460/2949 2716/4459/2948
f 2715/4452/2951 2719/4449/2952 2720/4461/2953 2717/4460/2949
f 2711/4364/2954 2718/4462/2955 2720/4461/2953 2719/4449/2952
f 2718/4462/2955 2713/4463/2947 2714/4464/2946 2720/4461/2953
f 2714/4465/2946 2717/4460/2949 2720/4466/2953
f 2649/4394/2888 2625/4365/2865 2629/4368/2868 2652/4395/2889
f 2652/4395/2889 2629/4368/2868 2634/4379/2876 2656/4398/2892
f 2656/4402/2892 2634/4378/2876 2627/4361/2875 2650/4362/2894
s 0
f 2626/4354/2851 2637/4354/2956 2641/4371/2860 2631/4371/2957
f 2631/4374/2851 2641/4374/2958 2646/4375/2860 2635/4375/2959
f 2635/4375/2860 2646/4375/2960 2639/4361/2860 2627/4361/2961
s 1
f 2638/4359/2858 2661/4358/2857 2665/4410/2902 2643/4385/2883
f 2643/4388/2883 2665/4417/2902 2670/4416/2910 2647/4389/2884
f 2647/4389/2884 2670/4416/2910 2663/4362/2909 2639/4361/2886
s 0
f 2662/4363/2860 2651/4363/2962 2659/4403/2860 2667/4403/2963
f 2667/4403/2860 2659/4403/2964 2655/4400/2860 2671/4400/2965
f 2671/4400/2860 2655/4400/2966 2650/4362/2860 2663/4362/2909
s 1
f 2697/4443/2933 2649/4394/2888 2653/4397/2891 2700/4444/2934
f 2700/4444/2934 2653/4397/2891 2658/4406/2899 2704/4447/2937
f 2704/4451/2937 2658/4405/2899 2651/4363/2898 2698/4364/2939
f 2661/4358/2857 2709/4357/2856 2713/4458/2947 2664/4408/2900
f 2664/4411/2900 2713/4463/2947 2718/4462/2955 2668/4412/2903
f 2668/4412/2903 2718/4462/2955 2711/4364/2954 2662/4363/2905
s 0
f 2710/4355/2851 2699/4355/2943 2707/4452/2851 2715/4452/2967
f 2715/4452/2851 2707/4452/2941 2703/4449/2851 2719/4449/2968
f 2719/4449/2860 2703/4449/2969 2698/4364/2860 2711/4364/2970
s 1
f 2673/4420/2911 2697/4443/2933 2701/4446/2936 2676/4421/2912
f 2676/4421/2912 2701/4446/2936 2706/4454/2944 2680/4424/2915
f 2680/4424/2915 2706/4454/2944 2699/4355/2943 2674/4356/2917
f 2709/4357/2856 2685/4360/2859 2689/4435/2925 2712/4456/2945
f 2712/4456/2945 2689/4435/2925 2694/4441/2932 2716/4459/2948
f 2716/4459/2948 2694/4441/2932 2687/4356/2931 2710/4355/2950
s 0
f 2686/4353/2851 2675/4353/2971 2683/4427/2851 2691/4427/2972
f 2691/4427/2851 2683/4427/2973 2679/4426/2851 2695/4426/2974
f 2695/4426/2851 2679/4426/2975 2674/4356/2851 2687/4356/2931
s 1
f 2625/4365/2865 2673/4420/2911 2677/4423/2914 2628/4366/2866
f 2628/4366/2866 2677/4423/2914 2682/4430/2922 2632/4369/2869
f 2632/4373/2869 2682/4429/2922 2675/4353/2921 2626/4354/2871
f 2685/4360/2859 2638/4359/2858 2644/4387/2881 2688/4433/2923
f 2688/4436/2923 2644/4383/2881 2640/4381/2878 2692/4437/2926
f 2692/4437/2926 2640/4381/2878 2637/4354/2877 2686/4353/2852
f 2649/4394/2888 2697/4443/2933 2673/4420/2911 2625/4365/2865
o Radial_cooling_vent.047
v 0.009376 0.042135 0.006695
v 0.009126 0.042635 0.007128
v 0.008943 0.042635 0.006445
v 0.009251 0.042202 0.006911
v 0.009160 0.042202 0.006570
v 0.009050 0.042267 0.006783
v 0.008943 0.042635 0.006945
v 0.009160 0.042385 0.007070
v 0.008985 0.042396 0.006894
v 0.009001 0.042385 0.006478
v 0.008876 0.042635 0.006695
v 0.008938 0.042396 0.006718
v 0.009126 0.042635 0.007128
v 0.009376 0.043135 0.006695
v 0.008943 0.042635 0.006445
v 0.009160 0.042885 0.007070
v 0.008943 0.042635 0.006945
v 0.008985 0.042874 0.006894
v 0.009160 0.043068 0.006570
v 0.009251 0.043068 0.006911
v 0.009050 0.043003 0.006783
v 0.008876 0.042635 0.006695
v 0.009001 0.042885 0.006478
v 0.008938 0.042874 0.006718
v 0.010376 0.042135 0.004963
v 0.009943 0.042635 0.004713
v 0.010626 0.042635 0.004530
v 0.010160 0.042202 0.004838
v 0.010501 0.042202 0.004747
v 0.010289 0.042267 0.004636
v 0.010126 0.042635 0.004530
v 0.010001 0.042385 0.004746
v 0.010177 0.042396 0.004572
v 0.010593 0.042385 0.004588
v 0.010377 0.042635 0.004463
v 0.010353 0.042396 0.004524
v 0.010376 0.043135 0.004963
v 0.010626 0.042635 0.004530
v 0.009943 0.042635 0.004713
v 0.010501 0.043068 0.004747
v 0.010160 0.043068 0.004838
v 0.010289 0.043003 0.004636
v 0.010377 0.042635 0.004463
v 0.010593 0.042885 0.004588
v 0.010353 0.042874 0.004524
v 0.010001 0.042885 0.004746
v 0.010126 0.042635 0.004530
v 0.010177 0.042874 0.004572
v 0.018903 0.042135 0.012195
v 0.019336 0.042635 0.012445
v 0.018653 0.042635 0.012628
v 0.019119 0.042202 0.012320
v 0.018778 0.042202 0.012411
v 0.018990 0.042267 0.012522
v 0.019153 0.042635 0.012628
v 0.019278 0.042385 0.012412
v 0.019102 0.042396 0.012586
v 0.018686 0.042385 0.012570
v 0.018902 0.042635 0.012695
v 0.018925 0.042396 0.012634
v 0.018903 0.043135 0.012195
v 0.018653 0.042635 0.012628
v 0.019336 0.042635 0.012445
v 0.018778 0.043068 0.012411
v 0.019119 0.043068 0.012320
v 0.018990 0.043003 0.012522
v 0.018902 0.042635 0.012695
v 0.018686 0.042885 0.012570
v 0.018925 0.042874 0.012634
v 0.019278 0.042885 0.012412
v 0.019153 0.042635 0.012628
v 0.019102 0.042874 0.012586
v 0.019903 0.042135 0.010463
v 0.020153 0.042635 0.010030
v 0.020336 0.042635 0.010713
v 0.020027 0.042202 0.010247
v 0.020119 0.042202 0.010588
v 0.020229 0.042267 0.010375
v 0.020335 0.042635 0.010213
v 0.020119 0.042385 0.010088
v 0.020294 0.042396 0.010264
v 0.020278 0.042385 0.010680
v 0.020403 0.042635 0.010463
v 0.020341 0.042396 0.010440
v 0.019903 0.043135 0.010463
v 0.020336 0.042635 0.010713
v 0.020153 0.042635 0.010030
v 0.020119 0.043068 0.010588
v 0.020027 0.043068 0.010247
v 0.020229 0.043003 0.010375
v 0.020403 0.042635 0.010463
v 0.020278 0.042885 0.010680
v 0.020341 0.042874 0.010440
v 0.020119 0.042885 0.010088
v 0.020335 0.042635 0.010213
v 0.020294 0.042874 0.010264
vn -0.0000 -0.0000 1.0000
vn -0.4781 0.2586 0.8394
vn -0.4879 -0.2586 0.8337
vn 0.9349 0.0431 0.3524
vn 0.7726 -0.0432 0.6335
vn 0.0200 0.9995 -0.0227
vn 0.0097 0.9995 -0.0287
vn -0.0200 0.9995 0.0227
vn -0.0097 0.9995 0.0287
vn -0.0000 -0.0000 -1.0000
vn -0.9282 0.1301 -0.3486
vn -0.7725 -0.0432 -0.6335
vn 0.4781 0.2586 -0.8393
vn 0.4879 -0.2587 -0.8337
vn -0.0200 -0.9995 0.0228
vn -0.2544 -0.8660 0.4305
vn -0.6111 -0.7744 0.1637
vn -0.4446 -0.8664 -0.2273
vn -0.4374 -0.5000 0.7475
vn -0.7747 -0.4473 0.4470
vn -0.8389 -0.1286 0.5289
vn -0.9926 -0.1216 -0.0055
vn -0.8944 -0.4473 0.0002
vn -0.9033 -0.1289 -0.4092
vn -0.7631 -0.4986 -0.4112
vn -0.4879 0.2586 0.8337
vn -0.4374 0.5000 0.7475
vn -0.7746 0.4473 0.4470
vn -0.8721 0.1152 0.4755
vn -0.2544 0.8660 0.4305
vn -0.6111 0.7744 0.1637
vn -0.4445 0.8664 -0.2273
vn -0.7631 0.4986 -0.4112
vn -0.8944 0.4473 0.0002
vn -0.9282 0.1303 -0.3486
vn -0.9926 0.1216 -0.0054
vn 0.0097 -0.9995 -0.0287
vn -0.4191 -0.8665 -0.2713
vn -0.1637 -0.7744 -0.6111
vn 0.2456 -0.8660 -0.4356
vn -0.7377 -0.4986 -0.4552
vn -0.4472 -0.4474 -0.7745
vn -0.7725 -0.0433 -0.6335
vn -0.4657 0.1756 -0.8674
vn 0.0333 0.2433 -0.9694
vn -0.0001 -0.4473 -0.8944
vn 0.4780 -0.2586 -0.8394
vn 0.4286 -0.5000 -0.7525
vn 0.2456 0.8660 -0.4356
vn -0.1637 0.7744 -0.6111
vn -0.4191 0.8664 -0.2713
vn 0.4286 0.5000 -0.7525
vn -0.0003 0.4473 -0.8944
vn 0.4780 0.2586 -0.8394
vn -0.0166 0.5072 -0.8617
vn -0.5316 0.3233 -0.7828
vn -0.4472 0.4474 -0.7745
vn -0.8028 0.1593 -0.5746
vn -0.7376 0.4987 -0.4552
vn -0.0097 -0.9995 0.0287
vn 0.4191 -0.8665 0.2713
vn 0.1637 -0.7744 0.6111
vn -0.2456 -0.8660 0.4356
vn 0.7376 -0.4986 0.4552
vn 0.4468 -0.4474 0.7747
vn 0.7725 -0.0433 0.6335
vn 0.4657 0.1756 0.8674
vn -0.0333 0.2433 0.9694
vn 0.0002 -0.4473 0.8944
vn -0.4780 -0.2586 0.8394
vn -0.4286 -0.5000 0.7525
vn -0.2456 0.8660 0.4356
vn 0.1638 0.7744 0.6111
vn 0.4191 0.8664 0.2714
vn -0.4286 0.5000 0.7525
vn -0.0000 0.4474 0.8943
vn -0.4780 0.2586 0.8394
vn 0.0166 0.5072 0.8617
vn 0.5316 0.3233 0.7829
vn 0.4468 0.4474 0.7747
vn 0.8028 0.1593 0.5746
vn 0.7376 0.4986 0.4552
vn 0.0200 -0.9995 -0.0227
vn 0.2544 -0.8660 -0.4305
vn 0.6111 -0.7744 -0.1637
vn 0.4446 -0.8664 0.2273
vn 0.4374 -0.5000 -0.7475
vn 0.7747 -0.4474 -0.4469
vn 0.4879 -0.2586 -0.8337
vn 0.7546 -0.5072 -0.4165
vn 0.9438 -0.3233 0.0689
vn 0.8944 -0.4473 -0.0002
vn 0.8990 -0.1593 0.4079
vn 0.7631 -0.4986 0.4112
vn 0.4446 0.8664 0.2273
vn 0.6111 0.7744 -0.1637
vn 0.2544 0.8660 -0.4305
vn 0.7631 0.4986 0.4112
vn 0.8944 0.4473 -0.0002
vn 0.9349 0.0433 0.3523
vn 0.9840 -0.1756 -0.0304
vn 0.8229 -0.2433 -0.5135
vn 0.7746 0.4473 -0.4471
vn 0.4879 0.2586 -0.8337
vn 0.4374 0.5000 -0.7474
vn -0.8721 0.1152 0.4756
vn -0.9926 -0.1215 -0.0054
vn -0.9926 0.1214 -0.0055
vn -0.9033 -0.1288 -0.4092
vn 0.4781 -0.2586 -0.8394
vn -0.0166 0.5073 -0.8616
vn 0.0334 0.2433 -0.9694
vn -0.5316 0.3233 -0.7829
vn -0.8028 0.1592 -0.5745
vn 0.8990 -0.1592 0.4079
vn 0.9840 -0.1755 -0.0304
vn 0.9438 -0.3232 0.0690
vn 0.8228 -0.2433 -0.5136
vn 0.7545 -0.5072 -0.4165
vn 0.4878 0.2586 -0.8338
vn -0.4781 -0.2586 0.8394
vn -0.0334 0.2433 0.9694
vn 0.5316 0.3234 0.7828
vn 0.4657 0.1756 0.8673
vt 0.500000 0.760417
vt 0.500000 0.989583
vt 0.500000 0.541667
vt 0.500000 0.708333
vt 0.635417 0.541667
vt 0.864583 0.541667
vt 0.864583 0.708333
vt 0.635417 0.708333
vt 0.500000 0.041667
vt 0.500000 0.208333
vt 0.500000 0.260417
vt 0.500000 0.489583
vt 0.135417 0.708333
vt 0.135417 0.729139
vt 0.130435 0.728259
vt 0.130215 0.708333
vt 0.135417 0.750000
vt 0.130435 0.750000
vt 0.500000 1.000000
vt 0.375000 0.994565
vt 0.375000 0.989583
vt 0.500000 0.000000
vt 0.500000 0.020861
vt 0.375000 0.021741
vt 0.375000 0.000000
vt 0.375000 0.041667
vt 0.125000 0.708333
vt 0.125000 0.728259
vt 0.562418 0.989583
vt 0.559776 0.994565
vt 0.625000 0.989583
vt 0.625000 0.994565
vt 0.875000 0.708333
vt 0.869565 0.750000
vt 0.864583 0.750000
vt 0.625000 0.041667
vt 0.562418 0.041667
vt 0.559776 0.021741
vt 0.625000 0.000000
vt 0.559776 0.010974
vt 0.559777 0.997257
vt 0.135417 0.541667
vt 0.130215 0.541667
vt 0.130435 0.521741
vt 0.135417 0.520861
vt 0.125000 0.541667
vt 0.125000 0.521741
vt 0.500000 0.229139
vt 0.375000 0.228259
vt 0.375000 0.208333
vt 0.500000 0.255215
vt 0.375000 0.255435
vt 0.375000 0.260417
vt 0.135417 0.500000
vt 0.130435 0.500000
vt 0.864583 0.500000
vt 0.869565 0.500000
vt 0.875000 0.541667
vt 0.625000 0.260417
vt 0.562418 0.260417
vt 0.559776 0.255435
vt 0.625000 0.255435
vt 0.559776 0.228259
vt 0.562418 0.208333
vt 0.625000 0.208333
vt 0.625000 0.250000
vt 0.559776 0.252743
vt 0.364583 0.708333
vt 0.369785 0.708333
vt 0.369565 0.728259
vt 0.364583 0.729139
vt 0.437582 0.708333
vt 0.440224 0.728259
vt 0.500000 0.729139
vt 0.500000 0.755215
vt 0.375000 0.755435
vt 0.375000 0.760417
vt 0.364583 0.750000
vt 0.369565 0.750000
vt 0.372257 0.728259
vt 0.635417 0.750000
vt 0.630435 0.750000
vt 0.630215 0.708333
vt 0.625000 0.760417
vt 0.562418 0.760417
vt 0.559776 0.755435
vt 0.625000 0.755435
vt 0.559776 0.728259
vt 0.562418 0.708333
vt 0.559776 0.752743
vt 0.364583 0.541667
vt 0.364583 0.520861
vt 0.369565 0.521741
vt 0.369785 0.541667
vt 0.364583 0.500000
vt 0.369565 0.500000
vt 0.500000 0.494785
vt 0.375000 0.494565
vt 0.375000 0.489583
vt 0.500000 0.520861
vt 0.440224 0.521741
vt 0.437582 0.541667
vt 0.372257 0.521741
vt 0.630215 0.541667
vt 0.630435 0.521741
vt 0.635417 0.500000
vt 0.562418 0.541667
vt 0.559776 0.521741
vt 0.559776 0.494565
vt 0.562418 0.489583
vt 0.625000 0.489583
vt 0.592079 0.494565
vt 0.592079 0.521741
vt 0.559777 0.510974
s 0
usemtl Anodized_graphite.001
f 2771/4467/2976 2782/4467/2977 2733/4468/2976 2722/4468/2978
f 2795/4469/2976 2806/4469/2979 2783/4470/2976 2770/4470/2980
s 1
f 2805/4471/2981 2757/4472/2982 2734/4473/2983 2781/4474/2984
s 0
f 2723/4475/2985 2735/4475/2986 2759/4476/2985 2746/4476/2987
f 2747/4477/2985 2758/4477/2988 2807/4478/2985 2794/4478/2989
s 1
f 2721/4479/2990 2724/4480/2991 2726/4481/2992 2725/4482/2993
f 2724/4480/2991 2728/4483/2994 2729/4484/2995 2726/4481/2992
f 2722/4468/2978 2727/4485/2996 2729/4486/2995 2728/4487/2994
f 2727/4488/2996 2731/4489/2997 2732/4490/2998 2729/4491/2995
f 2723/4475/2999 2730/4492/3000 2732/4490/2998 2731/4489/2997
f 2730/4493/3000 2725/4482/2993 2726/4481/2992 2732/4494/2998
f 2726/4481/2992 2729/4484/2995 2732/4494/2998
f 2733/4468/3001 2736/4495/3002 2738/4496/3003 2737/4485/3004
f 2736/4495/3002 2740/4497/3005 2741/4498/3006 2738/4496/3003
f 2734/4473/2983 2739/4499/3007 2741/4500/3006 2740/4501/3005
f 2739/4502/3007 2743/4503/3008 2744/4504/3009 2741/4505/3006
f 2735/4475/3010 2742/4489/3011 2744/4504/3009 2743/4503/3008
f 2742/4489/3011 2737/4488/3004 2738/4506/3003 2744/4504/3009
f 2738/4496/3003 2741/4498/3006 2744/4507/3009
f 2745/4508/3012 2748/4509/3013 2750/4510/3014 2749/4511/3015
f 2748/4509/3013 2752/4512/3016 2753/4513/3017 2750/4510/3014
f 2746/4476/3018 2751/4514/3019 2753/4515/3017 2752/4516/3016
f 2751/4514/3019 2755/4517/3020 2756/4518/3021 2753/4515/3017
f 2747/4477/3022 2754/4519/3023 2756/4518/3021 2755/4517/3020
f 2754/4520/3023 2749/4511/3015 2750/4510/3014 2756/4521/3021
f 2750/4510/3014 2753/4513/3017 2756/4521/3021
f 2757/4472/2982 2760/4522/3024 2762/4523/3025 2761/4524/3026
f 2760/4525/3024 2764/4526/3027 2765/4527/3028 2762/4528/3025
f 2758/4477/3029 2763/4517/3030 2765/4527/3028 2764/4526/3027
f 2763/4517/3030 2767/4514/3031 2768/4529/3032 2765/4527/3028
f 2759/4476/3033 2766/4530/3034 2768/4529/3032 2767/4514/3031
f 2766/4530/3034 2761/4531/3026 2762/4532/3025 2768/4529/3032
f 2762/4528/3025 2765/4527/3028 2768/4533/3032
f 2769/4534/3035 2772/4535/3036 2774/4536/3037 2773/4537/3038
f 2772/4535/3036 2776/4538/3039 2777/4539/3040 2774/4536/3037
f 2770/4470/3041 2775/4540/3042 2777/4539/3040 2776/4538/3039
f 2775/4540/3042 2779/4541/3043 2780/4542/3044 2777/4539/3040
f 2771/4467/3045 2778/4543/3046 2780/4542/3044 2779/4541/3043
f 2778/4544/3046 2773/4537/3038 2774/4536/3037 2780/4545/3044
f 2774/4536/3037 2777/4546/3040 2780/4545/3044
f 2781/4474/2984 2784/4547/3047 2786/4548/3048 2785/4549/3049
f 2784/4550/3047 2788/4551/3050 2789/4552/3051 2786/4553/3048
f 2782/4467/3052 2787/4541/3053 2789/4552/3051 2788/4551/3050
f 2787/4541/3053 2791/4540/3054 2792/4554/3055 2789/4552/3051
f 2783/4470/3056 2790/4555/3057 2792/4554/3055 2791/4540/3054
f 2790/4555/3057 2785/4549/3049 2786/4548/3048 2792/4554/3055
f 2786/4553/3048 2789/4552/3051 2792/4556/3055
f 2793/4557/3058 2796/4558/3059 2798/4559/3060 2797/4560/3061
f 2796/4558/3059 2800/4561/3062 2801/4562/3063 2798/4559/3060
f 2794/4478/3064 2799/4563/3065 2801/4564/3063 2800/4565/3062
f 2799/4563/3065 2803/4566/3066 2804/4567/3067 2801/4564/3063
f 2795/4469/3068 2802/4568/3069 2804/4567/3067 2803/4566/3066
f 2802/4568/3069 2797/4560/3061 2798/4559/3060 2804/4567/3067
f 2798/4559/3060 2801/4562/3063 2804/4569/3067
f 2805/4471/2981 2808/4570/3070 2810/4571/3071 2809/4572/3072
f 2808/4570/3070 2812/4573/3073 2813/4574/3074 2810/4571/3071
f 2806/4469/3075 2811/4566/3076 2813/4574/3074 2812/4573/3073
f 2811/4566/3076 2815/4563/3077 2816/4575/3078 2813/4574/3074
f 2807/4478/3079 2814/4576/3080 2816/4575/3078 2815/4563/3077
f 2814/4576/3080 2809/4577/3072 2810/4578/3071 2816/4575/3078
f 2810/4579/3071 2813/4574/3074 2816/4580/3078
f 2745/4508/3012 2721/4479/2990 2725/4482/2993 2748/4509/3013
f 2748/4509/3013 2725/4482/2993 2730/4493/3000 2752/4512/3016
f 2752/4516/3016 2730/4492/3000 2723/4475/2999 2746/4476/3018
s 0
f 2722/4468/2976 2733/4468/3001 2737/4485/2976 2727/4485/2996
f 2727/4488/2976 2737/4488/3081 2742/4489/2985 2731/4489/3082
f 2731/4489/2985 2742/4489/3083 2735/4475/2985 2723/4475/3084
s 1
f 2734/4473/2983 2757/4472/2982 2761/4524/3026 2739/4499/3007
f 2739/4502/3007 2761/4531/3026 2766/4530/3034 2743/4503/3008
f 2743/4503/3008 2766/4530/3034 2759/4476/3033 2735/4475/3010
s 0
f 2758/4477/2985 2747/4477/3085 2755/4517/2985 2763/4517/3086
f 2763/4517/2985 2755/4517/3087 2751/4514/2985 2767/4514/3088
f 2767/4514/2985 2751/4514/3019 2746/4476/2985 2759/4476/3089
s 1
f 2793/4557/3058 2745/4508/3012 2749/4511/3015 2796/4558/3059
f 2796/4558/3059 2749/4511/3015 2754/4520/3023 2800/4561/3062
f 2800/4565/3062 2754/4519/3023 2747/4477/3022 2794/4478/3064
f 2757/4472/2982 2805/4471/2981 2809/4572/3072 2760/4522/3024
f 2760/4525/3024 2809/4577/3072 2814/4576/3080 2764/4526/3027
f 2764/4526/3027 2814/4576/3080 2807/4478/3079 2758/4477/3029
s 0
f 2806/4469/2976 2795/4469/3090 2803/4566/2976 2811/4566/3091
f 2811/4566/2985 2803/4566/3092 2799/4563/2985 2815/4563/3093
f 2815/4563/2985 2799/4563/3094 2794/4478/2985 2807/4478/3095
s 1
f 2769/4534/3035 2793/4557/3058 2797/4560/3061 2772/4535/3036
f 2772/4535/3036 2797/4560/3061 2802/4568/3069 2776/4538/3039
f 2776/4538/3039 2802/4568/3069 2795/4469/3068 2770/4470/3041
f 2805/4471/2981 2781/4474/2984 2785/4549/3049 2808/4570/3070
f 2808/4570/3070 2785/4549/3049 2790/4555/3057 2812/4573/3073
f 2812/4573/3073 2790/4555/3057 2783/4470/3056 2806/4469/3075
s 0
f 2782/4467/2976 2771/4467/3096 2779/4541/2976 2787/4541/3053
f 2787/4541/2976 2779/4541/3097 2775/4540/2976 2791/4540/3098
f 2791/4540/2976 2775/4540/3099 2770/4470/2976 2783/4470/3056
s 1
f 2721/4479/2990 2769/4534/3035 2773/4537/3038 2724/4480/2991
f 2724/4480/2991 2773/4537/3038 2778/4544/3046 2728/4483/2994
f 2728/4487/2994 2778/4543/3046 2771/4467/3045 2722/4468/2978
f 2781/4474/2984 2734/4473/2983 2740/4501/3005 2784/4547/3047
f 2784/4550/3047 2740/4497/3005 2736/4495/3002 2788/4551/3050
f 2788/4551/3050 2736/4495/3002 2733/4468/3001 2782/4467/3052
f 2745/4508/3012 2793/4557/3058 2769/4534/3035 2721/4479/2990
o Retaining_nut.003
v -0.000083 0.053635 -0.004411
v -0.000841 0.054510 -0.004983
v 0.000675 0.054510 -0.004983
v -0.000619 0.053891 -0.004788
v -0.000083 0.054005 -0.005023
v -0.000083 0.054510 -0.005193
v 0.000453 0.053891 -0.004788
v -0.000083 0.060635 -0.004411
v 0.000675 0.059760 -0.004983
v -0.000841 0.059760 -0.004983
v 0.000453 0.060379 -0.004788
v -0.000083 0.060265 -0.005023
v -0.000083 0.059760 -0.005193
v -0.000619 0.060379 -0.004788
v 0.003805 0.053635 -0.002166
v 0.003922 0.054510 -0.003108
v 0.004680 0.054510 -0.001796
v 0.003864 0.053891 -0.002818
v 0.004335 0.054005 -0.002472
v 0.004482 0.054510 -0.002557
v 0.004400 0.053891 -0.001890
v 0.003805 0.060635 -0.002166
v 0.004680 0.059760 -0.001796
v 0.003922 0.059760 -0.003108
v 0.004400 0.060379 -0.001890
v 0.004335 0.060265 -0.002472
v 0.004482 0.059760 -0.002557
v 0.003864 0.060379 -0.002818
v 0.003805 0.053635 0.002324
v 0.004680 0.054510 0.001954
v 0.003922 0.054510 0.003267
v 0.004400 0.053891 0.002048
v 0.004335 0.054005 0.002630
v 0.004482 0.054510 0.002715
v 0.003864 0.053891 0.002976
v 0.003805 0.060635 0.002324
v 0.003922 0.059760 0.003267
v 0.004680 0.059760 0.001954
v 0.003864 0.060379 0.002976
v 0.004335 0.060265 0.002630
v 0.004482 0.059760 0.002715
v 0.004400 0.060379 0.002048
v -0.000083 0.053635 0.004569
v 0.000675 0.054510 0.005142
v -0.000841 0.054510 0.005142
v 0.000453 0.053891 0.004946
v -0.000083 0.054005 0.005181
v -0.000083 0.054510 0.005351
v -0.000619 0.053891 0.004946
v -0.000083 0.060635 0.004569
v -0.000841 0.059760 0.005142
v 0.000675 0.059760 0.005142
v -0.000619 0.060379 0.004946
v -0.000083 0.060265 0.005181
v -0.000083 0.059760 0.005351
v 0.000453 0.060379 0.004946
v -0.003971 0.053635 0.002324
v -0.004088 0.054510 0.003267
v -0.004846 0.054510 0.001954
v -0.004030 0.053891 0.002976
v -0.004501 0.054005 0.002630
v -0.004648 0.054510 0.002715
v -0.004566 0.053891 0.002048
v -0.003971 0.060635 0.002324
v -0.004846 0.059760 0.001954
v -0.004088 0.059760 0.003267
v -0.004566 0.060379 0.002048
v -0.004501 0.060265 0.002630
v -0.004648 0.059760 0.002715
v -0.004030 0.060379 0.002976
v -0.003971 0.053635 -0.002166
v -0.004846 0.054510 -0.001796
v -0.004088 0.054510 -0.003108
v -0.004566 0.053891 -0.001890
v -0.004501 0.054005 -0.002472
v -0.004648 0.054510 -0.002557
v -0.004030 0.053891 -0.002818
v -0.003971 0.060635 -0.002166
v -0.004088 0.059760 -0.003108
v -0.004846 0.059760 -0.001796
v -0.004030 0.060379 -0.002818
v -0.004501 0.060265 -0.002472
v -0.004648 0.059760 -0.002557
v -0.004566 0.060379 -0.001890
vn -0.5358 -0.0461 -0.8431
vn -0.5358 0.0461 -0.8431
vn -0.4623 0.0461 -0.8855
vn -0.4623 -0.0461 -0.8855
vn 0.5358 -0.0461 0.8431
vn 0.5358 0.0461 0.8431
vn 0.4623 0.0461 0.8855
vn 0.4623 -0.0461 0.8855
vn -0.4623 -0.0461 0.8855
vn -0.4623 0.0461 0.8855
vn -0.5358 0.0461 0.8431
vn -0.5358 -0.0461 0.8431
vn -0.9980 -0.0461 0.0424
vn -0.9980 0.0461 0.0424
vn -0.9980 0.0461 -0.0424
vn -0.9980 -0.0461 -0.0424
vn 0.9980 -0.0461 -0.0424
vn 0.9980 0.0461 -0.0424
vn 0.9980 0.0461 0.0424
vn 0.9980 -0.0461 0.0424
vn 0.0310 0.9994 -0.0179
vn -0.0000 0.9994 -0.0360
vn -0.0312 0.9994 -0.0179
vn -0.0310 0.9994 0.0179
vn -0.0000 0.9994 0.0360
vn 0.0311 0.9994 0.0179
vn 0.4623 -0.0462 -0.8855
vn 0.4623 0.0462 -0.8855
vn 0.5358 0.0462 -0.8431
vn 0.5358 -0.0461 -0.8431
vn -0.0000 -0.9994 -0.0360
vn -0.3232 -0.7108 -0.6247
vn -0.0000 -0.5477 -0.8367
vn 0.3232 -0.7108 -0.6247
vn -0.0000 -0.0329 -0.9995
vn 0.3232 0.7108 -0.6247
vn -0.0000 0.5477 -0.8366
vn -0.3232 0.7108 -0.6247
vn -0.0000 0.0329 -0.9995
vn 0.0310 -0.9994 -0.0180
vn 0.3794 -0.7108 -0.5923
vn 0.7246 -0.5477 -0.4183
vn 0.7026 -0.7108 -0.0325
vn 0.8655 -0.0329 -0.4998
vn 0.7026 0.7108 -0.0324
vn 0.7246 0.5477 -0.4183
vn 0.3794 0.7108 -0.5923
vn 0.8655 0.0329 -0.4998
vn 0.0311 -0.9994 0.0179
vn 0.7026 -0.7108 0.0324
vn 0.7246 -0.5477 0.4183
vn 0.3794 -0.7108 0.5923
vn 0.8655 -0.0329 0.4998
vn 0.3794 0.7108 0.5923
vn 0.7246 0.5477 0.4183
vn 0.7026 0.7108 0.0325
vn 0.8655 0.0330 0.4998
vn -0.0000 -0.9994 0.0360
vn 0.3232 -0.7108 0.6247
vn -0.0000 -0.5477 0.8367
vn -0.3232 -0.7108 0.6247
vn -0.0000 -0.0329 0.9995
vn -0.3232 0.7108 0.6247
vn -0.0000 0.5477 0.8366
vn 0.3232 0.7108 0.6247
vn -0.0000 0.0329 0.9995
vn -0.0311 -0.9994 0.0179
vn -0.3794 -0.7108 0.5923
vn -0.7246 -0.5477 0.4183
vn -0.7026 -0.7108 0.0325
vn -0.8655 -0.0329 0.4998
vn -0.7026 0.7108 0.0324
vn -0.7246 0.5477 0.4183
vn -0.3794 0.7108 0.5923
vn -0.8655 0.0329 0.4998
vn -0.0311 -0.9994 -0.0179
vn -0.7026 -0.7108 -0.0324
vn -0.7246 -0.5477 -0.4183
vn -0.3794 -0.7108 -0.5923
vn -0.8655 -0.0329 -0.4998
vn -0.3794 0.7108 -0.5923
vn -0.7246 0.5477 -0.4183
vn -0.7026 0.7108 -0.0325
vn -0.8655 0.0329 -0.4998
vt 0.140151 0.562500
vt 0.140151 0.937500
vt 0.026515 0.937500
vt 0.026515 0.562500
vt 0.640152 0.562500
vt 0.640152 0.937500
vt 0.526515 0.937500
vt 0.526515 0.562500
vt 0.473485 0.562500
vt 0.473485 0.937500
vt 0.359848 0.937500
vt 0.359848 0.562500
vt 0.306818 0.562500
vt 0.306818 0.937500
vt 0.193182 0.937500
vt 0.193182 0.562500
vt 0.806818 0.562500
vt 0.806818 0.937500
vt 0.693182 0.937500
vt 0.693182 0.562500
vt 0.419664 0.347956
vt 0.250000 0.445911
vt 0.080336 0.347956
vt 0.080336 0.152044
vt 0.250000 0.054089
vt 0.419664 0.152044
vt 0.973485 0.562500
vt 0.973485 0.937500
vt 0.859848 0.937500
vt 0.859848 0.562500
vt 0.750000 0.445911
vt 0.720497 0.472967
vt 0.742472 0.485654
vt 0.779503 0.472967
vt -0.000000 0.562500
vt -0.000000 0.526416
vt 0.023657 0.500000
vt 0.976342 0.500000
vt 0.993963 0.500000
vt 1.000000 0.562500
vt 0.279503 0.472967
vt 0.257528 0.485654
vt 0.220497 0.472967
vt 1.000000 0.937500
vt 1.000000 0.973584
vt 0.976342 1.000000
vt 0.023657 1.000000
vt 0.006037 1.000000
vt -0.000000 0.937500
vt 0.919664 0.347956
vt 0.928343 0.387033
vt 0.950318 0.374346
vt 0.957846 0.335933
vt 0.833333 0.562500
vt 0.833333 0.526416
vt 0.856991 0.500000
vt 0.809676 0.500000
vt 0.827297 0.500000
vt 0.457846 0.335933
vt 0.457846 0.361307
vt 0.428343 0.387033
vt 0.833333 0.937500
vt 0.833333 0.973584
vt 0.809676 1.000000
vt 0.856991 1.000000
vt 0.839370 1.000000
vt 0.919664 0.152044
vt 0.957846 0.164067
vt 0.957846 0.138693
vt 0.928343 0.112967
vt 0.666667 0.562500
vt 0.666667 0.526416
vt 0.690324 0.500000
vt 0.643009 0.500000
vt 0.660630 0.500000
vt 0.428343 0.112967
vt 0.450318 0.125654
vt 0.457846 0.164067
vt 0.666667 0.937500
vt 0.666667 0.973584
vt 0.643009 1.000000
vt 0.690324 1.000000
vt 0.672703 1.000000
vt 0.750000 0.054089
vt 0.779503 0.027033
vt 0.757528 0.014346
vt 0.720497 0.027033
vt 0.500000 0.562500
vt 0.500000 0.526416
vt 0.523658 0.500000
vt 0.476342 0.500000
vt 0.493963 0.500000
vt 0.220497 0.027033
vt 0.242472 0.014346
vt 0.279503 0.027033
vt 0.500000 0.937500
vt 0.500000 0.973584
vt 0.476342 1.000000
vt 0.523658 1.000000
vt 0.506037 1.000000
vt 0.580336 0.152044
vt 0.571657 0.112967
vt 0.549682 0.125654
vt 0.542154 0.164067
vt 0.333333 0.562500
vt 0.333333 0.526416
vt 0.356991 0.500000
vt 0.309676 0.500000
vt 0.327297 0.500000
vt 0.042154 0.164067
vt 0.042154 0.138693
vt 0.071657 0.112967
vt 0.333333 0.937500
vt 0.333333 0.973584
vt 0.309676 1.000000
vt 0.356991 1.000000
vt 0.339370 1.000000
vt 0.580336 0.347956
vt 0.542154 0.335933
vt 0.542154 0.361307
vt 0.571657 0.387033
vt 0.166667 0.562500
vt 0.166667 0.526416
vt 0.190324 0.500000
vt 0.143009 0.500000
vt 0.160630 0.500000
vt 0.071657 0.387033
vt 0.049682 0.374346
vt 0.042154 0.335933
vt 0.166667 0.937500
vt 0.166667 0.973584
vt 0.143009 1.000000
vt 0.190324 1.000000
vt 0.172703 1.000000
s 1
usemtl Brushed_aluminum.001
f 2889/4581/3100 2895/4582/3101 2826/4583/3102 2818/4584/3103
f 2847/4585/3104 2853/4586/3105 2868/4587/3106 2860/4588/3107
f 2861/4589/3108 2867/4590/3109 2882/4591/3110 2874/4592/3111
f 2875/4593/3112 2881/4594/3113 2896/4595/3114 2888/4596/3115
f 2833/4597/3116 2839/4598/3117 2854/4599/3118 2846/4600/3119
f 2838/4601/3120 2824/4602/3121 2894/4603/3122 2880/4604/3123 2866/4605/3124 2852/4606/3125
f 2819/4607/3126 2825/4608/3127 2840/4609/3128 2832/4610/3129
f 2817/4611/3130 2820/4612/3131 2821/4613/3132 2823/4614/3133
f 2818/4584/3103 2822/4615/3134 2821/4616/3132 2820/4617/3131
f 2819/4607/3126 2823/4618/3133 2821/4619/3132 2822/4620/3134
f 2824/4602/3121 2827/4621/3135 2828/4622/3136 2830/4623/3137
f 2825/4608/3127 2829/4624/3138 2828/4625/3136 2827/4626/3135
f 2826/4583/3102 2830/4627/3137 2828/4628/3136 2829/4629/3138
f 2831/4630/3139 2834/4631/3140 2835/4632/3141 2837/4633/3142
f 2832/4610/3129 2836/4634/3143 2835/4635/3141 2834/4636/3140
f 2833/4597/3116 2837/4637/3142 2835/4638/3141 2836/4634/3143
f 2838/4601/3120 2841/4639/3144 2842/4640/3145 2844/4641/3146
f 2839/4598/3117 2843/4642/3147 2842/4643/3145 2841/4644/3144
f 2840/4609/3128 2844/4645/3146 2842/4646/3145 2843/4642/3147
f 2845/4647/3148 2848/4648/3149 2849/4649/3150 2851/4650/3151
f 2846/4600/3119 2850/4651/3152 2849/4652/3150 2848/4653/3149
f 2847/4585/3104 2851/4654/3151 2849/4655/3150 2850/4651/3152
f 2852/4606/3125 2855/4656/3153 2856/4657/3154 2858/4658/3155
f 2853/4586/3105 2857/4659/3156 2856/4660/3154 2855/4661/3153
f 2854/4599/3118 2858/4662/3155 2856/4663/3154 2857/4659/3156
f 2859/4664/3157 2862/4665/3158 2863/4666/3159 2865/4667/3160
f 2860/4588/3107 2864/4668/3161 2863/4669/3159 2862/4670/3158
f 2861/4589/3108 2865/4671/3160 2863/4672/3159 2864/4668/3161
f 2866/4605/3124 2869/4673/3162 2870/4674/3163 2872/4675/3164
f 2867/4590/3109 2871/4676/3165 2870/4677/3163 2869/4678/3162
f 2868/4587/3106 2872/4679/3164 2870/4680/3163 2871/4676/3165
f 2873/4681/3166 2876/4682/3167 2877/4683/3168 2879/4684/3169
f 2874/4592/3111 2878/4685/3170 2877/4686/3168 2876/4687/3167
f 2875/4593/3112 2879/4688/3169 2877/4689/3168 2878/4685/3170
f 2880/4604/3123 2883/4690/3171 2884/4691/3172 2886/4692/3173
f 2881/4594/3113 2885/4693/3174 2884/4694/3172 2883/4695/3171
f 2882/4591/3110 2886/4696/3173 2884/4697/3172 2885/4693/3174
f 2887/4698/3175 2890/4699/3176 2891/4700/3177 2893/4701/3178
f 2888/4596/3115 2892/4702/3179 2891/4703/3177 2890/4704/3176
f 2889/4581/3100 2893/4705/3178 2891/4706/3177 2892/4702/3179
f 2894/4603/3122 2897/4707/3180 2898/4708/3181 2900/4709/3182
f 2895/4582/3101 2899/4710/3183 2898/4711/3181 2897/4712/3180
f 2896/4595/3114 2900/4713/3182 2898/4714/3181 2899/4710/3183
f 2819/4607/3126 2832/4610/3129 2834/4636/3140 2823/4618/3133
f 2823/4614/3133 2834/4631/3140 2831/4630/3139 2817/4611/3130
f 2840/4609/3128 2825/4608/3127 2827/4626/3135 2844/4645/3146
f 2844/4641/3146 2827/4621/3135 2824/4602/3121 2838/4601/3120
f 2818/4584/3103 2826/4583/3102 2829/4629/3138 2822/4615/3134
f 2822/4620/3134 2829/4624/3138 2825/4608/3127 2819/4607/3126
f 2839/4598/3117 2833/4597/3116 2836/4634/3143 2843/4642/3147
f 2843/4642/3147 2836/4634/3143 2832/4610/3129 2840/4609/3128
f 2833/4597/3116 2846/4600/3119 2848/4653/3149 2837/4637/3142
f 2837/4633/3142 2848/4648/3149 2845/4647/3148 2831/4630/3139
f 2854/4599/3118 2839/4598/3117 2841/4644/3144 2858/4662/3155
f 2858/4658/3155 2841/4639/3144 2838/4601/3120 2852/4606/3125
f 2853/4586/3105 2847/4585/3104 2850/4651/3152 2857/4659/3156
f 2857/4659/3156 2850/4651/3152 2846/4600/3119 2854/4599/3118
f 2847/4585/3104 2860/4588/3107 2862/4670/3158 2851/4654/3151
f 2851/4650/3151 2862/4665/3158 2859/4664/3157 2845/4647/3148
f 2868/4587/3106 2853/4586/3105 2855/4661/3153 2872/4679/3164
f 2872/4675/3164 2855/4656/3153 2852/4606/3125 2866/4605/3124
f 2867/4590/3109 2861/4589/3108 2864/4668/3161 2871/4676/3165
f 2871/4676/3165 2864/4668/3161 2860/4588/3107 2868/4587/3106
f 2861/4589/3108 2874/4592/3111 2876/4687/3167 2865/4671/3160
f 2865/4667/3160 2876/4682/3167 2873/4681/3166 2859/4664/3157
f 2882/4591/3110 2867/4590/3109 2869/4678/3162 2886/4696/3173
f 2886/4692/3173 2869/4673/3162 2866/4605/3124 2880/4604/3123
f 2881/4594/3113 2875/4593/3112 2878/4685/3170 2885/4693/3174
f 2885/4693/3174 2878/4685/3170 2874/4592/3111 2882/4591/3110
f 2875/4593/3112 2888/4596/3115 2890/4704/3176 2879/4688/3169
f 2879/4684/3169 2890/4699/3176 2887/4698/3175 2873/4681/3166
f 2896/4595/3114 2881/4594/3113 2883/4695/3171 2900/4713/3182
f 2900/4709/3182 2883/4690/3171 2880/4604/3123 2894/4603/3122
f 2895/4582/3101 2889/4581/3100 2892/4702/3179 2899/4710/3183
f 2899/4710/3183 2892/4702/3179 2888/4596/3115 2896/4595/3114
f 2889/4581/3100 2818/4584/3103 2820/4617/3131 2893/4705/3178
f 2893/4701/3178 2820/4612/3131 2817/4611/3130 2887/4698/3175
f 2826/4583/3102 2895/4582/3101 2897/4712/3180 2830/4627/3137
f 2830/4623/3137 2897/4707/3180 2894/4603/3122 2824/4602/3121
f 2817/4611/3130 2831/4630/3139 2845/4647/3148 2859/4664/3157 2873/4681/3166 2887/4698/3175
