# Blender 4.3.2
# www.blender.org
mtllib telemetry_whip.mtl
o Telemetry_whip
v 0.000415 0.407481 -0.126524
v 0.000407 0.408467 -0.127526
v 0.000413 0.407770 -0.127233
v -0.000453 0.510478 -0.126524
v -0.000445 0.509492 -0.127526
v -0.000451 0.510189 -0.127233
v 0.000519 0.407482 -0.126517
v 0.000642 0.408469 -0.127511
v 0.000609 0.407772 -0.127220
v -0.000349 0.510479 -0.126517
v -0.000210 0.509494 -0.127511
v -0.000254 0.510191 -0.127220
v 0.000621 0.407483 -0.126497
v 0.000873 0.408471 -0.127465
v 0.000802 0.407773 -0.127181
v -0.000247 0.510479 -0.126497
v 0.000021 0.509496 -0.127465
v -0.000061 0.510192 -0.127181
v 0.000720 0.407484 -0.126463
v 0.001095 0.408473 -0.127389
v 0.000989 0.407775 -0.127118
v -0.000148 0.510480 -0.126463
v 0.000244 0.509497 -0.127389
v 0.000126 0.510194 -0.127118
v 0.000814 0.407485 -0.126417
v 0.001307 0.408475 -0.127285
v 0.001166 0.407777 -0.127031
v -0.000054 0.510481 -0.126417
v 0.000455 0.509499 -0.127285
v 0.000302 0.510195 -0.127031
v 0.000901 0.407485 -0.126359
v 0.001502 0.408477 -0.127154
v 0.001330 0.407778 -0.126921
v 0.000032 0.510482 -0.126359
v 0.000651 0.509501 -0.127154
v 0.000466 0.510197 -0.126921
v 0.000979 0.407486 -0.126290
v 0.001679 0.408478 -0.126999
v 0.001478 0.407779 -0.126791
v 0.000111 0.510482 -0.126290
v 0.000828 0.509502 -0.126999
v 0.000614 0.510198 -0.126791
v 0.001048 0.407487 -0.126212
v 0.001835 0.408479 -0.126822
v 0.001608 0.407780 -0.126643
v 0.000180 0.510483 -0.126212
v 0.000983 0.509504 -0.126822
v 0.000744 0.510199 -0.126643
v 0.001106 0.407487 -0.126125
v 0.001965 0.408481 -0.126626
v 0.001717 0.407781 -0.126479
v 0.000238 0.510484 -0.126125
v 0.001114 0.509505 -0.126626
v 0.000854 0.510200 -0.126479
v 0.001152 0.407488 -0.126031
v 0.002070 0.408481 -0.126415
v 0.001804 0.407782 -0.126303
v 0.000284 0.510484 -0.126031
v 0.001218 0.509506 -0.126415
v 0.000941 0.510201 -0.126303
v 0.001186 0.407488 -0.125933
v 0.002145 0.408482 -0.126192
v 0.001868 0.407782 -0.126116
v 0.000317 0.510484 -0.125933
v 0.001294 0.509506 -0.126192
v 0.001004 0.510201 -0.126116
v 0.001206 0.407488 -0.125830
v 0.002191 0.408482 -0.125961
v 0.001906 0.407783 -0.125923
v 0.000338 0.510484 -0.125830
v 0.001340 0.509507 -0.125961
v 0.001043 0.510202 -0.125923
v 0.001213 0.407488 -0.125726
v 0.002207 0.408483 -0.125726
v 0.001919 0.407783 -0.125726
v 0.000345 0.510484 -0.125726
v 0.001355 0.509507 -0.125726
v 0.001056 0.510202 -0.125726
v 0.001206 0.407488 -0.125622
v 0.002191 0.408482 -0.125491
v 0.001906 0.407783 -0.125529
v 0.000338 0.510484 -0.125622
v 0.001340 0.509507 -0.125491
v 0.001043 0.510202 -0.125529
v 0.001186 0.407488 -0.125520
v 0.002145 0.408482 -0.125260
v 0.001868 0.407782 -0.125336
v 0.000317 0.510484 -0.125520
v 0.001294 0.509506 -0.125260
v 0.001004 0.510201 -0.125336
v 0.001152 0.407488 -0.125421
v 0.002070 0.408481 -0.125037
v 0.001804 0.407782 -0.125150
v 0.000284 0.510484 -0.125421
v 0.001218 0.509506 -0.125037
v 0.000941 0.510201 -0.125150
v 0.001106 0.407487 -0.125327
v 0.001965 0.408481 -0.124826
v 0.001717 0.407781 -0.124973
v 0.000238 0.510484 -0.125327
v 0.001114 0.509505 -0.124826
v 0.000854 0.510200 -0.124973
v 0.001048 0.407487 -0.125240
v 0.001835 0.408479 -0.124630
v 0.001608 0.407780 -0.124809
v 0.000180 0.510483 -0.125240
v 0.000983 0.509504 -0.124630
v 0.000744 0.510199 -0.124809
v 0.000979 0.407486 -0.125162
v 0.001679 0.408478 -0.124453
v 0.001478 0.407779 -0.124661
v 0.000111 0.510482 -0.125162
v 0.000828 0.509502 -0.124453
v 0.000614 0.510198 -0.124661
v 0.000901 0.407485 -0.125093
v 0.001502 0.408477 -0.124298
v 0.001330 0.407778 -0.124531
v 0.000032 0.510482 -0.125093
v 0.000651 0.509501 -0.124298
v 0.000466 0.510197 -0.124531
v 0.000814 0.407485 -0.125035
v 0.001307 0.408475 -0.124167
v 0.001166 0.407777 -0.124421
v -0.000054 0.510481 -0.125035
v 0.000455 0.509499 -0.124167
v 0.000302 0.510195 -0.124421
v 0.000720 0.407484 -0.124989
v 0.001095 0.408473 -0.124063
v 0.000989 0.407775 -0.124334
v -0.000148 0.510480 -0.124989
v 0.000244 0.509497 -0.124063
v 0.000126 0.510194 -0.124334
v 0.000621 0.407483 -0.124955
v 0.000873 0.408471 -0.123987
v 0.000802 0.407773 -0.124271
v -0.000247 0.510479 -0.124955
v 0.000021 0.509496 -0.123987
v -0.000061 0.510192 -0.124271
v 0.000519 0.407482 -0.124935
v 0.000642 0.408469 -0.123942
v 0.000609 0.407772 -0.124233
v -0.000349 0.510479 -0.124935
v -0.000210 0.509494 -0.123942
v -0.000254 0.510191 -0.124233
v 0.000415 0.407481 -0.124928
v 0.000407 0.408467 -0.123926
v 0.000413 0.407770 -0.124220
v -0.000453 0.510478 -0.124928
v -0.000445 0.509492 -0.123926
v -0.000451 0.510189 -0.124220
v 0.000311 0.407480 -0.124935
v 0.000172 0.408465 -0.123942
v 0.000216 0.407769 -0.124233
v -0.000557 0.510477 -0.124935
v -0.000680 0.509490 -0.123942
v -0.000647 0.510187 -0.124233
v 0.000208 0.407480 -0.124955
v -0.000059 0.408464 -0.123987
v 0.000023 0.407767 -0.124271
v -0.000660 0.510476 -0.124955
v -0.000911 0.509488 -0.123987
v -0.000841 0.510186 -0.124271
v 0.000110 0.407479 -0.124989
v -0.000282 0.408462 -0.124063
v -0.000164 0.407765 -0.124334
v -0.000759 0.510475 -0.124989
v -0.001134 0.509486 -0.124063
v -0.001027 0.510184 -0.124334
v 0.000016 0.407478 -0.125035
v -0.000493 0.408460 -0.124167
v -0.000341 0.407764 -0.124421
v -0.000852 0.510474 -0.125035
v -0.001345 0.509484 -0.124167
v -0.001204 0.510183 -0.124421
v -0.000071 0.407477 -0.125093
v -0.000689 0.408458 -0.124298
v -0.000505 0.407762 -0.124531
v -0.000939 0.510474 -0.125093
v -0.001541 0.509482 -0.124298
v -0.001368 0.510181 -0.124531
v -0.000149 0.407477 -0.125162
v -0.000866 0.408457 -0.124453
v -0.000653 0.407761 -0.124661
v -0.001017 0.510473 -0.125162
v -0.001718 0.509481 -0.124453
v -0.001516 0.510180 -0.124661
v -0.000218 0.407476 -0.125240
v -0.001021 0.408455 -0.124630
v -0.000783 0.407760 -0.124809
v -0.001086 0.510472 -0.125240
v -0.001873 0.509480 -0.124630
v -0.001646 0.510179 -0.124809
v -0.000276 0.407476 -0.125327
v -0.001152 0.408454 -0.124826
v -0.000892 0.407759 -0.124973
v -0.001144 0.510472 -0.125327
v -0.002004 0.509479 -0.124826
v -0.001755 0.510178 -0.124973
v -0.000322 0.407475 -0.125421
v -0.001256 0.408453 -0.125037
v -0.000979 0.407758 -0.125150
v -0.001190 0.510472 -0.125421
v -0.002108 0.509478 -0.125037
v -0.001843 0.510177 -0.125150
v -0.000356 0.407475 -0.125520
v -0.001332 0.408453 -0.125260
v -0.001043 0.407758 -0.125336
v -0.001224 0.510471 -0.125520
v -0.002184 0.509477 -0.125260
v -0.001906 0.510177 -0.125336
v -0.000376 0.407475 -0.125622
v -0.001378 0.408452 -0.125491
v -0.001081 0.407758 -0.125529
v -0.001244 0.510471 -0.125622
v -0.002229 0.509477 -0.125491
v -0.001944 0.510176 -0.125529
v -0.000383 0.407475 -0.125726
v -0.001393 0.408452 -0.125726
v -0.001094 0.407757 -0.125726
v -0.001251 0.510471 -0.125726
v -0.002245 0.509476 -0.125726
v -0.001957 0.510176 -0.125726
v -0.000376 0.407475 -0.125830
v -0.001378 0.408452 -0.125961
v -0.001081 0.407758 -0.125923
v -0.001244 0.510471 -0.125830
v -0.002229 0.509477 -0.125961
v -0.001944 0.510176 -0.125923
v -0.000356 0.407475 -0.125933
v -0.001332 0.408453 -0.126192
v -0.001043 0.407758 -0.126116
v -0.001224 0.510471 -0.125933
v -0.002184 0.509477 -0.126192
v -0.001906 0.510177 -0.126116
v -0.000322 0.407475 -0.126031
v -0.001256 0.408453 -0.126415
v -0.000979 0.407758 -0.126303
v -0.001190 0.510472 -0.126031
v -0.002108 0.509478 -0.126415
v -0.001843 0.510177 -0.126303
v -0.000276 0.407476 -0.126125
v -0.001152 0.408454 -0.126626
v -0.000892 0.407759 -0.126479
v -0.001144 0.510472 -0.126125
v -0.002004 0.509479 -0.126626
v -0.001755 0.510178 -0.126479
v -0.000218 0.407476 -0.126212
v -0.001021 0.408455 -0.126822
v -0.000783 0.407760 -0.126643
v -0.001086 0.510472 -0.126212
v -0.001873 0.509480 -0.126822
v -0.001646 0.510179 -0.126643
v -0.000149 0.407477 -0.126290
v -0.000866 0.408457 -0.126999
v -0.000653 0.407761 -0.126791
v -0.001017 0.510473 -0.126290
v -0.001718 0.509481 -0.126999
v -0.001516 0.510180 -0.126791
v -0.000071 0.407477 -0.126359
v -0.000689 0.408458 -0.127154
v -0.000505 0.407762 -0.126921
v -0.000939 0.510474 -0.126359
v -0.001541 0.509482 -0.127154
v -0.001368 0.510181 -0.126921
v 0.000016 0.407478 -0.126417
v -0.000493 0.408460 -0.127285
v -0.000341 0.407764 -0.127031
v -0.000852 0.510474 -0.126417
v -0.001345 0.509484 -0.127285
v -0.001204 0.510183 -0.127031
v 0.000110 0.407479 -0.126463
v -0.000282 0.408462 -0.127389
v -0.000164 0.407765 -0.127118
v -0.000759 0.510475 -0.126463
v -0.001134 0.509486 -0.127389
v -0.001027 0.510184 -0.127118
v 0.000208 0.407480 -0.126497
v -0.000059 0.408464 -0.127465
v 0.000023 0.407767 -0.127181
v -0.000660 0.510476 -0.126497
v -0.000911 0.509488 -0.127465
v -0.000841 0.510186 -0.127181
v 0.000311 0.407480 -0.126517
v 0.000172 0.408465 -0.127511
v 0.000216 0.407769 -0.127220
v -0.000557 0.510477 -0.126517
v -0.000680 0.509490 -0.127511
v -0.000647 0.510187 -0.127220
v 0.008079 0.388045 -0.062226
v 0.008087 0.387059 -0.061226
v 0.009087 0.387068 -0.062226
v 0.008082 0.387756 -0.061519
v 0.008660 0.387633 -0.061649
v 0.008794 0.387065 -0.061519
v 0.008789 0.387762 -0.062226
v 0.008231 0.370032 -0.061226
v 0.008239 0.369046 -0.062226
v 0.009231 0.370040 -0.062226
v 0.008237 0.369335 -0.061519
v 0.008813 0.369468 -0.061649
v 0.008944 0.369341 -0.062226
v 0.008938 0.370038 -0.061519
v 0.008079 0.388045 -0.135226
v 0.009087 0.387068 -0.135226
v 0.008087 0.387059 -0.136226
v 0.008789 0.387762 -0.135226
v 0.008660 0.387633 -0.135803
v 0.008794 0.387065 -0.135933
v 0.008082 0.387756 -0.135933
v 0.008239 0.369046 -0.135226
v 0.008231 0.370032 -0.136226
v 0.009231 0.370040 -0.135226
v 0.008237 0.369335 -0.135933
v 0.008813 0.369468 -0.135803
v 0.008938 0.370038 -0.135933
v 0.008944 0.369341 -0.135226
v -0.006920 0.387919 -0.062226
v -0.007912 0.386924 -0.062226
v -0.006912 0.386933 -0.061226
v -0.007625 0.387624 -0.062226
v -0.007494 0.387497 -0.061649
v -0.007619 0.386927 -0.061519
v -0.006918 0.387630 -0.061519
v -0.006760 0.368919 -0.062226
v -0.006769 0.369906 -0.061226
v -0.007769 0.369897 -0.062226
v -0.006763 0.369208 -0.061519
v -0.007341 0.369331 -0.061649
v -0.007476 0.369900 -0.061519
v -0.007470 0.369202 -0.062226
v -0.006920 0.387919 -0.135226
v -0.006912 0.386933 -0.136226
v -0.007912 0.386924 -0.135226
v -0.006918 0.387630 -0.135933
v -0.007494 0.387497 -0.135803
v -0.007619 0.386927 -0.135933
v -0.007625 0.387624 -0.135226
v -0.006760 0.368919 -0.135226
v -0.007769 0.369897 -0.135226
v -0.006769 0.369906 -0.136226
v -0.007470 0.369202 -0.135226
v -0.007341 0.369331 -0.135803
v -0.007476 0.369900 -0.135933
v -0.006763 0.369208 -0.135933
v 0.000584 0.387482 -0.128724
v 0.000575 0.388468 -0.129726
v 0.000581 0.387771 -0.129433
v 0.000415 0.407481 -0.128724
v 0.000423 0.406495 -0.129726
v 0.000417 0.407193 -0.129433
v 0.000975 0.387485 -0.128698
v 0.001097 0.388473 -0.129692
v 0.001065 0.387775 -0.129401
v 0.000806 0.407485 -0.128698
v 0.000945 0.406500 -0.129692
v 0.000901 0.407197 -0.129401
v 0.001359 0.387489 -0.128622
v 0.001610 0.388477 -0.129590
v 0.001540 0.387779 -0.129306
v 0.001191 0.407488 -0.128622
v 0.001459 0.406504 -0.129590
v 0.001377 0.407201 -0.129306
v 0.001731 0.387492 -0.128496
v 0.002106 0.388481 -0.129422
v 0.001999 0.387783 -0.129150
v 0.001562 0.407491 -0.128496
v 0.001954 0.406508 -0.129422
v 0.001836 0.407205 -0.129150
v 0.002082 0.387495 -0.128322
v 0.002575 0.388485 -0.129190
v 0.002434 0.387787 -0.128936
v 0.001914 0.407494 -0.128322
v 0.002423 0.406512 -0.129190
v 0.002271 0.407208 -0.128936
v 0.002408 0.387497 -0.128104
v 0.003010 0.388489 -0.128899
v 0.002837 0.387790 -0.128667
v 0.002240 0.407497 -0.128104
v 0.002858 0.406516 -0.128899
v 0.002674 0.407212 -0.128667
v 0.002703 0.387500 -0.127846
v 0.003404 0.388492 -0.128555
v 0.003202 0.387793 -0.128347
v 0.002535 0.407499 -0.127846
v 0.003252 0.406519 -0.128555
v 0.003038 0.407215 -0.128347
v 0.002962 0.387502 -0.127551
v 0.003749 0.388495 -0.128161
v 0.003522 0.387796 -0.127982
v 0.002793 0.407501 -0.127551
v 0.003597 0.406522 -0.128161
v 0.003358 0.407217 -0.127982
v 0.003180 0.387504 -0.127225
v 0.004039 0.388497 -0.127726
v 0.003791 0.387798 -0.127579
v 0.003011 0.407503 -0.127225
v 0.003887 0.406524 -0.127726
v 0.003627 0.407220 -0.127579
v 0.003353 0.387505 -0.126873
v 0.004271 0.388499 -0.127257
v 0.004005 0.387800 -0.127144
v 0.003185 0.407505 -0.126873
v 0.004119 0.406526 -0.127257
v 0.003842 0.407221 -0.127144
v 0.003479 0.387506 -0.126502
v 0.004439 0.388501 -0.126761
v 0.004161 0.387801 -0.126685
v 0.003311 0.407506 -0.126502
v 0.004287 0.406528 -0.126761
v 0.003997 0.407223 -0.126685
v 0.003556 0.387507 -0.126117
v 0.004541 0.388502 -0.126248
v 0.004256 0.387802 -0.126210
v 0.003387 0.407506 -0.126117
v 0.004389 0.406529 -0.126248
v 0.004092 0.407224 -0.126210
v 0.003581 0.387507 -0.125726
v 0.004575 0.388502 -0.125726
v 0.004287 0.387802 -0.125726
v 0.003413 0.407507 -0.125726
v 0.004423 0.406529 -0.125726
v 0.004124 0.407224 -0.125726
v 0.003556 0.387507 -0.125335
v 0.004541 0.388502 -0.125204
v 0.004256 0.387802 -0.125242
v 0.003387 0.407506 -0.125335
v 0.004389 0.406529 -0.125204
v 0.004092 0.407224 -0.125242
v 0.003479 0.387506 -0.124950
v 0.004439 0.388501 -0.124691
v 0.004161 0.387801 -0.124767
v 0.003311 0.407506 -0.124950
v 0.004287 0.406528 -0.124691
v 0.003997 0.407223 -0.124767
v 0.003353 0.387505 -0.124579
v 0.004271 0.388499 -0.124195
v 0.004005 0.387800 -0.124308
v 0.003185 0.407505 -0.124579
v 0.004119 0.406526 -0.124195
v 0.003842 0.407221 -0.124308
v 0.003180 0.387504 -0.124227
v 0.004039 0.388497 -0.123726
v 0.003791 0.387798 -0.123873
v 0.003011 0.407503 -0.124227
v 0.003887 0.406524 -0.123726
v 0.003627 0.407220 -0.123873
v 0.002962 0.387502 -0.123901
v 0.003749 0.388495 -0.123291
v 0.003522 0.387796 -0.123470
v 0.002793 0.407501 -0.123901
v 0.003597 0.406522 -0.123291
v 0.003358 0.407217 -0.123470
v 0.002703 0.387500 -0.123606
v 0.003404 0.388492 -0.122898
v 0.003202 0.387793 -0.123105
v 0.002535 0.407499 -0.123606
v 0.003252 0.406519 -0.122898
v 0.003038 0.407215 -0.123105
v 0.002408 0.387497 -0.123348
v 0.003010 0.388489 -0.122553
v 0.002837 0.387790 -0.122786
v 0.002240 0.407497 -0.123348
v 0.002858 0.406516 -0.122553
v 0.002674 0.407212 -0.122786
v 0.002082 0.387495 -0.123130
v 0.002575 0.388485 -0.122262
v 0.002434 0.387787 -0.122516
v 0.001914 0.407494 -0.123130
v 0.002423 0.406512 -0.122262
v 0.002271 0.407208 -0.122516
v 0.001731 0.387492 -0.122956
v 0.002106 0.388481 -0.122031
v 0.001999 0.387783 -0.122302
v 0.001562 0.407491 -0.122956
v 0.001954 0.406508 -0.122031
v 0.001836 0.407205 -0.122302
v 0.001359 0.387489 -0.122830
v 0.001610 0.388477 -0.121862
v 0.001540 0.387779 -0.122146
v 0.001191 0.407488 -0.122830
v 0.001459 0.406504 -0.121862
v 0.001377 0.407201 -0.122146
v 0.000975 0.387485 -0.122754
v 0.001097 0.388473 -0.121760
v 0.001065 0.387775 -0.122051
v 0.000806 0.407485 -0.122754
v 0.000945 0.406500 -0.121760
v 0.000901 0.407197 -0.122051
v 0.000584 0.387482 -0.122728
v 0.000575 0.388468 -0.121726
v 0.000581 0.387771 -0.122020
v 0.000415 0.407481 -0.122728
v 0.000423 0.406495 -0.121726
v 0.000417 0.407193 -0.122020
v 0.000192 0.387479 -0.122754
v 0.000053 0.388464 -0.121760
v 0.000097 0.387767 -0.122051
v 0.000024 0.407478 -0.122754
v -0.000099 0.406491 -0.121760
v -0.000066 0.407188 -0.122051
v -0.000192 0.387476 -0.122830
v -0.000460 0.388459 -0.121862
v -0.000378 0.387763 -0.122146
v -0.000361 0.407475 -0.122830
v -0.000612 0.406487 -0.121862
v -0.000542 0.407184 -0.122146
v -0.000564 0.387472 -0.122956
v -0.000955 0.388455 -0.122031
v -0.000837 0.387759 -0.122302
v -0.000732 0.407472 -0.122956
v -0.001107 0.406482 -0.122031
v -0.001001 0.407181 -0.122302
v -0.000915 0.387469 -0.123130
v -0.001425 0.388451 -0.122262
v -0.001272 0.387755 -0.122516
v -0.001084 0.407469 -0.123130
v -0.001577 0.406478 -0.122262
v -0.001436 0.407177 -0.122516
v -0.001241 0.387467 -0.123348
v -0.001860 0.388448 -0.122553
v -0.001675 0.387752 -0.122786
v -0.001410 0.407466 -0.123348
v -0.002012 0.406475 -0.122553
v -0.001839 0.407174 -0.122786
v -0.001536 0.387464 -0.123606
v -0.002253 0.388444 -0.122898
v -0.002040 0.387749 -0.123105
v -0.001705 0.407463 -0.123606
v -0.002405 0.406471 -0.122898
v -0.002203 0.407170 -0.123105
v -0.001795 0.387462 -0.123901
v -0.002598 0.388441 -0.123291
v -0.002359 0.387746 -0.123470
v -0.001963 0.407461 -0.123901
v -0.002750 0.406469 -0.123291
v -0.002523 0.407168 -0.123470
v -0.002013 0.387460 -0.124227
v -0.002889 0.388439 -0.123726
v -0.002629 0.387744 -0.123873
v -0.002181 0.407459 -0.124227
v -0.003041 0.406466 -0.123726
v -0.002792 0.407165 -0.123873
v -0.002186 0.387459 -0.124579
v -0.003120 0.388437 -0.124195
v -0.002843 0.387742 -0.124308
v -0.002355 0.407458 -0.124579
v -0.003272 0.406464 -0.124195
v -0.003007 0.407164 -0.124308
v -0.002312 0.387458 -0.124950
v -0.003288 0.388436 -0.124691
v -0.002999 0.387741 -0.124767
v -0.002481 0.407457 -0.124950
v -0.003440 0.406463 -0.124691
v -0.003163 0.407162 -0.124767
v -0.002389 0.387457 -0.125335
v -0.003390 0.388435 -0.125204
v -0.003094 0.387740 -0.125242
v -0.002557 0.407456 -0.125335
v -0.003542 0.406462 -0.125204
v -0.003257 0.407162 -0.125242
v -0.002414 0.387457 -0.125726
v -0.003425 0.388434 -0.125726
v -0.003125 0.387740 -0.125726
v -0.002583 0.407456 -0.125726
v -0.003577 0.406462 -0.125726
v -0.003289 0.407161 -0.125726
v -0.002389 0.387457 -0.126117
v -0.003390 0.388435 -0.126248
v -0.003094 0.387740 -0.126210
v -0.002557 0.407456 -0.126117
v -0.003542 0.406462 -0.126248
v -0.003257 0.407162 -0.126210
v -0.002312 0.387458 -0.126502
v -0.003288 0.388436 -0.126761
v -0.002999 0.387741 -0.126685
v -0.002481 0.407457 -0.126502
v -0.003440 0.406463 -0.126761
v -0.003163 0.407162 -0.126685
v -0.002186 0.387459 -0.126873
v -0.003120 0.388437 -0.127257
v -0.002843 0.387742 -0.127144
v -0.002355 0.407458 -0.126873
v -0.003272 0.406464 -0.127257
v -0.003007 0.407164 -0.127144
v -0.002013 0.387460 -0.127225
v -0.002889 0.388439 -0.127726
v -0.002629 0.387744 -0.127579
v -0.002181 0.407459 -0.127225
v -0.003041 0.406466 -0.127726
v -0.002792 0.407165 -0.127579
v -0.001795 0.387462 -0.127551
v -0.002598 0.388441 -0.128161
v -0.002359 0.387746 -0.127982
v -0.001963 0.407461 -0.127551
v -0.002750 0.406469 -0.128161
v -0.002523 0.407168 -0.127982
v -0.001536 0.387464 -0.127846
v -0.002253 0.388444 -0.128555
v -0.002040 0.387749 -0.128347
v -0.001705 0.407463 -0.127846
v -0.002405 0.406471 -0.128555
v -0.002203 0.407170 -0.128347
v -0.001241 0.387467 -0.128104
v -0.001860 0.388448 -0.128899
v -0.001675 0.387752 -0.128667
v -0.001410 0.407466 -0.128104
v -0.002012 0.406475 -0.128899
v -0.001839 0.407174 -0.128667
v -0.000915 0.387469 -0.128322
v -0.001425 0.388451 -0.129190
v -0.001272 0.387755 -0.128936
v -0.001084 0.407469 -0.128322
v -0.001577 0.406478 -0.129190
v -0.001436 0.407177 -0.128936
v -0.000564 0.387472 -0.128496
v -0.000955 0.388455 -0.129422
v -0.000837 0.387759 -0.129150
v -0.000732 0.407472 -0.128496
v -0.001107 0.406482 -0.129422
v -0.001001 0.407181 -0.129150
v -0.000192 0.387476 -0.128622
v -0.000460 0.388459 -0.129590
v -0.000378 0.387763 -0.129306
v -0.000361 0.407475 -0.128622
v -0.000612 0.406487 -0.129590
v -0.000542 0.407184 -0.129306
v 0.000192 0.387479 -0.128698
v 0.000053 0.388464 -0.129692
v 0.000097 0.387767 -0.129401
v 0.000024 0.407478 -0.128698
v -0.000099 0.406491 -0.129692
v -0.000066 0.407188 -0.129401
v -0.028712 0.388500 -0.059266
v -0.028712 0.389486 -0.058266
v -0.029712 0.389486 -0.059266
v -0.028712 0.388789 -0.058559
v -0.029289 0.388917 -0.058689
v -0.029419 0.389486 -0.058559
v -0.029419 0.388789 -0.059266
v -0.028712 0.391514 -0.058266
v -0.028712 0.392500 -0.059266
v -0.029712 0.391514 -0.059266
v -0.028712 0.392211 -0.058559
v -0.029289 0.392083 -0.058689
v -0.029419 0.392211 -0.059266
v -0.029419 0.391514 -0.058559
v -0.028712 0.388500 -0.100266
v -0.029712 0.389486 -0.100266
v -0.028712 0.389486 -0.101266
v -0.029419 0.388789 -0.100266
v -0.029289 0.388917 -0.100844
v -0.029419 0.389486 -0.100973
v -0.028712 0.388789 -0.100973
v -0.028712 0.392500 -0.100266
v -0.028712 0.391514 -0.101266
v -0.029712 0.391514 -0.100266
v -0.028712 0.392211 -0.100973
v -0.029289 0.392083 -0.100844
v -0.029419 0.391514 -0.100973
v -0.029419 0.392211 -0.100266
v 0.016288 0.388500 -0.059266
v 0.017288 0.389486 -0.059266
v 0.016288 0.389486 -0.058266
v 0.016995 0.388789 -0.059266
v 0.016866 0.388917 -0.058689
v 0.016995 0.389486 -0.058559
v 0.016288 0.388789 -0.058559
v 0.016288 0.392500 -0.059266
v 0.016288 0.391514 -0.058266
v 0.017288 0.391514 -0.059266
v 0.016288 0.392211 -0.058559
v 0.016866 0.392083 -0.058689
v 0.016995 0.391514 -0.058559
v 0.016995 0.392211 -0.059266
v 0.016288 0.388500 -0.100266
v 0.016288 0.389486 -0.101266
v 0.017288 0.389486 -0.100266
v 0.016288 0.388789 -0.100973
v 0.016866 0.388917 -0.100844
v 0.016995 0.389486 -0.100973
v 0.016995 0.388789 -0.100266
v 0.016288 0.392500 -0.100266
v 0.017288 0.391514 -0.100266
v 0.016288 0.391514 -0.101266
v 0.016995 0.392211 -0.100266
v 0.016866 0.392083 -0.100844
v 0.016995 0.391514 -0.100973
v 0.016288 0.392211 -0.100973
vn -0.1305 -0.0038 -0.9914
vn -0.1305 0.0016 -0.9914
vn -0.0000 0.0027 -1.0000
vn -0.0000 -0.0027 -1.0000
vn 0.2588 -0.0005 -0.9659
vn 0.2588 0.0049 -0.9659
vn 0.3826 0.0059 -0.9239
vn 0.3827 0.0005 -0.9239
vn 0.5000 0.0069 -0.8660
vn 0.5000 0.0015 -0.8660
vn 0.6087 0.0078 -0.7934
vn 0.6088 0.0025 -0.7934
vn 0.7071 0.0086 -0.7071
vn 0.7071 0.0033 -0.7071
vn 0.7933 0.0094 -0.6088
vn 0.7933 0.0040 -0.6088
vn 0.8660 0.0100 -0.5000
vn 0.8660 0.0046 -0.5000
vn 0.9238 0.0105 -0.3827
vn 0.9239 0.0051 -0.3827
vn 0.9659 0.0108 -0.2588
vn 0.9659 0.0055 -0.2588
vn 0.9914 0.0110 -0.1305
vn 0.9914 0.0057 -0.1305
vn 0.9999 0.0111 -0.0000
vn 1.0000 0.0057 -0.0000
vn 0.9914 0.0110 0.1305
vn 0.9914 0.0057 0.1305
vn 0.9659 0.0108 0.2588
vn 0.9659 0.0055 0.2588
vn 0.9238 0.0105 0.3827
vn 0.9239 0.0051 0.3827
vn 0.8660 0.0100 0.5000
vn 0.8660 0.0046 0.5000
vn 0.7933 0.0094 0.6088
vn 0.7933 0.0040 0.6088
vn 0.7071 0.0086 0.7071
vn 0.7071 0.0033 0.7071
vn 0.6087 0.0078 0.7934
vn 0.6088 0.0025 0.7933
vn 0.5000 0.0069 0.8660
vn 0.5000 0.0015 0.8660
vn 0.3826 0.0059 0.9239
vn 0.3827 0.0005 0.9239
vn 0.2588 0.0049 0.9659
vn 0.2588 -0.0005 0.9659
vn 0.1305 0.0038 0.9914
vn 0.1305 -0.0016 0.9914
vn -0.0000 0.0027 1.0000
vn -0.0000 -0.0027 1.0000
vn -0.1305 0.0016 0.9914
vn -0.1305 -0.0038 0.9914
vn -0.2588 0.0005 0.9659
vn -0.2588 -0.0049 0.9659
vn -0.3827 -0.0005 0.9239
vn -0.3826 -0.0059 0.9239
vn -0.5000 -0.0015 0.8660
vn -0.5000 -0.0069 0.8660
vn -0.6088 -0.0025 0.7934
vn -0.6087 -0.0078 0.7934
vn -0.7071 -0.0033 0.7071
vn -0.7071 -0.0086 0.7071
vn -0.7933 -0.0040 0.6088
vn -0.7933 -0.0094 0.6088
vn -0.8660 -0.0046 0.5000
vn -0.8660 -0.0100 0.5000
vn -0.9239 -0.0051 0.3827
vn -0.9238 -0.0105 0.3827
vn -0.9659 -0.0055 0.2588
vn -0.9659 -0.0108 0.2588
vn -0.9914 -0.0057 0.1305
vn -0.9914 -0.0110 0.1305
vn -1.0000 -0.0057 -0.0000
vn -0.9999 -0.0111 -0.0000
vn -0.9914 -0.0057 -0.1305
vn -0.9914 -0.0110 -0.1305
vn -0.9659 -0.0055 -0.2588
vn -0.9659 -0.0108 -0.2588
vn -0.9239 -0.0051 -0.3827
vn -0.9238 -0.0105 -0.3827
vn -0.8660 -0.0046 -0.5000
vn -0.8660 -0.0100 -0.5000
vn -0.7933 -0.0040 -0.6088
vn -0.7933 -0.0094 -0.6088
vn -0.7071 -0.0033 -0.7071
vn -0.7071 -0.0086 -0.7071
vn -0.6088 -0.0025 -0.7934
vn -0.6087 -0.0078 -0.7933
vn -0.5000 -0.0015 -0.8660
vn -0.5000 -0.0069 -0.8660
vn -0.3827 -0.0005 -0.9239
vn -0.3826 -0.0059 -0.9239
vn -0.2588 0.0005 -0.9659
vn -0.2588 -0.0049 -0.9659
vn 0.1305 -0.0016 -0.9914
vn 0.1305 0.0038 -0.9914
vn 0.0099 0.9999 -0.0039
vn -0.0268 0.9996 -0.0039
vn -0.0267 0.9996 0.0039
vn 0.0099 0.9999 0.0039
vn -0.0033 0.9992 -0.0390
vn -0.0084 0.9992 -0.0394
vn -0.0135 0.9991 -0.0390
vn -0.0186 0.9991 -0.0380
vn -0.0235 0.9991 -0.0364
vn -0.0281 0.9990 -0.0341
vn -0.0324 0.9990 -0.0312
vn -0.0362 0.9990 -0.0278
vn -0.0396 0.9989 -0.0240
vn -0.0425 0.9989 -0.0197
vn -0.0448 0.9989 -0.0151
vn -0.0464 0.9989 -0.0102
vn -0.0474 0.9989 -0.0052
vn -0.0478 0.9989 -0.0000
vn -0.0474 0.9989 0.0051
vn -0.0464 0.9989 0.0102
vn -0.0448 0.9989 0.0150
vn -0.0425 0.9989 0.0197
vn -0.0397 0.9989 0.0239
vn -0.0363 0.9990 0.0278
vn -0.0324 0.9990 0.0312
vn -0.0281 0.9990 0.0341
vn -0.0235 0.9991 0.0363
vn -0.0186 0.9991 0.0380
vn -0.0136 0.9991 0.0390
vn -0.0084 0.9992 0.0394
vn -0.0033 0.9992 0.0390
vn 0.0018 0.9993 0.0380
vn 0.0066 0.9993 0.0364
vn 0.0112 0.9994 0.0341
vn 0.0155 0.9994 0.0312
vn 0.0194 0.9994 0.0278
vn 0.0228 0.9995 0.0240
vn 0.0256 0.9995 0.0197
vn 0.0279 0.9995 0.0151
vn 0.0296 0.9995 0.0102
vn 0.0306 0.9995 0.0052
vn 0.0309 0.9995 -0.0000
vn 0.0306 0.9995 -0.0051
vn 0.0296 0.9995 -0.0102
vn 0.0279 0.9995 -0.0150
vn 0.0257 0.9995 -0.0197
vn 0.0228 0.9995 -0.0239
vn 0.0194 0.9994 -0.0278
vn 0.0155 0.9994 -0.0312
vn 0.0113 0.9994 -0.0341
vn 0.0067 0.9993 -0.0363
vn 0.0018 0.9993 -0.0380
vn -0.0186 0.0161 0.9997
vn -0.0183 -0.0165 0.9997
vn 0.0186 -0.0161 0.9997
vn 0.0183 0.0165 0.9997
vn -1.0000 0.0081 -0.0039
vn -0.9997 -0.0249 -0.0039
vn -0.9997 -0.0249 0.0039
vn -1.0000 0.0081 0.0039
vn 0.0084 -0.9999 -0.0088
vn 0.0096 -0.9999 -0.0087
vn 0.0107 -0.9999 -0.0085
vn 0.0118 -0.9999 -0.0082
vn 0.0128 -0.9999 -0.0076
vn 0.0138 -0.9999 -0.0070
vn 0.0147 -0.9999 -0.0062
vn 0.0154 -0.9999 -0.0054
vn 0.0161 -0.9999 -0.0044
vn 0.0166 -0.9999 -0.0034
vn 0.0169 -0.9999 -0.0023
vn 0.0172 -0.9999 -0.0012
vn 0.0172 -0.9999 -0.0000
vn 0.0172 -0.9999 0.0011
vn 0.0170 -0.9999 0.0023
vn 0.0166 -0.9999 0.0034
vn 0.0161 -0.9999 0.0044
vn 0.0154 -0.9999 0.0054
vn 0.0147 -0.9999 0.0062
vn 0.0138 -0.9999 0.0070
vn 0.0129 -0.9999 0.0076
vn 0.0118 -0.9999 0.0081
vn 0.0107 -0.9999 0.0085
vn 0.0096 -0.9999 0.0087
vn 0.0084 -0.9999 0.0088
vn 0.0073 -0.9999 0.0087
vn 0.0062 -0.9999 0.0085
vn 0.0051 -1.0000 0.0082
vn 0.0040 -1.0000 0.0076
vn 0.0031 -1.0000 0.0070
vn 0.0022 -1.0000 0.0062
vn 0.0014 -1.0000 0.0054
vn 0.0008 -1.0000 0.0044
vn 0.0003 -1.0000 0.0034
vn -0.0001 -1.0000 0.0023
vn -0.0003 -1.0000 0.0012
vn -0.0004 -1.0000 -0.0000
vn -0.0003 -1.0000 -0.0011
vn -0.0001 -1.0000 -0.0023
vn 0.0003 -1.0000 -0.0034
vn 0.0008 -1.0000 -0.0044
vn 0.0014 -1.0000 -0.0054
vn 0.0022 -1.0000 -0.0062
vn 0.0030 -1.0000 -0.0070
vn 0.0040 -1.0000 -0.0076
vn 0.0050 -1.0000 -0.0081
vn 0.0061 -0.9999 -0.0085
vn 0.0073 -0.9999 -0.0087
vn -0.0099 -0.9999 -0.0039
vn 0.0267 -0.9996 -0.0039
vn 0.0267 -0.9996 0.0039
vn -0.0099 -0.9999 0.0039
vn 0.9997 0.0249 0.0039
vn 1.0000 -0.0081 0.0039
vn 1.0000 -0.0081 -0.0039
vn 0.9997 0.0249 -0.0039
vn 0.0183 0.0165 -0.9997
vn 0.0186 -0.0161 -0.9997
vn -0.0183 -0.0165 -0.9997
vn -0.0186 0.0161 -0.9997
vn -0.1304 -0.0163 -0.9913
vn -0.1306 0.0141 -0.9913
vn -0.0001 0.0152 -0.9999
vn 0.0001 -0.0152 -0.9999
vn 0.2589 -0.0130 -0.9658
vn 0.2587 0.0173 -0.9658
vn 0.3825 0.0184 -0.9238
vn 0.3828 -0.0119 -0.9238
vn 0.4998 0.0194 -0.8659
vn 0.5001 -0.0109 -0.8659
vn 0.6085 0.0203 -0.7933
vn 0.6088 -0.0100 -0.7933
vn 0.7069 0.0211 -0.7070
vn 0.7071 -0.0092 -0.7070
vn 0.7931 0.0218 -0.6087
vn 0.7934 -0.0085 -0.6087
vn 0.8658 0.0225 -0.4999
vn 0.8660 -0.0079 -0.4999
vn 0.9236 0.0229 -0.3826
vn 0.9239 -0.0074 -0.3826
vn 0.9657 0.0233 -0.2588
vn 0.9659 -0.0070 -0.2588
vn 0.9912 0.0235 -0.1305
vn 0.9914 -0.0068 -0.1305
vn 0.9997 0.0236 -0.0000
vn 1.0000 -0.0067 -0.0000
vn 0.9912 0.0235 0.1305
vn 0.9914 -0.0068 0.1305
vn 0.9657 0.0233 0.2588
vn 0.9659 -0.0070 0.2588
vn 0.9236 0.0229 0.3826
vn 0.9239 -0.0074 0.3826
vn 0.8658 0.0225 0.4999
vn 0.8660 -0.0079 0.4999
vn 0.7931 0.0218 0.6087
vn 0.7934 -0.0085 0.6087
vn 0.7069 0.0211 0.7070
vn 0.7071 -0.0092 0.7070
vn 0.6085 0.0203 0.7933
vn 0.6088 -0.0100 0.7933
vn 0.4998 0.0194 0.8659
vn 0.5001 -0.0109 0.8659
vn 0.3825 0.0184 0.9238
vn 0.3828 -0.0119 0.9238
vn 0.2587 0.0173 0.9658
vn 0.2589 -0.0130 0.9658
vn 0.1304 0.0163 0.9913
vn 0.1306 -0.0141 0.9913
vn -0.0001 0.0152 0.9999
vn 0.0001 -0.0152 0.9999
vn -0.1306 0.0141 0.9913
vn -0.1304 -0.0163 0.9913
vn -0.2589 0.0130 0.9658
vn -0.2587 -0.0173 0.9658
vn -0.3828 0.0119 0.9238
vn -0.3825 -0.0184 0.9238
vn -0.5001 0.0109 0.8659
vn -0.4998 -0.0194 0.8659
vn -0.6088 0.0100 0.7933
vn -0.6085 -0.0203 0.7933
vn -0.7071 0.0092 0.7070
vn -0.7069 -0.0211 0.7070
vn -0.7934 0.0085 0.6087
vn -0.7931 -0.0218 0.6087
vn -0.8660 0.0079 0.4999
vn -0.8658 -0.0225 0.4999
vn -0.9239 0.0074 0.3826
vn -0.9236 -0.0229 0.3826
vn -0.9659 0.0070 0.2588
vn -0.9657 -0.0233 0.2588
vn -0.9914 0.0068 0.1305
vn -0.9912 -0.0235 0.1305
vn -1.0000 0.0067 -0.0000
vn -0.9997 -0.0236 -0.0000
vn -0.9914 0.0068 -0.1305
vn -0.9912 -0.0235 -0.1305
vn -0.9659 0.0070 -0.2588
vn -0.9657 -0.0233 -0.2588
vn -0.9239 0.0074 -0.3826
vn -0.9236 -0.0229 -0.3826
vn -0.8660 0.0079 -0.4999
vn -0.8658 -0.0225 -0.4999
vn -0.7934 0.0085 -0.6087
vn -0.7931 -0.0218 -0.6087
vn -0.7071 0.0092 -0.7070
vn -0.7069 -0.0211 -0.7070
vn -0.6088 0.0100 -0.7933
vn -0.6085 -0.0203 -0.7933
vn -0.5001 0.0109 -0.8659
vn -0.4998 -0.0194 -0.8659
vn -0.3828 0.0119 -0.9238
vn -0.3825 -0.0184 -0.9238
vn -0.2589 0.0130 -0.9658
vn -0.2587 -0.0173 -0.9658
vn 0.1306 -0.0141 -0.9913
vn 0.1304 0.0163 -0.9913
vn -0.0063 -1.0000 -0.0069
vn 0.0063 -1.0000 -0.0069
vn 0.0063 -1.0000 0.0069
vn -0.0063 -1.0000 0.0069
vn -0.0073 0.9999 -0.0087
vn -0.0084 0.9999 -0.0088
vn -0.0096 0.9999 -0.0087
vn -0.0107 0.9999 -0.0085
vn -0.0118 0.9999 -0.0082
vn -0.0128 0.9999 -0.0076
vn -0.0138 0.9999 -0.0070
vn -0.0146 0.9999 -0.0062
vn -0.0154 0.9999 -0.0054
vn -0.0161 0.9999 -0.0044
vn -0.0166 0.9999 -0.0034
vn -0.0169 0.9999 -0.0023
vn -0.0172 0.9999 -0.0012
vn -0.0172 0.9999 -0.0000
vn -0.0172 0.9999 0.0011
vn -0.0170 0.9999 0.0023
vn -0.0166 0.9999 0.0034
vn -0.0161 0.9999 0.0044
vn -0.0154 0.9999 0.0054
vn -0.0147 0.9999 0.0062
vn -0.0138 0.9999 0.0070
vn -0.0129 0.9999 0.0076
vn -0.0118 0.9999 0.0081
vn -0.0107 0.9999 0.0085
vn -0.0096 0.9999 0.0087
vn -0.0084 0.9999 0.0088
vn -0.0073 0.9999 0.0087
vn -0.0062 0.9999 0.0085
vn -0.0051 1.0000 0.0082
vn -0.0040 1.0000 0.0076
vn -0.0031 1.0000 0.0070
vn -0.0022 1.0000 0.0062
vn -0.0014 1.0000 0.0054
vn -0.0008 1.0000 0.0044
vn -0.0003 1.0000 0.0034
vn 0.0001 1.0000 0.0023
vn 0.0003 1.0000 0.0012
vn 0.0004 1.0000 -0.0000
vn 0.0003 1.0000 -0.0011
vn 0.0001 1.0000 -0.0023
vn -0.0003 1.0000 -0.0034
vn -0.0008 1.0000 -0.0044
vn -0.0014 1.0000 -0.0054
vn -0.0022 1.0000 -0.0062
vn -0.0030 1.0000 -0.0070
vn -0.0040 1.0000 -0.0076
vn -0.0050 1.0000 -0.0081
vn -0.0061 0.9999 -0.0085
vn 0.0059 -0.1065 0.9943
vn 0.0059 0.1065 0.9943
vn -0.0059 0.1065 0.9943
vn -0.0059 -0.1065 0.9943
vn 0.9943 -0.1064 -0.0065
vn 0.9943 0.1064 -0.0065
vn 0.9943 0.1064 0.0065
vn 0.9943 -0.1064 0.0065
vn 0.0063 1.0000 -0.0069
vn -0.0063 1.0000 -0.0069
vn -0.0063 1.0000 0.0069
vn 0.0063 1.0000 0.0069
vn -0.9943 -0.1064 0.0065
vn -0.9943 0.1064 0.0065
vn -0.9943 0.1064 -0.0065
vn -0.9943 -0.1064 -0.0065
vn -0.0059 -0.1065 -0.9943
vn -0.0059 0.1065 -0.9943
vn 0.0059 0.1065 -0.9943
vn 0.0059 -0.1065 -0.9943
vn 0.0075 0.7120 0.7021
vn 0.5697 0.5876 0.5747
vn 0.6961 0.7179 0.0028
vn 0.7069 0.0180 0.7070
vn 0.5697 0.5875 0.5746
vn 0.0075 0.7121 0.7021
vn 0.5697 0.5876 0.5746
vn 0.7069 0.0180 0.7071
vn 0.0186 -0.0162 0.9997
vn 0.0195 -0.7119 0.7021
vn 0.5796 -0.5778 0.5746
vn 0.7071 -0.0060 0.7071
vn 0.0268 -0.9996 0.0038
vn 0.7081 -0.7061 0.0029
vn 0.5796 -0.5779 0.5746
vn 0.0195 -0.7118 0.7021
vn 0.7071 -0.0061 0.7071
vn 0.5795 -0.5778 0.5747
vn 0.7081 -0.7061 0.0028
vn 0.0099 0.9999 -0.0038
vn 0.6961 0.7179 -0.0029
vn 0.5697 0.5875 -0.5746
vn 0.0075 0.7120 -0.7021
vn 0.9997 0.0249 -0.0040
vn 0.7069 0.0180 -0.7071
vn 0.5697 0.5875 -0.5747
vn 0.6961 0.7179 -0.0028
vn 0.0075 0.7121 -0.7021
vn 0.5697 0.5876 -0.5746
vn 0.7069 0.0180 -0.7070
vn 0.0268 -0.9996 -0.0039
vn 0.0195 -0.7118 -0.7021
vn 0.5795 -0.5779 -0.5746
vn 0.7081 -0.7061 -0.0028
vn 0.0186 -0.0162 -0.9997
vn 0.7071 -0.0061 -0.7070
vn 0.5795 -0.5779 -0.5747
vn 1.0000 -0.0081 -0.0040
vn 0.7081 -0.7061 -0.0029
vn 0.7071 -0.0060 -0.7070
vn -0.0268 0.9996 0.0039
vn -0.7081 0.7061 0.0029
vn -0.5795 0.5779 0.5746
vn -0.0195 0.7118 0.7021
vn -0.7071 0.0061 0.7071
vn -0.5795 0.5778 0.5747
vn -0.7081 0.7061 0.0028
vn -0.0186 0.0162 0.9997
vn -0.0195 0.7119 0.7021
vn -0.5796 0.5778 0.5746
vn -0.7071 0.0060 0.7071
vn -0.0075 -0.7120 0.7021
vn -0.5697 -0.5876 0.5747
vn -0.6961 -0.7179 0.0028
vn -0.7069 -0.0180 0.7070
vn -0.5697 -0.5875 0.5746
vn -0.0075 -0.7121 0.7021
vn -0.5697 -0.5876 0.5746
vn -0.7069 -0.0180 0.7071
vn -0.0195 0.7118 -0.7021
vn -0.5795 0.5779 -0.5747
vn -0.7081 0.7061 -0.0028
vn -0.0186 0.0162 -0.9997
vn -0.7072 0.0061 -0.7070
vn -0.5795 0.5779 -0.5746
vn -0.7081 0.7061 -0.0029
vn -0.7071 0.0061 -0.7071
vn -0.6961 -0.7179 -0.0028
vn -0.5697 -0.5876 -0.5746
vn -0.0075 -0.7121 -0.7021
vn -0.9997 -0.0249 -0.0040
vn -0.7069 -0.0180 -0.7071
vn -0.5697 -0.5875 -0.5747
vn -0.7069 -0.0180 -0.7070
vn -0.0046 -0.7120 0.7022
vn -0.5746 -0.5827 0.5746
vn -0.7021 -0.7120 0.0050
vn -0.7048 -0.0817 0.7047
vn -0.0046 -0.7120 0.7021
vn -0.9943 -0.1065 0.0065
vn -0.7021 -0.7120 0.0051
vn -0.5747 -0.5827 0.5746
vn -0.0060 0.1065 0.9943
vn -0.0046 0.7120 0.7021
vn -0.5746 0.5827 0.5747
vn -0.7047 0.0817 0.7048
vn -0.7021 0.7120 0.0050
vn -0.5746 0.5827 0.5746
vn -0.9943 0.1065 0.0065
vn -0.7047 0.0817 0.7047
vn -0.5747 0.5827 0.5746
vn -0.7022 -0.7120 -0.0051
vn -0.5746 -0.5828 -0.5746
vn -0.0046 -0.7120 -0.7022
vn -0.7047 -0.0817 -0.7048
vn -0.5747 -0.5827 -0.5746
vn -0.7021 -0.7120 -0.0051
vn -0.0060 -0.1065 -0.9943
vn -0.0046 -0.7120 -0.7021
vn -0.5746 -0.5827 -0.5747
vn -0.7047 -0.0817 -0.7047
vn -0.0046 0.7120 -0.7021
vn -0.5746 0.5828 -0.5746
vn -0.7021 0.7121 -0.0050
vn -0.0060 0.1065 -0.9943
vn -0.7047 0.0817 -0.7047
vn -0.5746 0.5827 -0.5747
vn -0.9943 0.1065 -0.0065
vn -0.7021 0.7120 -0.0050
vn -0.5747 0.5827 -0.5746
vn -0.7047 0.0817 -0.7048
vn 0.7021 -0.7120 0.0050
vn 0.5746 -0.5827 0.5746
vn 0.0046 -0.7120 0.7021
vn 0.9943 -0.1065 0.0065
vn 0.7047 -0.0817 0.7047
vn 0.5747 -0.5827 0.5746
vn 0.7022 -0.7120 0.0050
vn 0.0060 -0.1065 0.9943
vn 0.5746 -0.5827 0.5747
vn 0.7047 -0.0817 0.7048
vn 0.0046 0.7120 0.7022
vn 0.5746 0.5827 0.5747
vn 0.7021 0.7120 0.0050
vn 0.7048 0.0817 0.7047
vn 0.5746 0.5827 0.5746
vn 0.0046 0.7120 0.7021
vn 0.9943 0.1065 0.0065
vn 0.7021 0.7120 0.0051
vn 0.5747 0.5827 0.5746
vn 0.7047 0.0817 0.7047
vn 0.0046 -0.7120 -0.7021
vn 0.5746 -0.5827 -0.5747
vn 0.7021 -0.7120 -0.0050
vn 0.7047 -0.0817 -0.7047
vn 0.5747 -0.5827 -0.5746
vn 0.9943 -0.1065 -0.0065
vn 0.7047 -0.0817 -0.7048
vn 0.7022 0.7120 -0.0051
vn 0.5746 0.5828 -0.5747
vn 0.0046 0.7120 -0.7022
vn 0.7047 0.0817 -0.7048
vn 0.5747 0.5827 -0.5746
vn 0.7021 0.7120 -0.0050
vn 0.0046 0.7120 -0.7021
vn 0.5746 0.5827 -0.5746
vn 0.0985 -0.7039 -0.7034
vn 0.0059 -0.7047 -0.7095
vn 0.0136 -0.9991 -0.0390
vn 0.0084 -0.9992 -0.0394
vn -0.0059 0.7047 -0.7095
vn 0.0867 0.7055 -0.7034
vn 0.1896 -0.7032 -0.6853
vn 0.0186 -0.9991 -0.0380
vn 0.1777 0.7063 -0.6853
vn 0.2774 -0.7024 -0.6555
vn 0.0235 -0.9991 -0.0363
vn 0.2656 0.7070 -0.6555
vn 0.3607 -0.7017 -0.6144
vn 0.0281 -0.9990 -0.0341
vn 0.3488 0.7077 -0.6144
vn 0.4378 -0.7011 -0.5629
vn 0.0324 -0.9990 -0.0312
vn 0.4259 0.7084 -0.5629
vn 0.5076 -0.7005 -0.5017
vn 0.0363 -0.9990 -0.0278
vn 0.4957 0.7089 -0.5017
vn 0.5688 -0.7000 -0.4319
vn 0.0396 -0.9989 -0.0239
vn 0.5569 0.7095 -0.4319
vn 0.6203 -0.6995 -0.3547
vn 0.0425 -0.9989 -0.0197
vn 0.6084 0.7099 -0.3547
vn 0.6614 -0.6992 -0.2715
vn 0.0448 -0.9989 -0.0150
vn 0.6495 0.7102 -0.2715
vn 0.6912 -0.6989 -0.1836
vn 0.0464 -0.9989 -0.0102
vn 0.6793 0.7105 -0.1836
vn 0.7093 -0.6988 -0.0926
vn 0.0474 -0.9989 -0.0051
vn 0.6974 0.7106 -0.0926
vn 0.7154 -0.6987 -0.0000
vn 0.0478 -0.9989 -0.0000
vn 0.7035 0.7107 -0.0000
vn 0.7093 -0.6988 0.0926
vn 0.0474 -0.9989 0.0052
vn 0.6974 0.7106 0.0926
vn 0.6912 -0.6989 0.1836
vn 0.0464 -0.9989 0.0102
vn 0.6793 0.7105 0.1836
vn 0.6614 -0.6992 0.2715
vn 0.0448 -0.9989 0.0151
vn 0.6495 0.7102 0.2715
vn 0.6203 -0.6995 0.3547
vn 0.0425 -0.9989 0.0197
vn 0.6084 0.7099 0.3547
vn 0.5688 -0.7000 0.4319
vn 0.0396 -0.9989 0.0240
vn 0.5569 0.7095 0.4319
vn 0.5076 -0.7005 0.5017
vn 0.0362 -0.9990 0.0278
vn 0.4957 0.7089 0.5017
vn 0.4378 -0.7011 0.5629
vn 0.0324 -0.9990 0.0312
vn 0.4259 0.7084 0.5629
vn 0.3607 -0.7017 0.6144
vn 0.0281 -0.9990 0.0341
vn 0.3488 0.7077 0.6144
vn 0.2774 -0.7024 0.6555
vn 0.0235 -0.9991 0.0364
vn 0.2655 0.7070 0.6555
vn 0.1896 -0.7032 0.6853
vn 0.0186 -0.9991 0.0380
vn 0.1777 0.7063 0.6853
vn 0.0985 -0.7039 0.7034
vn 0.0135 -0.9991 0.0390
vn 0.0867 0.7055 0.7034
vn 0.0059 -0.7047 0.7095
vn 0.0084 -0.9992 0.0394
vn -0.0059 0.7047 0.7095
vn -0.0867 -0.7055 0.7034
vn 0.0033 -0.9992 0.0390
vn -0.0985 0.7039 0.7034
vn -0.1777 -0.7063 0.6853
vn -0.0018 -0.9993 0.0380
vn -0.1896 0.7032 0.6853
vn -0.2655 -0.7070 0.6555
vn -0.0067 -0.9993 0.0363
vn -0.2774 0.7024 0.6555
vn -0.3488 -0.7077 0.6144
vn -0.0113 -0.9994 0.0341
vn -0.3607 0.7017 0.6144
vn -0.4259 -0.7084 0.5629
vn -0.0155 -0.9994 0.0312
vn -0.4378 0.7011 0.5629
vn -0.4957 -0.7089 0.5017
vn -0.0194 -0.9994 0.0278
vn -0.5076 0.7005 0.5017
vn -0.5569 -0.7095 0.4319
vn -0.0228 -0.9995 0.0239
vn -0.5688 0.7000 0.4319
vn -0.6084 -0.7099 0.3547
vn -0.0257 -0.9995 0.0197
vn -0.6203 0.6995 0.3547
vn -0.6495 -0.7102 0.2715
vn -0.0279 -0.9995 0.0150
vn -0.6614 0.6992 0.2715
vn -0.6793 -0.7105 0.1836
vn -0.0296 -0.9995 0.0102
vn -0.6912 0.6989 0.1836
vn -0.6974 -0.7106 0.0926
vn -0.0306 -0.9995 0.0051
vn -0.7093 0.6988 0.0926
vn -0.7035 -0.7107 -0.0000
vn -0.0309 -0.9995 -0.0000
vn -0.7154 0.6987 -0.0000
vn -0.6974 -0.7106 -0.0926
vn -0.0306 -0.9995 -0.0052
vn -0.7093 0.6988 -0.0926
vn -0.6793 -0.7105 -0.1836
vn -0.0296 -0.9995 -0.0102
vn -0.6912 0.6989 -0.1836
vn -0.6495 -0.7102 -0.2715
vn -0.0279 -0.9995 -0.0151
vn -0.6614 0.6992 -0.2715
vn -0.6084 -0.7099 -0.3547
vn -0.0256 -0.9995 -0.0197
vn -0.6203 0.6995 -0.3547
vn -0.5569 -0.7095 -0.4319
vn -0.0228 -0.9995 -0.0240
vn -0.5688 0.7000 -0.4319
vn -0.4957 -0.7089 -0.5017
vn -0.0194 -0.9994 -0.0278
vn -0.5076 0.7005 -0.5017
vn -0.4259 -0.7084 -0.5629
vn -0.0155 -0.9994 -0.0312
vn -0.4378 0.7011 -0.5629
vn -0.3488 -0.7077 -0.6144
vn -0.0112 -0.9994 -0.0341
vn -0.3607 0.7017 -0.6144
vn -0.2656 -0.7070 -0.6555
vn -0.0066 -0.9993 -0.0364
vn -0.2774 0.7024 -0.6555
vn -0.1777 -0.7063 -0.6853
vn -0.0018 -0.9993 -0.0380
vn -0.1896 0.7032 -0.6853
vn -0.0867 -0.7055 -0.7034
vn 0.0033 -0.9992 -0.0390
vn -0.0985 0.7039 -0.7034
vn 0.7069 0.0179 0.7070
vn 0.7071 -0.0061 0.7070
vn 1.0000 -0.0080 0.0040
vn 0.9997 0.0249 0.0040
vn 0.0268 -0.9996 0.0039
vn 0.7082 -0.7061 0.0028
vn 0.7082 -0.7061 -0.0028
vn 0.7069 0.0179 -0.7071
vn 0.7071 -0.0061 -0.7071
vn 1.0000 -0.0080 -0.0040
vn -0.0075 -0.7120 -0.7021
vn -1.0000 0.0080 -0.0040
vn -0.7071 0.0060 -0.7070
vn -0.7069 -0.0179 -0.7071
vn -0.6961 -0.7180 0.0028
vn -0.6961 -0.7180 -0.0028
vn -0.9997 -0.0250 0.0039
vn -0.9997 -0.0250 -0.0039
vn -0.7069 -0.0179 0.7070
vn -0.7071 0.0061 0.7070
vn -1.0000 0.0080 0.0039
vn 0.1000 -0.6915 -0.7154
vn 0.0058 -0.6923 -0.7216
vn -0.0058 0.6923 -0.7216
vn 0.0884 0.6931 -0.7154
vn 0.1926 -0.6907 -0.6970
vn 0.1809 0.6939 -0.6970
vn 0.2820 -0.6900 -0.6667
vn 0.2703 0.6946 -0.6667
vn 0.3666 -0.6892 -0.6249
vn 0.3550 0.6953 -0.6249
vn 0.4451 -0.6886 -0.5725
vn 0.4334 0.6960 -0.5725
vn 0.5161 -0.6880 -0.5103
vn 0.5044 0.6966 -0.5103
vn 0.5783 -0.6875 -0.4393
vn 0.5666 0.6971 -0.4393
vn 0.6307 -0.6870 -0.3608
vn 0.6191 0.6975 -0.3608
vn 0.6725 -0.6867 -0.2761
vn 0.6608 0.6979 -0.2761
vn 0.7028 -0.6864 -0.1868
vn 0.6912 0.6982 -0.1868
vn 0.7212 -0.6862 -0.0942
vn 0.7096 0.6983 -0.0942
vn 0.7274 -0.6862 -0.0000
vn 0.7157 0.6984 -0.0000
vn 0.7212 -0.6862 0.0942
vn 0.7096 0.6983 0.0942
vn 0.7028 -0.6864 0.1868
vn 0.6912 0.6982 0.1868
vn 0.6725 -0.6867 0.2761
vn 0.6608 0.6979 0.2761
vn 0.6307 -0.6870 0.3608
vn 0.6191 0.6975 0.3608
vn 0.5783 -0.6875 0.4393
vn 0.5666 0.6971 0.4393
vn 0.5161 -0.6880 0.5103
vn 0.5044 0.6966 0.5103
vn 0.4451 -0.6886 0.5725
vn 0.4334 0.6960 0.5725
vn 0.3666 -0.6892 0.6249
vn 0.3550 0.6953 0.6249
vn 0.2820 -0.6900 0.6667
vn 0.2703 0.6946 0.6667
vn 0.1926 -0.6907 0.6970
vn 0.1809 0.6939 0.6970
vn 0.1000 -0.6915 0.7154
vn 0.0884 0.6931 0.7154
vn 0.0058 -0.6923 0.7216
vn -0.0058 0.6923 0.7216
vn -0.0884 -0.6931 0.7154
vn -0.1000 0.6915 0.7154
vn -0.1809 -0.6939 0.6970
vn -0.1926 0.6907 0.6970
vn -0.2703 -0.6946 0.6667
vn -0.2820 0.6900 0.6667
vn -0.3550 -0.6953 0.6249
vn -0.3666 0.6892 0.6249
vn -0.4334 -0.6960 0.5725
vn -0.4451 0.6886 0.5725
vn -0.5044 -0.6966 0.5103
vn -0.5161 0.6880 0.5103
vn -0.5666 -0.6971 0.4393
vn -0.5783 0.6875 0.4393
vn -0.6191 -0.6975 0.3608
vn -0.6307 0.6870 0.3608
vn -0.6608 -0.6979 0.2761
vn -0.6725 0.6867 0.2761
vn -0.6912 -0.6982 0.1868
vn -0.7028 0.6864 0.1868
vn -0.7096 -0.6983 0.0942
vn -0.7212 0.6863 0.0942
vn -0.7157 -0.6984 -0.0000
vn -0.7274 0.6862 -0.0000
vn -0.7096 -0.6983 -0.0942
vn -0.7212 0.6863 -0.0942
vn -0.6912 -0.6982 -0.1868
vn -0.7028 0.6864 -0.1868
vn -0.6608 -0.6979 -0.2761
vn -0.6725 0.6867 -0.2761
vn -0.6191 -0.6975 -0.3608
vn -0.6307 0.6870 -0.3608
vn -0.5666 -0.6971 -0.4393
vn -0.5783 0.6875 -0.4393
vn -0.5044 -0.6966 -0.5103
vn -0.5161 0.6880 -0.5103
vn -0.4334 -0.6960 -0.5725
vn -0.4451 0.6886 -0.5725
vn -0.3550 -0.6953 -0.6249
vn -0.3666 0.6892 -0.6249
vn -0.2703 -0.6946 -0.6667
vn -0.2820 0.6900 -0.6667
vn -0.1809 -0.6939 -0.6970
vn -0.1926 0.6907 -0.6970
vn -0.0884 -0.6931 -0.7154
vn -0.1000 0.6915 -0.7154
vn -0.7022 -0.7120 0.0051
vn -0.9943 -0.1065 -0.0065
vn -0.7047 -0.0817 0.7048
vn -0.7048 0.0817 0.7047
vn -0.7021 0.7120 -0.0051
vn -0.7021 0.7120 0.0051
vn -0.7048 0.0817 -0.7047
vn -0.7048 -0.0817 -0.7047
vn 0.0046 -0.7120 -0.7022
vn 0.9943 0.1065 -0.0065
vn 0.7048 0.0817 -0.7047
vn 0.7047 0.0817 -0.7047
vn 0.0060 -0.1065 -0.9943
vn 0.0060 0.1065 -0.9943
vn 0.7021 -0.7120 -0.0051
vn 0.7021 -0.7120 0.0051
vn 0.7021 0.7120 -0.0051
vn 0.7022 0.7120 0.0051
vn 0.0060 0.1065 0.9943
vn 0.7048 -0.0817 0.7047
vn -0.0063 -1.0000 0.0070
vn 0.0063 -1.0000 0.0070
vn 0.0046 -0.7121 0.7021
vn -0.0046 -0.7121 0.7021
vn 0.0046 -0.7120 0.7022
vt 0.020834 0.504787
vt 0.020834 0.995213
vt 0.000000 0.995213
vt 0.000000 0.504787
vt 0.958333 0.504787
vt 0.958333 0.995213
vt 0.937500 0.995213
vt 0.937500 0.504787
vt 0.937500 0.504787
vt 0.916667 0.995213
vt 0.916667 0.504787
vt 0.916667 0.504787
vt 0.916667 0.995213
vt 0.895833 0.995213
vt 0.895833 0.504787
vt 0.895833 0.504787
vt 0.875000 0.995213
vt 0.875000 0.504787
vt 0.875000 0.504787
vt 0.854167 0.995213
vt 0.854167 0.504787
vt 0.854167 0.504787
vt 0.833333 0.995213
vt 0.833333 0.504787
vt 0.833333 0.504787
vt 0.833333 0.995213
vt 0.812500 0.995213
vt 0.812500 0.504787
vt 0.812500 0.504787
vt 0.791667 0.995213
vt 0.791667 0.504787
vt 0.791667 0.504787
vt 0.770833 0.995213
vt 0.770834 0.504787
vt 0.770833 0.504787
vt 0.770834 0.995213
vt 0.750000 0.995213
vt 0.750000 0.504787
vt 0.750000 0.504787
vt 0.729167 0.995213
vt 0.729167 0.504787
vt 0.729167 0.504787
vt 0.708334 0.995213
vt 0.708334 0.504787
vt 0.708334 0.504787
vt 0.708334 0.995213
vt 0.687500 0.995213
vt 0.687500 0.504787
vt 0.687500 0.504787
vt 0.666667 0.995213
vt 0.666667 0.504787
vt 0.666667 0.504787
vt 0.645834 0.995213
vt 0.645834 0.504787
vt 0.645834 0.504787
vt 0.625000 0.995213
vt 0.625000 0.504787
vt 0.625000 0.504787
vt 0.604167 0.995213
vt 0.604167 0.504787
vt 0.604167 0.504787
vt 0.583334 0.995213
vt 0.583334 0.504787
vt 0.583334 0.504787
vt 0.562500 0.995213
vt 0.562500 0.504787
vt 0.562500 0.504787
vt 0.562500 0.995213
vt 0.541667 0.995213
vt 0.541667 0.504787
vt 0.541667 0.504787
vt 0.520834 0.995213
vt 0.520834 0.504787
vt 0.520834 0.504787
vt 0.500000 0.995213
vt 0.500000 0.504787
vt 0.500000 0.504787
vt 0.479167 0.995213
vt 0.479167 0.504787
vt 0.479167 0.504787
vt 0.479167 0.995213
vt 0.458334 0.995213
vt 0.458334 0.504787
vt 0.458334 0.504787
vt 0.437500 0.995213
vt 0.437500 0.504787
vt 0.437500 0.504787
vt 0.416667 0.995213
vt 0.416667 0.504787
vt 0.416667 0.504787
vt 0.416667 0.995213
vt 0.395834 0.995213
vt 0.395834 0.504787
vt 0.395834 0.504787
vt 0.375000 0.995213
vt 0.375000 0.504787
vt 0.375000 0.504787
vt 0.354167 0.995213
vt 0.354167 0.504787
vt 0.354167 0.504787
vt 0.333334 0.995213
vt 0.333334 0.504787
vt 0.333334 0.504787
vt 0.312500 0.995213
vt 0.312500 0.504787
vt 0.312500 0.504787
vt 0.291667 0.995213
vt 0.291667 0.504787
vt 0.291667 0.504787
vt 0.270834 0.995213
vt 0.270834 0.504787
vt 0.270834 0.504787
vt 0.250000 0.995213
vt 0.250000 0.504787
vt 0.250000 0.504787
vt 0.229167 0.995213
vt 0.229167 0.504787
vt 0.229167 0.504787
vt 0.208334 0.995213
vt 0.208334 0.504787
vt 0.208334 0.504787
vt 0.208334 0.995213
vt 0.187500 0.995213
vt 0.187500 0.504787
vt 0.187500 0.504787
vt 0.166667 0.995213
vt 0.166667 0.504787
vt 0.166667 0.504787
vt 0.145834 0.995213
vt 0.145834 0.504787
vt 0.145834 0.504787
vt 0.125000 0.995213
vt 0.125000 0.504787
vt 0.125000 0.504787
vt 0.104167 0.995213
vt 0.104167 0.504787
vt 0.104167 0.504787
vt 0.083334 0.995213
vt 0.083334 0.504787
vt 0.083334 0.504787
vt 0.062500 0.995213
vt 0.062500 0.504787
vt 0.062500 0.504787
vt 0.041667 0.995213
vt 0.041667 0.504787
vt 0.041667 0.504787
vt 0.020834 0.504787
vt 0.979167 0.504787
vt 0.979167 0.995213
vt 0.958333 0.504787
vt 0.139706 0.503333
vt 0.360294 0.503333
vt 0.360294 0.746667
vt 0.139706 0.746667
vt 0.263885 0.355471
vt 0.250000 0.356381
vt 0.236115 0.355470
vt 0.222467 0.352756
vt 0.209290 0.348283
vt 0.196810 0.342128
vt 0.185240 0.334397
vt 0.174778 0.325222
vt 0.165603 0.314760
vt 0.157872 0.303190
vt 0.151717 0.290710
vt 0.147244 0.277533
vt 0.144530 0.263885
vt 0.143619 0.250000
vt 0.144530 0.236115
vt 0.147244 0.222467
vt 0.151717 0.209290
vt 0.157872 0.196810
vt 0.165603 0.185240
vt 0.174778 0.174778
vt 0.185240 0.165603
vt 0.196810 0.157872
vt 0.209290 0.151717
vt 0.222467 0.147244
vt 0.236115 0.144529
vt 0.250000 0.143619
vt 0.263885 0.144529
vt 0.277533 0.147244
vt 0.290710 0.151717
vt 0.303190 0.157872
vt 0.314760 0.165603
vt 0.325222 0.174778
vt 0.334397 0.185240
vt 0.342128 0.196810
vt 0.348283 0.209290
vt 0.352756 0.222467
vt 0.355470 0.236115
vt 0.356381 0.250000
vt 0.355471 0.263885
vt 0.352756 0.277533
vt 0.348283 0.290710
vt 0.342128 0.303190
vt 0.334397 0.314760
vt 0.325222 0.325222
vt 0.314760 0.334397
vt 0.303190 0.342128
vt 0.290710 0.348283
vt 0.277533 0.352756
vt 1.000000 0.504787
vt 1.000000 0.995213
vt 0.979167 0.995213
vt 0.979167 0.504787
vt 0.387975 0.764706
vt 0.612025 0.764706
vt 0.612025 0.985294
vt 0.387975 0.985294
vt 0.387975 0.503333
vt 0.612025 0.503333
vt 0.612025 0.746667
vt 0.387975 0.746667
vt 0.750000 0.429871
vt 0.773478 0.428333
vt 0.796554 0.423742
vt 0.818834 0.416179
vt 0.839936 0.405773
vt 0.859499 0.392702
vt 0.877188 0.377188
vt 0.892702 0.359499
vt 0.905773 0.339936
vt 0.916179 0.318834
vt 0.923742 0.296554
vt 0.928332 0.273478
vt 0.929872 0.250000
vt 0.928332 0.226522
vt 0.923742 0.203446
vt 0.916180 0.181166
vt 0.905773 0.160064
vt 0.892702 0.140501
vt 0.877188 0.122812
vt 0.859499 0.107299
vt 0.839936 0.094227
vt 0.818834 0.083821
vt 0.796554 0.076258
vt 0.773478 0.071668
vt 0.750000 0.070129
vt 0.726522 0.071668
vt 0.703446 0.076258
vt 0.681166 0.083821
vt 0.660064 0.094227
vt 0.640501 0.107299
vt 0.622812 0.122812
vt 0.607299 0.140501
vt 0.594227 0.160064
vt 0.583821 0.181166
vt 0.576258 0.203446
vt 0.571668 0.226522
vt 0.570129 0.250000
vt 0.571667 0.273478
vt 0.576258 0.296554
vt 0.583821 0.318834
vt 0.594227 0.339936
vt 0.607299 0.359499
vt 0.622812 0.377188
vt 0.640501 0.392701
vt 0.660064 0.405773
vt 0.681166 0.416179
vt 0.703446 0.423742
vt 0.726522 0.428332
vt 0.639706 0.503333
vt 0.860294 0.503333
vt 0.860294 0.746667
vt 0.639706 0.746667
vt 0.387975 0.003333
vt 0.612025 0.003333
vt 0.612025 0.246667
vt 0.387975 0.246667
vt 0.387975 0.264706
vt 0.612025 0.264706
vt 0.612025 0.485294
vt 0.387975 0.485294
vt 0.020834 0.524653
vt 0.020834 0.975347
vt 0.000000 0.975347
vt 0.000000 0.524653
vt 0.958333 0.524653
vt 0.958333 0.975347
vt 0.937500 0.975347
vt 0.937500 0.524653
vt 0.937500 0.524653
vt 0.937500 0.975347
vt 0.916667 0.975347
vt 0.916667 0.524653
vt 0.916667 0.524653
vt 0.895833 0.975347
vt 0.895833 0.524653
vt 0.895833 0.524653
vt 0.895833 0.975347
vt 0.875000 0.975347
vt 0.875000 0.524653
vt 0.875000 0.524653
vt 0.854167 0.975347
vt 0.854167 0.524653
vt 0.854167 0.524653
vt 0.854167 0.975347
vt 0.833333 0.975347
vt 0.833333 0.524653
vt 0.833333 0.524653
vt 0.812500 0.975347
vt 0.812500 0.524653
vt 0.812500 0.524653
vt 0.812500 0.975347
vt 0.791667 0.975347
vt 0.791667 0.524653
vt 0.791667 0.524653
vt 0.770833 0.975347
vt 0.770834 0.524653
vt 0.770834 0.524653
vt 0.770834 0.975347
vt 0.750000 0.975347
vt 0.750000 0.524653
vt 0.750000 0.524653
vt 0.729167 0.975347
vt 0.729167 0.524653
vt 0.729167 0.524653
vt 0.729167 0.975347
vt 0.708334 0.975347
vt 0.708334 0.524653
vt 0.708334 0.524653
vt 0.687500 0.975347
vt 0.687500 0.524653
vt 0.687500 0.524653
vt 0.687500 0.975347
vt 0.666667 0.975347
vt 0.666667 0.524653
vt 0.666667 0.524653
vt 0.645834 0.975347
vt 0.645834 0.524653
vt 0.645834 0.524653
vt 0.645834 0.975347
vt 0.625000 0.975347
vt 0.625000 0.524653
vt 0.625000 0.524653
vt 0.604167 0.975347
vt 0.604167 0.524653
vt 0.604167 0.524653
vt 0.604167 0.975347
vt 0.583334 0.975347
vt 0.583334 0.524653
vt 0.583334 0.524653
vt 0.562500 0.975347
vt 0.562500 0.524653
vt 0.562500 0.524653
vt 0.541667 0.975347
vt 0.541667 0.524653
vt 0.541667 0.524653
vt 0.520834 0.975347
vt 0.520834 0.524653
vt 0.520834 0.524653
vt 0.500000 0.975347
vt 0.500000 0.524653
vt 0.500000 0.524653
vt 0.479167 0.975347
vt 0.479167 0.524653
vt 0.479167 0.524653
vt 0.479167 0.975347
vt 0.458334 0.975347
vt 0.458334 0.524653
vt 0.458334 0.524653
vt 0.458334 0.975347
vt 0.437500 0.975347
vt 0.437500 0.524653
vt 0.437500 0.524653
vt 0.437500 0.975347
vt 0.416667 0.975347
vt 0.416667 0.524653
vt 0.416667 0.524653
vt 0.416667 0.975347
vt 0.395834 0.975347
vt 0.395834 0.524653
vt 0.395834 0.524653
vt 0.395834 0.975347
vt 0.375000 0.975347
vt 0.375000 0.524653
vt 0.375000 0.524653
vt 0.375000 0.975347
vt 0.354167 0.975347
vt 0.354167 0.524653
vt 0.354167 0.524653
vt 0.354167 0.975347
vt 0.333334 0.975347
vt 0.333334 0.524653
vt 0.333334 0.524653
vt 0.333334 0.975347
vt 0.312500 0.975347
vt 0.312500 0.524653
vt 0.312500 0.524653
vt 0.312500 0.975347
vt 0.291667 0.975347
vt 0.291667 0.524653
vt 0.291667 0.524653
vt 0.291667 0.975347
vt 0.270834 0.975347
vt 0.270834 0.524653
vt 0.270834 0.524653
vt 0.270834 0.975347
vt 0.250000 0.975347
vt 0.250000 0.524653
vt 0.250000 0.524653
vt 0.229167 0.975347
vt 0.229167 0.524653
vt 0.229167 0.524653
vt 0.208334 0.975347
vt 0.208334 0.524653
vt 0.208334 0.524653
vt 0.187500 0.975347
vt 0.187500 0.524653
vt 0.187500 0.524653
vt 0.187500 0.975347
vt 0.166667 0.975347
vt 0.166667 0.524653
vt 0.166667 0.524653
vt 0.145834 0.975347
vt 0.145834 0.524653
vt 0.145834 0.524653
vt 0.125000 0.975347
vt 0.125000 0.524653
vt 0.125000 0.524653
vt 0.104167 0.975347
vt 0.104167 0.524653
vt 0.104167 0.524653
vt 0.104167 0.975347
vt 0.083334 0.975347
vt 0.083334 0.524653
vt 0.083334 0.524653
vt 0.083334 0.975347
vt 0.062500 0.975347
vt 0.062500 0.524653
vt 0.062500 0.524653
vt 0.041667 0.975347
vt 0.041667 0.524653
vt 0.041667 0.524653
vt 0.020834 0.524653
vt 0.979167 0.524653
vt 0.979167 0.975347
vt 0.958333 0.524653
vt 0.130319 0.505814
vt 0.369681 0.505814
vt 0.369681 0.744186
vt 0.130319 0.744186
vt 0.273478 0.428332
vt 0.250000 0.429871
vt 0.226522 0.428333
vt 0.203446 0.423742
vt 0.181166 0.416179
vt 0.160064 0.405773
vt 0.140501 0.392701
vt 0.122812 0.377188
vt 0.107299 0.359499
vt 0.094227 0.339936
vt 0.083821 0.318834
vt 0.076258 0.296554
vt 0.071668 0.273478
vt 0.070129 0.250000
vt 0.071668 0.226522
vt 0.076258 0.203446
vt 0.083821 0.181166
vt 0.094227 0.160064
vt 0.107299 0.140501
vt 0.122812 0.122812
vt 0.140501 0.107299
vt 0.160064 0.094227
vt 0.181166 0.083821
vt 0.203446 0.076258
vt 0.226522 0.071668
vt 0.250000 0.070129
vt 0.273478 0.071668
vt 0.296554 0.076258
vt 0.318834 0.083821
vt 0.339936 0.094227
vt 0.359499 0.107299
vt 0.377188 0.122812
vt 0.392701 0.140501
vt 0.405773 0.160064
vt 0.416179 0.181166
vt 0.423742 0.203446
vt 0.428332 0.226522
vt 0.429871 0.250000
vt 0.428332 0.273478
vt 0.423742 0.296554
vt 0.416179 0.318834
vt 0.405773 0.339936
vt 0.392701 0.359499
vt 0.377188 0.377188
vt 0.359499 0.392701
vt 0.339936 0.405773
vt 0.318834 0.416179
vt 0.296554 0.423742
vt 1.000000 0.524653
vt 1.000000 0.975347
vt 0.979167 0.975347
vt 0.979167 0.524653
vt 0.436632 0.755319
vt 0.563368 0.755319
vt 0.563368 0.994681
vt 0.436632 0.994681
vt 0.436632 0.505814
vt 0.563368 0.505814
vt 0.563368 0.744186
vt 0.436632 0.744186
vt 0.630319 0.505814
vt 0.869681 0.505814
vt 0.869681 0.744186
vt 0.630319 0.744186
vt 0.436632 0.005814
vt 0.563368 0.005814
vt 0.563368 0.244186
vt 0.436632 0.244186
vt 0.436632 0.255319
vt 0.563368 0.255319
vt 0.563368 0.494681
vt 0.436632 0.494681
vt 0.139706 0.750000
vt 0.131215 0.750000
vt 0.125000 0.746667
vt 0.387975 1.000000
vt 0.380484 1.000000
vt 0.375000 0.985294
vt 0.375000 0.003333
vt 0.375000 0.001409
vt 0.387975 0.000000
vt 0.625000 0.985294
vt 0.625000 0.993785
vt 0.612025 1.000000
vt 0.875000 0.746667
vt 0.875000 0.748591
vt 0.860294 0.750000
vt 0.612025 0.000000
vt 0.619516 0.000000
vt 0.625000 0.003333
vt 0.125000 0.503333
vt 0.125000 0.501409
vt 0.139706 0.500000
vt 0.387975 0.250000
vt 0.380484 0.250000
vt 0.375000 0.246667
vt 0.375000 0.264706
vt 0.375000 0.256215
vt 0.860294 0.500000
vt 0.868785 0.500000
vt 0.875000 0.503333
vt 0.612025 0.250000
vt 0.619516 0.250000
vt 0.625000 0.264706
vt 0.625000 0.246667
vt 0.625000 0.248591
vt 0.375000 0.746667
vt 0.376828 0.751602
vt 0.360294 0.750000
vt 0.387975 0.750000
vt 0.375000 0.746667
vt 0.375000 0.764706
vt 0.387975 0.750000
vt 0.639706 0.750000
vt 0.625244 0.749530
vt 0.625000 0.746667
vt 0.612025 0.750000
vt 0.625000 0.764706
vt 0.625000 0.746667
vt 0.360294 0.500000
vt 0.374756 0.500470
vt 0.375000 0.503333
vt 0.387975 0.500000
vt 0.375000 0.485294
vt 0.625000 0.503333
vt 0.623172 0.498398
vt 0.639706 0.500000
vt 0.612025 0.500000
vt 0.625000 0.485294
vt 0.130319 0.750000
vt 0.127248 0.750000
vt 0.125000 0.744186
vt 0.436628 1.000000
vt 0.401043 1.000000
vt 0.375000 0.994681
vt 0.375000 0.005814
vt 0.375000 0.002457
vt 0.436628 0.000000
vt 0.625000 0.994680
vt 0.625000 0.997751
vt 0.563364 1.000000
vt 0.875000 0.744186
vt 0.875000 0.747543
vt 0.869681 0.750000
vt 0.563364 0.000000
vt 0.598945 0.000000
vt 0.625000 0.005814
vt 0.125000 0.505814
vt 0.125000 0.502457
vt 0.130319 0.500000
vt 0.436628 0.250000
vt 0.401043 0.250000
vt 0.375000 0.244186
vt 0.375000 0.255319
vt 0.375000 0.252248
vt 0.436628 0.250000
vt 0.869680 0.500000
vt 0.872751 0.500000
vt 0.875000 0.505814
vt 0.563364 0.250000
vt 0.598945 0.250000
vt 0.625000 0.255320
vt 0.625000 0.244186
vt 0.625000 0.247543
vt 0.563364 0.250000
vt 0.375000 0.744186
vt 0.383685 0.749931
vt 0.369680 0.750000
vt 0.436636 0.750000
vt 0.375000 0.744186
vt 0.375000 0.755320
vt 0.436636 0.750000
vt 0.630319 0.750000
vt 0.617069 0.749181
vt 0.625000 0.744186
vt 0.563373 0.750000
vt 0.625000 0.755319
vt 0.625000 0.744186
vt 0.563373 0.750000
vt 0.369680 0.500000
vt 0.382935 0.500819
vt 0.375000 0.505814
vt 0.436636 0.500000
vt 0.375000 0.494680
vt 0.375000 0.505814
vt 0.436636 0.500000
vt 0.625000 0.505814
vt 0.616319 0.500070
vt 0.630319 0.500000
vt 0.563372 0.500000
vt 0.625000 0.494681
vt 0.563372 0.500000
vt 0.980865 0.500000
vt 0.998301 0.500000
vt 0.752554 0.489833
vt 0.778772 0.488114
vt 0.763885 0.355470
vt 0.750000 0.356381
vt 0.998301 1.000000
vt 0.980865 1.000000
vt 0.278772 0.488114
vt 0.252554 0.489833
vt 0.960032 0.500000
vt 0.977468 0.500000
vt 0.783837 0.487447
vt 0.809606 0.482322
vt 0.777533 0.352756
vt 0.977468 1.000000
vt 0.960032 1.000000
vt 0.309606 0.482322
vt 0.283837 0.487447
vt 0.939199 0.500000
vt 0.956635 0.500000
vt 0.814540 0.480999
vt 0.839420 0.472554
vt 0.790710 0.348283
vt 0.956635 1.000000
vt 0.939199 1.000000
vt 0.339420 0.472554
vt 0.314540 0.480999
vt 0.918365 0.500000
vt 0.935801 0.500000
vt 0.844140 0.470599
vt 0.867704 0.458978
vt 0.803190 0.342128
vt 0.935801 1.000000
vt 0.918365 1.000000
vt 0.367704 0.458978
vt 0.344140 0.470599
vt 0.897532 0.500000
vt 0.914968 0.500000
vt 0.872128 0.456424
vt 0.893974 0.441827
vt 0.814761 0.334397
vt 0.914968 1.000000
vt 0.897532 1.000000
vt 0.393974 0.441827
vt 0.372128 0.456424
vt 0.876699 0.500000
vt 0.894135 0.500000
vt 0.898027 0.438717
vt 0.917781 0.421393
vt 0.825222 0.325222
vt 0.894135 1.000000
vt 0.876699 1.000000
vt 0.417781 0.421393
vt 0.398027 0.438717
vt 0.855865 0.500000
vt 0.873302 0.500000
vt 0.921393 0.417781
vt 0.938717 0.398027
vt 0.834397 0.314760
vt 0.873302 1.000000
vt 0.855865 1.000000
vt 0.438717 0.398027
vt 0.421393 0.417781
vt 0.835032 0.500000
vt 0.852468 0.500000
vt 0.941827 0.393974
vt 0.956424 0.372128
vt 0.842128 0.303190
vt 0.852468 1.000000
vt 0.835032 1.000000
vt 0.456424 0.372128
vt 0.441827 0.393974
vt 0.814199 0.500000
vt 0.831635 0.500000
vt 0.958978 0.367704
vt 0.970599 0.344140
vt 0.848283 0.290710
vt 0.831635 1.000000
vt 0.814199 1.000000
vt 0.470599 0.344140
vt 0.458978 0.367704
vt 0.793365 0.500000
vt 0.810802 0.500000
vt 0.972554 0.339420
vt 0.980999 0.314540
vt 0.852756 0.277533
vt 0.810802 1.000000
vt 0.793365 1.000000
vt 0.480999 0.314540
vt 0.472554 0.339420
vt 0.772532 0.500000
vt 0.789968 0.500000
vt 0.982322 0.309606
vt 0.987447 0.283837
vt 0.855470 0.263885
vt 0.789968 1.000000
vt 0.772532 1.000000
vt 0.487447 0.283837
vt 0.482322 0.309606
vt 0.751699 0.500000
vt 0.769135 0.500000
vt 0.988114 0.278772
vt 0.989833 0.252554
vt 0.856381 0.250000
vt 0.769135 1.000000
vt 0.751699 1.000000
vt 0.489833 0.252554
vt 0.488114 0.278772
vt 0.730866 0.500000
vt 0.748302 0.500000
vt 0.989833 0.247446
vt 0.988114 0.221228
vt 0.855470 0.236115
vt 0.748302 1.000000
vt 0.730866 1.000000
vt 0.488114 0.221228
vt 0.489833 0.247446
vt 0.710032 0.500000
vt 0.727468 0.500000
vt 0.987447 0.216163
vt 0.982322 0.190394
vt 0.852756 0.222467
vt 0.727468 1.000000
vt 0.710032 1.000000
vt 0.482322 0.190394
vt 0.487447 0.216163
vt 0.689199 0.500000
vt 0.706635 0.500000
vt 0.980999 0.185460
vt 0.972554 0.160580
vt 0.848283 0.209290
vt 0.706635 1.000000
vt 0.689199 1.000000
vt 0.472554 0.160580
vt 0.480999 0.185460
vt 0.668366 0.500000
vt 0.685802 0.500000
vt 0.970599 0.155860
vt 0.958978 0.132296
vt 0.842128 0.196810
vt 0.685802 1.000000
vt 0.668366 1.000000
vt 0.458978 0.132296
vt 0.470599 0.155860
vt 0.647532 0.500000
vt 0.664968 0.500000
vt 0.956424 0.127872
vt 0.941827 0.106026
vt 0.834397 0.185240
vt 0.664968 1.000000
vt 0.647532 1.000000
vt 0.441827 0.106026
vt 0.456424 0.127872
vt 0.626699 0.500000
vt 0.644135 0.500000
vt 0.938717 0.101973
vt 0.921393 0.082219
vt 0.825222 0.174778
vt 0.644135 1.000000
vt 0.626699 1.000000
vt 0.421393 0.082219
vt 0.438717 0.101973
vt 0.605866 0.500000
vt 0.623302 0.500000
vt 0.917781 0.078607
vt 0.898027 0.061283
vt 0.814761 0.165603
vt 0.623302 1.000000
vt 0.605866 1.000000
vt 0.398027 0.061283
vt 0.417781 0.078607
vt 0.585032 0.500000
vt 0.602468 0.500000
vt 0.893974 0.058173
vt 0.872128 0.043576
vt 0.803190 0.157872
vt 0.602468 1.000000
vt 0.585032 1.000000
vt 0.372128 0.043576
vt 0.393974 0.058173
vt 0.564199 0.500000
vt 0.581635 0.500000
vt 0.867704 0.041022
vt 0.844140 0.029401
vt 0.790710 0.151717
vt 0.581635 1.000000
vt 0.564199 1.000000
vt 0.344140 0.029401
vt 0.367704 0.041022
vt 0.543366 0.500000
vt 0.560802 0.500000
vt 0.839420 0.027446
vt 0.814540 0.019001
vt 0.777533 0.147244
vt 0.560802 1.000000
vt 0.543366 1.000000
vt 0.314540 0.019001
vt 0.339420 0.027446
vt 0.522532 0.500000
vt 0.539968 0.500000
vt 0.809606 0.017678
vt 0.783837 0.012553
vt 0.763885 0.144529
vt 0.539968 1.000000
vt 0.522532 1.000000
vt 0.283837 0.012553
vt 0.309606 0.017678
vt 0.501699 0.500000
vt 0.519135 0.500000
vt 0.778772 0.011886
vt 0.752554 0.010167
vt 0.750000 0.143619
vt 0.519135 1.000000
vt 0.501699 1.000000
vt 0.252554 0.010167
vt 0.278772 0.011886
vt 0.480866 0.500000
vt 0.498302 0.500000
vt 0.747446 0.010167
vt 0.721228 0.011886
vt 0.736115 0.144530
vt 0.498302 1.000000
vt 0.480866 1.000000
vt 0.221228 0.011886
vt 0.247446 0.010167
vt 0.460032 0.500000
vt 0.477468 0.500000
vt 0.716163 0.012553
vt 0.690394 0.017678
vt 0.722467 0.147244
vt 0.477469 1.000000
vt 0.460032 1.000000
vt 0.190394 0.017678
vt 0.216163 0.012553
vt 0.439199 0.500000
vt 0.456635 0.500000
vt 0.685460 0.019001
vt 0.660580 0.027446
vt 0.709290 0.151717
vt 0.456635 1.000000
vt 0.439199 1.000000
vt 0.160580 0.027446
vt 0.185460 0.019001
vt 0.418366 0.500000
vt 0.435802 0.500000
vt 0.655860 0.029401
vt 0.632296 0.041022
vt 0.696810 0.157872
vt 0.435802 1.000000
vt 0.418366 1.000000
vt 0.132296 0.041022
vt 0.155860 0.029401
vt 0.397532 0.500000
vt 0.414968 0.500000
vt 0.627872 0.043576
vt 0.606026 0.058173
vt 0.685240 0.165603
vt 0.414968 1.000000
vt 0.397532 1.000000
vt 0.106026 0.058173
vt 0.127872 0.043576
vt 0.376699 0.500000
vt 0.394135 0.500000
vt 0.601973 0.061283
vt 0.582219 0.078607
vt 0.674778 0.174778
vt 0.394135 1.000000
vt 0.376699 1.000000
vt 0.082219 0.078607
vt 0.101973 0.061283
vt 0.355866 0.500000
vt 0.373302 0.500000
vt 0.578607 0.082219
vt 0.561283 0.101973
vt 0.665603 0.185240
vt 0.373302 1.000000
vt 0.355866 1.000000
vt 0.061283 0.101973
vt 0.078607 0.082219
vt 0.335032 0.500000
vt 0.352468 0.500000
vt 0.558173 0.106026
vt 0.543576 0.127872
vt 0.657872 0.196810
vt 0.352468 1.000000
vt 0.335032 1.000000
vt 0.043576 0.127872
vt 0.058173 0.106026
vt 0.314199 0.500000
vt 0.331635 0.500000
vt 0.541022 0.132296
vt 0.529401 0.155860
vt 0.651717 0.209290
vt 0.331635 1.000000
vt 0.314199 1.000000
vt 0.029401 0.155860
vt 0.041022 0.132296
vt 0.293366 0.500000
vt 0.310802 0.500000
vt 0.527446 0.160580
vt 0.519001 0.185460
vt 0.647244 0.222467
vt 0.310802 1.000000
vt 0.293366 1.000000
vt 0.019001 0.185460
vt 0.027446 0.160580
vt 0.272532 0.500000
vt 0.289968 0.500000
vt 0.517678 0.190394
vt 0.512553 0.216163
vt 0.644530 0.236115
vt 0.289968 1.000000
vt 0.272532 1.000000
vt 0.012553 0.216163
vt 0.017678 0.190394
vt 0.251699 0.500000
vt 0.269135 0.500000
vt 0.511886 0.221228
vt 0.510167 0.247446
vt 0.643619 0.250000
vt 0.269135 1.000000
vt 0.251699 1.000000
vt 0.010167 0.247446
vt 0.011886 0.221228
vt 0.230866 0.500000
vt 0.248302 0.500000
vt 0.510167 0.252554
vt 0.511886 0.278772
vt 0.644529 0.263885
vt 0.248302 1.000000
vt 0.230866 1.000000
vt 0.011886 0.278772
vt 0.010167 0.252554
vt 0.210032 0.500000
vt 0.227468 0.500000
vt 0.512553 0.283837
vt 0.517678 0.309606
vt 0.647244 0.277533
vt 0.227468 1.000000
vt 0.210032 1.000000
vt 0.017678 0.309606
vt 0.012553 0.283837
vt 0.189199 0.500000
vt 0.206635 0.500000
vt 0.519001 0.314540
vt 0.527446 0.339420
vt 0.651717 0.290710
vt 0.206635 1.000000
vt 0.189199 1.000000
vt 0.027446 0.339420
vt 0.019001 0.314540
vt 0.168366 0.500000
vt 0.185802 0.500000
vt 0.529401 0.344140
vt 0.541022 0.367704
vt 0.657872 0.303190
vt 0.185802 1.000000
vt 0.168366 1.000000
vt 0.041022 0.367704
vt 0.029401 0.344140
vt 0.147532 0.500000
vt 0.164968 0.500000
vt 0.543576 0.372128
vt 0.558173 0.393974
vt 0.665603 0.314760
vt 0.164968 1.000000
vt 0.147532 1.000000
vt 0.058173 0.393974
vt 0.043576 0.372128
vt 0.126699 0.500000
vt 0.144135 0.500000
vt 0.561283 0.398027
vt 0.578607 0.417781
vt 0.674778 0.325222
vt 0.144135 1.000000
vt 0.126699 1.000000
vt 0.078607 0.417781
vt 0.061283 0.398027
vt 0.105866 0.500000
vt 0.123302 0.500000
vt 0.582219 0.421393
vt 0.601973 0.438717
vt 0.685240 0.334397
vt 0.123302 1.000000
vt 0.105866 1.000000
vt 0.101973 0.438717
vt 0.082219 0.421393
vt 0.085032 0.500000
vt 0.102468 0.500000
vt 0.606026 0.441827
vt 0.627872 0.456424
vt 0.696810 0.342128
vt 0.102468 1.000000
vt 0.085032 1.000000
vt 0.127872 0.456424
vt 0.106026 0.441827
vt 0.064199 0.500000
vt 0.081635 0.500000
vt 0.632296 0.458978
vt 0.655860 0.470599
vt 0.709290 0.348283
vt 0.081635 1.000000
vt 0.064199 1.000000
vt 0.155860 0.470599
vt 0.132296 0.458978
vt 0.043366 0.500000
vt 0.060802 0.500000
vt 0.660580 0.472554
vt 0.685460 0.480999
vt 0.722467 0.352756
vt 0.060802 1.000000
vt 0.043366 1.000000
vt 0.185460 0.480999
vt 0.160580 0.472554
vt 0.022532 0.500000
vt 0.039968 0.500000
vt 0.690394 0.482322
vt 0.716163 0.487447
vt 0.736115 0.355470
vt 0.039968 1.000000
vt 0.022532 1.000000
vt 0.216163 0.487447
vt 0.190394 0.482322
vt 0.001699 0.500000
vt 0.019135 0.500000
vt 0.721228 0.488114
vt 0.747446 0.489833
vt 0.019135 1.000000
vt 0.001699 1.000000
vt 0.247446 0.489833
vt 0.221228 0.488114
vt 0.979931 0.500000
vt 0.999236 0.500000
vt 0.751149 0.489925
vt 0.780177 0.488022
vt 0.999236 1.000000
vt 0.979931 1.000000
vt 0.280177 0.488022
vt 0.251149 0.489925
vt 0.959098 0.500000
vt 0.978402 0.500000
vt 0.782456 0.487722
vt 0.810987 0.482047
vt 0.978402 1.000000
vt 0.959098 1.000000
vt 0.310987 0.482047
vt 0.282456 0.487722
vt 0.938264 0.500000
vt 0.957569 0.500000
vt 0.813207 0.481452
vt 0.840753 0.472101
vt 0.957569 1.000000
vt 0.938264 1.000000
vt 0.340753 0.472101
vt 0.313207 0.481452
vt 0.917431 0.500000
vt 0.936736 0.500000
vt 0.842877 0.471222
vt 0.868967 0.458356
vt 0.936736 1.000000
vt 0.917431 1.000000
vt 0.368967 0.458356
vt 0.342877 0.471222
vt 0.896598 0.500000
vt 0.915902 0.500000
vt 0.870958 0.457206
vt 0.895145 0.441045
vt 0.915902 1.000000
vt 0.896598 1.000000
vt 0.395145 0.441045
vt 0.370958 0.457206
vt 0.875764 0.500000
vt 0.895069 0.500000
vt 0.896969 0.439645
vt 0.918840 0.420465
vt 0.895069 1.000000
vt 0.875765 1.000000
vt 0.418840 0.420465
vt 0.396969 0.439645
vt 0.854931 0.500000
vt 0.874236 0.500000
vt 0.920465 0.418840
vt 0.939645 0.396969
vt 0.874236 1.000000
vt 0.854931 1.000000
vt 0.439645 0.396969
vt 0.420465 0.418840
vt 0.834098 0.500000
vt 0.853402 0.500000
vt 0.941045 0.395145
vt 0.957206 0.370958
vt 0.853402 1.000000
vt 0.834098 1.000000
vt 0.457206 0.370958
vt 0.441045 0.395145
vt 0.813265 0.500000
vt 0.832569 0.500000
vt 0.958356 0.368967
vt 0.971222 0.342877
vt 0.832569 1.000000
vt 0.813265 1.000000
vt 0.471222 0.342877
vt 0.458356 0.368967
vt 0.792431 0.500000
vt 0.811736 0.500000
vt 0.972101 0.340753
vt 0.981452 0.313207
vt 0.811736 1.000000
vt 0.792431 1.000000
vt 0.481452 0.313207
vt 0.472101 0.340753
vt 0.771598 0.500000
vt 0.790902 0.500000
vt 0.982047 0.310987
vt 0.987722 0.282456
vt 0.790902 1.000000
vt 0.771598 1.000000
vt 0.487722 0.282456
vt 0.482047 0.310987
vt 0.750765 0.500000
vt 0.770069 0.500000
vt 0.988022 0.280177
vt 0.989925 0.251149
vt 0.770069 1.000000
vt 0.750765 1.000000
vt 0.489925 0.251149
vt 0.488022 0.280177
vt 0.729931 0.500000
vt 0.749236 0.500000
vt 0.989925 0.248851
vt 0.988022 0.219823
vt 0.749236 1.000000
vt 0.729931 1.000000
vt 0.488022 0.219823
vt 0.489925 0.248851
vt 0.709098 0.500000
vt 0.728403 0.500000
vt 0.987722 0.217544
vt 0.982047 0.189013
vt 0.728403 1.000000
vt 0.709098 1.000000
vt 0.482047 0.189013
vt 0.487722 0.217544
vt 0.688265 0.500000
vt 0.707569 0.500000
vt 0.981452 0.186793
vt 0.972101 0.159247
vt 0.707569 1.000000
vt 0.688265 1.000000
vt 0.472101 0.159247
vt 0.481452 0.186793
vt 0.667431 0.500000
vt 0.686736 0.500000
vt 0.971222 0.157123
vt 0.958356 0.131033
vt 0.686736 1.000000
vt 0.667431 1.000000
vt 0.458356 0.131033
vt 0.471222 0.157123
vt 0.646598 0.500000
vt 0.665903 0.500000
vt 0.957206 0.129042
vt 0.941045 0.104855
vt 0.665903 1.000000
vt 0.646598 1.000000
vt 0.441045 0.104855
vt 0.457206 0.129042
vt 0.625765 0.500000
vt 0.645069 0.500000
vt 0.939645 0.103031
vt 0.920465 0.081160
vt 0.645069 1.000000
vt 0.625765 1.000000
vt 0.420465 0.081160
vt 0.439645 0.103031
vt 0.604931 0.500000
vt 0.624236 0.500000
vt 0.918840 0.079535
vt 0.896969 0.060355
vt 0.624236 1.000000
vt 0.604931 1.000000
vt 0.396969 0.060355
vt 0.418840 0.079535
vt 0.584098 0.500000
vt 0.603403 0.500000
vt 0.895145 0.058955
vt 0.870958 0.042794
vt 0.603403 1.000000
vt 0.584098 1.000000
vt 0.370958 0.042794
vt 0.395145 0.058955
vt 0.563265 0.500000
vt 0.582569 0.500000
vt 0.868967 0.041644
vt 0.842877 0.028778
vt 0.582569 1.000000
vt 0.563265 1.000000
vt 0.342877 0.028778
vt 0.368967 0.041644
vt 0.542432 0.500000
vt 0.561736 0.500000
vt 0.840753 0.027899
vt 0.813207 0.018548
vt 0.561736 1.000000
vt 0.542431 1.000000
vt 0.313207 0.018548
vt 0.340753 0.027899
vt 0.521598 0.500000
vt 0.540903 0.500000
vt 0.810987 0.017953
vt 0.782456 0.012278
vt 0.540903 1.000000
vt 0.521598 1.000000
vt 0.282456 0.012278
vt 0.310987 0.017953
vt 0.500765 0.500000
vt 0.520069 0.500000
vt 0.780177 0.011978
vt 0.751149 0.010075
vt 0.520069 1.000000
vt 0.500765 1.000000
vt 0.251149 0.010075
vt 0.280177 0.011978
vt 0.479932 0.500000
vt 0.499236 0.500000
vt 0.748851 0.010075
vt 0.719823 0.011978
vt 0.499236 1.000000
vt 0.479932 1.000000
vt 0.219823 0.011978
vt 0.248851 0.010075
vt 0.459098 0.500000
vt 0.478403 0.500000
vt 0.717544 0.012278
vt 0.689013 0.017953
vt 0.478403 1.000000
vt 0.459098 1.000000
vt 0.189013 0.017953
vt 0.217544 0.012278
vt 0.438265 0.500000
vt 0.457569 0.500000
vt 0.686793 0.018548
vt 0.659247 0.027899
vt 0.457569 1.000000
vt 0.438265 1.000000
vt 0.159247 0.027899
vt 0.186793 0.018548
vt 0.417432 0.500000
vt 0.436736 0.500000
vt 0.657123 0.028778
vt 0.631033 0.041644
vt 0.436736 1.000000
vt 0.417432 1.000000
vt 0.131033 0.041644
vt 0.157123 0.028778
vt 0.396598 0.500000
vt 0.415903 0.500000
vt 0.629042 0.042794
vt 0.604855 0.058955
vt 0.415903 1.000000
vt 0.396598 1.000000
vt 0.104855 0.058955
vt 0.129042 0.042794
vt 0.375765 0.500000
vt 0.395069 0.500000
vt 0.603031 0.060355
vt 0.581160 0.079535
vt 0.395069 1.000000
vt 0.375765 1.000000
vt 0.081160 0.079535
vt 0.103031 0.060355
vt 0.354931 0.500000
vt 0.374236 0.500000
vt 0.579535 0.081160
vt 0.560355 0.103031
vt 0.374236 1.000000
vt 0.354931 1.000000
vt 0.060355 0.103031
vt 0.079535 0.081160
vt 0.334098 0.500000
vt 0.353403 0.500000
vt 0.558955 0.104855
vt 0.542794 0.129042
vt 0.353403 1.000000
vt 0.334098 1.000000
vt 0.042794 0.129042
vt 0.058955 0.104855
vt 0.313265 0.500000
vt 0.332569 0.500000
vt 0.541644 0.131033
vt 0.528778 0.157123
vt 0.332569 1.000000
vt 0.313265 1.000000
vt 0.028778 0.157123
vt 0.041644 0.131033
vt 0.292431 0.500000
vt 0.311736 0.500000
vt 0.527899 0.159247
vt 0.518548 0.186793
vt 0.311736 1.000000
vt 0.292431 1.000000
vt 0.018548 0.186793
vt 0.027899 0.159247
vt 0.271598 0.500000
vt 0.290903 0.500000
vt 0.517953 0.189013
vt 0.512278 0.217544
vt 0.290903 1.000000
vt 0.271598 1.000000
vt 0.012278 0.217544
vt 0.017953 0.189013
vt 0.250765 0.500000
vt 0.270069 0.500000
vt 0.511978 0.219823
vt 0.510075 0.248851
vt 0.270069 1.000000
vt 0.250765 1.000000
vt 0.010075 0.248851
vt 0.011978 0.219823
vt 0.229931 0.500000
vt 0.249236 0.500000
vt 0.510075 0.251149
vt 0.511978 0.280177
vt 0.249236 1.000000
vt 0.229931 1.000000
vt 0.011978 0.280177
vt 0.010075 0.251149
vt 0.209098 0.500000
vt 0.228403 0.500000
vt 0.512278 0.282456
vt 0.517953 0.310987
vt 0.228403 1.000000
vt 0.209098 1.000000
vt 0.017953 0.310987
vt 0.012278 0.282456
vt 0.188265 0.500000
vt 0.207569 0.500000
vt 0.518548 0.313207
vt 0.527899 0.340753
vt 0.207569 1.000000
vt 0.188265 1.000000
vt 0.027899 0.340753
vt 0.018548 0.313207
vt 0.167431 0.500000
vt 0.186736 0.500000
vt 0.528778 0.342877
vt 0.541644 0.368967
vt 0.186736 1.000000
vt 0.167431 1.000000
vt 0.041644 0.368967
vt 0.028778 0.342877
vt 0.146598 0.500000
vt 0.165903 0.500000
vt 0.542794 0.370958
vt 0.558955 0.395145
vt 0.165903 1.000000
vt 0.146598 1.000000
vt 0.058955 0.395145
vt 0.042794 0.370958
vt 0.125765 0.500000
vt 0.145069 0.500000
vt 0.560355 0.396969
vt 0.579535 0.418840
vt 0.145069 1.000000
vt 0.125765 1.000000
vt 0.079535 0.418840
vt 0.060355 0.396969
vt 0.104931 0.500000
vt 0.124236 0.500000
vt 0.581160 0.420465
vt 0.603031 0.439645
vt 0.124236 1.000000
vt 0.104931 1.000000
vt 0.103031 0.439645
vt 0.081160 0.420465
vt 0.084098 0.500000
vt 0.103403 0.500000
vt 0.604855 0.441045
vt 0.629042 0.457206
vt 0.103403 1.000000
vt 0.084098 1.000000
vt 0.129042 0.457206
vt 0.104855 0.441045
vt 0.063265 0.500000
vt 0.082569 0.500000
vt 0.631033 0.458356
vt 0.657123 0.471222
vt 0.082569 1.000000
vt 0.063265 1.000000
vt 0.157123 0.471222
vt 0.131033 0.458356
vt 0.042431 0.500000
vt 0.061736 0.500000
vt 0.659247 0.472101
vt 0.686793 0.481452
vt 0.061736 1.000000
vt 0.042431 1.000000
vt 0.186793 0.481452
vt 0.159247 0.472101
vt 0.021598 0.500000
vt 0.040903 0.500000
vt 0.689013 0.482047
vt 0.717544 0.487722
vt 0.040903 1.000000
vt 0.021598 1.000000
vt 0.217544 0.487722
vt 0.189013 0.482047
vt 0.000765 0.500000
vt 0.020069 0.500000
vt 0.719823 0.488022
vt 0.748851 0.489925
vt 0.020069 1.000000
vt 0.000765 1.000000
vt 0.248851 0.489925
vt 0.219823 0.488022
vt 0.436628 0.250000
vt 0.563364 0.250000
vt 0.436636 0.500000
vt 0.563372 0.500000
vt 0.436636 0.750000
vt 0.563373 0.750000
s 1
usemtl Anodized_graphite
f 284/1/1 287/2/2 5/3/3 2/4/4
f 14/5/5 17/6/6 23/7/7 20/8/8
f 20/9/8 23/7/7 29/10/9 26/11/10
f 26/12/10 29/13/9 35/14/11 32/15/12
f 32/16/12 35/14/11 41/17/13 38/18/14
f 38/19/14 41/17/13 47/20/15 44/21/16
f 44/22/16 47/20/15 53/23/17 50/24/18
f 50/25/18 53/26/17 59/27/19 56/28/20
f 56/29/20 59/27/19 65/30/21 62/31/22
f 62/32/22 65/30/21 71/33/23 68/34/24
f 68/35/24 71/36/23 77/37/25 74/38/26
f 74/39/26 77/37/25 83/40/27 80/41/28
f 80/42/28 83/40/27 89/43/29 86/44/30
f 86/45/30 89/46/29 95/47/31 92/48/32
f 92/49/32 95/47/31 101/50/33 98/51/34
f 98/52/34 101/50/33 107/53/35 104/54/36
f 104/55/36 107/53/35 113/56/37 110/57/38
f 110/58/38 113/56/37 119/59/39 116/60/40
f 116/61/40 119/59/39 125/62/41 122/63/42
f 122/64/42 125/62/41 131/65/43 128/66/44
f 128/67/44 131/68/43 137/69/45 134/70/46
f 134/71/46 137/69/45 143/72/47 140/73/48
f 140/74/48 143/72/47 149/75/49 146/76/50
f 146/77/50 149/75/49 155/78/51 152/79/52
f 152/80/52 155/81/51 161/82/53 158/83/54
f 158/84/54 161/82/53 167/85/55 164/86/56
f 164/87/56 167/85/55 173/88/57 170/89/58
f 170/90/58 173/91/57 179/92/59 176/93/60
f 176/94/60 179/92/59 185/95/61 182/96/62
f 182/97/62 185/95/61 191/98/63 188/99/64
f 188/100/64 191/98/63 197/101/65 194/102/66
f 194/103/66 197/101/65 203/104/67 200/105/68
f 200/106/68 203/104/67 209/107/69 206/108/70
f 206/109/70 209/107/69 215/110/71 212/111/72
f 212/112/72 215/110/71 221/113/73 218/114/74
f 218/115/74 221/113/73 227/116/75 224/117/76
f 224/118/76 227/116/75 233/119/77 230/120/78
f 230/121/78 233/122/77 239/123/79 236/124/80
f 236/125/80 239/123/79 245/126/81 242/127/82
f 242/128/82 245/126/81 251/129/83 248/130/84
f 248/131/84 251/129/83 257/132/85 254/133/86
f 254/134/86 257/132/85 263/135/87 260/136/88
f 260/137/88 263/135/87 269/138/89 266/139/90
f 266/140/90 269/138/89 275/141/91 272/142/92
f 272/143/92 275/141/91 281/144/93 278/145/94
f 278/146/94 281/144/93 287/2/2 284/147/1
f 8/148/95 11/149/96 17/6/6 14/150/5
f 10/155/101 4/156/102 286/157/103 280/158/104 274/159/105 268/160/106 262/161/107 256/162/108 250/163/109 244/164/110 238/165/111 232/166/112 226/167/113 220/168/114 214/169/115 208/170/116 202/171/117 196/172/118 190/173/119 184/174/120 178/175/121 172/176/122 166/177/123 160/178/124 154/179/125 148/180/126 142/181/127 136/182/128 130/183/129 124/184/130 118/185/131 112/186/132 106/187/133 100/188/134 94/189/135 88/190/136 82/191/137 76/192/138 70/193/139 64/194/140 58/195/141 52/196/142 46/197/143 40/198/144 34/199/145 28/200/146 22/201/147 16/202/148
f 2/203/4 5/204/3 11/205/96 8/206/95
f 345/215/157 351/216/158 357/217/159 363/218/160 369/219/161 375/220/162 381/221/163 387/222/164 393/223/165 399/224/166 405/225/167 411/226/168 417/227/169 423/228/170 429/229/171 435/230/172 441/231/173 447/232/174 453/233/175 459/234/176 465/235/177 471/236/178 477/237/179 483/238/180 489/239/181 495/240/182 501/241/183 507/242/184 513/243/185 519/244/186 525/245/187 531/246/188 537/247/189 543/248/190 549/249/191 555/250/192 561/251/193 567/252/194 573/253/195 579/254/196 585/255/197 591/256/198 597/257/199 603/258/200 609/259/201 615/260/202 621/261/203 627/262/204
f 628/275/217 631/276/218 349/277/219 346/278/220
f 358/279/221 361/280/222 367/281/223 364/282/224
f 364/283/224 367/284/223 373/285/225 370/286/226
f 370/287/226 373/285/225 379/288/227 376/289/228
f 376/290/228 379/291/227 385/292/229 382/293/230
f 382/294/230 385/292/229 391/295/231 388/296/232
f 388/297/232 391/298/231 397/299/233 394/300/234
f 394/301/234 397/299/233 403/302/235 400/303/236
f 400/304/236 403/305/235 409/306/237 406/307/238
f 406/308/238 409/306/237 415/309/239 412/310/240
f 412/311/240 415/312/239 421/313/241 418/314/242
f 418/315/242 421/313/241 427/316/243 424/317/244
f 424/318/244 427/319/243 433/320/245 430/321/246
f 430/322/246 433/320/245 439/323/247 436/324/248
f 436/325/248 439/326/247 445/327/249 442/328/250
f 442/329/250 445/327/249 451/330/251 448/331/252
f 448/332/252 451/333/251 457/334/253 454/335/254
f 454/336/254 457/334/253 463/337/255 460/338/256
f 460/339/256 463/340/255 469/341/257 466/342/258
f 466/343/258 469/341/257 475/344/259 472/345/260
f 472/346/260 475/344/259 481/347/261 478/348/262
f 478/349/262 481/347/261 487/350/263 484/351/264
f 484/352/264 487/350/263 493/353/265 490/354/266
f 490/355/266 493/353/265 499/356/267 496/357/268
f 496/358/268 499/359/267 505/360/269 502/361/270
f 502/362/270 505/363/269 511/364/271 508/365/272
f 508/366/272 511/367/271 517/368/273 514/369/274
f 514/370/274 517/371/273 523/372/275 520/373/276
f 520/374/276 523/375/275 529/376/277 526/377/278
f 526/378/278 529/379/277 535/380/279 532/381/280
f 532/382/280 535/383/279 541/384/281 538/385/282
f 538/386/282 541/387/281 547/388/283 544/389/284
f 544/390/284 547/391/283 553/392/285 550/393/286
f 550/394/286 553/395/285 559/396/287 556/397/288
f 556/398/288 559/399/287 565/400/289 562/401/290
f 562/402/290 565/400/289 571/403/291 568/404/292
f 568/405/292 571/403/291 577/406/293 574/407/294
f 574/408/294 577/406/293 583/409/295 580/410/296
f 580/411/296 583/412/295 589/413/297 586/414/298
f 586/415/298 589/413/297 595/416/299 592/417/300
f 592/418/300 595/416/299 601/419/301 598/420/302
f 598/421/302 601/419/301 607/422/303 604/423/304
f 604/424/304 607/425/303 613/426/305 610/427/306
f 610/428/306 613/429/305 619/430/307 616/431/308
f 616/432/308 619/430/307 625/433/309 622/434/310
f 622/435/310 625/433/309 631/276/218 628/436/217
f 352/437/311 355/438/312 361/280/222 358/439/221
f 354/444/317 348/445/318 630/446/319 624/447/320 618/448/321 612/449/322 606/450/323 600/451/324 594/452/325 588/453/326 582/454/327 576/455/328 570/456/329 564/457/330 558/458/331 552/459/332 546/460/333 540/461/334 534/462/335 528/463/336 522/464/337 516/465/338 510/466/339 504/467/340 498/468/341 492/469/342 486/470/343 480/471/344 474/472/345 468/473/346 462/474/347 456/475/348 450/476/349 444/477/350 438/478/351 432/479/352 426/480/353 420/481/354 414/482/355 408/483/356 402/484/357 396/485/358 390/486/359 384/487/360 378/488/361 372/489/362 366/490/363 360/491/364
f 346/492/220 349/493/219 355/494/312 352/495/311
f 2/203/4 8/206/95 9/636/531 3/637/532
f 3/638/532 9/639/531 7/640/533 1/641/534
f 11/205/96 5/204/3 6/642/535 12/643/536
f 12/644/536 6/645/535 4/156/102 10/155/101
f 8/148/95 14/150/5 15/646/537 9/647/531
f 9/648/531 15/649/537 13/650/538 7/640/533
f 17/6/6 11/149/96 12/651/536 18/652/539
f 18/653/539 12/654/536 10/155/101 16/202/148
f 14/5/5 20/8/8 21/655/540 15/656/537
f 15/657/537 21/658/540 19/659/541 13/650/538
f 23/7/7 17/6/6 18/660/539 24/661/542
f 24/662/542 18/663/539 16/202/148 22/201/147
f 20/9/8 26/11/10 27/664/543 21/665/540
f 21/666/540 27/667/543 25/668/544 19/659/541
f 29/10/9 23/7/7 24/669/542 30/670/545
f 30/671/545 24/672/542 22/201/147 28/200/146
f 26/12/10 32/15/12 33/673/546 27/674/543
f 27/675/543 33/676/546 31/677/547 25/668/544
f 35/14/11 29/13/9 30/678/545 36/679/548
f 36/680/548 30/681/545 28/200/146 34/199/145
f 32/16/12 38/18/14 39/682/549 33/683/546
f 33/684/546 39/685/549 37/686/550 31/677/547
f 41/17/13 35/14/11 36/687/548 42/688/551
f 42/689/551 36/690/548 34/199/145 40/198/144
f 38/19/14 44/21/16 45/691/552 39/692/549
f 39/693/549 45/694/552 43/695/553 37/686/550
f 47/20/15 41/17/13 42/696/551 48/697/554
f 48/698/554 42/699/551 40/198/144 46/197/143
f 44/22/16 50/24/18 51/700/555 45/701/552
f 45/702/552 51/703/555 49/704/556 43/695/553
f 53/23/17 47/20/15 48/705/554 54/706/557
f 54/707/557 48/708/554 46/197/143 52/196/142
f 50/25/18 56/28/20 57/709/558 51/710/555
f 51/711/555 57/712/558 55/713/559 49/704/556
f 59/27/19 53/26/17 54/714/557 60/715/560
f 60/716/560 54/717/557 52/196/142 58/195/141
f 56/29/20 62/31/22 63/718/561 57/719/558
f 57/720/558 63/721/561 61/722/562 55/713/559
f 65/30/21 59/27/19 60/723/560 66/724/563
f 66/725/563 60/726/560 58/195/141 64/194/140
f 62/32/22 68/34/24 69/727/564 63/728/561
f 63/729/561 69/730/564 67/731/565 61/722/562
f 71/33/23 65/30/21 66/732/563 72/733/566
f 72/734/566 66/735/563 64/194/140 70/193/139
f 68/35/24 74/38/26 75/736/567 69/737/564
f 69/738/564 75/739/567 73/740/568 67/731/565
f 77/37/25 71/36/23 72/741/566 78/742/569
f 78/743/569 72/744/566 70/193/139 76/192/138
f 74/39/26 80/41/28 81/745/570 75/746/567
f 75/747/567 81/748/570 79/749/571 73/740/568
f 83/40/27 77/37/25 78/750/569 84/751/572
f 84/752/572 78/753/569 76/192/138 82/191/137
f 80/42/28 86/44/30 87/754/573 81/755/570
f 81/756/570 87/757/573 85/758/574 79/749/571
f 89/43/29 83/40/27 84/759/572 90/760/575
f 90/761/575 84/762/572 82/191/137 88/190/136
f 86/45/30 92/48/32 93/763/576 87/764/573
f 87/765/573 93/766/576 91/767/577 85/758/574
f 95/47/31 89/46/29 90/768/575 96/769/578
f 96/770/578 90/771/575 88/190/136 94/189/135
f 92/49/32 98/51/34 99/772/579 93/773/576
f 93/774/576 99/775/579 97/776/580 91/767/577
f 101/50/33 95/47/31 96/777/578 102/778/581
f 102/779/581 96/780/578 94/189/135 100/188/134
f 98/52/34 104/54/36 105/781/582 99/782/579
f 99/783/579 105/784/582 103/785/583 97/776/580
f 107/53/35 101/50/33 102/786/581 108/787/584
f 108/788/584 102/789/581 100/188/134 106/187/133
f 104/55/36 110/57/38 111/790/585 105/791/582
f 105/792/582 111/793/585 109/794/586 103/785/583
f 113/56/37 107/53/35 108/795/584 114/796/587
f 114/797/587 108/798/584 106/187/133 112/186/132
f 110/58/38 116/60/40 117/799/588 111/800/585
f 111/801/585 117/802/588 115/803/589 109/794/586
f 119/59/39 113/56/37 114/804/587 120/805/590
f 120/806/590 114/807/587 112/186/132 118/185/131
f 116/61/40 122/63/42 123/808/591 117/809/588
f 117/810/588 123/811/591 121/812/592 115/803/589
f 125/62/41 119/59/39 120/813/590 126/814/593
f 126/815/593 120/816/590 118/185/131 124/184/130
f 122/64/42 128/66/44 129/817/594 123/818/591
f 123/819/591 129/820/594 127/821/595 121/812/592
f 131/65/43 125/62/41 126/822/593 132/823/596
f 132/824/596 126/825/593 124/184/130 130/183/129
f 128/67/44 134/70/46 135/826/597 129/827/594
f 129/828/594 135/829/597 133/830/598 127/821/595
f 137/69/45 131/68/43 132/831/596 138/832/599
f 138/833/599 132/834/596 130/183/129 136/182/128
f 134/71/46 140/73/48 141/835/600 135/836/597
f 135/837/597 141/838/600 139/839/601 133/830/598
f 143/72/47 137/69/45 138/840/599 144/841/602
f 144/842/602 138/843/599 136/182/128 142/181/127
f 140/74/48 146/76/50 147/844/603 141/845/600
f 141/846/600 147/847/603 145/848/604 139/839/601
f 149/75/49 143/72/47 144/849/602 150/850/605
f 150/851/605 144/852/602 142/181/127 148/180/126
f 146/77/50 152/79/52 153/853/606 147/854/603
f 147/855/603 153/856/606 151/857/607 145/848/604
f 155/78/51 149/75/49 150/858/605 156/859/608
f 156/860/608 150/861/605 148/180/126 154/179/125
f 152/80/52 158/83/54 159/862/609 153/863/606
f 153/864/606 159/865/609 157/866/610 151/857/607
f 161/82/53 155/81/51 156/867/608 162/868/611
f 162/869/611 156/870/608 154/179/125 160/178/124
f 158/84/54 164/86/56 165/871/612 159/872/609
f 159/873/609 165/874/612 163/875/613 157/866/610
f 167/85/55 161/82/53 162/876/611 168/877/614
f 168/878/614 162/879/611 160/178/124 166/177/123
f 164/87/56 170/89/58 171/880/615 165/881/612
f 165/882/612 171/883/615 169/884/616 163/875/613
f 173/88/57 167/85/55 168/885/614 174/886/617
f 174/887/617 168/888/614 166/177/123 172/176/122
f 170/90/58 176/93/60 177/889/618 171/890/615
f 171/891/615 177/892/618 175/893/619 169/884/616
f 179/92/59 173/91/57 174/894/617 180/895/620
f 180/896/620 174/897/617 172/176/122 178/175/121
f 176/94/60 182/96/62 183/898/621 177/899/618
f 177/900/618 183/901/621 181/902/622 175/893/619
f 185/95/61 179/92/59 180/903/620 186/904/623
f 186/905/623 180/906/620 178/175/121 184/174/120
f 182/97/62 188/99/64 189/907/624 183/908/621
f 183/909/621 189/910/624 187/911/625 181/902/622
f 191/98/63 185/95/61 186/912/623 192/913/626
f 192/914/626 186/915/623 184/174/120 190/173/119
f 188/100/64 194/102/66 195/916/627 189/917/624
f 189/918/624 195/919/627 193/920/628 187/911/625
f 197/101/65 191/98/63 192/921/626 198/922/629
f 198/923/629 192/924/626 190/173/119 196/172/118
f 194/103/66 200/105/68 201/925/630 195/926/627
f 195/927/627 201/928/630 199/929/631 193/920/628
f 203/104/67 197/101/65 198/930/629 204/931/632
f 204/932/632 198/933/629 196/172/118 202/171/117
f 200/106/68 206/108/70 207/934/633 201/935/630
f 201/936/630 207/937/633 205/938/634 199/929/631
f 209/107/69 203/104/67 204/939/632 210/940/635
f 210/941/635 204/942/632 202/171/117 208/170/116
f 206/109/70 212/111/72 213/943/636 207/944/633
f 207/945/633 213/946/636 211/947/637 205/938/634
f 215/110/71 209/107/69 210/948/635 216/949/638
f 216/950/638 210/951/635 208/170/116 214/169/115
f 212/112/72 218/114/74 219/952/639 213/953/636
f 213/954/636 219/955/639 217/956/640 211/947/637
f 221/113/73 215/110/71 216/957/638 222/958/641
f 222/959/641 216/960/638 214/169/115 220/168/114
f 218/115/74 224/117/76 225/961/642 219/962/639
f 219/963/639 225/964/642 223/965/643 217/956/640
f 227/116/75 221/113/73 222/966/641 228/967/644
f 228/968/644 222/969/641 220/168/114 226/167/113
f 224/118/76 230/120/78 231/970/645 225/971/642
f 225/972/642 231/973/645 229/974/646 223/965/643
f 233/119/77 227/116/75 228/975/644 234/976/647
f 234/977/647 228/978/644 226/167/113 232/166/112
f 230/121/78 236/124/80 237/979/648 231/980/645
f 231/981/645 237/982/648 235/983/649 229/974/646
f 239/123/79 233/122/77 234/984/647 240/985/650
f 240/986/650 234/987/647 232/166/112 238/165/111
f 236/125/80 242/127/82 243/988/651 237/989/648
f 237/990/648 243/991/651 241/992/652 235/983/649
f 245/126/81 239/123/79 240/993/650 246/994/653
f 246/995/653 240/996/650 238/165/111 244/164/110
f 242/128/82 248/130/84 249/997/654 243/998/651
f 243/999/651 249/1000/654 247/1001/655 241/992/652
f 251/129/83 245/126/81 246/1002/653 252/1003/656
f 252/1004/656 246/1005/653 244/164/110 250/163/109
f 248/131/84 254/133/86 255/1006/657 249/1007/654
f 249/1008/654 255/1009/657 253/1010/658 247/1001/655
f 257/132/85 251/129/83 252/1011/656 258/1012/659
f 258/1013/659 252/1014/656 250/163/109 256/162/108
f 254/134/86 260/136/88 261/1015/660 255/1016/657
f 255/1017/657 261/1018/660 259/1019/661 253/1010/658
f 263/135/87 257/132/85 258/1020/659 264/1021/662
f 264/1022/662 258/1023/659 256/162/108 262/161/107
f 260/137/88 266/139/90 267/1024/663 261/1025/660
f 261/1026/660 267/1027/663 265/1028/664 259/1019/661
f 269/138/89 263/135/87 264/1029/662 270/1030/665
f 270/1031/665 264/1032/662 262/161/107 268/160/106
f 266/140/90 272/142/92 273/1033/666 267/1034/663
f 267/1035/663 273/1036/666 271/1037/667 265/1028/664
f 275/141/91 269/138/89 270/1038/665 276/1039/668
f 276/1040/668 270/1041/665 268/160/106 274/159/105
f 272/143/92 278/145/94 279/1042/669 273/1043/666
f 273/1044/666 279/1045/669 277/1046/670 271/1037/667
f 281/144/93 275/141/91 276/1047/668 282/1048/671
f 282/1049/671 276/1050/668 274/159/105 280/158/104
f 278/146/94 284/147/1 285/1051/672 279/1052/669
f 279/1053/669 285/1054/672 283/1055/673 277/1046/670
f 287/2/2 281/144/93 282/1056/671 288/1057/674
f 288/1058/674 282/1059/671 280/158/104 286/157/103
f 284/1/1 2/4/4 3/1060/532 285/1061/672
f 285/1062/672 3/1063/532 1/641/534 283/1055/673
f 5/3/3 287/2/2 288/1064/674 6/1065/535
f 6/1066/535 288/1067/674 286/157/103 4/156/102
f 346/492/220 352/495/311 353/1068/696 347/1069/697
f 347/1070/697 353/1071/696 351/216/158 345/215/157
f 355/494/312 349/493/219 350/1072/698 356/1073/699
f 356/1074/699 350/1075/698 348/445/318 354/444/317
f 352/437/311 358/439/221 359/1076/700 353/1077/696
f 353/1078/696 359/1079/700 357/217/159 351/216/158
f 361/280/222 355/438/312 356/1080/699 362/1081/701
f 362/1082/701 356/1083/699 354/444/317 360/491/364
f 358/279/221 364/282/224 365/1084/702 359/1085/700
f 359/1086/700 365/1087/702 363/218/160 357/217/159
f 367/281/223 361/280/222 362/1088/701 368/1089/703
f 368/1090/703 362/1091/701 360/491/364 366/490/363
f 364/283/224 370/286/226 371/1092/704 365/1093/702
f 365/1094/702 371/1095/704 369/219/161 363/218/160
f 373/285/225 367/284/223 368/1096/703 374/1097/705
f 374/1098/705 368/1099/703 366/490/363 372/489/362
f 370/287/226 376/289/228 377/1100/706 371/1101/704
f 371/1102/704 377/1103/706 375/220/162 369/219/161
f 379/288/227 373/285/225 374/1104/705 380/1105/707
f 380/1106/707 374/1107/705 372/489/362 378/488/361
f 376/290/228 382/293/230 383/1108/708 377/1109/706
f 377/1110/706 383/1111/708 381/221/163 375/220/162
f 385/292/229 379/291/227 380/1112/707 386/1113/709
f 386/1114/709 380/1115/707 378/488/361 384/487/360
f 382/294/230 388/296/232 389/1116/710 383/1117/708
f 383/1118/708 389/1119/710 387/222/164 381/221/163
f 391/295/231 385/292/229 386/1120/709 392/1121/711
f 392/1122/711 386/1123/709 384/487/360 390/486/359
f 388/297/232 394/300/234 395/1124/712 389/1125/710
f 389/1126/710 395/1127/712 393/223/165 387/222/164
f 397/299/233 391/298/231 392/1128/711 398/1129/713
f 398/1130/713 392/1131/711 390/486/359 396/485/358
f 394/301/234 400/303/236 401/1132/714 395/1133/712
f 395/1134/712 401/1135/714 399/224/166 393/223/165
f 403/302/235 397/299/233 398/1136/713 404/1137/715
f 404/1138/715 398/1139/713 396/485/358 402/484/357
f 400/304/236 406/307/238 407/1140/716 401/1141/714
f 401/1142/714 407/1143/716 405/225/167 399/224/166
f 409/306/237 403/305/235 404/1144/715 410/1145/717
f 410/1146/717 404/1147/715 402/484/357 408/483/356
f 406/308/238 412/310/240 413/1148/718 407/1149/716
f 407/1150/716 413/1151/718 411/226/168 405/225/167
f 415/309/239 409/306/237 410/1152/717 416/1153/719
f 416/1154/719 410/1155/717 408/483/356 414/482/355
f 412/311/240 418/314/242 419/1156/720 413/1157/718
f 413/1158/718 419/1159/720 417/227/169 411/226/168
f 421/313/241 415/312/239 416/1160/719 422/1161/721
f 422/1162/721 416/1163/719 414/482/355 420/481/354
f 418/315/242 424/317/244 425/1164/722 419/1165/720
f 419/1166/720 425/1167/722 423/228/170 417/227/169
f 427/316/243 421/313/241 422/1168/721 428/1169/723
f 428/1170/723 422/1171/721 420/481/354 426/480/353
f 424/318/244 430/321/246 431/1172/724 425/1173/722
f 425/1174/722 431/1175/724 429/229/171 423/228/170
f 433/320/245 427/319/243 428/1176/723 434/1177/725
f 434/1178/725 428/1179/723 426/480/353 432/479/352
f 430/322/246 436/324/248 437/1180/726 431/1181/724
f 431/1182/724 437/1183/726 435/230/172 429/229/171
f 439/323/247 433/320/245 434/1184/725 440/1185/727
f 440/1186/727 434/1187/725 432/479/352 438/478/351
f 436/325/248 442/328/250 443/1188/728 437/1189/726
f 437/1190/726 443/1191/728 441/231/173 435/230/172
f 445/327/249 439/326/247 440/1192/727 446/1193/729
f 446/1194/729 440/1195/727 438/478/351 444/477/350
f 442/329/250 448/331/252 449/1196/730 443/1197/728
f 443/1198/728 449/1199/730 447/232/174 441/231/173
f 451/330/251 445/327/249 446/1200/729 452/1201/731
f 452/1202/731 446/1203/729 444/477/350 450/476/349
f 448/332/252 454/335/254 455/1204/732 449/1205/730
f 449/1206/730 455/1207/732 453/233/175 447/232/174
f 457/334/253 451/333/251 452/1208/731 458/1209/733
f 458/1210/733 452/1211/731 450/476/349 456/475/348
f 454/336/254 460/338/256 461/1212/734 455/1213/732
f 455/1214/732 461/1215/734 459/234/176 453/233/175
f 463/337/255 457/334/253 458/1216/733 464/1217/735
f 464/1218/735 458/1219/733 456/475/348 462/474/347
f 460/339/256 466/342/258 467/1220/736 461/1221/734
f 461/1222/734 467/1223/736 465/235/177 459/234/176
f 469/341/257 463/340/255 464/1224/735 470/1225/737
f 470/1226/737 464/1227/735 462/474/347 468/473/346
f 466/343/258 472/345/260 473/1228/738 467/1229/736
f 467/1230/736 473/1231/738 471/236/178 465/235/177
f 475/344/259 469/341/257 470/1232/737 476/1233/739
f 476/1234/739 470/1235/737 468/473/346 474/472/345
f 472/346/260 478/348/262 479/1236/740 473/1237/738
f 473/1238/738 479/1239/740 477/237/179 471/236/178
f 481/347/261 475/344/259 476/1240/739 482/1241/741
f 482/1242/741 476/1243/739 474/472/345 480/471/344
f 478/349/262 484/351/264 485/1244/742 479/1245/740
f 479/1246/740 485/1247/742 483/238/180 477/237/179
f 487/350/263 481/347/261 482/1248/741 488/1249/743
f 488/1250/743 482/1251/741 480/471/344 486/470/343
f 484/352/264 490/354/266 491/1252/744 485/1253/742
f 485/1254/742 491/1255/744 489/239/181 483/238/180
f 493/353/265 487/350/263 488/1256/743 494/1257/745
f 494/1258/745 488/1259/743 486/470/343 492/469/342
f 490/355/266 496/357/268 497/1260/746 491/1261/744
f 491/1262/744 497/1263/746 495/240/182 489/239/181
f 499/356/267 493/353/265 494/1264/745 500/1265/747
f 500/1266/747 494/1267/745 492/469/342 498/468/341
f 496/358/268 502/361/270 503/1268/748 497/1269/746
f 497/1270/746 503/1271/748 501/241/183 495/240/182
f 505/360/269 499/359/267 500/1272/747 506/1273/749
f 506/1274/749 500/1275/747 498/468/341 504/467/340
f 502/362/270 508/365/272 509/1276/750 503/1277/748
f 503/1278/748 509/1279/750 507/242/184 501/241/183
f 511/364/271 505/363/269 506/1280/749 512/1281/751
f 512/1282/751 506/1283/749 504/467/340 510/466/339
f 508/366/272 514/369/274 515/1284/752 509/1285/750
f 509/1286/750 515/1287/752 513/243/185 507/242/184
f 517/368/273 511/367/271 512/1288/751 518/1289/753
f 518/1290/753 512/1291/751 510/466/339 516/465/338
f 514/370/274 520/373/276 521/1292/754 515/1293/752
f 515/1294/752 521/1295/754 519/244/186 513/243/185
f 523/372/275 517/371/273 518/1296/753 524/1297/755
f 524/1298/755 518/1299/753 516/465/338 522/464/337
f 520/374/276 526/377/278 527/1300/756 521/1301/754
f 521/1302/754 527/1303/756 525/245/187 519/244/186
f 529/376/277 523/375/275 524/1304/755 530/1305/757
f 530/1306/757 524/1307/755 522/464/337 528/463/336
f 526/378/278 532/381/280 533/1308/758 527/1309/756
f 527/1310/756 533/1311/758 531/246/188 525/245/187
f 535/380/279 529/379/277 530/1312/757 536/1313/759
f 536/1314/759 530/1315/757 528/463/336 534/462/335
f 532/382/280 538/385/282 539/1316/760 533/1317/758
f 533/1318/758 539/1319/760 537/247/189 531/246/188
f 541/384/281 535/383/279 536/1320/759 542/1321/761
f 542/1322/761 536/1323/759 534/462/335 540/461/334
f 538/386/282 544/389/284 545/1324/762 539/1325/760
f 539/1326/760 545/1327/762 543/248/190 537/247/189
f 547/388/283 541/387/281 542/1328/761 548/1329/763
f 548/1330/763 542/1331/761 540/461/334 546/460/333
f 544/390/284 550/393/286 551/1332/764 545/1333/762
f 545/1334/762 551/1335/764 549/249/191 543/248/190
f 553/392/285 547/391/283 548/1336/763 554/1337/765
f 554/1338/765 548/1339/763 546/460/333 552/459/332
f 550/394/286 556/397/288 557/1340/766 551/1341/764
f 551/1342/764 557/1343/766 555/250/192 549/249/191
f 559/396/287 553/395/285 554/1344/765 560/1345/767
f 560/1346/767 554/1347/765 552/459/332 558/458/331
f 556/398/288 562/401/290 563/1348/768 557/1349/766
f 557/1350/766 563/1351/768 561/251/193 555/250/192
f 565/400/289 559/399/287 560/1352/767 566/1353/769
f 566/1354/769 560/1355/767 558/458/331 564/457/330
f 562/402/290 568/404/292 569/1356/770 563/1357/768
f 563/1358/768 569/1359/770 567/252/194 561/251/193
f 571/403/291 565/400/289 566/1360/769 572/1361/771
f 572/1362/771 566/1363/769 564/457/330 570/456/329
f 568/405/292 574/407/294 575/1364/772 569/1365/770
f 569/1366/770 575/1367/772 573/253/195 567/252/194
f 577/406/293 571/403/291 572/1368/771 578/1369/773
f 578/1370/773 572/1371/771 570/456/329 576/455/328
f 574/408/294 580/410/296 581/1372/774 575/1373/772
f 575/1374/772 581/1375/774 579/254/196 573/253/195
f 583/409/295 577/406/293 578/1376/773 584/1377/775
f 584/1378/775 578/1379/773 576/455/328 582/454/327
f 580/411/296 586/414/298 587/1380/776 581/1381/774
f 581/1382/774 587/1383/776 585/255/197 579/254/196
f 589/413/297 583/412/295 584/1384/775 590/1385/777
f 590/1386/777 584/1387/775 582/454/327 588/453/326
f 586/415/298 592/417/300 593/1388/778 587/1389/776
f 587/1390/776 593/1391/778 591/256/198 585/255/197
f 595/416/299 589/413/297 590/1392/777 596/1393/779
f 596/1394/779 590/1395/777 588/453/326 594/452/325
f 592/418/300 598/420/302 599/1396/780 593/1397/778
f 593/1398/778 599/1399/780 597/257/199 591/256/198
f 601/419/301 595/416/299 596/1400/779 602/1401/781
f 602/1402/781 596/1403/779 594/452/325 600/451/324
f 598/421/302 604/423/304 605/1404/782 599/1405/780
f 599/1406/780 605/1407/782 603/258/200 597/257/199
f 607/422/303 601/419/301 602/1408/781 608/1409/783
f 608/1410/783 602/1411/781 600/451/324 606/450/323
f 604/424/304 610/427/306 611/1412/784 605/1413/782
f 605/1414/782 611/1415/784 609/259/201 603/258/200
f 613/426/305 607/425/303 608/1416/783 614/1417/785
f 614/1418/785 608/1419/783 606/450/323 612/449/322
f 610/428/306 616/431/308 617/1420/786 611/1421/784
f 611/1422/784 617/1423/786 615/260/202 609/259/201
f 619/430/307 613/429/305 614/1424/785 620/1425/787
f 620/1426/787 614/1427/785 612/449/322 618/448/321
f 616/432/308 622/434/310 623/1428/788 617/1429/786
f 617/1430/786 623/1431/788 621/261/203 615/260/202
f 625/433/309 619/430/307 620/1432/787 626/1433/789
f 626/1434/789 620/1435/787 618/448/321 624/447/320
f 622/435/310 628/436/217 629/1436/790 623/1437/788
f 623/1438/788 629/1439/790 627/262/204 621/261/203
f 631/276/218 625/433/309 626/1440/789 632/1441/791
f 632/1442/791 626/1443/789 624/447/320 630/446/319
f 628/275/217 346/278/220 347/1444/697 629/1445/790
f 629/1446/790 347/1447/697 345/215/157 627/262/204
f 349/277/219 631/276/218 632/1448/791 350/1449/698
f 350/1450/698 632/1451/791 630/446/319 348/445/318
f 1/641/534 7/640/533 13/650/538 19/659/541 25/668/544 31/677/547 37/686/550 43/695/553 49/704/556 55/713/559 61/722/562 67/731/565 73/740/568 79/749/571 85/758/574 91/767/577 97/776/580 103/785/583 109/794/586 115/803/589 121/812/592 127/821/595 133/830/598 139/839/601 145/848/604 151/857/607 157/866/610 163/875/613 169/884/616 175/893/619 181/902/622 187/911/625 193/920/628 199/929/631 205/938/634 211/947/637 217/956/640 223/965/643 229/974/646 235/983/649 241/992/652 247/1001/655 253/1010/658 259/1019/661 265/1028/664 271/1037/667 277/1046/670 283/1055/673
s 0
usemtl Payload_teal
f 303/151/97 331/152/98 317/153/99 289/154/100
f 319/207/149 325/208/150 296/209/151 290/210/152
f 333/211/153 339/212/154 326/213/155 318/214/156
f 338/263/205 310/264/206 297/265/207 324/266/208
f 291/267/209 298/268/210 312/269/211 304/270/212
f 305/271/213 311/272/214 340/273/215 332/274/216
f 289/154/100 292/516/385 293/517/386 295/518/387
f 290/210/152 294/519/388 293/520/389 292/521/390
f 291/267/209 295/522/387 293/523/391 294/524/392
f 296/209/393 299/525/394 300/526/395 302/527/396
f 297/265/397 301/528/398 300/529/399 299/530/400
f 298/268/210 302/531/401 300/532/402 301/533/403
f 303/151/404 306/534/405 307/535/406 309/536/407
f 304/270/408 308/537/409 307/538/410 306/539/411
f 305/271/213 309/540/412 307/541/413 308/537/414
f 310/264/415 313/542/416 314/543/417 316/544/418
f 311/272/419 315/545/420 314/546/421 313/547/416
f 312/269/422 316/548/423 314/549/417 315/545/424
f 317/153/425 320/550/426 321/551/427 323/552/428
f 318/214/156 322/553/429 321/551/430 320/554/431
f 319/207/432 323/555/433 321/551/434 322/556/435
f 324/266/208 327/557/436 328/558/437 330/559/438
f 325/208/150 329/560/439 328/558/440 327/561/441
f 326/213/155 330/562/438 328/558/442 329/560/443
f 331/152/98 334/563/444 335/564/445 337/565/446
f 332/274/447 336/566/448 335/564/449 334/567/444
f 333/211/153 337/565/450 335/564/449 336/566/451
f 338/263/205 341/568/452 342/569/453 344/570/454
f 339/212/455 343/571/456 342/569/457 341/568/452
f 340/273/215 344/572/454 342/569/453 343/571/458
f 303/151/97 289/154/100 295/518/387 306/534/411
f 306/539/411 295/522/387 291/267/209 304/270/212
f 290/210/152 296/209/151 302/527/396 294/519/392
f 294/524/675 302/531/676 298/268/677 291/267/678
f 297/265/679 310/264/415 316/544/418 301/528/403
f 301/533/680 316/548/681 312/269/211 298/268/210
f 311/272/214 305/271/213 308/537/682 315/545/683
f 315/545/424 308/537/414 304/270/408 312/269/684
f 331/152/98 303/151/97 309/536/412 334/563/444
f 334/567/444 309/540/407 305/271/213 332/274/447
f 310/264/415 338/263/205 344/570/454 313/542/416
f 313/547/416 344/572/685 340/273/215 311/272/419
f 339/212/455 333/211/686 336/566/687 343/571/458
f 343/571/688 336/566/451 332/274/216 340/273/215
f 317/153/425 331/152/98 337/565/446 320/554/431
f 320/554/431 337/565/450 333/211/153 318/214/156
f 338/263/205 324/266/208 330/562/689 341/568/690
f 341/568/452 330/562/438 326/213/691 339/212/692
f 325/208/150 319/207/149 322/553/435 329/560/443
f 329/560/693 322/553/694 318/214/695 326/213/155
f 289/154/100 317/153/425 323/552/428 292/516/390
f 292/521/385 323/555/428 319/207/432 290/210/152
f 324/266/208 297/265/679 299/530/400 327/557/441
f 327/561/436 299/525/400 296/209/393 325/208/150
usemtl Brushed_aluminum
f 647/440/313 675/441/314 661/442/315 633/443/316
f 663/496/365 669/497/366 640/498/367 634/499/368
f 677/500/369 683/501/370 670/502/371 662/503/372
f 682/504/373 654/505/374 641/506/375 668/507/376
f 635/508/377 642/509/378 656/510/379 648/511/380
f 649/512/381 655/513/382 684/514/383 676/515/384
f 633/443/316 636/573/459 637/574/460 639/575/461
f 634/499/368 638/576/462 637/577/460 636/578/463
f 635/508/464 639/579/465 637/580/466 638/581/462
f 640/498/467 643/582/468 644/583/469 646/584/470
f 641/506/375 645/585/471 644/586/472 643/587/468
f 642/509/473 646/588/474 644/589/475 645/590/471
f 647/440/313 650/591/476 651/592/477 653/593/478
f 648/511/380 652/594/479 651/595/480 650/596/481
f 649/512/482 653/597/483 651/598/484 652/599/485
f 654/505/374 657/600/486 658/601/487 660/602/488
f 655/513/489 659/603/490 658/604/491 657/605/486
f 656/510/492 660/606/493 658/607/494 659/608/495
f 661/442/315 664/609/496 665/610/497 667/611/498
f 662/503/499 666/612/500 665/610/501 664/613/502
f 663/496/503 667/614/498 665/610/504 666/615/505
f 668/507/376 671/616/506 672/617/507 674/618/508
f 669/497/366 673/619/509 672/617/510 671/620/511
f 670/502/512 674/621/513 672/617/514 673/622/515
f 675/441/314 678/623/516 679/624/517 681/625/518
f 676/515/384 680/626/519 679/624/520 678/627/516
f 677/500/521 681/628/518 679/624/520 680/629/522
f 682/504/373 685/630/523 686/631/524 688/632/525
f 683/501/370 687/633/526 686/631/527 685/630/528
f 684/514/383 688/634/529 686/631/530 687/635/526
f 647/440/313 633/443/316 639/575/465 650/591/481
f 650/596/476 639/579/792 635/508/464 648/511/793
f 634/499/368 640/498/367 646/584/470 638/576/794
f 638/581/462 646/588/795 642/509/473 635/508/377
f 641/506/375 654/505/374 660/602/796 645/585/797
f 645/590/797 660/606/796 656/510/492 642/509/473
f 655/513/489 649/512/482 652/1452/485 659/1453/495
f 659/1453/798 652/1452/799 648/511/793 656/510/379
f 675/441/314 647/440/313 653/593/483 678/623/516
f 678/627/800 653/597/483 649/512/381 676/515/384
f 654/505/374 682/504/373 688/632/529 657/600/486
f 657/605/486 688/634/529 684/514/383 655/513/382
f 683/501/801 677/500/369 680/1454/519 687/1455/802
f 687/1455/803 680/1454/522 676/515/804 684/514/805
f 661/442/315 675/441/314 681/628/806 664/609/807
f 664/609/807 681/628/806 677/500/521 662/503/499
f 682/504/373 668/507/376 674/621/513 685/630/808
f 685/630/523 674/621/809 670/502/512 683/501/801
f 669/497/810 663/496/503 666/1456/505 673/1457/515
f 673/1457/509 666/1456/811 662/503/372 670/502/371
f 633/443/812 661/442/813 667/611/814 636/573/815
f 636/578/459 667/614/816 663/496/365 634/499/368
f 668/507/376 641/506/375 643/587/468 671/616/511
f 671/620/511 643/582/468 640/498/367 669/497/366
